        Time       Press        Temp          Rh         Alt       Speed         Dir        Batt       PTemp         Dew          SH          MR          Et       Ozone      O3Curr      O3Temp         AD1         AD2         AD3         AD4         AD5         AD6
2025-11-04 23:26:57      871.08       20.60       26.40     1312.00        2.70      335.00        8.60       32.40        0.70        0.82        4.63        1.00        0.00        0.00        0.00        0.00        0.00        0.02        0.00        0.00        0.01
2025-11-04 23:26:59      871.03       21.30       26.40     1312.00        2.10      352.00        8.60       33.10        1.20        0.83        4.81        3.00        0.00        0.00        0.00        0.00        0.00        0.02        0.01        0.00        0.01
2025-11-04 23:27:00      871.13       21.50       26.40     1311.00        1.70      353.00        8.60       33.30        1.40        0.83        4.88        4.00        0.00        0.00        0.00        0.00        0.00        0.02        0.00        0.00        0.01
2025-11-04 23:27:01      871.02       21.60       26.40     1312.00        1.60      357.00        8.50       33.50        1.60        0.83        4.93        5.00        0.00        0.00        0.00        0.00        0.00        0.02        0.00        0.00        0.01
2025-11-04 23:27:06      870.97       21.00       25.50     1313.00        2.90      357.00        8.50       32.80        0.60        0.82        4.58       10.00        0.00        0.00        0.00        0.00        0.00        0.02        0.00        0.00        0.01
2025-11-04 23:27:07      871.30       19.40       25.70     1310.00        3.10      359.00        8.50       31.10       -0.80        0.80        4.12       11.00        0.00        0.00        0.00        0.00        0.00        0.02        0.00        0.00        0.01
2025-11-04 23:27:08      870.97       19.40       25.80     1313.00        3.20      354.00        8.50       31.20       -0.60        0.81        4.16       12.00        0.00        0.00        0.00        0.00        0.00        0.02        0.00        0.00        0.01
2025-11-04 23:27:09      870.99       18.80       25.40     1313.00        3.20      353.00        8.50       30.60       -1.30        0.80        3.93       13.00        0.00        0.00        0.00        0.00        0.00        0.02        0.00        0.00        0.01
2025-11-04 23:27:10      871.22       18.80       25.80     1310.00        2.90      350.00        8.50       30.50       -1.20        0.80        3.97       14.00        0.00        0.00        0.00        0.00        0.00        0.02        0.00        0.00        0.01
2025-11-04 23:27:11      871.02       18.60       25.50     1312.00        2.80      333.00        8.50       30.40       -1.50        0.80        3.89       15.00        0.00        0.00        0.00        0.00        0.00        0.02        0.01        0.00        0.01
2025-11-04 23:27:13      870.96       18.90       26.10     1313.00        3.50      345.00        8.50       30.70       -0.90        0.80        4.08       17.00        0.00        0.00        0.00        0.00        0.00        0.02        0.00        0.00        0.01
2025-11-04 23:27:16      871.06       19.70       26.50     1312.00        3.30      356.00        8.50       31.50        0.00        0.81        4.40       20.00        0.00        0.00        0.00        0.00        0.00        0.02        0.00        0.00        0.01
2025-11-04 23:27:17      871.05       18.90       26.10     1312.00        3.80      348.00        8.50       30.60       -1.00        0.80        4.06       21.00        0.00        0.00        0.00        0.00        0.00        0.02        0.00        0.00        0.01
2025-11-04 23:27:18      870.90       18.40       25.90     1313.00        4.80      325.00        8.50       30.10       -1.40        0.80        3.90       22.00        0.00        0.00        0.00        0.00        0.00        0.02        0.00        0.00        0.01
2025-11-04 23:27:19      870.94       19.40       26.70     1313.00        4.60      348.00        8.50       31.20       -0.20        0.81        4.33       23.00        0.00        0.00        0.00        0.00        0.00        0.02        0.00        0.00        0.01
2025-11-04 23:27:21      871.10       20.40       26.80     1311.00        3.50      343.00        8.50       32.20        0.70        0.82        4.64       25.00        0.00        0.00        0.00        0.00        0.00        0.02        0.00        0.00        0.01
2025-11-04 23:27:23      870.94       19.40       26.30     1313.00        4.40        3.00        8.50       31.20       -0.40        0.81        4.25       27.00        0.00        0.00        0.00        0.00        0.00        0.02        0.00        0.00        0.01
2025-11-04 23:27:25      871.02       19.00       26.20     1312.00        5.90      345.00        8.50       30.70       -0.80        0.80        4.11       29.00        0.00        0.00        0.00        0.00        0.00        0.02        0.00        0.00        0.01
2025-11-04 23:27:26      871.05       18.90       26.30     1312.00        5.10       16.00        8.50       30.60       -0.80        0.80        4.10       30.00        0.00        0.00        0.00        0.00        0.00        0.02        0.00        0.00        0.01
2025-11-04 23:27:27      870.92       19.60       26.90     1313.00        4.70      355.00        8.50       31.40        0.10        0.82        4.43       31.00        0.00        0.00        0.00        0.00        0.00        0.02        0.00        0.00        0.01
2025-11-04 23:27:28      870.97       18.40       26.00     1313.00        4.90      360.00        8.50       30.10       -1.40        0.80        3.91       32.00        0.00        0.00        0.00        0.00        0.00        0.02        0.00        0.00        0.01
2025-11-04 23:27:29      870.88       18.50       26.60     1314.00        5.70      356.00        8.50       30.30       -1.00        0.80        4.04       33.00        0.00        0.00        0.00        0.00        0.00        0.02        0.00        0.00        0.01
2025-11-04 23:27:30      870.94       19.30       27.10     1313.00        5.10      351.00        8.50       31.10       -0.10        0.81        4.37       34.00        0.00        0.00        0.00        0.00        0.00        0.02        0.00        0.00        0.01
2025-11-04 23:27:31      870.87       18.10       26.30     1314.00        4.70      340.00        8.50       29.90       -1.50        0.80        3.88       35.00        0.00        0.00        0.00        0.00        0.00        0.02        0.00        0.00        0.01
2025-11-04 23:27:33      871.03       19.00       27.00     1312.00        4.20      340.00        8.50       30.70       -0.40        0.81        4.25       37.00        0.00        0.00        0.00        0.00        0.00        0.02        0.00        0.00        0.01
2025-11-04 23:27:34      870.82       19.80       27.30     1314.00        3.90      347.00        8.50       31.60        0.40        0.82        4.53       38.00        0.00        0.00        0.00        0.00        0.00        0.02        0.00        0.00        0.01
2025-11-04 23:27:35      870.80       18.40       26.50     1314.00        4.90      347.00        8.50       30.10       -1.20        0.80        3.99       39.00        0.00        0.00        0.00        0.00        0.00        0.02        0.00        0.00        0.01
2025-11-04 23:27:36      870.87       19.50       27.30     1314.00        5.70      336.00        8.50       31.30        0.20        0.82        4.47       40.00        0.00        0.00        0.00        0.00        0.00        0.02        0.00        0.00        0.01
2025-11-04 23:27:37      871.02       18.70       26.90     1312.00        5.10      354.00        8.50       30.40       -0.70        0.81        4.15       41.00        0.00        0.00        0.00        0.00        0.00        0.02        0.00        0.00        0.01
2025-11-04 23:27:38      871.21       19.80       27.30     1310.00        5.00      354.00        8.50       31.60        0.50        0.82        4.55       42.00        0.00        0.00        0.00        0.00        0.00        0.02        0.00        0.00        0.01
2025-11-04 23:27:39      871.06       20.20       27.30     1312.00        4.30      355.00        8.50       32.00        0.80        0.82        4.66       43.00        0.00        0.00        0.00        0.00        0.00        0.02        0.00        0.00        0.01
2025-11-04 23:27:41      871.09       20.40       27.20     1312.00        3.30      345.00        8.50       32.20        0.90        0.82        4.71       45.00        0.00        0.00        0.00        0.00        0.00        0.02        0.00        0.00        0.01
2025-11-04 23:27:43      870.94       19.60       26.80     1313.00        3.30      342.00        8.50       31.40        0.00        0.81        4.40       47.00        0.00        0.00        0.00        0.00        0.00        0.02        0.00        0.00        0.01
2025-11-04 23:27:44      871.14       18.70       26.10     1311.00        3.80      333.00        8.50       30.50       -1.10        0.80        4.02       48.00        0.00        0.00        0.00        0.00        0.00        0.02        0.00        0.00        0.01
2025-11-04 23:27:46      870.99       19.10       26.50     1313.00        4.30      333.00        8.50       30.90       -0.50        0.81        4.21       50.00        0.00        0.00        0.00        0.00        0.00        0.02        0.00        0.00        0.01
2025-11-04 23:27:47      871.11       19.70       26.50     1311.00        3.60      329.00        8.50       31.50        0.00        0.81        4.40       51.00        0.00        0.00        0.00        0.00        0.00        0.02        0.00        0.00        0.01
2025-11-04 23:27:48      870.83       19.80       26.70     1314.00        3.80      350.00        8.50       31.60        0.10        0.82        4.44       52.00        0.00        0.00        0.00        0.00        0.00        0.02        0.00        0.00        0.01
2025-11-04 23:27:49      870.85       19.60       26.80     1314.00        3.90      353.00        8.50       31.40        0.00        0.81        4.40       53.00        0.00        0.00        0.00        0.00        0.00        0.02        0.00        0.00        0.01
2025-11-04 23:27:50      871.04       19.00       26.40     1312.00        4.50      355.00        8.50       30.70       -0.70        0.81        4.14       54.00        0.00        0.00        0.00        0.00        0.00        0.02        0.00        0.00        0.01
2025-11-04 23:27:51      870.94       19.10       26.60     1313.00        4.70      358.00        8.50       30.80       -0.50        0.81        4.20       55.00        0.00        0.00        0.00        0.00        0.00        0.02        0.00        0.00        0.01
2025-11-04 23:27:52      871.13       19.70       26.90     1311.00        4.40      347.00        8.50       31.50        0.20        0.82        4.45       56.00        0.00        0.00        0.00        0.00        0.00        0.02        0.00        0.00        0.01
2025-11-04 23:27:53      871.02       19.50       26.70     1312.00        3.70      334.00        8.50       31.30       -0.10        0.81        4.36       57.00        0.00        0.00        0.00        0.00        0.00        0.02        0.00        0.00        0.01
2025-11-04 23:27:55      870.85       19.10       26.40     1314.00        3.20      336.00        8.50       30.90       -0.60        0.81        4.20       59.00        0.00        0.00        0.00        0.00        0.00        0.02        0.00        0.00        0.01
2025-11-04 23:27:56      870.85       19.00       26.60     1314.00        2.60      343.00        8.50       30.80       -0.60        0.81        4.18       59.90        0.00        0.00        0.00        0.00        0.00        0.02        0.00        0.00        0.01
2025-11-04 23:27:57      870.84       19.00       26.40     1314.00        2.60      340.00        8.50       30.80       -0.60        0.81        4.17       60.90        0.00        0.00        0.00        0.00        0.00        0.02        0.00        0.00        0.01
2025-11-04 23:28:03      870.95       19.40       26.90     1313.00        4.20      324.00        8.50       31.10       -0.10        0.81        4.35       66.90        0.00        0.00        0.00        0.00        0.00        0.02        0.00        0.00        0.01
2025-11-04 23:28:05      870.96       18.90       26.90     1313.00        3.40      318.00        8.50       30.60       -0.50        0.81        4.21       68.90        0.00        0.00        0.00        0.00        0.00        0.02        0.00        0.00        0.01
2025-11-04 23:28:08      870.86       18.90       27.00     1314.00        3.10      326.00        8.50       30.70       -0.40        0.81        4.24       72.00        0.00        0.00        0.00        0.00        0.00        0.02        0.00        0.00        0.01
2025-11-04 23:28:10      870.92       19.50       27.40     1313.00        3.20      321.00        8.50       31.30        0.20        0.82        4.47       73.90        0.00        0.00        0.00        0.00        0.00        0.02        0.00        0.00        0.01
2025-11-04 23:28:11      871.23       19.30       27.30     1310.00        3.40      342.00        8.50       31.00       -0.00        0.81        4.39       74.90        0.00        0.00        0.00        0.00        0.00        0.02        0.00        0.00        0.01
2025-11-04 23:28:12      871.21       19.40       27.20     1310.00        2.70      341.00        8.50       31.20        0.10        0.82        4.41       75.90        0.00        0.00        0.00        0.00        0.00        0.02        0.00        0.00        0.01
2025-11-04 23:28:14      871.14       18.90       27.10     1311.00        3.30      332.00        8.50       30.60       -0.40        0.81        4.25       77.90        0.00        0.00        0.00        0.00        0.00        0.02        0.00        0.00        0.01
2025-11-04 23:28:15      871.33       19.40       27.30     1309.00        3.20      323.00        8.50       31.20        0.20        0.82        4.44       78.90        0.00        0.00        0.00        0.00        0.00        0.02        0.00        0.00        0.01
2025-11-04 23:28:17      871.42       19.30       27.50     1308.00        2.60      329.00        8.50       31.00        0.10        0.82        4.43       80.90        0.00        0.00        0.00        0.00        0.00        0.02        0.00        0.00        0.01
2025-11-04 23:28:18      871.16       19.60       27.40     1311.00        2.10      333.00        8.50       31.30        0.30        0.82        4.50       81.90        0.00        0.00        0.00        0.00        0.00        0.02        0.00        0.00        0.01
2025-11-04 23:28:19      870.92       19.80       27.80     1313.00        2.40      344.00        8.50       31.60        0.70        0.82        4.64       82.90        0.00        0.00        0.00        0.00        0.00        0.02        0.00        0.00        0.01
2025-11-04 23:28:21      871.11       20.10       27.50     1311.00        2.10      342.00        8.50       31.80        0.80        0.82        4.66       84.90        0.00        0.00        0.00        0.00        0.00        0.02        0.00        0.00        0.01
2025-11-04 23:28:22      870.92       19.30       27.10     1313.00        2.20      335.00        8.50       31.10       -0.00        0.81        4.38       85.90        0.00        0.00        0.00        0.00        0.00        0.02        0.00        0.00        0.01
2025-11-04 23:28:23      871.26       20.00       27.50     1310.00        2.10      337.00        8.50       31.80        0.70        0.82        4.63       86.90        0.00        0.00        0.00        0.00        0.00        0.02        0.00        0.00        0.01
2025-11-04 23:28:24      870.94       19.30       27.10     1313.00        2.10      341.00        8.50       31.10       -0.10        0.81        4.36       87.90        0.00        0.00        0.00        0.00        0.00        0.02        0.00        0.00        0.01
2025-11-04 23:28:25      871.07       18.60       26.70     1312.00        2.10      328.00        8.50       30.30       -0.90        0.80        4.09       88.90        0.00        0.00        0.00        0.00        0.00        0.02        0.00        0.00        0.01
2025-11-04 23:28:26      871.06       18.10       26.70     1312.00        2.60      326.00        8.50       29.80       -1.30        0.80        3.95       90.10        0.00        0.00        0.00        0.00        0.00        0.02        0.00        0.00        0.01
2025-11-04 23:28:28      871.14       18.40       26.90     1311.00        2.50      345.00        8.50       30.10       -0.90        0.80        4.06       91.90        0.00        0.00        0.00        0.00        0.00        0.02        0.00        0.00        0.01
2025-11-04 23:28:29      871.09       18.90       27.40     1312.00        2.50      336.00        8.50       30.60       -0.30        0.81        4.29       92.90        0.00        0.00        0.00        0.00        0.00        0.02        0.00        0.00        0.01
2025-11-04 23:28:30      871.12       18.80       27.50     1311.00        2.20      340.00        8.50       30.60       -0.30        0.81        4.29       93.90        0.00        0.00        0.00        0.00        0.00        0.02        0.00        0.00        0.01
2025-11-04 23:28:33      871.10       18.60       27.80     1311.00        2.50      322.00        8.50       30.30       -0.40        0.81        4.27       96.90        0.00        0.00        0.00        0.00        0.00        0.02        0.00        0.00        0.01
2025-11-04 23:28:35      871.10       19.50       28.30     1311.00        2.60      348.00        8.50       31.20        0.60        0.82        4.60       98.90        0.00        0.00        0.00        0.00        0.00        0.02        0.00        0.00        0.01
2025-11-04 23:28:37      871.18       19.50       28.40     1311.00        2.30      356.00        8.50       31.30        0.70        0.82        4.64      100.90        0.00        0.00        0.00        0.00        0.00        0.02        0.00        0.00        0.01
2025-11-04 23:28:39      871.08       19.80       28.40     1312.00        2.50        3.00        8.50       31.60        1.00        0.83        4.72      102.90        0.00        0.00        0.00        0.00        0.00        0.02        0.00        0.00        0.01
2025-11-04 23:28:43      871.02       18.60       28.20     1312.00        2.90      354.00        8.50       30.40       -0.10        0.81        4.35      106.90        0.00        0.00        0.00        0.00        0.00        0.02        0.00        0.00        0.01
2025-11-04 23:28:44      871.23       18.90       28.30     1310.00        3.50      343.00        8.50       30.60        0.20        0.82        4.46      107.90        0.00        0.00        0.00        0.00        0.00        0.02        0.00        0.00        0.01
2025-11-04 23:28:46      871.23       18.40       28.00     1310.00        3.50        3.00        8.50       30.10       -0.40        0.81        4.26      109.90        0.00        0.00        0.00        0.00        0.00        0.02        0.00        0.00        0.01
2025-11-04 23:28:47      870.72       18.00       27.70     1315.00        3.30      354.00        8.50       29.70       -0.90        0.80        4.08      110.90        0.00        0.00        0.00        0.00        0.00        0.02        0.00        0.00        0.01
2025-11-04 23:28:49      871.16       19.00       29.00     1311.00        3.10        1.00        8.50       30.80        0.60        0.82        4.59      112.90        0.00        0.00        0.00        0.00        0.00        0.02        0.00        0.00        0.01
2025-11-04 23:28:50      871.18       18.50       28.70     1311.00        3.20      343.00        8.50       30.20        0.00        0.81        4.40      113.90        0.00        0.00        0.00        0.00        0.00        0.02        0.00        0.00        0.01
2025-11-04 23:28:51      870.92       18.40       28.30     1313.00        3.20      350.00        8.50       30.10       -0.20        0.81        4.30      114.90        0.00        0.00        0.00        0.00        0.00        0.02        0.00        0.00        0.01
2025-11-04 23:28:52      871.12       18.30       28.40     1311.00        3.30      357.00        8.50       30.00       -0.30        0.81        4.28      115.90        0.00        0.00        0.00        0.00        0.00        0.02        0.00        0.00        0.01
2025-11-04 23:28:53      871.30       18.30       28.70     1309.00        3.10       14.00        8.50       30.00       -0.10        0.81        4.34      116.90        0.00        0.00        0.00        0.00        0.00        0.02        0.00        0.00        0.01
2025-11-04 23:28:54      871.15       19.00       29.40     1311.00        3.00       16.00        8.50       30.70        0.80        0.82        4.65      117.90        0.00        0.00        0.00        0.00        0.00        0.02        0.00        0.00        0.01
2025-11-04 23:28:56      871.03       18.60       28.90     1312.00        2.60      359.00        8.50       30.40        0.20        0.82        4.47      119.90        0.00        0.00        0.00        0.00        0.00        0.02        0.00        0.00        0.01
2025-11-04 23:28:57      871.14       18.60       28.80     1311.00        2.50      353.00        8.50       30.30        0.20        0.82        4.45      120.90        0.00        0.00        0.00        0.00        0.00        0.02        0.00        0.00        0.01
2025-11-04 23:28:58      871.33       18.90       29.40     1309.00        2.50      352.00        8.50       30.70        0.70        0.82        4.63      121.90        0.00        0.00        0.00        0.00        0.00        0.02        0.00        0.00        0.01
2025-11-04 23:28:59      871.22       19.40       29.50     1310.00        2.60      351.00        8.50       31.10        1.20        0.83        4.78      122.90        0.00        0.00        0.00        0.00        0.00        0.02        0.00        0.00        0.01
2025-11-04 23:29:00      871.28       19.50       29.50     1310.00        2.40      352.00        8.50       31.20        1.30        0.83        4.81      123.90        0.00        0.00        0.00        0.00        0.00        0.01        0.00        0.00        0.01
2025-11-04 23:29:01      870.95       19.30       29.50     1313.00        2.40        4.00        8.50       31.10        1.10        0.83        4.76      124.90        0.00        0.00        0.00        0.00        0.00        0.02        0.00        0.00        0.01
2025-11-04 23:29:02      871.23       19.60       29.90     1310.00        2.40       11.00        8.50       31.40        1.60        0.83        4.93      125.90        0.00        0.00        0.00        0.00        0.00        0.01        0.00        0.00        0.01
2025-11-04 23:29:04      871.23       19.70       29.30     1310.00        2.10        8.00        8.50       31.50        1.40        0.83        4.85      127.90        0.00        0.00        0.00        0.00        0.00        0.01        0.00        0.00        0.01
2025-11-04 23:29:06      871.01       19.50       28.90     1312.00        2.10      354.00        8.50       31.30        1.00        0.83        4.73      129.90        0.00        0.00        0.00        0.00        0.00        0.01        0.00        0.00        0.01
2025-11-04 23:29:07      871.08       19.70       29.10     1312.00        1.90      349.00        8.50       31.50        1.20        0.83        4.81      130.90        0.00        0.00        0.00        0.00        0.00        0.01        0.00        0.00        0.01
2025-11-04 23:29:08      871.24       19.80       29.00     1310.00        1.90      358.00        8.50       31.50        1.30        0.83        4.83      131.90        0.00        0.00        0.00        0.00        0.00        0.01        0.00        0.00        0.01
2025-11-04 23:29:09      871.13       19.70       29.00     1311.00        2.30      345.00        8.50       31.40        1.20        0.83        4.78      132.90        0.00        0.00        0.00        0.00        0.00        0.01        0.00        0.00        0.01
2025-11-04 23:29:10      870.85       19.80       29.00     1314.00        2.60      349.00        8.50       31.60        1.30        0.83        4.82      133.90        0.00        0.00        0.00        0.00        0.00        0.01        0.00        0.00        0.01
2025-11-04 23:29:11      871.28       19.80       29.00     1310.00        2.60      344.00        8.50       31.50        1.30        0.83        4.82      134.90        0.00        0.00        0.00        0.00        0.00        0.01        0.00        0.00        0.01
2025-11-04 23:29:12      871.09       19.70       28.70     1312.00        2.40      354.00        8.50       31.50        1.00        0.83        4.74      135.90        0.00        0.00        0.00        0.00        0.00        0.01        0.00        0.00        0.01
2025-11-04 23:29:13      870.92       19.50       28.60     1313.00        2.60        3.00        8.50       31.30        0.80        0.82        4.67      136.90        0.00        0.00        0.00        0.00        0.00        0.01        0.00        0.00        0.01
2025-11-04 23:29:15      870.94       19.10       28.50     1313.00        2.00      359.00        8.50       30.90        0.50        0.82        4.55      138.90        0.00        0.00        0.00        0.00        0.00        0.01        0.00        0.00        0.01
2025-11-04 23:29:16      870.89       19.50       28.80     1314.00        2.20      356.00        8.50       31.30        0.90        0.82        4.70      139.90        0.00        0.00        0.00        0.00        0.00        0.01        0.00        0.00        0.01
2025-11-04 23:29:17      870.80       19.80       29.40     1314.00        2.20      348.00        8.50       31.70        1.50        0.83        4.91      140.90        0.00        0.00        0.00        0.00        0.00        0.01        0.00        0.00        0.01
2025-11-04 23:29:18      870.95       19.20       28.30     1313.00        2.40        4.00        8.50       31.00        0.40        0.82        4.54      141.90        0.00        0.00        0.00        0.00        0.00        0.01        0.00        0.00        0.01
2025-11-04 23:29:20      871.28       18.60       28.40     1310.00        3.00      357.00        8.50       30.30       -0.10        0.81        4.37      143.90        0.00        0.00        0.00        0.00        0.00        0.01        0.00        0.00        0.01
2025-11-04 23:29:21      871.19       18.40       28.60     1311.00        3.20      354.00        8.50       30.10       -0.20        0.81        4.34      144.90        0.00        0.00        0.00        0.00        0.00        0.01        0.00        0.00        0.01
2025-11-04 23:29:22      871.12       18.70       28.70     1311.00        2.90        2.00        8.50       30.40        0.20        0.82        4.46      145.90        0.00        0.00        0.00        0.00        0.00        0.01        0.00        0.00        0.01
2025-11-04 23:29:23      870.95       17.90       28.10     1313.00        2.90       21.00        8.50       29.60       -0.80        0.80        4.13      146.90        0.00        0.00        0.00        0.00        0.00        0.01        0.00        0.00        0.01
2025-11-04 23:29:24      871.10       18.10       28.20     1311.00        2.80       28.00        8.50       29.90       -0.50        0.81        4.21      147.90        0.00        0.00        0.00        0.00        0.00        0.01        0.00        0.00        0.01
2025-11-04 23:29:25      871.37       18.40       29.00     1309.00        2.90       16.00        8.50       30.10        0.10        0.82        4.41      148.90        0.00        0.00        0.00        0.00        0.00        0.01        0.00        0.00        0.01
2025-11-04 23:29:26      870.95       18.70       29.10     1313.00        3.30       17.00        8.50       30.40        0.40        0.82        4.51      149.90        0.00        0.00        0.00        0.00        0.00        0.01        0.00        0.00        0.01
2025-11-04 23:29:27      871.14       18.70       29.30     1311.00        3.80       10.00        8.50       30.40        0.50        0.82        4.55      150.90        0.00        0.00        0.00        0.00        0.00        0.01        0.00        0.00        0.01
2025-11-04 23:29:28      871.22       18.90       29.40     1310.00        4.00       11.00        8.50       30.60        0.70        0.82        4.61      151.90        0.00        0.00        0.00        0.00        0.00        0.01        0.00        0.00        0.01
2025-11-04 23:29:29      871.20       18.10       28.50     1311.00        3.70      358.00        8.50       29.80       -0.40        0.81        4.24      152.90        0.00        0.00        0.00        0.00        0.00        0.01        0.00        0.00        0.01
2025-11-04 23:29:30      871.26       18.90       29.80     1310.00        3.40      356.00        8.50       30.70        0.90        0.82        4.70      153.90        0.00        0.00        0.00        0.00        0.00        0.01        0.00        0.00        0.01
2025-11-04 23:29:34      871.15       19.10       29.40     1311.00        2.60      343.00        8.50       30.90        0.90        0.82        4.70      157.90        0.00        0.00        0.00        0.00        0.00        0.01        0.00        0.00        0.01
2025-11-04 23:29:35      871.06       18.90       29.50     1312.00        2.20      344.00        8.50       30.70        0.70        0.82        4.64      158.90        0.00        0.00        0.00        0.00        0.00        0.01        0.00        0.00        0.01
2025-11-04 23:29:36      871.21       18.90       29.20     1310.00        2.20      343.00        8.50       30.60        0.60        0.82        4.58      159.90        0.00        0.00        0.00        0.00        0.00        0.01        0.00        0.00        0.01
2025-11-04 23:29:37      871.12       18.90       29.40     1311.00        2.50      355.00        8.50       30.60        0.70        0.82        4.63      160.80        0.00        0.00        0.00        0.00        0.00        0.01        0.00        0.00        0.01
2025-11-04 23:29:41      870.88       18.80       29.00     1314.00        2.10      359.00        8.50       30.60        0.40        0.82        4.54      164.80        0.00        0.00        0.00        0.00        0.00        0.01        0.00        0.00        0.01
2025-11-04 23:29:42      871.04       19.30       29.50     1312.00        1.90        2.00        8.50       31.00        1.00        0.83        4.74      165.80        0.00        0.00        0.00        0.00        0.00        0.01        0.00        0.00        0.01
2025-11-04 23:29:43      871.22       19.90       29.80     1310.00        1.70      351.00        8.50       31.60        1.70        0.83        4.98      166.80        0.00        0.00        0.00        0.00        0.00        0.01        0.00        0.00        0.01
2025-11-04 23:29:44      871.14       18.50       28.70     1311.00        1.50      317.00        8.50       30.20        0.00        0.81        4.40      167.80        0.00        0.00        0.00        0.00        0.00        0.01        0.00        0.00        0.01
2025-11-04 23:29:45      871.12       18.90       28.90     1311.00        1.90      326.00        8.50       30.60        0.50        0.82        4.55      168.80        0.00        0.00        0.00        0.00        0.00        0.01        0.00        0.00        0.01
2025-11-04 23:29:46      871.21       18.50       28.70     1310.00        2.50      338.00        8.50       30.20        0.00        0.81        4.40      169.80        0.00        0.00        0.00        0.00        0.00        0.01        0.00        0.00        0.01
2025-11-04 23:29:47      871.23       18.70       28.60     1310.00        2.60      326.00        8.50       30.40        0.10        0.82        4.44      170.80        0.00        0.00        0.00        0.00        0.00        0.01        0.00        0.00        0.01
2025-11-04 23:29:49      871.18       18.60       28.80     1311.00        2.80      339.00        8.50       30.30        0.10        0.82        4.44      172.80        0.00        0.00        0.00        0.00        0.00        0.01        0.00        0.00        0.01
2025-11-04 23:29:50      871.20       18.40       28.90     1311.00        2.70        0.00        8.40       30.10        0.10        0.82        4.41      173.80        0.00        0.00        0.00        0.00        0.00        0.01        0.00        0.00        0.01
2025-11-04 23:29:51      871.15       18.40       29.10     1311.00        2.80      334.00        8.40       30.10        0.10        0.82        4.42      174.80        0.00        0.00        0.00        0.00        0.00        0.01        0.00        0.00        0.01
2025-11-04 23:29:52      871.13       18.50       29.20     1311.00        3.20      346.00        8.40       30.20        0.20        0.82        4.47      175.80        0.00        0.00        0.00        0.00        0.00        0.01        0.00        0.00        0.01
2025-11-04 23:29:53      871.22       18.60       29.30     1310.00        2.90      341.00        8.50       30.30        0.30        0.82        4.50      176.80        0.00        0.00        0.00        0.00        0.00        0.01        0.00        0.00        0.01
2025-11-04 23:29:54      871.10       18.80       29.40     1311.00        2.60      340.00        8.40       30.50        0.60        0.82        4.60      177.80        0.00        0.00        0.00        0.00        0.00        0.01        0.00        0.00        0.01
2025-11-04 23:29:55      871.11       19.00       29.60     1311.00        2.40      335.00        8.40       30.70        0.90        0.82        4.68      178.80        0.00        0.00        0.00        0.00        0.00        0.01        0.00        0.00        0.01
2025-11-04 23:29:59      871.23       19.70       30.30     1310.00        2.10      352.00        8.40       31.50        1.90        0.83        5.03      182.80        0.00        0.00        0.00        0.00        0.00        0.01        0.00        0.00        0.01
2025-11-04 23:30:00      871.01       19.90       29.90     1312.00        2.00      360.00        8.40       31.70        1.80        0.83        5.00      183.80        0.00        0.00        0.00        0.00        0.00        0.01        0.00        0.00        0.01
2025-11-04 23:30:01      871.28       19.50       29.50     1310.00        1.80      352.00        8.40       31.20        1.20        0.83        4.81      184.80        0.00        0.00        0.00        0.00        0.00        0.01        0.00        0.00        0.01
2025-11-04 23:30:02      871.15       19.60       29.60     1311.00        1.40      351.00        8.40       31.40        1.40        0.83        4.86      185.80        0.00        0.00        0.00        0.00        0.00        0.01        0.00        0.00        0.01
2025-11-04 23:30:03      871.16       19.80       29.70     1311.00        1.50      356.00        8.40       31.50        1.60        0.83        4.93      186.80        0.00        0.00        0.00        0.00        0.00        0.01        0.00        0.00        0.01
2025-11-04 23:30:04      870.99       19.10       29.00     1313.00        1.80        4.00        8.40       30.90        0.70        0.82        4.62      187.80        0.00        0.00        0.00        0.00        0.00        0.01        0.00        0.00        0.01
2025-11-04 23:30:05      871.25       19.60       29.40     1310.00        1.80      356.00        8.40       31.40        1.30        0.83        4.83      188.80        0.00        0.00        0.00        0.00        0.00        0.01        0.00        0.00        0.01
2025-11-04 23:30:06      871.22       19.20       29.10     1310.00        1.70      352.00        8.40       30.90        0.80        0.82        4.65      189.80        0.00        0.00        0.00        0.00        0.00        0.01        0.00        0.00        0.01
2025-11-04 23:30:07      870.93       19.10       28.90     1313.00        1.60      349.00        8.40       30.90        0.60        0.82        4.60      190.80        0.00        0.00        0.00        0.00        0.00        0.01        0.00        0.00        0.01
2025-11-04 23:30:08      871.08       18.90       28.90     1312.00        1.60      340.00        8.40       30.60        0.40        0.82        4.54      191.80        0.00        0.00        0.00        0.00        0.00        0.01        0.00        0.00        0.01
2025-11-04 23:30:09      871.07       18.50       28.70     1312.00        1.90      332.00        8.40       30.20        0.00        0.81        4.40      192.80        0.00        0.00        0.00        0.00        0.00        0.01        0.00        0.00        0.01
2025-11-04 23:30:10      871.08       18.70       29.00     1312.00        2.10      330.00        8.40       30.50        0.40        0.82        4.52      193.80        0.00        0.00        0.00        0.00        0.00        0.01        0.00        0.00        0.01
2025-11-04 23:30:11      870.99       19.10       29.30     1313.00        2.60      340.00        8.40       30.80        0.80        0.82        4.67      194.80        0.00        0.00        0.00        0.00        0.00        0.01        0.00        0.00        0.01
2025-11-04 23:30:12      870.97       19.30       29.60     1313.00        2.70      349.00        8.40       31.00        1.10        0.83        4.77      195.80        0.00        0.00        0.00        0.00        0.00        0.01        0.00        0.00        0.01
2025-11-04 23:30:13      870.91       19.00       29.20     1313.00        2.80      352.00        8.40       30.70        0.70        0.82        4.62      196.80        0.00        0.00        0.00        0.00        0.00        0.01        0.00        0.00        0.01
2025-11-04 23:30:14      871.30       18.90       29.30     1310.00        2.70        4.00        8.40       30.60        0.70        0.82        4.61      197.80        0.00        0.00        0.00        0.00        0.00        0.01        0.00        0.00        0.01
2025-11-04 23:30:15      871.22       19.30       29.30     1310.00        2.50        1.00        8.40       31.10        1.00        0.83        4.73      198.80        0.00        0.00        0.00        0.00        0.00        0.01        0.00        0.00        0.01
2025-11-04 23:30:18      871.30       18.20       28.80     1310.00        3.10       12.00        8.40       29.90       -0.10        0.81        4.34      201.80        0.00        0.00        0.00        0.00        0.00        0.01        0.00        0.00        0.01
2025-11-04 23:30:19      870.99       18.60       29.20     1313.00        3.20      359.00        8.40       30.40        0.40        0.82        4.52      202.80        0.00        0.00        0.00        0.00        0.00        0.01        0.00        0.00        0.01
2025-11-04 23:30:20      871.14       18.60       29.20     1311.00        2.60      350.00        8.40       30.30        0.30        0.82        4.50      203.80        0.00        0.00        0.00        0.00        0.00        0.01        0.00        0.00        0.01
2025-11-04 23:30:21      871.17       18.90       29.50     1311.00        2.60      354.00        8.40       30.60        0.70        0.82        4.63      204.80        0.00        0.00        0.00        0.00        0.00        0.01        0.00        0.00        0.01
2025-11-04 23:30:22      871.01       19.00       29.90     1312.00        2.30      350.00        8.40       30.70        1.00        0.83        4.72      205.80        0.00        0.00        0.00        0.00        0.00        0.01        0.00        0.00        0.01
2025-11-04 23:30:23      871.09       19.30       29.90     1312.00        2.10      344.00        8.40       31.10        1.30        0.83        4.83      206.80        0.00        0.00        0.00        0.00        0.00        0.01        0.00        0.00        0.01
2025-11-04 23:30:24      871.05       19.00       29.40     1312.00        1.70      359.00        8.40       30.70        0.80        0.82        4.65      207.80        0.00        0.00        0.00        0.00        0.00        0.01        0.00        0.00        0.01
2025-11-04 23:30:25      871.24       19.00       29.40     1310.00        1.70        1.00        8.40       30.70        0.80        0.82        4.64      208.80        0.00        0.00        0.00        0.00        0.00        0.01        0.00        0.00        0.01
2025-11-04 23:30:27      871.25       19.00       29.40     1310.00        1.60      350.00        8.40       30.80        0.80        0.82        4.66      210.80        0.00        0.00        0.00        0.00        0.00        0.01        0.00        0.00        0.01
2025-11-04 23:30:28      870.82       19.30       29.60     1314.00        1.70      341.00        8.40       31.10        1.10        0.83        4.77      211.80        0.00        0.00        0.00        0.00        0.00        0.01        0.00        0.00        0.01
2025-11-04 23:30:29      871.04       19.20       29.20     1312.00        1.60      336.00        8.40       30.90        0.90        0.82        4.68      212.80        0.00        0.00        0.00        0.00        0.00        0.01        0.00        0.00        0.01
2025-11-04 23:30:31      871.05       18.60       29.00     1312.00        1.30      322.00        8.40       30.30        0.30        0.82        4.48      214.80        0.00        0.00        0.00        0.00        0.00        0.01        0.00        0.00        0.01
2025-11-04 23:30:32      871.28       18.90       29.20     1310.00        1.60      339.00        8.40       30.70        0.70        0.82        4.61      215.80        0.00        0.00        0.00        0.00        0.00        0.01        0.00        0.00        0.01
2025-11-04 23:30:33      871.03       18.80       29.20     1312.00        2.10      326.00        8.40       30.50        0.50        0.82        4.57      216.80        0.00        0.00        0.00        0.00        0.00        0.01        0.00        0.00        0.01
2025-11-04 23:30:34      871.30       18.30       29.00     1309.00        2.60      339.00        8.40       30.00        0.00        0.81        4.40      217.80        0.00        0.00        0.00        0.00        0.00        0.01        0.00        0.00        0.01
2025-11-04 23:30:35      871.33       18.70       29.40     1309.00        2.80      360.00        8.40       30.40        0.50        0.82        4.57      218.80        0.00        0.00        0.00        0.00        0.00        0.01        0.00        0.00        0.01
2025-11-04 23:30:36      871.26       18.30       28.90     1310.00        2.70        4.00        8.40       30.00       -0.10        0.81        4.37      219.80        0.00        0.00        0.00        0.00        0.00        0.01        0.00        0.00        0.01
2025-11-04 23:30:37      871.28       17.80       28.50     1310.00        2.70      354.00        8.40       29.40       -0.70        0.81        4.14      220.80        0.00        0.00        0.00        0.00        0.00        0.01        0.00        0.00        0.01
2025-11-04 23:30:40      871.25       18.10       28.90     1310.00        2.40      350.00        8.40       29.80       -0.20        0.81        4.32      223.80        0.00        0.00        0.00        0.00        0.00        0.01        0.00        0.00        0.01
2025-11-04 23:30:42      871.09       18.30       29.40     1312.00        2.30      357.00        8.40       30.10        0.20        0.82        4.46      225.80        0.00        0.00        0.00        0.00        0.00        0.01        0.00        0.00        0.01
2025-11-04 23:30:43      871.21       18.60       29.50     1310.00        2.10      353.00        8.40       30.30        0.50        0.82        4.54      226.80        0.00        0.00        0.00        0.00        0.00        0.01        0.00        0.00        0.01
2025-11-04 23:30:44      870.84       17.90       29.00     1314.00        1.90      356.00        8.40       29.60       -0.30        0.81        4.27      227.80        0.00        0.00        0.00        0.00        0.00        0.01        0.00        0.00        0.01
2025-11-04 23:30:45      870.95       18.20       29.20     1313.00        1.90        0.00        8.40       29.90       -0.00        0.81        4.38      228.80        0.00        0.00        0.00        0.00        0.00        0.01        0.00        0.00        0.01
2025-11-04 23:30:46      870.98       18.40       29.30     1313.00        2.40      342.00        8.40       30.10        0.20        0.82        4.47      229.80        0.00        0.00        0.00        0.00        0.00        0.01        0.00        0.00        0.01
2025-11-04 23:30:47      870.85       18.20       29.40     1314.00        2.50      339.00        8.40       30.00        0.10        0.82        4.43      230.80        0.00        0.00        0.00        0.00        0.00        0.01        0.00        0.00        0.01
2025-11-04 23:30:48      871.08       17.80       28.80     1312.00        2.60      344.00        8.40       29.50       -0.50        0.81        4.20      231.80        0.00        0.00        0.00        0.00        0.00        0.01        0.00        0.00        0.01
2025-11-04 23:30:49      871.32       17.80       28.90     1309.00        2.80      354.00        8.40       29.50       -0.40        0.81        4.23      232.80        0.00        0.00        0.00        0.00        0.00        0.01        0.00        0.00        0.01
2025-11-04 23:30:50      871.10       17.60       28.90     1312.00        2.90      355.00        8.40       29.30       -0.60        0.81        4.18      233.80        0.00        0.00        0.00        0.00        0.00        0.01        0.00        0.00        0.01
2025-11-04 23:30:51      870.92       17.90       29.30     1313.00        2.80        2.00        8.40       29.60       -0.30        0.81        4.30      234.80        0.00        0.00        0.00        0.00        0.00        0.01        0.00        0.00        0.01
2025-11-04 23:30:52      871.05       17.90       29.30     1312.00        2.80       13.00        8.40       29.60       -0.20        0.81        4.32      235.80        0.00        0.00        0.00        0.00        0.00        0.01        0.00        0.00        0.01
2025-11-04 23:30:55      871.17       18.00       29.40     1311.00        2.30        7.00        8.40       29.70       -0.10        0.81        4.36      238.80        0.00        0.00        0.00        0.00        0.00        0.01        0.00        0.00        0.01
2025-11-04 23:30:56      871.35       18.20       29.80     1309.00        2.30      355.00        8.40       29.90        0.30        0.82        4.49      239.80        0.00        0.00        0.00        0.00        0.00        0.01        0.00        0.00        0.01
2025-11-04 23:30:57      871.12       18.10       29.50     1311.00        2.10      352.00        8.40       29.90        0.10        0.82        4.42      240.80        0.00        0.00        0.00        0.00        0.00        0.01        0.00        0.00        0.01
2025-11-04 23:30:58      871.35       18.30       29.40     1309.00        2.00      343.00        8.40       30.00        0.20        0.82        4.45      241.80        0.00        0.00        0.00        0.00        0.00        0.01        0.00        0.00        0.01
2025-11-04 23:31:00      871.03       18.20       29.30     1312.00        1.70      359.00        8.40       29.90        0.10        0.82        4.42      243.80        0.00        0.00        0.00        0.00        0.00        0.01        0.00        0.00        0.01
2025-11-04 23:31:01      870.94       18.50       29.70     1313.00        1.60      354.00        8.40       30.30        0.50        0.82        4.57      244.80        0.00        0.00        0.00        0.00        0.00        0.01        0.00        0.00        0.01
2025-11-04 23:31:02      871.02       18.50       29.60     1312.00        1.40      333.00        8.40       30.20        0.40        0.82        4.54      245.80        0.00        0.00        0.00        0.00        0.00        0.01        0.00        0.00        0.01
2025-11-04 23:31:03      871.07       18.40       29.50     1312.00        1.30      337.00        8.40       30.10        0.30        0.82        4.49      246.80        0.00        0.00        0.00        0.00        0.00        0.01        0.00        0.00        0.01
2025-11-04 23:31:04      870.93       18.70       29.70     1313.00        1.20      346.00        8.40       30.40        0.60        0.82        4.60      247.80        0.00        0.00        0.00        0.00        0.00        0.01        0.00        0.00        0.01
2025-11-04 23:31:05      870.94       18.40       29.30     1313.00        1.20      336.00        8.40       30.10        0.20        0.82        4.47      248.80        0.00        0.00        0.00        0.00        0.00        0.01        0.00        0.00        0.01
2025-11-04 23:31:06      871.08       18.60       29.60     1312.00        1.40      343.00        8.40       30.40        0.60        0.82        4.59      249.80        0.00        0.00        0.00        0.00        0.00        0.01        0.00        0.00        0.01
2025-11-04 23:31:09      870.92       18.50       29.60     1313.00        2.30      340.00        8.40       30.30        0.50        0.82        4.55      252.80        0.00        0.00        0.00        0.00        0.00        0.01        0.00        0.00        0.01
2025-11-04 23:31:10      871.14       18.10       29.00     1311.00        2.40      345.00        8.40       29.90       -0.10        0.81        4.34      253.80        0.00        0.00        0.00        0.00        0.00        0.01        0.00        0.00        0.01
2025-11-04 23:31:11      871.07       18.30       29.30     1312.00        2.40      360.00        8.40       30.00        0.10        0.82        4.44      254.80        0.00        0.00        0.00        0.00        0.00        0.01        0.00        0.00        0.01
2025-11-04 23:31:13      871.18       18.30       29.50     1311.00        2.30        8.00        8.40       30.00        0.20        0.82        4.46      256.80        0.00        0.00        0.00        0.00        0.00        0.01        0.00        0.00        0.01
2025-11-04 23:31:15      871.12       18.00       28.70     1311.00        2.40      352.00        8.40       29.70       -0.40        0.81        4.24      258.80        0.00        0.00        0.00        0.00        0.00        0.01        0.00        0.00        0.01
2025-11-04 23:31:16      870.95       18.30       29.00     1313.00        2.40      346.00        8.40       30.10        0.00        0.81        4.40      259.80        0.00        0.00        0.00        0.00        0.00        0.01        0.00        0.00        0.01
2025-11-04 23:31:17      871.15       18.00       29.00     1311.00        2.50      348.00        8.40       29.70       -0.20        0.81        4.31      260.80        0.00        0.00        0.00        0.00        0.00        0.01        0.00        0.00        0.01
2025-11-04 23:31:18      870.92       18.10       28.70     1313.00        2.40      354.00        8.40       29.90       -0.30        0.81        4.29      261.80        0.00        0.00        0.00        0.00        0.00        0.01        0.00        0.00        0.01
2025-11-04 23:31:19      870.74       18.30       28.90     1315.00        2.40        6.00        8.40       30.00       -0.10        0.81        4.37      262.80        0.00        0.00        0.00        0.00        0.00        0.01        0.00        0.00        0.01
2025-11-04 23:31:20      871.19       18.20       29.10     1311.00        2.40        6.00        8.40       29.90       -0.00        0.81        4.39      263.70        0.00        0.00        0.00        0.00        0.00        0.01        0.00        0.00        0.01
2025-11-04 23:31:21      871.06       18.60       29.50     1312.00        2.50        6.00        8.40       30.40        0.50        0.82        4.57      264.70        0.00        0.00        0.00        0.00        0.00        0.01        0.00        0.00        0.01
2025-11-04 23:31:22      871.31       18.60       29.20     1309.00        2.50      357.00        8.40       30.30        0.30        0.82        4.49      265.70        0.00        0.00        0.00        0.00        0.00        0.01        0.00        0.00        0.01
2025-11-04 23:31:23      871.08       18.70       29.40     1312.00        2.40      358.00        8.40       30.40        0.50        0.82        4.57      266.70        0.00        0.00        0.00        0.00        0.00        0.01        0.00        0.00        0.01
2025-11-04 23:31:24      870.88       18.70       29.30     1314.00        2.40        0.00        8.40       30.40        0.50        0.82        4.55      267.70        0.00        0.00        0.00        0.00        0.00        0.01        0.00        0.00        0.01
2025-11-04 23:31:25      870.95       18.60       29.10     1313.00        2.40        6.00        8.40       30.30        0.20        0.82        4.47      268.70        0.00        0.00        0.00        0.00        0.00        0.01        0.00        0.00        0.01
2025-11-04 23:31:26      871.14       18.60       29.30     1311.00        2.60       16.00        8.40       30.30        0.40        0.82        4.52      269.70        0.00        0.00        0.00        0.00        0.00        0.01        0.00        0.00        0.01
2025-11-04 23:31:28      871.05       18.40       28.80     1312.00        2.80      360.00        8.40       30.10       -0.00        0.81        4.38      271.70        0.00        0.00        0.00        0.00        0.00        0.01        0.00        0.00        0.01
2025-11-04 23:31:29      871.16       18.40       28.80     1311.00        2.90       20.00        8.40       30.20        0.00        0.81        4.40      272.70        0.00        0.00        0.00        0.00        0.00        0.01        0.00        0.00        0.01
2025-11-04 23:31:30      871.07       18.50       29.00     1312.00        2.70       16.00        8.40       30.20        0.20        0.82        4.45      273.70        0.00        0.00        0.00        0.00        0.00        0.01        0.00        0.00        0.01
2025-11-04 23:31:31      870.91       18.70       28.90     1313.00        2.50        9.00        8.40       30.40        0.30        0.82        4.48      274.70        0.00        0.00        0.00        0.00        0.00        0.01        0.00        0.00        0.01
2025-11-04 23:31:33      871.25       18.60       29.40     1310.00        2.70        0.00        8.40       30.40        0.50        0.82        4.55      276.70        0.00        0.00        0.00        0.00        0.00        0.01        0.00        0.00        0.01
2025-11-04 23:31:34      870.91       18.70       29.30     1313.00        2.50      356.00        8.40       30.40        0.40        0.82        4.54      277.70        0.00        0.00        0.00        0.00        0.00        0.01        0.00        0.00        0.01
2025-11-04 23:31:37      871.05       18.40       29.30     1312.00        2.70       16.00        8.40       30.20        0.30        0.82        4.48      280.70        0.00        0.00        0.00        0.00        0.00        0.01        0.00        0.00        0.01
2025-11-04 23:31:39      870.99       18.40       29.10     1313.00        2.80        7.00        8.40       30.10        0.10        0.82        4.44      282.70        0.00        0.00        0.00        0.00        0.00        0.01        0.00        0.00        0.01
2025-11-04 23:31:40      871.22       18.50       29.10     1310.00        2.70        6.00        8.40       30.20        0.20        0.82        4.45      283.70        0.00        0.00        0.00        0.00        0.00        0.01        0.00        0.00        0.01
2025-11-04 23:31:44      871.18       18.50       29.40     1311.00        2.40        2.00        8.40       30.20        0.30        0.82        4.50      287.70        0.00        0.00        0.00        0.00        0.00        0.01        0.00        0.00        0.01
2025-11-04 23:31:46      871.17       19.40       30.80     1311.00        2.10      350.00        8.40       31.10        1.70        0.83        4.99      289.70        0.00        0.00        0.00        0.00        0.00        0.01        0.00        0.00        0.01
2025-11-04 23:31:47      871.08       18.20       28.90     1312.00        2.00      345.00        8.40       29.90       -0.20        0.81        4.33      290.70        0.00        0.00        0.00        0.00        0.00        0.01        0.00        0.00        0.01
2025-11-04 23:31:48      871.25       18.30       28.60     1310.00        1.90      355.00        8.40       30.00       -0.20        0.81        4.33      291.70        0.00        0.00        0.00        0.00        0.00        0.01        0.00        0.00        0.01
2025-11-04 23:31:49      871.02       18.40       28.90     1312.00        2.10      356.00        8.40       30.10       -0.00        0.81        4.39      292.70        0.00        0.00        0.00        0.00        0.00        0.01        0.00        0.00        0.01
2025-11-04 23:31:50      871.15       17.90       28.60     1311.00        2.30      343.00        8.40       29.60       -0.50        0.81        4.21      293.70        0.00        0.00        0.00        0.00        0.00        0.01        0.00        0.00        0.01
2025-11-04 23:31:51      871.16       18.40       28.90     1311.00        2.30      348.00        8.40       30.10        0.00        0.81        4.40      294.70        0.00        0.00        0.00        0.00        0.00        0.01        0.00        0.00        0.01
2025-11-04 23:31:52      871.01       18.10       28.90     1312.00        2.40      341.00        8.40       29.90       -0.20        0.81        4.32      295.70        0.00        0.00        0.00        0.00        0.00        0.01        0.00        0.00        0.01
2025-11-04 23:31:54      871.14       18.50       29.00     1311.00        2.80      350.00        8.40       30.20        0.20        0.82        4.44      297.70        0.00        0.00        0.00        0.00        0.00        0.01        0.00        0.00        0.01
2025-11-04 23:31:55      870.88       18.40       28.90     1314.00        2.80      349.00        8.40       30.20        0.10        0.82        4.41      298.70        0.00        0.00        0.00        0.00        0.00        0.01        0.00        0.00        0.01
2025-11-04 23:31:56      871.28       18.50       29.00     1310.00        2.40      355.00        8.40       30.20        0.20        0.82        4.46      299.70        0.00        0.00        0.00        0.00        0.00        0.01        0.00        0.00        0.01
2025-11-04 23:31:58      870.89       19.00       29.50     1314.00        2.40      351.00        8.40       30.80        0.90        0.82        4.69      301.70        0.00        0.00        0.00        0.00        0.00        0.01        0.00        0.00        0.01
2025-11-04 23:31:59      871.15       18.80       29.10     1311.00        2.40      356.00        8.40       30.50        0.50        0.82        4.54      302.70        0.00        0.00        0.00        0.00        0.00        0.01        0.00        0.00        0.01
2025-11-04 23:32:00      871.10       18.80       29.10     1311.00        2.40      346.00        8.40       30.60        0.50        0.82        4.55      303.70        0.00        0.00        0.00        0.00        0.00        0.01        0.00        0.00        0.01
2025-11-04 23:32:01      871.26       19.00       29.30     1310.00        2.30      354.00        8.40       30.70        0.70        0.82        4.62      304.70        0.00        0.00        0.00        0.00        0.00        0.01        0.00        0.00        0.01
2025-11-04 23:32:02      871.36       19.20       29.20     1309.00        2.20      360.00        8.40       30.90        0.80        0.82        4.67      305.70        0.00        0.00        0.00        0.00        0.00        0.01        0.00        0.00        0.01
2025-11-04 23:32:03      870.96       19.30       29.50     1313.00        2.10        1.00        8.40       31.10        1.10        0.83        4.76      306.70        0.00        0.00        0.00        0.00        0.00        0.01        0.00        0.00        0.01
2025-11-04 23:32:04      871.20       19.50       29.60     1311.00        2.00      357.00        8.40       31.20        1.30        0.83        4.82      307.70        0.00        0.00        0.00        0.00        0.00        0.01        0.00        0.00        0.01
2025-11-04 23:32:05      871.08       19.50       29.30     1312.00        2.00      358.00        8.40       31.30        1.20        0.83        4.80      308.70        0.00        0.00        0.00        0.00        0.00        0.01        0.00        0.00        0.01
2025-11-04 23:32:06      871.09       20.00       29.40     1312.00        2.10      345.00        8.40       31.70        1.60        0.83        4.95      309.70        0.00        0.00        0.00        0.00        0.00        0.01        0.00        0.00        0.01
2025-11-04 23:32:07      870.90       19.60       28.80     1313.00        1.90      346.00        8.40       31.40        1.10        0.83        4.75      310.70        0.00        0.00        0.00        0.00        0.00        0.01        0.00        0.00        0.01
2025-11-04 23:32:08      870.92       20.00       29.10     1313.00        2.00      354.00        8.40       31.80        1.50        0.83        4.90      311.70        0.00        0.00        0.00        0.00        0.00        0.01        0.00        0.00        0.01
2025-11-04 23:32:09      871.06       19.70       28.90     1312.00        1.90      354.00        8.40       31.50        1.20        0.83        4.79      312.70        0.00        0.00        0.00        0.00        0.00        0.01        0.00        0.00        0.01
2025-11-04 23:32:10      871.14       19.90       28.80     1311.00        1.90      340.00        8.40       31.60        1.30        0.83        4.82      313.70        0.00        0.00        0.00        0.00        0.00        0.01        0.00        0.00        0.01
2025-11-04 23:32:12      871.27       20.20       29.00     1310.00        1.70      335.00        8.40       32.00        1.70        0.83        4.96      315.70        0.00        0.00        0.00        0.00        0.00        0.01        0.00        0.00        0.01
2025-11-04 23:32:13      871.15       20.30       29.10     1311.00        1.70      346.00        8.40       32.10        1.80        0.83        5.01      316.70        0.00        0.00        0.00        0.00        0.00        0.01        0.00        0.00        0.01
2025-11-04 23:32:17      871.21       19.50       27.60     1310.00        1.80      313.00        8.40       31.20        0.30        0.82        4.50      320.70        0.00        0.00        0.00        0.00        0.00        0.01        0.00        0.00        0.01
2025-11-04 23:32:18      870.94       18.90       27.80     1313.00        1.80      305.00        8.40       30.70       -0.10        0.81        4.37      321.70        0.00        0.00        0.00        0.00        0.00        0.01        0.00        0.00        0.01
2025-11-04 23:32:19      871.07       19.50       28.50     1312.00        2.00      344.00        8.40       31.30        0.80        0.82        4.67      322.70        0.00        0.00        0.00        0.00        0.00        0.01        0.00        0.00        0.01
2025-11-04 23:32:20      870.99       19.20       28.40     1313.00        1.90      330.00        8.40       31.00        0.50        0.82        4.57      323.70        0.00        0.00        0.00        0.00        0.00        0.01        0.00        0.00        0.01
2025-11-04 23:32:21      871.34       19.70       28.70     1309.00        2.00      315.00        8.40       31.50        1.10        0.83        4.76      324.70        0.00        0.00        0.00        0.00        0.00        0.01        0.00        0.00        0.01
2025-11-04 23:32:22      871.05       19.60       28.80     1312.00        2.10      300.00        8.40       31.40        1.10        0.83        4.75      325.70        0.00        0.00        0.00        0.00        0.00        0.01        0.00        0.00        0.01
2025-11-04 23:32:23      870.97       19.60       28.70     1313.00        2.10      319.00        8.40       31.40        1.00        0.83        4.73      326.70        0.00        0.00        0.00        0.00        0.00        0.01        0.00        0.00        0.01
2025-11-04 23:32:25      871.03       19.40       28.30     1312.00        2.80      318.00        8.40       31.20        0.60        0.82        4.59      328.70        0.00        0.00        0.00        0.00        0.00        0.01        0.00        0.00        0.01
2025-11-04 23:32:26      871.02       19.10       28.20     1312.00        3.10      300.00        8.40       30.90        0.30        0.82        4.50      329.70        0.00        0.00        0.00        0.00        0.00        0.01        0.00        0.00        0.01
2025-11-04 23:32:27      871.21       19.30       28.40     1310.00        3.00      298.00        8.40       31.10        0.60        0.82        4.58      330.70        0.00        0.00        0.00        0.00        0.00        0.01        0.00        0.00        0.01
2025-11-04 23:32:28      871.11       19.50       28.70     1311.00        3.10      326.00        8.40       31.30        0.90        0.82        4.70      331.70        0.00        0.00        0.00        0.00        0.00        0.01        0.00        0.00        0.01
2025-11-04 23:32:29      871.18       19.00       28.50     1311.00        3.10      295.00        8.40       30.80        0.40        0.82        4.51      332.70        0.00        0.00        0.00        0.00        0.00        0.01        0.00        0.00        0.01
2025-11-04 23:32:30      870.96       18.60       27.70     1313.00        3.40      307.00        8.40       30.40       -0.30        0.81        4.28      333.70        0.00        0.00        0.00        0.00        0.00        0.01        0.00        0.00        0.01
2025-11-04 23:32:32      871.16       18.60       28.20     1311.00        4.70      327.00        8.40       30.30       -0.10        0.81        4.34      335.70        0.00        0.00        0.00        0.00        0.00        0.01        0.00        0.00        0.01
2025-11-04 23:32:33      871.12       17.90       27.70     1311.00        4.30      299.00        8.40       29.60       -1.00        0.80        4.04      336.70        0.00        0.00        0.00        0.00        0.00        0.01        0.00        0.00        0.01
2025-11-04 23:32:34      870.95       17.80       27.90     1313.00        4.20      294.00        8.40       29.50       -1.00        0.80        4.04      337.70        0.00        0.00        0.00        0.00        0.00        0.01        0.00        0.00        0.01
2025-11-04 23:32:35      870.88       18.30       28.50     1314.00        4.40      305.00        8.40       30.00       -0.30        0.81        4.30      338.70        0.00        0.00        0.00        0.00        0.00        0.01        0.00        0.00        0.01
2025-11-04 23:32:36      871.24       17.90       28.50     1310.00        4.10      307.00        8.40       29.60       -0.60        0.81        4.18      339.70        0.00        0.00        0.00        0.00        0.00        0.01        0.00        0.00        0.01
2025-11-04 23:32:37      871.07       18.10       28.50     1312.00        4.00      292.00        8.40       29.80       -0.40        0.81        4.24      340.70        0.00        0.00        0.00        0.00        0.00        0.01        0.00        0.00        0.01
2025-11-04 23:32:38      871.09       18.80       29.20     1312.00        4.00      318.00        8.40       30.50        0.50        0.82        4.56      341.70        0.00        0.00        0.00        0.00        0.00        0.01        0.00        0.00        0.01
2025-11-04 23:32:39      871.27       18.90       29.40     1310.00        3.70      318.00        8.40       30.60        0.70        0.82        4.62      342.70        0.00        0.00        0.00        0.00        0.00        0.01        0.00        0.00        0.01
2025-11-04 23:32:40      870.89       17.90       28.50     1314.00        3.30      284.00        8.40       29.60       -0.60        0.81        4.18      343.70        0.00        0.00        0.00        0.00        0.00        0.01        0.00        0.00        0.01
2025-11-04 23:32:42      870.97       18.60       29.40     1313.00        3.50      309.00        8.40       30.30        0.40        0.82        4.53      345.70        0.00        0.00        0.00        0.00        0.00        0.01        0.00        0.00        0.01
2025-11-04 23:32:43      871.09       19.00       29.60     1312.00        3.10      321.00        8.40       30.70        0.80        0.82        4.67      346.70        0.00        0.00        0.00        0.00        0.00        0.01        0.00        0.00        0.01
2025-11-04 23:32:44      871.20       18.60       29.30     1310.00        2.90      312.00        8.40       30.30        0.40        0.82        4.51      347.70        0.00        0.00        0.00        0.00        0.00        0.01        0.00        0.00        0.01
2025-11-04 23:32:46      870.96       17.80       28.70     1313.00        3.40      299.00        8.40       29.50       -0.60        0.81        4.19      349.70        0.00        0.00        0.00        0.00        0.00        0.01        0.00        0.00        0.01
2025-11-04 23:32:47      870.94       17.90       28.90     1313.00        3.70      289.00        8.40       29.70       -0.40        0.81        4.26      350.70        0.00        0.00        0.00        0.00        0.00        0.01        0.00        0.00        0.01
2025-11-04 23:32:48      871.20       18.00       29.10     1311.00        3.80      278.00        8.40       29.70       -0.20        0.81        4.31      351.70        0.00        0.00        0.00        0.00        0.00        0.01        0.00        0.00        0.01
2025-11-04 23:32:49      871.31       18.00       29.10     1309.00        3.50      302.00        8.40       29.70       -0.20        0.81        4.32      352.70        0.00        0.00        0.00        0.00        0.00        0.01        0.00        0.00        0.01
2025-11-04 23:32:51      871.11       18.80       29.70     1311.00        3.00      330.00        8.40       30.60        0.80        0.82        4.65      354.70        0.00        0.00        0.00        0.00        0.00        0.01        0.00        0.00        0.01
2025-11-04 23:32:53      871.23       18.80       29.60     1310.00        2.30      310.00        8.40       30.50        0.70        0.82        4.62      356.70        0.00        0.00        0.00        0.00        0.00        0.01        0.00        0.00        0.01
2025-11-04 23:32:54      871.19       18.40       29.20     1311.00        2.50      313.00        8.40       30.20        0.20        0.82        4.47      357.70        0.00        0.00        0.00        0.00        0.00        0.01        0.00        0.00        0.01
2025-11-04 23:32:55      871.04       18.80       29.20     1312.00        2.50      316.00        8.40       30.50        0.50        0.82        4.56      358.70        0.00        0.00        0.00        0.00        0.00        0.01        0.00        0.00        0.01
2025-11-04 23:32:56      871.27       18.60       29.20     1310.00        2.20      320.00        8.40       30.30        0.40        0.82        4.51      359.70        0.00        0.00        0.00        0.00        0.00        0.01        0.00        0.00        0.01
2025-11-04 23:32:58      871.27       18.00       28.70     1310.00        2.30      330.00        8.40       29.70       -0.40        0.81        4.26      361.70        0.00        0.00        0.00        0.00        0.00        0.01        0.00        0.00        0.01
2025-11-04 23:32:59      871.21       18.30       28.80     1310.00        2.30      308.00        8.40       30.10       -0.00        0.81        4.38      362.70        0.00        0.00        0.00        0.00        0.00        0.01        0.00        0.00        0.01
2025-11-04 23:33:00      871.06       18.70       29.20     1312.00        2.10      329.00        8.40       30.40        0.40        0.82        4.53      363.60        0.00        0.00        0.00        0.00        0.00        0.01        0.00        0.00        0.01
2025-11-04 23:33:03      870.93       18.10       28.30     1313.00        2.50      298.00        8.40       29.80       -0.50        0.81        4.20      366.60        0.00        0.00        0.00        0.00        0.00        0.01        0.00        0.00        0.01
2025-11-04 23:33:04      870.92       17.80       28.40     1313.00        3.20      305.00        8.40       29.50       -0.70        0.81        4.14      367.60        0.00        0.00        0.00        0.00        0.00        0.01        0.00        0.00        0.01
2025-11-04 23:33:06      871.04       17.70       28.60     1312.00        3.90      295.00        8.40       29.40       -0.70        0.81        4.15      369.60        0.00        0.00        0.00        0.00        0.00        0.01        0.00        0.00        0.01
2025-11-04 23:33:07      870.92       17.60       28.60     1313.00        3.80      306.00        8.40       29.30       -0.80        0.80        4.11      370.60        0.00        0.00        0.00        0.00        0.00        0.01        0.00        0.00        0.01
2025-11-04 23:33:09      870.94       17.50       28.60     1313.00        3.80      300.00        8.40       29.20       -0.90        0.80        4.08      372.60        0.00        0.00        0.00        0.00        0.00        0.01        0.00        0.00        0.01
2025-11-04 23:33:10      870.80       17.60       28.80     1314.00        3.70      297.00        8.40       29.30       -0.70        0.81        4.14      373.60        0.00        0.00        0.00        0.00        0.00        0.01        0.00        0.00        0.01
2025-11-04 23:33:11      870.81       17.40       28.90     1314.00        3.30      278.00        8.40       29.10       -0.80        0.80        4.11      374.60        0.00        0.00        0.00        0.00        0.00        0.01        0.00        0.00        0.01
2025-11-04 23:33:12      870.90       17.80       29.50     1313.00        3.20      288.00        8.40       29.50       -0.20        0.81        4.32      375.60        0.00        0.00        0.00        0.00        0.00        0.01        0.00        0.00        0.01
2025-11-04 23:33:13      870.79       18.20       29.70     1315.00        3.30      313.00        8.40       30.00        0.30        0.82        4.48      376.60        0.00        0.00        0.00        0.00        0.00        0.01        0.00        0.00        0.01
2025-11-04 23:33:14      870.82       17.70       29.20     1314.00        3.00      279.00        8.40       29.40       -0.40        0.81        4.25      377.60        0.00        0.00        0.00        0.00        0.00        0.01        0.00        0.00        0.01
2025-11-04 23:33:16      870.83       18.40       29.80     1314.00        3.10      317.00        8.40       30.20        0.50        0.82        4.56      379.60        0.00        0.00        0.00        0.00        0.00        0.01        0.00        0.00        0.01
2025-11-04 23:33:17      870.75       17.40       28.90     1315.00        3.10      310.00        8.40       29.10       -0.90        0.80        4.09      380.60        0.00        0.00        0.00        0.00        0.00        0.01        0.00        0.00        0.01
2025-11-04 23:33:18      870.74       18.00       29.50     1315.00        3.00      309.00        8.40       29.70       -0.00        0.81        4.39      381.60        0.00        0.00        0.00        0.00        0.00        0.01        0.00        0.00        0.01
2025-11-04 23:33:19      870.82       17.70       29.00     1314.00        3.10      322.00        8.40       29.40       -0.50        0.81        4.22      382.60        0.00        0.00        0.00        0.00        0.00        0.01        0.00        0.00        0.01
2025-11-04 23:33:21      870.86       18.00       29.30     1314.00        3.00      326.00        8.40       29.70       -0.10        0.81        4.35      384.60        0.00        0.00        0.00        0.00        0.00        0.01        0.00        0.00        0.01
2025-11-04 23:33:22      870.55       18.20       29.50     1317.00        3.00      327.00        8.40       29.90        0.10        0.82        4.43      385.60        0.00        0.00        0.00        0.00        0.00        0.01        0.00        0.00        0.01
2025-11-04 23:33:23      870.64       18.10       29.40     1316.00        3.00      321.00        8.40       29.80        0.00        0.81        4.40      386.60        0.00        0.00        0.00        0.00        0.00        0.01        0.00        0.00        0.01
2025-11-04 23:33:24      870.65       17.70       29.20     1316.00        3.00      335.00        8.40       29.40       -0.40        0.81        4.24      387.60        0.00        0.00        0.00        0.00        0.00        0.01        0.00        0.00        0.01
2025-11-04 23:33:25      870.69       18.00       29.40     1316.00        2.90      334.00        8.40       29.70       -0.10        0.81        4.37      388.60        0.00        0.00        0.00        0.00        0.00        0.01        0.00        0.00        0.01
2025-11-04 23:33:26      870.56       18.30       29.50     1317.00        2.80      314.00        8.40       30.00        0.20        0.82        4.46      389.60        0.00        0.00        0.00        0.00        0.00        0.01        0.00        0.00        0.01
2025-11-04 23:33:28      870.63       17.80       29.20     1316.00        3.30      317.00        8.40       29.60       -0.30        0.81        4.27      391.60        0.00        0.00        0.00        0.00        0.00        0.01        0.00        0.00        0.01
2025-11-04 23:33:30      870.51       18.20       29.50     1317.00        3.70      332.00        8.40       30.00        0.20        0.82        4.45      393.60        0.00        0.00        0.00        0.00        0.00        0.01        0.00        0.00        0.01
2025-11-04 23:33:32      870.41       18.60       30.00     1318.00        3.70      336.00        8.30       30.40        0.80        0.82        4.65      395.60        0.00        0.00        0.00        0.00        0.00        0.01        0.00        0.00        0.01
2025-11-04 23:33:33      870.45       18.40       29.70     1318.00        3.70      344.00        8.40       30.20        0.50        0.82        4.55      396.60        0.00        0.00        0.00        0.00        0.00        0.01        0.00        0.00        0.01
2025-11-04 23:33:35      870.32       18.60       29.60     1319.00        3.20      339.00        8.30       30.40        0.50        0.82        4.57      398.60        0.00        0.00        0.00        0.00        0.00        0.01        0.00        0.00        0.01
2025-11-04 23:33:36      870.15       18.40       29.40     1321.00        3.60        3.00        8.30       30.30        0.30        0.82        4.49      399.60        0.00        0.00        0.00        0.00        0.00        0.01        0.00        0.00        0.01
2025-11-04 23:33:37      870.52       18.40       29.30     1317.00        4.00        6.00        8.30       30.20        0.20        0.82        4.47      400.60        0.00        0.00        0.00        0.00        0.00        0.01        0.00        0.00        0.01
2025-11-04 23:33:40      870.02       17.70       29.00     1322.00        4.50      329.00        8.30       29.50       -0.60        0.81        4.20      403.60        0.00        0.00        0.00        0.00        0.00        0.01        0.00        0.00        0.01
2025-11-04 23:33:41      869.93       17.60       29.00     1323.00        4.90      326.00        8.30       29.40       -0.60        0.81        4.19      404.60        0.00        0.00        0.00        0.00        0.00        0.01        0.00        0.00        0.01
2025-11-04 23:33:42      870.02       17.70       29.20     1322.00        4.90      332.00        8.30       29.50       -0.40        0.81        4.25      405.60        0.00        0.00        0.00        0.00        0.00        0.01        0.00        0.00        0.01
2025-11-04 23:33:43      869.97       17.50       29.00     1323.00        4.90      320.00        8.30       29.30       -0.70        0.81        4.15      406.60        0.00        0.00        0.00        0.00        0.00        0.01        0.00        0.00        0.01
2025-11-04 23:33:44      870.10       17.50       29.00     1321.00        5.00      325.00        8.30       29.30       -0.70        0.81        4.16      407.60        0.00        0.00        0.00        0.00        0.00        0.01        0.00        0.00        0.01
2025-11-04 23:33:46      870.00       17.60       29.20     1322.00        5.30      338.00        8.30       29.40       -0.50        0.81        4.20      409.60        0.00        0.00        0.00        0.00        0.00        0.01        0.00        0.00        0.01
2025-11-04 23:33:48      869.96       17.40       29.10     1323.00        5.00      332.00        8.30       29.20       -0.70        0.81        4.14      411.60        0.00        0.00        0.00        0.00        0.00        0.01        0.00        0.00        0.01
2025-11-04 23:33:49      870.03       17.40       29.20     1322.00        5.00      325.00        8.30       29.20       -0.70        0.81        4.16      412.60        0.00        0.00        0.00        0.00        0.00        0.01        0.00        0.00        0.01
2025-11-04 23:33:50      869.82       17.40       29.20     1324.00        5.00      325.00        8.30       29.20       -0.70        0.81        4.16      413.60        0.00        0.00        0.00        0.00        0.00        0.01        0.00        0.00        0.01
2025-11-04 23:33:51      869.86       17.40       29.20     1324.00        5.00      320.00        8.30       29.20       -0.60        0.81        4.17      414.60        0.00        0.00        0.00        0.00        0.00        0.01        0.00        0.00        0.01
2025-11-04 23:33:52      869.88       17.40       29.30     1323.00        4.80      321.00        8.30       29.20       -0.70        0.81        4.16      415.60        0.00        0.00        0.00        0.00        0.00        0.01        0.00        0.00        0.01
2025-11-04 23:33:53      869.75       17.40       29.40     1325.00        4.80      311.00        8.30       29.20       -0.60        0.81        4.19      416.60        0.00        0.00        0.00        0.00        0.00        0.01        0.00        0.00        0.01
2025-11-04 23:33:54      869.61       17.50       29.30     1326.00        4.70      312.00        8.30       29.30       -0.60        0.81        4.20      417.60        0.00        0.00        0.00        0.00        0.00        0.01        0.00        0.00        0.01
2025-11-04 23:33:55      869.73       17.50       29.40     1325.00        4.50      316.00        8.30       29.30       -0.50        0.81        4.21      418.60        0.00        0.00        0.00        0.00        0.00        0.01        0.00        0.00        0.01
2025-11-04 23:33:56      869.62       17.40       29.40     1326.00        4.30      308.00        8.30       29.20       -0.60        0.81        4.19      419.60        0.00        0.00        0.00        0.00        0.00        0.01        0.00        0.00        0.01
2025-11-04 23:33:57      869.65       17.50       29.50     1326.00        4.20      328.00        8.30       29.30       -0.50        0.81        4.23      420.60        0.00        0.00        0.00        0.00        0.00        0.01        0.00        0.00        0.01
2025-11-04 23:33:58      869.90       17.40       29.60     1323.00        4.10      299.00        8.30       29.20       -0.50        0.81        4.22      421.60        0.00        0.00        0.00        0.00        0.00        0.01        0.00        0.00        0.01
2025-11-04 23:33:59      869.76       17.40       29.60     1325.00        4.00      294.00        8.30       29.20       -0.50        0.81        4.22      422.60        0.00        0.00        0.00        0.00        0.00        0.01        0.00        0.00        0.01
2025-11-04 23:34:00      869.43       17.40       29.70     1328.00        4.10      299.00        8.30       29.30       -0.40        0.81        4.25      423.60        0.00        0.00        0.00        0.00        0.00        0.01        0.00        0.00        0.01
2025-11-04 23:34:01      869.34       17.40       29.80     1329.00        4.10      298.00        8.30       29.30       -0.40        0.81        4.26      424.60        0.00        0.00        0.00        0.00        0.00        0.01        0.00        0.00        0.01
2025-11-04 23:34:02      869.43       17.50       29.80     1328.00        4.00      305.00        8.30       29.30       -0.30        0.81        4.28      425.60        0.00        0.00        0.00        0.00        0.00        0.01        0.00        0.00        0.01
2025-11-04 23:34:03      869.66       17.40       29.70     1326.00        4.10      320.00        8.30       29.30       -0.40        0.81        4.25      426.60        0.00        0.00        0.00        0.00        0.00        0.01        0.00        0.00        0.01
2025-11-04 23:34:04      869.48       17.40       29.70     1327.00        4.20      324.00        8.30       29.30       -0.40        0.81        4.26      427.60        0.00        0.00        0.00        0.00        0.00        0.01        0.00        0.00        0.01
2025-11-04 23:34:05      869.50       17.40       29.80     1327.00        4.20      305.00        8.30       29.30       -0.40        0.81        4.27      428.60        0.00        0.00        0.00        0.00        0.00        0.01        0.00        0.00        0.01
2025-11-04 23:34:07      869.59       17.40       30.00     1326.00        3.90      345.00        8.30       29.20       -0.30        0.81        4.29      430.60        0.00        0.00        0.00        0.00        0.00        0.01        0.00        0.00        0.01
2025-11-04 23:34:09      869.66       17.50       30.00     1326.00        4.30      337.00        8.30       29.30       -0.20        0.81        4.31      432.60        0.00        0.00        0.00        0.00        0.00        0.01        0.00        0.00        0.01
2025-11-04 23:34:10      869.36       17.50       30.10     1329.00        4.30      322.00        8.30       29.30       -0.20        0.81        4.32      433.60        0.00        0.00        0.00        0.00        0.00        0.01        0.00        0.00        0.01
2025-11-04 23:34:11      869.60       17.50       30.10     1326.00        4.50      295.00        8.30       29.40       -0.10        0.81        4.35      434.60        0.00        0.00        0.00        0.00        0.00        0.01        0.00        0.00        0.01
2025-11-04 23:34:12      869.18       17.40       30.20     1330.00        4.60      337.00        8.30       29.30       -0.20        0.81        4.33      435.60        0.00        0.00        0.00        0.00        0.00        0.01        0.00        0.00        0.01
2025-11-04 23:34:13      869.02       17.50       30.10     1332.00        4.40      337.00        8.30       29.40       -0.20        0.81        4.34      436.60        0.00        0.00        0.00        0.00        0.00        0.01        0.00        0.00        0.01
2025-11-04 23:34:14      869.09       17.50       30.10     1331.00        4.40      339.00        8.30       29.40       -0.20        0.81        4.34      437.60        0.00        0.00        0.00        0.00        0.00        0.01        0.00        0.00        0.01
2025-11-04 23:34:15      868.90       17.50       30.00     1333.00        4.30      338.00        8.30       29.40       -0.20        0.81        4.33      438.60        0.00        0.00        0.00        0.00        0.00        0.01        0.00        0.00        0.01
2025-11-04 23:34:17      869.12       17.60       29.80     1331.00        3.80      345.00        8.30       29.40       -0.30        0.81        4.31      440.60        0.00        0.00        0.00        0.00        0.00        0.01        0.00        0.00        0.01
2025-11-04 23:34:20      869.26       17.70       29.60     1330.00        3.90      339.00        8.30       29.60       -0.30        0.81        4.31      443.60        0.00        0.00        0.00        0.00        0.00        0.01        0.00        0.00        0.01
2025-11-04 23:34:21      869.02       17.60       29.60     1332.00        3.90      328.00        8.30       29.50       -0.30        0.81        4.28      444.60        0.00        0.00        0.00        0.00        0.00        0.01        0.00        0.00        0.01
2025-11-04 23:34:22      868.79       17.60       29.50     1334.00        3.80      341.00        8.30       29.60       -0.40        0.81        4.27      445.60        0.00        0.00        0.00        0.00        0.00        0.01        0.00        0.00        0.01
2025-11-04 23:34:23      868.83       17.60       29.40     1334.00        3.90      339.00        8.30       29.60       -0.40        0.81        4.26      446.60        0.00        0.00        0.00        0.00        0.00        0.01        0.00        0.00        0.01
2025-11-04 23:34:24      868.87       17.60       29.30     1333.00        3.80      346.00        8.30       29.50       -0.50        0.81        4.24      447.60        0.00        0.00        0.00        0.00        0.00        0.01        0.00        0.00        0.01
2025-11-04 23:34:25      869.02       17.60       29.30     1332.00        3.90      340.00        8.30       29.50       -0.50        0.81        4.24      448.60        0.00        0.00        0.00        0.00        0.00        0.01        0.00        0.00        0.01
2025-11-04 23:34:29      868.78       17.70       29.30     1334.00        4.40      333.00        8.30       29.60       -0.40        0.81        4.25      452.60        0.00        0.00        0.00        0.00        0.00        0.01        0.00        0.00        0.01
2025-11-04 23:34:30      868.50       17.60       29.30     1337.00        3.90      332.00        8.30       29.60       -0.40        0.81        4.25      453.60        0.00        0.00        0.00        0.00        0.00        0.01        0.00        0.00        0.01
2025-11-04 23:34:31      868.56       17.50       29.30     1336.00        3.70      326.00        8.30       29.40       -0.60        0.81        4.20      454.60        0.00        0.00        0.00        0.00        0.00        0.01        0.00        0.00        0.01
2025-11-04 23:34:32      868.50       17.50       29.40     1337.00        3.80      331.00        8.30       29.50       -0.50        0.81        4.24      455.60        0.00        0.00        0.00        0.00        0.00        0.01        0.00        0.00        0.01
2025-11-04 23:34:35      868.72       17.40       29.50     1335.00        4.00      330.00        8.30       29.40       -0.50        0.81        4.23      458.60        0.00        0.00        0.00        0.00        0.00        0.01        0.00        0.00        0.01
2025-11-04 23:34:36      868.54       17.50       29.60     1337.00        3.60      333.00        8.30       29.50       -0.40        0.81        4.27      459.60        0.00        0.00        0.00        0.00        0.00        0.01        0.00        0.00        0.01
2025-11-04 23:34:37      868.48       17.60       29.60     1337.00        3.60      334.00        8.30       29.50       -0.30        0.81        4.28      460.60        0.00        0.00        0.00        0.00        0.00        0.01        0.00        0.00        0.01
2025-11-04 23:34:38      868.61       17.50       29.60     1336.00        3.60      323.00        8.30       29.40       -0.40        0.81        4.25      461.60        0.00        0.00        0.00        0.00        0.00        0.01        0.00        0.00        0.01
2025-11-04 23:34:39      868.41       17.50       29.60     1338.00        3.60      314.00        8.30       29.40       -0.40        0.81        4.25      462.60        0.00        0.00        0.00        0.00        0.00        0.01        0.00        0.00        0.01
2025-11-04 23:34:40      868.67       17.60       29.70     1335.00        3.70      318.00        8.30       29.50       -0.30        0.81        4.29      463.60        0.00        0.00        0.00        0.00        0.00        0.01        0.00        0.00        0.01
2025-11-04 23:34:43      868.34       17.60       29.90     1339.00        4.20      329.00        8.30       29.60       -0.20        0.81        4.33      466.50        0.00        0.00        0.00        0.00        0.00        0.01        0.00        0.00        0.01
2025-11-04 23:34:44      868.36       17.50       29.80     1338.00        4.10      335.00        8.30       29.50       -0.30        0.81        4.30      467.50        0.00        0.00        0.00        0.00        0.00        0.01        0.00        0.00        0.01
2025-11-04 23:34:45      868.38       17.50       29.80     1338.00        4.50      337.00        8.30       29.50       -0.30        0.81        4.29      468.50        0.00        0.00        0.00        0.00        0.00        0.01        0.00        0.00        0.01
2025-11-04 23:34:46      868.29       17.50       29.80     1339.00        4.30      348.00        8.30       29.40       -0.40        0.81        4.28      469.50        0.00        0.00        0.00        0.00        0.00        0.01        0.00        0.00        0.01
2025-11-04 23:34:47      868.23       17.50       29.80     1340.00        4.30      340.00        8.30       29.40       -0.40        0.81        4.27      470.50        0.00        0.00        0.00        0.00        0.00        0.01        0.00        0.00        0.01
2025-11-04 23:34:48      868.47       17.50       29.80     1337.00        4.40      327.00        8.30       29.40       -0.40        0.81        4.28      471.50        0.00        0.00        0.00        0.00        0.00        0.01        0.00        0.00        0.01
2025-11-04 23:34:51      868.12       17.50       29.90     1341.00        5.20      328.00        8.30       29.40       -0.30        0.81        4.29      474.50        0.00        0.00        0.00        0.00        0.00        0.01        0.00        0.00        0.01
2025-11-04 23:34:52      868.19       17.50       29.90     1340.00        5.20      335.00        8.30       29.40       -0.30        0.81        4.29      475.50        0.00        0.00        0.00        0.00        0.00        0.01        0.00        0.00        0.01
2025-11-04 23:34:54      868.18       17.50       30.10     1340.00        5.00      345.00        8.30       29.40       -0.20        0.81        4.33      477.50        0.00        0.00        0.00        0.00        0.00        0.01        0.00        0.00        0.01
2025-11-04 23:34:59      867.75       17.30       30.00     1344.00        4.50      315.00        8.30       29.40       -0.30        0.81        4.28      482.50        0.00        0.00        0.00        0.00        0.00        0.01        0.00        0.00        0.01
2025-11-04 23:35:00      868.17       17.30       30.00     1340.00        4.10      313.00        8.30       29.20       -0.40        0.81        4.25      483.50        0.00        0.00        0.00        0.00        0.00        0.01        0.00        0.00        0.01
2025-11-04 23:35:01      867.97       17.30       30.10     1342.00        4.20      321.00        8.30       29.30       -0.40        0.81        4.27      484.50        0.00        0.00        0.00        0.00        0.00        0.01        0.00        0.00        0.01
2025-11-04 23:35:02      868.03       17.30       30.10     1342.00        4.30      322.00        8.30       29.20       -0.40        0.81        4.26      485.50        0.00        0.00        0.00        0.00        0.00        0.01        0.00        0.00        0.01
2025-11-04 23:35:03      867.67       17.20       30.10     1345.00        4.30      322.00        8.30       29.20       -0.50        0.81        4.24      486.50        0.00        0.00        0.00        0.00        0.00        0.01        0.00        0.00        0.01
2025-11-04 23:35:04      867.84       17.30       30.20     1344.00        4.50      329.00        8.30       29.30       -0.40        0.81        4.28      487.50        0.00        0.00        0.00        0.00        0.00        0.01        0.00        0.00        0.01
2025-11-04 23:35:05      867.81       17.30       30.20     1344.00        4.30      327.00        8.30       29.30       -0.30        0.81        4.29      488.50        0.00        0.00        0.00        0.00        0.00        0.01        0.00        0.00        0.01
2025-11-04 23:35:06      867.87       17.30       30.30     1343.00        4.10      316.00        8.30       29.30       -0.30        0.81        4.30      489.50        0.00        0.00        0.00        0.00        0.00        0.01        0.00        0.00        0.01
2025-11-04 23:35:07      867.58       17.30       30.30     1346.00        4.60      331.00        8.30       29.30       -0.30        0.81        4.30      490.50        0.00        0.00        0.00        0.00        0.00        0.01        0.00        0.00        0.01
2025-11-04 23:35:09      867.95       17.30       30.30     1342.00        4.70      322.00        8.30       29.20       -0.30        0.81        4.30      492.50        0.00        0.00        0.00        0.00        0.00        0.01        0.00        0.00        0.01
2025-11-04 23:35:10      867.55       17.30       30.40     1346.00        4.70      318.00        8.30       29.30       -0.30        0.81        4.31      493.50        0.00        0.00        0.00        0.00        0.00        0.01        0.00        0.00        0.01
2025-11-04 23:35:12      867.54       17.20       30.40     1346.00        5.30      313.00        8.30       29.20       -0.30        0.81        4.29      495.50        0.00        0.00        0.00        0.00        0.00        0.01        0.00        0.00        0.01
2025-11-04 23:35:13      867.37       17.30       30.60     1348.00        5.50      314.00        8.30       29.30       -0.20        0.81        4.35      496.50        0.00        0.00        0.00        0.00        0.00        0.01        0.00        0.00        0.01
2025-11-04 23:35:16      867.29       17.20       30.50     1349.00        5.50      287.00        8.30       29.30       -0.30        0.81        4.32      499.50        0.00        0.00        0.00        0.00        0.00        0.01        0.00        0.00        0.01
2025-11-04 23:35:17      867.66       17.40       30.80     1345.00        5.20      311.00        8.30       29.40        0.00        0.82        4.42      500.50        0.00        0.00        0.00        0.00        0.00        0.01        0.00        0.00        0.01
2025-11-04 23:35:18      867.45       17.50       30.80     1347.00        5.00      318.00        8.30       29.50        0.10        0.82        4.46      501.50        0.00        0.00        0.00        0.00        0.00        0.01        0.00        0.00        0.01
2025-11-04 23:35:19      867.31       17.40       30.70     1349.00        5.00      311.00        8.30       29.50        0.00        0.82        4.43      502.50        0.00        0.00        0.00        0.00        0.00        0.01        0.00        0.00        0.01
2025-11-04 23:35:20      867.59       17.50       30.70     1346.00        5.20      316.00        8.30       29.50        0.10        0.82        4.44      503.50        0.00        0.00        0.00        0.00        0.00        0.01        0.00        0.00        0.01
2025-11-04 23:35:21      867.45       17.40       30.60     1347.00        5.30      322.00        8.30       29.40       -0.10        0.81        4.39      504.50        0.00        0.00        0.00        0.00        0.00        0.01        0.00        0.00        0.01
2025-11-04 23:35:22      867.58       17.30       30.50     1346.00        5.40      332.00        8.30       29.40       -0.20        0.81        4.35      505.50        0.00        0.00        0.00        0.00        0.00        0.01        0.00        0.00        0.01
2025-11-04 23:35:23      867.42       17.30       30.50     1348.00        5.50      336.00        8.30       29.30       -0.20        0.81        4.33      506.50        0.00        0.00        0.00        0.00        0.00        0.01        0.00        0.00        0.01
2025-11-04 23:35:24      867.14       17.20       30.60     1350.00        6.00      338.00        8.30       29.30       -0.20        0.81        4.34      507.50        0.00        0.00        0.00        0.00        0.00        0.01        0.00        0.00        0.01
2025-11-04 23:35:25      866.98       17.30       30.70     1352.00        6.00      339.00        8.30       29.40       -0.10        0.81        4.39      508.50        0.00        0.00        0.00        0.00        0.00        0.01        0.00        0.00        0.01
2025-11-04 23:35:26      867.15       17.30       30.70     1350.00        5.90      342.00        8.30       29.40       -0.10        0.81        4.38      509.50        0.00        0.00        0.00        0.00        0.00        0.01        0.00        0.00        0.01
2025-11-04 23:35:27      867.18       17.30       30.80     1350.00        6.00      340.00        8.30       29.40       -0.00        0.82        4.41      510.50        0.00        0.00        0.00        0.00        0.00        0.01        0.00        0.00        0.01
2025-11-04 23:35:28      867.27       17.30       30.70     1349.00        5.90      334.00        8.30       29.40       -0.10        0.81        4.38      511.50        0.00        0.00        0.00        0.00        0.00        0.01        0.00        0.00        0.01
2025-11-04 23:35:33      866.74       17.70       30.90     1354.00        5.10      343.00        8.30       29.80        0.40        0.82        4.53      516.50        0.00        0.00        0.00        0.00        0.00        0.01        0.00        0.00        0.01
2025-11-04 23:35:34      866.68       17.60       30.80     1355.00        4.90      338.00        8.20       29.70        0.20        0.82        4.49      517.50        0.00        0.00        0.00        0.00        0.00        0.01        0.00        0.00        0.01
2025-11-04 23:35:35      867.06       17.60       30.80     1351.00        4.80      345.00        8.20       29.70        0.20        0.82        4.48      518.50        0.00        0.00        0.00        0.00        0.00        0.01        0.00        0.00        0.01
2025-11-04 23:35:36      866.79       17.60       30.90     1354.00        5.00      346.00        8.20       29.70        0.30        0.82        4.50      519.50        0.00        0.00        0.00        0.00        0.00        0.01        0.00        0.00        0.01
2025-11-04 23:35:37      866.64       17.60       30.80     1355.00        5.10      349.00        8.20       29.70        0.20        0.82        4.49      520.50        0.00        0.00        0.00        0.00        0.00        0.01        0.00        0.00        0.01
2025-11-04 23:35:41      866.78       17.40       30.70     1354.00        6.00       10.00        8.20       29.50        0.00        0.82        4.42      524.50        0.00        0.00        0.00        0.00        0.00        0.01        0.00        0.00        0.01
2025-11-04 23:35:42      866.53       17.20       30.60     1356.00        6.20      341.00        8.20       29.40       -0.20        0.81        4.35      525.50        0.00        0.00        0.00        0.00        0.00        0.01        0.00        0.00        0.01
2025-11-04 23:35:43      866.61       17.40       30.80     1356.00        5.80      354.00        8.20       29.50       -0.00        0.82        4.41      526.50        0.00        0.00        0.00        0.00        0.00        0.01        0.00        0.00        0.01
2025-11-04 23:35:44      866.67       17.40       30.90     1355.00        5.50      334.00        8.20       29.50        0.00        0.82        4.43      527.50        0.00        0.00        0.00        0.00        0.00        0.01        0.00        0.00        0.01
2025-11-04 23:35:45      866.54       17.30       30.70     1356.00        5.60      336.00        8.20       29.40       -0.10        0.81        4.38      528.50        0.00        0.00        0.00        0.00        0.00        0.01        0.00        0.00        0.01
2025-11-04 23:35:46      866.76       17.20       30.60     1354.00        6.50       10.00        8.20       29.30       -0.20        0.81        4.33      529.50        0.00        0.00        0.00        0.00        0.00        0.01        0.00        0.00        0.01
2025-11-04 23:35:47      866.74       17.20       30.90     1354.00        7.00      303.00        8.20       29.30       -0.10        0.81        4.39      530.50        0.00        0.00        0.00        0.00        0.00        0.01        0.00        0.00        0.01
2025-11-04 23:35:48      866.40       17.30       30.80     1358.00        6.90      327.00        8.20       29.40       -0.10        0.81        4.40      531.50        0.00        0.00        0.00        0.00        0.00        0.01        0.00        0.00        0.01
2025-11-04 23:35:50      866.65       17.20       30.80     1355.00        5.90      328.00        8.20       29.30       -0.10        0.81        4.36      533.50        0.00        0.00        0.00        0.00        0.00        0.01        0.00        0.00        0.01
2025-11-04 23:35:51      866.49       17.30       30.90     1357.00        5.30      321.00        8.20       29.40       -0.00        0.82        4.41      534.50        0.00        0.00        0.00        0.00        0.00        0.01        0.00        0.00        0.01
2025-11-04 23:35:52      866.64       17.20       30.80     1355.00        4.50      311.00        8.20       29.30       -0.20        0.81        4.35      535.50        0.00        0.00        0.00        0.00        0.00        0.01        0.00        0.00        0.01
2025-11-04 23:35:53      866.34       17.00       30.60     1358.00        4.70      296.00        8.20       29.20       -0.40        0.81        4.28      536.50        0.00        0.00        0.00        0.00        0.00        0.01        0.00        0.00        0.01
2025-11-04 23:35:54      866.23       16.90       30.70     1359.00        5.30      306.00        8.20       29.10       -0.40        0.81        4.27      537.50        0.00        0.00        0.00        0.00        0.00        0.01        0.00        0.00        0.01
2025-11-04 23:35:55      866.73       17.00       30.80     1354.00        5.30      312.00        8.20       29.10       -0.30        0.81        4.30      538.50        0.00        0.00        0.00        0.00        0.00        0.01        0.00        0.00        0.01
2025-11-04 23:35:56      866.38       16.90       30.90     1358.00        5.60      293.00        8.20       29.10       -0.30        0.81        4.29      539.50        0.00        0.00        0.00        0.00        0.00        0.01        0.00        0.00        0.01
2025-11-04 23:35:57      866.23       16.90       30.90     1359.00        5.60      341.00        8.20       29.10       -0.40        0.81        4.29      540.50        0.00        0.00        0.00        0.00        0.00        0.01        0.00        0.00        0.01
2025-11-04 23:35:58      866.22       17.00       31.00     1359.00        6.00      312.00        8.20       29.20       -0.20        0.81        4.35      541.50        0.00        0.00        0.00        0.00        0.00        0.01        0.00        0.00        0.01
2025-11-04 23:35:59      866.42       17.00       31.10     1357.00        6.40      310.00        8.20       29.20       -0.20        0.81        4.35      542.50        0.00        0.00        0.00        0.00        0.00        0.01        0.00        0.00        0.01
2025-11-04 23:36:00      866.14       17.00       31.10     1360.00        6.40      315.00        8.20       29.20       -0.20        0.81        4.36      543.50        0.00        0.00        0.00        0.00        0.00        0.01        0.00        0.00        0.01
2025-11-04 23:36:01      866.28       17.00       31.10     1359.00        6.40      306.00        8.20       29.10       -0.20        0.81        4.34      544.50        0.00        0.00        0.00        0.00        0.00        0.01        0.00        0.00        0.01
2025-11-04 23:36:02      866.22       17.00       31.00     1359.00        6.60      309.00        8.20       29.20       -0.20        0.81        4.35      545.50        0.00        0.00        0.00        0.00        0.00        0.01        0.00        0.00        0.01
2025-11-04 23:36:03      866.12       17.00       31.10     1360.00        6.50      356.00        8.20       29.20       -0.20        0.81        4.36      546.50        0.00        0.00        0.00        0.00        0.00        0.01        0.00        0.00        0.01
2025-11-04 23:36:05      866.00       16.90       31.10     1362.00        6.20      315.00        8.20       29.10       -0.20        0.81        4.35      549.50        0.00        0.00        0.00        0.00        0.00        0.01        0.00        0.00        0.01
2025-11-04 23:36:07      865.96       16.90       31.10     1362.00        6.60      314.00        8.20       29.10       -0.20        0.81        4.34      550.50        0.00        0.00        0.00        0.00        0.00        0.01        0.00        0.00        0.01
2025-11-04 23:36:08      866.18       16.90       31.20     1360.00        6.20      309.00        8.20       29.10       -0.20        0.81        4.34      551.50        0.00        0.00        0.00        0.00        0.00        0.01        0.00        0.00        0.01
2025-11-04 23:36:09      866.03       16.90       31.20     1361.00        6.40      288.00        8.20       29.10       -0.20        0.81        4.33      552.50        0.00        0.00        0.00        0.00        0.00        0.01        0.00        0.00        0.01
2025-11-04 23:36:13      866.04       16.80       31.10     1361.00        6.40      312.00        8.20       29.00       -0.30        0.81        4.30      556.50        0.00        0.00        0.00        0.00        0.00        0.01        0.00        0.00        0.01
2025-11-04 23:36:14      866.01       16.80       31.20     1361.00        6.20      315.00        8.20       28.90       -0.30        0.81        4.30      557.50        0.00        0.00        0.00        0.00        0.00        0.01        0.00        0.00        0.01
2025-11-04 23:36:16      865.96       16.80       31.20     1362.00        6.20      313.00        8.20       29.00       -0.30        0.81        4.32      559.50        0.00        0.00        0.00        0.00        0.00        0.01        0.00        0.00        0.01
2025-11-04 23:36:17      865.89       16.80       31.30     1363.00        6.10      327.00        8.20       29.00       -0.20        0.81        4.35      560.50        0.00        0.00        0.00        0.00        0.00        0.01        0.00        0.00        0.01
2025-11-04 23:36:18      865.98       16.90       31.30     1362.00        6.10      308.00        8.20       29.10       -0.20        0.81        4.35      561.50        0.00        0.00        0.00        0.00        0.00        0.01        0.00        0.00        0.01
2025-11-04 23:36:20      865.80       17.00       31.40     1364.00        6.40      286.00        8.20       29.20       -0.00        0.82        4.42      563.50        0.00        0.00        0.00        0.00        0.00        0.01        0.00        0.00        0.01
2025-11-04 23:36:21      865.73       17.00       31.40     1364.00        6.50      301.00        8.20       29.20       -0.10        0.81        4.39      564.50        0.00        0.00        0.00        0.00        0.00        0.01        0.00        0.00        0.01
2025-11-04 23:36:22      865.60       17.00       31.50     1365.00        6.40      328.00        8.20       29.20       -0.00        0.82        4.41      565.50        0.00        0.00        0.00        0.00        0.00        0.01        0.00        0.00        0.01
2025-11-04 23:36:23      865.67       16.90       31.20     1365.00        5.90      325.00        8.20       29.10       -0.20        0.81        4.36      566.40        0.00        0.00        0.00        0.00        0.00        0.01        0.00        0.00        0.01
2025-11-04 23:36:25      865.71       17.10       31.50     1364.00        6.30      323.00        8.20       29.30        0.10        0.82        4.45      568.40        0.00        0.00        0.00        0.00        0.00        0.01        0.00        0.00        0.01
2025-11-04 23:36:27      865.45       17.10       31.50     1367.00        7.10      332.00        8.20       29.30        0.10        0.82        4.45      570.40        0.00        0.00        0.00        0.00        0.00        0.01        0.00        0.00        0.01
2025-11-04 23:36:29      865.44       16.80       31.20     1367.00        6.70      338.00        8.20       29.10       -0.30        0.81        4.33      572.40        0.00        0.00        0.00        0.00        0.00        0.01        0.00        0.00        0.01
2025-11-04 23:36:32      865.36       16.90       31.20     1368.00        5.00      273.00        8.20       29.10       -0.20        0.81        4.34      575.40        0.00        0.00        0.00        0.00        0.00        0.01        0.00        0.00        0.01
2025-11-04 23:36:32      865.13       16.70       31.20     1370.00        5.30      292.00        8.20       29.00       -0.40        0.81        4.28      576.40        0.00        0.00        0.00        0.00        0.00        0.01        0.00        0.00        0.01
2025-11-04 23:36:34      865.18       16.70       31.20     1370.00        5.30      289.00        8.20       28.90       -0.40        0.81        4.28      577.40        0.00        0.00        0.00        0.00        0.00        0.01        0.00        0.00        0.01
2025-11-04 23:36:35      864.98       16.70       31.20     1372.00        5.20      291.00        8.20       29.00       -0.40        0.81        4.28      578.40        0.00        0.00        0.00        0.00        0.00        0.01        0.00        0.00        0.01
2025-11-04 23:36:36      865.01       16.70       31.30     1371.00        5.00      290.00        8.20       29.00       -0.40        0.81        4.30      579.40        0.00        0.00        0.00        0.00        0.00        0.01        0.00        0.00        0.01
2025-11-04 23:36:37      865.14       16.70       31.30     1370.00        4.80      294.00        8.20       29.00       -0.30        0.81        4.30      580.40        0.00        0.00        0.00        0.00        0.00        0.01        0.00        0.00        0.01
2025-11-04 23:36:38      865.04       16.70       31.20     1371.00        4.60      296.00        8.20       28.90       -0.40        0.81        4.28      581.40        0.00        0.00        0.00        0.00        0.00        0.01        0.00        0.00        0.01
2025-11-04 23:36:39      865.17       16.70       31.30     1370.00        4.40      303.00        8.20       29.00       -0.30        0.81        4.30      582.40        0.00        0.00        0.00        0.00        0.00        0.01        0.00        0.00        0.01
2025-11-04 23:36:40      865.02       16.70       31.30     1371.00        4.40      304.00        8.20       28.90       -0.40        0.81        4.29      583.40        0.00        0.00        0.00        0.00        0.00        0.01        0.00        0.00        0.01
2025-11-04 23:36:42      865.11       16.70       31.30     1370.00        4.60      299.00        8.20       29.00       -0.30        0.81        4.30      585.40        0.00        0.00        0.00        0.00        0.00        0.01        0.00        0.00        0.01
2025-11-04 23:36:43      865.06       16.70       31.40     1371.00        4.50      301.00        8.20       29.00       -0.30        0.81        4.31      586.40        0.00        0.00        0.00        0.00        0.00        0.01        0.00        0.00        0.01
2025-11-04 23:36:44      865.05       16.70       31.30     1371.00        4.80      304.00        8.20       28.90       -0.40        0.81        4.29      587.40        0.00        0.00        0.00        0.00        0.00        0.01        0.00        0.00        0.01
2025-11-04 23:36:45      865.13       16.70       31.30     1370.00        4.80      310.00        8.20       29.00       -0.30        0.81        4.31      588.40        0.00        0.00        0.00        0.00        0.00        0.01        0.00        0.00        0.01
2025-11-04 23:36:50      864.98       16.70       31.50     1372.00        5.40      300.00        8.20       28.90       -0.30        0.81        4.31      593.40        0.00        0.00        0.00        0.00        0.00        0.01        0.00        0.00        0.01
2025-11-04 23:36:51      864.74       16.70       31.40     1374.00        5.40      300.00        8.20       29.00       -0.30        0.81        4.32      594.40        0.00        0.00        0.00        0.00        0.00        0.01        0.00        0.00        0.01
2025-11-04 23:36:52      864.72       16.70       31.40     1374.00        5.40      298.00        8.20       29.00       -0.30        0.81        4.32      595.40        0.00        0.00        0.00        0.00        0.00        0.01        0.00        0.00        0.01
2025-11-04 23:36:53      864.93       16.70       31.40     1372.00        5.40      296.00        8.20       28.90       -0.30        0.81        4.30      596.40        0.00        0.00        0.00        0.00        0.00        0.01        0.00        0.00        0.01
2025-11-04 23:36:54      864.94       16.60       31.40     1372.00        5.40      294.00        8.20       28.90       -0.40        0.81        4.29      597.40        0.00        0.00        0.00        0.00        0.00        0.01        0.00        0.00        0.01
2025-11-04 23:36:56      864.46       16.60       31.50     1377.00        5.30      292.00        8.20       28.90       -0.30        0.81        4.30      599.40        0.00        0.00        0.00        0.00        0.00        0.01        0.00        0.00        0.01
2025-11-04 23:36:57      864.49       16.60       31.50     1376.00        5.20      288.00        8.20       29.00       -0.30        0.81        4.31      600.40        0.00        0.00        0.00        0.00        0.00        0.01        0.00        0.00        0.01
2025-11-04 23:36:58      864.83       16.70       31.50     1373.00        5.20      288.00        8.20       29.00       -0.30        0.81        4.32      601.40        0.00        0.00        0.00        0.00        0.00        0.01        0.00        0.00        0.01
2025-11-04 23:36:59      864.53       16.60       31.50     1376.00        5.30      278.00        8.20       28.90       -0.30        0.81        4.31      602.40        0.00        0.00        0.00        0.00        0.00        0.01        0.00        0.00        0.01
2025-11-04 23:37:00      864.43       16.60       31.50     1377.00        5.10      288.00        8.20       29.00       -0.30        0.81        4.32      603.40        0.00        0.00        0.00        0.00        0.00        0.01        0.00        0.00        0.01
2025-11-04 23:37:01      864.43       16.60       31.50     1377.00        5.10      276.00        8.20       29.00       -0.30        0.81        4.32      604.40        0.00        0.00        0.00        0.00        0.00        0.01        0.00        0.00        0.01
2025-11-04 23:37:03      864.56       16.60       31.50     1376.00        4.90      290.00        8.20       28.90       -0.30        0.81        4.31      606.40        0.00        0.00        0.00        0.00        0.00        0.01        0.00        0.00        0.01
2025-11-04 23:37:05      864.40       16.70       31.50     1377.00        4.80      270.00        8.20       29.00       -0.30        0.81        4.33      608.40        0.00        0.00        0.00        0.00        0.00        0.01        0.00        0.00        0.01
2025-11-04 23:37:06      864.53       16.60       31.50     1376.00        4.60      287.00        8.20       28.90       -0.30        0.81        4.31      609.40        0.00        0.00        0.00        0.00        0.00        0.01        0.00        0.00        0.01
2025-11-04 23:37:07      864.30       16.60       31.50     1378.00        4.60      281.00        8.20       29.00       -0.30        0.81        4.32      610.40        0.00        0.00        0.00        0.00        0.00        0.01        0.00        0.00        0.01
2025-11-04 23:37:08      864.33       16.60       31.50     1378.00        4.60      285.00        8.20       29.00       -0.30        0.81        4.31      611.40        0.00        0.00        0.00        0.00        0.00        0.01        0.00        0.00        0.01
2025-11-04 23:37:09      864.37       16.70       31.50     1378.00        4.60      295.00        8.20       29.00       -0.30        0.81        4.32      612.40        0.00        0.00        0.00        0.00        0.00        0.01        0.00        0.00        0.01
2025-11-04 23:37:11      864.39       16.60       31.60     1377.00        4.80      293.00        8.20       29.00       -0.30        0.81        4.33      614.40        0.00        0.00        0.00        0.00        0.00        0.01        0.00        0.00        0.01
2025-11-04 23:37:14      864.33       16.70       31.50     1378.00        4.60      296.00        8.20       29.00       -0.30        0.81        4.33      617.40        0.00        0.00        0.00        0.00        0.00        0.01        0.00        0.00        0.01
2025-11-04 23:37:15      864.25       16.60       31.60     1379.00        4.50      300.00        8.20       29.00       -0.30        0.81        4.33      618.40        0.00        0.00        0.00        0.00        0.00        0.01        0.00        0.00        0.01
2025-11-04 23:37:16      864.28       16.60       31.60     1379.00        4.90      293.00        8.20       29.00       -0.30        0.81        4.33      619.40        0.00        0.00        0.00        0.00        0.00        0.01        0.00        0.00        0.01
2025-11-04 23:37:17      864.12       16.60       31.60     1380.00        4.90      296.00        8.20       29.00       -0.30        0.81        4.33      620.40        0.00        0.00        0.00        0.00        0.00        0.01        0.00        0.00        0.01
2025-11-04 23:37:18      864.10       16.70       31.60     1380.00        5.00      292.00        8.20       29.00       -0.20        0.81        4.34      621.40        0.00        0.00        0.00        0.00        0.00        0.01        0.00        0.00        0.01
2025-11-04 23:37:19      863.98       16.60       31.60     1381.00        4.80      297.00        8.20       29.00       -0.30        0.81        4.33      622.40        0.00        0.00        0.00        0.00        0.00        0.01        0.00        0.00        0.01
2025-11-04 23:37:20      863.97       16.60       31.60     1382.00        4.90      309.00        8.20       29.00       -0.30        0.81        4.33      623.40        0.00        0.00        0.00        0.00        0.00        0.01        0.00        0.00        0.01
2025-11-04 23:37:21      864.17       16.70       31.60     1380.00        5.00      311.00        8.20       29.00       -0.20        0.81        4.34      624.40        0.00        0.00        0.00        0.00        0.00        0.01        0.00        0.00        0.01
2025-11-04 23:37:24      863.97       16.60       31.50     1382.00        4.60      318.00        8.20       29.00       -0.30        0.81        4.32      627.40        0.00        0.00        0.00        0.00        0.00        0.01        0.00        0.00        0.01
2025-11-04 23:37:25      863.73       16.60       31.60     1384.00        4.60      318.00        8.20       29.00       -0.30        0.81        4.33      628.40        0.00        0.00        0.00        0.00        0.00        0.01        0.00        0.00        0.01
2025-11-04 23:37:26      863.70       16.60       31.60     1384.00        4.50      287.00        8.20       29.00       -0.30        0.81        4.33      629.40        0.00        0.00        0.00        0.00        0.00        0.01        0.00        0.00        0.01
2025-11-04 23:37:27      863.91       16.60       31.70     1382.00        4.20      291.00        8.20       29.00       -0.20        0.81        4.34      630.40        0.00        0.00        0.00        0.00        0.00        0.01        0.00        0.00        0.01
2025-11-04 23:37:31      863.45       16.70       31.80     1387.00        4.10      308.00        8.20       29.10       -0.20        0.81        4.37      634.40        0.00        0.00        0.00        0.00        0.00        0.01        0.00        0.00        0.01
2025-11-04 23:37:32      863.61       16.60       31.50     1385.00        4.40      319.00        8.20       29.00       -0.40        0.81        4.30      635.40        0.00        0.00        0.00        0.00        0.00        0.01        0.00        0.00        0.01
2025-11-04 23:37:33      863.43       16.70       32.00     1387.00        4.40      305.00        8.20       29.10       -0.10        0.82        4.41      636.40        0.00        0.00        0.00        0.00        0.00        0.01        0.00        0.00        0.01
2025-11-04 23:37:34      863.30       16.70       31.90     1388.00        4.20      266.00        8.20       29.10       -0.10        0.82        4.41      637.40        0.00        0.00        0.00        0.00        0.00        0.01        0.00        0.00        0.01
2025-11-04 23:37:35      863.49       16.70       31.80     1386.00        3.80      266.00        8.10       29.10       -0.10        0.81        4.39      638.40        0.00        0.00        0.00        0.00        0.00        0.01        0.00        0.00        0.01
2025-11-04 23:37:36      863.47       16.70       31.80     1387.00        3.80      269.00        8.20       29.10       -0.20        0.81        4.37      639.40        0.00        0.00        0.00        0.00        0.00        0.01        0.00        0.00        0.01
2025-11-04 23:37:37      863.37       16.60       31.80     1387.00        3.80      265.00        8.10       29.00       -0.20        0.81        4.35      640.40        0.00        0.00        0.00        0.00        0.00        0.01        0.00        0.00        0.01
2025-11-04 23:37:38      863.39       16.60       31.80     1387.00        4.00      256.00        8.10       29.10       -0.20        0.81        4.37      641.40        0.00        0.00        0.00        0.00        0.00        0.01        0.00        0.00        0.01
2025-11-04 23:37:39      863.44       16.60       31.80     1387.00        3.90      261.00        8.10       29.00       -0.20        0.81        4.35      642.40        0.00        0.00        0.00        0.00        0.00        0.01        0.00        0.00        0.01
2025-11-04 23:37:40      863.25       16.60       31.70     1389.00        3.80      258.00        8.10       29.00       -0.20        0.81        4.35      643.40        0.00        0.00        0.00        0.00        0.00        0.01        0.00        0.00        0.01
2025-11-04 23:37:42      863.56       16.70       31.80     1386.00        3.60      294.00        8.10       29.10       -0.10        0.81        4.38      645.40        0.00        0.00        0.00        0.00        0.00        0.01        0.00        0.00        0.01
2025-11-04 23:37:43      863.24       16.70       31.80     1389.00        3.60      291.00        8.10       29.10       -0.10        0.81        4.38      646.40        0.00        0.00        0.00        0.00        0.00        0.01        0.00        0.00        0.01
2025-11-04 23:37:44      863.24       16.70       31.90     1389.00        3.60      299.00        8.10       29.20       -0.10        0.81        4.40      647.40        0.00        0.00        0.00        0.00        0.00        0.01        0.00        0.00        0.01
2025-11-04 23:37:45      863.21       16.70       31.80     1389.00        3.60      314.00        8.10       29.20       -0.10        0.81        4.39      648.40        0.00        0.00        0.00        0.00        0.00        0.01        0.00        0.00        0.01
2025-11-04 23:37:47      863.22       16.60       31.60     1389.00        3.70      298.00        8.10       29.00       -0.30        0.81        4.33      650.40        0.00        0.00        0.00        0.00        0.00        0.01        0.00        0.00        0.01
2025-11-04 23:37:50      863.00       16.60       31.50     1391.00        4.00      300.00        8.10       29.00       -0.40        0.81        4.30      653.40        0.00        0.00        0.00        0.00        0.00        0.01        0.00        0.00        0.01
2025-11-04 23:37:51      863.16       16.60       31.50     1389.00        4.00      310.00        8.10       29.00       -0.40        0.81        4.30      654.40        0.00        0.00        0.00        0.00        0.00        0.01        0.00        0.00        0.01
2025-11-04 23:37:52      863.12       16.50       31.50     1390.00        4.00      301.00        8.10       29.00       -0.40        0.81        4.29      655.40        0.00        0.00        0.00        0.00        0.00        0.01        0.00        0.00        0.01
2025-11-04 23:37:55      863.08       16.60       31.60     1390.00        4.20      289.00        8.10       29.00       -0.30        0.81        4.32      658.40        0.00        0.00        0.00        0.00        0.00        0.01        0.00        0.00        0.01
2025-11-04 23:37:56      862.69       16.60       31.70     1394.00        4.50      289.00        8.10       29.10       -0.30        0.81        4.33      659.40        0.00        0.00        0.00        0.00        0.00        0.01        0.00        0.00        0.01
2025-11-04 23:37:58      862.80       16.50       31.70     1393.00        4.00      305.00        8.10       29.00       -0.30        0.81        4.33      661.40        0.00        0.00        0.00        0.00        0.00        0.01        0.00        0.00        0.01
2025-11-04 23:37:59      862.86       16.50       31.70     1393.00        3.80      322.00        8.10       29.00       -0.30        0.81        4.32      662.40        0.00        0.00        0.00        0.00        0.00        0.01        0.00        0.00        0.01
2025-11-04 23:38:00      863.01       16.60       31.60     1391.00        3.80      307.00        8.10       29.00       -0.30        0.81        4.32      663.40        0.00        0.00        0.00        0.00        0.00        0.01        0.00        0.00        0.01
2025-11-04 23:38:02      862.75       16.60       31.80     1394.00        4.10      313.00        8.10       29.10       -0.20        0.81        4.35      665.40        0.00        0.00        0.00        0.00        0.00        0.01        0.00        0.00        0.01
2025-11-04 23:38:03      862.93       16.60       31.70     1392.00        4.70      307.00        8.10       29.10       -0.20        0.81        4.35      666.40        0.00        0.00        0.00        0.00        0.00        0.01        0.00        0.00        0.01
2025-11-04 23:38:04      862.54       16.60       31.80     1396.00        4.90      305.00        8.10       29.10       -0.20        0.81        4.35      667.40        0.00        0.00        0.00        0.00        0.00        0.01        0.00        0.00        0.01
2025-11-04 23:38:05      862.53       16.50       31.80     1396.00        4.90      267.00        8.10       29.00       -0.30        0.81        4.33      668.30        0.00        0.00        0.00        0.00        0.00        0.01        0.00        0.00        0.01
2025-11-04 23:38:06      862.29       16.60       31.90     1398.00        4.70      264.00        8.10       29.10       -0.20        0.81        4.37      669.30        0.00        0.00        0.00        0.00        0.00        0.01        0.00        0.00        0.01
2025-11-04 23:38:07      862.23       16.50       31.90     1399.00        4.70      278.00        8.10       29.10       -0.20        0.81        4.35      670.30        0.00        0.00        0.00        0.00        0.00        0.01        0.00        0.00        0.01
2025-11-04 23:38:08      862.37       16.50       31.90     1397.00        4.90      312.00        8.10       29.00       -0.20        0.81        4.36      671.30        0.00        0.00        0.00        0.00        0.00        0.01        0.00        0.00        0.01
2025-11-04 23:38:09      862.65       16.60       31.90     1395.00        5.00      296.00        8.10       29.10       -0.20        0.81        4.36      672.30        0.00        0.00        0.00        0.00        0.00        0.01        0.00        0.00        0.01
2025-11-04 23:38:10      862.34       16.60       32.00     1398.00        4.50      260.00        8.10       29.10       -0.20        0.81        4.38      673.30        0.00        0.00        0.00        0.00        0.00        0.01        0.00        0.00        0.01
2025-11-04 23:38:11      862.29       16.60       32.00     1398.00        4.30      269.00        8.10       29.10       -0.10        0.81        4.39      674.30        0.00        0.00        0.00        0.00        0.00        0.01        0.00        0.00        0.01
2025-11-04 23:38:13      862.41       16.60       32.00     1397.00        3.90      230.00        8.10       29.10       -0.20        0.81        4.37      676.30        0.00        0.00        0.00        0.00        0.00        0.01        0.00        0.00        0.01
2025-11-04 23:38:14      862.51       16.60       32.00     1396.00        3.80      223.00        8.10       29.10       -0.10        0.81        4.40      677.30        0.00        0.00        0.00        0.00        0.00        0.01        0.00        0.00        0.01
2025-11-04 23:38:15      862.64       16.60       32.00     1395.00        3.60      228.00        8.10       29.10       -0.10        0.81        4.39      678.30        0.00        0.00        0.00        0.00        0.00        0.01        0.00        0.00        0.01
2025-11-04 23:38:16      862.36       16.60       31.90     1397.00        3.60      229.00        8.10       29.10       -0.10        0.81        4.39      679.30        0.00        0.00        0.00        0.00        0.00        0.01        0.00        0.00        0.01
2025-11-04 23:38:18      862.49       16.50       31.90     1396.00        3.60      266.00        8.10       29.00       -0.30        0.81        4.33      681.30        0.00        0.00        0.00        0.00        0.00        0.01        0.00        0.00        0.01
2025-11-04 23:38:19      862.22       16.50       31.70     1399.00        3.70      289.00        8.10       29.00       -0.40        0.81        4.31      682.30        0.00        0.00        0.00        0.00        0.00        0.01        0.00        0.00        0.01
2025-11-04 23:38:20      862.20       16.50       31.70     1399.00        3.90      287.00        8.10       29.10       -0.30        0.81        4.32      683.30        0.00        0.00        0.00        0.00        0.00        0.01        0.00        0.00        0.01
2025-11-04 23:38:21      862.28       16.50       31.70     1398.00        3.90      287.00        8.10       29.00       -0.40        0.81        4.31      684.30        0.00        0.00        0.00        0.00        0.00        0.01        0.00        0.00        0.01
2025-11-04 23:38:22      862.38       16.50       31.80     1397.00        3.90      277.00        8.10       29.00       -0.30        0.81        4.32      685.30        0.00        0.00        0.00        0.00        0.00        0.01        0.00        0.00        0.01
2025-11-04 23:38:23      862.32       16.50       31.90     1398.00        4.20      275.00        8.10       29.00       -0.30        0.81        4.33      686.30        0.00        0.00        0.00        0.00        0.00        0.01        0.00        0.00        0.01
2025-11-04 23:38:25      862.46       16.50       31.80     1396.00        4.60      293.00        8.10       29.00       -0.30        0.81        4.32      688.30        0.00        0.00        0.00        0.00        0.00        0.01        0.00        0.00        0.01
2025-11-04 23:38:27      861.96       16.40       31.80     1401.00        4.70      302.00        8.10       29.00       -0.40        0.81        4.31      690.30        0.00        0.00        0.00        0.00        0.00        0.01        0.00        0.00        0.01
2025-11-04 23:38:28      862.11       16.50       31.80     1400.00        4.90      310.00        8.10       29.00       -0.40        0.81        4.31      691.30        0.00        0.00        0.00        0.00        0.00        0.01        0.00        0.00        0.01
2025-11-04 23:38:29      861.95       16.50       31.80     1401.00        5.00      296.00        8.10       29.00       -0.30        0.81        4.32      692.30        0.00        0.00        0.00        0.00        0.00        0.01        0.00        0.00        0.01
2025-11-04 23:38:31      861.90       16.50       32.00     1402.00        5.40      276.00        8.10       29.10       -0.20        0.81        4.36      694.30        0.00        0.00        0.00        0.00        0.00        0.01        0.00        0.00        0.01
2025-11-04 23:38:32      861.92       16.50       31.90     1402.00        5.10      271.00        8.10       29.00       -0.30        0.81        4.33      695.30        0.00        0.00        0.00        0.00        0.00        0.01        0.00        0.00        0.01
2025-11-04 23:38:34      861.62       16.50       32.00     1405.00        5.20      300.00        8.10       29.10       -0.20        0.81        4.36      697.30        0.00        0.00        0.00        0.00        0.00        0.01        0.00        0.00        0.01
2025-11-04 23:38:35      861.68       16.50       32.10     1404.00        5.70      281.00        8.10       29.00       -0.20        0.81        4.36      698.30        0.00        0.00        0.00        0.00        0.00        0.01        0.00        0.00        0.01
2025-11-04 23:38:36      861.84       16.50       32.10     1403.00        4.90      315.00        8.10       29.00       -0.20        0.81        4.37      699.30        0.00        0.00        0.00        0.00        0.00        0.01        0.00        0.00        0.01
2025-11-04 23:38:37      861.80       16.40       32.00     1403.00        4.90      305.00        8.10       29.00       -0.30        0.81        4.34      700.30        0.00        0.00        0.00        0.00        0.00        0.01        0.00        0.00        0.01
2025-11-04 23:38:38      861.73       16.50       32.00     1404.00        4.60      298.00        8.10       29.10       -0.20        0.81        4.35      701.30        0.00        0.00        0.00        0.00        0.00        0.01        0.00        0.00        0.01
2025-11-04 23:38:39      861.76       16.50       32.00     1403.00        4.30      300.00        8.10       29.10       -0.30        0.81        4.35      702.30        0.00        0.00        0.00        0.00        0.00        0.01        0.00        0.00        0.01
2025-11-04 23:38:42      861.59       16.40       31.90     1405.00        3.60      293.00        8.10       29.00       -0.40        0.81        4.31      705.30        0.00        0.00        0.00        0.00        0.00        0.01        0.00        0.00        0.01
2025-11-04 23:38:43      861.49       16.50       31.90     1406.00        3.60      279.00        8.10       29.10       -0.30        0.81        4.34      706.30        0.00        0.00        0.00        0.00        0.00        0.01        0.00        0.00        0.01
2025-11-04 23:38:44      861.45       16.50       32.00     1406.00        3.60      290.00        8.10       29.10       -0.30        0.81        4.35      707.30        0.00        0.00        0.00        0.00        0.00        0.01        0.00        0.00        0.01
2025-11-04 23:38:45      861.54       16.50       31.90     1406.00        3.70      311.00        8.10       29.10       -0.30        0.81        4.33      708.30        0.00        0.00        0.00        0.00        0.00        0.01        0.00        0.00        0.01
2025-11-04 23:38:48      861.58       16.50       32.00     1405.00        3.80      319.00        8.10       29.10       -0.20        0.81        4.35      711.30        0.00        0.00        0.00        0.00        0.00        0.01        0.00        0.00        0.01
2025-11-04 23:38:50      861.25       16.50       32.00     1408.00        3.60      326.00        8.10       29.20       -0.20        0.81        4.36      713.30        0.00        0.00        0.00        0.00        0.00        0.01        0.00        0.00        0.01
2025-11-04 23:38:51      861.29       16.50       31.90     1408.00        3.60      323.00        8.10       29.20       -0.20        0.81        4.36      714.30        0.00        0.00        0.00        0.00        0.00        0.01        0.00        0.00        0.01
2025-11-04 23:38:56      861.09       16.50       31.80     1410.00        4.00      324.00        8.10       29.10       -0.40        0.81        4.31      719.30        0.00        0.00        0.00        0.00        0.00        0.01        0.00        0.00        0.01
2025-11-04 23:38:57      861.30       16.50       31.80     1408.00        3.90      313.00        8.10       29.10       -0.40        0.81        4.31      720.30        0.00        0.00        0.00        0.00        0.00        0.01        0.00        0.00        0.01
2025-11-04 23:38:58      861.02       16.40       31.90     1411.00        3.90      311.00        8.10       29.10       -0.30        0.81        4.32      721.30        0.00        0.00        0.00        0.00        0.00        0.01        0.00        0.00        0.01
2025-11-04 23:38:59      861.19       16.50       31.90     1409.00        4.00      309.00        8.10       29.10       -0.30        0.81        4.33      722.30        0.00        0.00        0.00        0.00        0.00        0.01        0.00        0.00        0.01
2025-11-04 23:39:00      861.23       16.40       31.80     1409.00        4.00      313.00        8.10       29.00       -0.40        0.81        4.30      723.30        0.00        0.00        0.00        0.00        0.00        0.01        0.00        0.00        0.01
2025-11-04 23:39:00      860.93       16.40       31.80     1412.00        4.10      306.00        8.10       29.10       -0.30        0.81        4.32      724.30        0.00        0.00        0.00        0.00        0.00        0.01        0.00        0.00        0.01
2025-11-04 23:39:02      860.90       16.50       31.90     1412.00        4.10      305.00        8.10       29.10       -0.30        0.81        4.35      725.30        0.00        0.00        0.00        0.00        0.00        0.01        0.00        0.00        0.01
2025-11-04 23:39:03      860.85       16.40       31.90     1412.00        4.00      308.00        8.10       29.10       -0.30        0.81        4.33      726.30        0.00        0.00        0.00        0.00        0.00        0.01        0.00        0.00        0.01
2025-11-04 23:39:04      860.81       16.40       31.80     1413.00        3.90      306.00        8.10       29.10       -0.30        0.81        4.32      727.30        0.00        0.00        0.00        0.00        0.00        0.01        0.00        0.00        0.01
2025-11-04 23:39:05      860.68       16.40       31.90     1414.00        3.90      311.00        8.10       29.10       -0.40        0.81        4.31      728.30        0.00        0.00        0.00        0.00        0.00        0.01        0.00        0.00        0.01
2025-11-04 23:39:06      860.90       16.40       31.90     1412.00        3.90      302.00        8.10       29.10       -0.40        0.81        4.31      729.30        0.00        0.00        0.00        0.00        0.00        0.01        0.00        0.00        0.01
2025-11-04 23:39:07      860.87       16.40       31.80     1412.00        3.90      305.00        8.10       29.10       -0.40        0.81        4.31      730.30        0.00        0.00        0.00        0.00        0.00        0.01        0.00        0.00        0.01
2025-11-04 23:39:09      860.81       16.40       31.90     1413.00        3.90      305.00        8.10       29.10       -0.30        0.81        4.33      732.30        0.00        0.00        0.00        0.00        0.00        0.01        0.00        0.00        0.01
2025-11-04 23:39:11      860.57       16.40       31.90     1415.00        3.90      308.00        8.10       29.10       -0.30        0.81        4.33      734.30        0.00        0.00        0.00        0.00        0.00        0.01        0.00        0.00        0.01
2025-11-04 23:39:12      860.62       16.50       31.90     1415.00        3.70      305.00        8.10       29.20       -0.30        0.81        4.34      735.30        0.00        0.00        0.00        0.00        0.00        0.01        0.00        0.00        0.01
2025-11-04 23:39:13      860.65       16.40       31.90     1414.00        3.30      320.00        8.10       29.10       -0.40        0.81        4.31      736.30        0.00        0.00        0.00        0.00        0.00        0.01        0.00        0.00        0.01
2025-11-04 23:39:14      860.52       16.40       31.90     1416.00        3.20      305.00        8.10       29.10       -0.30        0.81        4.32      737.30        0.00        0.00        0.00        0.00        0.00        0.01        0.00        0.00        0.01
2025-11-04 23:39:15      860.67       16.40       31.90     1414.00        3.10      314.00        8.10       29.10       -0.40        0.81        4.32      738.30        0.00        0.00        0.00        0.00        0.00        0.01        0.00        0.00        0.01
2025-11-04 23:39:16      860.73       16.40       31.90     1414.00        3.20      305.00        8.10       29.10       -0.30        0.81        4.32      739.30        0.00        0.00        0.00        0.00        0.00        0.01        0.00        0.00        0.01
2025-11-04 23:39:17      860.53       16.40       31.90     1415.00        3.30      324.00        8.10       29.10       -0.40        0.81        4.31      740.30        0.00        0.00        0.00        0.00        0.00        0.01        0.00        0.00        0.01
2025-11-04 23:39:18      860.49       16.40       31.90     1416.00        3.20      297.00        8.10       29.10       -0.40        0.81        4.30      741.30        0.00        0.00        0.00        0.00        0.00        0.01        0.00        0.00        0.01
2025-11-04 23:39:19      860.50       16.30       31.80     1416.00        3.50      302.00        8.10       29.00       -0.40        0.81        4.29      742.30        0.00        0.00        0.00        0.00        0.00        0.01        0.00        0.00        0.01
2025-11-04 23:39:20      860.48       16.30       31.90     1416.00        3.80      321.00        8.10       29.00       -0.40        0.81        4.30      743.30        0.00        0.00        0.00        0.00        0.00        0.01        0.00        0.00        0.01
2025-11-04 23:39:26      860.35       16.40       32.10     1417.00        4.20      278.00        8.10       29.10       -0.30        0.81        4.35      749.30        0.00        0.00        0.00        0.00        0.00        0.01        0.00        0.00        0.01
2025-11-04 23:39:26      860.16       16.40       32.10     1419.00        4.80      276.00        8.10       29.10       -0.30        0.81        4.34      750.30        0.00        0.00        0.00        0.00        0.00        0.01        0.00        0.00        0.01
2025-11-04 23:39:27      860.08       16.40       32.10     1420.00        5.00      287.00        8.10       29.10       -0.30        0.81        4.34      751.30        0.00        0.00        0.00        0.00        0.00        0.01        0.00        0.00        0.01
2025-11-04 23:39:28      860.00       16.40       32.10     1421.00        4.70      303.00        8.10       29.10       -0.30        0.81        4.34      752.30        0.00        0.00        0.00        0.00        0.00        0.01        0.00        0.00        0.01
2025-11-04 23:39:33      860.04       16.20       32.00     1420.00        5.00      259.00        8.10       28.90       -0.50        0.81        4.27      757.30        0.00        0.00        0.00        0.00        0.00        0.01        0.00        0.00        0.01
2025-11-04 23:39:34      860.01       16.20       32.00     1421.00        4.60      269.00        8.10       28.90       -0.50        0.81        4.28      758.30        0.00        0.00        0.00        0.00        0.00        0.01        0.00        0.00        0.01
2025-11-04 23:39:36      859.88       16.20       32.00     1422.00        4.30      288.00        8.10       28.90       -0.50        0.81        4.27      759.30        0.00        0.00        0.00        0.00        0.00        0.01        0.00        0.00        0.01
2025-11-04 23:39:38      860.12       16.20       32.00     1420.00        3.50      261.00        8.10       28.90       -0.50        0.81        4.27      761.30        0.00        0.00        0.00        0.00        0.00        0.01        0.00        0.00        0.01
2025-11-04 23:39:40      859.94       16.20       32.00     1421.00        3.30      264.00        8.10       29.00       -0.50        0.81        4.28      764.30        0.00        0.00        0.00        0.00        0.00        0.01        0.00        0.00        0.01
2025-11-04 23:39:41      859.87       16.20       32.10     1422.00        3.10      285.00        8.10       28.90       -0.50        0.81        4.28      765.30        0.00        0.00        0.00        0.00        0.00        0.01        0.00        0.00        0.01
2025-11-04 23:39:42      859.76       16.20       32.10     1423.00        3.10      289.00        8.10       28.90       -0.50        0.81        4.28      766.30        0.00        0.00        0.00        0.00        0.00        0.01        0.00        0.00        0.01
2025-11-04 23:39:43      859.61       16.20       32.10     1425.00        3.00      264.00        8.10       28.90       -0.50        0.81        4.28      767.30        0.00        0.00        0.00        0.00        0.00        0.01        0.00        0.00        0.01
2025-11-04 23:39:45      859.77       16.10       32.00     1423.00        2.90      287.00        8.10       28.90       -0.50        0.81        4.26      768.30        0.00        0.00        0.00        0.00        0.00        0.01        0.00        0.00        0.01
2025-11-04 23:39:46      859.61       16.20       32.10     1425.00        3.10      309.00        8.10       29.00       -0.40        0.81        4.30      770.20        0.00        0.00        0.00        0.00        0.00        0.01        0.00        0.00        0.01
2025-11-04 23:39:47      859.73       16.20       32.20     1423.00        3.20      321.00        8.10       28.90       -0.50        0.81        4.29      771.20        0.00        0.00        0.00        0.00        0.00        0.01        0.00        0.00        0.01
2025-11-04 23:39:49      859.53       16.30       32.40     1425.00        3.70      299.00        8.10       29.10       -0.20        0.81        4.39      773.20        0.00        0.00        0.00        0.00        0.00        0.01        0.00        0.00        0.01
2025-11-04 23:39:50      859.54       16.30       32.50     1425.00        4.00      267.00        8.10       29.10       -0.20        0.81        4.38      774.20        0.00        0.00        0.00        0.00        0.00        0.01        0.00        0.00        0.01
2025-11-04 23:39:51      859.59       16.30       32.50     1425.00        3.80      285.00        8.10       29.10       -0.20        0.81        4.38      775.20        0.00        0.00        0.00        0.00        0.00        0.01        0.00        0.00        0.01
2025-11-04 23:39:53      859.63       16.30       32.40     1424.00        3.70      273.00        8.10       29.10       -0.20        0.81        4.36      777.20        0.00        0.00        0.00        0.00        0.00        0.01        0.00        0.00        0.01
2025-11-04 23:39:56      859.47       16.20       32.50     1426.00        4.20      288.00        8.10       29.00       -0.20        0.81        4.37      780.20        0.00        0.00        0.00        0.00        0.00        0.01        0.00        0.00        0.01
2025-11-04 23:39:57      859.36       16.30       32.40     1427.00        4.90      311.00        8.10       29.10       -0.20        0.81        4.36      781.20        0.00        0.00        0.00        0.00        0.00        0.01        0.00        0.00        0.01
2025-11-04 23:39:58      859.31       16.30       32.60     1428.00        5.00      281.00        8.10       29.10       -0.20        0.81        4.39      782.20        0.00        0.00        0.00        0.00        0.00        0.01        0.00        0.00        0.01
2025-11-04 23:40:00      859.30       16.20       32.40     1428.00        4.60      290.00        8.10       29.10       -0.30        0.81        4.35      784.20        0.00        0.00        0.00        0.00        0.00        0.01        0.00        0.00        0.01
2025-11-04 23:40:02      859.64       16.20       32.40     1424.00        4.60      307.00        8.10       28.90       -0.30        0.81        4.33      786.20        0.00        0.00        0.00        0.00        0.00        0.01        0.00        0.00        0.01
2025-11-04 23:40:03      859.52       16.30       32.30     1425.00        4.40      291.00        8.10       29.00       -0.30        0.81        4.35      787.20        0.00        0.00        0.00        0.00        0.00        0.01        0.00        0.00        0.01
2025-11-04 23:40:04      859.35       16.30       32.40     1427.00        4.00      301.00        8.10       29.10       -0.20        0.81        4.37      788.20        0.00        0.00        0.00        0.00        0.00        0.01        0.00        0.00        0.01
2025-11-04 23:40:05      859.39       16.30       32.50     1427.00        3.90      309.00        8.10       29.10       -0.20        0.81        4.38      789.20        0.00        0.00        0.00        0.00        0.00        0.01        0.00        0.00        0.01
2025-11-04 23:40:06      859.45       16.30       32.40     1426.00        3.90      335.00        8.10       29.20       -0.20        0.81        4.39      790.20        0.00        0.00        0.00        0.00        0.00        0.01        0.00        0.00        0.01
2025-11-04 23:40:07      859.45       16.30       32.30     1426.00        3.70      341.00        8.10       29.10       -0.30        0.81        4.36      791.20        0.00        0.00        0.00        0.00        0.00        0.01        0.00        0.00        0.01
2025-11-04 23:40:08      859.33       16.30       32.30     1427.00        3.40      311.00        8.10       29.10       -0.30        0.81        4.34      792.20        0.00        0.00        0.00        0.00        0.00        0.01        0.00        0.00        0.01
2025-11-04 23:40:12      859.05       16.30       32.50     1430.00        4.90      356.00        8.10       29.20       -0.20        0.81        4.40      796.20        0.00        0.00        0.00        0.00        0.00        0.01        0.00        0.00        0.01
2025-11-04 23:40:13      858.87       16.30       32.40     1432.00        4.60      357.00        8.10       29.20       -0.20        0.81        4.39      797.20        0.00        0.00        0.00        0.00        0.00        0.01        0.00        0.00        0.01
2025-11-04 23:40:14      858.84       16.30       32.30     1432.00        5.00      351.00        8.10       29.10       -0.30        0.81        4.34      798.20        0.00        0.00        0.00        0.00        0.00        0.01        0.00        0.00        0.01
2025-11-04 23:40:15      858.97       16.20       32.30     1431.00        5.70      352.00        8.10       29.10       -0.30        0.81        4.33      799.20        0.00        0.00        0.00        0.00        0.00        0.01        0.00        0.00        0.01
2025-11-04 23:40:17      858.72       16.30       32.40     1433.00        6.60      356.00        8.10       29.10       -0.20        0.81        4.37      801.20        0.00        0.00        0.00        0.00        0.00        0.01        0.00        0.00        0.01
2025-11-04 23:40:18      858.79       16.30       32.40     1433.00        6.50      350.00        8.10       29.10       -0.30        0.81        4.36      802.20        0.00        0.00        0.00        0.00        0.00        0.01        0.00        0.00        0.01
2025-11-04 23:40:19      858.69       16.30       32.40     1434.00        6.00       11.00        8.10       29.10       -0.30        0.81        4.36      803.20        0.00        0.00        0.00        0.00        0.00        0.01        0.00        0.00        0.01
2025-11-04 23:40:23      858.62       16.20       32.50     1434.00        4.80      350.00        8.10       29.10       -0.20        0.81        4.37      807.20        0.00        0.00        0.00        0.00        0.00        0.01        0.00        0.00        0.01
2025-11-04 23:40:25      858.41       16.30       32.40     1436.00        4.50      358.00        8.10       29.30       -0.20        0.81        4.39      809.20        0.00        0.00        0.00        0.00        0.00        0.01        0.00        0.00        0.01
2025-11-04 23:40:28      858.37       16.30       32.20     1437.00        4.40      352.00        8.10       29.20       -0.30        0.81        4.35      812.20        0.00        0.00        0.00        0.00        0.00        0.01        0.00        0.00        0.01
2025-11-04 23:40:31      858.25       16.30       32.20     1438.00        4.50      355.00        8.10       29.20       -0.30        0.81        4.34      815.20        0.00        0.00        0.00        0.00        0.00        0.01        0.00        0.00        0.01
2025-11-04 23:40:33      858.17       16.20       32.20     1439.00        4.70      354.00        8.10       29.10       -0.40        0.81        4.32      817.20        0.00        0.00        0.00        0.00        0.00        0.01        0.00        0.00        0.01
2025-11-04 23:40:34      858.14       16.20       32.20     1439.00        4.40      357.00        8.10       29.10       -0.40        0.81        4.31      818.20        0.00        0.00        0.00        0.00        0.00        0.01        0.00        0.00        0.01
2025-11-04 23:40:35      858.21       16.20       32.20     1438.00        4.40      358.00        8.10       29.10       -0.40        0.81        4.31      819.20        0.00        0.00        0.00        0.00        0.00        0.01        0.00        0.00        0.01
2025-11-04 23:40:39      857.95       16.20       32.30     1441.00        3.80      346.00        8.10       29.20       -0.30        0.81        4.35      823.20        0.00        0.00        0.00        0.00        0.00        0.01        0.00        0.00        0.01
2025-11-04 23:40:40      858.11       16.20       32.30     1439.00        3.80      346.00        8.10       29.10       -0.40        0.81        4.33      824.20        0.00        0.00        0.00        0.00        0.00        0.01        0.00        0.00        0.01
2025-11-04 23:40:41      858.20       16.10       32.50     1438.00        3.60      334.00        8.10       29.10       -0.30        0.81        4.34      825.20        0.00        0.00        0.00        0.00        0.00        0.01        0.00        0.00        0.01
2025-11-04 23:40:44      857.87       16.10       32.50     1442.00        3.30      347.00        8.10       29.10       -0.30        0.81        4.34      828.20        0.00        0.00        0.00        0.00        0.00        0.01        0.00        0.00        0.01
2025-11-04 23:40:45      857.88       15.90       32.30     1442.00        3.00        3.00        8.10       28.90       -0.60        0.81        4.25      829.20        0.00        0.00        0.00        0.00        0.00        0.01        0.00        0.00        0.01
2025-11-04 23:40:46      857.84       16.00       32.40     1442.00        2.90        6.00        8.10       29.00       -0.50        0.81        4.28      830.20        0.00        0.00        0.00        0.00        0.00        0.01        0.00        0.00        0.01
2025-11-04 23:40:47      857.92       16.10       32.30     1441.00        2.80        7.00        8.10       29.10       -0.40        0.81        4.31      831.20        0.00        0.00        0.00        0.00        0.00        0.01        0.00        0.00        0.01
2025-11-04 23:40:51      857.57       16.00       32.30     1445.00        3.00       26.00        8.10       29.00       -0.50        0.81        4.27      835.20        0.00        0.00        0.00        0.00        0.00        0.01        0.00        0.00        0.01
2025-11-04 23:40:52      857.53       16.00       32.40     1445.00        3.00       42.00        8.10       29.00       -0.40        0.81        4.30      836.20        0.00        0.00        0.00        0.00        0.00        0.01        0.00        0.00        0.01
2025-11-04 23:40:54      857.56       16.00       32.20     1445.00        2.60       50.00        8.10       28.90       -0.60        0.81        4.24      838.20        0.00        0.00        0.00        0.00        0.00        0.01        0.00        0.00        0.01
2025-11-04 23:40:55      857.66       16.00       32.20     1444.00        2.50       62.00        8.10       29.00       -0.60        0.81        4.26      839.20        0.00        0.00        0.00        0.00        0.00        0.01        0.00        0.00        0.01
2025-11-04 23:40:56      857.37       15.90       32.30     1447.00        2.20       43.00        8.10       28.90       -0.60        0.81        4.26      840.20        0.00        0.00        0.00        0.00        0.00        0.01        0.00        0.00        0.01
2025-11-04 23:40:57      857.40       16.00       32.20     1446.00        2.00       33.00        8.10       29.00       -0.50        0.81        4.28      841.20        0.00        0.00        0.00        0.00        0.00        0.01        0.00        0.00        0.01
2025-11-04 23:40:58      857.43       16.00       32.20     1446.00        1.80       28.00        8.10       28.90       -0.60        0.81        4.25      842.20        0.00        0.00        0.00        0.00        0.00        0.01        0.00        0.00        0.01
2025-11-04 23:40:59      857.40       15.90       32.30     1446.00        1.40       19.00        8.10       28.90       -0.60        0.81        4.23      843.20        0.00        0.00        0.00        0.00        0.00        0.01        0.00        0.00        0.01
2025-11-04 23:41:01      857.49       15.90       32.40     1446.00        1.40        3.00        8.10       28.90       -0.60        0.81        4.26      845.20        0.00        0.00        0.00        0.00        0.00        0.01        0.00        0.00        0.01
2025-11-04 23:41:02      857.48       15.90       32.40     1446.00        1.20      350.00        8.10       28.80       -0.60        0.81        4.24      846.20        0.00        0.00        0.00        0.00        0.00        0.01        0.00        0.00        0.01
2025-11-04 23:41:03      857.68       15.90       32.40     1444.00        1.20      346.00        8.10       28.80       -0.60        0.81        4.25      847.20        0.00        0.00        0.00        0.00        0.00        0.01        0.00        0.00        0.01
2025-11-04 23:41:04      857.47       16.00       32.40     1446.00        1.30      343.00        8.10       29.00       -0.50        0.81        4.29      848.20        0.00        0.00        0.00        0.00        0.00        0.01        0.00        0.00        0.01
2025-11-04 23:41:06      857.32       16.00       32.30     1447.00        1.80      351.00        8.10       29.00       -0.60        0.81        4.25      850.20        0.00        0.00        0.00        0.00        0.00        0.01        0.00        0.00        0.01
2025-11-04 23:41:08      857.30       16.00       32.20     1447.00        2.40      355.00        8.10       29.00       -0.60        0.81        4.25      852.20        0.00        0.00        0.00        0.00        0.00        0.01        0.00        0.00        0.01
2025-11-04 23:41:09      857.50       16.00       32.30     1445.00        2.70      351.00        8.10       29.00       -0.50        0.81        4.28      853.20        0.00        0.00        0.00        0.00        0.00        0.01        0.00        0.00        0.01
2025-11-04 23:41:11      857.43       15.90       32.40     1446.00        3.30      356.00        8.10       28.90       -0.60        0.81        4.26      855.20        0.00        0.00        0.00        0.00        0.00        0.01        0.00        0.00        0.01
2025-11-04 23:41:12      857.30       15.90       32.40     1447.00        3.50      359.00        8.10       28.90       -0.60        0.81        4.26      856.20        0.00        0.00        0.00        0.00        0.00        0.01        0.00        0.00        0.01
2025-11-04 23:41:13      857.35       16.00       32.40     1447.00        3.70        0.00        8.10       29.00       -0.50        0.81        4.28      857.20        0.00        0.00        0.00        0.00        0.00        0.01        0.00        0.00        0.01
2025-11-04 23:41:14      857.30       16.00       32.40     1447.00        3.80        2.00        8.10       29.00       -0.50        0.81        4.28      858.20        0.00        0.00        0.00        0.00        0.00        0.01        0.00        0.00        0.01
2025-11-04 23:41:15      857.20       15.90       32.40     1448.00        3.80      360.00        8.10       28.90       -0.60        0.81        4.26      859.20        0.00        0.00        0.00        0.00        0.00        0.01        0.00        0.00        0.01
2025-11-04 23:41:17      857.22       15.90       32.50     1448.00        3.80        1.00        8.10       28.90       -0.50        0.81        4.27      861.20        0.00        0.00        0.00        0.00        0.00        0.01        0.00        0.00        0.01
2025-11-04 23:41:19      856.91       15.90       32.40     1451.00        3.60      359.00        8.10       28.90       -0.60        0.81        4.26      863.20        0.00        0.00        0.00        0.00        0.00        0.01        0.00        0.00        0.01
2025-11-04 23:41:20      856.77       15.90       32.50     1453.00        3.50      357.00        8.10       29.00       -0.60        0.81        4.27      864.20        0.00        0.00        0.00        0.00        0.00        0.01        0.00        0.00        0.01
2025-11-04 23:41:21      856.70       15.90       32.50     1453.00        3.40        1.00        8.10       29.00       -0.50        0.81        4.29      865.20        0.00        0.00        0.00        0.00        0.00        0.01        0.00        0.00        0.01
2025-11-04 23:41:22      856.82       15.90       32.60     1452.00        3.30        1.00        8.10       29.00       -0.50        0.81        4.29      866.20        0.00        0.00        0.00        0.00        0.00        0.01        0.00        0.00        0.01
2025-11-04 23:41:23      856.69       16.00       32.60     1453.00        3.20        4.00        8.10       29.00       -0.50        0.81        4.30      867.20        0.00        0.00        0.00        0.00        0.00        0.01        0.00        0.00        0.01
2025-11-04 23:41:24      856.94       16.00       32.60     1451.00        3.10        4.00        8.10       29.10       -0.40        0.81        4.32      868.20        0.00        0.00        0.00        0.00        0.00        0.01        0.00        0.00        0.01
2025-11-04 23:41:25      856.88       15.90       32.40     1452.00        3.00        6.00        8.10       29.00       -0.50        0.81        4.27      869.20        0.00        0.00        0.00        0.00        0.00        0.01        0.00        0.00        0.01
2025-11-04 23:41:28      856.47       15.90       32.50     1456.00        3.10      359.00        8.10       28.90       -0.60        0.81        4.27      872.10        0.00        0.00        0.00        0.00        0.00        0.01        0.00        0.00        0.01
2025-11-04 23:41:29      856.35       15.90       32.50     1457.00        3.20        1.00        8.10       29.00       -0.60        0.81        4.27      873.10        0.00        0.00        0.00        0.00        0.00        0.01        0.00        0.00        0.01
2025-11-04 23:41:30      856.82       15.80       32.50     1452.00        3.20        2.00        8.10       28.90       -0.60        0.81        4.25      874.10        0.00        0.00        0.00        0.00        0.00        0.01        0.00        0.00        0.01
2025-11-04 23:41:31      856.58       15.80       32.50     1455.00        3.20      359.00        8.10       28.90       -0.60        0.81        4.26      875.10        0.00        0.00        0.00        0.00        0.00        0.01        0.00        0.00        0.01
2025-11-04 23:41:32      856.57       15.80       32.50     1455.00        3.20      358.00        8.10       28.90       -0.60        0.81        4.26      876.10        0.00        0.00        0.00        0.00        0.00        0.01        0.00        0.00        0.01
2025-11-04 23:41:33      856.58       15.90       32.50     1455.00        3.20      356.00        8.10       28.90       -0.50        0.81        4.27      877.10        0.00        0.00        0.00        0.00        0.00        0.01        0.00        0.00        0.01
2025-11-04 23:41:34      856.65       15.80       32.60     1454.00        3.00      354.00        8.10       28.90       -0.50        0.81        4.27      878.10        0.00        0.00        0.00        0.00        0.00        0.01        0.00        0.00        0.01
2025-11-04 23:41:36      856.54       15.80       32.50     1455.00        2.90      359.00        8.10       28.90       -0.60        0.81        4.24      880.10        0.00        0.00        0.00        0.00        0.00        0.01        0.00        0.00        0.01
2025-11-04 23:41:39      856.38       15.80       32.50     1456.00        2.80        1.00        8.10       28.90       -0.60        0.81        4.25      883.10        0.00        0.00        0.00        0.00        0.00        0.01        0.00        0.00        0.01
2025-11-04 23:41:40      856.50       15.80       32.60     1455.00        2.90      360.00        8.10       28.90       -0.60        0.81        4.26      884.10        0.00        0.00        0.00        0.00        0.00        0.01        0.00        0.00        0.01
2025-11-04 23:41:41      856.36       15.80       32.60     1457.00        3.30      353.00        8.10       28.90       -0.60        0.81        4.26      885.10        0.00        0.00        0.00        0.00        0.00        0.01        0.00        0.00        0.01
2025-11-04 23:41:42      856.29       15.80       32.50     1457.00        3.40      354.00        8.10       28.90       -0.60        0.81        4.26      886.10        0.00        0.00        0.00        0.00        0.00        0.01        0.00        0.00        0.01
2025-11-04 23:41:45      856.28       15.90       32.40     1458.00        4.40      351.00        8.10       29.00       -0.60        0.81        4.27      889.10        0.00        0.00        0.00        0.00        0.00        0.01        0.00        0.00        0.01
2025-11-04 23:41:48      856.19       15.90       32.50     1458.00        4.50      348.00        8.10       29.00       -0.50        0.81        4.27      892.10        0.00        0.00        0.00        0.00        0.00        0.01        0.00        0.00        0.01
2025-11-04 23:41:50      856.09       15.90       32.80     1459.00        4.60      348.00        8.10       29.00       -0.40        0.81        4.31      894.10        0.00        0.00        0.00        0.00        0.00        0.01        0.00        0.00        0.01
2025-11-04 23:41:51      855.90       15.80       32.80     1461.00        4.60      353.00        8.10       29.00       -0.50        0.81        4.30      895.10        0.00        0.00        0.00        0.00        0.00        0.01        0.00        0.00        0.01
2025-11-04 23:41:54      855.96       15.90       32.80     1461.00        5.00      358.00        8.10       29.00       -0.50        0.81        4.30      898.10        0.00        0.00        0.00        0.00        0.00        0.01        0.00        0.00        0.01
2025-11-04 23:41:55      855.81       15.90       32.70     1462.00        5.00      353.00        8.10       29.00       -0.50        0.81        4.30      899.10        0.00        0.00        0.00        0.00        0.00        0.01        0.00        0.00        0.01
2025-11-04 23:41:56      855.66       15.80       32.70     1464.00        4.80      351.00        8.10       29.00       -0.50        0.81        4.29      900.10        0.00        0.00        0.00        0.00        0.00        0.01        0.00        0.00        0.01
2025-11-04 23:41:57      855.79       15.90       32.80     1462.00        4.60      346.00        8.10       29.00       -0.50        0.81        4.31      901.10        0.00        0.00        0.00        0.00        0.00        0.01        0.00        0.00        0.01
2025-11-04 23:41:59      855.84       15.80       32.70     1462.00        4.40      360.00        8.10       29.00       -0.50        0.81        4.29      903.10        0.00        0.00        0.00        0.00        0.00        0.01        0.00        0.00        0.01
2025-11-04 23:42:02      855.80       15.80       32.70     1462.00        3.60      358.00        8.10       29.00       -0.50        0.81        4.28      906.10        0.00        0.00        0.00        0.00        0.00        0.01        0.00        0.00        0.01
2025-11-04 23:42:08      855.59       16.00       32.70     1464.00        3.50      352.00        8.10       29.20       -0.40        0.81        4.34      912.10        0.00        0.00        0.00        0.00        0.00        0.01        0.00        0.00        0.01
2025-11-04 23:42:09      855.39       16.00       32.50     1466.00        3.90      351.00        8.10       29.20       -0.40        0.81        4.32      913.10        0.00        0.00        0.00        0.00        0.00        0.01        0.00        0.00        0.01
2025-11-04 23:42:10      855.67       16.00       32.50     1464.00        4.10      354.00        8.10       29.10       -0.50        0.81        4.30      914.10        0.00        0.00        0.00        0.00        0.00        0.01        0.00        0.00        0.01
2025-11-04 23:42:11      855.51       16.00       32.50     1465.00        4.30      350.00        8.10       29.20       -0.40        0.81        4.31      915.10        0.00        0.00        0.00        0.00        0.00        0.01        0.00        0.00        0.01
2025-11-04 23:42:12      855.37       15.90       32.50     1466.00        4.50      347.00        8.10       29.10       -0.50        0.81        4.30      916.10        0.00        0.00        0.00        0.00        0.00        0.01        0.00        0.00        0.01
2025-11-04 23:42:13      855.25       15.90       32.40     1468.00        4.40      349.00        8.10       29.10       -0.60        0.81        4.27      917.10        0.00        0.00        0.00        0.00        0.00        0.01        0.00        0.00        0.01
2025-11-04 23:42:15      855.52       15.90       32.40     1465.00        4.10      345.00        8.10       29.10       -0.50        0.81        4.27      919.10        0.00        0.00        0.00        0.00        0.00        0.01        0.00        0.00        0.01
2025-11-04 23:42:16      855.24       15.90       32.50     1468.00        4.20      353.00        8.10       29.10       -0.50        0.81        4.29      920.10        0.00        0.00        0.00        0.00        0.00        0.01        0.00        0.00        0.01
2025-11-04 23:42:17      855.40       16.00       32.40     1466.00        4.20      356.00        8.10       29.20       -0.50        0.81        4.29      921.10        0.00        0.00        0.00        0.00        0.00        0.01        0.00        0.00        0.01
2025-11-04 23:42:18      855.29       16.00       32.40     1467.00        3.90      353.00        8.10       29.20       -0.50        0.81        4.28      922.10        0.00        0.00        0.00        0.00        0.00        0.01        0.00        0.00        0.01
2025-11-04 23:42:19      855.01       16.00       32.30     1470.00        3.80      355.00        8.10       29.20       -0.50        0.81        4.28      923.10        0.00        0.00        0.00        0.00        0.00        0.01        0.00        0.00        0.01
2025-11-04 23:42:20      855.23       15.80       32.20     1468.00        3.80      360.00        8.10       29.00       -0.70        0.81        4.22      924.10        0.00        0.00        0.00        0.00        0.00        0.01        0.00        0.00        0.01
2025-11-04 23:42:21      855.08       16.00       32.20     1469.00        4.10      355.00        8.10       29.20       -0.60        0.81        4.26      925.10        0.00        0.00        0.00        0.00        0.00        0.01        0.00        0.00        0.01
2025-11-04 23:42:22      855.08       16.00       32.10     1469.00        3.90      354.00        8.10       29.20       -0.60        0.81        4.25      926.10        0.00        0.00        0.00        0.00        0.00        0.01        0.00        0.00        0.01
2025-11-04 23:42:23      855.16       15.90       32.00     1469.00        3.90      359.00        8.10       29.10       -0.70        0.81        4.21      927.10        0.00        0.00        0.00        0.00        0.00        0.01        0.00        0.00        0.01
2025-11-04 23:42:24      855.08       16.00       32.00     1469.00        3.90      354.00        8.10       29.20       -0.60        0.81        4.25      928.10        0.00        0.00        0.00        0.00        0.00        0.01        0.00        0.00        0.01
2025-11-04 23:42:25      854.94       15.90       31.80     1471.00        3.90      358.00        8.10       29.10       -0.80        0.81        4.18      929.10        0.00        0.00        0.00        0.00        0.00        0.01        0.00        0.00        0.01
2025-11-04 23:42:26      855.03       15.80       31.80     1470.00        3.90      360.00        8.10       29.00       -0.90        0.81        4.14      930.10        0.00        0.00        0.00        0.00        0.00        0.01        0.00        0.00        0.01
2025-11-04 23:42:28      855.16       15.80       31.70     1469.00        3.90      360.00        8.10       29.00       -0.90        0.81        4.14      932.10        0.00        0.00        0.00        0.00        0.00        0.01        0.00        0.00        0.01
2025-11-04 23:42:29      855.01       15.90       31.80     1470.00        3.90        1.00        8.10       29.20       -0.80        0.81        4.19      933.10        0.00        0.00        0.00        0.00        0.00        0.01        0.00        0.00        0.01
2025-11-04 23:42:31      854.77       15.90       31.80     1472.00        3.90      359.00        8.10       29.20       -0.80        0.81        4.18      935.10        0.00        0.00        0.00        0.00        0.00        0.01        0.00        0.00        0.01
2025-11-04 23:42:32      854.69       15.90       31.80     1473.00        3.90      359.00        8.10       29.20       -0.80        0.81        4.19      936.10        0.00        0.00        0.00        0.00        0.00        0.01        0.00        0.00        0.01
2025-11-04 23:42:33      854.81       15.90       31.70     1472.00        3.80      359.00        8.10       29.20       -0.90        0.81        4.17      937.10        0.00        0.00        0.00        0.00        0.00        0.01        0.00        0.00        0.01
2025-11-04 23:42:34      854.76       15.90       31.60     1473.00        3.90        2.00        8.10       29.10       -0.90        0.81        4.15      938.10        0.00        0.00        0.00        0.00        0.00        0.01        0.00        0.00        0.01
2025-11-04 23:42:35      854.90       15.80       31.60     1471.00        4.10        1.00        8.10       29.10       -1.00        0.81        4.13      939.10        0.00        0.00        0.00        0.00        0.00        0.01        0.00        0.00        0.01
2025-11-04 23:42:36      854.72       15.80       31.50     1473.00        4.10        5.00        8.10       29.10       -1.00        0.80        4.12      940.10        0.00        0.00        0.00        0.00        0.00        0.01        0.00        0.00        0.01
2025-11-04 23:42:37      854.65       15.80       31.50     1474.00        4.10        6.00        8.10       29.10       -1.00        0.80        4.10      941.10        0.00        0.00        0.00        0.00        0.00        0.01        0.00        0.00        0.01
2025-11-04 23:42:38      854.71       15.80       31.40     1473.00        4.10        4.00        8.10       29.10       -1.10        0.80        4.10      942.10        0.00        0.00        0.00        0.00        0.00        0.01        0.00        0.00        0.01
2025-11-04 23:42:39      854.74       15.80       31.30     1473.00        4.10        4.00        8.10       29.10       -1.10        0.80        4.07      943.10        0.00        0.00        0.00        0.00        0.00        0.01        0.00        0.00        0.01
2025-11-04 23:42:41      854.65       15.80       31.10     1474.00        4.10        6.00        8.10       29.10       -1.20        0.80        4.05      945.10        0.00        0.00        0.00        0.00        0.00        0.01        0.00        0.00        0.01
2025-11-04 23:42:42      854.49       15.80       31.10     1475.00        4.00        5.00        8.10       29.10       -1.20        0.80        4.04      946.10        0.00        0.00        0.00        0.00        0.00        0.01        0.00        0.00        0.01
2025-11-04 23:42:43      854.58       15.80       31.00     1474.00        3.90        6.00        8.10       29.10       -1.30        0.80        4.03      947.10        0.00        0.00        0.00        0.00        0.00        0.01        0.00        0.00        0.01
2025-11-04 23:42:44      854.64       15.80       30.80     1474.00        3.90        7.00        8.10       29.10       -1.30        0.80        4.01      948.10        0.00        0.00        0.00        0.00        0.00        0.01        0.00        0.00        0.01
2025-11-04 23:42:46      854.48       15.90       30.80     1475.00        3.80        5.00        8.10       29.20       -1.20        0.80        4.04      950.10        0.00        0.00        0.00        0.00        0.00        0.01        0.00        0.00        0.01
2025-11-04 23:42:47      854.48       16.00       30.90     1475.00        3.90        5.00        8.10       29.30       -1.20        0.80        4.06      951.10        0.00        0.00        0.00        0.00        0.00        0.01        0.00        0.00        0.01
2025-11-04 23:42:48      854.59       15.90       30.90     1474.00        3.70        1.00        8.10       29.20       -1.20        0.80        4.06      952.10        0.00        0.00        0.00        0.00        0.00        0.01        0.00        0.00        0.01
2025-11-04 23:42:49      854.24       16.00       31.00     1478.00        3.80        4.00        8.10       29.30       -1.10        0.80        4.07      953.10        0.00        0.00        0.00        0.00        0.00        0.01        0.00        0.00        0.01
2025-11-04 23:42:50      854.28       15.80       30.70     1477.00        4.20      359.00        8.10       29.10       -1.30        0.80        4.01      954.10        0.00        0.00        0.00        0.00        0.00        0.01        0.00        0.00        0.01
2025-11-04 23:42:52      854.09       16.00       31.10     1479.00        4.80        6.00        8.10       29.30       -1.10        0.80        4.09      956.10        0.00        0.00        0.00        0.00        0.00        0.01        0.00        0.00        0.01
2025-11-04 23:42:53      854.41       16.00       30.90     1476.00        4.80        4.00        8.10       29.30       -1.10        0.80        4.08      957.10        0.00        0.00        0.00        0.00        0.00        0.01        0.00        0.00        0.01
2025-11-04 23:42:55      854.24       16.10       31.10     1478.00        5.10        3.00        8.10       29.40       -1.00        0.80        4.13      959.10        0.00        0.00        0.00        0.00        0.00        0.01        0.00        0.00        0.01
2025-11-04 23:42:56      853.99       15.90       31.10     1480.00        5.30        2.00        8.10       29.20       -1.20        0.80        4.06      960.10        0.00        0.00        0.00        0.00        0.00        0.01        0.00        0.00        0.01
2025-11-04 23:42:57      854.01       15.90       31.10     1480.00        5.20        3.00        8.10       29.20       -1.10        0.80        4.08      961.10        0.00        0.00        0.00        0.00        0.00        0.01        0.00        0.00        0.01
2025-11-04 23:42:58      854.19       15.90       31.10     1478.00        5.10      360.00        8.10       29.20       -1.10        0.80        4.07      962.10        0.00        0.00        0.00        0.00        0.00        0.01        0.00        0.00        0.01
2025-11-04 23:42:59      853.92       15.90       31.10     1481.00        5.00        2.00        8.10       29.20       -1.20        0.80        4.07      963.10        0.00        0.00        0.00        0.00        0.00        0.01        0.00        0.00        0.01
2025-11-04 23:43:00      853.93       15.90       31.10     1481.00        5.00      359.00        8.10       29.30       -1.10        0.80        4.08      964.10        0.00        0.00        0.00        0.00        0.00        0.01        0.00        0.00        0.01
2025-11-04 23:43:01      853.90       15.80       31.10     1481.00        4.60        1.00        8.10       29.20       -1.20        0.80        4.05      965.10        0.00        0.00        0.00        0.00        0.00        0.01        0.00        0.00        0.01
2025-11-04 23:43:02      854.08       15.90       31.10     1479.00        4.40      357.00        8.10       29.20       -1.20        0.80        4.07      966.10        0.00        0.00        0.00        0.00        0.00        0.01        0.00        0.00        0.01
2025-11-04 23:43:03      853.93       15.90       31.10     1481.00        4.30      356.00        8.10       29.20       -1.10        0.80        4.08      967.10        0.00        0.00        0.00        0.00        0.00        0.01        0.00        0.00        0.01
2025-11-04 23:43:06      853.81       15.80       31.10     1482.00        3.70        1.00        8.10       29.20       -1.20        0.80        4.06      970.10        0.00        0.00        0.00        0.00        0.00        0.01        0.00        0.00        0.01
2025-11-04 23:43:10      853.88       15.90       31.00     1481.00        3.50      353.00        8.10       29.30       -1.10        0.80        4.07      974.00        0.00        0.00        0.00        0.00        0.00        0.01        0.00        0.00        0.01
2025-11-04 23:43:11      853.80       15.90       31.00     1482.00        3.30      350.00        8.10       29.30       -1.20        0.80        4.06      975.00        0.00        0.00        0.00        0.00        0.00        0.01        0.00        0.00        0.01
2025-11-04 23:43:15      853.74       15.80       30.80     1483.00        2.90      353.00        8.10       29.20       -1.30        0.80        4.02      979.00        0.00        0.00        0.00        0.00        0.00        0.01        0.00        0.00        0.01
2025-11-04 23:43:17      853.66       15.80       30.70     1484.00        2.70      352.00        8.10       29.20       -1.40        0.80        4.00      981.00        0.00        0.00        0.00        0.00        0.00        0.01        0.00        0.00        0.01
2025-11-04 23:43:21      853.40       15.80       31.10     1486.00        3.60      359.00        8.10       29.20       -1.20        0.80        4.06      985.00        0.00        0.00        0.00        0.00        0.00        0.01        0.00        0.00        0.01
2025-11-04 23:43:22      853.70       15.70       31.10     1483.00        3.90      356.00        8.10       29.10       -1.30        0.80        4.03      986.00        0.00        0.00        0.00        0.00        0.00        0.01        0.00        0.00        0.01
2025-11-04 23:43:26      853.50       15.70       31.30     1485.00        3.60      354.00        8.10       29.10       -1.20        0.80        4.05      990.00        0.00        0.00        0.00        0.00        0.00        0.01        0.00        0.00        0.01
2025-11-04 23:43:27      853.41       15.70       31.50     1486.00        3.30      359.00        8.10       29.10       -1.10        0.80        4.09      991.00        0.00        0.00        0.00        0.00        0.00        0.01        0.00        0.00        0.01
2025-11-04 23:43:28      853.46       15.70       31.40     1485.00        3.20      355.00        8.10       29.10       -1.10        0.80        4.09      992.00        0.00        0.00        0.00        0.00        0.00        0.01        0.00        0.00        0.01
2025-11-04 23:43:30      853.23       15.80       31.30     1488.00        3.00        2.00        8.10       29.20       -1.10        0.80        4.08      994.00        0.00        0.00        0.00        0.00        0.00        0.01        0.00        0.00        0.01
2025-11-04 23:43:31      853.09       15.70       31.50     1489.00        3.20      356.00        8.10       29.10       -1.10        0.80        4.08      995.00        0.00        0.00        0.00        0.00        0.00        0.01        0.00        0.00        0.01
2025-11-04 23:43:32      853.29       15.70       31.40     1487.00        3.40      349.00        8.10       29.10       -1.20        0.80        4.07      996.00        0.00        0.00        0.00        0.00        0.00        0.01        0.00        0.00        0.01
2025-11-04 23:43:34      853.05       15.70       31.30     1490.00        3.30      356.00        8.10       29.10       -1.20        0.80        4.05      998.00        0.00        0.00        0.00        0.00        0.00        0.01        0.00        0.00        0.01
2025-11-04 23:43:35      853.06       15.80       31.10     1489.00        3.00      356.00        8.10       29.20       -1.20        0.80        4.05      999.00        0.00        0.00        0.00        0.00        0.00        0.01        0.00        0.00        0.01
2025-11-04 23:43:38      853.16       15.70       30.80     1488.00        2.80        3.00        8.10       29.10       -1.40        0.80        3.98     1002.00        0.00        0.00        0.00        0.00        0.00        0.01        0.00        0.00        0.01
2025-11-04 23:43:39      853.13       15.80       30.80     1489.00        2.70        1.00        8.10       29.20       -1.40        0.80        3.99     1003.00        0.00        0.00        0.00        0.00        0.00        0.01        0.00        0.00        0.01
2025-11-04 23:43:40      852.95       15.80       30.70     1491.00        2.70      360.00        8.10       29.20       -1.40        0.80        4.00     1004.00        0.00        0.00        0.00        0.00        0.00        0.01        0.00        0.00        0.01
2025-11-04 23:43:41      852.88       15.80       30.70     1491.00        2.70        0.00        8.10       29.20       -1.40        0.80        3.98     1005.00        0.00        0.00        0.00        0.00        0.00        0.01        0.00        0.00        0.01
2025-11-04 23:43:42      853.07       15.70       30.70     1489.00        2.80        3.00        8.10       29.20       -1.50        0.80        3.97     1006.00        0.00        0.00        0.00        0.00        0.00        0.01        0.00        0.00        0.01
2025-11-04 23:43:43      852.87       15.80       30.70     1491.00        3.00        4.00        8.10       29.20       -1.40        0.80        3.98     1007.00        0.00        0.00        0.00        0.00        0.00        0.01        0.00        0.00        0.01
2025-11-04 23:43:44      852.94       15.70       30.70     1491.00        3.10        4.00        8.10       29.10       -1.50        0.80        3.96     1008.00        0.00        0.00        0.00        0.00        0.00        0.01        0.00        0.00        0.01
2025-11-04 23:43:45      852.80       15.70       30.60     1492.00        3.00        6.00        8.10       29.20       -1.50        0.80        3.97     1009.00        0.00        0.00        0.00        0.00        0.00        0.01        0.00        0.00        0.01
2025-11-04 23:43:46      852.92       15.70       30.70     1491.00        3.00        4.00        8.10       29.10       -1.50        0.80        3.97     1010.00        0.00        0.00        0.00        0.00        0.00        0.01        0.00        0.00        0.01
2025-11-04 23:43:47      852.97       15.70       30.80     1490.00        3.00        4.00        8.10       29.20       -1.40        0.80        3.99     1011.00        0.00        0.00        0.00        0.00        0.00        0.01        0.00        0.00        0.01
2025-11-04 23:43:49      852.95       15.70       31.00     1491.00        3.00        3.00        8.10       29.10       -1.30        0.80        4.01     1013.00        0.00        0.00        0.00        0.00        0.00        0.01        0.00        0.00        0.01
2025-11-04 23:43:50      852.81       15.70       31.00     1492.00        2.90        5.00        8.10       29.20       -1.30        0.80        4.01     1014.00        0.00        0.00        0.00        0.00        0.00        0.01        0.00        0.00        0.01
2025-11-04 23:43:52      852.79       15.60       31.30     1492.00        2.90        5.00        8.10       29.10       -1.30        0.80        4.04     1016.00        0.00        0.00        0.00        0.00        0.00        0.01        0.00        0.00        0.01
2025-11-04 23:43:53      852.77       15.60       31.50     1492.00        3.00        1.00        8.10       29.10       -1.20        0.80        4.07     1017.00        0.00        0.00        0.00        0.00        0.00        0.01        0.00        0.00        0.01
2025-11-04 23:43:54      852.68       15.60       31.50     1493.00        3.30        3.00        8.10       29.00       -1.20        0.80        4.05     1018.00        0.00        0.00        0.00        0.00        0.00        0.01        0.00        0.00        0.01
2025-11-04 23:43:55      852.54       15.60       31.70     1495.00        3.40        0.00        8.10       29.00       -1.10        0.80        4.08     1019.00        0.00        0.00        0.00        0.00        0.00        0.01        0.00        0.00        0.01
2025-11-04 23:43:56      852.61       15.60       31.90     1494.00        3.40      355.00        8.10       29.00       -1.10        0.80        4.10     1020.00        0.00        0.00        0.00        0.00        0.00        0.01        0.00        0.00        0.01
2025-11-04 23:43:57      852.85       15.60       32.00     1492.00        3.50      354.00        8.10       29.00       -1.00        0.80        4.12     1021.00        0.00        0.00        0.00        0.00        0.00        0.01        0.00        0.00        0.01
2025-11-04 23:43:58      852.53       15.60       32.10     1495.00        3.60      358.00        8.10       29.00       -1.00        0.80        4.13     1022.00        0.00        0.00        0.00        0.00        0.00        0.01        0.00        0.00        0.01
2025-11-04 23:43:59      852.67       15.50       32.20     1493.00        3.50      359.00        8.10       29.00       -1.00        0.81        4.13     1023.00        0.00        0.00        0.00        0.00        0.00        0.01        0.00        0.00        0.01
2025-11-04 23:44:01      852.46       15.50       32.40     1495.00        3.40        1.00        8.10       29.00       -0.90        0.81        4.17     1025.00        0.00        0.00        0.00        0.00        0.00        0.01        0.00        0.00        0.01
2025-11-04 23:44:02      852.53       15.50       32.50     1495.00        3.30      353.00        8.10       29.00       -0.90        0.81        4.18     1026.00        0.00        0.00        0.00        0.00        0.00        0.01        0.00        0.00        0.01
2025-11-04 23:44:03      852.54       15.50       32.60     1495.00        3.20      354.00        8.10       29.00       -0.90        0.81        4.18     1027.00        0.00        0.00        0.00        0.00        0.00        0.01        0.00        0.00        0.01
2025-11-04 23:44:05      852.48       15.50       32.60     1495.00        3.20      357.00        8.10       29.00       -0.80        0.81        4.19     1029.00        0.00        0.00        0.00        0.00        0.00        0.01        0.00        0.00        0.01
2025-11-04 23:44:07      852.28       15.50       32.80     1497.00        3.20      345.00        8.10       29.00       -0.80        0.81        4.21     1031.00        0.00        0.00        0.00        0.00        0.00        0.01        0.00        0.00        0.01
2025-11-04 23:44:08      852.26       15.50       32.80     1497.00        3.20      351.00        8.10       28.90       -0.80        0.81        4.21     1032.00        0.00        0.00        0.00        0.00        0.00        0.01        0.00        0.00        0.01
2025-11-04 23:44:11      852.15       15.50       33.00     1498.00        3.40      359.00        8.10       29.00       -0.70        0.81        4.25     1035.00        0.00        0.00        0.00        0.00        0.00        0.01        0.00        0.00        0.01
2025-11-04 23:44:12      852.27       15.50       32.90     1497.00        3.40      359.00        8.10       28.90       -0.80        0.81        4.22     1036.00        0.00        0.00        0.00        0.00        0.00        0.01        0.00        0.00        0.01
2025-11-04 23:44:13      852.14       15.50       33.00     1499.00        3.50        1.00        8.10       29.00       -0.70        0.81        4.24     1037.00        0.00        0.00        0.00        0.00        0.00        0.01        0.00        0.00        0.01
