jday_sn1,hour_sn1,minx_sn1,wsp_sn1,truewdir_sn1,Tsm_sn1,wu_cov_sn1,wv_cov_sn1,uv_cov_sn1,wT_cov_sn1,uT_cov_sn1,vT_cov_sn1,sigu_cov_sn1,sigv_cov_sn1,sigw_cov_sn1,sigT_cov_sn1
272,0,0,0.89681036,34.082655,23.880574,-0.066118789,-0.0024289724,0.02571527,0.0031973081,-0.0069941437,-0.0022988187,0.49699975,0.47068285,0.26266234,0.10357283
272,0,5,0.87772435,34.63422,23.66745,-0.050431723,0.00046262774,-0.0063439193,-0.0033957078,0.0098451241,0.0025500635,0.48344039,0.44529583,0.23123431,0.098006456
272,0,10,0.85460534,46.18889,23.55805,-0.059542807,-0.0047759687,0.01610585,-0.0096501294,0.027122644,0.0048525085,0.49900361,0.43177235,0.24948279,0.10891097
272,0,15,0.69490141,15.164476,23.42432,-0.021647243,0.0070742388,0.01075502,-0.0082514162,0.020168116,0.0091687743,0.34730637,0.30833987,0.18577576,0.13321459
272,0,20,0.61215787,39.959612,23.299402,-0.024026575,-0.0031997644,0.0049264909,-0.012291299,0.025085203,0.0059963675,0.3292565,0.27361069,0.17266519,0.15847027
272,0,25,0.42254956,42.257032,23.14727,-0.01647879,0.0013454612,0.012464064,-0.008815085,0.018934861,0.003222517,0.29644604,0.26030712,0.1518676,0.18435743
272,0,30,0.58085504,30.324901,23.106233,-0.023575253,0.0010477203,-0.0040880581,-0.013652537,0.030327331,0.0018602873,0.31300534,0.29648982,0.16491925,0.1848386
272,0,35,0.2573807,9.4859959,22.816469,-0.0032900041,0.0016365272,0.0066946166,-0.0062796941,0.012122521,-0.00093635447,0.15676194,0.17077687,0.083453909,0.22771974
272,0,40,0.56182802,349.72866,22.821791,-0.0041641373,0.002960711,-0.00031768987,-0.0090990885,0.040875404,-0.0088147437,0.24038488,0.1467437,0.086528153,0.2827086
272,0,45,0.29434928,337.93062,22.626098,-0.0013491169,-0.00049135661,0.0011981491,-0.0067383894,0.0075423355,-0.0034706427,0.14869719,0.14191404,0.075060292,0.30888218
272,0,50,0.40528552,345.78738,22.398287,-0.0031934648,0.0014006076,0.007847577,-0.010340988,0.036034395,0.0071226862,0.20547112,0.23423261,0.095063695,0.35055968
272,0,55,0.50747991,343.18169,22.625455,0.0011595064,0.0043182658,-0.0061323718,-0.0087223547,0.033266254,-0.02387307,0.23723311,0.19792872,0.10051482,0.37664024
272,1,0,0.31183032,310.03431,22.080888,0.0015041898,-0.0014209869,0.0036310159,-0.0069504779,-0.018943787,-0.063872511,0.16389487,0.23171685,0.070133673,0.53738773
272,1,5,0.63508318,281.37718,20.89676,-0.002897882,0.0020181931,0.0024596099,-0.0012446048,0.010781955,0.01007332,0.15863337,0.14585722,0.07421377,0.46251849
272,1,10,0.78691515,292.97817,20.251707,-0.0080803851,0.00070060756,0.0070770829,-0.010494502,0.027662247,0.0027545468,0.18384727,0.16155709,0.10493473,0.32280832
272,1,15,0.91832691,286.8521,19.966868,-0.0054865219,0.001911963,0.0023058872,-0.0091319357,0.023933108,0.00099252698,0.1664984,0.14235079,0.094206871,0.30470626
272,1,20,0.92627192,289.54385,19.824585,-0.01081593,0.002955588,0.0068382387,-0.01205851,0.041369481,0.01732268,0.24251017,0.19811751,0.12546726,0.32503856
272,1,25,0.9780162,300.30023,19.791486,-0.018295011,-0.0032576053,-0.0010908612,-0.016487939,0.03032919,0.036936356,0.23534805,0.34896751,0.16298242,0.29609332
272,1,30,0.96767253,302.74342,19.405476,-0.018408586,0.00029017272,-0.0081990921,-0.015657045,0.027395534,-0.0048336577,0.2446146,0.24118937,0.17498733,0.22709799
272,1,35,1.1408776,292.5096,19.227939,-0.017791329,0.0059496939,0.0080000807,-0.014527439,0.037515664,-7.3631983e-05,0.27640253,0.2453379,0.16733765,0.24703133
272,1,40,0.94254271,288.2557,19.050504,-0.010424411,0.0020534348,0.011208558,-0.013083582,0.040026483,0.015305386,0.22510226,0.19292289,0.1251212,0.30353115
272,1,45,1.0222888,298.75257,19.530169,-0.024963442,0.0016017689,0.010240068,-0.021447198,0.025110844,-0.015789597,0.3190313,0.29216566,0.18156061,0.4539097
272,1,50,1.0379214,302.25294,19.192518,-0.025264598,-0.0026743833,0.0011858348,-0.016584941,0.034595829,0.00044391695,0.28255005,0.26341054,0.19081173,0.24627853
272,1,55,1.3078205,292.85903,19.239945,-0.032638523,-0.00059688104,0.021121642,-0.02630465,0.071842138,0.028419785,0.34183896,0.29403478,0.21274085,0.35629902
272,2,0,1.5153076,291.59035,19.584945,-0.034401061,0.0066941132,0.017561532,-0.023565829,0.06014011,0.0093541316,0.3577275,0.29759403,0.21965674,0.27768509
272,2,5,1.3657213,292.21584,19.435825,-0.034157322,0.0013852837,0.020584518,-0.020091548,0.055609133,0.011426482,0.3472,0.28940271,0.2138285,0.26351183
272,2,10,1.3911614,291.8892,19.759511,-0.026800399,0.0050641995,0.0084709824,-0.021357844,0.054654864,-0.0025027696,0.32520797,0.27140575,0.18966227,0.29063885
272,2,15,1.5338715,284.46476,19.617871,-0.026162638,0.008260928,0.0055899301,-0.02457072,0.058858444,-0.0078681575,0.34390626,0.28191277,0.19233335,0.29597798
272,2,20,1.4857081,294.93551,19.554336,-0.046891198,-0.0014023752,0.036137215,-0.030677882,0.073637883,0.010485844,0.41270793,0.33863569,0.25072349,0.28917456
272,2,25,1.6063263,291.07876,19.451796,-0.039566139,0.0064823578,0.014099399,-0.026491106,0.074577385,0.0092686989,0.40001182,0.31203242,0.23227296,0.33528554
272,2,30,1.5413346,288.45366,19.444065,-0.024698851,0.0086739624,0.0010978302,-0.021392052,0.049601045,-0.0026974737,0.31865589,0.28864711,0.20054274,0.29976329
272,2,35,1.6154985,287.553,19.355199,-0.026115361,0.0088688568,0.0037825698,-0.019018365,0.05838731,0.0015685786,0.35771613,0.2780673,0.19469419,0.28961098
272,2,40,1.4947608,287.95452,19.38277,-0.024667216,0.0040007534,0.0082402031,-0.019135361,0.056585319,7.3774617e-06,0.33767013,0.27545406,0.19885482,0.3096708
272,2,45,1.5305147,291.59792,19.092789,-0.038610726,0.00086059555,0.021125494,-0.021241224,0.055018657,0.0078547887,0.38623632,0.29114523,0.22605209,0.25747822
272,2,50,1.3793203,294.38144,18.997504,-0.035334159,-0.002223276,0.023769479,-0.023718832,0.052175559,0.0096698423,0.36221378,0.29362374,0.22256054,0.26298427
272,2,55,1.401559,295.9287,19.066963,-0.047466986,-0.0035422901,0.0294774,-0.028840531,0.061820198,0.01209382,0.38942971,0.32373718,0.24965278,0.29017539
272,3,0,1.4022919,296.23309,19.062827,-0.045845628,-0.00086514836,0.029150143,-0.027992844,0.056854838,0.01278381,0.37518159,0.33194347,0.26370068,0.26609704
272,3,5,1.3634636,295.19191,19.396584,-0.038497865,-0.002357855,0.034490168,-0.029514544,0.062881827,0.017818464,0.36528354,0.31105001,0.24065757,0.28069824
272,3,10,1.3245323,296.97167,19.149921,-0.043251353,-0.0070700445,0.023500683,-0.028713426,0.052263974,0.0057137358,0.36327842,0.32576909,0.24847014,0.25901759
272,3,15,1.5523642,290.7913,19.298239,-0.032274403,0.0069168608,0.0068312289,-0.022634576,0.053688277,0.0033544358,0.37358873,0.30646685,0.21933049,0.27858518
272,3,20,1.4147785,293.85539,19.210711,-0.044918639,-0.0017606524,0.032802346,-0.028288392,0.073893674,0.018481604,0.39864773,0.32136133,0.25146915,0.29750259
272,3,25,1.489425,294.54423,19.293622,-0.044554121,0.00072668502,0.033333547,-0.027975236,0.074968786,0.016619589,0.41486704,0.32361858,0.24253267,0.2986934
272,3,30,1.531967,291.20971,19.15476,-0.033968601,0.0062550636,0.020201755,-0.023952139,0.061238395,0.01057755,0.36522154,0.29873375,0.21746729,0.29166891
272,3,35,1.5787529,290.57451,19.304757,-0.034267692,0.0051958722,0.012302536,-0.023671242,0.057658105,0.0053497056,0.3601612,0.28922355,0.21744065,0.31327848
272,3,40,1.6189322,291.51745,19.402635,-0.039255093,0.0027129767,0.01845907,-0.02839012,0.073084679,0.0086112805,0.38682409,0.32092307,0.23888259,0.31532107
272,3,45,1.5185693,290.05511,19.285852,-0.028182053,0.005899063,0.012178338,-0.019850218,0.04878961,-0.00014909279,0.33683662,0.28969919,0.2085263,0.28497266
272,3,50,1.5263392,288.75625,18.998193,-0.020962465,0.0083408129,0.0047694097,-0.018818019,0.046794736,-0.0012749687,0.32190399,0.27793682,0.18980848,0.28329163
272,3,55,1.5064439,291.97921,18.716316,-0.034909184,0.0040471196,0.016327179,-0.022282592,0.050496389,0.0075124301,0.36532695,0.2981847,0.21656052,0.26746925
272,4,0,1.5729875,290.92855,18.949592,-0.030342557,0.0071364095,0.012396758,-0.022694787,0.051680311,0.0028812151,0.3762499,0.30049729,0.22164652,0.29025629
272,4,5,1.5530146,293.06418,19.025504,-0.039953425,0.0031616829,0.019578953,-0.02462829,0.072129658,-0.00065708105,0.39110186,0.30801566,0.23545897,0.35366013
272,4,10,1.6722808,288.97547,19.275862,-0.035384049,0.0096286382,0.0069395057,-0.024886044,0.059873847,0.0022606605,0.38529152,0.314621,0.23779481,0.29424046
272,4,15,1.609529,288.28406,18.918739,-0.030212925,0.0084097953,0.0071538315,-0.0219753,0.059285512,0.0056594384,0.3479242,0.30143776,0.21789023,0.2987539
272,4,20,1.5914285,287.75815,18.791783,-0.029960347,0.006174254,0.0031341403,-0.022622166,0.05165335,-0.015956706,0.33724021,0.2818007,0.20203803,0.38480373
272,4,25,1.206729,288.12449,18.805499,-0.020197368,0.0016906686,0.0029734931,-0.020769363,0.059049785,-0.0043656511,0.3179354,0.24294873,0.17454405,0.40643325
272,4,30,0.23758881,20.04267,18.935866,0.00034871582,0.0030982816,0.017612506,-0.011146705,0.052603089,-0.020645282,0.21355451,0.27540394,0.099323832,0.87436358
272,4,35,0.69667643,270.6421,18.444911,-0.0018980881,-0.0010670239,0.0016123611,-0.011087846,0.023336632,0.0072798602,0.22796457,0.12617122,0.094062674,0.49285558
272,4,40,0.52701466,302.40405,18.290732,-0.0028407487,-0.0096733989,-0.02503985,-0.0029240497,-0.091511883,0.0027944457,0.26128169,0.40929506,0.11563449,0.87633372
272,4,45,0.92757967,297.02218,17.470394,-0.017650277,0.00066300691,0.0080292503,-0.016947915,0.029035217,-0.0065339205,0.24860633,0.210659,0.15192665,0.38618404
272,4,50,0.92605728,292.72166,16.870643,-0.010254797,0.0016613973,0.0074191059,-0.013951993,0.033445317,-0.015582565,0.2082234,0.2291278,0.12753509,0.39025932
272,4,55,0.87963423,298.6356,16.852405,-0.018137453,6.0057888e-05,0.0087652163,-0.023511129,0.058764955,-0.0076734638,0.25760288,0.21720674,0.15644116,0.37572587
272,5,0,1.2157683,291.37989,16.761835,-0.029467885,0.0013926429,0.030982515,-0.025344516,0.089635616,0.038437095,0.34604203,0.28029545,0.17983535,0.3875773
272,5,5,1.5138176,288.83635,17.046648,-0.032255819,0.004108398,0.029003519,-0.022920753,0.059417919,0.0090888212,0.38228845,0.31063311,0.2115818,0.33839216
272,5,10,1.2702228,294.70033,17.196809,-0.036450409,-5.3179733e-05,0.038293629,-0.026014677,0.079705318,0.030627199,0.40186763,0.35568176,0.21111121,0.41139803
272,5,15,1.5983411,292.38035,17.692775,-0.050417753,-0.0007672694,0.037444648,-0.018881194,0.025636637,-0.032421035,0.41681585,0.36126429,0.25027883,0.36637398
272,5,20,1.6216837,281.64962,18.104077,-0.028842502,0.0075522265,0.016065151,-0.02676359,0.082486391,0.019329001,0.3791203,0.3150279,0.20642228,0.39307462
272,5,25,1.5831709,281.7735,17.836483,-0.019158104,0.0067266309,0.0059342849,-0.017461617,0.05598429,0.0017601863,0.33955356,0.25763463,0.18927774,0.36187143
272,5,30,1.5458181,281.34301,17.987138,-0.025519248,0.0067769456,0.03279254,-0.029062371,0.077718617,-0.011261565,0.42376399,0.31364998,0.19661336,0.44896694
272,5,35,1.6393394,277.49284,17.944434,-0.022455985,0.0044045675,0.0024600933,-0.024285463,0.064027624,0.015267208,0.32324811,0.27242372,0.18474182,0.41354653
272,5,40,1.5657552,277.67354,17.955893,-0.022689472,0.0033046019,0.0010631422,-0.026648616,0.054001102,-0.017643235,0.30457641,0.23895642,0.17572458,0.4425158
272,5,45,1.7006417,280.96425,18.190259,-0.026766948,0.0071393465,-0.0041975077,-0.028999166,0.07143455,-0.016636178,0.34428182,0.28427864,0.19424648,0.36620012
272,5,50,1.7929661,278.41463,18.203635,-0.030799742,0.0069646762,-0.00076064171,-0.029306753,0.068891484,-0.0057960527,0.37150208,0.2701451,0.20266453,0.37282094
272,5,55,1.6882911,287.70111,18.255218,-0.033737768,0.0094529388,-0.00032068824,-0.026263961,0.059779741,-0.0053377025,0.36883236,0.31195142,0.21056246,0.33694324
272,6,0,1.4344931,294.78053,18.163156,-0.048505272,-0.0007520855,0.031118683,-0.029396904,0.061245096,0.0093755148,0.3983173,0.31632942,0.25229454,0.32417301
272,6,5,1.2595295,302.16363,18.080201,-0.053893111,-0.0086859428,0.003682188,-0.043373751,0.083442459,0.0072453652,0.37968097,0.34085253,0.26859436,0.34902864
272,6,10,1.5265284,298.43717,18.62511,-0.060965066,-0.0065488838,0.016631566,-0.038163178,0.082869122,-0.0027956497,0.43015975,0.39393918,0.294796,0.32465734
272,6,15,1.2768467,304.05768,18.496227,-0.058282027,-0.0011733198,-0.015845405,-0.044564608,0.074138765,-0.010607525,0.38517495,0.33711847,0.28167325,0.3088035
272,6,20,1.4122376,289.26192,18.256015,-0.019584011,0.0057235567,0.0072288592,-0.016396358,0.039990953,-0.00071232376,0.30211398,0.25314188,0.17660382,0.33370613
272,6,25,1.3234615,290.49689,17.692254,-0.021714702,0.001972398,0.012237896,-0.016290484,0.056406008,0.0038416242,0.32100589,0.24216658,0.17713846,0.31747442
272,6,30,1.5213756,281.60606,17.11686,-0.019469295,0.0052130576,-0.003314005,-0.020216574,0.054257612,-0.010021182,0.28187407,0.24309829,0.17061075,0.37797536
272,6,35,1.2371164,295.27856,17.187509,-0.033124424,0.0015779961,0.008808206,-0.027472214,0.0644607,0.011130711,0.33786781,0.28640067,0.19857433,0.3682427
272,6,40,1.2652769,302.1208,16.414097,-0.045101599,-0.0016533999,-0.0012068681,-0.028758183,0.046177967,-0.0021346583,0.35458895,0.3352986,0.26759569,0.26710301
272,6,45,1.369861,310.9758,17.312367,-0.036447687,-0.014433836,-0.016162505,-0.032356848,0.069614645,0.0022914946,0.36981588,0.35637568,0.23691125,0.39243104
272,6,50,1.1100941,306.15534,17.351085,-0.035386846,-0.0031958028,-0.007658608,-0.030636219,0.049929684,-0.0015571879,0.31449914,0.27827478,0.22467385,0.28260786
272,6,55,1.3251539,282.88475,17.551631,-0.017986127,0.004611663,0.0076535968,-0.024044151,0.085650338,0.012404281,0.30579101,0.23129275,0.16554862,0.47589815
272,7,0,1.1164337,286.87091,17.403459,-0.010678259,0.0028734335,0.015663984,-0.015827494,0.066506556,0.012218094,0.29355763,0.227739,0.15094073,0.44528896
272,7,5,1.2043664,287.51317,16.77888,-0.023935196,0.00349409,0.0099215032,-0.022726895,0.07540793,0.018408784,0.3610813,0.2687337,0.17985609,0.36201105
272,7,10,1.0652964,292.06074,17.048065,-0.013696121,-0.0073277825,0.0078890982,-0.020229016,0.062697169,-0.00509196,0.31946657,0.36896822,0.1573093,0.41123938
272,7,15,1.1844459,295.56144,16.582752,-0.035116836,0.0022237666,0.015600361,-0.030171594,0.052829876,0.010629826,0.33688081,0.29238734,0.23672237,0.29157782
272,7,20,1.1569479,305.85459,16.45317,-0.026996009,-0.0070165488,-0.0089679847,-0.028698111,0.062472661,-0.0021681264,0.29907796,0.28627259,0.20651139,0.40099447
272,7,25,1.447723,313.6473,16.994334,-0.032851562,-0.016408728,-0.033308946,-0.035686371,0.079324735,-0.0087832833,0.37986957,0.32037044,0.24015828,0.35760728
272,7,30,1.3868907,303.70242,17.55723,-0.046352461,-0.01187163,-0.01077553,-0.04485397,0.094052169,0.001893019,0.38945254,0.38793332,0.26823265,0.41729729
272,7,35,1.5459322,307.85256,18.076806,-0.049099239,-0.023545758,-0.030162919,-0.039291723,0.13675704,-0.0075669552,0.50704946,0.46011359,0.28600033,0.41484956
272,7,40,1.552016,308.59575,18.237067,-0.052555995,-0.016106854,-0.070008228,-0.041460639,0.098793795,-0.045245909,0.47292657,0.50273761,0.28348405,0.37706634
272,7,45,0.81319019,292.59637,17.874061,-0.024790147,-0.0045500934,0.0085339935,-0.027772224,0.069091445,0.071602485,0.35409999,0.35000829,0.176428,0.62851234
272,7,50,0.85816503,241.67612,19.786587,-0.019589414,-0.0028772766,0.0011057062,-0.028613184,0.072412871,0.021707912,0.34606367,0.34072264,0.22045423,0.38408854
272,7,55,1.347924,253.87845,19.932154,-0.049726231,-0.022467058,-0.020105977,-0.041050625,0.10853021,0.031074292,0.52873129,0.4043585,0.3016967,0.39302937
272,8,0,1.3393499,258.70949,19.428064,-0.037924631,-0.02455106,-0.00014839999,-0.041163461,0.082523536,0.026870144,0.43038016,0.33230302,0.27074806,0.37649255
272,8,5,1.3358407,270.79289,19.036593,-0.017272862,-0.0066170005,-0.00078073119,-0.034082965,0.074167274,0.035740872,0.33863519,0.27322125,0.18980072,0.57639482
272,8,10,1.2044651,273.34473,18.306924,-0.01329303,-0.0010276573,-0.0057143156,-0.022654203,0.083485,0.0048804387,0.26496488,0.20630008,0.14539092,0.52702525
272,8,15,1.3191197,273.25484,18.659455,-0.016063648,0.00046436838,-0.008133805,-0.025373835,0.067373768,0.027500558,0.29372186,0.23113113,0.16513063,0.6196387
272,8,20,1.2883543,279.65985,17.943839,-0.012498873,0.0033919871,0.0081598941,-0.016082695,0.025869837,0.04705602,0.28612603,0.23675688,0.14568517,0.78080682
272,8,25,1.5169011,287.08035,17.74326,-0.018849951,0.0077215545,0.037791106,-0.024586017,0.035900635,-0.023609167,0.3881571,0.31236578,0.19422493,0.54001758
272,8,30,1.4206384,280.43431,17.222295,-0.016882474,0.002899885,0.0060589203,-0.021307989,0.069704166,0.024161328,0.34271441,0.28343172,0.17567229,0.40590377
272,8,35,1.2832828,278.24044,17.733744,-0.012362704,-0.0031886906,-0.0078098867,-0.032990665,0.0053190542,0.058715591,0.33268757,0.30464343,0.1765509,0.65653887
272,8,40,1.3594158,268.87393,18.328562,-0.013766221,-0.013622542,-0.048313387,-0.049222343,-0.07370229,0.16721991,0.43368542,0.37269275,0.19337416,0.79114207
272,8,45,1.164952,262.81735,19.117794,-0.021326543,-0.0097136723,-0.026046277,-0.036307867,0.15815585,0.0051879675,0.39680242,0.30162779,0.20263888,0.70795259
272,8,50,0.91110586,248.57837,19.764624,-0.030348684,-0.0059129141,-0.03215974,-0.040014596,0.14974285,0.0065479622,0.44201705,0.36517612,0.21532647,0.54603391
272,8,55,1.2179497,246.26693,20.600946,-0.035039015,0.0036917182,-0.090904882,-0.039442194,0.032812986,0.11213045,0.50791363,0.56460868,0.26450216,0.52986433
272,9,0,1.0175032,259.7821,19.909696,-0.023048699,-0.0035590768,-0.030275375,-0.034803777,0.088516536,-0.0066079897,0.37051352,0.33755236,0.2064196,0.54924086
272,9,5,1.4571514,269.11537,19.655444,-0.024456186,-0.012574993,-0.0027281346,-0.048685489,0.11533197,0.027284717,0.35862122,0.29294771,0.22072541,0.7672432
272,9,10,1.2442257,267.3743,19.371326,-0.021251408,-0.011824665,-0.012311475,-0.046137244,0.038838157,0.085694557,0.35954033,0.2856822,0.19052498,0.70534676
272,9,15,1.2043747,272.71086,18.271117,-0.016406062,-0.0039740539,-0.0082664734,-0.024161839,-0.0086118446,0.069506736,0.31193791,0.26696792,0.17133908,0.74900381
272,9,20,1.2896419,279.7139,17.642468,-0.015964125,0.0023660999,0.016186162,-0.02203687,0.058064541,0.033311117,0.30599085,0.24791939,0.15698251,0.61152285
272,9,25,0.54231237,258.82197,16.862991,0.00082884904,-0.00091085077,-0.090578573,-0.0050921438,0.16243013,-0.027670436,0.45377661,0.34876586,0.11769907,0.63783864
272,9,30,0.53020238,270.33697,16.429356,-0.001793008,-0.00064635938,-0.027648391,-0.0099993088,0.020060934,-0.0012846207,0.26556497,0.190982,0.084651784,0.33984036
272,9,35,1.2169947,284.36932,17.281887,-0.016532555,-0.00033439611,0.010733461,-0.02177367,0.067134241,0.028154577,0.28270369,0.22649448,0.15014035,0.57984537
272,9,40,1.2818965,284.28703,16.963889,-0.018632869,0.0023904627,0.0049317473,-0.021902542,0.046602118,0.017214148,0.26234312,0.21144035,0.16079076,0.52984864
272,9,45,1.2471384,275.30921,18.219225,-0.0114036,-0.0043449396,0.011096697,-0.02617924,0.13073232,0.04147401,0.28754443,0.21547559,0.14880684,0.97232482
272,9,50,0.39821202,261.14025,16.340669,0.0046423224,-0.0034867206,-0.057360244,-0.013329722,-0.0093957285,-0.0053808056,0.31854058,0.29385487,0.10528509,0.50547053
272,9,55,0.22167,275.44816,14.539686,0.0044226344,0.00041805672,-0.0017409026,-0.0048611401,0.021032212,-0.0064514888,0.38369543,0.11198112,0.065003917,0.41269989
272,10,0,0.51657552,256.47478,14.352306,0.00017553315,-0.0013731388,-0.01206171,-0.0049098912,0.015033108,-0.040551292,0.18960758,0.20923019,0.061255635,0.63124096
272,10,5,1.0389418,287.33518,15.571964,-0.013959767,0.0023821124,-0.00021527348,-0.022090179,0.050349085,0.023388992,0.28678005,0.22602964,0.14162554,0.62371743
272,10,10,1.1481127,288.4046,16.612318,-0.013967478,-0.00020259449,0.0061793653,-0.019076189,0.047088602,0.018662808,0.25512984,0.19405341,0.13411694,0.54620111
272,10,15,0.22644255,224.6249,15.434768,-0.0020609878,0.0034202006,-0.044435716,-0.006247455,0.032341403,-0.049339004,0.17900285,0.34134907,0.062774061,0.3493601
272,10,20,0.35996373,265.5469,14.492479,0.0010095538,-0.00045316362,-0.011321783,-0.0033649609,-0.0083941467,0.010294086,0.15328756,0.12099768,0.049333167,0.41537099
272,10,25,0.6151702,284.58746,14.172012,-0.0017174994,0.00038027661,0.0023423654,-0.0041693829,-0.036517243,-0.004567366,0.17975597,0.092035257,0.05368207,0.66449832
272,10,30,0.57393211,282.27863,14.588121,-0.0020627844,7.6252157e-05,0.010781675,0.0016433973,-0.14604105,-0.059337019,0.22014816,0.14920203,0.052396154,1.0912871
272,10,35,0.3215626,258.98767,14.651992,-0.00086405821,0.00091841186,-0.0098744129,-0.013011489,-0.014320218,0.043463507,0.19172655,0.29944451,0.070983344,0.72156922
272,10,40,0.94610005,285.64491,15.393815,-0.011972426,0.0049834212,0.00013139072,-0.022798464,0.060307405,0.027840378,0.25679991,0.25939853,0.12718434,0.59787738
272,10,45,0.66701071,272.50357,15.810531,-0.0018159755,0.00010360845,-0.0026167576,-0.0070301333,0.013726513,-0.0052158393,0.14083813,0.13490913,0.076723769,0.41590924
272,10,50,0.25376867,304.68761,15.984966,0.0031538083,-0.0058152873,-0.040147606,0.015459018,0.17749436,-0.21519684,0.2288269,0.25598514,0.070230647,1.0246795
272,10,55,0.65787179,278.96447,15.581069,-0.0040400469,0.0016508987,-0.0032394369,-0.012955966,0.0030951148,0.0017121612,0.17605687,0.12633119,0.081238314,0.56321781
272,11,0,1.1503462,299.59811,16.282989,-0.027311631,-0.00085801485,0.010874503,-0.040116382,0.11850089,-0.0029281714,0.30668208,0.26796739,0.18381763,0.68514419
272,11,5,1.2953559,296.61058,16.365433,-0.033332346,0.00072585659,0.0018376803,-0.031865563,0.059791029,-0.004707576,0.31568711,0.30051228,0.22070973,0.39374988
272,11,10,0.47942704,335.55393,16.233041,-0.0042046335,-0.0022470541,0.0084165495,-0.015061734,0.02846866,-0.032346634,0.24943563,0.34677088,0.11725047,0.56936325
272,11,15,0.63520693,308.2341,15.190806,-0.0030976067,-0.0023829431,0.0030021597,-0.0042994201,-0.055975147,-0.026138441,0.18268824,0.1839954,0.079067068,0.78720635
272,11,20,0.78935364,289.17919,14.962478,-0.0066448023,0.0020188815,0.0056295089,-0.01140832,0.022462233,-0.013651186,0.19071222,0.15050421,0.095936301,0.55696162
272,11,25,0.92525032,310.94424,15.229047,-0.0068465244,-0.010727661,-0.028004977,-0.01246556,0.085169399,-0.10846901,0.25721329,0.35448425,0.11511186,0.66842847
272,11,30,0.94968171,292.53012,14.953919,-0.013825121,-0.00062865053,0.014488271,-0.024934222,0.086432457,-0.0087641038,0.26473771,0.26524884,0.13435317,0.58253707
272,11,35,1.2568764,281.93977,15.39902,-0.013167313,0.005597604,-0.0087636341,-0.022481856,0.05520945,-0.012721952,0.24720449,0.21154785,0.14190242,0.4398509
272,11,40,0.91549661,298.1589,15.412434,-0.0093627204,-0.00079846092,-0.0072698715,-0.018147716,0.061647624,-0.00049161666,0.2611479,0.21679048,0.11809054,0.4085815
272,11,45,0.69895384,314.53394,15.615008,-0.0064806785,-0.0064182653,-0.0015260114,-0.0026036004,0.017257193,-0.085615037,0.17462602,0.24851946,0.1057299,0.54642268
272,11,50,0.89154903,273.59223,14.148342,-0.0042376772,-0.00093567356,-0.0024546165,-0.0057471083,0.018040403,-0.006374868,0.16269182,0.14758478,0.084043868,0.35476672
272,11,55,1.0221009,289.94598,13.625665,-0.012453637,0.0010758819,0.012799155,-0.014742806,0.032164299,0.0023088099,0.23216702,0.20222685,0.14147807,0.30069565
272,12,0,1.0561676,297.03635,13.627635,-0.030577904,-0.00077745935,0.0060052896,-0.025852098,0.0463519,0.0036628175,0.27731139,0.26209297,0.20354853,0.28395427
272,12,5,1.1801026,299.31973,14.498891,-0.038286583,0.002008584,0.00012856806,-0.031652028,0.045763031,-0.0063452909,0.31528674,0.29573166,0.23992141,0.30649128
272,12,10,1.0501962,298.68227,15.022756,-0.026133387,-0.00097406158,0.0082943856,-0.029272533,0.047951696,0.0024770691,0.27010109,0.25937563,0.2015703,0.30753069
272,12,15,1.006026,297.38492,14.7863,-0.021837595,0.00031608929,0.0043737688,-0.022316555,0.0421508,0.014194813,0.28366601,0.256067,0.17430583,0.3233492
272,12,20,1.2459477,291.85213,15.081278,-0.020206964,0.00081757302,0.023519461,-0.015282728,0.041967388,0.0098874192,0.3533161,0.26132339,0.17100164,0.41272897
272,12,25,1.2969911,287.98613,14.623122,-0.013013692,0.005769083,-0.0031714101,-0.010381639,0.035913467,0.0024056979,0.26885766,0.20343297,0.14525202,0.37853838
272,12,30,1.0856664,289.64384,14.123611,-0.012207799,0.0021020709,0.012183199,-0.013860758,0.050901036,0.019901009,0.30349689,0.21209373,0.13480578,0.36967726
272,12,35,0.57120883,268.03338,14.179556,-0.0031909177,-0.0055155704,-0.016282683,-0.010296226,0.043487888,-0.012639967,0.23174682,0.20562265,0.10850549,0.42214198
272,12,40,1.0223229,297.0178,14.155327,-0.021737153,0.0018033844,0.003896365,-0.025623826,0.043364606,-0.0093637397,0.26014372,0.2381162,0.17201711,0.33449782
272,12,45,1.0799915,297.02939,14.114895,-0.030130022,-0.0021240837,0.010611235,-0.026917661,0.056644291,-0.001267673,0.31428155,0.28007885,0.20302474,0.29634152
272,12,50,0.95577705,291.78201,14.206417,-0.015583872,0.0037199948,0.0093324234,-0.017005109,0.049990703,-0.0045639015,0.26745234,0.21507385,0.14203009,0.48293303
272,12,55,1.1912535,280.37464,14.506588,-0.014585393,0.0052621428,0.00079855005,-0.020413848,0.095213219,-0.0055664923,0.3007683,0.2041768,0.14106305,0.45438073
272,13,0,0.55644659,269.20736,14.69517,-0.0030350717,0.0018331472,-0.0089415239,-0.011697317,0.043349787,-0.012355707,0.22747523,0.15683709,0.096872956,0.49086598
272,13,5,0.28982122,285.07887,13.647592,-0.00080615729,1.3132255e-06,-0.00080615013,-0.0044998887,0.034542788,0.041531965,0.15460282,0.12760548,0.054296132,0.67097514
272,13,10,0.56598166,290.74829,13.900988,-0.0012374721,-0.00056790084,-0.027903152,-0.021534315,-0.073653423,0.10871132,0.21437928,0.23607989,0.084114376,0.86553407
272,13,15,0.83714509,306.92392,12.967486,-0.0086260256,-0.0046377348,-0.010339439,-0.01926762,0.024913651,0.027698482,0.18374162,0.26670692,0.12419098,0.42695852
272,13,20,1.0962283,291.99564,13.016438,-0.0164438,0.0042097999,0.002307284,-0.017055307,0.032043664,-0.0055372321,0.25438823,0.22009622,0.16097388,0.27751883
272,13,25,1.0837642,291.08113,12.912358,-0.014391843,0.0019447866,0.0070555274,-0.014876376,0.029278693,-0.0016455856,0.24102919,0.22106138,0.15246895,0.28911797
272,13,30,1.2290994,283.48113,12.972709,-0.010925921,0.0057401358,-0.003331805,-0.015640101,0.041094147,-0.0042996606,0.23227353,0.20013418,0.13670485,0.30837602
272,13,35,1.0659998,295.68087,12.667463,-0.022997616,-0.00087579923,0.013876215,-0.018601604,0.034705332,0.0015102474,0.26694252,0.23696494,0.18168323,0.27005756
272,13,40,1.2235268,298.2106,13.342987,-0.02987114,-0.0028935256,0.012645695,-0.019699524,0.038187276,0.0016145085,0.30264519,0.29234651,0.21798077,0.2239087
272,13,45,1.2109366,291.43272,13.769795,-0.022724841,0.00190871,0.015346299,-0.013829185,0.027598624,-0.0016007086,0.29376553,0.23120224,0.17060749,0.20448632
272,13,50,1.2497443,290.57441,14.75354,-0.022796499,0.0035316917,0.0037276278,-0.01430386,0.033153351,-0.00040567916,0.2822396,0.21492917,0.1691646,0.22605875
272,13,55,1.2579562,292.02118,15.171925,-0.025644475,0.0014088041,0.010983213,-0.013457281,0.026783527,0.0016268646,0.30108672,0.24562094,0.18977269,0.16885458
272,14,0,1.2764492,292.997,15.8776,-0.026550564,0.00022834658,0.017363798,-0.014319901,0.029621498,0.0074431104,0.34167994,0.26989733,0.19891208,0.17760324
272,14,5,1.1860647,298.72517,16.680082,-0.034359977,-0.0018007192,0.0086407463,-0.015061103,0.028862585,0.0051220024,0.33001888,0.29084685,0.22332389,0.16224755
272,14,10,1.1480761,307.41976,17.271874,-0.037057871,-0.0045761483,-0.019666343,-0.015166368,0.026596682,-0.0055139176,0.33779744,0.31615186,0.23792384,0.17124334
272,14,15,0.86386015,308.12428,18.072986,-0.016277495,-0.0048458984,-0.013401353,-0.0080605555,0.012971509,0.0031759374,0.25147502,0.2295608,0.16100923,0.13765248
272,14,20,0.43476532,274.86329,18.940793,-0.0019221784,0.00017076011,-0.0050170547,-0.0038894365,-0.0079221272,0.0046030869,0.26524373,0.14586387,0.10653195,0.16652841
272,14,25,1.6374879,266.90488,18.745057,-0.038856034,-0.02324735,0.00072557585,-0.010511105,0.0011509959,0.014578277,0.53566719,0.43075196,0.28464064,0.16973606
272,14,30,1.8700066,258.74517,18.757394,-0.10278449,-0.055124508,-0.024026004,-0.011075838,-0.017347268,0.046726185,0.72501004,0.61142567,0.40283083,0.22688483
272,14,35,1.707486,253.14765,18.985495,-0.078757897,-0.042136967,-0.047828996,0.0025799178,-0.018452638,0.036075689,0.68047262,0.59144107,0.39340249,0.20792038
272,14,40,1.9069607,255.28995,19.193767,-0.095577599,-0.061914554,-0.031753814,-0.00089822298,-0.033489075,0.023808307,0.75309886,0.56059762,0.42552245,0.2059935
272,14,45,1.7941738,254.88674,19.262741,-0.090983736,-0.033576134,-0.060056381,0.0096632641,-0.057871396,0.047959056,0.7342551,0.63145,0.4173884,0.21538508
272,14,50,2.1794198,252.95749,19.029537,-0.12956757,-0.06419479,-0.11116518,0.017688105,-0.092821453,0.041162135,0.93571192,0.71577751,0.49860536,0.20586381
272,14,55,2.0628129,253.78474,19.363345,-0.1156973,-0.064120077,-0.060827273,0.019420244,-0.078286256,0.021673227,0.83567711,0.61122149,0.46796445,0.1756866
272,15,0,2.0744247,255.70696,19.581331,-0.11237118,-0.081117137,-0.11175492,0.019340543,-0.065031689,0.02875977,0.86653298,0.67165924,0.48651284,0.17922823
272,15,5,1.8177534,259.93824,20.093782,-0.073057519,-0.031552289,-0.16374823,0.019361821,-0.15027269,0.075185598,0.93416801,0.62958865,0.36821176,0.28222669
272,15,10,1.7065092,259.94134,20.443264,-0.068597404,-0.025900407,-0.19480435,0.027706842,-0.17136818,0.07437149,0.88394483,0.71279496,0.36529672,0.34445952
272,15,15,1.813259,249.96198,20.754866,-0.083437142,-0.033098999,-0.13569585,0.025157964,-0.13614252,0.071601915,0.82404997,0.72643734,0.4236856,0.37931828
272,15,20,1.858494,249.39592,20.582827,-0.093631823,-0.020987527,-0.077816283,0.038954268,-0.13056253,0.047889518,0.831107,0.72713767,0.43074698,0.3462525
272,15,25,2.1021846,253.30786,20.597016,-0.13722226,-0.088277486,-0.0016628592,0.047743562,-0.14510818,0.013243067,0.90661587,0.73355089,0.49255517,0.31004329
272,15,30,2.1802797,253.70748,20.61909,-0.1004396,-0.074218101,-0.14811122,0.043551662,-0.14100928,0.031742436,0.82664398,0.74313278,0.49148048,0.31993894
272,15,35,1.9902091,256.71736,20.664592,-0.078456421,-0.060499629,-0.10620394,0.046976302,-0.18968838,0.11627715,0.9168148,0.74774229,0.44641478,0.50527921
272,15,40,2.1514173,255.65735,20.770893,-0.11804063,-0.076878497,-0.1046057,0.059624319,-0.22347892,0.063958397,0.94180151,0.74822948,0.48179771,0.42753104
272,15,45,1.8339072,244.23736,20.880537,-0.099614259,-0.0033271231,-0.19848394,0.06496916,-0.20713347,0.10832586,0.87638329,0.9054403,0.44143598,0.51132868
272,15,50,1.3663139,239.3151,20.765106,-0.081828904,3.4658894e-05,-0.34066939,0.068418708,-0.13078345,0.026101292,0.88932984,0.94517953,0.41509048,0.52528125
272,15,55,2.0772241,255.63681,20.654231,-0.10840947,-0.070000015,-0.16181666,0.06681063,-0.25975241,0.093130616,0.95229032,0.7427159,0.46272974,0.49742564
272,16,0,2.1272928,254.85736,20.754566,-0.10378262,-0.076016563,-0.1551078,0.076410554,-0.29428443,0.050564338,0.94966469,0.73363146,0.48079082,0.48461412
272,16,5,2.0222412,246.91714,20.806747,-0.15648173,-0.045326606,-0.098028859,0.089969767,-0.25998977,0.037254968,0.89409985,0.76777691,0.51597879,0.48568416
272,16,10,2.05226,242.599,20.908488,-0.16252548,-0.01240642,-0.076105496,0.084354506,-0.25385732,0.039131855,0.90580646,0.79759645,0.51288651,0.49348431
272,16,15,1.9216775,242.53945,20.980032,-0.14424898,0.0031436629,-0.078592783,0.088800429,-0.27251696,0.044353252,0.83868039,0.69290344,0.47059514,0.52760742
272,16,20,2.021257,245.5631,21.171617,-0.1346587,-0.030608255,-0.077972395,0.090641333,-0.2865155,0.037556206,0.88043357,0.72991743,0.49061614,0.55155211
272,16,25,2.0993182,251.53865,21.479303,-0.16186839,-0.075557046,-0.058823522,0.10652674,-0.31226311,0.005950173,0.90411289,0.73514786,0.52453272,0.57057672
272,16,30,2.081751,254.26765,22.154217,-0.12624252,-0.0818141,0.0025912544,0.096404465,-0.28837218,-0.021337587,0.85371556,0.62048962,0.47797147,0.56379914
272,16,35,1.9296065,257.77318,22.684693,-0.088280548,-0.071066018,-0.091700251,0.0992774,-0.27545142,0.01303373,0.79186882,0.64685578,0.43427689,0.6092555
272,16,40,1.9740289,259.93031,22.626583,-0.096905861,-0.070418837,-0.059255593,0.11282733,-0.31103556,-0.014477657,0.78605903,0.62355202,0.43794941,0.72286727
272,16,45,1.9533853,253.26709,22.632356,-0.1204728,-0.046942605,-0.05581029,0.11475522,-0.28705586,-0.02686761,0.83641319,0.65981206,0.45573911,0.69156283
272,16,50,1.8970568,246.53903,22.716827,-0.11616132,-0.010267648,-0.11900414,0.1128336,-0.33799968,0.085824712,0.83939463,0.76421107,0.44962301,0.72078954
272,16,55,1.7180881,246.54578,23.134339,-0.11332747,-0.022399872,-0.10162683,0.11138825,-0.27541159,0.010220816,0.74151087,0.71176023,0.42540484,0.71254266
272,17,0,1.922785,254.40631,23.183968,-0.12326766,-0.068789133,-0.037048382,0.13886737,-0.37051541,-0.021481057,0.84213984,0.64725631,0.45975734,0.76342671
272,17,5,1.8599477,250.56717,23.116171,-0.11325867,-0.039757559,-0.10165897,0.12739637,-0.37163438,0.07082329,0.83109702,0.66730744,0.4348063,0.814772
272,17,10,1.8502571,244.41388,23.143988,-0.11735421,-0.01261143,-0.12804778,0.14011041,-0.34799204,0.091468892,0.81358681,0.7683263,0.44691437,0.80486289
272,17,15,1.7189343,247.53409,23.464048,-0.11200042,-0.017537404,-0.028522177,0.12466423,-0.25342133,-0.014844117,0.68890789,0.66251609,0.43253079,0.75280043
272,17,20,1.932537,252.6293,23.442647,-0.0971225,-0.044009493,-0.12375271,0.12804099,-0.3464393,0.031613322,0.7823497,0.72884353,0.43792441,0.76735463
272,17,25,1.7932996,251.04088,23.675791,-0.098084876,-0.056910352,-0.11912943,0.1275656,-0.38338675,0.047127517,0.81740116,0.68612229,0.43787068,0.89782494
272,17,30,1.6410521,248.072,23.959657,-0.09463144,-0.02328248,-0.13264368,0.13045405,-0.36958123,0.093880342,0.75313282,0.68179865,0.39694968,0.92232226
272,17,35,1.586006,237.32061,24.527766,-0.090565244,0.038831933,-0.1615791,0.15558518,-0.4154506,0.17600459,0.75555326,0.78385734,0.39378713,1.0037188
272,17,40,1.2910354,237.76909,24.986278,-0.052968376,0.016384196,-0.12159513,0.10360957,-0.36767797,0.10485973,0.65423411,0.67197691,0.31500735,0.99854162
272,17,45,1.471427,240.2899,24.908587,-0.067280978,0.0019477367,-0.068825521,0.11661479,-0.29797936,0.10403077,0.63466833,0.67860841,0.37341939,0.92862519
272,17,50,1.4747824,242.78024,24.738694,-0.086616977,0.0010968888,-0.063919718,0.12739171,-0.32134781,0.022211812,0.69409736,0.60260393,0.37083512,0.91912755
272,17,55,2.1144554,261.96971,24.226024,-0.079112284,-0.060807109,-0.049393874,0.13770793,-0.30826792,-0.010190448,0.77559384,0.57127091,0.4162599,0.90413881
272,18,0,1.7078812,259.85945,24.865758,-0.045573568,-0.033247227,-0.12541977,0.12153527,-0.37888499,0.041487575,0.7601067,0.58403352,0.36148516,0.98685287
272,18,5,1.7427586,254.7427,24.845271,-0.071824098,-0.039258261,-0.11236845,0.13732888,-0.28233569,-0.0040520677,0.70542006,0.64702935,0.37820232,0.97980853
272,18,10,1.5963365,252.88196,25.155917,-0.075119659,-0.032302822,-0.068044146,0.12005861,-0.27701589,0.01390519,0.66373426,0.58124214,0.38408636,0.86179807
272,18,15,1.8873695,257.84072,24.976482,-0.083829979,-0.045914956,-0.049066974,0.13767396,-0.34183278,-0.026128882,0.74629426,0.55915948,0.38239914,0.89245103
272,18,20,1.3909371,247.31674,25.017156,-0.052659146,-0.00030546731,-0.14033604,0.12309618,-0.19709252,0.081297573,0.66637641,0.61816765,0.31650752,1.1292817
272,18,25,1.3602649,250.59081,25.414593,-0.06242729,-0.011617855,-0.11269345,0.12834586,-0.25059448,0.11852252,0.63297519,0.59744286,0.31723914,1.0730047
272,18,30,1.6219915,260.64935,25.204442,-0.065622476,-0.043834006,-0.020719008,0.13502463,-0.33485487,0.034212206,0.6927636,0.51647634,0.34801666,1.0736791
272,18,35,1.6138175,273.93778,25.358939,-0.040105795,-0.024126487,0.048342459,0.12232347,-0.08411878,-0.015407187,0.65358796,0.45300204,0.28805581,1.1521864
272,18,40,1.507665,265.92605,25.877836,-0.065975042,-0.018690993,-0.15048302,0.13349981,-0.40925488,0.095303203,0.8361587,0.59746725,0.33311481,1.0861667
272,18,45,0.6826957,194.72002,25.735073,-0.0048011387,0.070670713,0.11753568,0.15301398,-0.044186492,0.22857845,0.42957482,0.84779312,0.23622897,1.3824428
272,18,50,0.69985347,237.67955,25.869103,-0.018330672,0.01735255,0.0065942979,0.074131046,-0.10131448,0.11242174,0.42083438,0.55673209,0.19931577,1.0938852
272,18,55,1.1319288,255.01038,26.828675,-0.037615531,-0.009096557,-0.085523335,0.11884462,-0.3641461,0.049822325,0.67575828,0.51135936,0.27851449,1.2965425
272,19,0,1.5945668,287.52948,25.96281,-0.061553346,-0.01025191,0.016400526,0.16195029,-0.22679925,0.0098100627,0.63692121,0.59748156,0.31880267,1.2404932
272,19,5,0.34184308,260.62403,26.459154,-0.0021748189,-0.0049306161,-0.042409595,0.11104674,-0.10375659,0.035266818,0.74101361,0.51483487,0.2369451,1.4546322
272,19,10,0.65829387,233.86589,26.539788,-0.01319696,0.006238544,-0.092126877,0.11708597,-0.14986128,0.16773396,0.51787076,0.61849719,0.22408115,1.2772532
272,19,15,0.58209365,239.76298,26.77291,-0.032101906,0.01761767,-0.19967438,0.14804295,-0.15422452,0.11242602,0.63353594,0.8222792,0.28067141,1.3087152
272,19,20,0.6592023,177.09463,27.08315,-0.0023363383,0.053854601,0.1380611,0.12638417,-0.018333004,0.039402114,0.62636355,0.72820707,0.25090477,1.3364524
272,19,25,0.54745078,247.64344,26.882186,-0.023440775,0.014797377,-0.070669595,0.14774309,-0.23651072,0.12863183,0.60400519,0.86841594,0.2854912,1.3986629
272,19,30,1.6120724,279.27419,26.230993,-0.049366113,-0.029410542,-0.070595603,0.16443406,-0.18581105,-0.091644099,0.7414846,0.7490075,0.3442225,1.2188337
272,19,35,1.7710073,302.18833,26.894516,-0.1126539,-0.03676679,0.037690998,0.19125113,-0.27801693,-0.10094442,0.81534953,0.69807142,0.38525706,1.1984218
272,19,40,2.0038386,279.90824,27.158665,-0.1209275,-0.014673827,-0.045995238,0.17764878,-0.47834597,-0.061116563,1.1198281,0.84354439,0.41763527,1.1747892
272,19,45,0.89341775,277.85953,26.889001,-0.03335144,-0.028328214,-0.058897698,0.12830071,-0.25909711,-0.0018903629,0.63871924,0.59459266,0.26840972,1.2988702
272,19,50,1.7237817,301.59154,26.739242,-0.050493215,-0.071987811,-0.0069571291,0.20641892,-0.19862247,0.089495152,0.77307667,0.88106863,0.36226136,1.3570774
272,19,55,0.44337747,279.58388,27.407769,0.036554736,-0.027737452,-0.020352081,0.10502271,-0.37683222,-0.070880061,0.8208989,0.80121748,0.28173106,1.3964767
272,20,0,1.1557386,276.275,26.76882,-0.023442753,-0.01173454,-0.14389912,0.10195055,-0.16389436,0.027646722,0.70312393,0.74509774,0.25954435,1.1828777
272,20,5,1.0153996,279.40436,27.662141,-0.0046263694,-0.022689065,0.026424002,0.12964945,0.095377163,0.14563846,0.82733525,0.72014276,0.30282847,1.3389184
272,20,10,0.8774632,117.29718,27.069426,0.0051160799,0.010469138,-0.039423021,0.13139733,0.13854119,0.045886059,0.67327793,0.55204571,0.20749028,1.331018
272,20,15,1.4351492,161.4197,28.233674,-0.02513648,0.058708361,0.15851268,0.17264943,-0.075118049,0.095938243,0.71166665,0.67138488,0.34040547,1.2473576
272,20,20,0.11440144,302.9514,26.986294,0.015374361,-0.0063356932,0.039402855,0.1254837,0.013760864,0.005224772,0.62144021,0.49965431,0.22837633,1.2575246
272,20,25,1.1262353,318.3041,27.229765,-0.0075638881,-0.032817113,-0.037747772,0.18613409,-0.16411308,-0.080365429,0.56255484,0.6186903,0.28160438,1.2943475
272,20,30,0.5636698,144.06671,27.733989,0.0062257034,0.033156759,0.064330616,0.14344198,-0.12807103,0.026749076,0.66522865,0.5432564,0.23872596,1.2806742
272,20,35,1.3518814,153.1219,27.907114,-0.022332959,0.025662165,0.088286788,0.14439869,-0.065789675,-0.12195921,0.55874201,0.52523458,0.27847061,1.4070612
272,20,40,1.2686838,160.20111,27.803204,-0.027185826,0.034684478,0.055057256,0.12680967,-0.18007274,-0.10067351,0.59299746,0.55509545,0.26433121,1.4530717
272,20,45,1.5507869,160.81962,28.049962,-0.051548213,0.052466167,0.094464474,0.15770406,-0.22450893,0.08229166,0.63424187,0.61274067,0.32167226,1.1792946
272,20,50,1.5510565,179.03975,28.431136,-0.082055168,0.022845091,0.013692979,0.13482239,-0.25327121,0.092551909,0.63061014,0.65697469,0.32433207,1.0363338
272,20,55,0.2673252,177.83931,27.953637,-0.0084279672,0.034218829,0.13592675,0.10888551,-0.01069528,0.090740656,0.54437763,0.62727821,0.20309198,1.2378664
272,21,0,1.7169975,143.04136,28.93669,-0.059920012,0.050372417,0.10046128,0.1559549,-0.29647239,-0.042752263,0.78454815,0.69733072,0.34246705,1.2876852
272,21,5,0.83914581,149.50541,27.296871,-0.0022561231,0.018421036,-0.033235222,0.13531792,0.26401281,-0.014606253,0.61863498,0.42505128,0.20983446,1.3199049
272,21,10,1.9019899,132.2719,27.683094,-0.027532634,0.018823725,0.023365271,0.14342876,-0.16729209,-0.036103652,0.74533487,0.57651991,0.3128983,1.1959216
272,21,15,0.17783976,35.701251,27.211962,0.0038613794,-0.013797998,-0.0023980722,0.11849925,0.047206386,-0.20802396,0.44696408,0.6468656,0.17983176,1.2243214
272,21,20,1.2391624,128.3557,27.746882,-0.040639338,0.0063146392,-0.03763193,0.11033123,0.017228111,0.050592918,0.86784706,0.44151316,0.24469233,1.1791245
272,21,25,1.0961614,112.04639,27.768106,-0.0088132356,0.0032087,0.067864335,0.13346601,0.10611693,-0.10046279,0.75366657,0.5906448,0.23715774,1.2956962
272,21,30,1.3355278,102.82724,28.368563,-0.044130997,-0.0024466616,-0.07880476,0.11659075,-0.18925695,0.0013642683,0.58868258,0.53982988,0.26947728,1.0727987
272,21,35,1.9012105,107.62509,28.24279,-0.069254886,0.0041990097,-0.0091495823,0.12673204,-0.27816187,0.022369401,0.61688366,0.5778287,0.33743941,1.0222898
272,21,40,1.9449052,105.04175,28.373019,-0.077464912,-0.011443998,-0.11537182,0.1295109,-0.28612544,0.063278638,0.79006728,0.73592645,0.35937031,1.0322778
272,21,45,1.4072484,107.16337,27.767833,-0.014978155,0.030551497,0.082490922,0.13334294,-0.057540189,0.0848995,0.68770628,0.93212829,0.30432413,0.9931041
272,21,50,1.0761887,105.57648,28.009514,-0.032677306,-0.0066318687,-0.10632415,0.083223536,0.0099208649,-0.094755895,0.59337014,0.60543622,0.24382276,1.0345934
272,21,55,1.6261696,91.110302,28.252626,-0.057422541,-0.028899108,-0.093006916,0.11005444,-0.24692914,0.018540613,0.8067826,0.5381202,0.31688407,0.91903838
272,22,0,0.78684841,94.568759,27.777595,0.010355028,-0.014922745,-0.14563506,0.14533244,0.29193933,-0.040642091,0.82802611,0.49990895,0.25392076,1.1886985
272,22,5,1.6111014,122.63232,28.209584,-0.049256169,0.013114121,-0.053101954,0.10399539,-0.1519458,0.0040239936,0.58105231,0.61060191,0.28017944,1.093555
272,22,10,1.9918994,117.8576,28.344982,-0.068891457,-0.0077892861,-0.0069230462,0.097117344,-0.17186301,0.069628539,0.78225118,0.79141065,0.35177306,0.85134528
272,22,15,1.5139591,92.654942,28.281594,-0.039551977,-0.0075118321,-0.049728482,0.074691055,-0.19366825,-0.10420909,0.61893141,0.44238886,0.25337072,0.89834945
272,22,20,1.6166211,105.94671,27.998476,-0.059402805,-0.0034001927,-0.033237144,0.098713794,-0.15462698,-0.079403784,0.70134832,0.56543509,0.29884178,0.88440728
272,22,25,0.78067682,28.595576,27.78212,-0.025900859,-0.0088591732,0.092669524,0.093292427,-0.11132584,-0.066263999,0.42047487,0.64728854,0.21397175,0.90058388
272,22,30,0.57490721,26.873489,27.539227,-0.01570156,0.0028763243,0.15473378,0.0971842,-0.034164953,0.014515851,0.51012824,0.46063535,0.2081346,0.95171858
272,22,35,0.42033146,167.05021,27.48947,-0.0045866402,0.0070083332,-0.011375315,0.046266098,-0.070358859,0.001773274,0.2567214,0.37809959,0.13744503,0.78770151
272,22,40,0.55260535,141.16386,27.524378,-0.0091513021,0.0068330186,0.0060849838,0.054442094,-0.074259539,0.019290457,0.32279748,0.30742262,0.14678851,0.86307307
272,22,45,1.2516216,117.09298,27.969036,-0.035062585,-0.0054947137,-0.056738798,0.090553437,-0.1762701,0.050726009,0.54000521,0.52508005,0.26537166,0.82122651
272,22,50,1.2529094,86.457396,27.912713,-0.039334643,-0.021187709,-0.11058429,0.072625338,-0.13877899,-0.016516355,0.59555598,0.51848656,0.27459459,0.67698909
272,22,55,0.97252989,70.57019,27.807161,-0.048609968,-0.028456716,-0.057497064,0.076809399,-0.13697645,-0.03954874,0.50961451,0.43797673,0.26486725,0.643435
272,23,0,0.9429329,67.793846,27.586328,-0.027619701,-0.02866221,-0.091400855,0.065744026,-0.119007,-0.066454915,0.47882873,0.52343592,0.21787647,0.61977281
272,23,5,0.87935935,79.695134,27.630345,-0.021677753,-0.01615564,-0.056602942,0.068264582,-0.093322304,-0.0048998665,0.55269003,0.38332514,0.21009274,0.73707682
272,23,10,1.1413024,83.163845,27.580528,-0.023166021,-0.02480628,-0.038647606,0.053224216,-0.068012422,-0.0015502123,0.60364065,0.37038893,0.2458514,0.66171207
272,23,15,1.0443152,74.784793,27.352719,-0.035786049,-0.026746481,-0.05573095,0.053044433,-0.10421911,-0.0066951341,0.48709517,0.42628661,0.25229566,0.50243818
272,23,20,1.1026801,107.06475,27.068179,-0.025204752,-0.0020004538,0.15782616,0.034904635,0.025247403,0.036268954,0.69702309,0.52191194,0.20521365,0.58305464
272,23,25,1.3240315,126.14449,27.134094,-0.026494771,0.01415057,0.07937939,0.055976822,-0.10640055,0.030794977,0.57849462,0.50118301,0.23721999,0.56790329
272,23,30,NaN,NaN,NaN,NaN,NaN,NaN,NaN,NaN,NaN,NaN,NaN,NaN,NaN
272,23,35,0.9103905,135.00896,26.787606,-0.025311908,0.0073247885,-0.022643066,0.021941398,-0.020444457,-0.072029148,0.42849457,0.45695529,0.18451341,0.50383779
272,23,40,1.304187,112.77793,26.908505,-0.024597178,0.0012917786,-0.034442921,0.02016491,-0.040017674,-0.0075209826,0.44080048,0.43174509,0.23136948,0.31555087
272,23,45,0.77472074,77.439823,26.824831,-0.020222671,-0.013992891,-0.013288345,0.02251924,-0.069883583,0.012627214,0.33130035,0.29926191,0.1814178,0.38808451
272,23,50,0.87161402,92.968449,26.587817,-0.019129349,-0.011907445,-0.016465031,0.021311306,-0.078639901,0.0012799272,0.5118896,0.26471464,0.16715138,0.36174115
272,23,55,0.46620698,31.132082,26.672393,-0.015653425,-0.0037436787,0.024279479,0.033208611,-0.074140098,-0.021548575,0.25072397,0.27033649,0.1276147,0.50849731
273,0,0,0.3748972,287.24906,25.800385,0.0015924847,-0.00019944989,-0.00057705306,-0.00038872415,0.0003183652,0.0029797969,0.16922669,0.10688063,0.065563521,0.087607012
273,0,5,0.30708488,168.52624,25.491753,-0.003668631,0.0046589294,-0.0095098072,-0.0055920898,0.0032474995,-0.012990779,0.34924518,0.22358762,0.10124795,0.2351442
273,0,10,0.44859473,13.263496,25.390815,-0.0094460014,0.0072983481,0.025702111,-0.0065169057,0.014408938,0.0030720953,0.37215675,0.32399578,0.14743357,0.14666199
273,0,15,0.35607341,23.28715,25.071021,-0.0072808181,0.0021307374,0.014348917,-0.0054251679,0.019686776,0.010666901,0.22098721,0.195233,0.11317833,0.20703663
273,0,20,0.30530955,25.397292,25.08278,-0.0048559277,0.0015567136,0.021447425,-0.010028898,0.0048683877,-0.01604896,0.19760792,0.31652496,0.10292424,0.30558618
273,0,25,0.14511284,55.110105,24.774611,0.0008476227,-0.0042253815,-0.014389937,-0.0031442183,0.022220799,-0.044726515,0.14546951,0.21221772,0.075360989,0.41089261
273,0,30,0.38147255,336.57836,24.428728,0.0010742117,-0.0026409545,-0.012051419,-0.004874586,0.012251751,-0.017406992,0.14177717,0.23596401,0.074890194,0.32305654
273,0,35,0.57736763,309.77229,24.085505,-0.00556512,-0.0064738093,-0.0074436989,-0.0033805087,0.024840744,-0.073446435,0.20374809,0.29829509,0.10111752,0.42370438
273,0,40,0.8040282,289.20459,23.196914,-0.010311199,0.0025047736,0.0051912391,-0.0054392179,0.0086951887,0.0028763385,0.22442779,0.1903301,0.11178337,0.26350995
273,0,45,0.52691464,294.24062,23.035965,-0.0021991074,-0.00013574821,0.020729312,-0.012256804,-0.025337717,0.0036573402,0.32052769,0.25171699,0.11514009,0.44684737
273,0,50,0.83345927,277.54967,22.910331,-0.0044326783,0.0022495552,0.010472301,-0.0081776375,0.030629724,0.011442026,0.24259102,0.18318915,0.10232749,0.34486928
273,0,55,0.66735066,274.64432,22.405079,-0.004555048,0.0011223342,-0.0024626628,-0.0048235041,0.010562904,0.019065661,0.15353666,0.12402298,0.077087077,0.38961
273,1,0,0.90259887,309.89969,21.521947,-0.0012125788,-0.0047747809,-0.022596955,-0.006402364,0.052094874,-0.032299741,0.28463629,0.28162143,0.12092981,0.29910282
273,1,5,0.80235035,306.81113,21.167372,-0.012656713,-0.0028119908,0.0018229475,-0.012406737,0.023261889,0.0024174794,0.20594181,0.19982751,0.14478697,0.21258145
273,1,10,0.88949348,293.23627,21.563059,-0.015615723,0.00011134862,0.010992454,-0.020818134,0.021149396,0.05570177,0.24011745,0.2562246,0.15370253,0.57746222
273,1,15,0.88043236,302.25708,21.264658,-0.020190822,-0.00011282924,-0.0001186006,-0.022266471,0.044381671,0.0047900844,0.24360536,0.23589735,0.15702879,0.3602755
273,1,20,0.84548323,296.90681,22.135219,-0.010567917,-0.0012446706,0.012101883,-0.015667459,0.019772069,-0.00075750353,0.23355036,0.26816612,0.12138833,0.65930657
273,1,25,1.0029674,302.7376,21.361996,-0.021513216,-0.0033527111,-0.008116723,-0.015429187,0.042189454,-0.014424501,0.2765645,0.31614307,0.17315313,0.4302938
273,1,30,1.2910349,289.65192,21.149779,-0.0300028,0.0024424989,0.017069335,-0.019693934,0.052253291,0.014594752,0.35952846,0.31469113,0.19665767,0.36701483
273,1,35,1.3795313,291.66226,21.304828,-0.028244654,0.0048014532,0.018694455,-0.023386363,0.087748972,0.0090421437,0.3846231,0.30331145,0.19995776,0.35881151
273,1,40,1.419629,293.6306,21.127437,-0.035991107,0.00088694842,0.027814743,-0.024016095,0.060927075,0.012907286,0.37858906,0.31495794,0.2277051,0.30600113
273,1,45,1.2328091,297.25696,21.011298,-0.029813625,-0.0040278283,0.03291469,-0.032839652,0.087962105,0.0441132,0.33791586,0.38032422,0.20710288,0.49008294
273,1,50,1.437043,283.12031,21.125791,-0.019947419,0.013025239,0.033385849,-0.015171698,0.03326529,0.011902822,0.3937871,0.3345168,0.19482405,0.33827755
273,1,55,1.4541484,285.95794,20.64548,-0.018992058,0.012460023,0.070384005,-0.013330914,0.047022847,0.014926162,0.41210234,0.39219487,0.20413503,0.32880025
273,2,0,1.4072473,281.55004,20.568572,-0.014519463,0.0069415861,0.029248628,-0.010530122,0.091051004,0.054674487,0.31301949,0.27878455,0.16377322,0.49677782
273,2,5,1.3469539,282.67368,20.502745,-0.019738691,0.0046359083,0.022277088,-0.01728078,0.080869006,0.029637797,0.33881121,0.25787464,0.16974775,0.36925384
273,2,10,1.4009234,279.86052,20.895515,-0.015664131,0.0053859317,0.0053139937,-0.020248676,0.042809705,0.0028571429,0.28943755,0.24882036,0.15737122,0.37302294
273,2,15,1.4697234,284.61848,20.888755,-0.023102082,0.006304203,0.015990238,-0.022801716,0.075861448,0.018040528,0.34619924,0.28284228,0.17988405,0.42092094
273,2,20,1.5658273,278.66327,20.697756,-0.020853438,0.0056507574,0.015337668,-0.017971766,0.093727894,0.022134923,0.3350032,0.26512148,0.18165552,0.4459751
273,2,25,1.5937193,280.10887,20.710079,-0.0219269,0.0061024658,0.0036785554,-0.019562432,0.045560291,0.0025423358,0.32690538,0.27854537,0.18867574,0.31228281
273,2,30,1.5021237,281.37067,20.892856,-0.025821965,0.0064113034,0.011156597,-0.026501443,0.052456858,-0.0013137306,0.33789472,0.28694054,0.1959441,0.37118233
273,2,35,1.5382255,281.95029,20.978807,-0.022238188,0.0054538392,0.011752815,-0.021335236,0.061559105,0.0092615682,0.33005668,0.27804308,0.19075181,0.42740465
273,2,40,1.6205584,277.4788,20.883424,-0.027584563,0.0063541503,-0.0037392614,-0.026096349,0.05189424,0.0037218917,0.3298505,0.2545314,0.18235892,0.38638372
273,2,45,1.353511,280.65093,20.757957,-0.022714959,0.004357776,0.034663493,-0.024429146,0.12223159,0.051748701,0.39208559,0.30020887,0.18044981,0.4826831
273,2,50,1.1757044,292.18477,20.081924,-0.030982761,0.0013427011,0.038724403,-0.025776756,0.080939713,0.018675274,0.40198402,0.28016952,0.1881254,0.30322224
273,2,55,1.2017465,296.32338,20.256094,-0.032349737,-0.00079849583,0.025125656,-0.029206477,0.068227522,0.018195298,0.34190015,0.29158224,0.21913641,0.34435791
273,3,0,1.2264041,295.92019,20.180601,-0.037497326,0.00028706196,0.021560818,-0.03187099,0.080874454,0.021032015,0.35095942,0.3046771,0.21711274,0.3458296
273,3,5,1.4223005,296.69343,20.560119,-0.045696938,-0.002435774,0.025445317,-0.03564864,0.087491084,0.023861703,0.39246559,0.34603334,0.25839549,0.37717728
273,3,10,1.307589,301.64695,20.226693,-0.047908276,-0.0019625194,-0.0010388949,-0.032983647,0.054166138,0.0044127432,0.3546898,0.33037795,0.27180985,0.25961418
273,3,15,1.5560212,292.57712,20.153075,-0.039708582,0.001199243,0.019809688,-0.027402973,0.073463923,0.0092996429,0.39541894,0.30190407,0.22141214,0.29847189
273,3,20,1.5812978,293.80705,20.119341,-0.044610303,0.0033591375,0.032681352,-0.032984985,0.07831699,0.016456811,0.40133805,0.32498121,0.2592604,0.31853137
273,3,25,1.5422556,288.86323,20.828013,-0.030617945,0.0034847116,0.013736556,-0.029368891,0.063914021,0.0015697062,0.3498829,0.29649374,0.21396003,0.32846664
273,3,30,1.3805238,288.65866,20.825135,-0.024048255,0.003470584,0.0046715893,-0.024950695,0.056521314,0.0029093655,0.30402168,0.27020038,0.19025026,0.33037498
273,3,35,1.6226132,282.96232,20.436085,-0.027531594,0.009529627,0.00097559587,-0.027239321,0.054949861,-0.0074197481,0.36629243,0.30072745,0.20516757,0.34312798
273,3,40,1.6001602,287.40799,19.717511,-0.034490624,0.0085640529,0.0051564032,-0.025532253,0.06484755,0.0029887131,0.382124,0.31051587,0.22158416,0.33431149
273,3,45,1.5136054,292.94547,19.73667,-0.042927938,0.003705344,0.017425411,-0.028106886,0.066034703,0.0082668607,0.3945773,0.30064951,0.23176261,0.28872561
273,3,50,1.3702872,304.54257,19.940147,-0.057818988,0.00056412049,-0.019219796,-0.039712642,0.06081672,-0.006805049,0.38088207,0.35670875,0.29564844,0.34900074
273,3,55,1.3045876,307.10681,19.962587,-0.056299841,-0.00040393961,-0.024319637,-0.044405438,0.070656656,-0.0066133371,0.37603729,0.34059506,0.27526205,0.31525714
273,4,0,1.3888931,294.87139,20.046398,-0.043234183,-0.0010965648,0.027918277,-0.035652279,0.089761133,0.016960044,0.39702135,0.30695698,0.2304548,0.3404695
273,4,5,1.6971453,284.56583,19.819041,-0.02641219,0.0075304328,0.0061011799,-0.028525524,0.064847206,-0.014210176,0.34597923,0.30255963,0.20544267,0.36017507
273,4,10,1.6329121,287.62592,19.804278,-0.033523481,0.0061416375,0.0063253676,-0.02840027,0.078778847,2.4108492e-05,0.36546968,0.29671668,0.22154939,0.33824031
273,4,15,1.6511758,292.05464,20.092493,-0.041817584,0.0006041274,0.029635828,-0.030745351,0.079332165,0.01445898,0.41464404,0.32884882,0.23752492,0.32182871
273,4,20,1.4326923,296.31686,19.87728,-0.051600033,0.0013908579,0.020527011,-0.033123123,0.069133195,0.0089236634,0.38910322,0.34572687,0.27143882,0.29793591
273,4,25,1.3982415,298.1724,20.104737,-0.057330279,-0.00033185689,0.020256871,-0.042685131,0.079393636,0.013622326,0.40312648,0.35906351,0.28532557,0.34821541
273,4,30,1.6067502,293.77384,20.160884,-0.042530546,0.0030931045,0.034912217,-0.030671846,0.081217066,0.017538218,0.42653359,0.36246166,0.25312162,0.32555252
273,4,35,1.4442978,302.4278,19.997896,-0.066678887,-0.0025919764,0.0020781711,-0.050080554,0.07865356,0.0097597245,0.40806214,0.37037751,0.29767648,0.34138416
273,4,40,1.5670436,295.32531,20.385056,-0.046925912,0.0030489191,0.022644311,-0.031924607,0.078133786,0.012746967,0.40260015,0.33297642,0.25252949,0.32544397
273,4,45,1.770731,286.16871,20.218495,-0.040055151,0.0071717069,8.7260363e-05,-0.033210187,0.07689969,-0.0012668073,0.40058292,0.30695369,0.23125476,0.33830316
273,4,50,1.6503699,286.94691,19.88164,-0.022405107,0.003813012,0.012115582,-0.020085619,0.060169204,0.0038246322,0.36702065,0.30848252,0.20827795,0.32669332
273,4,55,1.40168,294.36892,19.775703,-0.038295073,-0.00040476017,0.020590499,-0.030057021,0.069225236,0.011045582,0.36620229,0.30870727,0.23265692,0.32156432
273,5,0,1.2412958,303.38864,19.886367,-0.038435495,-0.0057889656,0.00029864671,-0.034475938,0.052897111,0.0059631637,0.37313944,0.36919817,0.23884414,0.33293498
273,5,5,1.0334427,313.90826,19.185281,-0.018339465,-0.006119385,-0.0041837489,-0.025082633,0.066941522,0.0067867877,0.30956234,0.24708804,0.16604877,0.38740596
273,5,10,1.1188828,288.07991,19.033448,-0.013871635,0.0039994422,0.039613423,-0.018080706,0.053202812,0.012193278,0.32195196,0.28129651,0.14776508,0.54271015
273,5,15,1.2006673,288.50783,18.482633,-0.018841516,0.002218659,0.013087285,-0.01711992,0.057766698,0.0066993478,0.30191626,0.22767719,0.15400092,0.36243601
273,5,20,1.0269098,296.4399,17.930989,-0.025303105,0.0010238645,-0.015753816,-0.020666594,0.045496615,0.0023940469,0.3095922,0.32741725,0.18974526,0.29706031
273,5,25,1.150637,292.24134,17.952596,-0.023692767,0.003169374,0.00034787176,-0.018345904,0.034348674,-0.017382136,0.29851479,0.30208434,0.18965033,0.25309363
273,5,30,0.88262146,295.44925,17.735121,-0.014271124,-0.0038248793,-0.032142501,-0.021923081,0.056412617,0.0010551384,0.30822833,0.30247381,0.15530151,0.35987649
273,5,35,0.86119204,302.07249,17.773791,-0.01535507,-0.00036144787,-0.049985273,-0.019979307,0.11504358,-0.046966872,0.37857424,0.31148358,0.15857442,0.47474462
273,5,40,1.1846635,277.06536,17.448381,-0.011537648,0.0061257383,0.0015328818,-0.018728426,0.03155262,-0.019882526,0.21963753,0.21618502,0.13392673,0.361628
273,5,45,1.3641852,288.90643,17.098026,-0.019227102,0.0059131906,0.0018678272,-0.014135778,0.038612104,3.872147e-05,0.29220412,0.24085406,0.16470163,0.29840132
273,5,50,1.5903381,293.4877,17.214171,-0.044614981,-0.0021349789,0.027867735,-0.034732,0.090328133,0.022265288,0.40027351,0.31927473,0.23393456,0.32317583
273,5,55,1.7742717,290.75674,17.978427,-0.042460669,0.0053610982,0.02917194,-0.020669446,0.077807841,0.029953227,0.42898786,0.36383497,0.24684027,0.41935614
273,6,0,1.5637591,293.29494,18.035612,-0.039305698,-0.0026048705,0.017826006,-0.026110659,0.077302928,0.0045333084,0.4092963,0.34433898,0.23596292,0.32718997
273,6,5,1.6202915,300.24861,19.15983,-0.074071126,-0.0017852786,0.0021592808,-0.043609211,0.096600233,-0.006380862,0.46279923,0.43557396,0.34893635,0.38273984
273,6,10,1.5488706,295.65651,19.063969,-0.062624503,-0.0026980227,0.035732013,-0.044145708,0.10843887,0.024514464,0.45755113,0.36403446,0.28854604,0.3722065
273,6,15,2.0186285,286.46215,19.638929,-0.047753741,0.016925912,0.002470495,-0.040596523,0.1133232,-0.013668565,0.4683059,0.38823097,0.25996282,0.38692693
273,6,20,2.0084919,282.24362,20.128569,-0.039835466,0.017668867,0.015670961,-0.032733061,0.09171216,0.0027698331,0.44368464,0.38541809,0.25959168,0.35186271
273,6,25,1.828659,278.55062,19.621585,-0.030386479,0.0060923913,-0.0017467252,-0.0280387,0.096328792,-0.0026810286,0.43178281,0.34266653,0.23089554,0.35266817
273,6,30,1.9645955,280.59505,19.561311,-0.031813272,0.010391105,-0.00015922235,-0.026910389,0.083255243,0.0039359714,0.41039372,0.3351125,0.23298504,0.3803016
273,6,35,1.990793,274.72715,19.570118,-0.03417626,0.0063501977,-0.006557529,-0.033521368,0.089947625,0.0088476562,0.46385925,0.34714297,0.24061576,0.42793322
273,6,40,2.0042499,275.36021,19.430109,-0.041497411,0.0025156281,-0.0010567998,-0.036828841,0.088882497,0.0011160779,0.42819512,0.33332267,0.23776417,0.37793091
273,6,45,2.0167328,276.12971,19.509661,-0.04357422,0.0043567364,-0.0016683174,-0.042943085,0.083549683,0.0013064465,0.4157817,0.30996493,0.23648704,0.38014705
273,6,50,1.9952767,276.27092,19.971687,-0.036242839,0.007282278,-0.0063378771,-0.032663174,0.070579924,0.004657772,0.40472346,0.33998502,0.23019136,0.39594078
273,6,55,1.8257904,275.30959,20.263845,-0.027851146,-0.001019013,-0.0051478099,-0.033007555,0.080938644,0.0076419908,0.40520578,0.3090601,0.21268156,0.54124631
273,7,0,1.6739935,284.91324,19.760295,-0.036691761,0.011364311,0.0033457692,-0.034019415,0.092062474,-0.0036319138,0.39170721,0.30379923,0.21682891,0.43277266
273,7,5,1.227029,295.60959,19.254752,-0.035603706,0.0010262401,0.0185988,-0.031932489,0.054420712,-0.0050322632,0.33319663,0.30510222,0.22656416,0.33676644
273,7,10,0.82683586,288.09709,19.919139,-0.008233932,0.0019284088,-0.011470534,-0.014121797,-0.039152486,0.1860138,0.20147138,0.2902807,0.10965327,1.2195829
273,7,15,0.69426828,311.79223,19.203343,-0.0021462644,-0.0057284045,-0.013727744,-0.014160805,0.055141576,-0.015466301,0.17686541,0.1887228,0.098957559,0.74158498
273,7,20,1.4392786,309.34383,19.510014,-0.054822258,-0.011250525,-0.054805524,-0.040942173,0.1257914,-0.022883518,0.50906606,0.4255005,0.2856356,0.41719862
273,7,25,1.059666,300.60001,19.288665,-0.032252573,-0.0023839471,-0.021331361,-0.035323577,0.066557622,-0.0071272311,0.34463362,0.35087135,0.23039087,0.36984638
273,7,30,1.313646,272.86452,20.290107,-0.022031664,-0.0086937266,0.014593001,-0.03740833,0.077770925,0.036529164,0.34380862,0.28065866,0.21074513,0.4738755
273,7,35,1.4425998,264.2469,21.200973,-0.03822489,-0.021961644,0.0067726602,-0.042959827,0.075840769,0.017261682,0.40112056,0.32307467,0.26329204,0.35401979
273,7,40,1.2957539,265.18975,21.105314,-0.027293304,-0.015399127,-0.0014726941,-0.03726873,0.058555678,0.013384005,0.34606512,0.29048839,0.23046384,0.351907
273,7,45,1.2648657,267.21225,21.047468,-0.022346985,-0.012778927,0.0088862935,-0.037294497,0.075937158,0.034992504,0.32561859,0.26841497,0.20004894,0.45728747
273,7,50,1.4710881,269.99501,20.613573,-0.022108633,-0.011848513,-0.018603212,-0.03552433,0.0414895,0.03991138,0.39438517,0.31445667,0.21553872,0.51012474
273,7,55,1.2947251,275.51867,19.697685,-0.015006856,0.0013338649,-0.004558632,-0.017206617,0.035211428,0.063946962,0.28104626,0.29184679,0.17415411,0.63530495
273,8,0,1.5213313,277.63332,18.874568,-0.024062395,-0.0027399533,0.0055499966,-0.027993433,0.068365001,0.021323307,0.35550445,0.2763412,0.19499706,0.42816818
273,8,5,1.7886427,281.81617,18.737951,-0.02539489,0.0063428948,0.0095109324,-0.025637409,0.068539754,0.0070958412,0.36913752,0.29785511,0.20354707,0.45679777
273,8,10,1.5930285,278.42517,19.707296,-0.021002431,0.0024532365,0.0018113927,-0.028693092,0.065253366,0.00011874695,0.3293036,0.2645278,0.18153464,0.5019267
273,8,15,1.3963255,278.03003,19.495537,-0.018301946,0.0024251658,0.0021076332,-0.021184346,0.056396199,0.026322072,0.26805812,0.22540141,0.16532594,0.60887921
273,8,20,1.4327964,261.96431,20.816062,-0.042631285,-0.023548804,0.0042895366,-0.047003461,0.10929154,0.039983197,0.43153778,0.34962855,0.28489634,0.71063226
273,8,25,1.3949715,254.17971,21.004455,-0.060151282,-0.027563929,-0.0061828471,-0.03671951,0.072561374,0.012647152,0.51551408,0.40503478,0.32418562,0.26473352
273,8,30,1.6386084,259.37461,21.393547,-0.053415547,-0.041036454,0.0039736742,-0.045095871,0.076993035,0.026872027,0.5267445,0.43851207,0.34448294,0.29132102
273,8,35,1.6325961,256.40715,21.432638,-0.065011388,-0.040316667,-0.016030289,-0.042424574,0.12534995,0.012481044,0.64033911,0.43476705,0.35620239,0.31048979
273,8,40,1.3716574,246.14156,21.339844,-0.051994738,-0.016932781,-0.023957658,-0.034155592,0.0804354,0.0067501385,0.52910052,0.46010324,0.33540685,0.27053329
273,8,45,0.65740477,199.8568,20.685358,-0.016805352,0.024482517,-0.005784449,-0.0078084122,0.048651933,-0.0064581219,0.34172606,0.45154769,0.22069857,0.55366916
273,8,50,0.064233565,346.59435,17.795769,0.0062673292,-0.0013156312,-0.00096541823,-0.0076450867,0.0008451204,-0.013512654,0.16257245,0.18642957,0.08313588,0.33545731
273,8,55,0.26097636,233.56397,17.515991,-0.0020384164,0.0012698334,-0.0071596657,-0.00047142567,-0.019795319,0.03233995,0.15026436,0.13610879,0.048865477,0.60245739
273,9,0,0.49410579,292.95791,16.283748,-0.001552276,0.00072788311,-0.002621919,-0.004983105,0.0045391033,0.0035181765,0.12175541,0.12499521,0.054964668,0.60944486
273,9,5,0.69539582,288.11629,16.44761,-0.0013363432,0.0013141214,0.0044799914,-0.0074600244,0.034288146,0.021700287,0.11322467,0.11860916,0.062546263,0.62555034
273,9,10,0.78502811,290.27368,16.725583,-0.0059918689,0.0014259505,0.017193329,-0.013482592,0.050518003,-0.0096787291,0.23955137,0.1653467,0.079718624,0.64568778
273,9,15,0.85742269,295.9689,17.311114,-0.0073298689,-0.00093977253,-0.00019243085,-0.016620824,0.041450172,-0.067989438,0.18041502,0.25402928,0.10973323,0.66452413
273,9,20,1.4800895,266.20768,20.159376,-0.034676717,-0.022611341,0.011361383,-0.050296869,0.17491188,0.0978168,0.47401351,0.38019426,0.27289498,0.73907531
273,9,25,1.6676583,265.36794,20.609099,-0.052049333,-0.029629938,-0.0047104825,-0.050943859,0.12311813,0.012914225,0.54731096,0.39605527,0.31253238,0.39691468
273,9,30,1.5859444,263.49217,20.540431,-0.042432274,-0.024439955,-0.011438483,-0.044225,0.091700304,0.025190094,0.50485903,0.40397397,0.31257313,0.36206227
273,9,35,1.8094435,267.68317,20.941018,-0.046119182,-0.029386746,-0.036867683,-0.047106669,0.12744423,0.031237944,0.6348107,0.47473364,0.31717235,0.39100223
273,9,40,1.0754582,302.09196,19.843369,-0.027290181,-0.011636038,0.018369895,-0.042579643,0.10157943,0.051777195,0.36263287,0.35703212,0.20260586,0.47669996
273,9,45,0.79266714,293.34963,19.007434,-0.0047881446,-0.0073909672,-0.020925431,-0.020581762,0.041522678,0.005796003,0.32964377,0.34872392,0.13696624,0.45383463
273,9,50,0.68891631,316.17707,18.201434,-0.0049572986,-0.010108785,-0.022381853,-4.6455145e-05,0.023324494,-0.08288935,0.26980194,0.37045975,0.11644275,0.5561848
273,9,55,0.67374443,296.86517,17.910011,-0.0021198325,-0.0095869747,-0.023646153,-0.021913692,0.011735315,0.044177374,0.28964456,0.35799565,0.13032238,0.73723578
273,10,0,0.67055297,298.77058,16.784944,-0.0066447938,-0.00048694715,0.0070846357,-0.016487465,0.041378906,-0.0016976911,0.18103621,0.15717181,0.086547569,0.5174432
273,10,5,1.0354265,306.70798,17.466317,-0.0098010209,-0.007214998,-0.023812709,-0.01517232,0.087314441,-0.076957022,0.25756794,0.27835632,0.14859083,0.60949783
273,10,10,1.0566312,301.28838,17.892468,-0.02600436,-0.0036783808,0.010181741,-0.035993848,0.051559301,-0.010943148,0.30754308,0.29898187,0.18804194,0.45474957
273,10,15,1.2312233,296.75671,17.796348,-0.033850051,-0.0058066754,0.0084107626,-0.028742432,0.060133685,0.028118596,0.3260824,0.33885551,0.21386952,0.45337512
273,10,20,1.2289834,297.45284,16.96426,-0.036171844,-0.0038456342,0.021384377,-0.02982842,0.064387547,0.0061145052,0.35355237,0.3160651,0.2233457,0.32601666
273,10,25,1.20105,294.19447,16.65873,-0.0320617,-0.0042201486,0.025482605,-0.025753397,0.075124388,0.010460623,0.3422684,0.29713896,0.20436098,0.37581134
273,10,30,1.3000822,305.80958,16.617806,-0.047268692,-0.0075208581,-0.025578941,-0.040565111,0.079211879,0.018981457,0.39242409,0.36971964,0.24580603,0.37437338
273,10,35,1.133521,300.96081,17.413611,-0.024745316,-0.0032850843,-0.0036161049,-0.032598273,0.056536452,-0.033187706,0.38096952,0.33093504,0.21117553,0.63565774
273,10,40,1.2588816,295.19017,16.968503,-0.033715683,-0.0012119394,0.021606387,-0.033296459,0.07489461,0.011992066,0.34837597,0.28550911,0.21010723,0.39621757
273,10,45,1.4963227,287.99163,17.054793,-0.020016792,0.0071388978,0.0035084643,-0.019048878,0.043721412,-0.0012560271,0.32252615,0.26111075,0.17730733,0.29703933
273,10,50,1.2765528,294.08156,16.985583,-0.030546559,0.0035749609,0.017124084,-0.029872673,0.065814213,0.010325237,0.33003087,0.26602182,0.21500971,0.31010048
273,10,55,1.403188,295.81854,17.342272,-0.04564207,-0.00020007489,0.026693499,-0.036458815,0.085455963,0.010920111,0.39442857,0.32321605,0.24575411,0.35462881
273,11,0,1.4214346,298.01024,17.353195,-0.055700965,-0.00038042178,0.026706285,-0.039048974,0.071516023,0.018011662,0.39862651,0.35924785,0.29707589,0.3787079
273,11,5,1.6178762,289.90181,17.876028,-0.033073078,0.0077533243,0.0073370795,-0.029244249,0.07132799,-0.0077244969,0.37213992,0.31812943,0.2248534,0.33806698
273,11,10,1.4628069,294.87498,17.834738,-0.045714122,0.0024202439,0.022224808,-0.033828781,0.065535044,0.012295538,0.37166477,0.32787241,0.25508278,0.31923042
273,11,15,1.3058011,304.14174,17.522323,-0.048414049,-0.007897001,-0.012629163,-0.042081789,0.07770265,0.011293285,0.38601343,0.34313555,0.26943209,0.39489013
273,11,20,1.431114,300.49488,17.649103,-0.047808306,-0.0022217199,-0.0058973939,-0.031997056,0.064252573,-0.0037200145,0.40710731,0.33198719,0.24333378,0.32526781
273,11,25,1.2838475,293.42158,17.339483,-0.030536067,-0.0017560863,0.025544912,-0.027999337,0.065764231,0.010795315,0.33920035,0.28696991,0.20558851,0.31276862
273,11,30,1.2079933,300.34968,17.201474,-0.034924561,-0.0049674997,-0.0033673965,-0.024073049,0.043368523,-0.020525684,0.34908992,0.32668095,0.22338789,0.42039751
273,11,35,0.79290664,292.19745,17.867466,-0.0091232286,0.00022475022,0.00034158668,-0.015678923,0.072761518,0.011392278,0.27126244,0.1914181,0.11367733,0.51636443
273,11,40,0.72726256,287.47163,17.624544,-0.0053199987,-0.0021735943,-0.0046277924,-0.01149496,0.026746995,0.0093213007,0.22269491,0.25999387,0.1142648,0.86157014
273,11,45,0.68052502,282.41947,18.783607,-0.0054111145,-0.0030324242,0.011251058,-0.016993932,0.059933626,0.027664444,0.30372887,0.25678209,0.12315701,0.63874094
273,11,50,0.46414838,248.19351,19.882521,-0.011824159,-0.0012152718,0.0075737197,-0.032037049,0.17460095,0.15898524,0.43871018,0.47330151,0.17112582,0.89213721
273,11,55,1.4638592,261.67762,20.608589,-0.043182104,-0.043785837,-0.030088102,-0.052122089,0.090647551,0.043965662,0.52588311,0.46129884,0.31900513,0.40332602
273,12,0,1.6061911,270.58869,20.262137,-0.031342019,-0.015529096,0.012123435,-0.038607189,0.10310729,0.035118114,0.45777947,0.3439962,0.25120302,0.44324653
273,12,5,1.5699006,269.16228,20.355142,-0.039935476,-0.020736736,0.011057959,-0.051112538,0.11132889,0.032058922,0.46343179,0.372824,0.26543814,0.44715546
273,12,10,1.759448,267.6252,20.525851,-0.049845032,-0.033745687,0.023658566,-0.04858299,0.12048822,0.034620721,0.53275111,0.41985954,0.30565937,0.4020921
273,12,15,1.8224985,269.71651,20.626796,-0.044627373,-0.030447465,-0.0050990055,-0.051934241,0.12205,0.019260028,0.52651001,0.43262606,0.32119889,0.41707579
273,12,20,1.5328362,283.56837,20.028825,-0.033178414,0.00068037261,0.00095850035,-0.037722207,0.059903848,0.0094909313,0.40846964,0.36467765,0.2489627,0.35302383
273,12,25,1.3004615,308.51136,19.308002,-0.046497884,-0.010236141,-0.010553599,-0.046162497,0.085177174,0.021155728,0.37452155,0.37385857,0.2520318,0.38827649
273,12,30,0.80610311,346.22033,18.393525,-0.0075168989,0.0029341633,0.029955509,-0.019323444,0.050345537,-0.01807504,0.28367913,0.31572114,0.1302158,0.4950979
273,12,35,0.86238406,288.42056,17.65361,-0.003190789,0.0015513144,0.017010882,-0.0085800959,-0.017504133,-0.06138606,0.20539785,0.1827201,0.071823818,0.81245878
273,12,40,0.66827201,307.34494,16.271516,-0.0048894614,-0.0023761125,-0.0041893734,-0.0082534826,0.014288219,4.506567e-05,0.16044488,0.17804824,0.094775342,0.41848594
273,12,45,0.86917257,291.33109,16.217836,-0.013829336,0.002173312,-0.019828837,-0.018295085,0.084050882,-0.027091954,0.35954243,0.2129755,0.14159383,0.37587696
273,12,50,0.65105497,278.74136,16.606267,-0.0026991435,-0.0015418298,-0.028209625,-0.013061844,-0.083133516,0.085893219,0.28936248,0.2526637,0.11444181,0.72848296
273,12,55,1.2569958,294.83023,16.845869,-0.026215794,0.0050233864,0.037338975,-0.029480461,0.12748427,0.043934754,0.38721294,0.30429954,0.19143973,0.52178785
273,13,0,0.84873436,295.68005,16.75664,-0.0070510163,-0.00043842269,0.020285836,-0.016484435,0.082858599,0.002941013,0.33934401,0.25403813,0.11871703,0.4497073
273,13,5,0.31731179,163.07937,14.928112,0.003129238,0.0073432212,0.086594265,-0.0056905081,0.012864446,0.0018749012,0.36505387,0.29497025,0.079290824,0.38550524
273,13,10,0.56592061,284.18228,13.90176,-0.0029878257,-0.0025845058,-0.01982192,-0.013392663,-0.0074695895,0.028536063,0.18135446,0.22515085,0.083732721,0.42988132
273,13,15,0.38555854,288.61366,14.814193,0.00061342933,-0.0015866864,-0.0016868306,-0.0080646298,-0.02342937,-0.001214466,0.33731881,0.20569371,0.093788475,0.5758729
273,13,20,0.91481898,274.73179,14.911259,-0.0057410205,0.0015639851,-0.002137165,-0.012723883,-0.0010669819,0.0092276813,0.20821226,0.15178651,0.091099106,0.57094213
273,13,25,1.0945202,278.48487,14.172978,-0.01050133,0.0049989297,0.01331817,-0.011575182,0.036693149,0.016966347,0.25325103,0.23986742,0.12456125,0.36484216
273,13,30,0.98754008,281.96923,14.891929,-0.0096044869,-0.00089463052,-0.0030678206,-0.016700458,0.07793368,0.0021944873,0.26263099,0.19542384,0.12364089,0.48328787
273,13,35,0.83704359,288.28227,14.610399,-0.0099438468,0.0010905051,0.009948961,-0.0095448873,0.011217293,-0.0022889665,0.24038629,0.31630812,0.12490611,0.34897749
273,13,40,0.47269957,220.11891,17.701354,-0.0090271107,0.010197617,-0.078561284,-0.020761107,0.0003034553,-0.028009029,0.55687123,0.49432357,0.18869268,0.58482084
273,13,45,0.72102855,167.28774,18.246459,-0.010379586,0.0033688965,0.032390278,-0.014969815,0.017388685,0.010933955,0.32874114,0.42815278,0.1422483,0.34887078
273,13,50,0.50008844,135.85203,16.487129,0.0014343806,0.0052714006,0.064463554,-0.0036498544,0.019215428,0.0046254,0.32213778,0.28257356,0.082389388,0.15836328
273,13,55,0.14515543,307.07093,16.031494,-0.001790174,-0.0017981101,0.016947686,-0.0029571901,-0.022537062,-0.0089382366,0.25630128,0.14848763,0.06280688,0.2468077
273,14,0,0.14097145,324.00809,16.768497,0.0032410204,-0.0038568589,0.0032872602,-0.0054748671,-0.008715592,0.0021760936,0.29040658,0.22877297,0.079047577,0.3099581
273,14,5,1.4798502,237.466,18.980223,-0.086205268,0.017441262,-0.034881601,-0.022483189,0.050895454,0.013950603,0.70471391,0.65801339,0.40866524,0.15863462
273,14,10,1.9795896,251.8076,19.119954,-0.097312564,-0.052506805,-0.098834862,-0.021535439,0.022451894,0.029153443,0.79262641,0.74012209,0.45460119,0.12733303
273,14,15,1.7329865,258.28224,19.234169,-0.088195114,-0.055019081,-0.049854529,-0.022290945,0.024506671,0.032838414,0.74114663,0.61079375,0.41794712,0.14085632
273,14,20,1.1295829,224.95747,19.805351,-0.036787165,0.022416783,-0.09160971,-0.0054547458,0.028968378,-0.016017681,0.61197463,0.65544649,0.30612645,0.19805335
273,14,25,0.37303282,111.30199,19.055359,-0.0047836606,0.0048721619,-0.020926074,0.0088480069,-0.0099558345,0.017092548,0.34384167,0.30411917,0.12585875,0.24832303
273,14,30,0.63037743,144.01973,19.359251,-0.0056691876,-0.00047631577,0.0019457575,0.0080500589,-0.019785545,-0.0088539499,0.23215045,0.2068321,0.12667721,0.2343237
273,14,35,0.41200033,130.76326,19.117162,-0.0057362022,0.0014140761,0.017473291,0.01110574,-0.052969934,-0.022576368,0.38009038,0.24273827,0.097069445,0.32417494
273,14,40,0.27295868,159.36254,19.568946,0.0030435995,0.0040467244,-0.01374017,0.01431344,0.010431571,-0.0080229927,0.37826607,0.27501081,0.11619,0.40289226
273,14,45,1.6398782,241.09477,20.582219,-0.099562396,0.0072684823,-0.099254581,0.016469532,-0.081653564,0.057167767,0.74974418,0.70310426,0.42428095,0.23421859
273,14,50,2.1648696,238.05698,20.135225,-0.16438586,0.016797526,-0.08135125,0.023818004,-0.098935038,0.050342996,0.94858851,0.84309468,0.55075509,0.23507622
273,14,55,2.4963644,237.93993,19.933355,-0.21164756,0.024294196,-0.13492334,0.037269731,-0.10183027,0.062323233,1.0388458,0.97066857,0.59403283,0.22609068
273,15,0,2.1172667,230.63417,20.326345,-0.099830003,0.039768985,0.060432548,0.024100728,-0.064721279,0.02686677,0.87515792,0.81735638,0.50005875,0.20832331
273,15,5,2.21709,232.38813,20.026255,-0.12791622,0.033968676,-0.016322363,0.032546113,-0.11578759,0.022554149,0.94341517,0.88385004,0.52850924,0.29224355
273,15,10,2.0065504,230.59828,20.229051,-0.099121026,0.040336777,0.037609593,0.035627685,-0.12271707,0.0011341354,0.89744561,0.80862611,0.48141231,0.30069161
273,15,15,2.2306262,237.16546,20.554999,-0.13053797,0.020581502,-0.090911661,0.041408968,-0.10226744,0.071107664,0.9043161,0.87058242,0.51152597,0.28594018
273,15,20,1.9745065,241.68813,21.072755,-0.12355273,0.02020067,-0.11628259,0.039255368,-0.1590348,0.068398542,0.84613305,0.81716069,0.46686195,0.33009178
273,15,25,1.8327102,244.95588,21.77041,-0.11344321,-0.019620734,-0.092056255,0.042661481,-0.12537225,0.039526492,0.79696253,0.72675044,0.45099088,0.37615593
273,15,30,1.4753385,249.29557,22.496666,-0.081711809,-0.014371843,-0.051706954,0.034481565,-0.11956528,0.072706791,0.8599154,0.69764471,0.38422037,0.40399889
273,15,35,0.80552456,29.914449,22.200721,-0.067612689,0.011648087,0.013768173,0.082987675,-0.18600444,-0.015283252,0.51399849,0.46325174,0.28544138,0.6900138
273,15,40,0.89326481,41.881423,21.719846,-0.069783326,-0.013139864,0.033183301,0.087224543,-0.17568445,-0.03983,0.49224923,0.44738704,0.27176196,0.70373635
273,15,45,0.98002643,80.8136,21.948807,-0.033100226,-0.024479922,-0.032297425,0.075914687,-0.19890822,-0.039189669,0.53016168,0.39701864,0.23913813,0.71203326
273,15,50,1.1576179,89.044672,21.656442,-0.027634445,-0.015950607,-0.03014151,0.072126616,-0.22020185,0.028064608,0.50734444,0.34819317,0.22326803,0.79246946
273,15,55,0.64689977,87.791705,21.578176,-0.021572399,-0.0049665143,-0.02793473,0.075852955,-0.18915065,0.069476371,0.4270082,0.27092234,0.15356577,1.0882422
273,16,0,0.94344439,97.319599,20.710554,-0.015270941,-0.0025374024,0.031223243,0.067404659,-0.12490607,0.006297515,0.47876423,0.26063701,0.1618262,0.83709764
273,16,5,0.77935285,119.12424,21.172069,-0.010772924,-0.0032158575,0.012750456,0.070865142,-0.06327153,-0.012452546,0.30275814,0.3404212,0.16542656,0.84435264
273,16,10,1.0256247,106.14649,21.55384,-0.024862965,-0.0066801893,-0.0050211556,0.077592415,-0.068194761,-0.016216926,0.45782275,0.37539491,0.20589687,0.87682565
273,16,15,0.88315183,116.78567,21.244636,0.003765549,8.6240873e-05,-0.0364041,0.075203844,-0.041462134,0.017149116,0.50117975,0.34803073,0.18447463,0.86837689
273,16,20,0.95286654,108.50827,21.756334,-0.0085345901,-0.0059224515,0.034380423,0.074327866,-0.084032386,-0.0073068417,0.45299202,0.33952315,0.18275035,0.97557082
273,16,25,1.2715984,103.78701,21.520916,-0.028074169,0.0017636467,-0.030401299,0.086676904,-0.041605885,-0.0038007502,0.56466539,0.41332482,0.24007946,0.86873936
273,16,30,0.94565301,104.75051,21.696371,-0.022615142,-0.0005522337,0.029597838,0.087395343,-0.043709684,0.066247097,0.56338881,0.35467817,0.20168387,1.0800453
273,16,35,1.1280852,109.33933,22.012159,-0.015368539,-0.010202,-0.021707498,0.093192298,-0.13897328,0.10081481,0.38976242,0.43479936,0.20771377,1.1285796
273,16,40,1.2011446,116.07525,21.723987,-0.0071040221,-0.0024567494,-0.029238286,0.084762574,-0.021657571,-0.03445739,0.43980131,0.4857101,0.19307449,1.0479385
273,16,45,1.013943,90.540993,22.715148,-0.031620369,-0.031667659,-0.091661944,0.10797264,-0.30654718,0.025680446,0.64345651,0.55497421,0.23392238,1.1220931
273,16,50,1.1984943,98.009609,22.351764,-0.017980459,-0.018215258,-0.015839455,0.094668243,-0.12127335,0.050066325,0.53392735,0.43036693,0.22661632,1.12352
273,16,55,1.1530998,99.189239,22.400956,-0.024511041,-0.019344559,0.019061721,0.1246607,-0.11064989,-0.0044461613,0.56042557,0.46681387,0.23363421,1.1569102
273,17,0,1.2336291,98.445794,22.766919,-0.021752611,-0.015538841,0.008631614,0.10956921,-0.15706468,-0.0013971859,0.48529255,0.45841655,0.23619568,1.1371582
273,17,5,0.7284494,99.775626,22.92271,-0.024869154,-0.0075959335,-0.079358459,0.11525454,-0.03860582,-0.07209835,0.64964258,0.46451824,0.21016824,1.2142155
273,17,10,1.054187,151.31045,23.288702,-0.021029105,0.026043807,0.031372741,0.1336338,-0.13142949,-0.059936874,0.49186205,0.54947706,0.24237763,1.1931295
273,17,15,1.1605442,153.55894,23.188528,-0.025413615,0.027648682,0.084614084,0.12250249,-0.15199487,0.014584612,0.51649073,0.4540956,0.24637304,1.1873087
273,17,20,1.300059,126.51129,23.376075,-0.017719102,0.0012508791,0.0014668697,0.14081364,-0.073930848,0.047057383,0.4989357,0.40586171,0.23641681,1.3377751
273,17,25,1.0896094,113.842,22.737023,-0.012190977,0.0029072018,-0.099290159,0.1098189,-0.088883679,0.060080841,0.61774245,0.4969026,0.21279061,1.223626
273,17,30,0.67966524,126.00594,23.122133,-0.0014941387,-0.0019158162,0.011926713,0.12231608,-0.061431329,0.03515851,0.48626086,0.49693267,0.19630765,1.194121
273,17,35,1.1113035,107.12491,23.394821,-0.021741788,-0.0054543347,-0.06100001,0.13407801,-0.10375296,-0.052732853,0.47439407,0.44050621,0.21763205,1.3937051
273,17,40,1.2761133,111.89763,23.732417,-0.034588741,0.022104817,-0.083395035,0.15948132,-0.13608293,0.041905841,0.53097835,0.64478453,0.25407854,1.3897164
273,17,45,0.74872109,111.01264,23.86116,-0.001314551,-0.0033006528,-0.02981589,0.12255325,-0.1235902,-0.11782823,0.48341802,0.37733302,0.19641973,1.4145151
273,17,50,1.1069039,119.79831,24.084406,-0.025455686,0.00092264847,-0.087586259,0.11047287,-0.28537739,0.045161363,0.7143111,0.4626631,0.20781501,1.3672897
273,17,55,0.37768508,132.3141,23.581552,0.012080044,0.0049397059,0.0073100314,0.1076734,0.13221952,-0.012577157,0.51917981,0.38132102,0.17108126,1.2025564
273,18,0,1.2778426,122.71513,24.22716,-0.022909833,0.0022497749,0.013090266,0.15915952,-0.091910163,0.1201343,0.58088048,0.47408753,0.23102646,1.3870988
273,18,5,0.59063127,79.849137,23.900554,-0.015580292,-0.011670979,-0.11913325,0.11209215,-0.034660775,0.15429117,0.52674602,0.5575381,0.20556002,1.4527761
273,18,10,1.1173051,101.32089,24.60723,-0.024994831,-0.0034053349,-0.044106648,0.14912219,-0.081581377,-0.061896584,0.58395317,0.41315883,0.22208582,1.4034943
273,18,15,0.75960495,144.08808,24.302479,-0.010500038,0.0084425113,-0.018055666,0.10804012,-0.027498484,-0.061250759,0.53176644,0.41308625,0.19165641,1.2246207
273,18,20,0.9969386,120.35775,24.799576,-0.010254975,0.0033352387,-0.022188082,0.1229302,-0.13090616,0.068762744,0.50781558,0.3565819,0.19139371,1.3453242
273,18,25,1.0470555,101.36637,25.714731,-0.018090802,-0.0099385128,0.033534098,0.1476247,-0.25944551,-0.10119429,0.53829003,0.44505486,0.22065683,1.3940507
273,18,30,1.2586302,98.257138,25.644954,-0.029684126,-0.0045404866,-0.00094379353,0.12177962,-0.11887082,0.048719599,0.53936449,0.38762511,0.23041605,1.2882663
273,18,35,0.7620606,132.18548,25.371023,0.00010873108,0.010463081,0.045279735,0.13966584,-0.033396421,0.047202175,0.50728877,0.5593984,0.20237636,1.3535479
273,18,40,0.72536247,77.678966,26.193504,-0.026870215,-0.029877295,-0.083649092,0.17821716,-0.16821811,0.092145247,0.44398825,0.81552454,0.23538339,1.6502665
273,18,45,0.95739102,110.86288,25.611031,-0.0085378416,-0.0099928205,-0.0082443692,0.12367455,-0.0011365762,-0.070973576,0.59329362,0.4074709,0.1973323,1.4395002
273,18,50,0.93670569,74.436958,26.089942,-0.023225536,-0.020155289,-0.13602057,0.16355325,-0.094472992,-0.10459131,0.53295491,0.53610815,0.22734411,1.4242075
273,18,55,0.84062718,105.05859,26.214043,-0.030469019,-0.00032105326,-0.41228221,0.16768235,-0.38908122,0.17794114,0.79975664,0.7191093,0.20786482,1.5752244
273,19,0,0.95360547,106.84729,25.929653,-0.016923581,-0.003366287,-0.055245023,0.14394603,-0.1066192,0.074382434,0.44597039,0.4621904,0.18973655,1.4119943
273,19,5,0.51018667,62.323111,25.793087,-0.0040411382,-0.0096377997,-0.14825741,0.11040206,-0.058630475,-0.034868473,0.40924954,0.53442947,0.17061775,1.2816511
273,19,10,0.30352675,170.82637,26.476351,-0.0003982306,0.025252516,-0.010060526,0.13440589,0.017833793,0.15322426,0.40196554,0.55934291,0.19144723,1.2558892
273,19,15,0.65258827,182.66288,27.403809,0.0053390116,0.017922569,-0.046610577,0.12259363,0.030338196,-0.045725669,0.53772391,0.54325825,0.22672609,1.3093626
273,19,20,1.6026879,143.07668,27.902357,-0.040906402,0.0079359635,0.099939318,0.15905936,-0.19132025,-0.028736478,0.69836338,0.67872925,0.30193672,1.3138288
273,19,25,2.1821563,112.44054,27.564813,-0.070527604,0.0036995655,-0.024088877,0.16540553,-0.34710496,0.030567508,0.80587499,0.82192644,0.35700334,1.2256224
273,19,30,1.0181566,119.31692,27.187582,-0.044903664,0.032850625,-0.03754333,0.15571226,-0.05049935,0.043220005,0.75749028,0.71822211,0.26310414,1.3934481
273,19,35,1.5147909,129.39433,27.921811,-0.040407979,0.012250883,-0.046122779,0.18474744,-0.21818479,0.0060192511,0.64796308,0.50580993,0.29332489,1.3687436
273,19,40,1.5811127,99.353799,28.29234,-0.037419943,-0.017035446,-0.019307823,0.13765011,-0.18711216,-0.016300919,0.62133008,0.56298881,0.28767626,1.246908
273,19,45,1.7414954,129.16126,27.977137,-0.046925879,0.014353103,-0.00079640467,0.13343761,-0.24985671,0.045462367,0.73622252,0.60521471,0.29307085,1.2995706
273,19,50,1.8087209,144.37473,28.497343,-0.048579971,0.039567408,0.037732603,0.17279529,-0.28643049,0.22822109,0.70359499,0.53216127,0.30893607,1.4125269
273,19,55,2.1092117,127.97918,28.008405,-0.054397879,0.026780865,-0.061000261,0.17134065,-0.26353347,-0.026046255,0.66910544,0.82877111,0.34496943,1.3086679
273,20,0,1.7947498,132.05079,27.980265,-0.0535197,0.02020544,-0.076977189,0.15954793,-0.29355375,0.015216477,0.62541581,0.56807089,0.3066227,1.2275651
273,20,5,1.2361348,112.50089,28.357845,-0.033085465,0.0017419749,0.011345723,0.17617737,-0.18723822,0.05547239,0.64733498,0.65103246,0.26790746,1.3681802
273,20,10,1.155472,51.433946,28.214283,-0.099878458,-0.012590238,0.0041047778,0.19218028,-0.20386755,-0.053763426,0.67467894,0.80836905,0.35566654,1.3025975
273,20,15,1.488701,77.148275,28.148976,-0.061814064,-0.056185595,-0.1551635,0.15812258,-0.26246532,-0.051580224,0.7449,0.69908318,0.35193608,1.0701105
273,20,20,1.2317982,67.170143,28.54395,-0.087591218,-0.032901611,-0.063303664,0.16525308,-0.47615394,-0.040198805,0.69942389,0.65351778,0.3498905,1.3953392
273,20,25,1.321117,59.722167,28.097483,-0.095900953,-0.055749234,0.14032546,0.17305278,-0.14210607,0.088517966,0.7083318,0.76471863,0.35596465,1.303456
273,20,30,1.5552507,74.516882,28.377544,-0.076374066,-0.043144771,-0.36126863,0.14567936,-0.29965244,-0.15556445,0.85274892,0.94871191,0.35470769,1.0955892
273,20,35,1.3040896,44.823159,28.478742,-0.099248616,-0.035249785,-0.0016955037,0.16394034,-0.28029785,-0.08148579,0.66968251,0.8069618,0.36964697,1.0868708
273,20,40,1.2081887,44.131307,28.513051,-0.10693105,-0.014231322,0.012533072,0.15841467,-0.31051753,-0.067555919,0.60593963,0.56619266,0.33997761,1.0648202
273,20,45,1.1808963,44.837733,28.599327,-0.11086739,-0.021228472,0.029462124,0.171727,-0.37414975,-0.045191927,0.63954876,0.59599998,0.34221348,1.0726865
273,20,50,1.5873266,16.696121,28.193225,-0.1504302,0.022914279,0.20094069,0.18194104,-0.53883191,-0.14972982,0.91263332,0.84862214,0.40979375,1.0828034
273,20,55,1.4215411,29.938636,28.093079,-0.11077957,0.012010575,0.052127813,0.14706497,-0.38879157,-0.035870581,0.68691348,0.57003549,0.35569156,1.0081579
273,21,0,1.2352315,30.418307,28.060286,-0.089900511,0.015942529,0.14301128,0.130497,-0.31718145,-0.11070914,0.65940516,0.76533409,0.35259268,0.99439934
273,21,5,1.2179874,35.092018,28.443242,-0.1094174,0.012435009,0.079377653,0.16910918,-0.38879675,-0.036311888,0.65720115,0.57730638,0.35651275,1.0260424
273,21,10,1.2936037,27.514518,28.002493,-0.087204303,-0.015207427,0.22867366,0.13133718,-0.26585048,-0.13330741,0.68058669,0.85877938,0.33268871,1.0269725
273,21,15,1.2057222,65.883538,28.371258,-0.093479472,-0.034852814,-0.10456347,0.12837691,-0.24893477,-0.00191555,0.7049669,0.64397288,0.32993289,1.0470468
273,21,20,1.2105327,43.633855,28.414437,-0.12463958,-0.0053067969,0.036846451,0.12708601,-0.33231383,-0.017702759,0.73368002,0.56038714,0.35874324,0.99275863
273,21,25,0.94437805,14.842667,27.708105,-0.042415019,0.003494961,0.040771251,0.12299246,0.088441697,-0.15095598,0.71613128,0.74428709,0.27921178,1.1877712
273,21,30,1.3090801,43.182861,27.934843,-0.14216565,-0.02080737,0.10287824,0.15122673,-0.37655558,-0.030789014,0.74489638,0.59294282,0.36718619,0.94400416
273,21,35,1.2029563,38.936357,28.124179,-0.11223074,-0.010686052,0.043512317,0.14024549,-0.33870012,-0.10325007,0.64607073,0.62615477,0.35998982,0.92616766
273,21,40,1.3264139,34.042794,27.528247,-0.099340891,0.0046657735,0.12357549,0.15184902,-0.10448721,0.070040126,0.82657103,0.59784499,0.36097834,1.038548
273,21,45,1.0743346,42.728598,27.914915,-0.10215952,-0.0095059636,0.029146159,0.14371107,-0.32153993,0.0066199961,0.6142947,0.61204038,0.31672575,0.99847254
273,21,50,1.096286,24.902271,27.921623,-0.065569166,0.0085483608,0.10986916,0.12133779,-0.2821826,-0.14681913,0.62579199,0.72254456,0.28600154,1.0360918
273,21,55,1.1190345,24.95174,27.567379,-0.087313009,0.014948038,0.018601388,0.12631495,-0.23137125,-0.049672982,0.66404029,0.5610631,0.31519437,0.89673428
273,22,0,0.99306616,24.353416,27.608454,-0.066572021,0.01682019,0.068077412,0.11639017,-0.23877698,-0.087314402,0.57751079,0.5775894,0.28891265,0.97122424
273,22,5,1.1975731,23.115088,27.369633,-0.065124048,0.0076486289,0.066485155,0.10899002,-0.14286192,0.020715042,0.59119784,0.6850176,0.3059565,0.83524146
273,22,10,0.80335794,27.588537,27.329592,-0.039698173,-0.031986819,-0.046300113,0.089555736,-0.13848066,-0.19613638,0.59602326,0.95191534,0.26261062,0.91636899
273,22,15,0.96154135,67.852954,27.683076,-0.057222489,-0.045966579,-0.076180296,0.094096394,-0.12672155,-0.018204716,0.64514411,0.75119032,0.28376586,0.83841437
273,22,20,0.83188247,48.69917,27.349866,-0.046149916,-0.03017467,-0.013551605,0.081046195,-0.10374587,-0.0703351,0.5800076,0.53595431,0.24812674,0.84445844
273,22,25,0.98189254,4.5537279,27.036436,-0.027223735,-0.0065226837,-0.14536107,0.086371447,0.0069591445,-0.17351785,0.76440422,0.76392911,0.25851923,0.86776469
273,22,30,0.60540419,329.1763,26.923468,0.002403277,-0.0090965293,0.12116371,0.10139149,0.079716304,0.036572564,0.6779188,0.63445569,0.25365089,0.80650551
273,22,35,0.62761368,44.529933,27.33989,-0.019247181,-0.0074940224,0.015874734,0.078858579,0.062476867,0.0010400871,0.49315195,0.47962566,0.21476546,0.9277715
273,22,40,0.8347914,28.329369,27.625027,-0.050728476,-0.0087821724,-0.060655476,0.085779372,-0.13891926,-0.025704275,0.5524349,0.63910897,0.27165127,0.81282728
273,22,45,0.67285968,7.6163352,27.471079,-0.016493859,0.00089980733,-0.046058243,0.069681382,-0.058493365,0.015832428,0.45003913,0.47977135,0.21627818,0.75653157
273,22,50,0.70010109,33.893993,27.235935,-0.047388979,-0.0086178548,-0.033953148,0.092031711,-0.078187218,-0.11490262,0.53642659,0.4950572,0.24221776,0.82032064
273,22,55,1.1629737,334.96358,26.994587,-0.0046491297,-0.029687229,-0.094250832,0.085852915,-0.09366792,-0.13606041,0.64934546,0.63013919,0.23463772,0.80543836
273,23,0,0.21135531,312.02357,27.090277,0.043303624,-0.0051332547,0.0016556143,0.050849459,-0.123286,-0.026992797,0.60511546,0.4186176,0.21322282,0.8002938
273,23,5,1.0128931,65.599651,27.662353,-0.048690294,-0.041894812,-0.00011164822,0.070301616,-0.070757142,-0.064239012,0.53681861,0.48003439,0.27759277,0.60062885
273,23,10,1.0465551,44.713847,27.488907,-0.060270763,-0.0044723405,0.022096767,0.07540951,-0.14141283,-0.0022665899,0.495393,0.50130003,0.29229489,0.6017297
273,23,15,0.5871298,70.185795,26.828563,-0.0066104273,-0.042567846,-0.019914228,0.056260708,-0.0096627168,0.090309309,0.61292598,0.66456033,0.24172957,0.682693
273,23,20,0.76778512,16.359366,27.091193,-0.026486357,-0.003273321,0.019603603,0.045772934,-0.042631008,-0.022123812,0.46311399,0.39355952,0.21081765,0.56273068
273,23,25,0.7505043,10.277391,26.779901,-0.022468948,0.00091455195,0.1453257,0.054982853,0.013646786,0.0025921131,0.69465634,0.52511044,0.21827861,0.56526572
273,23,30,0.80990918,17.645003,26.835286,-0.023327729,0.0066501601,0.055297263,0.051198476,-0.092877702,-0.049326459,0.41094691,0.436883,0.19380443,0.55187472
273,23,35,0.60652949,23.295153,26.985064,-0.042627053,-0.010120947,0.083566155,0.047509099,-0.061067783,0.0038781403,0.43829168,0.42146991,0.20216885,0.58299135
273,23,40,0.76994735,62.915328,26.627711,-0.035444588,-0.023408721,-0.061930823,0.032425662,-0.046092824,-0.030057326,0.50311694,0.48871124,0.21060538,0.4033375
273,23,45,0.82716059,46.409825,26.601021,-0.055769435,-0.0074995598,-0.074366745,0.044987819,-0.069368755,-0.043844956,0.51614993,0.59571587,0.24117539,0.43189377
273,23,50,0.52216691,51.432129,26.72121,-0.021914665,-0.0090333785,-0.00029445098,0.03271942,-0.084090634,-0.0013701259,0.30202306,0.32312303,0.16901659,0.46528572
273,23,55,0.60296989,67.18889,26.509433,-0.024043428,-0.0091743407,-0.033999011,0.02518553,-0.055087599,-0.0028245399,0.36862349,0.32015398,0.19593299,0.35770158
274,0,0,0.72966712,96.340077,25.830811,-0.012192416,-0.0043301331,-0.023970726,-8.0915283e-05,0.0039309143,-0.01447871,0.46206304,0.31971921,0.16349201,0.11300827
274,0,5,0.58160292,63.428461,25.456756,-0.01840009,-0.012591428,-0.015700126,-0.0070359304,0.013639134,-0.0028062257,0.3337627,0.30834818,0.17902598,0.15031224
274,0,10,0.53423513,58.894891,25.23771,-0.019261972,-0.0070717562,-0.0089728765,-0.0081000753,0.02147514,-0.0031546821,0.31653359,0.2639849,0.15647723,0.15316127
274,0,15,0.64057334,36.137969,25.18413,-0.027657625,0.0038757194,-0.010870838,-0.014700501,0.035801614,0.0068436997,0.33593762,0.29536172,0.1809132,0.18020936
274,0,20,0.42206005,35.928647,25.068591,-0.010704348,0.001176245,0.0048488492,-0.0105864,0.024607957,0.0064503912,0.21926442,0.21780986,0.12731022,0.20912313
274,0,25,0.43744741,52.78667,24.858141,-0.012088593,-0.0020403674,-0.010566823,-0.011743258,0.02364522,-0.00063119716,0.23855118,0.2921774,0.13946871,0.24943508
274,0,30,0.45263761,60.250863,24.869492,-0.014624931,-0.0058772445,-0.010280003,-0.012822888,0.044521932,-0.00160479,0.31407543,0.24258013,0.13143096,0.24665869
274,0,35,0.24967131,21.041343,24.630691,-0.002864445,0.001684571,-0.0044839439,-0.0078393713,0.0053616822,0.017744762,0.14988256,0.18210173,0.082381451,0.32541722
274,0,40,0.072987836,264.55192,24.249059,0.011539215,0.0010373611,-0.00056564979,-0.02116657,-0.040912108,-0.0013327695,0.18084731,0.12009938,0.089421958,0.45210963
274,0,45,0.32393521,239.11092,23.220028,-0.0011794191,0.0029390513,-0.010201576,-0.0056780244,0.037264082,-0.0027396572,0.16541907,0.20319599,0.059924037,0.45951477
274,0,50,0.5602608,268.96627,23.490579,-0.0028681632,-0.0024141158,-0.00097534638,-0.017084422,0.0083766405,0.011877383,0.20956962,0.13950952,0.084248252,0.58142701
274,0,55,0.69334226,284.34861,22.681923,-0.0038712118,-0.00033759528,0.013451046,-0.0075716408,0.023836145,0.039739958,0.15170778,0.18557252,0.072933551,0.46293987
274,1,0,0.44969108,278.96791,23.702096,-0.0029809019,0.00077109857,0.011349299,-0.0025597323,0.038784564,0.017904304,0.18382377,0.153119,0.081101595,0.65944095
274,1,5,0.4778167,275.40981,23.32183,0.00091618259,2.3929145e-06,0.0022749752,-0.0080610181,-0.005158976,-0.013987476,0.12870647,0.12141015,0.051286845,0.50674623
274,1,10,0.4647337,278.59999,23.211502,-0.0015251028,0.0012490108,0.0020036522,-0.0045707957,-0.019518029,-0.016610917,0.12349197,0.10650435,0.056001196,0.62649565
274,1,15,0.6323761,280.23072,22.535939,-0.0023968366,0.0019297183,0.0077270284,-0.0074408467,-0.072168237,-0.032819278,0.20971004,0.13652412,0.077956661,0.87697042
274,1,20,0.86790447,292.84127,22.020556,-0.0097325823,0.0013543048,0.014660516,-0.012303934,0.04116123,0.014983593,0.23322707,0.22181556,0.11801941,0.36228944
274,1,25,1.0687539,284.59458,21.665359,-0.010529029,0.0042318207,0.0044064146,-0.0095207097,0.023612756,0.0071596063,0.21502146,0.19761891,0.12575489,0.31042143
274,1,30,1.1923453,287.97738,21.211149,-0.019328403,0.0039435704,0.00041775796,-0.013369348,0.028375078,0.0013338835,0.27083371,0.22036518,0.15961761,0.29216114
274,1,35,1.0289246,299.427,21.067146,-0.023431392,-0.0035467404,0.011325703,-0.018701535,0.038461021,0.0093570149,0.2697622,0.28560757,0.18534763,0.2536232
274,1,40,1.0755203,301.97495,20.986842,-0.033294616,0.0011659168,-0.0020291166,-0.02446463,0.044499351,-0.0043863448,0.30000345,0.26981469,0.21688937,0.24186108
274,1,45,1.0621306,303.35798,20.912341,-0.033618442,-0.0029419908,-0.005474644,-0.027368651,0.049157919,0.0028318355,0.32070578,0.27827245,0.20786736,0.28318776
274,1,50,1.1309489,313.63361,20.614978,-0.025065698,-0.0096043204,-0.035438882,-0.020036298,0.043536725,-0.0097447473,0.32980778,0.28915457,0.1983237,0.24800201
274,1,55,1.2449136,304.99545,20.585833,-0.035926608,-0.006495529,-0.0032532664,-0.02486096,0.058770476,0.020017368,0.37203753,0.32235065,0.20951647,0.32915475
274,2,0,1.1122984,304.42799,21.092739,-0.037445921,-0.0040152439,-0.0050163583,-0.03063441,0.056518557,0.0043756016,0.32763305,0.28743857,0.228672,0.3057675
274,2,5,1.174463,299.42543,20.948436,-0.041783418,0.0052828768,0.0035801796,-0.027028509,0.037476338,-0.0016526574,0.33909447,0.31158956,0.24846052,0.25186574
274,2,10,1.1713888,297.46482,21.183607,-0.031137683,0.0015742837,0.013939011,-0.026684951,0.048903372,0.0046710482,0.3173277,0.27595267,0.22277291,0.27634696
274,2,15,1.1912687,296.03221,20.83345,-0.035425251,-0.0020436787,0.023295399,-0.027535908,0.063243123,0.014222263,0.33533243,0.27094415,0.20847337,0.28605303
274,2,20,1.398804,292.17779,20.617813,-0.031168383,0.0047550435,0.014330577,-0.022723467,0.065322087,0.0070664176,0.35870966,0.27177799,0.21445886,0.29849351
274,2,25,1.3304254,294.84314,20.584574,-0.034434602,0.0026613703,0.023447519,-0.0253487,0.063212808,0.011619676,0.36419509,0.29273354,0.2208569,0.27363672
274,2,30,1.3227291,297.52156,20.468456,-0.048385638,-0.00030868963,0.028560117,-0.033782017,0.081877341,0.018466845,0.40504541,0.31923746,0.2405975,0.29196295
274,2,35,1.2372749,302.84852,20.479149,-0.04939595,-0.0026897086,-0.0053099091,-0.03468892,0.054415477,-0.00082026298,0.35176322,0.31379923,0.26317872,0.27267134
274,2,40,1.4203764,289.94429,20.986721,-0.02990494,0.0048682642,0.013285422,-0.022593148,0.05312542,0.0044944234,0.35001045,0.31438749,0.21698834,0.29009581
274,2,45,1.3992592,297.11862,20.898797,-0.046081395,-0.00084626109,0.031451766,-0.029611389,0.055584387,0.00075990281,0.38876221,0.33191739,0.2573171,0.27803182
274,2,50,1.3212968,298.75794,20.847308,-0.053978814,-0.0054366203,0.018840703,-0.040284155,0.070501315,0.0061989363,0.38162828,0.33211591,0.26657329,0.30429073
274,2,55,1.2771977,301.81422,20.720402,-0.048749885,-0.0071186519,0.010019682,-0.035649381,0.065153401,0.0083789607,0.36348791,0.34349503,0.27001331,0.28193552
274,3,0,1.3545543,307.34734,21.164225,-0.052122662,-0.00082502324,-0.031135924,-0.036171652,0.066101532,-0.0071253083,0.39776088,0.33870464,0.27153796,0.34689687
274,3,5,1.3405041,305.34088,21.935544,-0.038015693,-0.0093191096,-0.017911539,-0.038977625,0.11639984,-0.065811597,0.38051907,0.39498321,0.23471858,0.67897287
274,3,10,1.2318608,298.66273,21.447141,-0.049772926,-0.0047999702,0.022772056,-0.040033483,0.087756182,0.017254903,0.37638752,0.32463104,0.24450882,0.36280483
274,3,15,1.5392255,294.82806,21.444685,-0.046001959,0.0039801774,0.022288671,-0.030145984,0.065383204,0.0033126967,0.40995778,0.35401034,0.25977329,0.30213628
274,3,20,1.4686219,294.53169,21.546188,-0.049488778,-0.010877532,0.039113734,-0.026779143,0.071100161,-0.0022052215,0.42339878,0.36088003,0.25453787,0.33102375
274,3,25,1.5503392,291.14485,21.34721,-0.042371304,0.0064323097,0.016123653,-0.024300389,0.081726477,-0.02250477,0.39538344,0.32893008,0.24548494,0.47204389
274,3,30,1.5841351,288.09604,21.407224,-0.03213688,0.010518014,-0.001033285,-0.034428852,0.081938068,-0.018925967,0.35911203,0.31132615,0.21857372,0.38637141
274,3,35,1.7295543,289.99524,21.254484,-0.036186108,0.010100368,0.014300186,-0.026211502,0.077907826,-0.0043638086,0.41080581,0.33378518,0.23711123,0.35588468
274,3,40,1.8553103,285.32195,20.825289,-0.033948234,0.006489814,0.0084341343,-0.026803989,0.070638057,-0.0099246148,0.39047833,0.32320955,0.22849922,0.32676337
274,3,45,1.7072541,285.46362,20.812872,-0.030948788,0.0093228312,-0.003111406,-0.031554117,0.068555237,-0.020803997,0.35051013,0.31503343,0.2120836,0.36076036
274,3,50,1.8293172,288.46645,21.287256,-0.036161458,0.011601507,-0.00039316451,-0.023615511,0.081621048,-0.0081614572,0.39450866,0.34344506,0.23822198,0.3950444
274,3,55,1.7258901,293.74064,21.408829,-0.060766733,0.0025171283,0.026122609,-0.031279405,0.085415225,0.0084476805,0.47278544,0.38233796,0.28541137,0.31474423
274,4,0,1.5548323,297.64063,21.406596,-0.072532517,-0.0096211616,0.048641158,-0.041917816,0.086602412,0.022847931,0.46204271,0.39398626,0.30753109,0.3087457
274,4,5,1.7070466,287.72613,21.282418,-0.038274485,0.010689192,0.007830731,-0.027515336,0.064355845,-0.0060390553,0.37709609,0.33213424,0.23899454,0.31001014
274,4,10,1.7485538,284.15889,20.952696,-0.02334925,0.0080691857,0.0086499678,-0.025983549,0.057083545,-0.0030686201,0.34399566,0.30564684,0.21743607,0.29623491
274,4,15,1.851403,285.67548,20.984702,-0.030374671,0.0091537648,0.0064676833,-0.027583841,0.073441991,-0.0059120848,0.39695899,0.34756852,0.23286556,0.35796144
274,4,20,1.7948347,283.64213,20.98818,-0.028473644,0.0077718041,0.0056565182,-0.025129862,0.06534588,-0.0064790235,0.36482597,0.30445877,0.21761996,0.31730817
274,4,25,1.7697498,288.4735,20.953741,-0.032781514,0.0080877201,0.0089781626,-0.024837329,0.066755943,0.0033479865,0.38730388,0.33359758,0.2395361,0.30253869
274,4,30,1.8250016,290.61873,21.074896,-0.051970274,0.005813989,0.018114788,-0.03492798,0.089875723,0.006265926,0.45350628,0.3529106,0.26555993,0.36478224
274,4,35,1.8258901,288.68461,21.088936,-0.037651966,0.005577667,0.0017346888,-0.028019606,0.067529597,-0.0062801395,0.39654061,0.34021172,0.24234944,0.31685721
274,4,40,1.8942865,288.29709,21.081396,-0.040897411,0.01057311,-0.00096755858,-0.029618248,0.068299344,-0.010289122,0.404103,0.3602115,0.24164847,0.30367281
274,4,45,1.8678174,285.27866,20.600325,-0.029574291,0.0091885454,-0.0027482716,-0.02664681,0.068928116,-0.012585798,0.37686581,0.32319344,0.22025839,0.33059674
274,4,50,1.7167798,289.7835,21.165686,-0.051499501,0.0077149431,0.013556992,-0.041016613,0.10432606,-0.017290509,0.42968589,0.34584613,0.2529093,0.44533971
274,4,55,1.8796082,290.50723,21.504623,-0.051769955,0.0063871967,0.021070674,-0.034910294,0.092305786,0.00089005445,0.45826113,0.36829186,0.26559814,0.33538083
274,5,0,1.8549099,286.70781,20.980034,-0.038764563,0.01443614,0.0043320507,-0.030694857,0.075259684,-0.014740104,0.41364541,0.35190571,0.24206744,0.3125783
274,5,5,1.7041066,286.77882,20.641149,-0.033370877,0.0099390197,0.0048768766,-0.026792778,0.071143536,-0.0057388471,0.38532087,0.31348568,0.21920605,0.32291114
274,5,10,1.0497504,7.754635,18.228466,-0.042983663,0.01233286,-0.020257732,-0.039625842,-0.014519172,0.23235994,0.60358713,0.54906109,0.27277506,0.90834845
274,5,15,0.13453882,201.39604,17.948604,0.060905201,-0.010803468,-0.072538356,-0.014661627,0.032209592,-0.05115558,0.50020237,0.39883607,0.21426118,0.58563198
274,5,20,0.2615901,71.211745,18.553775,0.0073361647,-0.015484228,-0.12950397,-0.015535038,-0.087198444,0.079175269,0.50645057,0.38929141,0.12707419,0.4750722
274,5,25,0.51968522,238.77913,18.054256,-0.0066626395,0.0038587377,-0.0053708743,-0.0077928751,-0.00034008528,0.0031815858,0.22696468,0.25101209,0.1094953,0.43864826
274,5,30,0.65839153,294.88966,18.4582,-0.015606613,-0.0018979319,-0.087901017,-0.022966369,-0.024000668,0.022480306,0.41207719,0.38186433,0.17640044,0.57637382
274,5,35,1.3283068,316.02349,17.507617,-0.028959589,-0.012280965,-0.025625552,-0.026574642,0.049229095,0.0034808866,0.34594061,0.30469876,0.22266762,0.29619643
274,5,40,1.2186528,316.11166,18.416141,-0.014907619,-0.013829544,-0.036322502,-0.012617086,0.091465577,-0.11919731,0.31285713,0.37277635,0.17493513,0.57806566
274,5,45,1.3512175,290.47735,17.850169,-0.033413278,0.0087657811,0.012886374,-0.021871199,0.065098548,0.017054566,0.3518201,0.30284585,0.20826105,0.33446407
274,5,50,1.3410192,291.7147,17.620046,-0.030269257,-0.0016965935,0.052999096,-0.023266728,0.098894702,0.070991094,0.36091478,0.39195234,0.20230829,0.41376248
274,5,55,1.3905678,293.45183,17.458388,-0.033493308,0.0048308583,0.024625637,-0.019829496,0.048340774,0.014538605,0.36018888,0.322011,0.22497531,0.26865407
274,6,0,1.3092693,297.54296,17.43289,-0.037418252,-0.0053255363,0.010924704,-0.026165362,0.059833899,0.014631793,0.34710345,0.36582871,0.24176973,0.34424017
274,6,5,1.453993,291.40203,17.88536,-0.042153713,0.00016800205,0.032454624,-0.021489109,0.045139816,0.019154973,0.40295467,0.33067403,0.23717881,0.35633367
274,6,10,1.4986954,297.76879,18.474551,-0.060076036,-0.0020414531,0.020178981,-0.032352125,0.054808445,-0.0034230469,0.40103534,0.37440941,0.28872276,0.30660291
274,6,15,1.5082319,295.11734,18.49457,-0.048664409,-0.0026795311,0.02418641,-0.025288267,0.047776419,-0.00096452624,0.39269782,0.34421433,0.2638433,0.29670987
274,6,20,1.7914325,285.34412,18.543297,-0.029986968,0.013022977,0.0018370618,-0.026267268,0.055013102,-0.008030008,0.36601453,0.33233663,0.23032869,0.29776024
274,6,25,1.758352,285.07667,19.28943,-0.030282121,0.010179893,0.011572552,-0.030242034,0.08153523,-0.0076976436,0.37073516,0.32564467,0.22363186,0.38872634
274,6,30,1.6231281,289.31675,18.993706,-0.030972965,0.0059376743,0.02085649,-0.02726154,0.065910717,0.0035277122,0.36723629,0.30860171,0.22077512,0.36284225
274,6,35,1.7186175,287.90896,19.178007,-0.034981469,0.0065755922,0.020583313,-0.030796162,0.067959853,0.0079536506,0.37368359,0.32355125,0.23047694,0.33806368
274,6,40,1.727652,277.93814,19.213298,-0.029522804,0.005912963,0.0016768363,-0.02974093,0.084438687,0.0027928984,0.37077724,0.26624062,0.20103186,0.40812014
274,6,45,1.7641787,283.35919,19.310188,-0.031576094,0.012965137,-0.0010415334,-0.037219445,0.088424691,-0.015397678,0.36808469,0.29849952,0.21566416,0.42830719
274,6,50,1.6412665,291.02439,19.464416,-0.04945245,0.006637566,0.021060873,-0.03685048,0.079587419,-0.0012069093,0.41255387,0.33753716,0.25561069,0.34660124
274,6,55,1.7693165,282.03898,19.266075,-0.029803988,0.0093411811,0.0094789359,-0.033783081,0.078033528,-0.017709684,0.38897566,0.31114037,0.21725562,0.39299808
274,7,0,1.7463851,287.22091,19.257335,-0.030691067,0.013324401,0.0013121272,-0.027177853,0.072305729,-0.0075021272,0.38518302,0.32508025,0.22693621,0.373815
274,7,5,1.8323455,290.43486,19.714273,-0.051534079,0.0068527319,0.01669965,-0.037520175,0.10115584,0.0077168845,0.46846092,0.37021556,0.26320148,0.37401168
274,7,10,1.8447612,293.74746,20.050061,-0.065756042,0.0015208903,0.046786367,-0.043758021,0.09774713,0.016677826,0.50117493,0.39682969,0.29885195,0.32732114
274,7,15,1.6344029,297.79302,20.063416,-0.068855754,0.0016918221,0.033902979,-0.048953076,0.094250642,0.018311668,0.4594047,0.42276149,0.32141487,0.3301914
274,7,20,1.7509496,295.00581,19.866332,-0.05912872,0.0048390935,0.042748357,-0.037758844,0.085442968,0.015278483,0.46670579,0.38975102,0.2984733,0.32192085
274,7,25,1.8846797,293.87156,19.589289,-0.06722556,-0.00062496873,0.049470571,-0.032666828,0.089464888,0.021413347,0.52391543,0.40724612,0.30451867,0.2875502
274,7,30,1.9773847,289.72214,19.931581,-0.053809314,0.0083406514,0.026149002,-0.037432243,0.084258635,0.008392127,0.45822069,0.38664502,0.28132084,0.33280082
274,7,35,2.0008072,288.47426,19.766483,-0.046364525,0.019969571,0.00060382463,-0.03591662,0.093123062,-0.0086524085,0.44972547,0.38459938,0.27200915,0.32254256
274,7,40,1.9506427,289.06904,19.678045,-0.05560554,0.01607735,0.016733055,-0.038307985,0.10242802,-0.0054786173,0.4668585,0.40556585,0.27993613,0.37341172
274,7,45,1.8053596,291.48226,19.748449,-0.057139915,0.0045014674,0.017496585,-0.038360032,0.091701649,0.0024056713,0.44496298,0.37223928,0.27271426,0.41865284
274,7,50,1.7151389,287.25171,19.833444,-0.026895009,0.013575739,0.012777818,-0.02442515,0.078751992,0.019609706,0.37198351,0.34191661,0.22705484,0.47791275
274,7,55,1.599793,290.28178,19.772589,-0.039628843,0.0038488869,0.025157843,-0.029689085,0.099326912,0.0092132349,0.42049037,0.33050664,0.23569314,0.40009291
274,8,0,1.6138977,282.2687,19.63689,-0.029860158,0.0098662768,0.006917593,-0.03355534,0.067638856,-0.0084652927,0.41572869,0.30279201,0.21072968,0.36904964
274,8,5,1.3376353,284.94464,19.638667,-0.014085443,0.0022046591,-0.027464009,-0.028715655,0.075667458,-0.017685573,0.46936617,0.30769814,0.17644374,0.52281063
274,8,10,1.1009856,280.08752,19.720736,-0.0099804496,0.004633904,0.011495255,-0.017708409,0.090268489,0.00027924674,0.35111876,0.23353799,0.13747042,0.56191264
274,8,15,1.2316096,288.73482,18.746387,-0.023533066,0.00043422594,0.011824279,-0.031067011,0.073203879,-0.0018656648,0.36524669,0.27820907,0.18380704,0.52501012
274,8,20,1.1853594,295.0393,18.076308,-0.02821171,-0.00043142118,0.01429289,-0.024074833,0.059919445,0.0060242917,0.32810911,0.29377598,0.19934419,0.34284246
274,8,25,1.3459548,301.04124,17.970738,-0.053276281,-0.0049659902,0.020093027,-0.039072768,0.095000684,0.03073412,0.39543471,0.3538882,0.26331931,0.40569791
274,8,30,1.3681995,302.41533,18.456449,-0.058928188,-0.0043725378,-0.015519275,-0.03694809,0.056730837,-0.0021370635,0.38020169,0.38465153,0.29482439,0.26830754
274,8,35,1.47104,299.93463,18.913488,-0.067258837,-0.0062261563,0.016190166,-0.043698057,0.085891089,0.018278677,0.41626371,0.39321365,0.30660822,0.33369938
274,8,40,1.5987297,297.37518,19.253244,-0.057146916,-0.00033662225,0.039532062,-0.038265073,0.087785508,0.019594777,0.44580588,0.40699106,0.28909968,0.35270774
274,8,45,1.5197301,298.51918,19.129082,-0.064483727,0.00060688329,0.025493182,-0.04108883,0.069746958,0.009874419,0.41936058,0.39087948,0.31221835,0.30165296
274,8,50,1.6549478,292.0548,18.843368,-0.048488564,0.0029276748,0.024583818,-0.028211979,0.069001403,0.0072512712,0.41837494,0.33012357,0.25837304,0.3242189
274,8,55,1.5738578,293.48246,19.024591,-0.042203474,0.0078406432,0.011622107,-0.0305616,0.06814315,0.0057994015,0.3811031,0.3379902,0.2547432,0.31433074
274,9,0,1.3643692,300.92841,18.85556,-0.057834394,0.002780656,0.0062489399,-0.041288099,0.076492245,0.0044179195,0.38921455,0.35127663,0.2916786,0.31780149
274,9,5,1.3027229,302.00906,18.856574,-0.044315794,-0.0037201146,0.0060552702,-0.038752152,0.07051654,0.012027476,0.37100549,0.33302136,0.26315886,0.43579937
274,9,10,1.1231824,303.61678,18.162613,-0.038403954,-0.0048947594,-0.0052000072,-0.035176721,0.054303422,0.0053646079,0.31118845,0.28572677,0.22973609,0.31647829
274,9,15,1.2827681,295.07946,18.289719,-0.029030048,0.00057365064,0.02069555,-0.023080901,0.056092444,0.006781033,0.3296885,0.28528004,0.22288706,0.28758055
274,9,20,1.5524766,289.54593,18.55151,-0.028157066,0.010682837,0.0042171108,-0.025827887,0.066056217,-0.0023581441,0.33380509,0.28900587,0.20826141,0.36374941
274,9,25,1.6131662,292.49945,18.765251,-0.034584669,0.0061286295,0.028676378,-0.027585003,0.075571509,0.011932112,0.39982707,0.317435,0.23812183,0.3198184
274,9,30,1.7131663,290.1962,18.738034,-0.039495038,0.0071993479,0.0080786496,-0.030465658,0.070398496,-0.0029369489,0.41410198,0.32108097,0.23846069,0.30548527
274,9,35,1.8185593,290.26923,18.736276,-0.041703316,0.0055112749,0.017991819,-0.029157065,0.067352013,0.0014712366,0.41368363,0.34405344,0.25127065,0.30440747
274,9,40,1.6652844,289.29972,18.818393,-0.032921308,0.0092398851,0.0030828132,-0.026390112,0.063743969,-0.0035378066,0.36800317,0.3301103,0.21938485,0.33260361
274,9,45,1.6801184,291.23633,18.275164,-0.036697027,0.0075788918,0.019131403,-0.024359345,0.067056429,0.0051024341,0.39665259,0.31877566,0.23917369,0.31118021
274,9,50,1.4815606,298.73115,18.583279,-0.063846228,-0.0046345585,0.016548962,-0.042252309,0.074062056,0.004920423,0.41999274,0.3883213,0.30465347,0.29725575
274,9,55,1.5399422,297.43808,19.088835,-0.063039403,-0.0020718936,0.029008681,-0.04580416,0.090512804,0.0080578325,0.42825313,0.37772067,0.29410668,0.35201294
274,10,0,1.3911503,304.81012,18.986442,-0.057239637,-0.0023048053,-0.018549999,-0.047085976,0.080399875,-0.0039947251,0.39096466,0.35524058,0.28602282,0.38260851
274,10,5,1.4504886,305.54928,19.192435,-0.050936344,-0.011727069,-0.0085082061,-0.048602952,0.096403136,0.00083463411,0.41468679,0.39948919,0.27742581,0.40059734
274,10,10,1.3921373,297.16051,18.999514,-0.055750669,-0.0061876745,0.026174868,-0.048333085,0.10160851,0.0014679384,0.43268517,0.41407007,0.26840756,0.45754099
274,10,15,1.4008434,302.45284,19.068906,-0.049387765,-0.011413575,0.0034574931,-0.040248669,0.083319541,-0.025321174,0.42780914,0.4320827,0.25366675,0.40082213
274,10,20,1.1244058,294.8573,19.086829,-0.019168828,-0.0021420148,0.00038619848,-0.027658639,0.078768184,-0.0050601263,0.39024073,0.34789648,0.18133386,0.53738856
274,10,25,1.2990129,306.72821,18.826093,-0.037006113,-0.013027244,-0.036588257,-0.040655611,0.088984648,-0.0051159779,0.43779482,0.42132555,0.22992136,0.54894281
274,10,30,0.81247452,306.36745,18.98123,-0.010250191,-0.0070243379,-0.045671121,-0.025163413,0.013010823,0.069530287,0.35983663,0.34770301,0.15468682,0.60523707
274,10,35,0.71978341,318.54936,19.180128,-0.0095701007,-0.0078902137,-0.027921895,-0.025605857,0.07538315,0.019971206,0.48373601,0.28635406,0.13446738,0.78472464
274,10,40,0.65856989,327.39327,19.890579,-0.0067877525,-0.0025481256,0.00060082583,-0.0096918907,-0.047397452,-0.0095713658,0.29548458,0.20978619,0.10293476,0.91430388
274,10,45,0.25413518,243.92762,20.433103,0.00015899642,0.0019876686,-0.043690941,-0.020825314,-0.077139417,0.073302434,0.32069272,0.29457664,0.11334002,0.74722967
274,10,50,0.5611275,237.48096,20.919019,-0.0089612375,-2.0133228e-05,-0.032621807,-0.028177292,0.049454818,-0.003592647,0.32488918,0.3512972,0.17027544,0.56935598
274,10,55,0.66740833,237.31699,20.938599,-0.023400841,0.0075638588,-0.054699515,-0.030576136,0.071262993,-0.028137772,0.40838838,0.47256176,0.20832221,0.44960104
274,11,0,1.2637233,257.20097,21.462358,-0.028228949,-0.028021765,-0.064680194,-0.041967313,0.12481157,-0.0030626666,0.57702292,0.48940734,0.28562771,0.40610818
274,11,5,0.85370385,235.30009,21.357188,-0.030260539,0.0067791879,-0.029352326,-0.035812081,0.089614748,-0.01135922,0.43574496,0.43518145,0.24424335,0.38571273
274,11,10,0.34592178,168.1932,20.501561,-0.002331315,0.012217071,0.073503671,-0.019147606,0.045041117,0.00017658608,0.42714401,0.44950036,0.1312952,0.43121762
274,11,15,0.48086782,206.50917,19.984616,-0.0025627996,0.0088413333,0.030180596,-0.0095065477,0.022046517,-0.049276331,0.37412576,0.3897213,0.13440265,0.7472228
274,11,20,0.39214045,252.00949,20.179524,-0.0071473529,-0.0023723448,-0.0096946913,-0.022288782,0.083984207,0.019738923,0.30147357,0.2697511,0.13619702,0.51529996
274,11,25,0.093706287,146.94544,19.245006,0.00054982548,0.004247922,0.011952933,-0.0022291885,0.060618081,0.0036121275,0.24418102,0.20723288,0.089639942,0.4503809
274,11,30,0.1896407,166.06476,18.975477,0.003305771,0.022484976,0.032709406,0.03668431,0.090019958,0.48386786,0.19176749,0.51766254,0.084409484,1.0958357
274,11,35,0.27307483,199.94266,18.153725,-0.0011314909,-0.0011114708,0.005504324,-0.0089240764,0.023063768,0.015116505,0.16625896,0.21696877,0.074675985,0.55189689
274,11,40,0.65562514,286.15804,17.231764,-0.0037158693,0.00099832495,0.0043751184,-0.014495448,0.02926478,0.003297995,0.14521738,0.13886462,0.086084973,0.50088941
274,11,45,1.0679359,291.97175,16.187196,-0.014106888,0.002567849,0.0062172504,-0.021407647,0.047116458,-0.00131066,0.23353829,0.19583436,0.14060142,0.38678117
274,11,50,0.96586678,283.99854,16.293387,-0.012147829,0.0028551758,0.0037758414,-0.018927974,0.054466762,0.019086096,0.22728187,0.33135013,0.14989085,0.57260414
274,11,55,1.0304856,293.9888,16.633359,-0.017243449,0.0020354785,-0.012598368,-0.027205726,0.060234185,0.010645561,0.24755393,0.2860397,0.15337537,0.54687475
274,12,0,0.92111291,300.09274,16.549934,-0.013177066,-0.0022549912,-0.013272102,-0.023784779,0.053082535,-0.019507224,0.25734041,0.26712884,0.14555496,0.46188495
274,12,5,0.28446959,266.06246,18.210433,-0.00091162042,0.00019580219,0.0035910139,-0.015044704,-0.027888085,0.014816592,0.2053059,0.15432278,0.06303584,1.2887883
274,12,10,0.4605,261.14927,17.517605,0.00016087035,-0.0008265967,-0.0095450224,-0.0062562339,-0.022389492,0.026978817,0.15357731,0.10928516,0.047053155,0.6373127
274,12,15,0.27000635,321.61657,16.606322,-0.0023544598,-0.0030976148,0.014955427,-0.0060061721,-0.0045825781,-0.040897661,0.20030284,0.265697,0.061625301,0.66772499
274,12,20,0.39992013,203.75593,16.392909,-0.00035622378,0.0086576049,-0.018668662,-0.0090052757,-0.021483505,0.054432034,0.19371582,0.37124595,0.08522372,0.47744896
274,12,25,0.35660258,203.96216,15.989255,-0.0015605252,0.013107641,0.0060032557,0.0084607854,0.028512888,0.21680663,0.143915,0.41475395,0.08298656,0.76516056
274,12,30,0.4537004,299.16207,17.720251,-0.011476797,-0.0064279676,-0.15863009,-0.020563737,0.023581205,0.0052731748,0.6316354,0.54447945,0.14277806,0.74225933
274,12,35,0.45805695,120.28922,16.649505,-0.014707875,0.0010494719,-0.10737581,-0.013459268,-0.1463399,0.053107598,0.60258428,0.43544582,0.1639615,0.60185747
274,12,40,0.21586471,263.15643,14.891359,0.010957605,0.00087571894,0.0060270117,-0.0090520376,0.018644954,0.008092094,0.31330396,0.18846013,0.086667392,0.67788498
274,12,45,0.53342603,264.5597,15.967101,0.0048044849,-0.0030364496,0.025092148,-0.022429128,-0.016383145,-0.045296637,0.45400829,0.51117267,0.15333088,0.75491423
274,12,50,1.8129592,253.43069,18.834735,-0.10116501,-0.057081414,-0.070198785,-0.058862126,0.14104266,0.023107202,0.78102888,0.70739729,0.44535416,0.37226961
274,12,55,1.2161633,262.78854,18.822425,-0.046289439,-0.036106557,-0.022564976,-0.047214136,0.086440206,0.027326128,0.68227982,0.52029793,0.34733149,0.36176506
274,13,0,0.95203781,251.83289,17.894627,-0.02943662,-0.036563909,-0.10388129,-0.031659332,0.088086865,-0.044561131,0.79664315,0.83017865,0.36888904,0.57756141
274,13,5,1.7674455,249.44045,18.596275,-0.081655155,-0.045804913,-0.10468379,-0.039254107,0.12707922,0.010191168,0.78451466,0.68724958,0.43490186,0.28917595
274,13,10,0.8526656,214.65213,18.196352,-0.030292691,0.022083581,-0.037337108,-0.014714427,0.21458921,-0.041689669,0.62757244,0.52622659,0.2678997,0.74477137
274,13,15,0.33533469,100.25544,14.995813,0.0014353925,-0.0032641461,0.047077409,-0.0089068798,0.028046639,0.019972371,0.37058355,0.26615487,0.1358264,0.36698972
274,13,20,0.48215094,235.87716,15.019396,-0.0041817995,0.0017364529,-0.010041381,-0.0080087322,0.010041553,0.030893481,0.15134806,0.21523104,0.083428672,0.39158472
274,13,25,0.4959842,271.8231,14.967554,-0.0013162445,2.0385154e-05,-0.0029957699,-0.0061531762,0.011032509,0.0067980091,0.18491272,0.10145784,0.055897694,0.35016839
274,13,30,0.74531072,289.96075,14.594761,-0.0074945454,-0.0012276213,-0.020668013,-0.012082291,-0.045711075,0.04926589,0.26210658,0.27788969,0.12161015,0.58703259
274,13,35,1.1441788,285.10525,13.963523,-0.011025799,0.0043252232,-0.00060723265,-0.013700581,0.0291287,-0.0030632734,0.2389763,0.19910309,0.13145876,0.26623442
274,13,40,0.97822874,286.22587,13.81732,-0.006605984,0.001405952,0.0029135605,-0.007857542,0.028519953,0.00034684358,0.18074581,0.15405711,0.10315331,0.25221467
274,13,45,0.98241068,293.78881,13.956364,-0.019350784,-0.0006088044,0.0091592988,-0.012920552,0.014716767,0.0037658878,0.26000445,0.22341427,0.16676015,0.21312123
274,13,50,0.99992509,305.5544,14.635266,-0.027160573,-0.0042642831,-0.021566711,-0.014855087,0.024649995,3.5504843e-07,0.32041175,0.28389481,0.20621949,0.21339967
274,13,55,0.97030906,295.06239,15.195637,-0.020823618,-0.00049452163,0.0060216899,-0.014655905,0.030883876,0.0022335864,0.25780251,0.21696708,0.17412528,0.2003709
274,14,0,1.0509886,284.59005,15.912685,-0.0099448943,0.0021245261,0.0044412695,-0.0085522972,0.016495367,-0.0044407007,0.23226659,0.18564672,0.12809295,0.19067341
274,14,5,0.81313247,305.7663,16.099142,-0.016292938,-0.0062956189,-0.0040829801,-0.0081776217,0.014183234,0.0002245863,0.22682678,0.21735011,0.16879122,0.14151988
274,14,10,0.87373929,293.05411,16.788882,-0.020026874,0.0018300248,6.9898825e-05,-0.0084859493,0.019032741,-0.0014518477,0.25400173,0.2174334,0.16623072,0.12375917
274,14,15,0.67652251,314.69624,17.453248,-0.0095603909,-0.0050285959,-0.0023069045,-0.0043585331,0.0047966193,0.0032012704,0.19348886,0.19621649,0.14196141,0.097713651
274,14,20,0.495634,323.45985,17.916925,-0.0051596043,-0.0024172583,-0.0042638879,-0.0031016234,0.002569575,0.0033721089,0.16071767,0.12469502,0.092443539,0.097717109
274,14,25,0.15687216,89.681801,18.335953,0.0010412963,-7.9956312e-05,-0.0033142745,0.0026607352,-0.0010703946,-0.00045480377,0.15008015,0.10417883,0.062476786,0.1554946
274,14,30,0.65877012,120.08339,18.343473,-0.0057869758,0.0016285801,-0.012108506,0.0081682247,-0.018305309,0.010108409,0.19206032,0.21419032,0.10433356,0.21988336
274,14,35,0.52948613,142.88242,18.305437,-0.0019117569,0.001182767,0.0053896955,0.0071902427,-0.030483016,-0.0098849357,0.20220776,0.16379902,0.082785669,0.29509716
274,14,40,0.32992722,160.73703,18.876589,-0.0024708762,0.0020513452,0.0071023383,0.010309858,-0.018554042,-0.029681144,0.15648891,0.15375744,0.082340009,0.40738916
274,14,45,0.20423992,138.71607,18.904562,0.00010160909,-0.0009498562,0.016025252,0.012428513,0.032778684,0.0050077993,0.34279791,0.13883285,0.083666476,0.36764474
274,14,50,0.48762202,114.75284,19.238256,-0.003603124,-9.7779172e-05,-0.021402898,0.025360013,-0.074675187,0.044290799,0.24505824,0.22443867,0.099614576,0.55315536
274,14,55,0.50324483,78.500421,19.834908,-0.0080311722,-0.0042428008,-0.022385318,0.036483124,-0.10198928,0.030816836,0.26188175,0.20727976,0.11648509,0.69100134
274,15,0,0.83586728,98.193669,19.328887,-0.008327227,-0.0043823114,0.0019855743,0.033413587,-0.054768319,-0.0045671668,0.25269308,0.24471899,0.14954374,0.52327154
274,15,5,0.67774039,100.61766,19.418692,-0.010473883,-0.0047918841,0.0047034952,0.033170309,-0.057900914,0.019580913,0.28621292,0.23291877,0.1378966,0.51921344
274,15,10,0.5073389,98.310543,19.500387,-0.0041735405,-0.003444381,-0.0072057182,0.043441552,-0.052595399,0.017967542,0.27929908,0.19774824,0.13132947,0.65157894
274,15,15,0.62721344,103.92467,19.833322,-0.013509577,-0.0022540335,-0.0055263751,0.038119954,-0.057585893,0.038217351,0.24424527,0.23285771,0.14265153,0.62500927
274,15,20,0.70939065,118.37461,19.61294,-0.0035409583,0.002656208,-0.022112078,0.037822248,-0.042287176,0.0061021974,0.30767765,0.31307228,0.13812427,0.64011734
274,15,25,0.61796884,122.41291,19.801508,-0.0042098224,0.00097650987,-0.0032330521,0.040044863,-0.032454998,-0.025444384,0.27541072,0.28512454,0.14621382,0.68557073
274,15,30,0.53589198,105.75762,20.013782,-0.0079919542,-0.0049271961,0.023212806,0.054588881,-0.046157459,0.0039251553,0.37868721,0.2731689,0.14139178,0.78644837
274,15,35,0.69248734,88.345953,20.225219,-0.0057677919,-0.0098387595,-0.040129925,0.061742581,-0.056317828,-0.018243901,0.41953298,0.29203492,0.16565469,0.83198959
274,15,40,0.74059479,120.72886,19.99546,-0.0048692782,0.0034471323,-0.034536686,0.050423565,-0.021281927,0.050494142,0.30260478,0.28117718,0.14184881,0.79120676
274,15,45,0.53661608,80.342243,20.384683,-0.021279376,0.0032772461,-0.079975954,0.07565769,-0.12127397,0.029691435,0.42679776,0.31509634,0.15105859,1.0421056
274,15,50,0.63814956,101.15079,20.089232,-0.0094389152,-0.0026198733,0.0092878377,0.064213135,-0.085610547,0.031167027,0.34947699,0.24592285,0.14519527,0.87195031
274,15,55,0.45891849,86.90801,20.726784,-0.0065685522,-0.0061882321,-0.017055885,0.075060128,-0.057296382,-0.00016561422,0.27472536,0.24603246,0.13780371,1.0804002
274,16,0,0.77427999,97.836586,20.805599,-0.0075652264,-0.0035644515,0.012399662,0.055738884,-0.062397816,0.096548442,0.40440893,0.31895914,0.14520857,0.95447223
274,16,5,0.66005725,74.30383,21.331228,-0.025534014,-0.0081113767,-0.050350224,0.073971103,-0.13320357,0.047143119,0.4329626,0.31089641,0.17610537,0.95668315
274,16,10,0.97022816,97.557475,21.33847,-0.023541544,-0.0084117605,-0.058581677,0.081129291,-0.10454596,0.057104581,0.48147872,0.42042292,0.21018717,0.92860341
274,16,15,0.51903296,58.161355,21.549492,-0.026307548,-0.0072426281,-0.024682676,0.10764207,-0.16578621,-0.03218075,0.30028984,0.37311307,0.17277179,1.1578204
274,16,20,0.81597003,88.511928,21.229158,-0.011020217,-0.011621435,-0.14611998,0.081039777,-0.0092869376,-0.10957769,0.58748872,0.50208108,0.18768275,1.1033181
274,16,25,1.2731901,103.77867,21.8059,-0.022457106,-0.013558954,-0.066651154,0.08750755,-0.25742428,0.036930886,0.59251186,0.5809993,0.21840951,1.0485711
274,16,30,1.0173572,107.28071,21.991277,-0.019702926,-0.0013166895,-0.017116201,0.092852758,-0.15443373,0.10597487,0.47601144,0.44042141,0.200341,1.1113525
274,16,35,1.1503204,88.14317,21.893969,-0.033088393,-0.01442034,-0.037318282,0.11240657,-0.25749071,-0.0031624402,0.5713979,0.34591883,0.23455309,1.0463071
274,16,40,0.76422358,101.18954,22.178343,-0.013290082,-0.012247844,-0.077308237,0.11777269,-0.10805274,0.0065089562,0.5354996,0.43350258,0.20439034,1.2973037
274,16,45,0.90638306,113.29967,21.581252,-0.017669719,0.0011411573,0.025780676,0.11825903,-0.14196889,0.00040489242,0.53287584,0.35594466,0.20645932,1.1384166
274,16,50,1.0178029,119.72334,22.431984,-0.015752605,-0.0028070809,-0.044766409,0.12959729,-0.087787605,-0.054561364,0.67995993,0.39788663,0.21009691,1.326378
274,16,55,0.7188285,136.21265,22.741269,-0.019892009,0.010535875,-0.046001694,0.07993041,-0.069173964,0.030480507,0.55129294,0.38372943,0.19196917,1.0229318
274,17,0,1.293477,138.65994,22.379702,-0.010706005,0.022343866,0.043460262,0.14160376,-0.063892476,0.064302147,0.49719824,0.45055777,0.2343132,1.1667025
274,17,5,0.93435114,121.75198,22.378607,-0.0036404448,-0.0061705446,-0.02764003,0.1263467,0.057098255,-0.1118164,0.58839428,0.39466044,0.2104363,1.1988935
274,17,10,0.87641733,125.29907,22.608412,-0.0089492901,0.0071319278,-0.072841661,0.14672995,-0.012452509,0.069368929,0.56841591,0.35040633,0.19807849,1.4103949
274,17,15,1.2075556,142.60409,22.864386,-0.015610904,0.025562049,0.040195727,0.14245713,-0.051702725,-0.0075904573,0.54285296,0.42016439,0.23027938,1.3787702
274,17,20,1.2152903,121.03083,23.160876,-0.024224493,-0.0020684431,-0.020769358,0.13640911,0.030182803,-0.013882472,0.55626526,0.51947023,0.24426672,1.2683154
274,17,25,1.3288795,129.82715,23.111184,-0.018705983,0.012272228,-0.04732424,0.1339451,0.067563438,-0.080720367,0.62137159,0.48484457,0.24483825,1.3542845
274,17,30,1.1728102,137.79938,23.6666,-0.024893571,0.021594532,-0.0019159423,0.14505047,-0.09171651,0.20263448,0.50153075,0.52205758,0.25194433,1.2364167
274,17,35,0.41823723,95.376903,22.893185,0.010770005,-0.0060357091,-0.030074086,0.1110014,-0.031830883,0.039278027,0.4615407,0.35895983,0.15955408,1.3964023
274,17,40,0.18304015,179.51258,23.102457,0.016529371,0.013766843,0.026210066,0.11172443,0.063711945,0.024344967,0.4594756,0.35127218,0.17713871,1.2593358
274,17,45,1.2464751,130.85998,24.012984,-0.018659951,0.0083563302,0.040480217,0.14755028,-0.059489634,0.07453229,0.45984762,0.43129282,0.23263352,1.3648482
274,17,50,1.584354,127.27671,24.38921,-0.043390067,0.013193135,-0.019938105,0.15049645,-0.2878558,0.05292895,0.55580191,0.56502977,0.2758776,1.3095038
274,17,55,0.81620281,125.93575,24.175545,-0.017051659,0.0085622114,-0.063545527,0.13122148,-0.10110268,-0.10123094,0.50844714,0.46825652,0.19124562,1.3299729
274,18,0,0.39077281,85.272738,23.999724,-0.0029134337,-0.0051656875,-0.028707649,0.15428657,-0.012215527,0.01332366,0.39145374,0.25641609,0.16922736,1.580053
274,18,5,0.92939542,130.64731,24.375202,0.016820147,-0.010199543,-0.054908024,0.11849527,-0.042350459,-0.019743625,0.71573986,0.44039876,0.21660004,1.3214719
274,18,10,1.0524064,160.67368,24.564893,-0.032573768,0.015949092,0.037263419,0.1467723,-0.057665736,0.0081514194,0.55693766,0.41590003,0.2301849,1.2958537
274,18,15,0.84840846,120.71708,24.773152,-0.00074001432,0.0036934386,-0.0015846822,0.12928894,0.043264145,-0.041500581,0.66608102,0.42511304,0.19917365,1.3945469
274,18,20,1.5831666,114.54966,25.547571,-0.045611982,-0.00014397169,-0.021192359,0.15242063,-0.15425033,-0.059559149,0.5860795,0.56861561,0.28022502,1.2976604
274,18,25,1.3426616,122.94076,25.588678,-0.039312443,0.0038683779,-0.048159139,0.14882948,-0.13819854,0.0086550498,0.54548225,0.4721537,0.25787962,1.3323115
274,18,30,0.85058233,115.23426,25.400343,0.0045935582,0.0062375913,0.011330591,0.11032994,-0.0099180308,-0.088055128,0.51289656,0.42419211,0.21354147,1.147252
274,18,35,1.8169969,135.46987,26.63295,-0.030457189,0.02844869,-0.026203734,0.17450619,-0.28748054,0.10270926,0.75312779,0.61303531,0.31151681,1.2726418
274,18,40,1.6441407,126.40729,26.476773,-0.051581274,0.02139573,-0.019116251,0.1706329,-0.17698372,-0.023195013,0.65907421,0.62838447,0.30619006,1.297917
274,18,45,1.4608067,111.7485,26.459433,-0.03308234,-0.0003589458,0.014714518,0.12832098,-0.23902498,-0.00038650505,0.61396868,0.53467704,0.25958064,1.4398776
274,18,50,2.0146062,121.23825,26.791373,-0.063023133,-0.0099808759,-0.14104662,0.16965558,-0.31557188,0.064291714,0.74854796,0.72718697,0.32866117,1.4057423
274,18,55,1.5537187,102.71762,26.638085,-0.032447124,-0.0046351974,-0.011762255,0.12283411,-0.23436689,-0.014510907,0.59219495,0.59089853,0.25283665,1.3685526
274,19,0,1.9651107,129.89454,27.055577,-0.049216436,0.019854367,-0.11078375,0.20141783,0.19381285,-0.063814694,0.82337262,0.64400122,0.33773026,1.5533203
274,19,5,1.6079283,99.940566,27.379127,-0.05098308,-0.015910104,-0.023659234,0.1623929,-0.30310172,-0.12436305,0.63406088,0.59708198,0.30817984,1.3238772
274,19,10,1.7888188,116.74014,26.972093,-0.042350185,-0.0042411998,-0.019696216,0.16366028,-0.18244567,0.068837483,0.61729791,0.65907282,0.31148697,1.3888565
274,19,15,1.6377736,121.84312,27.283809,-0.036214494,-0.0044763745,-0.0056183758,0.15814272,0.034957823,0.22897407,0.70518426,0.60726217,0.2943426,1.5056118
274,19,20,1.7687774,89.759567,27.686005,-0.083229347,-0.037010401,-0.0017061435,0.18145513,-0.38221435,-0.04994017,0.76168895,0.54983474,0.35718544,1.2085428
274,19,25,1.4109847,93.827775,27.430589,-0.039622191,-0.041309855,-0.044732027,0.15890901,-0.16680827,-0.10665237,0.63603637,0.62232348,0.30323441,1.2528449
274,19,30,1.5782856,48.043333,27.768075,-0.13909883,-0.04584684,0.060267602,0.17921967,-0.40127378,-0.13732317,0.7628274,0.83094968,0.39743892,1.1250797
274,19,35,1.3126779,52.226833,27.623226,-0.11128327,-0.040142381,0.030960495,0.16218675,-0.32446598,-0.010014653,0.69630753,0.63045059,0.35216169,1.178474
274,19,40,1.3810284,41.69061,27.931362,-0.1566215,-0.0077503593,0.015379534,0.21297343,-0.47504493,-0.053837286,0.77795887,0.63076918,0.40503669,1.1968279
274,19,45,1.5503145,35.517816,27.782875,-0.1637081,-0.038552569,0.1169627,0.18909707,-0.47219674,-0.26365391,0.78737929,0.90009553,0.4148094,1.1690788
274,19,50,1.6845556,30.551628,27.609325,-0.18589976,0.017359947,0.099809445,0.20655078,-0.50969072,-0.067498309,0.86443391,0.82859468,0.46368871,1.0449412
274,19,55,1.5850292,37.269598,27.578313,-0.19205293,0.0026998638,0.12010445,0.20040403,-0.49900244,0.072908529,0.87288999,0.7464848,0.4326581,1.0999012
274,20,0,1.6373228,31.303142,27.696265,-0.18364034,0.013620495,0.065883926,0.20395744,-0.59379679,-0.14814185,0.89360867,0.71436141,0.45563727,1.1498155
274,20,5,1.5236367,38.320478,27.531966,-0.17331494,-0.0078949913,-0.017551494,0.18782061,-0.28408144,-0.12049108,0.88915989,0.71204921,0.42370181,1.1077623
274,20,10,1.4688624,42.233751,27.402787,-0.2016425,-0.017310036,0.073120778,0.19804688,-0.34547712,-0.17495486,0.89747322,0.73492462,0.43001708,1.1185988
274,20,15,1.4587911,41.684005,27.967754,-0.1752112,-0.027764212,0.07191636,0.1891766,-0.50805037,-0.15477285,0.82030668,0.80552554,0.43459984,1.0939285
274,20,20,1.6853101,44.044076,27.506295,-0.21260016,-0.015578436,0.086706392,0.17901772,-0.44819295,-0.054499693,0.94725937,0.84687647,0.48061512,0.92122791
274,20,25,1.3183753,35.830517,27.682997,-0.12777746,-0.0056562081,0.071097786,0.16000472,-0.41398565,-0.076126601,0.72659867,0.57559225,0.35790647,1.1220798
274,20,30,1.0453598,28.747382,27.491537,-0.0598291,-0.016418753,0.14584809,0.16825342,-0.25068577,-0.11519282,0.62251794,0.89409013,0.31346001,1.1791986
274,20,35,1.0924118,48.662334,27.895084,-0.12336538,-0.022303941,0.12934195,0.15942808,-0.35424936,-0.0058688323,0.7582283,0.82470813,0.37985294,1.1183153
274,20,40,0.83699768,90.585631,27.597826,-0.0072641678,-0.035688696,-0.22124223,0.13499258,0.13371284,-0.24467451,0.79556532,0.82677936,0.28480514,1.3053246
274,20,45,1.085018,61.948588,27.530385,-0.073180006,-0.056140508,0.0026064853,0.13984026,-0.21622685,0.21757822,0.65847878,1.0274027,0.34523838,1.0812167
274,20,50,1.4421207,67.477877,27.634243,-0.10565351,-0.052880048,-0.21358844,0.10957736,-0.29030607,0.24250403,0.87075257,0.92985033,0.38415628,1.0247375
274,20,55,1.6994762,51.133692,27.62397,-0.1759314,-0.05637082,-0.064126014,0.16966909,-0.29538464,-0.1286643,0.88511103,1.0165205,0.45228928,0.92503077
274,21,0,1.4421662,35.355792,27.646566,-0.17684595,0.015987698,0.059607221,0.17862283,-0.44318593,-0.043188924,0.94673094,0.82846061,0.44441573,0.91041532
274,21,5,1.2705756,73.874194,27.310624,-0.07378073,-0.030888309,-0.040093091,0.10647089,-0.12255152,0.17328907,0.71804045,0.90689809,0.35234404,0.92340346
274,21,10,1.4906283,85.002237,27.327884,-0.074573942,-0.020238522,-0.22390115,0.14781336,-0.25761792,-0.030327818,0.90021974,0.73889573,0.34872124,1.0498282
274,21,15,1.4331288,63.002843,27.79878,-0.11138477,-0.037768345,-0.025430519,0.1229341,-0.24914079,-0.046684873,0.70697536,0.80864861,0.38543143,0.9019987
274,21,20,0.80733651,6.5161104,27.183747,-0.01539092,0.013766763,0.088039659,0.12454296,-0.044867184,0.010191437,0.52953578,0.52400734,0.25543504,1.1100088
274,21,25,0.9073241,40.630926,27.894191,-0.057605333,-0.013203159,0.037435695,0.12226333,-0.15395298,-0.17133502,0.50558607,0.69022589,0.26743119,1.0573542
274,21,30,0.7288383,44.366897,27.601704,-0.044409187,-0.027911381,-0.016175941,0.12753354,-0.043670059,-0.26345187,0.46364563,0.53346331,0.24911029,1.1692156
274,21,35,0.92712271,50.059572,27.821254,-0.09199227,-0.022054887,0.011962094,0.10585203,0.13199041,0.050581556,0.82387464,0.78411159,0.36039195,1.0629826
274,21,40,1.3553972,75.345783,27.785478,-0.11899131,-0.024372701,-0.14729739,0.15107668,-0.27194268,-0.057812764,0.81088092,0.70961154,0.39437186,0.99459456
274,21,45,1.4160934,59.543468,27.859637,-0.11517692,-0.046337472,-0.12545802,0.12687707,-0.24843651,0.05797102,0.79203172,0.92813043,0.40560452,0.88739915
274,21,50,1.0846509,41.116204,27.515491,-0.094987118,-0.013527271,0.011274491,0.11511342,-0.19275952,-0.086228496,0.709352,0.62074946,0.32056999,0.94453494
274,21,55,1.2667526,50.702261,27.680132,-0.11507497,-0.040771197,-0.054304355,0.10789759,-0.21600983,-0.00034933293,0.72372401,0.77308129,0.38019031,0.78276125
274,22,0,0.84515548,21.647226,27.263256,-0.030920766,0.013795824,0.12978525,0.11240996,-0.065805073,-0.019327971,0.61946329,0.64895116,0.27413039,0.96546258
274,22,5,1.4026962,47.086476,27.391514,-0.12900141,-0.042824273,0.076986676,0.10218326,-0.25688519,-0.037848726,0.83590884,0.75118662,0.37337325,0.79836713
274,22,10,0.76910743,37.960124,27.598406,-0.050362095,-0.016565531,0.0016253085,0.1307917,-0.17875372,-0.18104847,0.556267,0.69969415,0.29605568,1.0393888
274,22,15,1.1571364,53.327741,27.561329,-0.10306628,-0.022485465,0.051281935,0.11212082,-0.18819008,-0.052017996,0.71781635,0.63866248,0.34183572,0.85196086
274,22,20,1.3872511,25.493756,27.503134,-0.11343464,0.005593962,0.12319039,0.11945294,-0.18994358,-0.075389683,0.74126943,0.72196671,0.37627141,0.75922154
274,22,25,1.294641,22.577389,27.263154,-0.087116364,-0.0077040367,0.30017001,0.11080317,-0.29872205,-0.090792762,0.76558951,0.86482795,0.34082988,0.86149921
274,22,30,1.4310022,47.079947,27.363763,-0.14637262,-0.044209799,0.057117732,0.11240921,-0.2793482,-0.052223678,0.77550376,0.69108691,0.39994559,0.68375273
274,22,35,1.489353,62.60106,27.249999,-0.14279592,-0.06648277,0.014181892,0.088697143,-0.30981554,0.065036364,0.83224869,0.88181537,0.39146016,0.69313171
274,22,40,1.8566492,69.733774,27.00503,-0.1435831,-0.094343117,-0.37107017,0.097772229,-0.25064642,0.051031503,0.99882404,0.95145944,0.4741372,0.5890972
274,22,45,0.8901105,50.83288,27.245611,-0.081468426,-0.02807192,0.06396933,0.083737998,-0.17319865,0.00019475058,0.64156666,0.51992883,0.28773852,0.75398536
274,22,50,1.3937615,41.975934,27.127183,-0.12996029,-0.050260316,0.065630567,0.089470813,-0.18268762,0.0015304183,0.71110189,0.82575259,0.40931017,0.5476908
274,22,55,0.79172966,44.924187,27.249499,-0.045226322,-0.0021690248,0.03699287,0.075356104,-0.13264232,-0.017168681,0.46740755,0.4850011,0.25952213,0.72525707
274,23,0,1.4065542,42.39132,26.907687,-0.1334407,-0.024908415,0.071092782,0.092784096,-0.21124214,-0.0011319093,0.76682101,0.6852623,0.37806878,0.57021535
274,23,5,1.4338174,57.25014,27.004542,-0.11093516,-0.049369352,-0.011696627,0.062265327,-0.11381751,-0.051292737,0.7930439,0.70715446,0.36699186,0.5316923
274,23,10,1.1456128,52.918142,27.014553,-0.1054333,-0.024964417,0.040795402,0.06842923,-0.13541757,0.052823601,0.70480648,0.62787243,0.33886778,0.57453127
274,23,15,1.1691979,37.652189,26.993694,-0.10891672,-0.0077126624,0.031760382,0.072682183,-0.14866566,-0.021287144,0.68418635,0.58676065,0.35938488,0.46988311
274,23,20,0.86813309,34.646345,26.993169,-0.06877577,-0.0043330158,0.060511546,0.070892458,-0.068010335,-0.00068451577,0.61095085,0.51275983,0.29402517,0.60020686
274,23,25,0.81116314,24.460139,26.657169,-0.04117363,0.0013538148,0.064892108,0.044333757,-0.11867224,-0.063742147,0.50123904,0.56589426,0.22632453,0.51627185
274,23,30,1.1189529,71.44512,26.455558,-0.066772129,-0.036519703,-0.23222926,0.038142853,-0.045709677,0.003726232,0.79693004,0.7444205,0.30557123,0.41301215
274,23,35,0.94532762,63.911232,26.501255,-0.042987023,-0.021902187,-0.062576889,0.034943637,-0.063977129,0.014936888,0.56658929,0.63580604,0.27445349,0.4399586
274,23,40,0.65385919,52.452837,26.586546,-0.031183399,-0.01056353,0.0083898025,0.042392393,-0.073102947,0.024651148,0.35977967,0.38719725,0.21653987,0.4528149
274,23,45,0.91588991,40.521709,26.471832,-0.06629895,-0.0068425544,0.010534492,0.055348748,-0.079549,-0.008507218,0.53240224,0.48381949,0.29266366,0.38022648
274,23,50,0.80228238,31.375356,26.229511,-0.033735057,-0.020644607,0.04451049,0.032058764,-0.054413987,-0.074381956,0.40792191,0.6994506,0.22761167,0.35981164
274,23,55,1.1028237,62.424563,25.953704,-0.056498399,-0.040689675,-0.24160296,0.020032201,-0.038233816,-0.032407951,0.70236708,0.79320167,0.30300603,0.21175657
275,0,0,1.0193219,42.344499,25.389163,-0.079596951,-0.021232352,-0.025358776,-0.010680822,0.022294178,-0.0031970095,0.56153984,0.67930714,0.29671845,0.11637451
275,0,5,0.98476342,44.967274,25.238413,-0.071610957,-0.01653174,0.015114638,-0.015895827,0.047965672,0.025280391,0.57956491,0.5447537,0.26760802,0.16641431
275,0,10,1.0345996,53.613667,25.185008,-0.068848175,-0.028288707,-0.011123033,-0.01708109,0.04305426,0.0037867794,0.51905219,0.61007397,0.29104958,0.16090684
275,0,15,0.90668,66.006603,24.94183,-0.026798293,-0.029486721,-0.10182824,-0.015760058,0.056456073,-0.015287688,0.55486928,0.47944318,0.26240699,0.2008873
275,0,20,0.71528175,45.147361,24.868273,-0.040023806,-0.0046126187,0.0019910515,-0.020251356,0.052042794,0.01395399,0.3920267,0.33039664,0.21401383,0.2377272
275,0,25,0.8741003,48.539995,24.990579,-0.055968214,-0.011110645,-0.0075479452,-0.022198386,0.047887262,0.0089351475,0.50677874,0.54089264,0.27087731,0.25426074
275,0,30,0.85110012,72.765149,24.743316,-0.032479807,-0.015640486,-0.066115363,-0.019012082,0.08735884,-0.025009903,0.50780358,0.35331817,0.2254729,0.28089825
275,0,35,0.57335652,36.644631,24.729789,-0.022429506,-0.0018680097,0.010951224,-0.019229716,0.02579324,-0.0020714494,0.32742792,0.33909642,0.16689975,0.29159574
275,0,40,0.61519413,339.42556,24.552298,-0.0019536841,0.00074982119,0.0028351552,-0.010234575,0.034229988,0.0057946636,0.25268346,0.20085184,0.097105837,0.37146214
275,0,45,0.22543334,333.00301,24.180042,-0.0011940665,0.0037353283,0.005837845,-0.01456579,0.0028938223,-0.010122467,0.16326566,0.22775042,0.0911317,0.48186599
275,0,50,0.67958723,335.63132,24.079562,-0.0023013804,0.0011897248,-0.0081219578,-0.020144389,0.09753894,-0.031255269,0.41943132,0.25872058,0.12342715,0.61074208
275,0,55,0.86079688,352.26019,24.400506,-0.0063754212,0.0050124968,0.022533204,-0.026403189,0.036905951,-0.00059253235,0.3780993,0.31568748,0.15852975,0.44276635
275,1,0,1.1147141,349.04878,24.677624,-0.013775382,0.0050556417,0.027318759,-0.027736686,0.080940101,0.016106431,0.46027568,0.34184508,0.1876191,0.46049873
275,1,5,1.2358243,340.38184,24.668533,-0.018419161,-0.0052399347,-0.018839156,-0.028608416,0.045663729,0.0030395003,0.56293846,0.46435718,0.20754117,0.42777458
275,1,10,0.96106191,354.68685,24.444085,-0.009202198,0.0089841389,0.081345832,-0.023852161,0.083171717,0.0051251241,0.48975122,0.37316187,0.16696895,0.46930132
275,1,15,0.93066361,356.50059,24.344252,-0.013621937,0.0053641726,0.021747882,-0.023773803,0.072215969,-0.057802955,0.46222245,0.37249276,0.16137482,0.44005658
275,1,20,1.0247409,359.00734,24.408693,-0.023013851,0.0074525012,0.029271775,-0.03589,0.061872254,-0.017518084,0.3701208,0.39165852,0.2064738,0.44952886
275,1,25,0.91900121,354.95645,24.252448,-0.012800218,0.0075450556,0.077909571,-0.017385325,0.11213798,0.018965023,0.44591961,0.43304106,0.17213897,0.48639282
275,1,30,0.87127965,3.2314267,24.137368,-0.026423889,0.017454867,0.043175987,-0.035685917,0.082461679,-0.019182641,0.44801458,0.40208069,0.20832636,0.43181627
275,1,35,1.5782566,344.18684,24.497433,-0.018393028,-0.0025207838,0.076753155,-0.036704949,0.092154573,-0.027134724,0.53945718,0.46056302,0.21765479,0.51669294
275,1,40,1.7591454,344.73692,24.747441,-0.024075238,0.0073611765,0.036356409,-0.036115263,0.093197594,-0.014186918,0.57901925,0.44521182,0.24233225,0.421036
275,1,45,1.3507363,348.04359,24.489933,-0.019792792,0.0090402468,0.017754256,-0.031228143,0.086898586,-0.0026540248,0.4677659,0.3318241,0.21896216,0.42747491
275,1,50,1.5174901,338.07456,24.427521,-0.012090924,-0.0034181923,-0.016263939,-0.031097178,0.083829916,-0.039337249,0.35336586,0.31233118,0.18135822,0.48148257
275,1,55,1.7034023,346.07585,24.589482,-0.02016279,0.0088929848,0.028827428,-0.040440557,0.062349454,-0.019539026,0.48310099,0.38409641,0.22639001,0.40652372
275,2,0,1.1123928,329.939,23.728184,-0.0033207806,-0.01471299,-0.052276879,-0.00099666496,0.105825,-0.26910636,0.37962443,0.49736475,0.17509663,0.85770796
275,2,5,1.0862029,308.25511,22.725759,-0.022255352,-0.017165459,0.020771411,-0.015072257,0.04865334,-0.11797624,0.34653637,0.42803788,0.19268177,0.97038857
275,2,10,1.0966254,288.34462,21.397951,-0.016115726,0.0046968823,0.038056189,-0.019205915,0.044397312,-0.038619382,0.35467293,0.31416516,0.16547715,0.69336549
275,2,15,0.99927075,301.66165,21.276,-0.017389805,-0.0021219243,0.0040681575,-0.022743286,0.040998239,-0.035927645,0.29778496,0.31208114,0.15636408,0.6441026
275,2,20,0.53584051,320.38707,22.707821,-0.0056329369,-0.0015239863,0.020085129,-0.021800855,0.025229165,-0.069036441,0.2927786,0.33738669,0.13643802,0.76396774
275,2,25,0.60822133,314.83918,22.496992,-0.0010521445,-0.0031220661,-0.0010354639,-0.0024328358,0.013263569,-0.14867169,0.21085528,0.29268543,0.095544958,0.78675344
275,2,30,0.74158988,305.02757,21.950923,-0.009941864,-0.009588475,0.033561098,0.005607055,-0.084035857,-0.19958454,0.26277195,0.31155931,0.12191675,1.0078963
275,2,35,1.0506004,304.09143,22.082877,-0.021696912,-0.0058839449,0.078685666,-0.0062299788,-0.023022925,-0.20325613,0.39041021,0.41002393,0.19282914,1.1835967
275,2,40,0.97250394,320.7399,23.077153,0.0022467973,-0.013773683,-0.045611809,0.0077348057,0.1747872,-0.16546348,0.31084189,0.33500139,0.13945473,0.889804
275,2,45,1.2628026,299.35951,20.932051,-0.030083644,-0.0063033141,0.039598852,-0.021007626,0.082714416,0.020170488,0.40761894,0.39205291,0.21964577,0.70498438
275,2,50,1.0996425,298.39978,21.222413,-0.01403156,-0.0032754181,0.021510795,-0.019162423,0.018895579,-0.011698003,0.32816323,0.34611605,0.15451067,0.69837283
275,2,55,0.92951511,320.04144,22.419851,-0.0090511083,-0.018809952,-0.011756433,0.025091249,0.089342049,-0.36614367,0.2563033,0.41800359,0.14861098,1.1755919
275,3,0,1.0882124,299.66948,21.563152,-0.018400112,0.0012875025,0.045662685,-0.025188177,0.0027912343,-0.019039003,0.35240055,0.35729825,0.17259562,0.78350977
275,3,5,1.3041563,291.35422,20.422043,-0.027615349,-8.3258138e-05,0.070139256,-0.028844199,0.099047098,0.018014639,0.41087464,0.36759727,0.2027109,0.48755778
275,3,10,1.2601089,287.6602,20.411094,-0.021396552,0.0020855266,0.028121323,-0.021854408,0.079693576,0.033896391,0.3387881,0.30397915,0.17006364,0.65213602
275,3,15,1.3052962,293.37767,20.217154,-0.026010311,0.00035541876,0.041689696,-0.025474411,0.079662445,0.018457532,0.3659485,0.33903466,0.19182174,0.46241252
275,3,20,1.336524,285.53116,20.393206,-0.02140533,0.0023853105,0.041593878,-0.027591795,0.13066576,0.040028764,0.39500981,0.30239673,0.17663178,0.51498942
275,3,25,1.1762929,298.8847,20.056267,-0.027800226,-0.0160692,0.044688598,-0.027897229,0.078127043,0.035670018,0.33330022,0.40090723,0.18531953,0.42992258
275,3,30,1.3511718,287.19084,20.343433,-0.020221032,0.0087425093,0.018852159,-0.022438568,0.068733052,0.017003926,0.34203472,0.29412102,0.17869832,0.47967164
275,3,35,1.3433572,286.45508,20.06989,-0.025016567,0.0071253357,0.030271063,-0.023341351,0.080899643,0.022696942,0.37388914,0.30233854,0.18686384,0.42774732
275,3,40,0.95407363,299.3489,20.009554,-0.020833013,-0.0036056136,0.011959096,-0.024549364,0.064432827,0.004141698,0.31853304,0.27155706,0.17031532,0.39828746
275,3,45,1.2597493,281.30688,20.062564,-0.017262455,0.0028659816,0.023937323,-0.025148524,0.054244186,-0.0097595877,0.41661853,0.25580264,0.14236494,0.60378374
275,3,50,1.3162372,288.59384,19.676443,-0.018749905,0.0045197091,0.0019617744,-0.016029006,0.040147774,0.0011977615,0.31737191,0.24878859,0.16541329,0.33541283
275,3,55,0.59529205,268.43954,19.181948,-0.0015941015,0.0015241504,-0.02603329,-0.0091857901,0.076774636,-0.040808343,0.26710791,0.20944357,0.093907629,0.47013629
275,4,0,0.70316274,288.52689,18.992517,-0.004380815,0.00059814871,0.007929935,-0.012296431,-0.017920608,-0.004899282,0.22969979,0.13554134,0.082304457,0.57702554
275,4,5,1.006391,298.38984,18.035311,-0.023503589,0.00025897136,0.011327317,-0.021834614,0.038507189,0.010745739,0.26712378,0.24518543,0.18833906,0.29033514
275,4,10,1.2595628,300.23544,18.034568,-0.036852389,-0.0019154534,-0.0034384597,-0.02314995,0.050806695,-0.0029506801,0.36074246,0.30737999,0.22125026,0.25333734
275,4,15,1.0516567,300.40642,18.574056,-0.025039117,-0.0028646211,0.011298908,-0.024899714,0.049466485,0.017958845,0.28155785,0.26391665,0.18970005,0.32821253
275,4,20,1.1742221,300.67133,19.01777,-0.036114741,-0.00010904815,-0.0021128447,-0.031405331,0.047857452,-0.0059463245,0.30018677,0.29418176,0.22628757,0.34033634
275,4,25,1.2241749,296.2506,19.561858,-0.033851625,-0.002990996,0.014985386,-0.03571579,0.076262691,0.025212969,0.34163709,0.29644127,0.19873947,0.40664297
275,4,30,1.4091871,287.57058,19.619955,-0.016856106,0.0061328594,0.011844697,-0.019456867,0.053931511,0.0020078957,0.30239348,0.24224907,0.1644706,0.31753058
275,4,35,1.2814683,288.46085,19.560047,-0.015805364,0.0048800099,0.003204524,-0.020400867,0.066666074,-0.0085110563,0.30655089,0.23437473,0.16050471,0.37319615
275,4,40,1.0231788,294.56462,19.454072,-0.01298601,-0.0042242691,0.016088084,-0.02001246,0.08951263,0.019139098,0.29023126,0.28853346,0.15333146,0.46189503
275,4,45,0.84784808,293.82589,19.201784,-0.006159169,-0.0070984785,-0.021273366,-0.021748306,0.08605945,-0.010755891,0.26705597,0.31006668,0.1331492,0.61814277
275,4,50,1.1269506,295.12814,18.178662,-0.025201533,-0.00060438501,-0.0044149604,-0.020774868,0.037501719,-0.019494185,0.3181331,0.29658266,0.18385277,0.36972403
275,4,55,1.4241439,302.45424,18.372201,-0.064212546,-0.0011602611,-0.011995109,-0.041839386,0.098015204,-0.011024374,0.43634418,0.40256219,0.29074157,0.35786943
275,5,0,1.6360381,294.33376,18.617749,-0.057704564,0.0013751734,0.039945888,-0.034123994,0.10063901,0.019195505,0.48678474,0.36582225,0.27758845,0.40734574
275,5,5,1.548993,288.73075,19.439666,-0.045656806,0.0028060029,0.01149747,-0.041107876,0.084246677,0.018564465,0.37535755,0.32899739,0.24670552,0.4406563
275,5,10,1.4311386,290.7495,19.147854,-0.021580483,0.0032635876,0.013727664,-0.020934103,0.053696898,0.020119339,0.31053879,0.27330847,0.19123867,0.37773214
275,5,15,1.370427,286.63466,19.26281,-0.016967955,0.0045024103,0.0061398501,-0.022636857,0.045626628,-0.0053975212,0.27467588,0.24201572,0.16586286,0.39447208
275,5,20,1.3042611,283.35156,18.506864,-0.012635771,0.0072311683,0.00062205901,-0.019879763,0.04325828,-0.017270971,0.24925061,0.2232444,0.13385117,0.35727832
275,5,25,1.3043017,292.23327,17.924927,-0.0241108,0.0027173234,0.013922388,-0.022069715,0.061961023,0.0049815295,0.32515915,0.24716058,0.18636098,0.31973392
275,5,30,1.3857684,292.50945,18.056191,-0.029483173,0.0027091587,0.0066723107,-0.028821063,0.055742449,0.0022021514,0.32382896,0.32643108,0.21109732,0.3529556
275,5,35,1.4073817,290.77328,18.91128,-0.0291685,0.00079825181,0.01685915,-0.037586186,0.082120135,0.036865244,0.32194465,0.29568786,0.20572967,0.53045407
275,5,40,1.3228121,288.68449,18.46995,-0.026312866,0.0058714613,0.006087287,-0.019097084,0.043311433,-0.00037600038,0.31682799,0.24970537,0.19391439,0.34600518
275,5,45,1.2980627,287.4789,18.796976,-0.017284317,0.0058966433,0.0079429364,-0.02695661,0.09757467,0.0027996851,0.28870786,0.23775726,0.1612626,0.59570147
275,5,50,1.2115905,285.44759,18.833963,-0.016703008,0.0030694546,0.011345522,-0.021495188,0.054492308,-0.00075090821,0.26329166,0.23720487,0.14835682,0.51653707
275,5,55,1.3981108,296.11722,18.262608,-0.035831297,-0.0026137256,0.020901369,-0.027188872,0.087894706,0.020337741,0.36531066,0.36031965,0.21931435,0.42522286
275,6,0,1.2935678,310.68155,18.756996,-0.034816182,-0.014181141,-0.020595644,-0.04469749,0.079873588,0.020337862,0.35871214,0.3461734,0.22939407,0.44474748
275,6,5,1.5072773,322.99477,19.841099,-0.025441308,-0.015311214,-0.0095564448,-0.038994342,0.089065271,0.0018313695,0.36649493,0.32997778,0.20861118,0.66741247
275,6,10,1.156476,314.94652,19.421987,-0.01123867,-0.0079414552,-0.0039775703,-0.028220656,0.053178699,0.058713531,0.25960548,0.26219457,0.14717434,0.61920261
275,6,15,1.2635897,287.86398,19.079219,-0.012700567,0.00244379,0.0090567244,-0.020778231,0.069938633,0.0087336758,0.2615115,0.20733549,0.14638317,0.43343266
275,6,20,1.4076634,282.55743,18.440927,-0.017373485,0.0077363022,0.0058930271,-0.023730555,0.056015124,-0.002906997,0.2877413,0.24683483,0.16206401,0.35318987
275,6,25,1.23179,290.8482,18.257732,-0.01253982,0.0055788889,0.019399192,-0.010347727,0.040912502,0.027666504,0.27059198,0.30778903,0.15130913,0.37290246
275,6,30,1.0676745,297.57132,18.403592,-0.015830485,-0.00039307518,0.022199146,-0.024286552,0.083407918,0.035520096,0.281698,0.35010352,0.15293871,0.51807006
275,6,35,0.855829,287.43624,18.991396,-0.00344041,-0.007575106,-0.064704825,-0.037812683,-0.043545092,0.24116237,0.30524577,0.43276033,0.1352939,0.93917439
275,6,40,1.0490778,291.87188,18.80346,-0.0087204505,0.0050526586,0.0023825876,-0.024850779,0.039132464,-0.048880364,0.24497368,0.25428745,0.13283065,0.6342309
275,6,45,1.3274438,307.42277,19.01313,-0.033122286,-0.0098254738,-0.016011138,-0.036496876,0.08566413,-0.010260318,0.35348317,0.32311097,0.22553815,0.47079564
275,6,50,1.0845435,311.49857,19.094802,-0.019661736,-0.0047439037,-0.021463852,-0.029179299,0.068278085,-0.020057335,0.33403643,0.28264512,0.18561215,0.42989678
275,6,55,0.99019419,290.37962,18.424155,-0.015244199,-0.0020375297,0.010345806,-0.02104274,0.10803766,0.0027024462,0.32667575,0.25511822,0.14124354,0.57348044
275,7,0,0.89243674,291.05597,17.522544,-0.011973012,0.0017226162,0.0074191479,-0.018402444,0.047245132,-0.0012867398,0.22950488,0.18879757,0.12274627,0.51195456
275,7,5,0.93065612,288.06381,17.007981,-0.010636149,0.0017065357,0.0051880289,-0.016985275,0.054456716,0.0062483166,0.235898,0.19307749,0.12367225,0.4391328
275,7,10,0.91451847,292.42022,16.653496,-0.010358546,0.00014456022,0.0018102143,-0.016799447,0.0228876,0.001600236,0.23693259,0.18296661,0.12078613,0.39930996
275,7,15,0.84175194,282.11837,17.252911,-0.0038717425,0.0024581535,-6.7251905e-06,-0.011679605,0.042728737,0.0081146166,0.24304495,0.15648033,0.099245362,0.50313965
275,7,20,0.91455621,285.49355,17.15352,-0.0057563453,0.0013634042,-0.0021205777,-0.018963263,0.045201993,-0.0086153548,0.23079695,0.1730812,0.10922204,0.6179071
275,7,25,0.84202428,291.85563,16.902441,-0.012462157,0.0023629323,-0.0045400259,-0.022031586,0.044936142,-0.0025552733,0.22162889,0.20935845,0.1268026,0.43199671
275,7,30,1.1006977,295.87484,17.165987,-0.015457819,0.0010195996,0.00941304,-0.018938612,0.040167606,0.0056128365,0.25667906,0.28673064,0.15551164,0.400773
275,7,35,1.117109,290.06267,17.228876,-0.010606992,0.0027876423,0.025710023,-0.017945758,0.095327037,0.033044159,0.30696583,0.23171577,0.13728626,0.5042602
275,7,40,0.084593426,253.96218,17.482878,0.0074579765,-0.0058934212,-0.050665136,-0.027163478,-0.081565468,0.1162028,0.27233227,0.34308759,0.10385456,0.83796467
275,7,45,0.4056559,308.60962,17.148846,0.0046464703,-0.0029961352,-0.010138532,-0.017642613,0.0098659846,0.0012749234,0.25877531,0.22936124,0.11734478,0.54129535
275,7,50,1.2150655,291.56187,16.324745,-0.017213317,0.0041208653,0.010358675,-0.020788609,0.039827428,-0.017844183,0.26945607,0.2383315,0.15851454,0.37260029
275,7,55,1.6361982,289.00059,16.934034,-0.025879375,0.0052947837,0.016022737,-0.025370296,0.068169432,0.0072310364,0.36916798,0.28540799,0.20084584,0.36109405
275,8,0,0.90716893,282.62328,17.397391,-0.0063645767,0.0012091037,-0.052264782,-0.021551042,0.06275857,-0.080566158,0.40701469,0.32482906,0.17012199,0.66980561
275,8,5,0.51883427,328.92165,16.989867,-0.00036381137,-0.0047719155,-0.003470375,-0.0038394154,0.032630208,-0.0021685777,0.24695078,0.23508874,0.10174241,0.5791797
275,8,10,0.57889774,328.27194,17.054339,-0.0064022461,-0.0068447533,0.0057323013,-0.033297822,0.040177698,0.071867384,0.21499205,0.2525114,0.12054979,0.80697029
275,8,15,0.87579988,298.5198,15.363345,-0.017119532,-0.0011911283,0.020903184,-0.012894051,0.0029897039,-0.024853458,0.28198317,0.23405775,0.13641563,0.33763365
275,8,20,0.97968711,313.64238,15.490544,-0.016178484,-0.0068229565,-0.015053518,-0.021258784,0.055488889,-0.0074485769,0.32594737,0.2539456,0.16207914,0.34584055
275,8,25,0.99017981,291.33557,15.323033,-0.014411848,0.0018822392,-0.0022412891,-0.022475047,0.048216673,-0.0096422169,0.24549191,0.28687732,0.14786078,0.38929812
275,8,30,1.1838517,292.34601,15.155787,-0.025007501,0.002362121,0.0038136012,-0.023350604,0.032728731,-0.0034331444,0.29009278,0.25114466,0.18862244,0.29467615
275,8,35,1.456598,303.84787,15.177483,-0.055255129,-0.0055903441,-0.017059281,-0.030520256,0.056652205,-0.0047124194,0.40656113,0.37170403,0.27625906,0.25114512
275,8,40,1.4400157,295.91269,16.936372,-0.04185436,0.0022975875,0.023490477,-0.042521932,0.096828776,0.037356756,0.36060921,0.33354784,0.2538998,0.59062886
275,8,45,1.5430815,282.06139,16.750562,-0.021091143,0.0037483384,0.0037304109,-0.028525774,0.059226318,-0.0013474782,0.32786422,0.24632987,0.18128602,0.37252228
275,8,50,1.0327694,288.87171,16.715383,-0.012434558,0.0026317733,0.0020378782,-0.01923878,0.05529523,-0.012786498,0.26235094,0.2482486,0.1464633,0.48181487
275,8,55,0.67301585,309.93168,17.111486,-0.0038471472,-0.0029748272,-0.012532831,-0.026796607,0.020211124,0.015584445,0.18344537,0.24999128,0.10291606,0.75814904
275,9,0,0.94392918,287.81999,15.9339,-0.011049009,0.004268997,0.0045981972,-0.013989056,0.043008309,0.0050108533,0.22888714,0.19672937,0.12497451,0.57843297
275,9,5,1.2602688,291.46205,15.997863,-0.025606449,0.00093990773,0.015146255,-0.034609944,0.081044779,0.018607519,0.31885047,0.25881467,0.18486188,0.4503695
275,9,10,1.2478274,298.90598,15.861142,-0.038746752,-0.0027770997,0.0086447423,-0.038480995,0.064871528,0.022272591,0.33176427,0.31589921,0.23499795,0.35935627
275,9,15,1.3255913,294.01207,16.178613,-0.03805028,0.00051869056,0.017421838,-0.034036115,0.074111075,0.0010917722,0.35132262,0.30646144,0.22402476,0.39912034
275,9,20,0.70207764,278.78472,16.187303,-0.006612826,-0.0021070836,-0.074558781,-0.01874964,0.11503895,-0.046946555,0.41006387,0.34950881,0.1353279,0.45468391
275,9,25,0.97828161,294.91434,16.130896,-0.014643477,-0.0023164538,0.0086912194,-0.028462862,-0.00035552583,0.038206956,0.30932892,0.28762741,0.14109014,0.63739177
275,9,30,1.1056855,295.97039,15.321585,-0.013347959,-6.2232241e-05,0.018772659,-0.019917927,0.054980729,0.044734626,0.26747698,0.29824464,0.14415339,0.3657797
275,9,35,1.1928107,302.90891,16.002579,-0.040993568,-0.0049562103,-0.006656165,-0.035007621,0.061918904,-0.027479475,0.36891134,0.32131467,0.24496608,0.52315257
275,9,40,1.2746729,295.7491,16.398431,-0.038093631,-0.0025169541,0.024647172,-0.03233831,0.060373551,0.0060859032,0.35043619,0.31688386,0.23116704,0.3540562
275,9,45,1.3043983,289.28484,16.19554,-0.023872493,0.0075143235,0.0063615406,-0.023328533,0.061229183,-0.0047273227,0.30992887,0.26661778,0.19021671,0.34677978
275,9,50,1.5159365,287.48584,16.638884,-0.029282834,0.0065404359,0.0099165639,-0.031113329,0.073534769,0.00061558652,0.35106428,0.28674402,0.20616812,0.36013652
275,9,55,1.2672624,300.50553,17.209942,-0.035675405,-0.0028954817,0.0099551693,-0.031461629,0.067935249,0.016886205,0.34511256,0.3081185,0.22457711,0.39985025
275,10,0,1.1633151,317.61553,16.124478,-0.020519665,-0.0087401628,-0.017715791,-0.034179392,0.040864198,0.037973358,0.28698184,0.26581667,0.18122439,0.50105053
275,10,5,1.314883,294.9552,16.06836,-0.034086506,0.0018880082,0.027169804,-0.032432889,0.065819587,0.0066895811,0.3655346,0.30577167,0.22688587,0.33819223
275,10,10,1.3520381,295.70295,17.059236,-0.044715853,-0.0028525553,0.024624858,-0.04579047,0.08600409,0.017090953,0.37715609,0.30954552,0.24603072,0.42784355
275,10,15,1.0202169,319.60307,16.83215,-0.011196287,-0.0151461,-0.029307492,-0.045722321,0.0024951959,0.1749239,0.29497454,0.40169646,0.16923892,0.68985259
275,10,20,0.40593863,297.24289,16.614053,-0.0030083995,0.00064617839,-0.0049444806,-0.014152765,0.0083805251,0.0049034828,0.19309396,0.1227806,0.076022994,0.6453041
275,10,25,0.79261404,293.68093,14.664588,-0.0098312316,0.00090635487,0.012041905,-0.014117627,0.019007799,0.0024827147,0.25643592,0.1774841,0.11619652,0.47808892
275,10,30,0.8401998,299.5913,14.345576,-0.015647594,0.0019543116,0.0011049754,-0.020414846,0.032460857,-0.0049605753,0.21583421,0.20409076,0.14913473,0.30313272
275,10,35,0.99419687,296.98693,14.211354,-0.017100336,-0.0024533205,0.012790662,-0.023141077,0.10123961,0.018281443,0.26876404,0.21702529,0.14849245,0.57725192
275,10,40,0.98735212,262.77491,15.823771,-0.009121198,-0.0055099775,0.0010953645,-0.015684511,0.065251664,0.019742466,0.25548973,0.21644494,0.14744878,0.47678297
275,10,45,0.64552604,252.46739,15.284467,-0.0025287412,0.00041047309,-0.0096607333,-0.011951364,0.026282087,0.00035685764,0.20007114,0.15811597,0.093365312,0.40236689
275,10,50,0.47964915,334.26207,15.752274,0.0026504621,-0.0016897884,0.0065209192,-0.014857651,0.013090962,-0.0054729599,0.21448979,0.20718868,0.084773417,0.62821475
275,10,55,0.55925685,345.75866,15.33373,-0.0003960146,0.00042507517,-0.0039514167,-0.010480748,0.0193517,-0.026601232,0.10857759,0.14700715,0.064502189,0.49084384
275,11,0,0.4803459,273.73023,14.100888,-0.0014946489,-0.0018492491,0.011834315,-0.0069717461,0.012692424,0.03062965,0.12314138,0.17419019,0.058109822,0.66009236
275,11,5,0.33257931,263.15074,13.928845,0.0029588176,-0.0029442936,-0.0093568385,-0.01993795,-0.032391539,0.052808551,0.2127852,0.13368154,0.082820668,0.77383873
275,11,10,0.47210236,249.0938,13.456264,-0.0013500817,0.0026862497,-0.0087026215,-0.00037718589,-0.0065962565,0.060292701,0.14428371,0.18779145,0.067297035,0.63735661
275,11,15,0.72576627,282.92312,14.310981,-0.0048171284,-0.0031903612,-0.020471775,-0.020991378,-0.011848135,0.034243996,0.23014036,0.28323167,0.11821037,0.7709204
275,11,20,0.97599285,310.46742,13.582486,-0.0073248814,-0.0098926494,-0.042334028,-0.01813298,0.0040633141,0.019395772,0.29322512,0.34804361,0.15502723,0.43469471
275,11,25,1.1722385,294.87965,12.749276,-0.028943961,0.0035172899,0.013042728,-0.018494379,0.045582114,0.010943783,0.29330845,0.27561847,0.21257954,0.35047942
275,11,30,0.72613801,277.89485,12.782456,-0.0055336821,-0.0012287367,-0.0081095822,-0.010966028,0.024623491,0.037431235,0.20396611,0.20033374,0.091635386,0.40238366
275,11,35,0.64843481,276.61845,13.359164,0.0016463766,0.00041023474,-0.0018631729,-0.012473271,0.0039842701,-0.013160219,0.22627005,0.1935281,0.07941318,0.73207284
275,11,40,1.2491398,281.37616,13.343925,-0.011592638,0.0024162931,0.00019392023,-0.013484746,0.021269994,0.0060987109,0.24817987,0.20648038,0.12966227,0.51455936
275,11,45,1.5208957,289.08409,13.012552,-0.035715923,0.0035523552,0.018829234,-0.03441187,0.081372474,0.033599027,0.3671156,0.3335491,0.22272486,0.35488771
275,11,50,1.3932583,283.77421,13.454598,-0.015887071,0.0080602698,-0.0074326336,-0.019413324,0.057536896,-0.016670911,0.27992459,0.25476482,0.1734614,0.38175574
275,11,55,0.51705859,165.56344,14.628558,-0.0098061501,0.0070591668,0.0044560105,-0.015626289,0.044165334,0.0075963599,0.2529388,0.27892991,0.14542201,0.51406973
275,12,0,0.27318238,145.22828,14.376923,-0.0064246882,0.0022126759,-0.010503523,-0.016749723,0.057549465,-0.020259771,0.24773339,0.23809597,0.11665562,0.47600538
275,12,5,0.56285722,308.71949,13.788237,0.0018465761,-0.003799485,-0.0059522131,-0.020186541,0.039283872,1.3590432e-05,0.18065447,0.18490022,0.095600417,0.64724164
275,12,10,1.0943712,289.39032,13.577443,-0.018326401,0.00089916149,0.0059817675,-0.019550566,0.0027417569,0.0028909434,0.35933233,0.24961576,0.15865474,0.46793781
275,12,15,0.91870757,274.61428,13.449897,-0.0023161642,-0.0043414189,-0.0065214113,-0.0097533952,0.064413093,-0.025987248,0.34466639,0.24503028,0.12918523,0.47817643
275,12,20,1.1272264,282.09534,13.300669,-0.0099131034,0.0035133396,-0.0007611616,-0.016094536,0.041510011,0.0031144134,0.24954749,0.18366493,0.11777728,0.36045975
275,12,25,1.2394806,287.45003,12.988391,-0.019165674,0.0043535857,0.0040546265,-0.020182285,0.042254973,-0.012545098,0.28839107,0.24764679,0.16791393,0.31550756
275,12,30,1.3581984,282.99007,13.00589,-0.01326405,0.0038647538,-0.0011136626,-0.018814099,0.047110737,-0.0036617122,0.25620592,0.21998005,0.14244359,0.31989964
275,12,35,1.2958392,289.71821,13.407365,-0.022826639,0.0023463397,0.012334196,-0.021485463,0.025467089,0.0082798926,0.3081804,0.24138216,0.17177932,0.52836335
275,12,40,1.5142559,283.60474,13.23881,-0.023177932,0.0064255748,0.015928575,-0.017898588,0.07050448,0.030259198,0.33483484,0.2868039,0.1935363,0.3865417
275,12,45,1.3372924,283.18282,12.751294,-0.02307377,0.0051937296,0.0048438949,-0.021827468,0.046223239,-0.00098607206,0.28721829,0.25607041,0.16983822,0.27814161
275,12,50,1.054178,290.06697,12.795343,-0.016246326,0.0016485404,0.0025544976,-0.022965919,0.060104414,-0.011402698,0.25929381,0.22512414,0.14604891,0.38878847
275,12,55,1.1236138,290.58544,13.780333,-0.024474471,0.0056730721,0.0055937187,-0.026033965,0.060489201,0.015965929,0.29727498,0.28410902,0.18617839,0.38464013
275,13,0,1.321406,293.55513,14.036228,-0.035077422,0.0026836707,0.0031003085,-0.030190187,0.0677261,5.7664266e-05,0.34085328,0.29092065,0.20729699,0.31997411
275,13,5,1.3687448,294.21046,14.832497,-0.043679937,0.0011803217,0.02337392,-0.031411225,0.065658942,0.010235711,0.37578709,0.29955044,0.23151981,0.37783422
275,13,10,1.1958672,297.5457,14.55551,-0.037810676,-0.0041112898,0.017679487,-0.0301618,0.053218251,-0.010494305,0.32503077,0.29551349,0.20975475,0.35374859
275,13,15,0.91005444,292.90471,15.136004,-0.010460927,0.0013392841,0.0072038381,-0.019358786,0.06587105,0.0035681832,0.27230796,0.19734207,0.12769954,0.52546382
275,13,20,1.0255,269.65489,15.870831,0.00030909566,-0.0059467764,-0.02514587,-0.016543211,0.07793285,-0.011722048,0.32907033,0.21718829,0.13910252,0.55093191
275,13,25,0.79192897,271.45815,16.967739,-0.0094846828,-0.003051928,-0.002095044,-0.023026453,0.050339825,0.015682346,0.24620503,0.20483627,0.13302022,0.51441509
275,13,30,0.70408097,317.30183,16.377109,0.00065749328,-0.010018441,-0.048127982,-0.031499507,0.02881116,0.0017230172,0.41029145,0.31628059,0.12752783,0.65181453
275,13,35,0.81382366,301.85684,16.161711,-0.011537133,-0.0065498857,-0.0039454955,-0.02110433,0.04298679,-0.0032803756,0.23081918,0.24897954,0.14398855,0.46744464
275,13,40,1.1876476,307.14932,15.529219,-0.034291993,-0.0077800286,-0.037558857,-0.035641788,0.065269722,-0.0080166023,0.37682913,0.37100147,0.23369855,0.3444672
275,13,45,0.87272778,303.28831,15.243162,-0.01711422,-0.0048607569,-0.0043725008,-0.016550825,0.041483206,-0.005740675,0.26831028,0.2812774,0.15761282,0.27932634
275,13,50,0.10041522,330.75738,16.238974,-0.0012372382,0.00025668718,0.0072070188,-0.0056813558,-0.0075605241,-0.031111128,0.10882764,0.15762357,0.063285593,0.38756551
275,13,55,0.41503485,255.60539,16.237515,-0.0031802127,-0.0024040459,0.00011001419,-0.005959701,0.00045652703,0.0057272467,0.13981091,0.10147393,0.082498009,0.2321728
275,14,0,0.37429116,310.16608,16.947946,0.0015945676,-0.0031508445,-0.016751915,-0.0017067091,-0.018788686,0.0068174358,0.23856652,0.16842199,0.071864296,0.23839864
275,14,5,0.11220021,330.64182,16.785834,-0.0020655703,0.00096995721,0.023829975,-0.0033793553,-0.015974855,-0.012852506,0.20926303,0.23580417,0.083665417,0.21830405
275,14,10,0.22702692,240.25913,17.311251,-0.0028117469,-0.0011067762,0.004774341,-0.0049298265,0.0038841014,0.015223026,0.14217658,0.11789757,0.0730464,0.25758076
275,14,15,0.56875216,324.10325,17.490071,-0.0055318582,-0.00079239244,-0.0040830253,-0.0033589512,-0.0023711096,-0.00068748961,0.18754115,0.12806498,0.092035626,0.13574431
275,14,20,0.47656176,351.552,18.266199,-0.0029905409,0.00035831209,0.0027140168,-0.00036678135,-0.0021919074,-0.0043244934,0.15172796,0.13404478,0.081098507,0.21391543
275,14,25,0.19171535,187.43892,18.816156,-0.0020309086,0.0033985878,-0.0038619221,0.0010021231,-0.0052773676,0.012809821,0.15843051,0.15512227,0.062548378,0.2649802
275,14,30,0.44771832,124.85825,18.774649,-0.00022586935,0.0018920725,-0.00011770132,0.0063010264,-0.012174476,0.0036359551,0.16591873,0.12771686,0.079868823,0.21780948
275,14,35,0.4392725,79.987547,19.318674,-0.008567464,-0.0016977363,-0.013998451,0.025055493,-0.06100386,0.031426027,0.22258269,0.18341424,0.10755652,0.55552453
275,14,40,0.92745952,113.72838,18.710815,-0.013902709,-0.0032539087,0.0079288747,0.017278835,-0.054945037,-0.0013415112,0.34251206,0.30663048,0.16829568,0.38286267
275,14,45,0.68601502,114.45967,17.917334,-0.0068998017,-0.004661306,6.1206587e-05,0.019878206,-0.029613857,0.013463152,0.2112661,0.26791895,0.12416593,0.37603943
275,14,50,0.21000937,191.84806,18.550355,-0.0092916838,0.0066196572,-0.008533035,0.014217943,0.01610284,-0.010156543,0.2722415,0.24442798,0.10987836,0.44333328
275,14,55,0.26602234,28.190346,19.019071,-0.0085260581,0.0001250477,0.00373702,0.041657611,-0.060865937,-0.015083831,0.19612056,0.13556833,0.10811482,0.73998369
275,15,0,0.6177613,62.210949,18.619103,-0.026652589,-0.011616287,-0.011122546,0.06760895,-0.15787944,-0.0063614131,0.30982369,0.27230999,0.17310165,0.80830557
275,15,5,0.28679641,78.768572,18.182284,-0.0059881787,-0.0015128094,-0.037527778,0.030984374,0.002168552,-0.00021073785,0.2887992,0.23851689,0.12448709,0.6465808
275,15,10,0.44150741,95.497214,18.892723,-0.0049868017,-0.00448929,0.0013275212,0.045911525,-0.037259365,0.033851154,0.28806822,0.20127431,0.13815432,0.7629141
275,15,15,0.76960034,65.385496,18.984412,-0.03608906,-0.014623359,-0.009052935,0.077591754,-0.17887491,0.0023987225,0.3670327,0.2964273,0.2149226,0.7350322
275,15,20,0.69367281,63.295836,18.751428,-0.028034468,-0.018097117,-0.030871567,0.070108293,-0.15871488,-0.0086562545,0.35795652,0.38018137,0.19814898,0.79267003
275,15,25,0.42918898,48.266839,18.995505,-0.023935451,-0.0026877407,0.0041638918,0.091648154,-0.13851728,-0.0081755086,0.2672207,0.21965486,0.14935922,1.0663306
275,15,30,0.74871062,87.691947,18.699219,-0.016243434,-0.0061199533,-0.024967622,0.072197477,-0.16602644,0.013016482,0.37305239,0.27653345,0.17029237,0.94869715
275,15,35,0.99187372,84.645416,18.801693,-0.01650975,-0.012127809,-0.074724885,0.055456974,-0.17868329,0.043233923,0.48215092,0.3245089,0.19234989,0.7534051
275,15,40,1.016328,87.57592,18.712507,-0.022744946,-0.0057931625,-0.05435048,0.069306864,-0.27182002,0.055127153,0.48197292,0.28123345,0.19974306,0.89721847
275,15,45,0.5316613,87.219348,18.44513,-0.014889759,-0.0038660999,-0.03081387,0.091249007,-0.21945753,0.032256796,0.41942936,0.21101093,0.1425166,1.130191
275,15,50,0.37291938,50.960953,18.780622,-0.0066214786,-0.0029613092,-0.019510598,0.077350779,-0.031980747,-0.040958244,0.19960213,0.32571255,0.12971387,1.1574667
275,15,55,0.76212338,99.245701,19.177642,-0.025054032,-0.0057830594,-0.0070875845,0.087628771,-0.11033099,0.0067207953,0.48589345,0.289751,0.17443347,1.0178987
275,16,0,0.6890851,95.206158,19.515319,-0.019367751,-0.0060854573,-0.021952926,0.083885925,-0.19018553,0.047014337,0.43399674,0.33522903,0.15449737,1.1339131
275,16,5,0.75199056,101.08192,19.686063,-0.012456124,-0.0069690444,-0.013225303,0.083260884,-0.11069419,-0.0019521621,0.39974654,0.29634488,0.16825586,1.0546039
275,16,10,0.7376858,127.54597,19.897307,-0.012434754,0.0073873874,-0.012379182,0.070422391,-0.012849386,0.029152048,0.4464413,0.34339511,0.1741555,1.1347103
275,16,15,1.037499,119.16754,19.53012,-0.011532221,0.001015761,-0.010086289,0.073575812,0.0072186728,0.054099873,0.43223656,0.34982165,0.18217389,0.96377141
275,16,20,1.0634783,109.10051,20.220759,-0.017856268,-0.0056521311,-0.069715822,0.10916904,-0.077486592,-0.048406631,0.46838707,0.41823751,0.20812924,1.1488772
275,16,25,0.69157306,123.37101,19.826243,-0.0075009075,0.0030824969,-0.069065418,0.10329473,-0.04289936,-0.043075982,0.53988668,0.39042152,0.16631525,1.1357691
275,16,30,0.96060901,119.58778,20.26153,-0.019108671,-0.0019197959,0.011734479,0.10124773,-0.13506589,0.030557463,0.59944,0.44315178,0.2068777,1.0213566
275,16,35,0.80150046,104.25048,20.500758,-0.0029750381,-6.6165438e-05,0.0016276941,0.092403795,-0.01219218,0.00716722,0.58102776,0.38594234,0.18380022,1.1581316
275,16,40,0.99486523,113.03906,20.53544,-0.0076422507,-0.00015222121,0.011890503,0.090001843,-0.0014558977,0.092717369,0.36816203,0.39462011,0.18796108,1.1931503
275,16,45,0.54485609,114.81424,20.568039,-0.0041216016,-0.002410262,0.0098023568,0.096561124,-0.0096811476,0.0043245075,0.42015994,0.36650309,0.1554826,1.1504883
275,16,50,1.0060721,106.98638,20.800689,-0.020194694,-0.012024816,-0.033172497,0.099773642,-0.21568771,0.12816963,0.46376271,0.5041816,0.20306994,1.1985819
275,16,55,1.0730276,113.31255,21.184034,-0.017337704,-0.007757143,0.028019649,0.1245389,-0.12332971,0.040775741,0.57001134,0.43043731,0.22472636,1.2752066
275,17,0,0.99742248,140.08631,20.914361,-0.001379672,0.012659906,-0.034638373,0.12760492,0.055491635,-0.0054368546,0.48775524,0.35113791,0.19001661,1.3158137
275,17,5,0.92210406,153.21286,21.822408,-0.023799079,0.018162133,0.038881146,0.10865239,-0.10056914,0.042581435,0.48557685,0.3498234,0.20124821,1.1862762
275,17,10,0.41513675,178.30871,22.383461,-0.010647054,0.020154459,0.091031917,0.11018692,0.081612318,0.17044535,0.39337725,0.5623455,0.21347984,1.338929
275,17,15,0.72317846,120.89922,21.243384,-0.0011634821,0.0016072856,-0.029082963,0.11187296,0.013643146,-0.047097331,0.53347456,0.38669477,0.1770244,1.1067659
275,17,20,0.29613594,124.25647,22.245052,-0.00050420181,0.0010885591,-0.13455068,0.093706422,-0.19626512,-0.040892792,0.54299031,0.44414134,0.17916583,1.3042673
275,17,25,0.80831797,142.90709,22.708752,0.0051119295,0.011806213,0.13750542,0.11147449,-0.051044504,-0.02802753,0.57718896,0.4549351,0.20003608,1.2345938
275,17,30,1.1067072,128.08221,23.227473,-0.02653577,0.014489374,0.077336424,0.14099106,-0.14056446,0.02763746,0.61728963,0.57920294,0.25023134,1.1862384
275,17,35,1.344332,127.6691,23.245587,-0.035576637,0.015917406,-0.054907728,0.14211943,-0.20367704,0.043627413,0.54910219,0.47630939,0.24554892,1.34444
275,17,40,1.2411907,122.71799,23.005036,-0.025235671,0.0031331376,0.076904989,0.11852771,0.059546979,0.12830859,0.62243941,0.54927601,0.2453422,1.3784462
275,17,45,1.2223606,102.19288,23.589124,-0.03463174,-0.0067101732,-0.0724759,0.133769,-0.35305524,0.10996988,0.60966075,0.65881293,0.25303079,1.3542199
275,17,50,0.76246286,83.502061,23.571069,-0.016829237,-0.015170032,-0.1026862,0.13024579,-0.13247955,-0.13998559,0.47050577,0.49553186,0.21185922,1.4189647
275,17,55,1.0117776,159.98606,23.811886,-0.027788878,0.032086735,0.12639024,0.15054314,-0.11018986,0.18358531,0.58186527,0.64499168,0.24050878,1.2878785
275,18,0,1.1794043,141.80492,23.189975,-0.021512996,0.01159535,0.060718457,0.14459354,-0.24141649,-0.051173944,0.58266853,0.51978484,0.23719173,1.3506006
275,18,5,0.84895634,129.53597,24.057536,-0.022254398,0.010382298,0.081664978,0.14094693,-0.13884216,0.11734301,0.56036104,0.53072715,0.22981877,1.4366173
275,18,10,1.249636,142.30871,25.085802,-0.022446894,0.019985396,0.017018488,0.12441549,-0.33042391,-0.080863103,0.52721356,0.41124437,0.24229496,1.3786381
275,18,15,1.0281203,144.04455,23.897357,0.0096848197,0.03408333,0.20531844,0.15734965,0.2125747,0.13099379,0.8156965,0.5740955,0.23399926,1.5433125
275,18,20,1.3819925,136.55397,24.54419,-0.039312885,0.024822247,0.0012322239,0.1760658,-0.22629265,0.075584596,0.65355087,0.53786766,0.27043805,1.4286044
275,18,25,0.8115724,141.83754,24.652913,-0.023227278,0.004870733,0.016984429,0.1665609,-0.063936101,0.033585727,0.58408982,0.33141081,0.21422848,1.5504844
275,18,30,1.256996,138.66435,24.24663,-0.009658834,0.018675992,-0.021873748,0.12704088,0.019032539,0.050325824,0.51607679,0.49723404,0.22658169,1.3418222
275,18,35,1.1597825,136.35916,24.500987,-0.026414738,0.016816662,0.040044348,0.18239846,-0.20248158,0.007200716,0.47825649,0.43297003,0.24090828,1.4966324
275,18,40,0.73649337,138.28462,25.008626,0.012990906,0.015290085,0.04465074,0.15764553,0.1012584,-0.18945105,0.55795411,0.5051661,0.21305319,1.6184637
275,18,45,1.388124,145.6176,25.472722,-0.033770513,0.030041229,0.05847564,0.17043615,-0.25625297,0.043432573,0.51481143,0.4599472,0.26278439,1.3442986
275,18,50,0.70242595,108.12889,24.907708,-0.0046632957,-0.0022746007,0.00020029505,0.12789089,0.0017298163,-0.088886088,0.34724104,0.34506054,0.16778897,1.4420876
275,18,55,1.6243879,127.38724,25.537749,-0.060122512,0.0063898748,-0.0032450973,0.14787855,-0.23097442,0.067223786,0.72367853,0.52683379,0.28132799,1.395013
275,19,0,1.3002187,116.52488,25.288534,-0.030759834,0.0084397504,-0.04407133,0.15380282,-0.097029093,0.039593422,0.58899293,0.48995043,0.24736206,1.3237878
275,19,5,0.82446003,114.90932,25.449356,-0.020203816,-0.0062163255,0.023483162,0.17433201,-0.15974759,-0.023543783,0.50314188,0.44575332,0.20273905,1.5624926
275,19,10,1.0827845,135.0559,26.098955,-0.020738561,0.034093673,-0.0046739831,0.14552923,-0.11862346,-0.22163934,0.81418379,0.76403143,0.26232916,1.4780782
275,19,15,1.0569018,126.61652,26.58494,-0.025429963,-0.0035934486,0.098138514,0.16076666,-0.040425718,-0.08460724,0.65642739,0.48191013,0.23666323,1.4836548
275,19,20,1.4729822,109.96843,26.096397,-0.03208832,-0.015426308,-0.016431297,0.15495448,-0.19280826,-0.040145451,0.60128112,0.64741326,0.28043492,1.334342
275,19,25,0.94539634,74.896932,26.416799,-0.047404419,-0.0055593924,-0.091166454,0.18283204,-0.29847765,0.068027431,0.53612536,0.50371651,0.24572296,1.4471495
275,19,30,0.92510779,42.715291,26.190193,-0.053229385,-0.015946977,-0.059795032,0.16219022,-0.14387417,-0.046297808,0.4582289,0.66171536,0.26992513,1.314859
275,19,35,1.4136844,95.601261,27.343194,-0.066118273,-0.031211103,0.041716157,0.1303403,-0.23601938,-0.040610407,0.90949476,0.51204251,0.3045002,1.3215007
275,19,40,1.1170322,67.394922,26.943288,-0.044615427,-0.053312693,-0.2264751,0.20494496,-0.20540998,-0.4509945,0.67020061,0.82887121,0.28532721,1.5088336
275,19,45,1.920462,107.74046,26.69786,-0.065257446,-0.023071356,-0.02284094,0.2035971,-0.19519693,-0.12434373,0.66394285,0.65731447,0.34544241,1.3539583
275,19,50,1.536629,135.55563,26.427551,-0.034568496,0.012933868,0.021243097,0.17530884,-0.1890771,0.038584706,0.56984626,0.45189237,0.25894316,1.4669255
275,19,55,0.97281379,130.52492,26.296656,-0.015490506,0.014250915,0.021973719,0.15481692,-0.053107301,0.046534414,0.58524967,0.42572452,0.2205992,1.4912844
275,20,0,0.69448166,185.30057,26.486189,-0.0341979,0.0040458776,0.084170672,0.13773484,-0.037883552,0.06655668,0.70473927,0.45781968,0.23753434,1.3404187
275,20,5,0.90364644,149.21271,26.474564,-0.012607636,0.015462281,0.055120739,0.13881797,-0.047949977,-0.04339121,0.54644145,0.47430861,0.2192178,1.3156033
275,20,10,1.2990278,137.13226,26.729027,-0.036006693,0.026947528,-0.041823975,0.1455072,-0.24760175,0.093352554,0.68125978,0.5103427,0.24414483,1.4446077
275,20,15,1.4079941,137.17067,26.944601,-0.022921078,0.021087247,0.059415405,0.17331558,-0.039787364,0.066080915,0.62753172,0.50710625,0.26903778,1.5014934
275,20,20,1.6172144,120.02834,26.935875,-0.039957596,0.0050805226,0.062803316,0.15972015,-0.10529409,-0.17091039,0.66419076,0.73656234,0.30630686,1.3317075
275,20,25,0.94607806,110.76965,26.773291,-0.025061851,0.00014119052,-0.13633897,0.16983423,-0.12295426,-0.093228837,0.54243486,0.55940118,0.22446906,1.4531137
275,20,30,0.72689401,199.67034,27.143634,-0.010668804,0.010931484,0.017147514,0.10975171,-0.10814062,0.01346193,0.45397202,0.33159792,0.1848851,1.2928687
275,20,35,0.50547172,261.01959,26.378196,-0.012417048,-0.0048890239,0.053039591,0.088626677,-0.053868258,0.11590666,0.38249668,0.43213495,0.18904152,1.1009026
275,20,40,0.57779166,39.149786,27.539568,-0.041574275,-0.027005906,0.052273711,0.1184454,-0.11422594,-0.11860358,0.47075355,0.61819809,0.24511635,1.3350561
275,20,45,1.2954552,54.252262,27.354254,-0.11522372,-0.043511582,0.038659693,0.18512591,-0.44033759,-0.040036346,0.65876381,0.61997855,0.33937888,1.1998417
275,20,50,1.0777769,56.06833,28.012304,-0.09058444,-0.02001045,-0.071175764,0.14782093,-0.36617318,0.024464439,0.58749055,0.60326442,0.32646953,1.1236887
275,20,55,1.1293821,36.887338,27.572771,-0.096185481,-0.0046177792,0.029964738,0.16352014,-0.38717328,-0.047287509,0.58920232,0.47242205,0.30668597,1.119631
275,21,0,1.0022475,35.201223,27.417531,-0.071075021,-0.025015014,0.078957082,0.15314175,-0.2551123,-0.19749347,0.52200705,0.65828073,0.30085385,1.0795553
275,21,5,1.0574009,53.965683,27.725089,-0.079477205,-0.039191511,-0.031558948,0.14106071,-0.2606603,-0.07816601,0.55995609,0.74167272,0.30742533,1.1350729
275,21,10,0.78541987,57.241206,27.852427,-0.058337571,-0.016132453,0.010312783,0.11478955,-0.14102504,-0.026655382,0.54645426,0.44984987,0.27018352,1.1081859
275,21,15,1.305895,83.51722,27.812194,-0.053019536,-0.027877006,-0.12232911,0.10687183,-0.269462,0.070162739,0.68542588,0.53238333,0.28791151,0.98833439
275,21,20,1.4722684,90.770357,27.601939,-0.03464949,-0.026099428,-0.015234051,0.13214368,-0.20224299,-0.030458681,0.65005074,0.48030908,0.29740561,1.1426313
275,21,25,0.99759678,70.111928,28.436181,-0.055632456,-0.028127387,-0.054786384,0.10640542,-0.2432376,-0.025900199,0.53009173,0.5108908,0.2704631,1.0455687
275,21,30,1.1989249,86.602011,27.715326,-0.024945248,-0.0255426,-0.09842872,0.12530732,-0.2568523,-0.0078836253,0.60603096,0.44494104,0.25074886,1.1072086
275,21,35,0.85192976,105.65249,27.479426,-0.011882069,-0.010393374,-0.026322417,0.10191425,-0.032085237,0.05603523,0.41445261,0.50991174,0.20157545,1.1481402
275,21,40,0.92166766,39.624593,27.331806,-0.04636908,-0.012391167,-0.014296681,0.12696811,-0.10408889,-0.26538195,0.47827315,0.62299919,0.25670622,1.1740517
275,21,45,0.98668812,56.635896,27.613917,-0.063645736,-0.01458102,-0.045756338,0.13541377,-0.22714632,-0.0033256393,0.52785868,0.60886279,0.2936181,1.0920702
275,21,50,1.2165818,51.701545,27.637358,-0.11218119,-0.043396497,0.060661273,0.1373439,-0.27625191,-0.057853334,0.62074064,0.63494625,0.34012133,0.93909091
275,21,55,1.9931968,90.718946,27.812713,-0.081742838,-0.019534259,-0.10197777,0.11193709,-0.35794977,-0.046517858,0.90561761,0.54184432,0.35801118,0.88211371
275,22,0,1.4014444,86.519078,27.814396,-0.078603681,-0.029939102,-0.0082991688,0.10753558,-0.22562567,-0.0010942785,0.64345339,0.54606161,0.32288933,0.85789961
275,22,5,1.17267,31.905343,27.333511,-0.061484784,-0.00304272,0.08540719,0.10729662,-0.19775787,-0.07919022,0.53994281,0.752222,0.30786367,0.86701646
275,22,10,1.3027779,60.885401,27.543957,-0.10115064,-0.073894981,-0.042693593,0.12322976,-0.24207422,-0.16479212,0.71243615,0.85448975,0.34534829,0.81147026
275,22,15,1.6389141,78.605293,27.475449,-0.076809329,-0.036145725,-0.17641925,0.085987166,-0.18802101,0.0091263522,0.78237668,0.57319658,0.35776128,0.69272457
275,22,20,1.5086371,64.581097,27.644771,-0.093059063,-0.06186151,-0.12453728,0.089897583,-0.24960904,0.023244357,0.72443987,0.76144633,0.35471142,0.68775999
275,22,25,1.1231399,64.728512,27.710308,-0.067654961,-0.028471873,-0.076228742,0.087227819,-0.22528727,-0.0069191414,0.54013997,0.51064712,0.28637637,0.77953109
275,22,30,1.287109,88.009467,27.406027,-0.039505034,-0.010915192,-0.096626341,0.076646484,-0.17846177,-0.0046231451,0.78055394,0.36730446,0.23027435,0.83571846
275,22,35,1.1566946,78.801397,27.33186,-0.046599108,-0.042058438,-0.055898271,0.077940557,-0.17832122,-0.003467733,0.6188656,0.54218923,0.27916424,0.6954413
275,22,40,1.0909428,57.492416,27.54819,-0.075412829,-0.021012375,-0.0032276889,0.077679719,-0.17170943,-0.013562141,0.5408235,0.46501318,0.29192476,0.6011977
275,22,45,0.73546498,43.521858,27.290644,-0.034210543,-0.015785973,0.03473171,0.072389603,-0.10565274,-0.062790319,0.40362515,0.56497374,0.22248449,0.81610528
275,22,50,1.0696123,34.782994,27.176154,-0.080962705,-0.011351285,0.050448384,0.086872968,-0.21168529,-0.030035065,0.5741365,0.46091931,0.28386488,0.6408261
275,22,55,1.0331467,34.760998,27.077441,-0.066839178,-0.012827393,0.038008397,0.074675674,-0.183406,-0.016113201,0.52365917,0.56784188,0.27956536,0.66243176
275,23,0,0.8873724,38.539727,27.040941,-0.056176219,-0.012645635,0.10310258,0.068363197,-0.11969658,-0.027725594,0.52164346,0.55104883,0.25366517,0.66275145
275,23,5,1.0383119,39.6848,27.209931,-0.079327835,-0.0093777714,0.025109629,0.07169164,-0.16836607,-0.025547542,0.53451802,0.43296631,0.28406514,0.5410758
275,23,10,1.1343923,47.978991,27.063208,-0.095509397,-0.016975151,0.038658246,0.071883349,-0.17214502,0.0074078632,0.57155403,0.48994249,0.31883958,0.5008939
275,23,15,0.95185836,48.177784,26.945021,-0.070239452,-0.013733231,0.0078303935,0.059841465,-0.14579752,-0.016207029,0.50043533,0.4518546,0.26986847,0.49419477
275,23,20,0.93030157,32.147699,26.928014,-0.054804981,-0.0073744513,0.052813936,0.067035769,-0.12656565,-0.048472127,0.48174599,0.47366924,0.27311754,0.51069587
275,23,25,NaN,NaN,NaN,NaN,NaN,NaN,NaN,NaN,NaN,NaN,NaN,NaN,NaN
275,23,30,1.1916646,28.395613,26.449193,-0.07620626,0.00099131456,0.043320051,0.05017121,-0.14013997,-0.012982109,0.5762585,0.4818096,0.28851484,0.37528416
275,23,35,1.0319493,16.006731,26.243349,-0.032368942,0.018813267,0.057824994,0.039142295,-0.098576495,-0.0079328358,0.45323188,0.42844523,0.23098672,0.40514583
275,23,40,0.90852988,39.921196,26.229278,-0.058563168,-0.005075841,0.024490758,0.045508381,-0.1004643,-0.012968734,0.48462161,0.38353139,0.24773542,0.3704824
275,23,45,0.7757539,36.275615,26.11536,-0.058272447,-0.006663629,0.020531218,0.048284136,-0.10638298,-0.018174247,0.4203996,0.31263753,0.24357021,0.37669109
275,23,50,0.8207009,50.069005,25.917236,-0.047725627,-0.0067117131,0.0068329007,0.02563559,-0.076508008,0.0028580576,0.46725325,0.3427811,0.20984196,0.27713641
275,23,55,0.73897322,64.320123,25.445407,-0.027721519,-0.019566089,-0.042152439,0.011619039,-0.02797496,0.010082273,0.39783464,0.4401666,0.19079201,0.21214196
276,0,0,0.82468586,48.275211,24.914472,-0.057956217,-0.0083450857,0.014356363,-0.0062164638,0.012817297,0.0022442509,0.45756498,0.35205077,0.23720089,0.085150669
276,0,5,0.71422659,43.140508,24.714368,-0.040810986,-0.0057252082,0.011077147,-0.0095567809,0.023163187,0.006870562,0.38170922,0.30138986,0.20516941,0.1247375
276,0,10,0.72495237,65.104574,24.534618,-0.026102424,-0.011742317,-0.016587698,-0.010122292,0.035320095,-0.0025882901,0.36932304,0.28641716,0.1871823,0.14905334
276,0,15,0.51552517,57.241679,24.382559,-0.016313351,-0.0025986237,-0.0070521108,-0.008454716,0.025948388,-0.0013973134,0.29759113,0.28748199,0.15670561,0.17130593
276,0,20,0.48216001,59.210231,24.23394,-0.011711171,-0.005091283,-0.017982408,-0.010963078,0.029732818,0.00083752276,0.26015343,0.23226758,0.14471844,0.25120342
276,0,25,0.40036095,81.219199,24.176028,-0.0062967863,-0.0066811169,-0.00077467844,-0.0094769066,0.020228006,-0.0011837716,0.20105481,0.17393918,0.11888617,0.22373565
276,0,30,0.31604569,159.42397,23.661492,-0.00094267915,0.0020013753,0.0070713162,-0.0047405679,0.0079025742,0.010138944,0.12378682,0.16909906,0.066019652,0.281055
276,0,35,0.15040856,133.43583,22.936421,-0.0016706616,-0.00029498286,0.0028091386,-0.0030780444,0.0082532165,-0.0080140598,0.12916244,0.10367252,0.0525309,0.24224738
276,0,40,0.08303662,1.5736325,22.41994,0.0012394474,5.4970454e-05,0.0095952663,-0.0012048317,0.024626069,0.0038314984,0.14944863,0.12706691,0.067044406,0.60734852
276,0,45,0.46642341,318.66235,22.672324,-0.0018348833,-0.0019419109,-0.0081015962,-0.0010925813,0.03119818,-0.038425504,0.18815487,0.18732333,0.088504947,0.52921378
276,0,50,0.58331489,272.57311,21.95989,-0.00063426636,-0.0042474951,-0.0083516434,-0.0050566488,0.028780251,-0.00031701889,0.24409126,0.2351633,0.097629439,0.3532509
276,0,55,0.96196572,284.62616,21.666203,-0.010555972,0.0050596874,0.0084055095,-0.0097317786,0.024880856,0.01607867,0.2574466,0.21451339,0.12806764,0.28719311
276,1,0,0.44344104,278.17193,21.15891,-0.0053630978,0.0013129049,-0.022461659,-0.0093699663,-0.0020085818,0.035581127,0.23650734,0.29284832,0.11198487,0.37278559
276,1,5,0.48960982,291.87416,21.645698,-0.0025841804,-0.001781991,0.036235936,-0.0079372211,0.066543316,0.028937843,0.30923934,0.24483246,0.096942386,0.52213548
276,1,10,0.94499297,298.6216,21.184655,-0.018320485,-7.3236398e-05,0.011038694,-0.016959018,0.04296063,0.037035367,0.30309844,0.30816688,0.15336504,0.41106898
276,1,15,0.80602369,297.83909,21.020092,-0.011059657,0.0025991345,0.0027101661,-0.015228483,0.032432364,-0.0024141617,0.21071958,0.19754336,0.1231218,0.38837747
276,1,20,1.0734828,293.89616,20.487465,-0.020703032,0.00081526989,-0.0018402955,-0.017548982,0.033912163,-0.0089450273,0.25726612,0.25173227,0.16878809,0.28767071
276,1,25,1.0944389,280.82642,20.238475,-0.010256838,0.0036503482,-0.0011123247,-0.011575655,0.028902377,0.00058453789,0.21609953,0.18175323,0.12000785,0.28744666
276,1,30,1.2384658,293.19143,20.292974,-0.031551251,-0.0026314512,0.019850405,-0.013171037,0.027018453,-0.030031219,0.31888452,0.31104707,0.20615014,0.34067914
276,1,35,1.3960329,287.60153,20.4237,-0.018455721,0.0049684979,0.0035162074,-0.01728165,0.042834174,-0.0040028063,0.28725673,0.24740792,0.17409869,0.27743396
276,1,40,1.3063264,293.16451,20.020817,-0.027110704,0.0031369194,0.01178553,-0.016938805,0.034262738,0.00049215242,0.315002,0.28318639,0.20452141,0.26725104
276,1,45,1.1183944,293.54627,19.561114,-0.025336661,-0.0018205892,0.018736757,-0.016802491,0.034566654,0.0052989056,0.30248747,0.25288334,0.18710283,0.23664655
276,1,50,1.1693258,291.40852,19.770683,-0.029230161,0.0048983854,-0.0029473269,-0.02013489,0.039666766,-0.0038634411,0.31978149,0.27814128,0.19183621,0.31031734
276,1,55,1.2614768,284.62162,20.235031,-0.019331685,0.0098984039,-0.0063248312,-0.019616868,0.043842682,-0.008368122,0.27185654,0.24731418,0.17049993,0.28418222
276,2,0,1.352969,296.03653,20.247588,-0.041310832,0.00078253765,0.02170233,-0.030071741,0.072147015,0.0081191631,0.38307938,0.32180778,0.24286151,0.31434926
276,2,5,1.3737356,294.92004,20.12381,-0.047855212,0.0012471763,0.024592131,-0.03302296,0.078050307,0.0096972755,0.39333482,0.30815397,0.25076176,0.30546071
276,2,10,1.2861897,296.76549,19.637882,-0.036432212,-0.0023557418,0.025654129,-0.022165401,0.042589882,0.0087701321,0.34474516,0.30418824,0.22795136,0.24656953
276,2,15,1.3012829,302.00304,19.602449,-0.05202256,-0.0029277149,-0.0091006427,-0.035921851,0.058375584,-0.0021871095,0.36590763,0.33602402,0.26434307,0.25516909
276,2,20,1.5469223,289.10035,20.270316,-0.029259715,0.0052609049,0.013786594,-0.023841048,0.058803809,0.010416705,0.34438521,0.2833092,0.20545495,0.30272706
276,2,25,1.419978,283.47997,20.15094,-0.01667022,0.0062078078,0.0026570259,-0.018573334,0.046795593,-0.0036055861,0.28615538,0.26009351,0.17181318,0.30798007
276,2,30,1.2874633,282.89535,19.62181,-0.016560431,0.0057926989,-0.0025367746,-0.017490489,0.044140371,-0.0091209682,0.28017364,0.23285628,0.156271,0.2894515
276,2,35,1.2592891,290.65343,19.80979,-0.033703062,-0.0018248178,0.0088454389,-0.031382399,0.065875678,0.011918625,0.32831429,0.29579714,0.20523896,0.38081298
276,2,40,1.3492834,314.6845,20.392087,-0.016372329,-0.015813033,-0.042233673,-0.025497795,0.10537909,-0.044767852,0.34645279,0.33423612,0.1936215,0.56792977
276,2,45,1.2368001,291.67196,19.288243,-0.014456141,0.005723557,0.0050121934,-0.01321017,0.042078279,0.0024556893,0.27662782,0.22190655,0.15958016,0.2903217
276,2,50,1.3609821,280.45283,19.073022,-0.013052592,0.0044601025,0.0081466698,-0.016933475,0.040423395,0.0015025294,0.25642994,0.22636947,0.14966717,0.30884625
276,2,55,1.2921054,293.85198,19.534481,-0.035217205,-0.001046442,0.020175759,-0.026282558,0.065927062,0.0091187528,0.35048876,0.27643893,0.21586409,0.40209659
276,3,0,1.1205511,292.66405,19.985439,-0.027354144,0.0025928428,0.011547363,-0.031885942,0.067656223,0.0024661859,0.32329538,0.27524155,0.1945292,0.40703764
276,3,5,1.2788916,282.68193,19.617411,-0.013362291,0.003607107,-0.0044668327,-0.019902331,0.058093076,0.0034061212,0.30059884,0.22019723,0.14530755,0.53127028
276,3,10,1.1390133,283.68574,18.581138,-0.02040222,0.0068825849,-0.0067517539,-0.019684736,0.043000724,-0.0039243518,0.30722992,0.27559094,0.16650726,0.28329292
276,3,15,1.2778584,292.00287,18.707603,-0.023644331,0.0039061773,0.0107042,-0.021380923,0.056086221,0.0078919687,0.30795691,0.26044197,0.19139107,0.31537264
276,3,20,1.3444794,292.00067,18.373679,-0.024884102,0.0001391816,0.021958569,-0.016516348,0.078810053,0.023361185,0.33551638,0.26902824,0.18932925,0.39982108
276,3,25,1.5771019,289.90254,18.602284,-0.030348542,0.0066136002,0.011795047,-0.02269124,0.059963677,0.0021407991,0.36496509,0.28570046,0.20217388,0.35619866
276,3,30,1.273984,297.39039,18.482776,-0.036306055,-0.0023719217,0.0079146401,-0.023823598,0.051676951,0.0099929863,0.33484027,0.30319002,0.22208097,0.36698966
276,3,35,1.2164584,295.00155,18.734229,-0.027592137,0.0028225558,0.020348734,-0.018345703,0.032952998,0.00081948008,0.30956653,0.27135329,0.21202005,0.27549405
276,3,40,1.199113,290.34233,18.510225,-0.017925557,0.0049481285,0.0053113793,-0.020126502,0.042633144,-0.0068237673,0.27489955,0.22588831,0.15820477,0.3141324
276,3,45,1.1688554,282.33638,18.523791,-0.017655297,0.0052990665,-0.0094006133,-0.022369579,0.062577477,-0.010957431,0.27949822,0.20901071,0.1387947,0.36091321
276,3,50,1.3783084,292.71255,18.349927,-0.035963844,0.0043061947,0.013127884,-0.018228983,0.041448213,-0.00085798767,0.35161246,0.29461232,0.22446564,0.37335401
276,3,55,1.1588468,297.50733,18.795672,-0.029391896,-0.0014272324,0.021284638,-0.028516647,0.08607285,0.013210448,0.33658221,0.27329473,0.19280856,0.4109426
276,4,0,1.2631878,296.22205,18.714136,-0.040588711,0.0024858199,0.021145816,-0.032715238,0.068549895,0.014079318,0.36472147,0.30420427,0.23074275,0.34910021
276,4,5,1.2210209,297.31645,18.164343,-0.029611337,-0.0017957449,0.017690838,-0.021809522,0.055088552,0.0031950652,0.34157769,0.28068091,0.19369253,0.29563975
276,4,10,1.4873155,295.52844,18.250744,-0.036239252,0.0019813119,0.014692051,-0.026200021,0.071305769,-0.016959298,0.3803277,0.34119583,0.22448241,0.43221724
276,4,15,1.2927845,304.14651,18.406014,-0.045185583,-0.0054624445,-0.0050804232,-0.032628348,0.083778645,0.0035376578,0.37197284,0.34627062,0.25041589,0.41253739
276,4,20,1.2519076,302.41296,18.450159,-0.042768195,-0.0044544797,-0.0031212528,-0.033834617,0.051970245,-0.0085693945,0.35424236,0.3399919,0.25395086,0.33355347
276,4,25,1.3463481,304.07215,18.757353,-0.048338553,-0.012345313,-0.020726695,-0.038106416,0.072540781,-0.0065853469,0.38989219,0.36553452,0.27656611,0.35794472
276,4,30,1.6848689,292.43454,19.238676,-0.055207522,-0.00020673369,0.03690677,-0.036842055,0.095318657,0.030108738,0.45355915,0.40673941,0.26759675,0.36687421
276,4,35,1.5495554,299.26413,19.059503,-0.068591927,-0.0056745953,0.022459694,-0.04049875,0.068681724,0.012492226,0.41527475,0.40871541,0.32301912,0.30633087
276,4,40,1.5060312,307.37225,18.546162,-0.062714952,-0.011978667,-0.037583584,-0.043891873,0.071901602,0.0030621483,0.43126441,0.38743161,0.29649022,0.3309284
276,4,45,1.5320277,301.45302,18.891532,-0.045238064,-0.01588581,0.0041477014,-0.038216801,0.084005635,0.0044458361,0.39326055,0.43969442,0.26578777,0.34477668
276,4,50,1.5032665,287.26814,19.608279,-0.034529204,-0.00084609033,0.011587741,-0.03425513,0.063388275,0.072181188,0.36447246,0.33938072,0.22372583,0.73406007
276,4,55,1.1492779,290.72445,19.457907,-0.028602953,-0.0014550699,0.027890553,-0.034076811,0.098864823,0.12227726,0.34036043,0.29275,0.18932191,0.86868673
276,5,0,1.2571601,285.69333,20.314838,-0.021253353,-0.0018561135,0.033162246,-0.040594317,0.15518738,0.13555183,0.34026751,0.33770746,0.18509364,0.76465772
276,5,5,1.3994795,295.80554,19.495635,-0.044045498,-0.0060655837,0.035602502,-0.029446922,0.064321696,0.024439839,0.38938193,0.34099864,0.2268728,0.36258749
276,5,10,1.2450582,286.34111,20.216868,-0.02063565,0.001702671,0.024525364,-0.02503263,0.096131246,0.1765757,0.3083644,0.34808804,0.18873704,0.98544219
276,5,15,0.91430345,285.43768,20.458431,-0.010872067,-0.01184676,0.084816607,-0.040080659,0.16840559,0.26403759,0.41835176,0.43742168,0.20312448,0.9791979
276,5,20,1.0212184,260.7082,21.861681,-0.019704366,-0.01844648,0.0054982074,-0.036530802,0.068121667,0.058351116,0.38520369,0.32382319,0.21471326,0.47230623
276,5,25,0.82439465,271.66382,21.293394,-0.015301688,-0.011690734,0.012682107,-0.041161295,0.089011584,0.098005568,0.31846366,0.32365889,0.18721225,0.62910404
276,5,30,0.99876022,277.126,20.983422,-0.01395176,-0.0075057841,0.045958907,-0.03116086,0.1822539,0.15931999,0.34421743,0.33077724,0.18323962,0.83949951
276,5,35,1.0233818,270.0909,21.369846,-0.016500826,-0.012795855,0.019491386,-0.035828403,0.10644927,0.071504832,0.33445058,0.29008568,0.19782738,0.56349971
276,5,40,1.0346373,269.70888,21.497735,-0.016395994,-0.015127454,0.02919178,-0.045350048,0.14134879,0.084480356,0.3732052,0.29696213,0.20271005,0.65008047
276,5,45,1.1397239,266.71264,21.464126,-0.024510558,-0.016044401,0.0098484437,-0.041884939,0.084841631,0.044984289,0.38241689,0.29045802,0.21131097,0.46312171
276,5,50,1.0874018,283.22867,20.439559,-0.019645237,-0.0055311825,0.01598897,-0.03555901,0.070212461,0.034511267,0.28966674,0.2457701,0.18614656,0.48451881
276,5,55,1.2831439,277.36582,20.587852,-0.018432455,-0.0072500521,0.036731957,-0.030747104,0.17795935,0.14240447,0.35155112,0.3427485,0.20699335,0.84495669
276,6,0,1.2459518,270.37413,21.274239,-0.01688394,-0.0087763387,0.012282904,-0.033939651,0.077988898,0.035753937,0.30196754,0.25619428,0.19270446,0.48002145
276,6,5,1.1526584,269.63969,21.435109,-0.016425722,-0.0093340555,0.0027079976,-0.036717309,0.075647203,0.036690029,0.31127369,0.25834476,0.18675669,0.49486851
276,6,10,1.0605974,272.31292,21.267994,-0.019582154,-0.0064124226,0.0025987536,-0.041854849,0.086699416,0.053974972,0.30114832,0.26663469,0.17744738,0.63726361
276,6,15,1.0310134,270.13806,21.064612,-0.010193957,-0.0076582784,-0.0064761342,-0.032918998,0.059873071,0.11662037,0.29148828,0.28835609,0.16097451,0.78897677
276,6,20,0.97979467,266.5145,21.546862,-0.016872102,-0.014902264,-0.0057142586,-0.035238071,0.05935463,0.030379495,0.32459314,0.29200121,0.18830576,0.49898257
276,6,25,0.92301673,292.12213,20.299357,-0.0181983,-0.0098763872,0.0062520527,-0.037394402,0.047392669,0.079119441,0.29829439,0.31063225,0.16996447,0.76260607
276,6,30,1.0134011,303.36816,19.099296,-0.01947733,-0.001116844,-0.0087472478,-0.030139183,0.05821109,0.01377176,0.27366863,0.26297756,0.16534532,0.43721029
276,6,35,1.1168228,301.16006,19.147098,-0.027264649,-0.0032723724,-0.0093005075,-0.030457422,0.059385397,-0.0067541791,0.29614728,0.30840182,0.19928327,0.41239607
276,6,40,1.1427575,307.4148,19.181358,-0.0250474,-0.0095580908,-0.010513488,-0.038105132,0.061589477,0.0066471981,0.29997003,0.29813112,0.19415833,0.47490453
276,6,45,1.1347914,301.66986,19.529058,-0.034727679,0.00034052661,-0.00025021051,-0.045982389,0.078931275,-0.048453963,0.31308966,0.29157238,0.21130804,0.70162023
276,6,50,1.2583234,301.59358,19.519322,-0.043178249,-0.0012880526,0.0039103635,-0.041610332,0.07039519,-0.0077698462,0.36606024,0.33427452,0.24425654,0.40516256
276,6,55,1.2439835,309.68819,19.206088,-0.033866196,-0.0049982946,-0.033230811,-0.037708886,0.082222115,-0.0077581768,0.35890857,0.33193795,0.21199615,0.4277328
276,7,0,1.1405401,306.61852,19.302083,-0.037045344,-0.0022830086,-0.011549962,-0.039651962,0.076775152,0.0046522945,0.3117393,0.28170428,0.23190995,0.4581513
276,7,5,0.82880358,292.63447,18.048569,-0.010596442,0.0031887328,0.0030633892,-0.016167274,0.030536329,-0.031959718,0.23593514,0.23210895,0.13816723,0.3578525
276,7,10,1.0956639,284.8521,17.727939,-0.015031732,0.0028474582,0.016580427,-0.022109948,0.1523588,0.0246227,0.33533322,0.20458221,0.13936526,0.61344046
276,7,15,1.2288507,304.60057,16.678172,-0.045568712,-0.0028760157,-0.0089435436,-0.035540417,0.054577909,0.0024317815,0.3371665,0.31310897,0.25785173,0.27581424
276,7,20,1.1943367,296.93863,16.706354,-0.029620621,-0.0029567253,0.012233874,-0.024945804,0.056102901,-0.0050198335,0.32120822,0.29698709,0.20167036,0.33144979
276,7,25,1.3451227,296.33208,17.847786,-0.042156329,-0.001393348,0.011786189,-0.032903449,0.081247405,-0.0005594037,0.38154403,0.33128702,0.23881613,0.3722061
276,7,30,1.1453294,285.33218,17.540685,-0.01346255,0.004944095,-0.0019578018,-0.015337667,0.033220366,-0.0071699561,0.26055994,0.22898545,0.14988384,0.27710465
276,7,35,1.0144668,301.92591,16.918921,-0.02271725,-0.0018731753,-0.0073668119,-0.024677848,0.039424725,-0.0018511994,0.25695945,0.25490448,0.18200949,0.30565966
276,7,40,1.0713433,305.8051,16.557492,-0.023506762,-0.0079656778,-0.0036976339,-0.028364956,0.038463882,0.0079622762,0.27926167,0.28117374,0.19862636,0.31462347
276,7,45,1.4338435,291.53139,17.38954,-0.027380299,0.0048727123,0.021097916,-0.028642037,0.075463917,0.017179187,0.37325048,0.30437522,0.20262675,0.38506718
276,7,50,1.5483831,284.70478,17.85485,-0.029822939,0.0093208432,-0.0093727075,-0.033602835,0.073414226,-0.013526539,0.33900131,0.2724175,0.20217921,0.365218
276,7,55,1.5588795,288.85966,17.716236,-0.026184571,0.0085671499,0.0025596284,-0.025067705,0.071733177,-0.00081953314,0.3547517,0.2739715,0.19452007,0.36567803
276,8,0,1.4453485,293.03911,18.012385,-0.037503023,0.0004972657,0.029066312,-0.032339473,0.086720428,0.023510877,0.38274454,0.31373816,0.2229434,0.38724698
276,8,5,1.286934,300.16859,17.925091,-0.049837829,-0.00074748686,0.0013568288,-0.040914341,0.059209677,-0.006890233,0.35127577,0.3397765,0.27528325,0.35658688
276,8,10,1.3603954,293.73562,17.92433,-0.043482857,0.0018122979,0.016984469,-0.0340511,0.074401539,-0.0033499617,0.37498587,0.31762845,0.23415531,0.37651951
276,8,15,1.3155856,297.25488,18.478574,-0.044459481,0.0021007467,0.010636473,-0.039790638,0.083133895,-0.011981883,0.38280586,0.34325077,0.25116701,0.3981371
276,8,20,1.5994197,287.66874,18.476382,-0.033627784,0.0045610708,0.0047571688,-0.030675737,0.092505,0.0092660505,0.40876682,0.30392341,0.21611157,0.41715257
276,8,25,1.3838559,287.59643,17.854224,-0.027588524,0.0065005014,0.0014269268,-0.021738405,0.061094219,0.00013425963,0.35208528,0.34837701,0.20968376,0.33696419
276,8,30,1.3446048,282.48316,17.966194,-0.01848632,0.005596348,0.001392943,-0.028195992,0.056080513,-0.014026521,0.26927403,0.24886799,0.16982427,0.39944351
276,8,35,1.1283383,284.62733,17.648534,-0.013985478,0.00647718,-0.0072328538,-0.023535158,0.037088829,-0.017424968,0.29260031,0.23410354,0.14493738,0.43282058
276,8,40,1.0504741,287.51161,17.29098,-0.016822343,0.0039734571,0.0067041973,-0.024869538,0.058081887,-0.01105674,0.33129382,0.2676974,0.14964783,0.4709497
276,8,45,1.103382,295.82769,16.560921,-0.024802331,0.0017974802,0.0023106261,-0.03052894,0.062664155,0.0055456468,0.27071912,0.23057009,0.18077792,0.39492958
276,8,50,0.97270841,300.25843,16.623583,-0.02466109,-0.0011249993,0.0052298,-0.032168592,0.058027228,0.015462686,0.28756728,0.2407155,0.18131238,0.36576738
276,8,55,1.2429635,286.72885,16.692515,-0.015001008,0.00099196953,0.0075831774,-0.026063127,0.076110033,0.0090755474,0.29558233,0.20863648,0.14576368,0.44129768
276,9,0,1.0225247,280.35995,16.509477,-0.0048994578,0.0026601548,0.0021756576,-0.014344904,0.037734498,-0.0061926686,0.20629437,0.1581672,0.093829171,0.56496854
276,9,5,1.0214902,296.42962,16.033712,-0.022097267,-0.002197746,0.013662246,-0.02978295,0.067841835,0.01673383,0.27740898,0.23480064,0.16604311,0.35885447
276,9,10,1.2159712,295.71029,15.448386,-0.030864582,0.00041303824,0.02141702,-0.025904055,0.058840641,0.0089168764,0.33209586,0.25586485,0.19736793,0.29328834
276,9,15,1.1828495,299.33661,15.41741,-0.036077763,-0.0019963814,0.013198059,-0.028483742,0.048535952,0.0058750776,0.31646294,0.30106901,0.23482464,0.31591936
276,9,20,1.3786181,287.59319,15.418335,-0.012999645,0.0031997613,0.0050474655,-0.0150111,0.045152818,-0.00091540142,0.26998748,0.23144384,0.15113591,0.31951715
276,9,25,1.3460475,290.49676,15.224725,-0.014819546,0.0044101866,0.0037166912,-0.015771412,0.03865076,0.001063933,0.26247489,0.21662426,0.15913749,0.28418315
276,9,30,1.3131934,299.3547,14.954494,-0.039611329,-0.00083944841,0.0059157024,-0.027190067,0.050884177,0.0072894341,0.34184096,0.31794456,0.25347659,0.2954064
276,9,35,1.4273198,300.84754,16.038343,-0.062612085,-0.0030898188,0.0011233913,-0.03953078,0.064438543,-0.00021731396,0.40140757,0.35931293,0.28807856,0.36764465
276,9,40,1.7970072,286.1339,15.930233,-0.027427736,0.010719947,0.0083876299,-0.024493477,0.059401379,-0.00584212,0.37767539,0.30567454,0.21047474,0.33535351
276,9,45,1.6208932,285.47483,15.91371,-0.025539599,0.0062425535,-0.0022642012,-0.028147347,0.065306481,-0.016524421,0.32837298,0.28112897,0.19764544,0.39438721
276,9,50,1.3878646,294.73775,15.688797,-0.04030942,0.0019933259,0.011683243,-0.029825325,0.060738128,0.0055788002,0.35437142,0.28628353,0.23237626,0.27754891
276,9,55,1.2814586,302.64802,15.838916,-0.054204895,-0.002868811,-0.0094931136,-0.045614712,0.062801516,0.0029226633,0.35625022,0.33522766,0.28171206,0.3046217
276,10,0,1.4779904,295.73582,16.697433,-0.052499616,-0.00016849462,0.032894401,-0.043123053,0.090810276,0.015554622,0.40471784,0.3416478,0.26890192,0.35701926
276,10,5,1.450313,293.99085,16.845534,-0.047798528,-0.0017591757,0.024493504,-0.041293961,0.082805371,0.017563747,0.3868998,0.32248171,0.25464331,0.35111928
276,10,10,1.5462061,292.89894,16.907746,-0.043352618,0.0018827271,0.026343831,-0.030982295,0.092370598,0.0098424564,0.43722394,0.31404851,0.22684738,0.33959077
276,10,15,1.654976,292.75762,17.04397,-0.045091648,0.0073503229,0.018597101,-0.034406924,0.083650375,0.0068360676,0.40732722,0.33232187,0.25574091,0.3421157
276,10,20,1.7231305,290.01505,16.941745,-0.029478635,0.0080785314,0.0031309984,-0.024333248,0.066911013,-0.0039037862,0.38815394,0.31161763,0.21770744,0.3136847
276,10,25,1.6760139,290.33295,16.707659,-0.037530717,0.0067471821,0.014794973,-0.02984285,0.067603234,-0.005434074,0.38684229,0.31476335,0.22612826,0.33857419
276,10,30,1.6675731,289.68256,16.995117,-0.035142831,0.0071123162,0.0096652344,-0.027551448,0.066424771,0.0088568501,0.36249289,0.3141425,0.22479022,0.3369658
276,10,35,1.71139,291.69956,17.222978,-0.0507241,0.0044568466,0.021347402,-0.037918761,0.098861895,0.0048222316,0.42682618,0.34276102,0.25167939,0.35502594
276,10,40,1.709259,287.2981,17.258442,-0.030236626,0.0080562815,0.00301469,-0.027990011,0.065644354,-0.0091349067,0.35604892,0.3070688,0.21809295,0.35809613
276,10,45,1.6630439,287.92581,17.007449,-0.028006672,0.0062155358,0.0054792991,-0.028686626,0.072364823,-0.0073264486,0.34436412,0.29858459,0.20741335,0.3453267
276,10,50,1.569539,290.32513,16.513127,-0.030198017,0.0059752027,0.016712504,-0.025871179,0.064113572,-0.0038976299,0.36904168,0.29837248,0.21558277,0.3093899
276,10,55,1.4647429,293.24202,15.779701,-0.029737391,0.0033537929,0.027730866,-0.022385003,0.049720417,0.0074788414,0.35195974,0.28953916,0.21954091,0.26029016
276,11,0,1.5810683,291.49156,16.267574,-0.033771529,0.0058562187,0.019467106,-0.027268346,0.062677168,0.0011135333,0.37193324,0.31428665,0.23129148,0.3073054
276,11,5,1.7933707,288.38659,16.561259,-0.038546327,0.0081146657,0.0095792614,-0.029703514,0.078059027,-0.0064678152,0.40483498,0.33810063,0.23274402,0.31991944
276,11,10,1.8317736,287.98905,16.797175,-0.03665021,0.01235713,0.0089554184,-0.032527636,0.070890487,-0.010765058,0.40399287,0.3377962,0.23807497,0.36854398
276,11,15,1.7309323,284.62056,16.839833,-0.033566709,0.011773658,-0.0042176662,-0.038012342,0.068665886,-0.015832062,0.36037364,0.31700614,0.23290088,0.35135858
276,11,20,1.8095914,292.71011,17.221887,-0.051016302,0.0040778184,0.036431927,-0.030716973,0.076087258,0.01172464,0.45608486,0.36935287,0.27816048,0.32865535
276,11,25,1.6409463,288.18277,16.778239,-0.031142687,0.0071885166,0.0048881183,-0.028656705,0.065924299,-0.0068585661,0.35567737,0.28680795,0.20962167,0.32188186
276,11,30,1.3883857,294.9403,16.683541,-0.046449574,-6.2183621e-06,0.014631398,-0.036582578,0.068231712,0.009716251,0.3655749,0.33798463,0.25137036,0.32086177
276,11,35,1.428728,292.45492,16.422705,-0.031594872,0.0041894742,0.01765097,-0.023568735,0.052542754,0.0057813057,0.34885773,0.29223784,0.21205858,0.32794584
276,11,40,1.3008396,298.37703,16.398056,-0.039052126,-0.0039237998,0.010972191,-0.043731892,0.064931017,0.0168961,0.33761399,0.33224309,0.24270209,0.34601529
276,11,45,1.4009,298.34494,16.411096,-0.055766511,-0.003128053,0.020003994,-0.043219815,0.071036731,0.0045798333,0.38461933,0.37936082,0.29223929,0.34084626
276,11,50,1.3574242,302.96297,16.670417,-0.056093196,-0.0044090661,-0.012699483,-0.046903697,0.079549971,-0.0044616489,0.39969516,0.37444909,0.28475371,0.34782842
276,11,55,1.2361702,303.3727,16.706458,-0.048936774,-0.0055971026,-0.011795384,-0.049920745,0.070245535,0.0045636089,0.36348725,0.32471031,0.26353226,0.37423934
276,12,0,1.324405,311.97217,16.614648,-0.029405668,-0.011297975,-0.045479912,-0.031505283,0.054991395,0.018657908,0.43159472,0.33172191,0.21677224,0.39838519
276,12,5,0.58321444,284.64129,16.710564,-0.0011410196,0.00060122132,0.010059459,-0.003380593,0.043458498,0.035886234,0.15967563,0.13726822,0.063537314,0.53919529
276,12,10,1.1045806,304.43683,16.451934,-0.014751691,-0.017537237,-0.069805942,-0.035128195,0.065398597,0.014399883,0.39909539,0.41719666,0.19736107,0.43352719
276,12,15,1.2842377,293.21567,16.35415,-0.034494412,-0.0017230322,0.0054792519,-0.030940551,0.059686275,0.00091155438,0.35111205,0.36728423,0.23597323,0.33236065
276,12,20,1.4387118,301.49986,16.403009,-0.034688504,-0.014181199,-0.023919385,-0.038561346,0.079583113,-0.013964514,0.4115878,0.42592532,0.27025519,0.39412794
276,12,25,1.3605369,302.32641,16.647926,-0.035389855,-0.010037914,-0.017845009,-0.034925848,0.067078995,0.022462941,0.39098134,0.40332063,0.2719331,0.373615
276,12,30,1.5602344,291.11453,16.72742,-0.067603776,-0.011344219,0.047471987,-0.060515888,0.18891473,0.046879996,0.51034517,0.40027807,0.27596308,0.50747644
276,12,35,1.3049457,301.54974,16.774029,-0.04547265,-0.0022761025,-0.012599951,-0.03895247,0.070603996,-0.0078028437,0.37287953,0.36864031,0.25047612,0.36724774
276,12,40,0.88607914,283.64525,16.444241,-0.017049667,-0.00051820895,-0.0028896149,-0.020261932,0.00054421436,0.036717445,0.26232695,0.211754,0.16090708,0.53919969
276,12,45,0.75336695,224.71277,19.214418,-0.0034243392,0.0073321276,0.0095027534,-0.023712454,0.12494337,0.020800614,0.32357213,0.27554512,0.14791744,0.74310277
276,12,50,0.73665464,220.76175,19.31688,-0.01133181,0.0049232264,-0.00074672572,-0.031095449,0.10058554,-0.0027980984,0.34124778,0.27331865,0.16391534,0.57173539
276,12,55,0.15880749,185.62934,18.408632,-0.00056067706,0.012330638,0.027372358,-0.014972658,0.067442295,0.07537328,0.30743348,0.36554173,0.13452467,0.74945194
276,13,0,0.17765158,62.776733,15.564568,-0.0032866291,-0.0038261208,-0.0049733797,-0.0085354995,0.040451893,-0.0014389664,0.23819131,0.28842213,0.075209942,0.37340294
276,13,5,0.59424746,326.72771,14.975314,-0.002490147,-0.0069735688,0.017038123,-0.0088305595,-0.054837581,-0.065192516,0.25989324,0.27021083,0.094144088,0.66449995
276,13,10,0.67148867,294.72146,14.989386,-0.0056105725,0.0024578084,0.0095988461,-0.010543729,-0.0068437526,0.030974358,0.23300197,0.24678471,0.10151143,0.72765091
276,13,15,0.58458093,248.04365,17.313784,-0.0040907906,-0.00022080063,-0.0018434688,-0.02971141,0.05037165,0.062434445,0.23181049,0.30200833,0.1188697,0.99419535
276,13,20,0.72209026,253.07566,19.115758,-0.011140052,-0.011360929,-0.00063347546,-0.031406381,0.059325808,0.047287928,0.33732994,0.31613838,0.17862208,0.54544302
276,13,25,1.0710499,252.56535,19.701781,-0.023734637,-0.0027883416,-0.10356543,-0.042614427,0.16963883,-0.055489306,0.5128897,0.44447133,0.22247686,0.60137421
276,13,30,1.0336948,261.71788,19.54054,-0.026182397,-0.01241939,-0.022611735,-0.045716189,0.057869905,0.050564089,0.38143351,0.35358434,0.22113938,0.49825357
276,13,35,1.1863816,253.41461,19.962345,-0.040515815,-0.015690542,-0.026500977,-0.053682163,0.14413832,0.025966039,0.53106391,0.4052017,0.26511286,0.48827794
276,13,40,1.1892781,251.3547,20.238419,-0.040498488,-0.013984054,-0.082341748,-0.039809495,0.10871305,-0.016343213,0.53316761,0.47033871,0.27328234,0.39542714
276,13,45,1.4745472,259.69494,20.35775,-0.036216072,-0.033473866,-0.03219233,-0.035945322,0.094351624,0.018114806,0.56449815,0.43722851,0.31133726,0.35240387
276,13,50,1.5404574,263.26674,20.600214,-0.035555558,-0.027283023,-0.039690205,-0.042182104,0.087052211,0.017050731,0.61859532,0.44142504,0.3015895,0.31654312
276,13,55,1.1712796,261.78405,20.615401,-0.035753507,-0.020811318,-0.035909122,-0.030014768,0.086051461,0.018374139,0.55297804,0.39855221,0.25698209,0.33247632
276,14,0,1.554078,267.46037,21.127085,-0.049836354,-0.011565977,-0.10255649,-0.042595136,0.14880295,-0.00644461,0.79441595,0.51879836,0.30836059,0.35284174
276,14,5,1.0266051,250.41685,21.058156,-0.03093743,-0.006193772,-0.10549638,-0.022821528,0.065253798,0.01188209,0.62805231,0.54044138,0.26642297,0.23529297
276,14,10,1.2781452,256.3175,21.180128,-0.019273881,-0.024950313,-0.081599977,-0.01572412,0.014261638,0.024912931,0.5642373,0.4812779,0.27666771,0.18803906
276,14,15,1.4761958,268.1977,21.333543,-0.054627612,-0.030458511,-0.066823961,-0.026773194,0.098180213,0.0018607493,0.80865933,0.48982315,0.31498865,0.22906839
276,14,20,1.2512398,266.42,21.434329,-0.04154157,-0.019706176,-0.04653136,-0.015015482,-0.0037158492,0.017946829,0.67076607,0.45112206,0.27075749,0.14818633
276,14,25,0.53922048,262.11503,21.620056,-0.0021095368,-0.00046497225,-0.02587439,-0.0054913279,-0.0083582006,0.017550858,0.4844676,0.36129173,0.17743484,0.14908041
276,14,30,1.3560851,288.77763,21.744114,-0.026003572,-0.068258418,0.11707473,-0.014762192,-0.025110221,0.018288822,0.85075032,0.88117488,0.33541644,0.14129183
276,14,35,0.58109847,213.86723,21.901559,-0.017255048,0.032120583,-0.044082752,0.001088738,0.038784089,0.027520979,0.42801685,0.64462679,0.20453385,0.25141908
276,14,40,0.79251119,211.90756,22.11715,-0.012829288,0.011096418,-0.0029326705,0.0034684951,-0.0014096889,0.015512061,0.45259792,0.39037664,0.21368081,0.15666647
276,14,45,0.47092956,195.04204,22.157028,-0.015995942,0.031179917,0.01641605,0.0088223248,0.026934613,-0.012623595,0.43988422,0.63392443,0.23195163,0.25807337
276,14,50,0.34600264,10.732686,20.275293,-0.014078111,-0.00041454964,0.024195274,0.020311965,-0.20760808,0.048579878,0.49692071,0.46561451,0.17946839,1.0362241
276,14,55,0.74619275,86.803348,19.779837,-0.012464765,-0.0062728516,-0.033486122,0.031737193,-0.11839552,0.034012057,0.36593901,0.24151166,0.14739861,0.54935211
276,15,0,0.72658394,101.04508,19.945026,-0.0099966713,-0.0032246153,0.0090520489,0.028054741,-0.059943224,-0.0028809369,0.2437784,0.20873298,0.14354254,0.47427478
276,15,5,0.78978957,105.95811,20.346656,-0.0077354982,-0.0023368498,-0.011557052,0.033522713,-0.034617354,0.014050482,0.25264047,0.28787055,0.15076373,0.51835372
276,15,10,0.80860942,87.129893,20.664782,-0.014404618,-0.0074583924,-0.041460021,0.040919642,-0.11745924,0.018471554,0.36446855,0.26813966,0.16161406,0.5964043
276,15,15,0.89651166,81.315283,20.731978,-0.020805781,-0.010351177,-0.031785442,0.044157431,-0.12036351,-0.0027821392,0.41924864,0.28223803,0.18021543,0.54972578
276,15,20,0.92963862,104.57017,20.45005,-0.016595913,-0.0048049937,-0.0044735185,0.035440349,-0.11740347,0.0047047282,0.36354484,0.31609419,0.16430037,0.60424177
276,15,25,0.79070105,108.81675,20.524395,-0.0092045991,-0.0047373702,-0.0026688778,0.033200536,-0.017833891,0.014379142,0.2912807,0.32326552,0.15151952,0.68682565
276,15,30,0.86303911,117.08778,20.612838,-0.01692239,-0.0011398953,-0.0027903498,0.051190048,-0.055865903,0.0074373258,0.33399821,0.29058947,0.16216829,0.70190837
276,15,35,0.70453223,113.92267,20.822437,-0.0095289497,-0.0013480539,0.0043174804,0.056761477,-0.10125127,-0.015955298,0.333782,0.29636996,0.15853558,0.7510154
276,15,40,1.1294442,189.55884,21.814704,-0.01034975,0.016115983,0.028349527,0.049158471,-0.1182172,-0.021246338,0.63784365,0.52666928,0.2560338,0.60563367
276,15,45,0.87137053,159.83332,21.707789,-0.021735605,0.027040422,0.16288646,0.066587069,-0.1313135,-0.19966953,0.60100401,0.68283958,0.23972058,0.92766446
276,15,50,1.328266,176.76294,21.758734,-0.058771583,0.078724436,-0.10297235,0.052130771,-0.090315063,-0.20320973,0.63259771,0.92992469,0.31360551,0.68925095
276,15,55,1.5874724,202.72116,22.196693,-0.054759381,0.011773302,-0.019269662,0.063876423,-0.14256055,0.036571512,0.71477008,0.55260186,0.33872276,0.46564115
276,16,0,0.76579299,159.57446,22.341024,-0.0099784348,0.015417542,0.057320926,0.052298973,-0.13597629,-0.13401875,0.57641037,0.57341078,0.25721298,0.9094408
276,16,5,1.017233,73.793893,21.594987,-0.038300596,-0.027799451,-0.063352832,0.10120933,-0.27906513,0.0034612283,0.49088778,0.39577733,0.25503731,0.94838027
276,16,10,0.78329577,66.280072,21.869185,-0.032073856,-0.017940608,-0.024933819,0.10025732,-0.22642063,0.025479529,0.37392278,0.35754347,0.20604971,0.98831643
276,16,15,0.67840416,78.705607,21.638802,-0.031277645,-0.0077498986,-0.038132381,0.070887216,-0.13628335,0.01997292,0.50742028,0.2649726,0.17874768,0.99460403
276,16,20,1.0817694,96.914984,21.819697,-0.020449486,-0.0079512862,-0.021206391,0.088305973,-0.12166132,0.006963308,0.39890821,0.38517654,0.20736075,0.91872709
276,16,25,0.79518216,80.63331,22.481711,-0.014403157,-0.014454647,-0.043397717,0.094076239,-0.21546176,0.037413925,0.40848997,0.29091728,0.18256429,1.1396329
276,16,30,0.98396895,111.99485,21.874308,-0.012365574,-0.0053442618,-0.0043700548,0.10180184,-0.059560097,-0.044166187,0.42032036,0.44118015,0.19746484,1.0858258
276,16,35,0.56535132,91.527278,22.034148,0.0027276626,-0.0082670112,-0.019588698,0.082563894,0.039641968,-0.007786637,0.42182998,0.32634778,0.15691989,1.0240306
276,16,40,0.84591716,110.79319,22.007396,-0.0020903079,-0.0015349816,0.1294755,0.073195077,-0.087100453,0.019637105,0.48811648,0.44506851,0.1620291,0.96462584
276,16,45,0.74170777,70.546648,23.141766,-0.024912411,-0.013221913,-0.023883134,0.11178993,-0.16744012,-0.015494467,0.36655068,0.31598815,0.18830967,1.1316017
276,16,50,0.67358288,48.251787,24.531994,-0.050298183,-0.0063096143,-0.0047682927,0.16462082,-0.34176989,-0.024520869,0.40250087,0.36957868,0.22720611,1.4211145
276,16,55,0.75494763,67.157428,23.954394,-0.027271761,-0.023387228,-0.024848745,0.12767617,-0.2261873,-0.012194959,0.35761797,0.42095429,0.21040355,1.2776912
276,17,0,0.96642786,83.474614,23.923556,-0.028006396,-0.014572267,-0.11205821,0.10177736,-0.34750184,0.10428706,0.53602728,0.4408033,0.21052071,1.2617543
276,17,5,0.80008749,348.4306,23.522025,-0.010669751,-0.0021789159,0.00064282972,0.099817654,-0.077835597,-0.076822696,0.55168969,0.40354509,0.18659572,1.0467531
276,17,10,0.51121482,6.0786407,23.962936,-0.0098571998,0.0050651871,0.03322651,0.10920962,-0.12538632,-0.028997336,0.49645904,0.28377818,0.17173592,1.2272098
276,17,15,1.1976298,347.70704,24.334591,-0.02027515,0.0058652769,0.096186597,0.10928291,-0.20668527,-0.052104803,0.53574942,0.46253473,0.20936903,1.1859256
276,17,20,1.1432662,104.55857,25.099089,-0.028022881,0.0045126745,-0.061489493,0.10676221,-0.032027302,0.076273814,0.79189582,0.4982797,0.22898345,1.333061
276,17,25,1.6419764,118.23383,25.203233,-0.040259934,0.00091528342,-0.065281824,0.14925525,-0.19959453,0.030771954,0.61594061,0.5744176,0.29603668,1.134212
276,17,30,0.98595126,120.41405,24.861956,-0.018741257,-0.0015254251,-0.022872741,0.11969062,-0.14357899,-0.0052448082,0.55225432,0.43173874,0.2086188,1.24119
276,17,35,1.0638869,99.89279,25.434463,-0.041868795,-0.0020333306,-0.19050293,0.12925282,-0.21512014,-0.10329979,0.72833539,0.60597706,0.25473151,1.2734669
276,17,40,0.50446602,96.494649,24.302318,0.00089733855,0.002482205,-0.0011445748,0.11302113,-0.13516747,0.057118025,0.40084016,0.25492038,0.16863835,1.2002904
276,17,45,0.33922992,94.980423,25.383807,0.028849161,-0.015807884,-0.053990896,0.12337782,0.12332138,-0.068105555,0.57407204,0.42130943,0.18697644,1.3288018
276,17,50,0.84417881,121.03005,25.608628,-0.034315894,0.00040493018,-0.088273014,0.1354518,0.10080778,0.026919896,0.83164168,0.47037429,0.23235259,1.2758862
276,17,55,1.5953803,119.46195,26.203867,-0.037756584,0.0089698068,0.036228189,0.14800284,-0.24219341,-0.015664566,0.57008597,0.62550089,0.29713259,1.236856
276,18,0,0.87397216,122.10324,25.674151,-0.022761087,0.0088867421,-0.0013604179,0.10345136,-0.14309159,0.038376458,0.53365265,0.44095195,0.19036709,1.2555286
276,18,5,0.3482279,14.761591,25.817619,0.0057423443,-0.014577597,0.099507188,0.15156078,-0.013170311,-0.24770506,0.51232774,0.71948159,0.20015212,1.4060051
276,18,10,0.38580017,107.64357,26.257913,-0.0068063457,-0.0020811713,-0.081394228,0.12395805,0.070332082,0.1318416,0.49730689,0.51700605,0.19630437,1.6139596
276,18,15,0.8555768,92.620306,26.266801,-0.0015590826,-0.0067699229,-0.011637308,0.14855279,0.024920885,0.017136108,0.56890683,0.4261387,0.21263546,1.4410429
276,18,20,0.58608378,107.25798,25.281587,0.035142041,0.0025074575,0.014097018,0.11247078,0.040425384,0.02382792,0.48401249,0.30315748,0.19771093,1.1626918
276,18,25,0.21387464,202.52992,25.618395,0.014733849,0.012111958,-0.0012608233,0.077289518,0.0095020363,0.057394192,0.2802455,0.3896783,0.15025495,1.0465051
276,18,30,0.39444838,236.81877,27.147308,-0.013084157,0.013526163,-0.082623576,0.11547738,-0.04609971,0.23336271,0.4335874,0.48969821,0.18907789,1.3590198
276,18,35,1.1341805,260.02413,27.095965,-0.044238217,-0.02899827,0.033351546,0.11816325,-0.18950635,0.13147119,0.58545897,0.5687583,0.29063556,1.1668105
276,18,40,1.0598298,253.57337,27.20149,-0.021218612,-0.0082603874,-0.015780015,0.089052536,-0.087830986,0.094530008,0.48809418,0.51260966,0.2447245,1.0954493
276,18,45,1.0220041,242.20371,27.673783,-0.034857333,0.0093926994,-0.074443956,0.098632071,-0.20143689,0.14562011,0.47692708,0.56662215,0.2514192,1.1316074
276,18,50,0.98784825,249.50627,27.885557,-0.040515938,0.016814648,-0.15034978,0.14033266,-0.28876371,0.13720667,0.60640477,0.65518999,0.27037713,1.2460891
276,18,55,0.85277808,267.05193,27.495975,0.0091886579,-0.01118956,-0.020364535,0.1182603,0.0035426733,0.17912035,0.72694302,0.4887712,0.22432109,1.3332195
276,19,0,0.95225441,235.78713,28.53195,-0.030695977,0.0040848211,-0.036157675,0.1337722,-0.17608701,0.022704445,0.5651715,0.66150701,0.2864771,1.3215772
276,19,5,0.73440458,229.37175,28.287384,-0.011043626,0.014024965,-0.021919339,0.10326154,-0.11747394,0.1198871,0.43812652,0.50956446,0.20972951,1.1711291
276,19,10,0.57400206,221.56968,28.036598,0.0042504953,0.025730694,-0.01747127,0.15479637,0.01448718,0.1826855,0.58307005,0.65637965,0.26257534,1.2901646
276,19,15,1.526915,256.69811,28.346473,-0.043806623,-0.025468257,-0.20343848,0.13700136,-0.48370174,0.2693523,0.73327711,0.69779646,0.33946016,1.2697726
276,19,20,0.9118367,222.44128,29.105332,-0.022405391,0.033746744,-0.0084300704,0.12382193,-0.13540711,0.28551028,0.46129016,0.5812886,0.24482098,1.2703991
276,19,25,1.0539724,252.15911,28.592145,-0.010322438,0.025017949,-0.16420414,0.14854138,-0.25698463,0.33878602,0.76878979,0.83034726,0.2828059,1.3318558
276,19,30,0.96702663,214.29508,28.867818,-0.01447636,0.014515905,-0.0024283262,0.10512932,-0.071551202,0.06904718,0.42954231,0.48173597,0.22811973,1.250161
276,19,35,0.94180975,224.84732,28.995675,-0.031154079,0.020968086,-0.0099300965,0.12756552,-0.16068774,0.075682896,0.4503554,0.44703613,0.26871612,1.1466397
276,19,40,0.4114304,187.44595,28.788492,-0.015186611,0.02011278,0.07923921,0.10858497,-0.019534583,0.10097185,0.40353196,0.49688407,0.19633827,1.3129224
276,19,45,0.88870945,233.17523,29.189738,-0.031931731,0.021699246,-0.072339263,0.118864,-0.18257249,0.27725439,0.49924619,0.62098327,0.24355174,1.2970832
276,19,50,1.2178514,219.96129,29.196737,-0.052460233,0.016858764,-0.018128982,0.14494661,-0.2785595,0.061347632,0.5430587,0.66407351,0.3102648,1.1640093
276,19,55,1.2142743,238.29277,29.204758,-0.032826853,0.018424699,-0.054322605,0.11220445,-0.28795023,0.17158108,0.56695651,0.63205975,0.28810387,1.158982
276,20,0,1.2355324,207.55468,29.087277,-0.039313042,0.030191604,0.077497239,0.1343719,-0.23257001,0.05856771,0.64638827,0.84135326,0.30925345,1.1441388
276,20,5,1.2705147,207.45102,28.987766,-0.038890766,0.015475844,-0.053645356,0.099362256,-0.11076998,-0.0065461777,0.77084683,0.57668376,0.29543751,0.98270925
276,20,10,1.2520557,240.15065,29.46821,-0.049496408,0.0066889684,-0.057871795,0.10957213,-0.29040013,0.12701893,0.5952211,0.60056531,0.31801885,1.045116
276,20,15,1.3865711,218.93273,29.226456,-0.018707951,0.044317312,0.04817585,0.10463813,-0.1540944,0.032790197,0.59017733,0.62730767,0.31029203,1.0043411
276,20,20,1.2847157,243.45962,29.399089,-0.065686822,-0.0014375215,-0.11724966,0.15751964,-0.41408861,0.11194779,0.62642405,0.60654939,0.3185423,1.2161651
276,20,25,1.1150829,356.73074,28.543678,-0.012594394,-0.024184826,0.07648813,0.11240233,-0.093275406,0.20110419,0.79451585,0.60570677,0.26567269,1.1918497
276,20,30,0.9571297,351.79739,28.791612,-0.013273243,-0.0011274997,0.056758517,0.14808579,-0.15087614,-0.088528027,0.49834654,0.55474297,0.24574566,1.2043432
276,20,35,1.1491756,41.631075,29.854794,-0.10297506,-0.018815043,0.080289887,0.18510882,-0.42785854,-0.20092788,0.60965679,0.56421182,0.33055193,1.2350913
276,20,40,0.87014399,41.303394,29.694905,-0.062596849,0.0033999649,0.016474971,0.13856123,-0.28909804,-0.056636804,0.47263137,0.54966269,0.25217545,1.3252408
276,20,45,0.97061172,67.92872,29.968471,-0.046413823,-0.02580939,-0.098935418,0.15192701,-0.33250409,-0.010735452,0.58942018,0.46549157,0.26184857,1.3225835
276,20,50,0.7115117,54.401046,28.785706,-0.032988355,-0.047341122,0.010178505,0.11754266,-0.054897724,-0.242723,0.62440349,0.76598979,0.24269056,1.2196051
276,20,55,1.8551844,83.394716,30.036108,-0.080556977,-0.048981363,-0.13969276,0.14744636,-0.37091416,0.019705905,0.79372419,0.5928328,0.37310415,0.98339078
276,21,0,0.98931607,72.307432,28.96575,-0.030587615,-0.033098406,-0.028284392,0.10494366,-0.1337964,0.22037389,0.57145973,0.70997213,0.26083504,1.1399407
276,21,5,1.1829782,20.89905,29.635962,-0.074672102,0.015807155,0.11288113,0.15698413,-0.33337914,-0.20104545,0.6006794,0.66018375,0.31950682,1.0870644
276,21,10,1.2573482,59.948518,30.019089,-0.08297311,-0.028876439,-0.11876662,0.10776168,-0.21608004,-0.037448342,0.6780804,0.6255467,0.33522229,0.88564744
276,21,15,1.7227141,82.524334,30.036186,-0.073637871,-0.035377647,-0.11945416,0.12406782,-0.27336284,0.025693731,0.87667384,0.715042,0.38326389,0.91715914
276,21,20,2.0883062,103.87453,29.90593,-0.093243774,-0.016589184,-0.00051392756,0.1339301,-0.3478685,0.030188143,0.81492438,0.68737531,0.38845141,1.0362925
276,21,25,1.4302175,97.377153,29.710535,-0.049256869,-0.016370124,-0.28339685,0.12084313,-0.066230605,-0.10653137,0.86088319,0.72107183,0.32554978,1.0084639
276,21,30,1.9297537,91.669769,29.969847,-0.087770599,-0.020754284,-0.046958552,0.13353694,-0.38876424,-0.062662985,0.77538123,0.52518336,0.34252648,1.0291397
276,21,35,2.1832255,102.94475,29.916904,-0.083249245,-0.02493362,-0.029547421,0.13074162,-0.29047935,-0.095393417,0.78303326,0.67682497,0.38384999,0.97781334
276,21,40,0.96551251,87.471187,29.290775,-0.023721062,-0.021562821,-0.011471409,0.12499176,-0.093827655,-0.075071704,0.50046337,0.49507704,0.23550873,1.0767174
276,21,45,1.2303364,87.060512,29.544827,-0.042302194,-0.035331919,-0.068913748,0.11836196,-0.066644682,0.019181579,0.57538812,0.59544223,0.29029162,1.0216506
276,21,50,1.4539395,83.046893,29.21284,-0.033395916,-0.02177542,-0.17414352,0.078079314,-0.081082391,-0.014763748,0.7755833,0.53263811,0.27923183,0.82605372
276,21,55,1.9678999,104.26382,29.195384,-0.058223731,-0.0064457173,-0.053140173,0.10153841,-0.12463717,-0.12056669,0.69029684,0.66082412,0.32438274,0.92943984
276,22,0,0.82660016,77.809019,28.675818,-0.021731296,0.00069954665,-0.038584103,0.080276139,-0.051874923,-0.0015384919,0.44560372,0.38595522,0.19362552,0.96596084
276,22,5,0.47339501,29.783243,28.729188,-0.0081095037,-0.0050113592,0.0087957735,0.08975519,-0.070131707,-0.10537993,0.32815902,0.41590895,0.18939809,1.0091262
276,22,10,1.183865,95.408832,29.436912,-0.035699948,-0.016759402,0.0013581764,0.095559676,-0.13399736,-0.07848644,0.57654967,0.49527118,0.24889008,0.92961314
276,22,15,1.309938,98.204388,29.476755,-0.022734949,-0.0099456332,0.0019365798,0.07003058,-0.073381487,0.010498729,0.46305712,0.49460686,0.25150614,0.85579534
276,22,20,1.1021749,110.62796,29.195487,-0.019797018,0.00035471331,-0.011538071,0.068172128,-0.018706355,0.018294533,0.49799718,0.45970649,0.20724807,0.95901804
276,22,25,0.50679569,83.771803,28.565725,-0.001584656,-0.011310803,-0.019390287,0.082369855,0.021521138,0.0089549807,0.38608507,0.32650196,0.16951328,0.89530175
276,22,30,1.0534259,134.97271,29.056211,-0.013544095,0.013900051,-0.040775455,0.080525827,-0.03009758,-0.033594695,0.65014597,0.41721738,0.23816458,0.78891627
276,22,35,1.239152,101.0511,29.395076,-0.019809751,-0.011391705,0.053195489,0.065327021,-0.087448697,0.024750845,0.52998983,0.48433518,0.22829865,0.78360536
276,22,40,1.0784775,87.349766,29.381726,-0.036063757,-0.017382785,-0.022259224,0.054427024,-0.10191909,-0.029245909,0.51508196,0.46403278,0.24376232,0.67415829
276,22,45,1.08719,99.055399,29.199698,-0.020947919,-0.01762289,-0.018259404,0.056709494,-0.10229151,-0.041391054,0.4568939,0.42878779,0.21141516,0.72089843
276,22,50,0.90805681,131.67902,29.020092,-0.0074173431,0.0029928093,0.017412138,0.054965421,-0.0067803394,0.028238953,0.53276596,0.32924979,0.19219525,0.71937729
276,22,55,0.87059991,128.36019,28.549409,-0.010794975,0.0045057912,0.069518429,0.0552338,0.0025871042,-0.021836489,0.47594555,0.44395961,0.1891743,0.71175498
276,23,0,0.52878018,67.221472,29.017448,-0.019876783,-0.013408315,0.0093567991,0.064352642,-0.09790739,0.0078295076,0.30614868,0.30703354,0.16757231,0.83793456
276,23,5,0.38764444,55.83038,29.122134,-0.01571416,-0.0088875516,0.0069365506,0.068535148,-0.049133411,-0.068671811,0.26493104,0.39020009,0.16030359,0.77621439
276,23,10,1.4826007,118.95909,28.907939,-0.032420972,-0.0029464184,-0.02251415,0.046683828,-0.11843382,-0.0059109465,0.45998928,0.50437824,0.23639288,0.54871588
276,23,15,0.70228548,80.563686,28.636499,-0.010624419,-0.0099811507,-0.024288502,0.034277852,-0.056095991,-0.013378148,0.33357809,0.30516232,0.16272316,0.53319151
276,23,20,0.52825259,32.269275,28.790505,-0.020923706,-0.00092859132,0.014681155,0.048912294,-0.084762554,-0.077549298,0.32704367,0.37231668,0.17248609,0.61177789
276,23,25,0.12653319,4.1569983,28.369607,0.005165376,0.0014579719,0.011678944,0.020456828,-0.047188745,-0.027574374,0.25787261,0.20283677,0.11586786,0.52775683
276,23,30,0.70745757,92.581938,28.621976,-0.0093125046,-0.010419646,-0.017314832,0.032762571,-0.011622441,0.020460815,0.41624876,0.36720862,0.18423901,0.52676347
276,23,35,1.1138472,104.2791,28.46201,-0.017864279,-0.0025751668,0.12176944,0.026129169,-0.10018865,-0.030019036,0.62677211,0.44763845,0.22031394,0.39972196
276,23,40,0.59119434,137.64525,28.14992,0.0093661717,0.00063910757,0.0050515896,0.014714424,-0.035240211,0.010847018,0.43454704,0.3534289,0.14950195,0.35925466
276,23,45,0.63318588,141.42794,27.904995,-0.011435347,0.0039035915,0.02914846,0.015705999,-0.012441651,0.018681079,0.32505627,0.29355685,0.13850212,0.3132298
276,23,50,0.23298449,239.47715,27.031831,-0.0018003985,2.5829351e-05,-0.020580102,0.0034051278,-0.012960688,0.01051499,0.17843867,0.23358294,0.073905196,0.20878758
276,23,55,0.32156118,263.89913,26.392263,-0.0038591787,0.0011188001,0.0072342289,-0.00050643329,-0.020736655,-0.010152831,0.20055435,0.20992126,0.085838543,0.2064554
