jday_sn5,hour_sn5,minx_sn5,wsp_sn5,truewdir_sn5,Tsm_sn5,wu_cov_sn5,wv_cov_sn5,uv_cov_sn5,wT_cov_sn5,uT_cov_sn5,vT_cov_sn5,sigu_cov_sn5,sigv_cov_sn5,sigw_cov_sn5,sigT_cov_sn5
272,0,0,3.5138548,31.081083,23.045194,-0.082846809,-0.031359668,-0.07473547,0.0057547111,-0.0050199046,-0.0019878857,0.66663952,0.56418211,0.52578057,0.047357737
272,0,5,3.5655855,31.481021,23.017758,-0.062207817,0.038389516,-0.12195583,0.00097261391,-0.0019316981,0.002042633,0.70961513,0.41778046,0.33878301,0.03741038
272,0,10,3.695962,33.571217,23.000191,0.034065378,-0.014770969,-0.029554513,-0.001389421,0.0027304241,-0.0013034557,0.66850657,0.50607802,0.54113044,0.040378252
272,0,15,2.9402363,19.797498,22.990053,0.027208447,-0.084897976,-0.20785331,-0.0052911555,-0.00095287051,0.0076646961,0.46996145,0.751647,0.35556506,0.041944309
272,0,20,2.8488916,34.128599,22.977224,0.046725058,0.019946923,-0.00037538835,-0.0033463062,-0.0027407845,-0.0026295387,0.56871378,0.49092613,0.37270942,0.035310287
272,0,25,2.5376734,33.256713,22.930129,0.009642224,-0.0057914455,0.043354353,-0.0074945457,-0.0058544742,-0.0033463295,0.666377,0.45553296,0.4147712,0.04903035
272,0,30,2.1815225,27.584287,22.895975,-0.002167317,-0.036366016,-0.099464774,-0.0053679201,0.0047083256,-0.0087874765,0.45339763,0.48559788,0.3657686,0.059987151
272,0,35,1.538114,26.123695,22.863891,-0.017070946,-0.0056972458,-0.032289363,-0.0029084823,0.0053842784,-3.4750172e-05,0.35444348,0.39020037,0.22654331,0.065119379
272,0,40,1.4782867,11.771189,22.893427,-0.005207932,0.026805509,-0.00844949,-0.0036916867,-0.0037013232,0.0012598971,0.3830171,0.2996908,0.26902672,0.051457183
272,0,45,1.4444703,23.989254,22.900822,0.0082118197,0.0048764818,-0.0017927926,-0.0020123474,0.00088100137,-0.00064249599,0.23663992,0.16352729,0.17735252,0.039231494
272,0,50,1.5743787,19.020959,22.893622,-0.014199799,0.0087796507,-0.036721184,-0.0029552651,0.0024115378,0.003491429,0.38195161,0.39390563,0.24902393,0.045874704
272,0,55,1.6560896,15.484913,22.886088,0.008481544,0.0019571426,0.0013193878,-0.0013340198,0.0010972307,-0.0012556599,0.2341377,0.26296295,0.24764299,0.034323395
272,1,0,1.1805544,16.765482,22.820364,-0.031974991,-4.9642082e-05,0.032559637,-0.0042939785,0.014255382,0.0096095985,0.38050908,0.34242348,0.23826033,0.067230858
272,1,5,0.75038241,1.6008573,22.780156,-0.0010986254,0.0062271428,-0.012477414,4.6576898e-05,0.013381567,-0.0040532788,0.21815603,0.16367787,0.14500912,0.090987604
272,1,10,0.7814381,345.06517,22.708152,-0.00062240776,0.0052656871,-0.0095100326,-0.0033764182,0.0042950944,-0.013985241,0.16613557,0.2316893,0.13469904,0.12888391
272,1,15,0.68552636,343.24484,22.73423,0.0030409324,0.00054740624,-0.0013625128,0.0024336357,0.011288089,-0.013147167,0.1852787,0.32311705,0.13512505,0.14909282
272,1,20,0.48520486,339.5563,22.670368,-0.019494547,0.021328247,-0.037237009,-0.0049830527,0.011360921,-0.0054020555,0.28802647,0.34309343,0.18309193,0.066145993
272,1,25,0.43254696,325.31244,22.46212,-0.017215796,0.019189909,-0.025037586,-0.01029343,0.031021603,-0.067567698,0.26953425,0.33953026,0.21745555,0.33652767
272,1,30,0.3333856,291.76813,22.459436,-0.015503665,0.0030727072,0.010904761,-0.003935724,0.00045040899,-0.017440172,0.21470402,0.2377045,0.22267183,0.16044374
272,1,35,0.51412625,285.82738,22.354561,0.01453316,0.00082371196,-0.0036377089,-0.0078577281,-0.013488494,-0.0035167038,0.22520128,0.17791145,0.19199636,0.16242081
272,1,40,0.62820907,256.60977,22.528138,-0.0011261492,0.0039541025,-0.0089197983,-0.0031980818,-0.00047965285,-0.008055746,0.17571839,0.12738612,0.1391149,0.12446677
272,1,45,0.5358161,285.9235,22.419945,0.042817702,0.0067922947,0.0021499868,-0.012891276,-0.031128899,0.0033096746,0.37227922,0.19596017,0.24365405,0.21464602
272,1,50,0.6763586,287.89606,22.388882,0.0047072236,0.0023519377,-0.0028600424,0.0012137233,-0.0085775178,0.0065237987,0.19724292,0.20298743,0.13167864,0.13812351
272,1,55,1.7780928,286.71802,21.95926,0.02282429,0.0035906349,-0.011751768,-0.0085504951,-0.061212642,0.0086818692,0.3513109,0.17790941,0.17429089,0.21039767
272,2,0,2.0617786,287.14604,21.914763,0.019256949,0.0063191268,-0.024589765,-0.017012037,-0.053549674,0.011393617,0.30432974,0.24197296,0.1778798,0.24482154
272,2,5,2.4940433,283.84688,21.736816,0.0088429295,0.011510764,0.0011624253,-0.0035452913,-0.0095722399,-0.0016927442,0.19705996,0.16690148,0.17817396,0.17217817
272,2,10,2.4434658,288.57291,21.718752,-0.0071999431,0.00047360138,-0.0047984784,-0.0054174182,-0.0044978575,0.0037928533,0.22119293,0.14217312,0.15554071,0.11716598
272,2,15,2.3611599,286.52239,21.902341,0.0037893442,-0.00075038445,0.009203194,-0.0036873883,-0.0087625867,0.0027653264,0.18888496,0.18595548,0.13793598,0.12845524
272,2,20,2.5665255,289.09819,21.666605,-0.00031571926,0.0026718336,-0.0044062531,-0.00092422058,-0.013995026,0.0039909569,0.17486898,0.12064491,0.099667224,0.14976131
272,2,25,2.7725737,289.0359,21.534606,-0.00058235786,0.0035476505,0.0015678392,-0.0033723972,-0.015701392,-0.0087291377,0.17843255,0.19181644,0.11687036,0.17824431
272,2,30,2.812192,285.68507,21.577447,-0.0032377543,0.0053743936,-0.0039897402,-0.0067752688,-0.0017029366,-0.0092615876,0.18570031,0.18053353,0.16352411,0.15464722
272,2,35,2.3527542,281.88807,21.677511,-0.0022811981,0.0046415208,-0.0027270119,-0.0041055609,-0.0043022757,0.0010250986,0.16394562,0.13826421,0.13700224,0.10913379
272,2,40,2.4316796,285.3377,21.666933,-0.0023549163,0.005395417,-0.0050473399,-0.0036916253,-0.0025274965,-0.0055691657,0.16608313,0.14688274,0.12342025,0.13785891
272,2,45,2.3827191,284.91977,21.785247,-0.00030906462,0.0021641972,0.0016192965,-0.0028117546,-0.013114228,-0.0057835339,0.17884429,0.12795056,0.11381662,0.15653216
272,2,50,2.1716959,284.65988,21.6993,-0.0012732228,0.0034393173,-0.0017575364,-0.0034220474,-0.0017561208,-0.0010067383,0.13544285,0.15113067,0.12443705,0.12057357
272,2,55,2.2332973,284.85076,21.90099,0.0057020296,0.0059168193,-0.0036085367,-0.0025662197,-0.0060418728,0.0025557708,0.16430583,0.16875262,0.13738331,0.12293196
272,3,0,2.151579,285.48552,21.795965,-0.00059649748,0.0051909849,-0.0054803092,-0.0028190259,-0.0031270436,0.0024645828,0.14763778,0.13453825,0.13515501,0.09587465
272,3,5,2.0755965,287.69793,21.765931,-0.0062061557,0.0063590202,-0.0036919371,-0.0015211437,-0.008205023,0.002304182,0.17704376,0.15542941,0.12662941,0.13535335
272,3,10,2.082642,285.01714,21.872593,-0.0025993569,0.0047044031,-0.0021003204,-0.0017009701,-0.0026642744,0.0018903215,0.1392767,0.14033711,0.1218799,0.089016788
272,3,15,2.2705972,283.66898,21.704486,-0.0022389922,0.008432338,-0.0029417614,-0.0071771784,-0.0031101385,-0.001664427,0.17196316,0.15049818,0.14992883,0.14234618
272,3,20,2.2230069,286.29009,21.70894,-0.006908842,0.011732763,-0.010542923,-0.0016852681,0.00087950456,-0.00081506996,0.17104386,0.2070987,0.16757333,0.10751797
272,3,25,2.3038732,285.20788,21.624863,-0.0012623808,0.0058178593,-0.0012272597,-0.0043462238,-0.011551731,0.0049236998,0.23801621,0.1784482,0.14869529,0.16220713
272,3,30,2.434115,286.22464,21.500769,-0.0058533631,0.006646201,-0.0069517446,-0.0062008835,-0.0030569329,-6.3156842e-05,0.1868114,0.16519089,0.1481349,0.15915946
272,3,35,2.444047,283.20764,21.496598,-0.0038353217,0.0085412774,-0.0082403129,-0.0052123468,-0.0097216694,3.5493932e-05,0.19270872,0.1858345,0.1563952,0.15494734
272,3,40,2.5282387,284.33354,21.526533,-0.0048998802,0.002144156,-0.002898183,-0.0050339105,-0.0069177938,-0.00016886609,0.19616773,0.15457833,0.13083978,0.15031016
272,3,45,2.4612334,286.60854,21.550852,0.0041755691,0.0010941583,-0.00094968999,-0.0027867181,-0.0115007,-0.0051906226,0.17586684,0.15408009,0.13476256,0.17070385
272,3,50,2.5163046,286.45627,21.534285,0.0062543669,0.0036130733,0.0032459172,-0.0061625304,-0.0093687733,-0.0052887146,0.20508925,0.14040808,0.13224375,0.19004759
272,3,55,2.6148929,289.22008,21.45817,0.0050998735,0.00045648683,-0.002067026,-0.0043065744,0.0005403413,0.0017203054,0.17755807,0.15166666,0.11622059,0.16013403
272,4,0,2.4775492,287.44381,21.525219,0.0024414051,0.0028023232,-0.005788027,-0.0021571763,-0.0028682731,-0.0093646713,0.14087028,0.15923986,0.12156196,0.15500856
272,4,5,2.5138959,287.57056,21.298429,-0.0034099706,0.0076079879,-0.00036220338,-0.0010112846,-0.014998303,1.7763172e-05,0.20741783,0.15570027,0.15384965,0.17762642
272,4,10,2.9443633,289.01128,21.22007,0.00097489937,0.0019952658,-0.0010071088,0.0005185479,-0.014120182,-0.012443615,0.20290325,0.19447532,0.14419522,0.18185271
272,4,15,3.0209983,288.73903,21.164077,-0.0020074517,0.0041748556,0.0064948467,-1.4246154e-05,-0.011823036,-0.026533743,0.18189241,0.21605,0.15005467,0.22834333
272,4,20,2.9150515,286.02574,21.111967,-0.0024183746,0.010895944,-0.00016079922,-0.0017010457,-0.0046827476,-0.0067251799,0.19185679,0.21276432,0.14531671,0.14879212
272,4,25,2.484929,284.26977,21.089112,-0.014108786,0.012481088,0.0084782894,0.0035444645,-0.0048935513,-0.0083457726,0.32912114,0.24338313,0.21879966,0.158027
272,4,30,0.84704837,12.933693,20.34127,-0.047000886,0.14780031,-0.23484673,-0.019045561,-0.049597377,0.0018942148,0.53725692,0.7969365,0.35089575,0.3943678
272,4,35,0.70919391,30.328776,20.161967,0.020469546,-0.0030714352,-0.041594235,0.0081032039,0.042665666,-0.03119101,0.31841458,0.30110907,0.21058321,0.21178388
272,4,40,0.29353945,215.10454,20.143215,0.050201619,-0.0657742,-0.020060308,-0.041318421,-0.0088391867,0.055142917,0.35102038,0.41072518,0.3162909,0.32531114
272,4,45,0.55902992,288.85372,20.1238,0.010875001,0.0073059847,-0.024142358,0.00025993517,0.0068007047,-0.0050617481,0.28328078,0.2615625,0.14406291,0.10711905
272,4,50,0.28553518,213.53016,20.182673,-0.0031931955,0.0049410038,-0.0079437147,0.0018603352,-0.0017470073,0.0017715593,0.13007616,0.12665989,0.10762676,0.078100353
272,4,55,0.15869295,355.91685,20.21237,-0.0017172886,0.00096077379,-0.0098847264,-0.00060549785,0.002795754,0.0018023625,0.21212747,0.28940115,0.13252187,0.13981556
272,5,0,1.1258286,312.25617,20.067146,-0.0029944202,0.019988538,0.0081224449,-0.0080821624,-0.0050592761,-0.028899776,0.26357491,0.31653667,0.19133328,0.1321857
272,5,5,2.0823654,286.89615,20.020953,-0.003757143,0.025441947,0.020793032,-0.0030638245,-0.015538545,-0.021228691,0.31734679,0.44159078,0.24309076,0.18411372
272,5,10,2.5731645,279.39575,20.141551,0.013180892,0.043228745,0.0035001293,-0.0043518007,0.00096001033,-0.022158624,0.33872483,0.43439081,0.27284982,0.17353306
272,5,15,2.9784732,279.45047,19.996548,0.0012068797,0.026422996,-0.016161159,0.0034266626,-0.027645202,0.021548988,0.37664308,0.32751201,0.19923002,0.17108695
272,5,20,3.3625421,280.27178,19.989563,0.0017386054,0.0012712584,0.018516845,-0.0067882341,-0.028646839,-0.037854767,0.32921485,0.4140162,0.22811305,0.24707632
272,5,25,3.2328737,282.78389,19.985659,0.0037719146,0.021464195,-0.0031954225,-0.0051775904,-0.014340392,-0.01680243,0.25621761,0.30651625,0.18085045,0.23234206
272,5,30,2.8957486,281.16601,19.977838,0.018552787,0.034375117,0.011924786,-0.0062637982,-0.041192634,-0.039482941,0.29645867,0.34191095,0.23461212,0.34336175
272,5,35,2.8326149,284.01049,20.064741,0.0042171812,-0.003088329,0.00064905071,0.00017821092,-0.00043467286,-0.022206995,0.18109045,0.30888996,0.13852211,0.18406496
272,5,40,2.7255078,280.98195,20.216677,0.0095446823,-0.0037686165,0.00059700955,-0.00046778782,-0.0031893529,-0.011042976,0.26067922,0.21472439,0.15497674,0.17813847
272,5,45,2.627747,288.31351,20.420914,0.0027227662,-0.0031050995,0.0026086132,-0.0042695697,-0.018835401,3.9726157e-05,0.2249801,0.19141895,0.15086106,0.19577105
272,5,50,3.047981,283.75895,20.214522,0.01466617,-0.0015511036,-0.0053833528,-0.0082493497,-0.010071869,-0.020212218,0.25634673,0.23152445,0.17594433,0.21501719
272,5,55,3.0321329,284.58963,20.102688,-0.0047109298,0.016722442,-0.010542865,0.00049226535,-0.010399719,0.0043290492,0.31254899,0.21696491,0.21622527,0.16294858
272,6,0,2.7518344,284.54149,20.157218,0.00028345599,0.0090227596,-0.043682038,-0.0093764203,-0.01425816,0.015056375,0.31746749,0.26025932,0.19093017,0.18593143
272,6,5,2.4998811,283.68599,20.253699,0.0053720743,0.011678231,-0.0084912251,-0.0045669069,-0.015301976,0.0084355068,0.23387706,0.25380197,0.19788789,0.28939862
272,6,10,3.0193624,285.11614,20.498678,0.0015223471,0.013274103,-0.0027644053,-0.0098979631,-0.01256213,0.01249818,0.26341239,0.23749979,0.2070341,0.19042088
272,6,15,2.5524242,295.59043,20.75621,-0.0093050181,0.0046624836,-0.012962286,0.0052996774,-0.010620614,-0.0015531681,0.22636463,0.17898603,0.15361224,0.18379973
272,6,20,2.0610484,292.01747,20.790839,0.00042830211,0.00011547952,0.00070877409,-0.0020299347,-0.015363619,-0.0054090134,0.15400816,0.14414172,0.090838118,0.18869929
272,6,25,1.9180512,293.30805,21.072882,-0.0057162428,0.012284064,-0.00098458516,-0.00066053279,-0.025467278,-0.0067444249,0.24976764,0.20085649,0.16242963,0.20128126
272,6,30,1.4422315,279.34745,21.097657,0.052874733,0.013014566,0.026910125,-0.023009297,-0.044947884,-0.009861328,0.37074825,0.21056995,0.24597506,0.18392694
272,6,35,0.97144062,267.56001,20.940863,-0.0035402263,0.0085235802,-0.0045193245,-0.00028758859,-0.013952732,0.0026221031,0.25089364,0.18627047,0.18067885,0.12385101
272,6,40,1.1767508,293.52474,20.713956,0.020064483,0.007929069,0.0129453,-0.016605771,-0.074390864,-0.014292105,0.3548348,0.21426893,0.18325867,0.28417726
272,6,45,2.2591432,301.16845,20.051391,-0.00013450974,0.0059805911,-0.0060339651,0.00079460564,-0.014464692,0.025813723,0.22029036,0.27023859,0.18834885,0.18153853
272,6,50,1.5061611,296.49198,20.496976,-0.0090669362,0.0068064943,-0.014368622,0.0066653082,-0.02181656,0.019445324,0.19683927,0.18029782,0.13398636,0.18636808
272,6,55,1.430235,278.11016,20.288909,0.0035606532,0.00063434053,-0.029348632,-0.0051892052,-0.013408012,-0.0043517304,0.37808358,0.25176898,0.19487297,0.16378615
272,7,0,0.70051306,257.87326,20.013727,9.3537424e-06,-0.0042362847,-0.015669398,-0.0013452442,0.0093392902,-0.0044934361,0.34261352,0.31454272,0.25855357,0.15044471
272,7,5,0.47077313,234.36355,19.816446,0.044659287,-0.049875902,-0.079873518,-0.017139973,-0.013331051,0.039143123,0.35729003,0.40782403,0.26416699,0.18401388
272,7,10,0.81093484,269.94904,19.559171,0.039853189,-0.0027381144,-0.1189423,-0.0079884543,-0.027223838,0.048480785,0.50197831,0.55056449,0.2641758,0.18558941
272,7,15,0.98581277,281.78245,19.707687,0.0032170225,0.011914126,-0.024412112,-0.012630855,-0.0053576429,0.0030129371,0.28783581,0.29461491,0.23994875,0.1374634
272,7,20,1.696185,298.0237,19.785956,0.020213103,-0.0027055498,-0.0076020213,-0.0093019435,-0.046094067,-0.010012734,0.30453042,0.27625251,0.21977178,0.32276705
272,7,25,1.9086357,308.87081,19.799621,0.022723877,-0.005670584,0.018045885,-0.016365313,-0.072876254,-0.0019926547,0.33517065,0.31267276,0.17632856,0.35418827
272,7,30,1.83904,294.16326,19.753317,0.023457208,0.018862323,-0.13058314,-0.019571244,-0.29110113,0.042762624,0.71234944,0.40176106,0.26788619,0.59895089
272,7,35,2.6879073,289.55335,19.558373,0.10088665,-0.019416659,-0.19485251,-0.067687745,-0.29973281,0.12168833,0.89044468,0.4936362,0.38302085,0.54012349
272,7,40,1.5384199,260.18888,19.966231,0.079230109,-0.050055568,-0.17051688,-0.051220756,-0.042551958,0.099032833,0.72037929,0.64395133,0.40519686,0.38900421
272,7,45,2.7494922,215.46371,20.976797,-0.056872726,-0.02341265,-0.039274032,-0.035950666,0.030239868,0.019360013,0.64036806,0.42736605,0.32040979,0.3009336
272,7,50,3.5015732,219.07517,21.073149,-0.031940326,-0.016647378,0.092509257,-0.013698226,0.054060779,0.0198445,0.64488623,0.43498915,0.32174732,0.19106744
272,7,55,3.5095436,231.45007,20.794501,-0.0040435863,-0.048037425,-0.012351104,-0.026859881,0.020564044,0.04698701,0.68225952,0.66203043,0.33650956,0.25030666
272,8,0,3.26865,242.316,20.513182,0.025440964,-0.039456625,-0.065253864,-0.015571759,-0.0092808465,0.056201988,0.56775759,0.57048543,0.32096909,0.26292044
272,8,5,3.2995061,253.25747,20.493606,0.056240477,-0.029697917,0.016922043,-0.022519333,0.012971828,0.043864588,0.5537424,0.50638486,0.42935506,0.24093713
272,8,10,3.1055019,259.99656,20.434846,0.00080046097,-0.024153646,0.027414034,-0.0062528458,0.024912505,0.015665915,0.31677765,0.40910264,0.24131018,0.21065459
272,8,15,2.783226,256.90889,20.812703,0.033029395,0.015202696,0.049188782,-0.01531474,0.0076765744,0.042937719,0.32094955,0.38317318,0.2801194,0.23553618
272,8,20,2.3069487,261.96475,20.746669,0.014476196,0.017439244,-0.0008577891,0.011563992,-0.0015007102,0.036171374,0.26092632,0.30671264,0.2478382,0.23946627
272,8,25,2.6560739,277.41832,20.857047,-0.010344028,0.004045513,-0.035197837,-0.010639311,-0.020291905,0.047024089,0.2900352,0.32581548,0.25188666,0.31802582
272,8,30,2.9246857,271.07574,20.507322,-0.0015221292,0.041432542,-0.020618804,0.012479298,-0.024304732,0.037255552,0.26835821,0.37122862,0.22760842,0.41580848
272,8,35,2.8489126,260.70484,20.74737,0.0074036195,0.0063998673,-0.066476548,-0.024300752,-0.030187434,0.014626683,0.42109769,0.66542601,0.37576721,0.31714758
272,8,40,2.7051,253.27696,20.711658,0.015340126,-0.061400102,-0.044919653,-0.04357454,-0.02270926,0.034278015,0.61276619,0.54669204,0.45807252,0.54304224
272,8,45,2.803786,245.87863,20.84922,0.032609676,-0.028811972,-0.18217333,-0.077694291,-0.056329356,0.070684315,0.59859922,0.61778713,0.43328367,0.49133623
272,8,50,3.0219188,225.82651,21.353759,-0.050238835,-0.024208112,0.178195,-0.023706804,0.071755077,0.078272499,0.73189353,0.65043503,0.40021671,0.26725917
272,8,55,3.7512965,219.14897,21.572798,-0.049953306,-0.056702232,0.11388349,-0.0056104431,0.063201472,0.048737704,0.75837184,0.72297371,0.43959189,0.21563886
272,9,0,2.8463148,238.26103,21.271566,0.024489189,-0.057570239,-0.094560723,-0.019473448,-0.015014715,0.053712637,0.58987558,0.7005057,0.4007153,0.22766749
272,9,5,3.1649092,245.44075,21.273123,0.038816907,-0.036954605,-0.17375526,-0.0062289388,-0.010167913,0.021544244,0.7198162,0.5000737,0.37859703,0.18178027
272,9,10,2.7656272,243.28438,21.273304,0.03153129,-0.061913122,-0.067003399,-0.017856191,0.010158236,0.046259555,0.56566505,0.500831,0.39191563,0.21336175
272,9,15,2.6453959,244.1982,21.182425,0.0059976647,-0.013125712,-0.1214837,-0.016193759,0.0067179478,0.027024621,0.63968967,0.55520921,0.39237139,0.20373106
272,9,20,2.4201592,257.65496,20.939459,0.0029810459,0.0033752878,-0.077128667,9.4444965e-05,-0.014346451,-0.003916498,0.46211841,0.39192704,0.22834241,0.26111458
272,9,25,2.3029582,244.88573,21.045341,-0.010763501,-0.019992064,-0.0402888,-0.018492847,0.0095696039,0.027585154,0.4240128,0.5600174,0.40029807,0.15695005
272,9,30,2.2524542,241.16051,20.881251,-0.0025469348,-0.019832192,-0.089666942,-0.015793643,0.018418807,-0.006595418,0.45428847,0.4165879,0.29619217,0.1478871
272,9,35,2.5305569,248.22835,20.999946,0.019232367,-0.0040445938,-0.010164906,-0.01835363,-0.0058821631,0.020037508,0.37930991,0.35960142,0.30311301,0.20917358
272,9,40,2.6935632,252.98405,20.924792,0.015554919,0.021276132,-0.0056956019,-0.0051490672,0.0028831855,0.002808758,0.36036046,0.31470795,0.25984552,0.17932091
272,9,45,2.7089322,249.34047,21.009927,-0.0067180553,-0.030252462,-0.020002309,-0.018274757,0.010662697,0.034473793,0.41262268,0.39668112,0.30073676,0.1978539
272,9,50,1.3324161,230.34309,19.609707,0.013822053,0.0077626259,-0.14112923,0.1076551,0.53674915,-0.3508159,0.56542815,0.45661671,0.42092716,1.2803546
272,9,55,0.46761192,137.09877,17.866444,-0.018026333,-0.0067785778,0.056667249,0.007940626,0.045581533,-0.11391546,0.41249828,0.34227646,0.2664536,0.99769278
272,10,0,0.51436042,281.20335,18.120441,-0.0086584847,0.0015110385,0.013512475,0.011851438,0.12227136,0.071382349,0.33174205,0.26904552,0.3228652,0.93427972
272,10,5,2.1258275,247.91993,20.919818,-0.00034294917,0.020312796,-0.039625486,-0.0051685054,0.0024884033,0.0064056925,0.33214622,0.34887429,0.31248392,0.17033241
272,10,10,2.0888017,250.3775,20.947026,-0.020816673,-0.0052733245,-0.014804509,-0.0071701527,-0.013946168,0.021416711,0.37765567,0.42758847,0.29484779,0.17288944
272,10,15,0.94176589,221.63029,18.954772,-0.017988377,0.010521751,-0.059679797,0.0050055314,0.14798407,-0.18560074,0.37322642,0.40930804,0.27325791,0.76500361
272,10,20,0.5569032,170.1591,18.041427,-0.0012986551,0.0032673166,0.024158909,-0.00037153348,-0.011069378,-0.028764061,0.17729286,0.24160377,0.11458089,0.49315695
272,10,25,0.06470152,158.21961,17.927209,-0.0013917055,0.0029834188,0.0014326675,0.014113428,-0.038001448,-0.00012746483,0.15137179,0.105545,0.12330671,0.36287461
272,10,30,0.35288513,277.02184,18.472735,0.016313789,0.00069885379,0.014159353,-0.0079008947,0.041140074,0.0313439,0.24124321,0.21953279,0.19003838,0.47459982
272,10,35,0.36690382,185.34383,18.849763,-0.002111391,0.0035341898,0.011199942,-0.0064725061,0.043973467,-0.21382267,0.2456044,0.489286,0.24097429,0.6528287
272,10,40,0.12825871,234.31747,19.109981,-0.0083344693,-0.010205739,0.013498012,-0.010299898,0.0079506357,0.021258819,0.18450347,0.22250349,0.16294727,0.20484324
272,10,45,0.12699328,157.17278,18.588682,-0.0075845032,0.002347945,0.0020592252,0.01274325,-0.10457685,-0.0093608004,0.19759112,0.16296954,0.097113263,0.66467072
272,10,50,0.10659156,228.28718,17.777627,-0.011947888,-0.0021919193,-0.038727845,0.013379571,0.050294218,-0.2753124,0.17876544,0.49770606,0.17510894,0.75883633
272,10,55,1.2524119,320.15559,19.242872,-0.0060107892,0.0020706799,0.016690075,-0.013061902,-0.045679666,-0.028046566,0.25188816,0.25615844,0.22609605,0.39072247
272,11,0,1.4574847,309.42285,19.991068,0.0011504409,-0.0040646233,0.022063847,-0.0021933206,-0.044522016,-0.017098162,0.3224569,0.18076189,0.15529813,0.21981035
272,11,5,1.4346348,300.15453,20.070139,0.022087718,-0.0015759918,0.013469375,-0.0098823741,-0.029157294,-0.011168567,0.28002401,0.29366262,0.21332077,0.24880915
272,11,10,0.81495737,322.6233,18.531082,0.02780785,-0.019228151,0.035555754,-0.023086982,0.038810304,0.13329319,0.34529448,0.40091485,0.25749618,0.46643608
272,11,15,0.40701251,25.961388,17.455778,0.013436003,-0.01904665,-0.025013748,-0.012126353,-0.022211648,0.062153053,0.22146062,0.33734964,0.2144733,0.3424328
272,11,20,0.62916205,15.771399,18.031817,0.0092574924,-0.0080975222,-0.021507091,-0.0016431657,0.0024649563,-0.0010958048,0.20519379,0.19389535,0.1471867,0.10258396
272,11,25,1.581881,305.6476,17.770707,-0.00581937,-0.0021887008,0.061979691,0.0054162908,-0.029882565,-0.074171685,0.34383933,0.38213316,0.16372324,0.35615023
272,11,30,1.4253417,293.04167,17.943095,-0.0069233479,0.0039222243,-0.019207136,0.014719441,-0.0014179372,-0.05728542,0.35281529,0.28846378,0.1497248,0.38199388
272,11,35,1.3594952,273.3699,18.510995,0.001958124,0.0029132416,-0.033002665,-0.0043589871,0.012719612,-0.028038138,0.24251807,0.22264616,0.11943262,0.27281731
272,11,40,0.96903186,289.53651,18.623361,0.0022291925,0.007358578,-0.02401104,-0.0049546344,0.010225461,-0.021452415,0.27010099,0.22545417,0.18609771,0.24892907
272,11,45,0.89511286,346.2913,18.224023,0.011288913,-0.0011851706,0.036009648,0.0013939398,0.0016031676,0.0095395016,0.2294052,0.34537852,0.20434215,0.17272337
272,11,50,0.26507789,274.07531,17.928837,-0.0033587848,0.0024991498,-0.0010164174,0.003116684,-0.0014123423,-0.0080345018,0.14271329,0.093134512,0.085947634,0.19006565
272,11,55,0.75567593,262.59283,18.259623,0.00081385118,-0.00078575228,0.0016839935,-0.0010476791,-0.0024238375,-0.0014792792,0.095470785,0.09240679,0.070425713,0.071996791
272,12,0,1.3503305,285.74016,18.603511,0.010285739,-0.0022100188,-0.0063448525,-0.003821614,-0.015799785,-0.0014755439,0.26278147,0.1432308,0.12605653,0.15447434
272,12,5,1.3331959,295.16016,18.924605,0.0045920861,0.0035381799,0.0035327516,0.00030244669,-0.014704198,-0.0026696746,0.14646953,0.10020747,0.11660918,0.1602673
272,12,10,1.1245069,285.54926,18.812992,-8.2950582e-05,-0.0005587787,-0.00014861187,-0.00077759094,-0.00054498466,0.0012386503,0.12053208,0.075664614,0.06993949,0.064449202
272,12,15,1.5138365,287.98304,18.740286,-0.0006246893,0.010806971,0.005249044,0.0038576633,-0.015438901,-0.018899621,0.25067224,0.21257227,0.16131773,0.22759823
272,12,20,1.1171971,303.59813,19.077727,0.053207546,0.018478116,0.050324989,-0.014220737,-0.012223366,-0.0061742126,0.33389087,0.37200892,0.3286802,0.12954893
272,12,25,0.97351791,292.31221,18.931003,0.011555009,0.0017731888,0.022294581,-0.0052896055,-0.047045068,-0.013640195,0.28840582,0.24730571,0.17388607,0.23519683
272,12,30,0.51004208,307.58932,18.861357,0.073038861,0.034433653,0.073047333,-0.019575875,-0.057077474,-0.016927548,0.47977629,0.40452799,0.24533964,0.20616725
272,12,35,0.63600467,259.65316,18.456582,-0.022238422,0.012693273,-0.02833613,0.0052954735,-0.014598306,0.028926649,0.24820067,0.27254609,0.18429889,0.22502286
272,12,40,0.16742305,121.42699,17.680968,-0.004656478,0.019980529,-0.001159968,-0.0031057151,0.00043894282,0.0035281078,0.13645515,0.18420993,0.27815644,0.076183274
272,12,45,0.2087986,167.164,17.947644,0.003818461,0.0038452414,0.011909718,0.0054375496,0.0091606294,0.001997261,0.168141,0.10056253,0.079540664,0.15885428
272,12,50,0.98311148,278.15908,17.689595,0.014928697,0.005171337,-0.011655461,-0.0073165651,-0.018670726,0.0088277261,0.33448319,0.22745643,0.21323465,0.19876506
272,12,55,0.97936549,263.53139,17.765129,-0.011992721,0.0041995903,-0.028318756,-0.0077031661,0.036015523,-0.019727555,0.24987867,0.20412509,0.14890068,0.26521378
272,13,0,0.1395046,127.73443,17.154213,-0.053905816,-0.012466242,-0.030131777,0.036624616,-0.032237546,0.0042654383,0.30040597,0.22466022,0.43427068,0.22142432
272,13,5,1.0523616,97.230699,16.596224,-0.0060698629,-8.3131727e-05,0.009316529,-0.013523635,0.02616266,0.0054106344,0.2476671,0.13005717,0.16249431,0.21554602
272,13,10,0.91146163,357.321,16.259913,-0.012916551,0.014992829,-0.014608914,-0.0095846603,0.01469868,-0.038941045,0.22766717,0.28111917,0.1842098,0.30846265
272,13,15,1.2346515,6.6828137,16.299379,-0.0034995991,-0.0055492403,0.0062310443,0.0013911259,0.0018465834,-0.052395663,0.22882993,0.32719982,0.19236767,0.26143288
272,13,20,0.76257398,335.19479,16.946397,0.0017563698,0.014146163,-0.00077073997,-0.0060265328,0.00079584327,-0.0082035703,0.13674383,0.19011115,0.1468379,0.087927738
272,13,25,0.49549166,345.00725,16.940778,-0.00091632468,0.0049818625,0.0015349794,-0.0054889553,-0.0047338362,-0.020125245,0.16533103,0.24235947,0.12384908,0.17589597
272,13,30,0.30908928,264.4707,16.678032,0.0056596154,-0.0037481123,0.001983512,-0.0009192893,-0.0026760979,-0.0054469743,0.13955987,0.16438299,0.11709095,0.11658434
272,13,35,0.37877738,243.3053,16.845372,0.0030803537,-0.00028722162,-0.0036485836,-0.0010951823,-0.0017576929,0.00039826454,0.102895,0.11037199,0.071830337,0.050519509
272,13,40,0.5054967,306.57279,17.064247,-0.00022872298,0.00045050513,0.0021203508,-3.1545493e-06,-0.0016155646,-0.0015500248,0.075709706,0.066674446,0.046822936,0.047018424
272,13,45,1.1052794,286.01307,16.998219,0.00064405788,0.00027838011,0.0043110171,-0.00080677553,-0.0088238549,-0.0022041028,0.13364416,0.078046193,0.054063856,0.098111917
272,13,50,1.5318923,275.99378,17.098413,0.0012646666,-0.00036880087,0.00042995967,-0.001444987,-0.011111845,-0.0014316988,0.11498324,0.074398354,0.050700257,0.1241087
272,13,55,1.7383805,281.50179,17.32901,5.1105674e-05,-0.0018356161,0.002129331,-0.0004962447,-0.011399929,0.0015583819,0.14539528,0.12498992,0.089413176,0.12664815
272,14,0,1.6008954,284.02385,17.741161,0.01570615,-0.0015907327,0.0053372738,-0.012232629,-0.066857435,-0.0047399726,0.3274322,0.19133949,0.15706118,0.28895065
272,14,5,1.9134954,288.42455,17.946823,0.008193948,0.0024909531,0.0095209858,-0.0052553244,-0.042724968,-0.0083957931,0.23986967,0.12588245,0.10404018,0.21756964
272,14,10,1.8341673,291.38953,18.405193,0.0013514563,0.0027604037,-0.0048827334,-0.0011905305,-0.019120602,0.0040682279,0.17223157,0.11966568,0.098436158,0.15029763
272,14,15,1.6477514,270.27777,18.81498,0.0026148521,0.013618233,-0.0036847202,0.0013799174,-0.00045397514,0.0037381533,0.2072525,0.1801015,0.16101449,0.099465595
272,14,20,1.5529556,257.67948,18.925108,0.0057422486,0.0099364102,0.023515166,-0.0036806352,-0.031409528,-0.0093325786,0.44999604,0.24985012,0.18343722,0.11356055
272,14,25,2.3508779,247.2871,18.802088,0.19940737,-0.0012979751,-0.11109878,-0.053118534,-0.15614305,0.020334295,0.83266237,0.42663779,0.46521319,0.25808631
272,14,30,2.8740656,244.292,18.665087,0.14746857,0.01811202,-0.23964276,-0.076602769,-0.13143109,0.027644367,0.95479135,0.6148012,0.54343725,0.31888077
272,14,35,2.9625912,245.59655,18.781184,0.43724248,-0.022188161,-0.28715459,-0.11142881,-0.23143402,0.054129542,1.1400761,0.66202974,0.64557527,0.34629964
272,14,40,3.5372417,240.70194,18.949825,0.12294138,0.0071674267,-0.19557868,-0.046832429,-0.15413418,0.036062082,0.96315408,0.6539572,0.46617584,0.34660496
272,14,45,3.4483187,240.05739,18.996304,0.19887167,-0.00679888,-0.24767405,-0.10535925,-0.17540055,0.068324915,0.98197134,0.7275278,0.57801918,0.38195918
272,14,50,4.2553201,239.40086,18.860123,0.15960872,0.027920024,-0.27642104,-0.086326399,-0.19418528,0.0017009695,1.1768079,0.84201491,0.60629875,0.48189153
272,14,55,3.8118403,238.26352,19.100029,0.20199794,-0.064576473,-0.39507765,-0.10714734,-0.24063257,0.10895285,1.070914,0.75787741,0.59098147,0.43381699
272,15,0,4.7700733,239.7787,18.866007,0.11252058,-0.037666335,-0.24668905,-0.062511259,-0.10956933,0.08625252,1.052654,0.77228445,0.55831171,0.46080623
272,15,5,4.3643149,242.65625,18.998053,0.05159007,-0.072146612,-0.29729839,-0.01557159,-0.10393873,0.087956106,1.0033567,0.70128219,0.61768316,0.37164457
272,15,10,3.9080428,247.34009,19.565903,0.048099538,-0.003914349,-0.08008469,0.029256769,-0.29647085,-0.048452036,1.1725393,0.87247458,0.67811592,0.51805495
272,15,15,4.8448894,237.0745,19.293748,0.022566943,-0.057992999,-0.39175684,-0.0027646238,-0.25150327,0.095264747,1.3003713,0.92352212,0.62631416,0.49730518
272,15,20,5.1599728,241.86929,18.901632,0.046144515,-0.0072665501,-0.0053969364,0.047246337,-0.034422371,0.037595865,1.1226062,0.83274341,0.60476174,0.25026893
272,15,25,5.7759406,240.51435,18.805644,0.044002431,-0.044041719,-0.10484643,0.023019864,-0.0017896877,0.034357535,1.075727,0.86529257,0.58109111,0.22792705
272,15,30,6.0742602,242.46217,18.650862,-0.070100288,-0.051780563,-0.18043274,0.029587517,-0.033158734,0.022705998,0.98625703,0.76620221,0.56985961,0.19366717
272,15,35,4.9735034,242.7565,19.075533,0.19424111,0.003594556,-0.18423376,-0.041281195,-0.016320796,0.23052009,1.4840327,0.9761046,0.73961922,0.63676648
272,15,40,5.3236656,239.77012,19.155061,0.1359917,-0.0059181907,-0.22569991,0.065041976,-0.087285646,0.098118122,1.3155839,0.97334374,0.74631831,0.57528445
272,15,45,4.8701613,234.10708,19.004476,-0.14700964,-0.092418274,-0.18834936,0.04127275,-0.087937338,0.091496341,1.1766697,1.1283238,0.68104062,0.46618203
272,15,50,4.6476739,238.40008,18.739962,-0.028054308,0.0093948392,-0.58718118,0.0054586128,-0.12766014,0.039049256,1.4921306,0.92335596,0.70184249,0.46097422
272,15,55,5.5714576,241.21891,18.610879,-0.088565788,0.06349511,-0.27749258,-0.011190361,-0.016701717,0.024279391,1.1539578,0.88776946,0.6819774,0.34090681
272,16,0,5.7137862,241.13256,18.397502,-0.089252588,-0.057341501,-0.32271798,0.038773132,-0.072171239,0.038627493,1.1578318,0.8545637,0.62134638,0.23648115
272,16,5,6.0509366,239.70286,18.452058,-0.17356954,-0.022556476,-0.21444487,0.043340308,-0.063949141,0.034141654,1.2230812,0.88970986,0.61120631,0.28615135
272,16,10,5.5644424,235.81993,18.718877,-0.038588162,-0.11400192,-0.11112057,0.01635289,-0.050042745,0.054938829,1.1225906,0.92715355,0.5564506,0.32272116
272,16,15,5.5255308,235.71273,18.651647,-0.02032939,-0.089906399,-0.15646132,-0.0045627349,-0.065857063,0.13056437,1.0258657,0.94302769,0.56957954,0.39650485
272,16,20,5.2980849,233.80079,18.923906,-0.024245942,-0.10754511,-0.095126306,-0.013876154,-0.046689171,0.11497968,0.94812234,0.91679445,0.52192688,0.39659563
272,16,25,4.4581615,229.8408,19.745627,0.0046982734,-0.10519045,-0.011152668,-0.053013736,-0.062681817,0.16869575,0.86756973,0.84332948,0.4172885,0.49593703
272,16,30,3.9359367,235.13438,20.346395,0.067075057,-0.066714098,-0.24539739,-0.046569535,-0.16135925,0.11937503,0.86567239,0.73443958,0.40241436,0.3908312
272,16,35,3.8336424,237.83298,20.427958,0.057212502,-0.034061206,-0.19626555,-0.02303422,-0.13314081,0.079181243,0.91503399,0.67289727,0.4797323,0.33761813
272,16,40,4.3275273,241.71357,20.261099,0.063359155,-0.043013113,-0.27415918,-0.013186299,-0.18304816,0.073870667,1.0460159,0.66352313,0.51861738,0.36600817
272,16,45,4.8998955,240.96266,20.030902,0.031574089,-0.046387292,-0.2052247,0.036175211,-0.10882234,0.073794497,1.0945451,0.71019426,0.6010944,0.37687962
272,16,50,4.5989716,238.07092,20.175467,-0.011935186,0.0044628782,-0.19845413,0.025646638,-0.11895213,0.11757352,0.94256464,0.81894353,0.50316697,0.37924305
272,16,55,4.9242126,241.93373,20.169231,-0.047898007,-0.046299873,-0.22387638,0.033952948,-0.065213829,0.024215835,0.98647583,0.73090484,0.59798646,0.33499585
272,17,0,5.0889323,242.27881,20.11477,-0.14069049,-0.052551096,-0.16138862,0.093831416,-0.099366019,0.022534134,1.0225509,0.74794521,0.65393436,0.39821416
272,17,5,4.9525713,242.6861,20.036413,-0.078807285,0.034181516,-0.18438125,0.099539525,-0.10144024,0.087051311,0.96557188,0.83120985,0.58083543,0.35850658
272,17,10,4.8149311,237.01641,20.124939,-0.052213,-0.036902116,-0.1325988,0.081882361,-0.12640342,0.1033246,0.96146441,0.93401774,0.52777694,0.397963
272,17,15,4.6405974,241.20042,20.371251,-0.089448893,-0.095022857,-0.19798159,0.12488743,-0.07771886,0.018097563,0.94146662,0.75873111,0.68693477,0.35312574
272,17,20,5.0336155,241.38755,20.339418,-0.079407306,-0.020202381,-0.22877363,0.08708357,-0.085325438,0.052648364,0.92427,0.73149917,0.61842194,0.32747345
272,17,25,4.2980369,238.27066,20.618075,-0.10725555,-0.076083048,-0.15160764,0.10765468,-0.09528978,0.031709422,0.86568214,0.74002849,0.62345338,0.35348939
272,17,30,4.0722438,239.38756,20.872274,-0.076030885,-0.036983071,-0.13696096,0.1173133,-0.12340581,0.031774212,0.90633829,0.73329472,0.64079077,0.35332693
272,17,35,3.376264,225.48725,21.477751,-0.058621812,-0.0078641687,0.081285854,0.13150469,-0.062593049,0.031786614,0.74933082,0.65770567,0.60595904,0.40942852
272,17,40,3.4609556,236.97937,21.503783,-0.058108984,-0.032139262,-0.228229,0.12972657,-0.15004845,0.062602153,0.8889078,0.69000256,0.6209525,0.43915701
272,17,45,3.6262749,227.79026,21.428541,-0.046640919,-0.055089027,0.035556831,0.037271149,-0.093672539,0.066151733,0.80328619,0.75734678,0.46283239,0.38651681
272,17,50,3.9364982,238.51326,21.185551,0.010783115,-0.065097136,-0.16576987,0.10784687,-0.098190423,-0.0047959266,0.86146982,0.6953163,0.64507246,0.38351498
272,17,55,4.6566637,246.05071,20.935416,0.079368662,-0.05006164,-0.09208222,0.011938703,-0.01350288,0.0011099319,0.69584834,0.5372109,0.48622289,0.15225529
272,18,0,3.8163605,247.37082,21.645928,0.048592113,-0.14512389,-0.086902083,0.076734287,0.034877603,-0.036980835,0.73772747,0.73516016,0.56947388,0.33371377
272,18,5,3.838579,244.83334,21.536381,0.076888644,-0.074722511,-0.0945681,0.072097147,-0.043362183,-0.025802424,0.72260716,0.50491573,0.54559173,0.30905336
272,18,10,4.1436026,243.57814,21.440936,-0.016731855,-0.032742162,-0.10534737,0.047854399,-0.067229335,0.00010481935,0.72624224,0.50969191,0.4839067,0.2891377
272,18,15,4.1583423,249.67328,21.530659,0.054535039,0.0026097957,-0.071496222,0.0062887754,-0.052237167,0.0049279535,0.58613636,0.42014118,0.39820424,0.20617583
272,18,20,3.3094077,244.62929,21.839357,0.093910814,-0.080320201,-0.20327713,0.075949345,-0.074912085,-0.0065323017,1.0289647,0.58618322,0.74226404,0.28837182
272,18,25,2.7925588,242.23348,22.317555,0.018682318,-0.066950296,-0.076856832,0.16044611,-0.015271381,-0.0041711868,0.61428664,0.52521156,0.58672487,0.49134375
272,18,30,3.5256578,248.31941,21.916067,0.036236547,0.0045896717,0.0030398145,0.011356922,-0.048247161,0.017949488,0.76854411,0.49554304,0.44810373,0.22435804
272,18,35,3.1437921,260.74971,22.183636,-0.080125946,-0.070219043,0.13929608,0.11559387,-0.16390421,-0.048297238,0.78238588,0.56253299,0.56340763,0.37918467
272,18,40,3.3548015,249.21456,22.305665,-0.0067322942,-0.025896524,-0.17201354,0.063645079,-0.18990398,0.059640693,0.91408715,0.68114969,0.49031712,0.37099659
272,18,45,1.4881612,209.33211,22.676627,0.0038932568,0.010918584,-0.015542198,0.076892742,-0.028157019,0.010592462,0.50223597,0.77840068,0.60742237,0.30006883
272,18,50,1.957359,239.93174,22.692532,0.01198101,0.065239838,-0.17287458,0.084237894,-0.046409846,0.056412588,0.63340696,0.58097105,0.63408179,0.24296077
272,18,55,2.4570596,241.72034,23.192671,0.032864958,-0.0029166294,-0.12022275,0.25093731,-0.10592768,0.054107332,0.69623347,0.49355797,0.71299871,0.59285582
272,19,0,3.0677976,275.34163,22.578893,0.094726333,-0.073215202,0.055872748,0.067205807,0.0083710355,-0.028716587,0.60486758,0.55988779,0.57492707,0.33407365
272,19,5,1.2381199,242.92049,23.258172,-0.14535616,0.14778453,-0.23053921,0.19399978,-0.10660921,0.060999232,0.75719983,0.74924186,0.63284421,0.53133164
272,19,10,1.5759558,226.50805,23.306108,-0.089695761,0.19183502,-0.26112198,0.17573707,-0.095793379,0.17596187,0.65901117,0.88629934,0.57438011,0.53341555
272,19,15,1.9922389,262.79506,23.05532,-0.061451164,0.02247564,-0.70110592,0.038555745,-0.048845175,0.043088319,0.87692444,1.029657,0.52533863,0.23623408
272,19,20,1.8295234,168.076,23.605847,-0.071086338,0.055940434,0.11315292,0.1902387,-0.029494359,-0.00998584,0.80534613,0.80649623,0.65986875,0.47936362
272,19,25,1.7209228,220.60441,23.634762,0.10559948,0.38339659,0.33329643,0.053545577,-0.22481301,-0.00085924289,0.79279219,1.4599246,0.63549628,0.52802153
272,19,30,3.2567024,269.69784,23.13963,0.12588783,-0.01196627,0.056768665,0.0059394636,-0.046188535,0.0034798082,0.8805847,0.86768908,0.86346858,0.12946995
272,19,35,3.5855369,289.01098,23.547277,-0.077251092,-0.04382036,0.093619478,0.17557632,-0.085976798,-0.033370711,0.93162548,0.57839208,0.67091562,0.47954668
272,19,40,4.2838127,264.45371,23.585841,-0.087784455,0.022817169,-0.2468716,0.13372481,-0.37005872,0.061740192,1.4076864,0.8140511,0.65484877,0.42860892
272,19,45,1.9102748,261.0517,23.965233,-0.11259128,-0.091137644,-0.82573595,0.13244953,-0.17384303,0.048257057,1.3828967,1.1724111,0.71841872,0.41977328
272,19,50,3.4253996,283.13911,23.831363,-0.020520001,-0.0051164256,0.12859915,0.17911993,-0.14447644,-0.041407224,0.77397295,0.71754946,0.72294493,0.46529245
272,19,55,1.6365791,251.539,24.647647,-0.41225472,0.37244329,-0.40095133,0.43279213,-0.2267889,0.14601463,0.93137824,1.2579967,0.89277292,0.75747682
272,20,0,2.7637366,269.3792,24.068751,-0.29691273,0.0080976166,0.0565884,0.13546337,-0.11792642,0.0099556123,0.93746042,0.81943284,0.71555692,0.42860842
272,20,5,2.9897384,268.98498,24.446924,-0.045715629,-0.11351941,0.30407138,0.061203016,0.097135289,0.025588643,1.1277909,0.79646711,0.58884702,0.37356066
272,20,10,0.5721901,152.0278,24.615319,-0.75364456,-0.37888469,0.33483659,0.13469347,-0.034581617,-0.0031685205,1.0426558,0.72863233,1.0066298,0.51985687
272,20,15,2.9728771,177.07163,24.236381,0.13668654,0.056963193,0.52218052,0.13803909,0.068824778,-0.084990895,1.1086346,1.0882915,0.71420892,0.42486532
272,20,20,1.0870517,285.19114,24.500051,0.2828199,0.037796935,0.17034498,0.17401708,-0.036041444,-0.051106309,0.86146691,0.5714727,0.7128949,0.56830644
272,20,25,1.5779626,300.65589,24.498833,-0.088350203,0.18152429,0.045250834,0.11004987,-0.055579488,0.029513646,0.5649097,0.58460382,0.75176316,0.28254572
272,20,30,0.58733084,195.88401,24.997633,-0.2932079,-0.33001929,0.11393003,0.42544775,-0.16977226,-0.13885504,0.60431536,0.76827336,0.850098,0.70141388
272,20,35,2.6757925,165.20736,24.52265,-0.12141693,-0.0060868382,0.070111435,0.10385543,-0.063755939,-0.029836423,0.78757304,0.52926841,0.53868297,0.40506435
272,20,40,2.7583527,168.35878,24.568826,0.0029478384,-0.00043150559,-0.053669995,0.10921665,-0.018492367,-0.047283076,0.59638186,0.61683192,0.51630077,0.39169655
272,20,45,3.3680201,166.56458,24.415144,0.029027131,0.045497082,0.14161727,0.056297495,0.024053087,-0.0090258821,0.66324672,0.68580628,0.449438,0.27756789
272,20,50,3.4147456,187.4949,24.456867,-0.086574906,0.035217342,-0.17015205,0.035669028,-0.079263993,0.025151758,0.81495595,0.52989362,0.46940205,0.21021278
272,20,55,0.58451839,177.24496,24.998491,-0.056112379,-0.089231636,0.36602514,0.086275394,0.065220598,-0.082885952,0.65996398,1.1122127,0.41425958,0.4814353
272,21,0,3.3506152,151.47535,25.112027,-0.14223458,-0.083316627,0.35807359,0.15046664,-0.130239,-0.10896912,0.85414577,0.93444627,0.75084351,0.58054798
272,21,5,1.2355818,150.00711,24.738358,0.26252227,0.039833671,-0.030759303,0.045155275,-0.096352953,0.030435128,1.1408825,0.40198198,0.46790263,0.3396498
272,21,10,3.1392315,149.88977,24.547449,0.11914202,0.098057985,-0.15641864,0.012975422,-0.0038000602,-0.010551974,0.74305001,0.73009378,0.57168753,0.12448917
272,21,15,0.37940787,200.26618,25.013293,-0.056468717,-0.17999185,-0.063553945,0.092557093,-0.092859724,-0.032505303,0.55353434,0.64583055,0.57955372,0.31048057
272,21,20,2.2257543,132.30365,25.036789,0.074580379,0.034384831,-0.01581887,0.13861258,0.052625246,-0.019741748,0.65968955,0.44185114,0.5295209,0.43032843
272,21,25,2.0464917,120.79344,25.051548,0.10895407,0.021635189,0.084556125,0.082057937,0.020864516,-0.03453276,0.75547724,0.66631604,0.57919763,0.29179343
272,21,30,2.4095741,92.419526,25.336878,-0.016097647,-0.039369571,-0.13301865,0.21180894,0.020886165,-0.037408101,0.67593895,0.64236897,0.59428992,0.49955731
272,21,35,3.2987592,98.561746,25.403606,-0.10502203,-0.052557492,0.0071359181,0.29665496,-0.082669071,0.0024554275,0.51844364,0.47352721,0.68632785,0.60196199
272,21,40,3.5483129,97.317229,25.33317,-0.041830958,0.0073639348,-0.22359069,0.14634555,-0.0033635037,0.01079283,0.76764612,0.96484851,0.59700842,0.44101317
272,21,45,2.772905,100.14539,25.139729,-0.12055518,-0.062922119,-0.058761889,0.054397076,-0.039106869,0.015404275,0.69735201,0.78428584,0.82417847,0.22007191
272,21,50,1.8012455,96.386277,25.197304,0.053505919,-0.12571062,-0.15498758,0.011334015,-0.03938914,-0.021959465,0.78137958,0.91902393,0.49585386,0.22060278
272,21,55,3.2184936,84.163085,25.259135,-0.031034468,0.012485922,-0.11932763,0.088039006,-0.036902939,-0.023504087,0.70421979,0.54946621,0.54212318,0.29811012
272,22,0,1.6624713,80.786558,25.182701,0.094881567,-0.10190149,-0.35850131,0.049723932,0.018373907,-0.008835968,0.77801419,0.98321783,0.70987598,0.16647454
272,22,5,3.132468,121.3407,25.240837,0.062822962,-0.024700542,-0.001255803,0.061168118,0.025769757,0.01265743,0.63100207,0.51445395,0.46750484,0.26924815
272,22,10,3.7468662,107.80497,25.371127,-0.044935774,-0.11549304,0.59217215,0.12619868,-0.051533289,-0.052639459,0.87148781,1.1110332,0.54054408,0.39846554
272,22,15,2.779812,78.195448,25.608478,-0.2438606,-0.06823244,-0.12536822,0.21712026,-0.11678849,-0.044838828,0.65527088,0.73177052,0.63883862,0.49855349
272,22,20,3.1412428,88.617384,25.439487,-0.014381071,-0.13143899,0.15236506,0.12224981,-0.035639238,-0.06022465,0.67220751,0.63319696,0.55132546,0.3785995
272,22,25,1.846173,45.781796,25.274755,0.053427802,0.061958634,0.071294519,0.027152522,0.0014404471,0.015017278,0.54957104,0.72523221,0.44204696,0.16060525
272,22,30,1.3679563,29.280444,25.269779,0.033057104,0.092884861,0.065366826,0.026440964,-0.0039701597,0.00096767758,0.47037805,0.54123922,0.57646642,0.14876518
272,22,35,0.6729819,158.43148,25.508316,-0.024770482,0.040330384,-0.010288666,0.080556258,0.009140419,-0.0062786002,0.3962129,0.3370594,0.51625323,0.29328492
272,22,40,0.67092466,168.25296,25.469035,0.0059714142,-0.022868971,-0.012638277,0.037845117,-0.013610757,0.0053998263,0.27418062,0.55423726,0.30292955,0.22636956
272,22,45,2.9112012,112.03095,25.469003,0.013803244,0.0036253817,-0.10064756,0.057331685,0.013282173,-0.014422895,0.622079,0.58740197,0.40953157,0.27758202
272,22,50,2.9701485,79.739805,25.432301,-0.094032451,0.079606322,-0.033310707,0.069528985,-0.041757425,-0.061038471,0.54016976,0.94243121,0.42765019,0.3957907
272,22,55,3.1918623,55.668434,25.183038,0.034014738,-0.020070109,0.073474814,0.023388458,-0.0044307927,-0.0053601302,0.54318167,0.55825095,0.34632956,0.16150225
272,23,0,2.3700109,58.643545,25.315357,-0.010040799,0.012310623,-0.089349071,0.08385806,-0.015277459,-0.0087918438,0.51390292,0.5151231,0.49555896,0.27187865
272,23,5,1.9022472,62.070643,25.231451,0.032610627,0.0078344015,-0.032258437,0.013202768,-0.033320231,0.010185051,0.50945198,0.33481661,0.44533703,0.13033884
272,23,10,2.9921311,70.549881,25.228688,-0.1017282,-0.04660025,-0.0042264976,0.053121237,-0.10984465,-0.0088799948,1.0989708,0.53687141,0.49103354,0.24201088
272,23,15,2.8067338,64.374221,25.094023,0.0039372855,0.062175258,0.040870588,0.016886909,-0.014467368,-0.010928129,0.59042823,0.74340614,0.37390639,0.14171507
272,23,20,2.3912232,109.29211,25.151316,0.089820355,0.03847752,0.4827348,0.034006223,0.023474325,0.0058172416,0.96260392,0.64642602,0.49984409,0.15090634
272,23,25,2.577485,125.2541,25.187972,0.052392031,-0.0022188538,0.26680854,0.054103195,0.017158871,0.031317976,0.60602416,0.86813465,0.63691341,0.18829259
272,23,30,1.7046988,134.43616,25.351576,0.041990888,-0.0076908396,-0.046687753,0.050171503,0.017474031,0.013861435,0.42161984,0.36770871,0.33706466,0.25623156
272,23,35,1.8145077,129.47602,25.262535,-0.0011815012,-0.057402926,0.12747159,0.028005985,-0.0076250228,-0.026084783,0.62262655,0.48610643,0.34079956,0.17376035
272,23,40,2.6039588,111.62186,25.265823,0.02092509,0.017995541,0.0025471446,0.032170448,0.022473707,0.015132093,0.40588383,0.36188737,0.33637531,0.18835964
272,23,45,2.1452155,63.134055,25.227133,0.0047049833,-0.0047752405,0.13325762,0.02281884,0.00080788213,0.003616968,0.37597112,0.5834755,0.32852626,0.14685864
272,23,50,1.7637179,76.566171,25.223836,-0.016735889,-0.0055457994,-0.011435921,0.021610077,-0.012359886,0.005699478,0.31071896,0.29968474,0.32058853,0.11768611
272,23,55,1.2276904,42.287877,25.165387,-0.00098939869,0.0075489674,-0.054231273,0.0086767548,-0.006877407,0.00029136111,0.40504763,0.25198715,0.26715728,0.076727259
273,0,0,0.35047891,306.84854,25.193405,0.01246399,-0.0039941444,-0.0016876263,-0.0045042267,-0.0042462147,0.0034789322,0.15959257,0.13482035,0.16570405,0.076060392
273,0,5,0.66361996,74.631346,25.201146,-0.0080465563,0.011406183,-0.087048007,-0.00080292699,0.010515584,-0.002697153,0.39387298,0.51803358,0.27560486,0.079935553
273,0,10,1.8016076,45.296249,25.02874,-0.20433668,-0.09070623,0.1335378,-0.012791064,0.015821078,0.0045986639,0.64883127,0.60941879,0.53788635,0.05655444
273,0,15,2.1113613,34.138905,24.906385,-0.057432801,0.035031584,-0.051938948,-0.0064935505,0.0073675057,-0.0024383558,0.38693149,0.41466302,0.33400446,0.066860254
273,0,20,1.3088588,32.044359,24.844855,-0.017663178,0.076078298,0.014557931,-0.0099917736,0.0079790757,-0.0069685294,0.38006539,0.50151705,0.39624157,0.057398834
273,0,25,0.79383661,37.583635,24.823515,-0.0011408738,-0.011360657,0.02581398,-0.0021783695,0.002123461,0.000467838,0.27841148,0.29375727,0.3230106,0.041627418
273,0,30,1.1713667,22.575125,24.773571,-0.019797042,0.0022244032,0.02280483,-0.0078102435,0.011569058,-0.0067018243,0.32363136,0.27476055,0.21767819,0.086330889
273,0,35,1.5314549,6.5280668,24.841545,-0.0063055707,-0.014720206,-0.01476681,0.00082310303,0.006434056,-0.011584835,0.35069503,0.38988344,0.19875365,0.072009762
273,0,40,1.0828393,318.97162,24.69788,-0.014164222,0.017164867,0.017583772,-0.0081526832,0.011401119,-0.024248471,0.31813132,0.36003804,0.19448257,0.15297233
273,0,45,0.63341063,303.96522,24.572212,0.03099025,0.070198742,0.15461013,-0.0071982667,-0.00046989228,-0.002120245,0.51950952,0.49066031,0.35836098,0.12007077
273,0,50,0.40995668,359.54101,24.557152,0.011163551,-0.021933841,-0.0091578209,0.0029756878,0.022131732,-0.011408649,0.31581131,0.30463389,0.20972996,0.10695632
273,0,55,0.34732553,28.037871,24.648226,0.0063401548,0.017944964,0.0065210127,-0.002811373,0.010425055,-0.0051698034,0.28167651,0.27150689,0.18149816,0.094125283
273,1,0,0.49596384,43.919446,24.596175,-0.017471763,0.032517045,-0.0084774815,-0.0085039042,0.0021956656,-0.017375158,0.35549182,0.42162039,0.2400676,0.13653681
273,1,5,0.52520411,347.52568,24.339269,-0.018608251,-0.01253915,0.005576863,-0.011418424,0.014829815,0.0018362237,0.23524295,0.31755115,0.19222244,0.17187258
273,1,10,0.59730084,277.73068,24.340811,0.012941458,0.0047648881,0.0065914674,-0.0099047884,0.0037562098,-0.010699874,0.22994162,0.26264579,0.26925207,0.10248974
273,1,15,0.69320919,295.06307,24.273481,0.00079846345,0.018304538,0.010354579,0.00011307484,-0.005478916,-0.0057435869,0.21800227,0.25969294,0.17127284,0.081738031
273,1,20,0.91794671,353.55698,24.326973,0.030645895,-0.0051604127,-0.092865473,-0.0045568175,0.03596256,-0.044920219,0.45204041,0.39871292,0.25345703,0.20306251
273,1,25,1.0773215,339.89389,24.20646,-0.0093701834,0.013123486,-0.051898039,-0.017036442,0.025090025,-0.048439606,0.42688292,0.4440779,0.26015058,0.24807759
273,1,30,1.3469726,316.49639,24.139824,0.012399548,0.069652407,0.053590743,-0.02708174,-0.0091398388,-0.075766414,0.42555277,0.55816961,0.3037607,0.22375771
273,1,35,1.7035243,325.88622,24.137509,0.0089872035,0.001609238,0.03517056,-0.0065953517,-0.022749832,-0.11129079,0.32554886,0.64196624,0.26186047,0.29514541
273,1,40,2.2179422,315.04968,24.103001,-0.0037623774,0.018583169,0.027281082,-0.019566927,-0.012926448,-0.044924396,0.28266351,0.33688567,0.17751489,0.2470539
273,1,45,2.0795249,320.9133,24.308034,-0.017914187,-0.0092729348,0.0053339922,-0.0037763072,0.0028262388,-0.033420599,0.3230763,0.52518101,0.24562376,0.24064325
273,1,50,2.1821443,337.50603,24.400837,0.016263926,-0.025871534,-0.036495338,0.00090945403,0.014223433,-0.021571774,0.37196176,0.43324561,0.25914213,0.18690178
273,1,55,2.2284971,338.65006,24.367182,-0.027067933,-0.033621857,-0.031813654,-0.023995309,0.046757116,-0.025041131,0.37448765,0.49175275,0.31256776,0.29200486
273,2,0,1.9725919,331.02596,24.426943,-0.0056217434,-0.0085415132,0.030691462,-0.00082758828,0.00063584784,-0.014649594,0.33586619,0.37996065,0.20920809,0.12896189
273,2,5,2.3139807,316.408,23.982041,-0.0043324796,0.012982298,-0.0039752017,-0.016242008,-0.0050991268,-0.090964576,0.26312943,0.37293421,0.18387952,0.46519614
273,2,10,2.1243082,311.4563,24.002044,0.0084581878,-0.0016340301,-0.019498383,-0.00092979526,0.02479623,-0.18807808,0.25317652,0.45457498,0.15037684,0.50094971
273,2,15,2.2171888,296.50102,23.628001,0.0013874289,0.02753632,0.058561628,-0.017254802,-0.070726019,-0.16371874,0.33871639,0.51514031,0.22751069,0.51605475
273,2,20,2.3541105,286.48959,23.373896,0.040608138,0.016480158,0.08876476,-0.036770579,-0.14964288,-0.12956222,0.45216756,0.40084428,0.24353266,0.54578498
273,2,25,2.081573,292.73833,23.587054,0.044716327,0.061552474,0.12726553,-0.045157541,-0.12716915,-0.21337623,0.44807482,0.54816162,0.26292237,0.55083428
273,2,30,2.3673265,286.22883,23.238421,0.0084194618,0.007888886,0.15505178,-0.010913129,-0.22996057,-0.18986235,0.53345634,0.46334191,0.23142346,0.58400377
273,2,35,2.3686821,282.19944,23.117032,0.018031379,0.015567125,0.070709295,-0.017689849,-0.061507655,-0.078568921,0.40342673,0.39191752,0.26326364,0.43072483
273,2,40,1.8177098,286.30103,23.700356,0.069248668,0.061909562,0.19298705,-0.04170456,-0.16760224,-0.15274264,0.54628855,0.54837052,0.2857278,0.44377852
273,2,45,1.5474123,288.66292,23.72649,0.024187147,0.021106126,0.095875434,-0.010430488,-0.058707602,-0.051587244,0.52151704,0.42755273,0.3447443,0.29532729
273,2,50,1.2322086,287.25592,23.857092,-0.0041363806,0.028664295,0.0024142319,-0.0049925491,-0.0045303074,-0.0073778619,0.28165011,0.31792956,0.23243572,0.11790411
273,2,55,1.199445,282.46218,23.751469,-6.7601338e-05,-0.00087012741,-0.0015081996,0.0030254646,-0.03194724,0.0047364411,0.26300971,0.22565928,0.15564998,0.21861409
273,3,0,1.6409411,279.64474,23.596861,0.0075695449,-0.0036819888,-0.011856179,0.0012808083,-0.0085076181,0.0030423379,0.23196741,0.18233672,0.14742606,0.18210748
273,3,5,2.0050095,287.38128,23.524233,-0.0035992814,0.0036769037,-0.010737418,-0.00034344089,-0.0084527455,0.0078325406,0.21604226,0.17033772,0.14016014,0.14629378
273,3,10,1.9816895,283.31814,23.517326,-0.01112119,0.016316987,-0.028336875,0.0081025904,-0.019410307,0.015598019,0.28480869,0.19959664,0.15965402,0.13096767
273,3,15,2.3599033,279.88239,23.429917,0.0095527702,0.017048462,-0.00064835336,-0.0026554733,0.0013491601,0.0025443402,0.24261875,0.20961805,0.21396899,0.10523628
273,3,20,2.4050053,281.39341,23.33258,-0.0076481217,0.017481676,-0.00739828,0.001911705,-0.0039605909,0.0073226654,0.20119552,0.22175759,0.19030564,0.11116343
273,3,25,2.7093818,285.71259,23.142126,0.00056747841,0.0054373496,-0.012433113,-0.011169673,-0.0050064314,-0.0029795105,0.21909329,0.16605962,0.16359511,0.20808091
273,3,30,2.37692,290.20852,23.365432,0.0058350811,0.010024444,0.016204586,-0.0029083899,-0.01957111,-0.0079722408,0.21659692,0.21838562,0.16185261,0.19734656
273,3,35,1.7851817,290.38184,23.614735,0.090402377,0.035248895,0.059417661,-0.052971518,-0.13047674,-0.041019723,0.52463996,0.35159581,0.32428875,0.38216577
273,3,40,2.3255201,283.6426,23.273407,0.0056607491,-0.0015954602,0.046171336,-0.004297262,-0.069608145,-0.046821932,0.35731522,0.26524624,0.20876352,0.29219123
273,3,45,2.2788404,280.66355,23.272091,0.013014371,0.013377633,-0.017538454,-0.002889746,-0.032095879,0.0021772063,0.32964674,0.25921054,0.20539221,0.25738925
273,3,50,1.8744647,281.16234,23.414781,-0.0013681738,0.01009705,-0.0037290983,0.0032958221,-0.0063371888,0.0097020978,0.14627811,0.16154288,0.13553272,0.13645843
273,3,55,2.0578198,294.07448,23.115303,-0.006765581,0.0045054257,-0.010860232,0.0010222878,-0.014870053,0.008135044,0.19119345,0.15797081,0.12878114,0.1651829
273,4,0,2.5454699,291.88849,22.893058,0.0018986657,0.0050237405,0.01042705,-0.0024860483,-0.020919418,-0.00034568567,0.22318343,0.17861025,0.12897468,0.19621026
273,4,5,2.4690086,288.24705,22.971454,0.007911519,0.0028560045,0.012394735,-0.001067642,-0.025248644,-0.0053019813,0.28554227,0.15832084,0.13031572,0.19298066
273,4,10,2.4465493,286.88573,22.922267,0.0031159854,0.0043223062,-0.0022398734,-0.0097286647,-0.014337384,0.00084388974,0.20236905,0.12984588,0.16135268,0.17773279
273,4,15,2.3848582,288.67851,22.810303,0.0024394015,0.0042508891,-0.0032795013,-0.0068120034,-0.010369843,0.0029282626,0.18769607,0.16537889,0.14369082,0.18962362
273,4,20,2.7140945,290.28424,22.68062,0.002575597,0.0021772318,0.00022572679,-0.0041445938,-0.01851894,0.00097719553,0.18247705,0.14938901,0.11561828,0.18516877
273,4,25,2.8413507,290.51666,22.546084,0.0038762954,0.00097113153,0.0095095146,-0.0068734643,-0.014601742,-0.0093799902,0.22402115,0.20859266,0.13746954,0.17134684
273,4,30,2.9147373,284.48539,22.702914,0.0032123332,0.0020850794,-0.0056924165,-0.00022672423,-0.014451625,0.0047307303,0.18469725,0.14449361,0.13264435,0.17646621
273,4,35,2.6301558,290.64633,22.857556,0.0046976062,0.0018357579,0.012089086,-0.0065807377,-0.063912248,-0.012241745,0.28848712,0.13889811,0.11520468,0.30700748
273,4,40,2.8875847,292.87085,22.712571,0.0042178836,-0.0017113862,0.0044285121,-0.0035734205,-0.019031443,-0.005502542,0.18391331,0.16660438,0.11764956,0.19051552
273,4,45,3.1499739,290.28318,22.692592,0.0027464951,0.0022460651,-0.0040198886,-0.0050227729,-0.013153081,0.00026490824,0.19721472,0.17803621,0.14381357,0.21928589
273,4,50,3.0666218,285.59217,22.59096,0.0011806971,-0.00066813674,-0.0030718718,-0.0045851808,-0.0085818112,-0.011379786,0.15239998,0.19640697,0.14286229,0.2353435
273,4,55,2.5905503,287.98768,22.673796,-0.0048317392,0.0033842173,-0.012810891,-0.0017908381,-0.0073632459,-0.0021797344,0.19004257,0.18035471,0.1437036,0.19456071
273,5,0,1.906286,301.24557,22.792947,0.054628683,0.0046354484,0.038696447,-0.022695353,-0.065964255,-0.016342451,0.53273714,0.25084989,0.26135269,0.23337259
273,5,5,0.91731332,338.65949,22.339358,0.05393682,0.041447145,0.17369489,-0.035600681,-0.077695089,-0.15981152,0.48575315,0.59967805,0.28609106,0.34153587
273,5,10,0.12205886,43.3562,22.393862,0.00011374087,-0.0082630057,-0.0096611175,0.0038658326,-0.0015213624,-0.00061299266,0.11572485,0.18523667,0.14269324,0.083284733
273,5,15,0.93119407,256.51574,21.975801,0.0075191891,-0.0051779159,-0.026775747,-0.0046995631,-0.042273184,0.0097754706,0.38086623,0.22810465,0.17848759,0.21236878
273,5,20,1.0850408,278.14514,22.320641,-0.0011644809,-0.0043871584,-0.014082321,-0.0024060924,-0.0081267327,0.0083449567,0.27942493,0.21582029,0.19005302,0.12066524
273,5,25,0.86397981,266.1322,22.392428,0.012955114,-0.0054555988,-0.016785876,-0.0041313068,-0.012811992,0.0033518208,0.25918066,0.15595345,0.12536878,0.16364371
273,5,30,0.82003104,265.85436,21.776421,0.014317758,0.0060635355,-0.028677166,-0.0043454599,-0.027978696,0.013765058,0.35661439,0.26774017,0.18304842,0.19483414
273,5,35,1.1475808,310.55192,19.960871,-0.04990585,-0.0055433737,0.016937022,0.13875368,-0.065257016,0.012703869,0.45706322,0.30591141,0.34622409,0.66350921
273,5,40,0.29484884,309.47274,21.256993,0.00099090852,0.00024934864,0.017643307,0.0023109188,-0.015501388,-0.03142481,0.13922028,0.21621645,0.11953635,0.20454311
273,5,45,1.2018979,290.55192,21.499174,0.008980433,0.0062243319,0.016731139,-0.0092883662,-0.030477691,-0.016768621,0.25382764,0.152207,0.13404945,0.21799179
273,5,50,2.6099436,285.2532,21.423211,0.0067709011,0.0033897259,-0.0034164559,-0.010126959,-0.014019097,-0.0075473442,0.20893536,0.14389193,0.12522284,0.19623759
273,5,55,3.3453374,282.85522,21.394781,0.0079172365,0.018959529,0.00048084909,-0.0062401875,-0.021480681,0.0077740521,0.18918554,0.22752493,0.18121638,0.21501589
273,6,0,3.1644748,270.06663,21.952692,0.0076038348,0.024349357,0.0069443549,-0.0047822624,0.0016861897,0.0028311794,0.26764765,0.28600383,0.234626,0.18067272
273,6,5,2.8466261,267.30356,21.979241,0.0075645755,0.017285502,0.017730762,0.0053568386,0.0094989969,0.028832821,0.29995039,0.28407724,0.22638178,0.25399522
273,6,10,3.2706545,281.14982,21.623195,0.0084335709,0.014304909,-0.032613586,0.00035445527,-0.010473405,0.025355426,0.31669532,0.33425328,0.232214,0.19617933
273,6,15,3.7060367,292.08442,21.432431,0.0087889175,-0.0032713394,-0.0069517381,0.0048486863,-0.0058938091,-0.0074936062,0.25693677,0.29188907,0.22984608,0.27842391
273,6,20,3.3262496,300.0794,22.340769,-0.00051198854,0.0021858525,-0.00029213747,-0.0056649561,-0.011338129,-0.026480317,0.21056128,0.20813375,0.13729739,0.278531
273,6,25,3.4087554,301.98094,22.297639,-0.0011190767,0.0024358672,0.037034365,-0.011045511,-0.041947248,-0.10136774,0.24770182,0.34599579,0.12934398,0.46356665
273,6,30,3.2011686,303.33289,22.674187,0.0022313824,-0.0049621681,-0.028871803,-0.0063376287,-0.028551988,-0.029132239,0.33680463,0.31620737,0.15538575,0.32701375
273,6,35,3.4747925,298.63303,22.33148,0.0037917997,-0.0048316628,-0.01055911,-0.01781987,-0.00092908939,-0.11769853,0.26851618,0.40904505,0.16487815,0.49959846
273,6,40,3.3476876,301.00723,22.412934,0.0047157777,0.0045306243,0.0061642601,-0.0039368003,-0.019261924,-0.049310525,0.21941123,0.25446215,0.14314614,0.34825527
273,6,45,3.7561328,294.08077,22.191952,0.0071440589,0.009883473,0.027806015,-0.011187958,-0.047303145,-0.076740602,0.28069795,0.30537161,0.17076815,0.39891434
273,6,50,3.8193539,288.46574,22.127568,-0.0025162864,0.017158724,0.0081736279,-0.0023917664,-0.029593094,-0.070700643,0.28717744,0.35701089,0.18828817,0.3519957
273,6,55,3.6001001,283.67646,22.033927,0.0093537238,0.024415024,0.0051733381,-0.01979913,-0.037365317,-0.061510842,0.36769261,0.35072292,0.24760781,0.33214812
273,7,0,3.3908204,285.11432,22.16639,-0.0067203457,0.017553072,-0.037943077,-0.012528384,-0.01331107,0.0011458084,0.27307501,0.29540184,0.21418185,0.2391994
273,7,5,1.8155847,287.94381,22.396345,0.041467547,-0.010404667,-0.085745625,-0.016295655,-0.030324265,0.0057945712,0.46805985,0.24795291,0.17964182,0.18069925
273,7,10,0.35853441,196.50929,22.551932,-0.0096514293,0.002809285,0.0031986743,0.0062182668,-0.0053052818,0.01802492,0.22074542,0.22757734,0.17009653,0.14608158
273,7,15,0.72719193,266.17503,22.481211,0.001393336,-0.0011051361,-0.010178254,0.0069526229,0.013097488,-0.015372437,0.29649492,0.24351112,0.19884881,0.27654517
273,7,20,1.1656051,263.2941,21.87999,0.042308358,-0.0075508853,-0.035152426,0.0080325192,-0.040409477,0.086300082,0.41854228,0.36739359,0.32248831,0.61268952
273,7,25,2.026501,239.71485,22.838128,0.0016778428,-0.01890316,-0.02966624,0.01423889,0.069741144,-0.022860704,0.40991219,0.3618091,0.19622996,0.40909253
273,7,30,3.6626391,243.58779,23.139203,-0.0076857389,0.0043088948,-0.044544078,0.00044929293,-0.028335916,0.0097032137,0.40513828,0.32482345,0.19680309,0.18369398
273,7,35,3.0292134,240.60062,23.50937,0.0056817055,6.6238045e-05,-0.02894077,-0.0025581553,-0.0029628478,0.0048736945,0.34179932,0.38307409,0.20158644,0.15114814
273,7,40,2.5210331,238.33458,23.50515,0.016208751,-0.0097404066,-0.050709888,-0.0063875179,-0.020184481,0.024571614,0.41193824,0.38575605,0.21992698,0.19295766
273,7,45,2.5571816,237.36225,23.412313,-0.014932219,0.0090737196,-0.082177193,0.0064077818,-0.016468806,0.074944609,0.44364284,0.51333861,0.24576333,0.25339562
273,7,50,3.0205522,243.8339,23.362449,-0.0043204837,-0.018020479,-0.095925043,-0.0071483499,-0.047906813,0.11390959,0.49167167,0.57671701,0.29236917,0.29077362
273,7,55,3.2506418,254.85188,23.213811,0.016026563,-0.022045181,-0.02962074,-0.015556881,-0.024805086,0.019626556,0.31492443,0.3063204,0.22464064,0.21299979
273,8,0,3.7543647,261.03092,23.159423,0.012382656,0.00092154923,0.0099293314,-0.0056166067,0.0069184527,0.0078422492,0.26885691,0.28547178,0.22724715,0.14136167
273,8,5,3.2674514,254.1248,23.211762,0.01672639,-0.008490697,-0.034761756,-0.028191844,-0.032630797,0.028741078,0.35555094,0.3012727,0.24755092,0.28855015
273,8,10,2.7466024,257.61791,23.213856,0.026310726,-0.028585014,-0.089893098,0.0041947292,-0.0011516873,0.045583007,0.51815327,0.51830885,0.30500747,0.37499353
273,8,15,2.6700582,259.2856,23.337774,-0.013326343,-0.0091488598,0.057095605,-0.013389949,0.033953564,0.046833171,0.37725395,0.35786603,0.22511464,0.22989314
273,8,20,3.5024032,244.80114,23.138548,0.013959552,-0.0057366279,-0.087108767,-0.0085354985,-0.0062226494,-0.002259775,0.49303678,0.42462373,0.25893685,0.22890616
273,8,25,3.694216,245.30588,23.043153,0.040051951,0.01219694,-0.045085889,-0.022916528,-0.034959033,-0.0031816251,0.48421957,0.34691958,0.29694184,0.24137642
273,8,30,4.015065,247.35048,22.906568,0.029590518,0.014670471,-0.00053784133,-0.020206212,-0.047748414,-0.012921967,0.39025256,0.27615455,0.24513198,0.24673376
273,8,35,3.6088917,239.48598,22.995035,0.018818155,-0.0018504524,-0.097724696,-0.01523788,-0.022225259,0.014999736,0.60078533,0.5170345,0.34111228,0.22195328
273,8,40,3.2412021,239.38292,23.034284,0.06465945,0.0024247325,-0.14371646,-0.024277561,-0.06014589,-0.004930554,0.73011851,0.54375845,0.34647818,0.32812346
273,8,45,2.2046884,234.49625,22.540318,0.020932524,0.0071453832,-0.11267704,-0.010157585,0.088582515,-0.065946903,0.59673892,0.47225801,0.34472736,0.45510565
273,8,50,0.49164938,108.05242,21.170154,0.0030488437,0.011111831,0.0064526925,-0.0045962554,0.014301976,0.022435707,0.31631856,0.3082646,0.26808875,0.35170508
273,8,55,0.25283772,348.09657,20.700187,-0.03294828,-0.027364073,-0.020684343,0.044184969,-0.107186,0.035485691,0.45479211,0.23508772,0.3413012,0.78784464
273,9,0,0.54759407,163.14798,20.154095,0.00051187015,0.0099016376,-0.01149739,-0.015772123,0.015466685,-0.055183291,0.14440067,0.20659856,0.085447375,0.29989078
273,9,5,0.44837696,173.90182,20.593751,-9.8242099e-05,-0.0051594263,-0.0070195079,0.008344443,0.020011421,-0.02841767,0.14597661,0.1519233,0.079384861,0.33046212
273,9,10,0.26046933,12.636796,20.561576,0.013032659,0.00033545825,-0.050950692,-0.0025899665,-0.054656099,0.024921352,0.36689982,0.18645173,0.127085,0.21371929
273,9,15,1.1724564,245.09457,21.841034,0.013494407,-0.013198694,-0.067145804,-0.030550338,0.00061599932,-0.015898224,0.51459123,0.38350577,0.25904445,0.33993471
273,9,20,4.3814356,246.85449,21.797918,-0.040691155,0.0068967896,-0.064806467,-0.018730547,0.041664049,-0.0068245075,0.60533789,0.37733275,0.29487879,0.17520943
273,9,25,4.6526012,247.24472,21.483593,-0.040662463,-0.011188928,-0.14120339,-0.029339786,0.061325578,-0.013144919,0.69037216,0.48847236,0.3822314,0.20077857
273,9,30,4.6745712,248.62046,21.418642,-0.040830296,0.0089046667,-0.058094636,-0.02472357,0.042014069,0.0087077154,0.61785773,0.43482934,0.40475361,0.20237263
273,9,35,4.6585458,251.2058,21.51461,-0.0079286894,-0.022647503,-0.079503422,-0.01471566,0.037783428,-0.0099942826,0.56506789,0.48852437,0.40826058,0.18245424
273,9,40,3.4849766,261.30822,21.410466,-0.048714345,-0.0075565977,0.019773912,-0.024558922,0.087928168,0.017187905,0.57054454,0.45327697,0.33491037,0.23840603
273,9,45,1.5348869,263.80967,20.211737,0.013477594,0.0096418982,-0.008940097,-0.011347457,0.36142666,-0.049176,0.71177713,0.45983751,0.43040965,0.7469206
273,9,50,1.2578242,320.24623,20.385203,0.0048820028,0.0080099322,-0.021386072,0.024305237,-0.046638965,-0.1043194,0.40008807,0.57583678,0.32270152,0.52783766
273,9,55,0.88948338,345.85157,19.656222,0.0016258638,-0.075041729,-0.10242513,-0.079861873,0.12397045,-0.13067056,0.53729402,0.66513359,0.5186652,0.71832619
273,10,0,0.54964815,206.36611,19.900988,0.0011723033,-0.0012141576,-0.012644205,-0.0038315681,0.016419911,-0.011966713,0.21817742,0.22289705,0.10844156,0.20237268
273,10,5,0.41505072,208.74154,20.604,0.034712543,0.034313657,0.029342054,0.010662222,0.0065038728,0.013753441,0.23061917,0.27499977,0.25048033,0.15945764
273,10,10,0.51314584,277.8076,20.541742,0.018507947,-0.0019250001,-0.013590519,-0.013271196,-0.014318372,0.0046718709,0.28847527,0.3169622,0.2899156,0.20360577
273,10,15,1.4515682,274.63816,20.825356,0.022367333,0.0057338074,-0.10420178,-0.0059706345,-0.015616198,0.014164323,0.51376176,0.40334052,0.22149723,0.13650283
273,10,20,1.141142,278.76088,20.974024,0.029307663,-0.0059984935,-0.01546693,-0.0054882192,-0.0077186909,0.0029248026,0.35775274,0.19964866,0.18288863,0.10310415
273,10,25,1.2575223,279.05041,21.095079,-0.0012710631,0.017914515,-0.0086537162,-0.022200694,0.0062275282,-0.015634722,0.24495509,0.25446204,0.24836135,0.22449203
273,10,30,1.3929165,277.39451,20.662293,-0.022277854,-0.00031010146,-0.32219288,0.0036954132,-0.14973725,0.11064612,0.66872379,0.61498729,0.23800109,0.38311237
273,10,35,1.7047654,286.83073,20.477637,0.04533682,0.028682804,-0.032039039,-0.027432919,-0.049491648,-0.0099734181,0.51060471,0.34173629,0.32593972,0.26819071
273,10,40,2.2660339,283.12601,20.344444,0.019203755,0.014467675,0.042068494,-0.017933767,-0.024986074,-0.011786448,0.25349083,0.25652034,0.18594268,0.24064637
273,10,45,1.9132733,273.14469,20.502213,0.007560342,0.0024771881,0.0098300732,-0.0050001401,-0.019762717,-0.0053966307,0.19568375,0.14551626,0.14220372,0.14643048
273,10,50,1.5503805,273.73852,20.71762,0.00060945738,0.0048453781,0.0006122394,-0.0035110132,0.00038147929,-0.00068752859,0.12651207,0.12105476,0.11115672,0.086787056
273,10,55,1.9347508,279.22581,20.563562,0.0006825566,0.0029854258,-0.0020356733,-0.001562104,-0.018477995,0.0015642701,0.2417565,0.13260396,0.14430833,0.17059259
273,11,0,2.507374,283.4877,20.418739,0.0059462166,0.0062891015,0.0072371018,1.5169948e-06,-0.0082974979,0.0014770126,0.18750973,0.17120574,0.14956892,0.15553586
273,11,5,2.7163786,283.13834,20.298952,-0.0037527378,0.0049330788,0.0038291083,-0.0017683928,-0.014999273,-0.008509896,0.22181511,0.2320406,0.17930562,0.17325401
273,11,10,2.3379171,288.78372,20.567128,0.0069686109,0.0029076559,-0.010755313,-0.0078963757,-0.018310778,-0.00082063392,0.28105465,0.14812213,0.14239376,0.15196697
273,11,15,2.4158061,292.95051,20.788899,-0.00011213696,0.0033971111,-0.005655892,-0.011986598,-0.031459925,0.0048057473,0.25932905,0.22199999,0.16100366,0.24613514
273,11,20,2.231975,294.42435,20.90966,0.0050918472,-0.025204273,0.042864704,-0.011399215,-0.041173324,-0.025152805,0.34995201,0.34405681,0.24691739,0.23788258
273,11,25,2.0633129,273.7174,20.804039,0.010427133,0.0058317466,0.010072836,-0.0014673863,0.012814202,-0.016865545,0.27069825,0.27955713,0.17221938,0.24234342
273,11,30,1.4368431,258.74902,20.707379,0.029283802,-0.016820595,-0.10288177,-0.01345539,-0.0021686734,0.069256125,0.58196558,0.49488153,0.31668939,0.39168712
273,11,35,1.7366446,239.61978,21.310295,-0.014644559,-0.011929292,-0.072658415,-0.019456962,0.029974117,-0.00011876528,0.47428321,0.41883688,0.33251922,0.20077286
273,11,40,2.0688362,235.98473,21.339957,-0.01941672,0.022187128,-0.019361368,-0.020270588,0.047406634,-0.023985901,0.48364126,0.48979322,0.30190023,0.21440021
273,11,45,2.1219322,230.62207,21.146484,-0.070396135,-0.037152811,-0.013102891,-0.044892279,0.089849471,-0.02272052,0.56109689,0.50182589,0.35951628,0.33682679
273,11,50,3.0714282,233.6711,21.478122,-0.061745718,-0.050081919,-0.045019365,-0.040032731,0.03415227,0.034219391,0.71647051,0.63713044,0.48274694,0.22092619
273,11,55,4.4617434,242.87613,21.434685,-0.10668791,-0.0014825719,-0.13016215,-0.028617377,0.061794615,0.01071633,0.82274645,0.58155532,0.42454738,0.19206251
273,12,0,4.2083105,247.72229,21.248871,-0.12023351,-0.015743707,-0.078810656,-0.045092914,0.075418511,0.0051489292,0.7645884,0.50262694,0.47256994,0.22858265
273,12,5,4.1106567,246.81729,21.207685,-0.14233438,0.02787417,-0.14299593,-0.054446695,0.078949865,-0.0063648265,0.78153201,0.50277692,0.47238474,0.22813909
273,12,10,4.5414672,246.91652,21.321902,-0.13853213,0.029867726,-0.13639662,-0.033602987,0.080130797,-0.0026080629,0.84305848,0.50434739,0.46888579,0.20809207
273,12,15,4.8299062,249.51402,21.290711,-0.11180016,-0.022367736,-0.10494459,-0.060056277,0.055681294,-0.0082344319,0.77876562,0.59579503,0.57581111,0.2128213
273,12,20,4.1488596,258.06887,21.150846,0.0099089047,0.014764528,0.061153668,-0.012449398,0.041306069,0.037178074,0.57948287,0.54411981,0.36426698,0.19984202
273,12,25,3.6495127,287.08073,21.047876,-0.0097376693,-0.011366793,-0.0023214096,-0.0086670553,-3.1715899e-05,0.019091665,0.31087223,0.40046139,0.20484864,0.15242885
273,12,30,1.6578917,354.60117,20.581575,0.026049556,-0.015130092,0.034019351,-0.010686493,0.0073768963,0.26247032,0.39881992,0.86704578,0.32224997,0.45679707
273,12,35,0.74749338,306.85542,20.55699,-0.047607875,-0.05811667,0.066585737,-0.0066725045,0.010408769,0.037053291,0.31790822,0.37458778,0.3066928,0.2769579
273,12,40,1.5508579,261.19564,20.866366,0.0073884995,0.010682172,0.01912171,-0.00430413,0.00089002413,0.032932486,0.36880615,0.31332793,0.24408872,0.25024109
273,12,45,2.0171471,274.13318,20.851872,-0.01675206,0.0051349323,-0.0012661857,0.0039091515,0.011496254,0.014741405,0.33389165,0.26731637,0.22138381,0.17892219
273,12,50,2.2716745,279.87453,20.144916,-0.017217875,0.0029483366,0.025341485,-0.044176593,0.13268214,0.012952251,0.3677751,0.3401755,0.1981333,0.64107882
273,12,55,1.7133205,331.98952,20.704826,-0.0011206765,0.0017841676,0.027728293,-0.0019138864,0.0047521654,-0.058310219,0.23844402,0.64883796,0.18335023,0.243369
273,13,0,0.75664774,340.84936,20.539379,0.038955771,0.049916337,0.036985839,-0.028478793,-0.057807083,0.031911954,0.34591511,0.37514417,0.35430319,0.4867695
273,13,5,0.17765999,90.93605,18.232767,-0.0063423604,0.0071721726,0.0097398431,0.0035961905,0.043871047,0.022961825,0.18149032,0.19942016,0.1647066,0.75504301
273,13,10,0.99114159,134.21219,18.20545,0.0092899177,-0.018384041,0.013923229,-0.0035132559,0.014687161,0.028914131,0.31640683,0.2456345,0.19158563,0.30296745
273,13,15,0.88844823,162.96713,17.029863,-0.0042307032,-0.0062987531,0.024525321,-0.019486906,0.044540019,0.022318945,0.28492741,0.2060057,0.19964755,0.33672562
273,13,20,0.86733904,223.98628,17.871227,-0.013788165,0.018471146,-0.067436482,0.012183681,-0.022989214,0.048051025,0.32685003,0.35682016,0.18770073,0.21089431
273,13,25,0.63163289,212.65157,18.206366,0.0001682657,-0.02709749,0.0033085501,-0.0043635474,0.0017045518,0.00097830188,0.23856953,0.3087913,0.18103708,0.12586744
273,13,30,1.1389811,225.81604,17.734129,0.011400303,-0.011689526,-0.037291298,-0.0090818689,-0.020561352,0.04934312,0.27237777,0.37468784,0.21766927,0.28672003
273,13,35,0.66722351,276.8328,18.40786,0.016696972,-0.0029550994,-0.026983485,-0.0044905093,0.00022095375,-0.0085918404,0.41819014,0.23775064,0.22118134,0.10569853
273,13,40,2.4621147,232.67308,19.072525,-0.071010413,0.012117863,-0.42743799,-0.048508733,0.061545304,-0.012527708,1.095611,0.75337385,0.51051205,0.26159065
273,13,45,1.4285789,191.80753,18.66874,-0.031240637,0.097922098,-0.40925001,-0.045247239,0.014845237,-0.26539715,0.68967753,1.2182991,0.54916732,0.40648049
273,13,50,1.3585733,131.69921,17.422806,0.017785947,-0.0026214386,0.058296166,-0.0064741945,-0.0076457408,-0.018764261,0.36125981,0.37019457,0.23312297,0.40140375
273,13,55,0.98184971,175.04017,17.542352,-0.012860318,-0.0064514945,0.064320819,-0.0042090399,-0.017729798,-0.027200834,0.31345649,0.29047601,0.17731585,0.15712661
273,14,0,1.2679504,195.43005,17.962589,-0.06192766,0.098368304,-0.033515861,-0.050729434,0.11167705,-0.033422469,0.68645668,0.7107148,0.51937668,0.33945183
273,14,5,4.7675194,233.63868,18.720686,-0.043945386,-0.045135821,-0.088024673,-0.0095073241,0.030750465,0.0077828528,0.98675628,0.81293833,0.52318208,0.22739114
273,14,10,5.1948677,235.99603,18.615611,-0.116597,-0.023551297,-0.18134979,0.0044007113,0.0015153813,0.015110859,1.1221002,0.87792224,0.57733173,0.22554557
273,14,15,4.93291,238.97317,18.654219,-0.18919436,-0.029538194,-0.26943818,-0.00076376299,-0.019018472,0.042022563,1.0701972,0.85694931,0.62218934,0.19059715
273,14,20,3.2148564,224.02096,19.084531,-0.19478133,0.022342304,-0.18458386,-0.045667345,0.14563531,-0.012413999,1.0635635,0.8708006,0.60994673,0.32632352
273,14,25,0.71529624,72.916164,18.317124,-0.086602921,0.025691109,-0.071688565,0.0093999088,-0.026189007,0.01786933,0.48423998,0.23430584,0.30248058,0.18635447
273,14,30,1.156619,108.84184,18.203737,-0.013672309,-0.019689088,0.043834678,-0.0011835741,-0.033402544,-0.011266585,0.36027018,0.28430304,0.21958506,0.17160817
273,14,35,0.82337187,109.05195,18.011741,-0.014002758,-0.030421471,0.014503055,0.0046477595,-0.019226855,0.0022315375,0.48816054,0.25968256,0.27376415,0.1058215
273,14,40,0.74856007,230.46332,18.652864,-0.05298813,0.019681156,-0.25235466,-0.007578912,0.21877655,-0.10006762,0.77264244,0.60169873,0.39670234,0.38825277
273,14,45,4.2573035,227.73013,19.655169,-0.064082053,-0.089435547,-0.093067313,-0.006186489,-0.053058867,0.022461492,1.0155294,0.86437404,0.70441653,0.39349838
273,14,50,5.6108029,225.88694,19.503384,-0.02252398,-0.031570663,0.21031638,-0.014930583,-0.040665209,-0.02384271,0.93310157,0.86484768,0.48317281,0.50088162
273,14,55,6.6126392,226.14546,18.765744,0.060784599,-0.0073621502,0.25886358,-0.0019455316,-0.031945591,0.035223214,1.1085253,0.95165094,0.52441222,0.37998506
273,15,0,6.3157784,232.83427,19.068664,0.013542359,-0.021241157,-0.058781651,-0.00027922795,-0.012817404,-0.0036292116,1.1752896,1.0364363,0.58316493,0.4475875
273,15,5,6.3263506,234.1818,18.624847,-0.06151254,-0.055838762,-0.26586821,-0.0091284711,0.026936064,0.011559558,1.367736,1.1122744,0.67250814,0.43512547
273,15,10,6.1547958,234.57906,18.825726,-0.14121414,0.0048247308,-0.3092416,-0.045447832,0.11386496,-0.045916037,1.4143019,1.08019,0.73232672,0.5229561
273,15,15,6.1131781,237.88511,19.334945,-0.078485378,0.050160238,-0.46600223,-0.081742139,0.056507735,0.0036085173,1.3228732,1.0292953,0.66974828,0.59828878
273,15,20,5.6489602,239.30996,19.732949,-0.13471443,0.019224372,-0.64007265,-0.036706491,0.057255459,-0.061982324,1.3643575,1.0730569,0.67226217,0.41246913
273,15,25,5.4229626,244.15661,20.332064,-0.093257702,0.1204324,-0.48846002,-0.09109307,-0.0021175952,-0.079176991,1.2834422,0.89052824,0.76812002,0.51565302
273,15,30,4.5679703,244.88636,21.073147,-0.01721677,0.13648395,-0.23379938,-0.13714153,0.017992686,-0.10116724,1.0443007,0.76319793,0.7456879,0.5608662
273,15,35,2.5945229,23.60075,19.978707,-0.32321209,0.042326335,-0.19838297,0.081381024,-0.25727147,0.057187659,1.2557137,0.77376801,0.52169075,0.2878448
273,15,40,2.9318633,36.041515,19.360177,-0.15207471,-0.032352076,0.086433571,0.075754082,-0.082668759,-0.027045335,0.6739942,0.51385497,0.55195272,0.24642584
273,15,45,2.4997877,53.79012,19.331431,-0.046139636,-0.022213942,0.0018772003,0.023418684,-0.033468909,-0.0054081475,0.47323939,0.48689254,0.40194369,0.1584862
273,15,50,2.4024564,66.079766,19.087958,0.033456141,-0.034282267,-0.0089442356,0.010001459,-0.037601798,0.0086288833,0.53007579,0.35803389,0.38438482,0.15001653
273,15,55,1.5345971,72.139459,19.121024,-0.051716349,-0.0014946601,-0.0043017704,0.093100932,-0.046145939,-0.00070345853,0.29115471,0.1924135,0.37456633,0.32305454
273,16,0,1.1918447,75.731046,19.072708,0.067874995,0.0062133185,0.023746157,0.070809734,0.031461088,0.0045889499,0.50100908,0.35520663,0.4091573,0.2570788
273,16,5,1.1427866,130.39438,19.133526,-0.049068009,0.019427391,-0.020596412,0.095608285,-0.063316036,0.016528283,0.41762831,0.33471875,0.45157106,0.3528078
273,16,10,1.6432381,94.506442,19.034132,0.038892053,-0.017629584,-0.021652544,0.006263331,-0.0025480496,-0.00037662017,0.34438801,0.28271776,0.27276975,0.10015041
273,16,15,1.3527572,110.69249,19.151234,-0.0074037531,-0.032653811,-0.029502134,0.089613836,-0.033613771,-0.0071307571,0.43303905,0.29485589,0.5231631,0.26316928
273,16,20,1.5334026,90.639867,19.309886,0.041192419,-0.0026907056,-0.011510896,0.045940934,-0.019064852,0.0039316595,0.52565118,0.30818558,0.36765934,0.24332091
273,16,25,2.1596611,87.683087,19.22554,0.045185991,-0.020814783,-0.0084893816,0.046922509,-0.033244623,-0.0076512674,0.52597576,0.35903328,0.42649583,0.24199224
273,16,30,1.5348017,94.936112,19.174013,0.024973962,-0.033839255,0.066838542,0.038291352,-0.016370179,-0.0087005536,0.6197146,0.33611611,0.49616168,0.19764684
273,16,35,2.0081532,81.505038,19.282079,0.0016287412,-0.07135257,-0.01091475,0.076045741,-0.034769969,-0.0086344469,0.46001433,0.39552718,0.44517871,0.294295
273,16,40,1.8342297,101.59102,19.344018,0.10371803,-0.034724171,0.0060398632,0.054721747,0.051110275,-0.0069934268,0.53513968,0.38202704,0.46117182,0.22735948
273,16,45,2.2012547,63.882133,19.716196,-0.02195007,-0.042392394,0.085415818,0.10093459,-0.064907186,-0.051478794,0.49406055,0.51400935,0.48140891,0.41255685
273,16,50,2.3420577,72.159172,19.642262,-0.017068521,-0.013189236,0.048242981,0.069542026,0.0022270068,-0.015154981,0.51556131,0.54222019,0.44480073,0.2769782
273,16,55,2.2454657,78.747844,19.808596,0.073850966,-0.012682544,0.042413055,0.22876013,0.0063470613,-0.0068726679,0.45755842,0.44314849,0.63571871,0.48540881
273,17,0,2.0854981,89.517972,19.778796,-0.032196438,-0.06076736,0.01473579,0.10949363,-0.012439233,-0.040950357,0.57151025,0.37628266,0.5610666,0.39378129
273,17,5,1.6135359,111.5443,20.038143,-0.10705136,-0.046899022,0.15304213,0.18039563,-0.11842639,-0.072756661,0.74477253,0.50431023,0.65255821,0.46815097
273,17,10,1.9192847,141.61741,20.078167,-0.037615686,-0.0062395007,0.070550424,0.10275334,-0.032964691,0.0085027717,0.63530221,0.52929491,0.47270083,0.34836715
273,17,15,2.1222197,139.60593,20.057024,0.030022708,0.016800989,0.016752876,0.065884259,-0.010609308,0.029025242,0.4780662,0.411913,0.50949321,0.26897671
273,17,20,2.5043826,118.13363,20.044677,0.10320079,-0.0012529554,0.037292554,0.086827028,0.018559822,0.0075210581,0.49861138,0.35482938,0.49552865,0.3221543
273,17,25,1.8704473,116.10734,20.245085,-0.0033645629,0.020407972,-0.021055915,0.069973592,-0.036964995,-0.010225729,0.48068164,0.38505436,0.54421612,0.24996999
273,17,30,1.3721726,123.06882,20.642782,0.014136884,-0.035941391,0.10711021,0.081797123,-0.0037636488,0.022150441,0.62125922,0.5353012,0.51933616,0.35151644
273,17,35,1.9160297,100.82606,20.357324,0.11756939,-0.06381189,-0.090564341,0.019389859,0.024501695,-0.0075986377,0.55189153,0.41677585,0.42321154,0.22015302
273,17,40,2.199591,112.94422,20.626698,0.039298097,-0.03387004,0.016895107,0.1686154,0.018876269,-0.021541528,0.40785008,0.60066558,0.65378479,0.38312441
273,17,45,1.6319072,134.30421,20.789689,-0.13338211,0.07630281,-0.044096863,0.078727096,-0.040557299,0.039016135,0.46651241,0.48843385,0.59745947,0.26426593
273,17,50,1.6848889,116.12212,21.003505,-0.14618699,0.073354186,-0.25572078,0.18230761,-0.24914998,0.1409957,0.80310903,0.57695184,0.51745287,0.52309141
273,17,55,1.0107894,124.98336,21.333043,0.027083705,0.0032161938,-0.044436208,0.1951453,-0.012908621,0.060684178,0.54787675,0.39578101,0.62870326,0.45066717
273,18,0,1.9538096,122.70762,21.265289,0.010164153,-0.0029690504,-0.00041727611,0.0788344,-0.0027150545,-0.010696371,0.51505881,0.48060748,0.48129676,0.30539282
273,18,5,1.1678083,70.924524,21.420108,0.027690626,0.11590031,0.079650711,0.10144693,-0.034221676,0.027476512,0.46327386,0.46889829,0.59597136,0.31788113
273,18,10,1.6405915,90.832149,21.673434,0.097303652,-0.10781085,-0.10344449,0.10852256,-0.019081222,0.019322121,0.5060645,0.49742,0.54331786,0.37145806
273,18,15,1.4925342,125.90995,21.743795,-0.038781247,-0.097226798,0.11030749,0.050133185,-0.023440631,-0.013376018,0.47511776,0.57464292,0.51615742,0.29165922
273,18,20,1.2591562,107.1512,22.445309,-0.078226346,0.022907985,-0.10451015,0.20857302,-0.034981229,0.032122299,0.49345612,0.61416421,0.5997034,0.5401525
273,18,25,1.5684199,106.23517,22.822256,-0.009553447,-0.080126171,0.081194253,0.27471607,-0.0085949262,-0.14781071,0.5258204,0.59364565,0.57668858,0.66539247
273,18,30,1.9791072,84.396026,22.26748,-0.0094934999,0.035490426,0.12344723,0.16726946,-0.075056149,0.015050304,0.57964683,0.539849,0.46859166,0.49304542
273,18,35,1.256177,131.45006,22.705211,-0.046158742,-0.057918597,0.12208915,0.15849721,-0.024521944,0.0023286731,0.59378624,0.8181055,0.4995886,0.52052961
273,18,40,1.86978,61.701025,22.581242,0.026261095,-0.034633647,-0.10332372,0.13310909,-0.002421038,-0.075549645,0.47721838,0.92425764,0.70213034,0.3105548
273,18,45,1.7015568,91.532493,22.852038,0.076015882,-0.11558532,-0.034369202,0.15556541,-0.025738807,-0.038829996,0.6685865,0.43366167,0.56598523,0.45873069
273,18,50,1.9567859,55.830879,22.59111,0.083334256,-0.057513162,-0.1852465,0.040501202,0.001311718,-0.0026821032,0.58267409,0.49345373,0.61323527,0.18825848
273,18,55,1.6285745,85.846907,23.001353,-0.14916108,0.0011880756,-0.294612,0.15283622,-0.085675588,0.022402343,0.71178106,0.62458576,0.6370757,0.38091062
273,19,0,1.2630428,86.182187,22.915665,0.044647221,0.0054218383,-0.00070177454,0.017864252,0.0068549277,0.0087031572,0.34091843,0.35013232,0.35700426,0.15621686
273,19,5,0.63452711,91.071,23.479698,-0.021522277,0.05187608,-0.11499578,0.083438382,0.018942713,0.0055998825,0.53162914,0.54333347,0.4540666,0.33923979
273,19,10,0.79871813,117.93937,23.804773,-0.028989384,-0.066259531,-0.060417043,0.17215063,0.017641518,-0.050368166,0.53659729,0.5341488,0.70466678,0.42141523
273,19,15,1.7855475,200.62796,23.666308,-0.06937338,0.027834751,-0.060728564,0.11246627,-0.11107231,0.006678541,0.70973774,0.41976089,0.53258844,0.4105627
273,19,20,3.0177488,133.82327,23.987628,-0.11443877,-0.12538804,0.26604981,0.11040567,-0.038136951,-0.081036576,1.1892819,1.123638,0.55124689,0.40892722
273,19,25,3.9751445,112.1781,23.713183,-0.02356141,0.018568021,-0.069701867,0.084321002,-0.060963894,0.03972721,0.83885471,0.69526487,0.54549563,0.31805216
273,19,30,1.9848402,123.87053,23.876863,-0.0048359014,0.095055806,0.014753561,0.12019006,-0.031794619,0.021040699,0.70100866,0.66235589,0.7813461,0.32000204
273,19,35,2.7111072,130.52337,24.216977,0.052344355,0.088444003,-0.1269661,0.16582032,0.029153167,0.11543053,0.82722242,0.69372406,0.59551513,0.50322543
273,19,40,2.6010669,87.346756,24.880377,0.0095566412,0.032056321,0.041567357,0.20387117,0.017581909,0.031483293,0.81208667,0.69236503,0.70650037,0.53257983
273,19,45,2.9044759,129.35388,24.736739,-0.30736507,-0.10657637,0.12333907,0.27871033,-0.18562702,-0.042930967,0.93783462,0.72339669,0.71748207,0.56900719
273,19,50,3.2888075,135.67987,24.568665,-0.034051913,0.081970469,-0.085626539,0.20785637,-0.069380037,0.14535551,0.70139047,0.56769908,0.59614021,0.52852994
273,19,55,3.7318145,129.96752,24.427313,-0.070769323,0.094763346,-0.1401574,0.15681504,-0.01332237,0.218623,0.80099997,1.068471,0.56379154,0.50145743
273,20,0,3.2731499,131.5122,24.478641,-0.025792203,0.03209791,-0.089468992,0.17977284,-0.028369182,0.034252081,0.59026286,0.62892049,0.58632576,0.50292993
273,20,5,2.3812543,88.1164,24.838318,-0.20399347,-0.03957459,0.18152602,0.14260927,-0.090824916,0.030290584,0.84234459,0.86205741,0.65133422,0.47560256
273,20,10,3.9324737,44.601221,24.80948,-0.18504949,-0.16290483,0.38451263,0.1948282,-0.059442913,-0.047254536,1.0665351,1.1929103,0.76799204,0.47997522
273,20,15,3.7069999,54.834859,24.921868,-0.10635034,-0.020915458,-0.25458595,0.26284695,-0.09108061,0.041238317,0.98237476,1.250706,0.88648977,0.50029113
273,20,20,3.8111809,47.515316,25.137545,-0.41848449,-0.095498685,-0.063941617,0.27431727,-0.26486172,-0.0029116321,0.97376203,1.0867012,1.0156386,0.51413461
273,20,25,3.9990717,42.232086,24.648149,0.34766739,-0.096882624,-0.0013079678,0.13233463,-0.032623346,-0.02401859,1.1254721,0.83466986,0.78474971,0.35120512
273,20,30,4.2281715,58.824732,24.875443,-0.20481783,-0.011382517,-0.33077338,0.10796595,-0.044344775,0.082010559,1.0679292,1.2075696,0.90256693,0.34420479
273,20,35,4.2517161,36.07588,25.047476,-0.08292898,-0.16798371,0.10203043,0.16853743,-0.080267591,-0.06318581,1.1200437,1.108129,0.75482077,0.43557243
273,20,40,4.1627861,36.247454,24.853887,0.050600723,-0.00097933325,0.16005442,0.10716825,-0.053018418,-0.089017173,0.86130729,0.7444022,0.62352797,0.37251563
273,20,45,4.3165156,29.878506,24.762209,0.002311214,-0.012326043,0.064830692,0.064981221,-0.035398413,0.035863516,0.93747791,0.61799567,0.58532624,0.33871207
273,20,50,4.7857346,22.43665,24.747164,0.12030182,-0.054956951,-0.22495506,0.058836958,0.023191911,-0.054853578,0.87871078,0.87128727,0.72153963,0.29580184
273,20,55,4.3223019,25.747503,24.573782,-0.020933383,-0.041441947,-0.030049899,0.060759134,-0.023690361,-0.02514443,0.65340727,0.45067141,0.4764297,0.21470728
273,21,0,3.9977373,27.685769,24.74826,0.11075259,-0.096880203,-0.049094159,0.095369602,-0.051723894,-0.055161393,0.82557332,0.76484863,0.61279553,0.32199514
273,21,5,4.5528141,27.1958,24.590439,-0.10310998,-0.018774433,-0.10050846,0.061606792,-0.10865604,0.035840856,0.97371228,0.58652861,0.55020965,0.26939381
273,21,10,4.1657171,31.396299,24.987418,0.028865236,0.042211914,0.12832865,0.17555933,0.014295443,-0.0079617242,0.90233724,0.70261019,0.72025681,0.40860263
273,21,15,3.7466807,44.74016,25.216729,-0.19448296,-0.031088205,0.25841193,0.17603544,-0.053810719,0.02984406,1.1081827,0.91625083,0.7378699,0.47514801
273,21,20,4.6451982,29.652056,24.940933,-0.20743946,-0.035259973,0.051812187,0.13097067,-0.16916124,-0.011468953,1.1176059,0.66546787,0.63955446,0.38862271
273,21,25,3.2354129,21.091725,24.971664,-0.16183766,-0.085377886,-0.70173657,0.17511538,-0.1069992,-0.078482581,1.3352013,1.0054972,0.70845373,0.4210196
273,21,30,4.9151115,32.38233,24.723641,0.053960947,0.037672871,-0.082925264,0.039902473,-0.066798199,0.049367166,0.92061571,0.71946613,0.5408229,0.2560409
273,21,35,4.8425125,31.999774,24.688327,-0.12714068,-0.14270724,-0.0013593392,0.076226305,-0.095872086,-0.033710054,1.1974316,0.60766227,0.6799835,0.2220817
273,21,40,4.6276243,25.537703,24.703509,0.093050836,0.012679173,-0.22877492,0.059894595,-0.06919211,0.0056354574,1.1954087,0.60127301,0.71903185,0.21515756
273,21,45,3.8235539,28.71741,24.635642,-0.13551687,-0.038954176,-0.020948975,0.056131295,-0.068474222,-0.010405288,0.99851601,0.52701985,0.54544329,0.20078974
273,21,50,3.3233799,22.973666,24.950399,-0.0051031688,-0.016557927,-0.030295677,0.10144246,-0.019982492,-0.08001603,0.78084527,0.69155996,0.58154619,0.36657871
273,21,55,3.7471597,27.316575,24.734516,-0.098815147,0.011576337,-0.023791299,0.027837399,-0.027141653,-0.010159848,0.72870138,0.51927128,0.53542887,0.13942747
273,22,0,3.2929011,25.639858,24.811847,-0.077587778,-0.050253605,0.019919365,0.064991087,-0.011582609,-0.037795782,0.99141325,0.5981968,0.57209686,0.22959325
273,22,5,3.8303266,21.748481,24.759934,0.055721753,-0.092120649,-0.19882173,0.025707086,-0.058672795,-0.019021538,1.3111263,0.6640278,0.54158315,0.16743383
273,22,10,2.636369,37.795057,25.24471,-0.085656754,-0.066461834,-0.18531842,0.083982177,0.024760502,-0.087335745,1.2911286,1.0153576,0.63256608,0.32920951
273,22,15,3.4096852,46.659995,25.012182,0.0037390734,-0.059360823,0.039782892,0.049647308,-0.057754658,-0.041979949,1.2387495,1.1261886,0.72915533,0.21614646
273,22,20,2.7936685,28.141085,24.932746,0.16136996,-0.12992591,-0.24594076,0.079283338,-0.049112336,-0.0065103776,0.99945246,0.61049369,0.70705632,0.21800993
273,22,25,2.9714471,11.16968,24.958305,-0.054326087,-0.06292379,-0.37970907,0.054517165,-0.066669582,-0.011634823,1.3074631,0.71906682,0.66625658,0.18165993
273,22,30,1.4511626,345.9847,25.20351,0.022818426,0.050188698,-0.077717102,0.018762744,-0.12557838,0.026453145,1.1419381,0.73598028,0.64448575,0.21653878
273,22,35,1.9059747,33.804734,25.169899,0.23224322,-0.050616814,-0.16878069,0.079696189,0.064339495,-0.027337462,1.2696802,0.50265082,0.60958726,0.29198541
273,22,40,2.8045487,17.664887,25.255251,0.075917068,-0.0006572797,-0.14728219,0.094646889,0.02511953,0.018527911,0.83277106,0.8963644,0.72170748,0.25157358
273,22,45,1.8817556,7.2578886,25.197897,-0.15544411,-0.014201872,-0.37054751,0.087545834,-0.039676818,-0.019845439,0.79171518,0.75866828,0.57793945,0.27251412
273,22,50,2.4012029,29.040512,25.30091,-0.010740524,-0.14762499,-0.27615211,0.067314441,-0.11599465,-0.023114434,0.94755757,0.82702837,0.56257112,0.30131867
273,22,55,2.0956982,346.65183,25.218442,0.077740909,-0.25031736,-0.27170456,0.15770425,0.0094977414,-0.13970971,0.96009706,0.90382054,0.68533202,0.32837286
273,23,0,0.84739936,47.39148,25.401557,-0.285766,-0.13713538,0.24857382,0.04871157,-0.068078618,-0.026743054,0.75524059,0.59409294,0.66569056,0.2509762
273,23,5,3.1366311,36.672491,25.234628,-0.0019271932,-0.06115032,0.16125917,0.021950112,-0.010319792,-0.0058409195,1.0711186,0.59074127,0.43711558,0.16151999
273,23,10,3.4804965,40.359401,25.188007,0.095725893,-0.077298645,0.16759216,0.047623961,0.0032855547,0.0024491086,0.84090339,0.79123766,0.62354101,0.16194478
273,23,15,2.1210645,39.450895,25.093478,0.10826268,0.1293969,-0.0052335644,0.041364226,-8.6946054e-05,0.016585637,0.74286679,0.74236712,0.6576211,0.15232844
273,23,20,2.3627211,12.830622,25.195035,0.063632184,-0.11908961,-0.073609197,0.05747713,0.012496319,-0.020057443,0.64531028,0.60472457,0.55275653,0.19823461
273,23,25,2.2682284,13.950525,25.16046,0.00054850725,-0.009333696,0.0063081245,0.030174252,-6.6304799e-05,-0.027678899,1.0410219,0.61153455,0.5373482,0.15344852
273,23,30,2.5192977,22.759958,25.106644,-0.036134165,-0.042307676,-0.014677159,0.023711588,-0.011475572,-0.026909094,0.52404761,0.59267118,0.41975443,0.10983037
273,23,35,2.306021,27.190711,25.197798,-0.012190573,0.089710342,-0.059743453,0.026600577,0.0034031794,0.011364085,0.70385765,0.49355977,0.45778504,0.11282549
273,23,40,2.1877104,51.136247,25.280346,-0.17675153,-0.1286772,0.20276085,0.049474441,-0.048122452,-0.0019981229,0.7573171,0.9445955,0.56511166,0.14608518
273,23,45,2.9806225,35.397175,25.158895,-0.024849953,-0.012040245,-0.034214374,0.019359709,-0.0069663318,0.015614763,0.71914639,0.70174852,0.60316726,0.092216118
273,23,50,2.0259177,31.794423,25.144842,-0.11521325,-0.020817128,0.075732735,0.022867056,-0.032495011,-0.0065458042,0.70966581,0.40395301,0.35821861,0.10933069
273,23,55,2.5433273,43.409752,25.044543,0.020187676,-0.092094957,-0.14150282,0.0063553409,-0.0043725182,0.0047272099,0.5610744,0.62438798,0.43107375,0.058603751
274,0,0,1.6898491,60.032287,25.08558,-0.0489877,-0.074903342,-0.12769068,0.011841765,-0.0010693171,-0.0061442312,0.53154441,0.71963607,0.50836796,0.058420887
274,0,5,2.5830389,40.082664,25.045082,-0.094750466,-0.0016391715,-0.0031161675,0.0049264256,-0.010527181,-0.01230774,0.60486564,0.43358772,0.37219018,0.073110165
274,0,10,2.5699647,35.169099,24.974779,0.016359853,-0.010513534,-0.024248326,-0.006122083,-0.0011920097,0.0011481736,0.43715058,0.38427134,0.35891933,0.059494132
274,0,15,2.7723447,30.545207,24.989922,0.037132667,-0.010426077,-0.049594489,-0.0030721864,0.0049744076,0.0017217355,0.45849035,0.33121901,0.32515979,0.048413903
274,0,20,1.9553677,31.716444,24.96392,-0.017365951,0.0074351199,0.024130072,-0.0049956596,0.0019421899,0.0011126517,0.32742603,0.35929706,0.25078349,0.050116603
274,0,25,2.1672421,35.806929,24.947986,-0.00047580815,-0.008853842,-0.016882133,-0.00592975,0.00073306987,0.0026907984,0.47662841,0.35487689,0.27363023,0.062234683
274,0,30,2.3741746,36.552219,24.948241,0.020941813,-0.0033233064,-0.058385085,-0.0026990963,-0.001875999,0.00049439124,0.51125446,0.3283878,0.30609547,0.039174542
274,0,35,1.5821712,31.288776,24.87938,0.0061816647,0.0055690016,0.037147106,-0.0035556384,0.00037494845,0.00068228334,0.36740369,0.27883575,0.23555677,0.046626718
274,0,40,1.4161905,37.642262,24.813009,0.0062423222,0.019665687,-0.0020214941,-0.007195571,0.0055017358,-0.010451434,0.29120334,0.32034681,0.19228573,0.092257714
274,0,45,0.72741112,69.570822,24.654872,-0.037224643,-0.0024559352,0.016876841,-0.014876453,0.032083838,0.011626185,0.4933353,0.32652649,0.30995094,0.16148254
274,0,50,0.34015661,19.178931,24.673365,-0.0013349742,0.0076989851,0.0028381058,-0.0033821135,0.0032192972,-0.0075542432,0.23045715,0.27417295,0.18819936,0.088313241
274,0,55,0.66763804,14.481536,24.678494,-0.027465343,-0.0018824333,-0.055685356,-0.0043375017,0.034641921,-0.024517468,0.40617064,0.3028133,0.17987444,0.13478097
274,1,0,0.98613031,17.362434,24.76887,0.0059068766,0.019223429,0.0077851033,-0.0052743615,0.017261615,0.0024439402,0.37379816,0.2749877,0.2313024,0.10121655
274,1,5,0.29655688,13.098085,24.738029,-0.00807134,0.0049567187,-0.02105941,-0.0013206186,0.0035821356,-0.011177879,0.25096766,0.2866988,0.17581568,0.09917169
274,1,10,1.3411882,11.914134,24.870326,-0.0087047226,-6.6807707e-05,-0.0027904827,-0.0045530508,0.0030050707,-0.0011368678,0.22377866,0.20890087,0.20263469,0.049226761
274,1,15,1.095518,11.55112,24.824658,0.0095228589,-0.0063577722,-0.044551939,-0.00029192445,0.0015955836,-0.0024573983,0.25897447,0.27007561,0.17158231,0.059376712
274,1,20,0.71053428,335.90526,24.504985,0.01471907,-0.010705355,-0.018361586,0.0017121824,0.0093953528,-0.024858848,0.24075249,0.30586564,0.18177691,0.17242807
274,1,25,0.64478313,312.61078,24.385917,0.00082974595,0.0022354843,0.020586345,-0.008081049,-0.012062922,-0.037831856,0.2548314,0.33615675,0.17978417,0.19428212
274,1,30,0.82473763,260.94908,24.017035,-0.0091636097,-0.0032793405,0.0051938329,0.0057399189,-0.019130685,-0.007447063,0.22585773,0.15110825,0.12833981,0.15734537
274,1,35,0.67283364,272.62951,24.300181,-0.0070800888,0.011200188,-0.014705148,1.8142607e-05,-0.0053414874,-0.0011726352,0.19057846,0.21132198,0.17836253,0.13546584
274,1,40,0.49515284,277.09755,24.451544,-0.00084263816,0.008335926,-0.0020220912,-0.0028652353,0.0007113392,-0.0022648274,0.17005456,0.14932001,0.15235772,0.098890438
274,1,45,0.72945885,289.2685,24.410754,-0.0036721566,0.004346945,0.012752939,-0.0016185405,-0.00075660082,-0.0024989233,0.19861621,0.16318317,0.14109987,0.083367718
274,1,50,1.2358348,291.3816,23.966765,-0.00069737906,0.024172314,-0.0017253743,0.0052890868,-0.033220677,0.0019308609,0.26079455,0.21191514,0.21188597,0.23944166
274,1,55,1.2455747,281.24025,24.229748,-0.0019928233,0.01629536,0.00086782612,0.0037326062,-0.024245329,0.0057359946,0.24205637,0.2383844,0.21135445,0.24409729
274,2,0,0.70494303,266.58633,24.331645,0.0019236181,-0.0072372062,-0.006687654,4.2621854e-06,0.00054799986,-0.0075323655,0.13247884,0.1735294,0.13620854,0.11946229
274,2,5,0.74376957,268.73961,24.47882,0.0034189595,-0.00067848725,-0.0010227624,-0.0019202535,-0.0030355934,-0.0037144171,0.11468371,0.094617955,0.098400318,0.11471899
274,2,10,0.94628608,281.37452,24.118274,0.013476717,0.0049337783,-0.0075317431,-0.006550711,-0.047778826,0.0059935499,0.33098079,0.18482517,0.17760554,0.28954445
274,2,15,1.3984374,289.69968,23.948696,0.013741936,0.0063254254,-0.0081083743,-0.007506742,-0.071970256,0.0056309364,0.39940029,0.23757671,0.17964902,0.26122061
274,2,20,1.8413827,289.07754,23.791935,0.028973958,0.0033506386,-0.0051398827,-0.01465012,-0.073853892,-0.0075583061,0.40934408,0.23937327,0.18004355,0.28233768
274,2,25,1.8882132,288.54221,23.843852,0.012399568,0.0093866099,0.012028256,-0.0079400884,-0.046805144,-0.016131958,0.31116161,0.23031054,0.19698763,0.28589384
274,2,30,2.063251,283.6422,23.588212,-0.0085584183,-0.0040353524,-0.0056101793,0.0045251407,-0.019452844,0.00082682129,0.24246189,0.17375004,0.16296351,0.2352925
274,2,35,1.4495375,283.18594,24.02315,-0.0034432731,0.0046109411,-0.0028032389,-0.00044070898,-0.0022073885,-0.00013070482,0.14771938,0.13983215,0.12700199,0.081544576
274,2,40,1.5231867,278.91907,23.966628,0.00030157483,0.00043905361,-0.019797755,-0.0049159517,-0.041860145,0.020671627,0.30824127,0.19989652,0.16255435,0.27962161
274,2,45,1.9616728,288.17451,23.867421,0.032235727,-0.0035368239,-0.012523749,-0.024789117,-0.049267153,0.0076832334,0.35453512,0.29609295,0.24324795,0.24376449
274,2,50,2.0538816,292.90914,23.738038,0.0093518657,0.0024916251,0.012603977,-0.0067269801,-0.046383067,-0.023577767,0.29561483,0.23624728,0.13015669,0.23905577
274,2,55,1.87425,293.13959,23.816245,0.010402125,0.00042733987,-0.015930544,-0.0087032584,-0.040574666,0.0043123237,0.28850706,0.18976141,0.13047199,0.22965569
274,3,0,1.6458978,287.891,23.919213,0.0051325002,0.0056996909,0.0021704186,-0.012906967,-0.023045716,-0.013157536,0.17134265,0.1812535,0.15329142,0.32743676
274,3,5,2.1527575,286.42371,23.259315,-0.011833657,-0.0022454956,-0.055551381,0.024877599,-0.18792055,0.089588093,0.46514759,0.42360662,0.29735974,0.6804354
274,3,10,2.4831689,296.13994,23.646959,0.028103244,-0.0079568576,-0.016311871,-0.024071267,-0.10635006,0.027267415,0.40232888,0.26566595,0.22107908,0.38317071
274,3,15,2.6973979,294.21603,23.825417,0.01613558,-0.0056964226,-0.009083196,-0.0067698776,-0.022296619,0.014660262,0.31236314,0.2104148,0.17108212,0.2238518
274,3,20,3.0053334,290.71341,23.688521,0.0058314095,0.005094115,0.011199783,-0.0045810799,-0.016755653,-0.012448357,0.17985809,0.19878247,0.13166887,0.22285986
274,3,25,3.1796651,294.67322,23.719016,-0.0054089083,-0.006050668,0.0056192664,0.0016575371,-0.013420954,-0.011691341,0.21893237,0.18817914,0.14442148,0.24791096
274,3,30,3.0245891,290.75872,23.779299,0.0098525399,0.00095014458,0.0037208921,-0.0041077544,-0.0025395156,-0.0013521715,0.22002538,0.18364155,0.15313236,0.17936807
274,3,35,2.9685536,293.47037,23.768569,0.00848685,6.7782307e-05,0.011864509,-0.0027877786,-0.026085126,-0.0039947539,0.20840105,0.17073825,0.16457593,0.29987771
274,3,40,3.300818,289.71104,23.340897,0.0047225193,0.0085264591,0.012310945,-0.010222914,-0.026556624,-0.042793839,0.26087022,0.24160765,0.14395561,0.34459182
274,3,45,3.1804855,281.71179,23.270013,-0.005390204,0.0085567848,-0.031813314,-0.0037285269,-0.026609316,0.0034843278,0.30101501,0.31563904,0.19969013,0.24965313
274,3,50,3.0955923,279.96951,23.313936,-0.0046345109,0.018530494,-0.019137378,-0.00090627393,-0.016862563,0.00039346266,0.27414336,0.25726412,0.21309777,0.18639884
274,3,55,2.8088284,283.03295,23.477076,-0.01066094,0.011535512,-0.024001404,-0.008488186,-0.023005402,0.016277896,0.25878367,0.22440617,0.21494465,0.23243142
274,4,0,2.7653409,289.56758,23.472137,-7.0173968e-05,0.014143273,-0.016128244,-0.0098433815,-0.0092313189,0.011251318,0.23705807,0.24664477,0.20724452,0.18272338
274,4,5,3.1067839,285.21783,23.524247,0.00042984139,0.010403247,0.0024266198,-0.012598325,-0.021418964,-0.0024481744,0.30187223,0.17839221,0.18422092,0.19745562
274,4,10,3.1731227,284.43915,23.590603,0.0019436933,0.0052765059,-0.0049302258,-0.0068411813,-0.017101921,-0.0058346944,0.23624063,0.17940299,0.1595696,0.16435301
274,4,15,3.2392794,284.91816,23.40225,0.0018256266,0.0064045103,-0.01374087,-0.007156758,-0.0042147232,-0.010725476,0.27261162,0.20770161,0.17047973,0.1741772
274,4,20,3.2670663,282.072,23.531569,0.0037363427,0.0019789572,-0.00054447439,-0.0056191525,-0.013896271,-0.0070768789,0.20552538,0.18959582,0.15729228,0.17568268
274,4,25,3.1611756,284.65071,23.543,0.00053968179,0.012219942,-0.0040137363,-0.010340851,-0.012360215,-0.0067537141,0.22103618,0.19281393,0.17676474,0.19224662
274,4,30,3.1455169,287.05905,23.472627,0.0034716361,0.0049387033,-0.015741209,-0.010655872,-0.021206576,-0.003935537,0.27351564,0.1923605,0.17099877,0.20587937
274,4,35,3.1229141,288.07541,23.38904,0.0051743041,-0.0023186706,0.0019831944,-0.0077088004,-0.022201107,-0.013537832,0.23191101,0.19521735,0.15674222,0.23415066
274,4,40,3.2694221,285.98201,23.433732,0.00575802,0.0013479986,0.0083681034,-0.0042945818,-0.015944655,-0.011303097,0.20344737,0.18948263,0.16110604,0.2223828
274,4,45,3.2524746,285.96828,23.528819,0.0051200224,0.0056703905,0.017105938,-0.0082435406,-0.027913901,-0.016278979,0.22568423,0.1903561,0.14996235,0.22414065
274,4,50,3.1676222,288.44301,23.626526,0.003374201,-0.0037313329,9.3774024e-05,-0.0055273715,-0.013315499,-0.0023661626,0.21016471,0.18016506,0.14519779,0.1706454
274,4,55,3.3633208,290.96686,23.451998,0.0024340822,0.004591148,0.00081793029,-0.0014985587,-0.025456254,0.00060429231,0.2008781,0.18194417,0.13905065,0.24549965
274,5,0,3.3881782,286.40758,23.347862,-0.0045284877,0.0041048611,0.0080244265,-0.0021133903,-0.025736812,-0.01623651,0.24332465,0.24469938,0.17122059,0.25086807
274,5,5,3.0624098,284.49277,23.365637,0.0014354218,0.010014252,-0.028436626,-0.0058875871,-0.030219017,0.0088638548,0.30243882,0.27659082,0.20496389,0.20726027
274,5,10,3.5841546,15.580677,19.083105,0.12520467,-0.10850255,-1.8903119,-0.12502077,-2.7951883,2.3502943,1.5633925,1.339286,0.33701287,2.0486497
274,5,15,0.54225545,15.136606,19.314676,-0.38592432,0.01331147,-0.22557863,-0.23210959,0.94657609,-0.26632886,1.2424914,0.64924412,0.63249691,1.2632315
274,5,20,2.0020789,32.530687,18.98905,0.0090785431,-0.030912411,0.018665672,-0.079764349,0.10459912,-0.0032232111,0.52292401,0.48123,0.43312268,0.44365707
274,5,25,0.54618538,305.77897,19.09354,0.0078126534,0.11801966,0.087372653,-0.038487747,-0.02138583,-0.070397632,0.43193001,0.61842309,0.36278371,0.24041305
274,5,30,0.83276932,277.05752,19.534127,-0.011944006,0.067092339,-0.028101737,-0.016213736,-0.0450767,-0.0096134891,0.48435826,0.43198385,0.4637484,0.35266393
274,5,35,1.9692034,300.57352,19.632879,0.020701013,0.0057844365,-0.06114154,-0.008705481,-0.067206374,0.023624534,0.43403451,0.3353335,0.18944525,0.27497089
274,5,40,2.3630374,309.56757,20.007687,0.0047876188,-0.0021391119,-0.051945157,-0.0063458823,-0.021535685,0.0083917462,0.28828644,0.49763473,0.23369408,0.17687109
274,5,45,2.3619247,293.45255,20.60447,0.0048646724,-0.012467017,-4.5954138e-05,-0.013267732,-0.018016643,0.015562306,0.27795017,0.38811053,0.23217459,0.17971765
274,5,50,2.1807614,286.57934,21.079564,-1.3787539e-05,-0.027692756,-0.022724942,-0.016909364,-0.053498759,0.023075833,0.2621138,0.33914022,0.25484033,0.33219992
274,5,55,1.7812307,288.97492,21.270844,-0.00026961878,0.01038634,0.0096507826,0.0056009823,-0.037398261,-0.0078261395,0.22699058,0.23566782,0.14718662,0.26057914
274,6,0,1.4966481,284.46406,21.659612,0.019901906,0.012433506,0.015236617,-0.0091256213,-0.01676843,-0.012588882,0.31679693,0.22892806,0.19734294,0.12664505
274,6,5,2.1293423,284.58945,21.574618,-0.010356752,-0.0017812738,0.016181957,0.0095035056,-0.061309902,-0.023801341,0.33768692,0.27507589,0.2305261,0.31243942
274,6,10,2.4385874,287.84902,21.491499,0.01292813,-0.0008183788,-0.020909894,-0.01411103,-0.035151308,-0.0015663612,0.31763977,0.26340904,0.18618786,0.2033691
274,6,15,3.0489371,290.40561,21.418441,0.010391011,-0.0098364771,-0.015458651,0.001762963,-0.016179229,-0.00061063212,0.22600161,0.21309993,0.16994737,0.17654079
274,6,20,3.1649733,288.78731,21.519503,0.0010077029,-0.0068679857,0.00032240161,-0.00042990678,-0.010409712,-0.019774077,0.18442241,0.23599633,0.15737071,0.16845622
274,6,25,3.086396,288.04692,21.589085,1.260073e-06,-0.010803886,0.0039589393,0.0035696206,-0.027792227,-0.025142799,0.21326723,0.24573163,0.17171328,0.25311315
274,6,30,3.0132539,283.89061,21.543635,-0.0014897282,0.012135785,-0.015497103,0.00061574613,-0.01070228,0.0098477978,0.19334955,0.22777857,0.1735469,0.18409831
274,6,35,2.9350914,284.11548,21.497298,0.005207339,0.0083560374,-0.001706104,0.0006981233,-0.013036101,0.022090093,0.17366293,0.26761099,0.17371933,0.23839232
274,6,40,2.9474742,289.629,21.738425,0.0069660841,-0.00080449771,0.0081361004,-0.0011574413,-0.015808846,-0.03660656,0.19615271,0.23777955,0.15922467,0.25797285
274,6,45,3.0280935,284.34146,21.647336,0.0054284938,0.0024513155,-0.0017608579,-0.004164409,-0.011894811,-0.01168912,0.22373826,0.25079578,0.17418994,0.22331887
274,6,50,3.0039859,289.05499,21.928791,0.0074060561,-0.00011172945,0.0010914186,0.0022366509,-0.0073011734,-0.027710546,0.26364807,0.21740432,0.18152591,0.26517616
274,6,55,3.0659039,292.06742,21.99111,0.0071193446,-0.0041062582,-0.0034372523,-0.0020628624,-0.011690192,-0.0049627372,0.19159857,0.17396774,0.14489365,0.19232106
274,7,0,3.2808827,284.05562,21.856117,-0.007998472,0.0068405976,0.0015750469,-0.0034361378,-0.023081668,-0.013209695,0.22810016,0.18886896,0.17248421,0.23980093
274,7,5,3.3053614,287.05957,21.719311,0.006533121,0.0015498615,0.0086235868,-0.0048934601,-0.026162822,-0.024026417,0.28188665,0.2422955,0.18370867,0.24722357
274,7,10,3.1426132,289.40198,21.887392,0.0049653895,-0.0026169075,0.00066871754,-0.0046283838,-0.022850645,-0.005305067,0.2418799,0.18963176,0.16624997,0.1898219
274,7,15,3.0189698,290.09419,21.934825,-0.00086068748,0.0041699265,-0.0039723087,-0.00068454466,-0.01096301,-0.00077820547,0.17240693,0.15712353,0.12807271,0.16172119
274,7,20,3.060151,287.53982,22.035854,0.0059430839,-0.0010437889,-0.0018881709,-0.0041720083,-0.014953975,-0.00041516629,0.19052619,0.15878859,0.12971111,0.16481304
274,7,25,3.2184634,285.88159,21.920053,0.0031853024,0.0021324246,0.0028323139,-0.0047750221,-0.016931587,-0.00098172292,0.20070399,0.17552519,0.13042297,0.19715874
274,7,30,3.4124109,285.75503,21.870217,0.0054265219,0.0002584391,0.00763018,-0.0068551603,-0.03072929,-0.0033581295,0.25074579,0.20851103,0.17857409,0.22474389
274,7,35,3.4811027,287.41435,21.981141,0.0074663899,-0.0061008542,0.0028193277,0.0018191165,-0.053435054,-0.0076095836,0.28726633,0.18387785,0.1688961,0.30891294
274,7,40,3.6960995,289.09614,21.815193,0.0035692177,-0.004024514,-0.0056488497,0.0027616115,-0.022517077,-0.017112246,0.26837356,0.2379842,0.1947425,0.33627107
274,7,45,3.4805691,283.69305,21.906022,0.0040426505,0.0039536185,-0.0027284526,-0.0019322917,-0.031053953,-0.0023966606,0.25502703,0.27301018,0.19491695,0.30399138
274,7,50,3.1428201,282.6956,21.8737,0.0088949192,0.014260402,0.0058093446,-0.0063049892,-0.01734034,0.0029637032,0.29828874,0.29284813,0.20630511,0.23951194
274,7,55,2.9945161,284.99486,21.74593,0.008943238,0.023299721,-0.0018775365,-0.010818361,-0.017990301,-0.019015398,0.28691302,0.35960682,0.20498537,0.28550664
274,8,0,2.459438,287.7589,21.869059,0.072356473,-0.0066495217,0.039963601,-0.05016001,-0.087221456,-0.038896228,0.48919096,0.43655172,0.33911384,0.376137
274,8,5,1.226697,295.19422,21.869788,0.18441232,0.066942958,0.18801966,-0.068518338,-0.11895584,-0.06957236,0.72588971,0.51311673,0.42016494,0.35119727
274,8,10,0.73172086,266.22141,21.886253,0.015206099,-0.002088988,-0.012226783,0.007010033,-0.0091321552,0.025199182,0.39628534,0.3757294,0.26408978,0.18467198
274,8,15,0.99755571,274.81563,22.044475,0.063284612,-0.029609904,-0.090010997,-0.01902024,-0.09462835,0.03119817,0.6639146,0.36769962,0.33487069,0.19988958
274,8,20,1.4301588,278.71717,22.007079,0.025329376,-0.0089560194,-0.022231559,-0.01106446,-0.03108628,-0.0066918354,0.3227631,0.26232596,0.21958173,0.23070214
274,8,25,2.2735374,284.58667,21.793098,0.010068222,-0.00081171935,0.0063146427,0.00045214767,-0.03631451,-0.024616299,0.31263478,0.22036013,0.17769831,0.24781577
274,8,30,2.0493966,279.75643,22.019772,0.00072062657,0.016220815,-0.011728448,-5.3387556e-05,-0.0032898372,-0.002693444,0.26648271,0.20222838,0.19115097,0.12999762
274,8,35,2.2280651,283.76782,21.9772,0.0029694804,0.0022254554,-0.011681117,-0.004687348,-0.017123999,0.0075546393,0.22156773,0.16800863,0.14463604,0.21480496
274,8,40,2.5774284,285.71,21.883506,0.0016458515,0.0039538473,0.0027957385,-0.0046080948,-0.01883832,0.00079603333,0.25542374,0.1634684,0.13724405,0.16460534
274,8,45,2.8569924,286.91818,21.670718,-0.0042744704,0.0033971156,0.0050365166,-0.0059002262,-0.015516344,-0.0039688091,0.24629999,0.14116904,0.14099723,0.20897698
274,8,50,2.8083604,286.65513,21.649759,-0.0014206533,0.0051966525,0.0011879756,-0.0030295666,-0.0087270962,-0.010571239,0.19942999,0.17984089,0.13750304,0.21424836
274,8,55,2.5830653,286.82854,21.843321,-0.0016480659,0.0014051584,-0.0055368425,-0.0035143251,-0.0045462377,6.2078973e-05,0.18116089,0.14404682,0.14108959,0.19231022
274,9,0,2.309886,295.89539,21.89843,0.0082106703,0.005502261,0.0023289738,-0.0030484131,-0.032295306,-0.017187069,0.22567169,0.17516146,0.14663935,0.36562046
274,9,5,1.745844,299.22208,22.134388,0.056909209,0.011020065,0.064811057,-0.043857396,-0.15927763,-0.053618067,0.55419047,0.3105594,0.24720675,0.40429669
274,9,10,2.1073597,292.30312,21.825345,0.01459108,0.010097834,0.018228333,-0.012248816,-0.065764967,-0.022465687,0.32644777,0.26563935,0.18873844,0.34502456
274,9,15,2.4350021,290.63233,21.516243,0.0015358262,0.0082430055,-0.0039752365,0.00065328871,-0.022454561,0.0040413238,0.23874826,0.18475701,0.15786245,0.27865991
274,9,20,2.3748464,285.96441,21.407767,0.0054797645,0.0026159704,-0.0082973887,-0.00030795603,-0.012473373,0.00040530021,0.22666962,0.16793258,0.13050875,0.18540136
274,9,25,2.6038502,287.50163,21.351158,0.0034574687,0.0047257613,-0.00090622853,-0.0055339698,-0.025359236,0.0014646861,0.22262989,0.15562237,0.13513387,0.21515564
274,9,30,2.8727976,287.75505,21.400095,0.0014073682,0.003604728,-0.0025076556,-0.0055535815,-0.012493583,-0.0036847599,0.2098495,0.18438506,0.13572057,0.15728811
274,9,35,2.9515585,287.07393,21.387002,0.0036171551,0.0021574492,-0.0046420924,-0.0060697581,-0.013677051,-0.011761671,0.18996251,0.18610786,0.14124244,0.19911986
274,9,40,2.8414187,287.5661,21.344978,0.0063559881,0.0023959928,-0.0062369147,-0.0040115672,-0.02329865,-0.0077940081,0.24180838,0.17858095,0.14759081,0.20406105
274,9,45,2.9277535,283.35205,21.396247,-0.0058061465,0.010787718,-0.0012264817,-0.0019735859,-0.010605448,-0.0058081435,0.21228035,0.23489865,0.1934006,0.1890216
274,9,50,2.6960831,285.69684,21.433304,-0.011707769,0.010394317,-0.0033918441,-0.0047213584,-0.0091944446,0.0043033582,0.20091784,0.18056562,0.20091228,0.17940975
274,9,55,2.9257853,288.13667,21.514548,0.0033686534,0.0032948701,-0.01102509,-0.0085296687,-0.026337332,0.0011336042,0.2396037,0.17262148,0.14605456,0.20576975
274,10,0,2.8996426,293.69224,21.446316,-0.018078873,-0.005908763,-0.0073603224,0.025605869,-0.062798602,0.0019557295,0.31345451,0.33992261,0.26487995,0.36349373
274,10,5,2.8145079,289.63514,21.642926,0.051743099,0.003577324,-0.014851787,-0.063053639,-0.12474642,0.00091218856,0.49683677,0.36504514,0.30955,0.44911574
274,10,10,2.246556,281.79563,21.516817,0.092515916,-0.027346207,-0.020554513,-0.069168534,-0.12422115,0.010366456,0.58636431,0.48313841,0.37818523,0.46023973
274,10,15,2.0604879,285.75875,21.542277,0.082537504,-0.011931094,-0.061935886,-0.036877695,-0.14091892,0.045951785,0.65930955,0.52883907,0.30388502,0.40175105
274,10,20,0.86241078,257.22989,21.855776,0.025174463,-0.002260317,-0.031527614,-0.021578534,-0.027814195,0.028930131,0.46324881,0.36276407,0.28414167,0.31957177
274,10,25,0.40402511,257.44797,21.831656,0.034793962,0.004816479,-0.010204224,-0.0092144998,-0.010049673,-0.0032233303,0.36132563,0.21932868,0.26372976,0.45352107
274,10,30,1.0203692,250.45203,21.678095,0.033188744,-0.020836969,-0.094553996,-0.031302119,-0.13375988,0.15168194,0.7090939,0.57899203,0.31775946,0.476662
274,10,35,0.46446742,163.25689,21.507037,-0.0083049503,-0.012469656,-0.022519998,-0.0030497859,0.036945665,-0.0041520271,0.33659053,0.34026056,0.24708525,0.2767731
274,10,40,0.32615247,117.08048,21.565018,0.010248182,6.8729787e-05,-0.0062196154,0.0055351909,0.0069240067,0.033001892,0.19768675,0.25538341,0.18530741,0.2363444
274,10,45,1.1476869,229.24613,22.111404,0.16625119,0.023348318,-0.051072405,-0.077937103,-0.040185353,0.001186964,0.67094703,0.47628165,0.51978601,0.32382911
274,10,50,2.6562105,235.07768,22.513703,-0.022244648,-0.0016131814,-0.07748996,-0.029956509,-0.0088041708,-0.014516192,0.64882423,0.51532425,0.42086633,0.35121321
274,10,55,3.1888766,235.80035,22.213945,-0.044690934,-0.036801328,-0.14778052,-0.013529875,0.10947102,-0.033665495,0.79905596,0.56471092,0.3998913,0.30390395
274,11,0,4.2918598,241.31036,22.338933,0.008427546,-0.0080908873,-0.13797537,-0.013999174,0.041042949,-0.0023850182,0.73441666,0.57668215,0.35254863,0.19021519
274,11,5,3.6994672,238.04319,22.231488,-0.037652789,-0.016987766,-0.17374308,-0.016220076,0.035182338,0.0064456383,0.81372487,0.61853947,0.38119998,0.16754956
274,11,10,1.7483353,216.90379,21.425437,-0.018396826,-0.078075809,-0.68368943,-0.034791956,0.34422817,-0.39158495,0.91308258,1.1308745,0.45944386,0.54527938
274,11,15,2.4539058,229.42314,21.386934,-0.16306548,0.034971082,-0.16908066,-0.08650111,0.19867029,-0.075509926,0.81603645,0.65962964,0.47086979,0.44932763
274,11,20,2.4407271,237.89061,21.362859,-0.096822509,0.010913404,-0.060818284,-0.03519497,0.067231181,0.0019988495,0.6233855,0.43844684,0.38666936,0.24243146
274,11,25,0.76277763,208.51838,20.549822,-0.066888239,0.079382967,-0.031297758,-0.057950685,0.092718491,-0.063606366,0.42597502,0.57753168,0.36080581,0.38652765
274,11,30,0.50412875,141.13561,20.551915,0.087654845,0.1013689,0.087293641,-0.021308905,-0.018778896,0.0066246162,0.34672575,0.48117476,0.39057748,0.54040056
274,11,35,1.3420065,109.79477,19.71004,-0.019873618,-0.019586955,0.045847982,-0.0050533558,-0.0024387004,-0.020464908,0.36587481,0.33531705,0.15966801,0.1670193
274,11,40,0.41041268,197.16502,19.835506,0.0001363293,0.00065304931,-0.00066971955,0.0039934412,0.0014970294,0.0079807009,0.10150617,0.11413056,0.12211306,0.13769893
274,11,45,0.76524219,284.52169,20.079224,0.0015886902,-0.00024937831,-0.0016794134,-0.0019760617,-0.02087842,-0.011686397,0.20010456,0.20383288,0.092981191,0.16894303
274,11,50,0.4860959,244.98729,20.20224,-0.010950379,-0.0021284293,-0.017585124,0.0025828889,-0.0090720967,0.00122818,0.28549908,0.14380296,0.13964911,0.10653674
274,11,55,0.34993461,243.73654,19.902523,-0.0089249705,0.0041415064,-0.031080803,-0.0010844062,-0.025119676,0.032856749,0.26800883,0.28947261,0.17566453,0.18372539
274,12,0,0.27010494,265.93214,20.082148,-0.008760156,-0.0023068481,-0.024719689,-0.00079342619,-0.0022973313,0.0061939729,0.28482947,0.26305621,0.2357167,0.13087998
274,12,5,0.47670024,143.57439,20.179404,0.0049688934,0.015354351,0.023816531,-0.0006904616,-0.010660506,0.008804704,0.23108002,0.25520396,0.27412296,0.14025842
274,12,10,0.67039555,153.50585,19.76539,0.007505531,0.0019546119,0.0030904743,-0.0030013071,0.0029692067,0.0034047111,0.17068297,0.12916447,0.14521865,0.090722208
274,12,15,0.49664266,83.196371,19.902679,0.021156938,0.0084209348,-0.0093723873,-0.016751136,-0.062705206,0.0067033254,0.27355193,0.23718328,0.20224913,0.39207703
274,12,20,1.0401606,107.11339,19.034584,-0.0053150963,0.00014514015,0.044673618,-0.02888793,0.0930605,0.026321902,0.33709276,0.28894221,0.22403268,0.49279854
274,12,25,0.76374535,174.91457,18.264774,0.018230115,0.040703411,0.043092404,-0.020555184,-0.04021018,0.031986836,0.26344259,0.43173499,0.25061434,0.55715881
274,12,30,1.215039,240.49152,19.303936,-0.15153362,0.0037960187,-0.046290307,-0.062762933,0.22138156,-0.035997343,0.99838769,0.76925876,0.51785505,0.39212364
274,12,35,0.62821367,205.83452,17.903448,-0.32886513,0.0090835598,-0.058696809,-0.21628369,0.80561234,-0.16149036,1.1099557,0.58006917,0.70064065,0.96226726
274,12,40,0.80413729,87.567659,17.454894,-0.014931521,0.028844611,-0.025632551,-0.0070672736,0.00733313,-0.015767848,0.28160683,0.31712652,0.20983447,0.30956907
274,12,45,1.6282664,243.23436,18.372321,-0.01733203,0.020692407,-0.041973522,-0.006094248,0.33680697,0.0091759428,1.0167995,0.55924517,0.42999709,0.55236085
274,12,50,5.2234726,246.85826,19.455617,0.070321148,0.090172705,-0.16671801,-0.077364993,0.030854879,-0.053410435,0.94719259,0.72343354,0.63978247,0.42088112
274,12,55,4.2598299,245.76063,19.207543,-0.05739727,-0.0074329393,-0.13310253,-0.052085146,0.068322115,-0.011928334,0.9604109,0.61219154,0.60301757,0.34889442
274,13,0,4.7707861,238.6245,18.365743,-0.32769613,0.0631721,-0.4327659,-0.046659421,0.15574014,-0.011157446,1.4018688,1.069774,0.77697514,0.27773937
274,13,5,5.4693333,239.54005,18.747324,-0.20711579,-0.046078128,-0.40707912,-0.046102732,0.093804381,-0.0030312323,1.2683915,0.9873866,0.69796776,0.22417324
274,13,10,2.7838208,228.11628,18.566482,-0.32642944,0.11392611,-0.1403676,-0.099759518,0.25976339,0.050479247,0.96777597,0.85376607,0.73603524,0.69920158
274,13,15,1.9202601,77.763543,16.532962,-0.0080821235,-0.0090299414,0.0010453333,-0.020627494,0.066043774,-0.0035373883,0.5168816,0.40715452,0.39339876,0.29624377
274,13,20,0.25301307,148.43983,16.538778,-0.0088004358,0.0037035926,0.036286032,-0.0018426318,0.018896976,0.19647717,0.28641375,0.58958563,0.23455663,0.39963586
274,13,25,0.54092692,177.68492,16.754778,0.016244618,0.02088598,0.034665008,0.016561135,0.023221213,0.063232741,0.1984313,0.35757142,0.15410914,0.22033716
274,13,30,0.38090564,175.04174,16.770233,-0.0021491564,0.001627391,0.0098362492,-0.001646039,0.0067709368,0.0046620924,0.21878304,0.14535569,0.13646446,0.089499574
274,13,35,0.9137648,262.7161,16.650633,0.0085773726,-0.0022999737,-0.023021359,-0.0047248074,-0.02332401,0.016378194,0.25810403,0.22208557,0.1258344,0.16534751
274,13,40,1.0697612,264.58598,16.840254,0.012885481,-0.012200268,-0.011721637,-0.0015960649,-0.0059938604,0.0022605634,0.19931199,0.17579458,0.14884857,0.057465201
274,13,45,0.74661898,229.52731,17.101528,3.7868588e-05,0.0041767218,0.0018106946,0.0027810625,-0.003817044,0.0034519982,0.14990387,0.18893499,0.11836314,0.084542438
274,13,50,0.79325859,236.46599,17.09659,0.0054060669,-0.010019115,-0.0061697472,-0.0061630368,-0.0049468614,0.016906574,0.17921154,0.246153,0.13532941,0.13141562
274,13,55,0.98761908,286.1387,16.996414,0.0252476,-0.015702266,-0.029817538,-0.0084565909,-0.021670993,0.017473939,0.35498987,0.27845074,0.17665734,0.14653375
274,14,0,1.0011347,268.28671,17.010514,0.012043513,-0.0020486387,-0.0038753133,-0.0033841697,-0.012183968,0.0018155036,0.33412927,0.1314675,0.13893759,0.091828349
274,14,5,1.0263076,272.7184,17.128129,-0.0011345936,-0.0037208388,0.00074129736,-0.0011615664,0.0010816184,0.0067837624,0.19143688,0.15540197,0.098695469,0.082626268
274,14,10,0.8493038,265.68247,17.239824,0.0088658963,-0.0021606302,-0.0091832274,-0.00088456497,-0.0035192825,0.003198383,0.1886825,0.12837253,0.10402107,0.077010416
274,14,15,0.54280791,252.22146,17.467922,-0.0029894782,0.0030431255,-0.028708559,-0.00098248782,-0.0018586767,0.0016476254,0.19252009,0.17667568,0.077666087,0.060926785
274,14,20,0.11991132,239.20924,17.484115,-0.0016901066,-0.00080343197,0.00078455724,-1.3772124e-05,-0.0019610636,0.0070480495,0.11865835,0.12249588,0.088308537,0.11123282
274,14,25,0.19255747,41.762445,17.528166,-0.0021956636,0.0053728296,0.0027203997,0.016625579,0.00028616267,0.0050015391,0.11074959,0.1419725,0.17248514,0.12372358
274,14,30,0.90534096,116.47218,17.188705,0.0024890852,-0.0025385406,0.0004117223,0.0016476458,-0.00061352771,-0.00027591268,0.12648847,0.10453535,0.14481469,0.038621594
274,14,35,0.76938803,133.0207,17.123446,-0.0024898657,-0.002174605,0.0096378435,0.0019010736,-0.005341585,-0.0035271379,0.15042585,0.14835494,0.090229762,0.068740637
274,14,40,0.541748,177.63359,17.518467,-0.0032606389,0.0055859543,-0.00046167754,-2.607556e-05,-0.0034976597,-0.0053355228,0.1258083,0.13842304,0.12368818,0.099111318
274,14,45,0.044283394,88.874629,17.764229,-0.024112586,0.037746995,-0.045209144,0.0033756178,0.0014861943,0.00012354129,0.21439032,0.28907947,0.20067115,0.099501693
274,14,50,0.53196042,96.708164,17.914075,0.0046912569,-0.0090134275,-0.0051311873,0.024878189,0.00057716891,-0.0015447905,0.19739389,0.21438504,0.24869439,0.1334581
274,14,55,1.212608,70.174795,17.846762,-0.020441034,-0.0360882,0.011655828,0.016797959,-0.0032834246,-0.0041889304,0.19691796,0.29844155,0.29112668,0.10229264
274,15,0,1.2515288,84.054149,17.693232,-0.0018093587,0.0021802098,0.0058206305,0.020284467,-0.00072036386,-0.00058569637,0.20693519,0.19452103,0.26171104,0.12617903
274,15,5,1.0689129,84.042377,17.739562,-0.011422829,-0.0033703358,-0.00059741851,0.028560234,-0.0055469812,-0.0061117881,0.22985871,0.21161265,0.2778905,0.15810929
274,15,10,0.76965359,83.148292,17.884466,-0.037986491,0.0012407413,-0.0007640966,0.036298605,-0.015187713,0.008145918,0.27522157,0.2430583,0.3203466,0.16243395
274,15,15,1.1005716,75.56946,17.983705,-0.026232624,-0.013772616,0.0009393831,0.073384065,-0.016693414,-0.0073042095,0.23851572,0.23630647,0.33325176,0.2574613
274,15,20,1.0264207,108.20852,17.88002,0.026450042,-0.01534439,0.003203727,0.048737704,0.0021906516,-0.0028234538,0.33213638,0.21743514,0.36407769,0.18252171
274,15,25,0.9635509,123.48807,18.080405,0.059545906,-0.032866926,-0.012404109,0.09422677,0.045106194,-0.0074950036,0.35624903,0.27963264,0.41740255,0.31176306
274,15,30,1.0774359,102.73106,18.047333,0.022256063,-0.0077684114,0.032819902,0.040435762,0.0099634884,-0.0037816427,0.34124797,0.29835293,0.37516383,0.19009089
274,15,35,1.1418881,80.700302,18.096654,0.0089466562,-0.0083190578,-0.015645319,0.073741841,-0.0054221202,0.024092485,0.26023943,0.36919791,0.42898835,0.25654274
274,15,40,1.1361357,96.4571,17.966292,0.023477814,-0.030836434,0.0007642286,0.038790096,0.0098794232,-0.0099220487,0.27228992,0.27778329,0.38037933,0.15437542
274,15,45,0.81251048,90.981733,18.189288,0.025005347,-0.015565117,-0.027083601,0.054403424,-0.0046341512,-0.004086056,0.33837338,0.27338571,0.38186912,0.21705537
274,15,50,0.70149332,102.09526,18.271209,0.0027696607,0.023824147,-0.0099249905,0.020644596,-0.015833544,0.011245926,0.30183181,0.22473626,0.28693412,0.1536788
274,15,55,0.73480239,78.22809,18.524279,-0.031014445,0.0095923732,0.01228949,0.060479095,-0.042066222,0.0021408698,0.37098889,0.26862213,0.33382462,0.27022288
274,16,0,1.4722937,81.713633,18.726008,0.034841777,-0.0035100313,-0.004668429,0.085749527,0.014130921,0.0036765376,0.33800513,0.27854309,0.44812875,0.27221197
274,16,5,1.7386556,68.171654,18.729351,0.079120803,-0.013343792,-0.037769153,0.058415441,0.027721433,-0.0037934493,0.47256074,0.29176602,0.39179346,0.26715472
274,16,10,1.6493938,77.62516,18.748367,0.035294196,0.020515565,-0.0082848509,0.050617028,0.01579807,0.026113861,0.51433403,0.54738321,0.4761683,0.25950957
274,16,15,1.1749285,54.873747,18.722515,0.028894339,0.043240719,0.019244486,0.035308949,0.0040289763,0.0096461526,0.32828008,0.37359089,0.33648888,0.19785237
274,16,20,1.7676986,89.024807,19.152538,-0.026171862,-0.026553165,0.073684785,0.11389792,0.033833078,-0.016893167,0.64326934,0.42562046,0.46001165,0.407202
274,16,25,2.2400803,84.819964,19.201132,-0.088645124,0.041386344,-0.070219567,0.11979673,-0.023587808,0.070127741,0.56770235,0.49378481,0.46647826,0.4356261
274,16,30,2.0300744,85.465451,19.301126,-0.074645203,-0.04742388,0.047482838,0.089214698,-0.056475894,-0.0069303089,0.5271546,0.58743446,0.47700127,0.39829418
274,16,35,2.2054963,71.97707,19.018545,-0.00630639,-0.015661641,0.012712207,0.079789423,-0.01773749,0.026088817,0.46181391,0.43834928,0.46257913,0.31315258
274,16,40,1.5626407,85.196668,19.280949,-0.031304781,0.063746704,-0.091948255,0.11133114,0.0079587422,0.031912602,0.43006184,0.60860369,0.53138851,0.33961739
274,16,45,1.3753667,118.09076,19.455589,0.028710455,0.021162058,0.033210562,0.1496187,0.0018647418,-0.0027744659,0.44522573,0.34548904,0.58423988,0.38866584
274,16,50,1.4285915,118.01191,19.451776,0.085166422,-0.058643644,-0.051563791,0.073414419,0.040647824,-0.0012471474,0.61219338,0.36017853,0.46372656,0.31455242
274,16,55,1.4309527,128.84552,19.86936,-0.021987442,0.14572758,-0.03387849,0.15972966,0.031327101,0.20097439,0.70401287,0.70764534,0.59981643,0.49894271
274,17,0,1.9355191,139.20112,19.585856,0.032043097,0.09118575,0.013719291,0.049465335,0.0027298947,0.022304372,0.3721086,0.47793569,0.42942907,0.25087044
274,17,5,1.4625141,127.65546,19.632712,0.14057918,-0.0070308587,-0.14373455,-0.00051413519,-0.027294345,0.0079011813,0.55336364,0.50288559,0.51283184,0.13142033
274,17,10,1.7572668,123.86997,19.89656,0.053721617,0.023207486,0.00052732375,0.14282612,0.020634326,0.03934444,0.57667921,0.40291188,0.58782851,0.35845175
274,17,15,2.0054943,138.61427,20.229948,0.050275279,-0.08045187,-0.0039117064,0.11326646,0.023179306,-0.050077726,0.38135046,0.51158505,0.50563089,0.35146865
274,17,20,2.0377914,128.73641,20.4286,-0.015508915,0.03734368,-0.0018747565,0.1419132,-0.14533174,0.057167047,0.75945151,0.47320282,0.54093682,0.43821034
274,17,25,2.165836,132.88224,20.212102,0.05311312,0.056294137,-0.048026246,0.12083708,-0.016313545,0.034627532,0.6771336,0.45316128,0.55484536,0.35264574
274,17,30,1.9880568,122.16979,20.286547,0.092302163,0.053854901,0.19516915,0.12019636,0.0055438939,-0.0017147182,0.65093309,0.64572682,0.61741015,0.32114821
274,17,35,0.88505937,85.147529,20.512802,0.0015898188,0.0018143102,0.058849696,0.037697626,-0.059558014,-0.019721343,0.45959913,0.25518087,0.38324476,0.24687689
274,17,40,0.71140385,124.00596,20.92678,0.08657441,-0.031053626,-0.070439797,0.027698813,-0.030999614,0.02879637,0.50502734,0.44305532,0.45470904,0.2467386
274,17,45,2.0968757,127.86961,20.971363,0.11395082,-0.017164294,-0.16635698,0.12795814,-0.033775516,0.017127543,0.65206546,0.66518328,0.63217389,0.3644259
274,17,50,2.7717388,124.70328,20.877292,0.072454119,0.045341419,0.013747029,0.07518915,0.03542573,0.012815046,0.57292119,0.54097956,0.52921433,0.31141264
274,17,55,1.3886429,127.43719,21.000858,0.037916653,-0.029447619,-0.024559941,0.027673435,-0.0071130111,0.0020249563,0.3463976,0.29295146,0.46704511,0.22791718
274,18,0,0.68402336,80.470297,21.24084,-0.082100373,-0.0061589293,-0.029985604,0.069615291,-0.023631906,-0.0051999381,0.43535036,0.43025947,0.51316238,0.25482828
274,18,5,1.3540501,111.33567,21.938483,0.24961308,-0.065870042,-0.080432548,0.12277869,0.037753668,5.9136184e-05,0.74444324,0.49269438,0.65012388,0.38106211
274,18,10,1.785672,160.65221,21.445569,0.0387707,0.047071516,0.073033676,0.048749203,-0.013052806,0.015685932,0.54683201,0.36324607,0.38199632,0.22031228
274,18,15,1.18564,137.18483,22.169972,-0.088996726,0.0076014327,0.3122163,0.12550467,-0.17478649,-0.070124484,0.79253897,0.66555237,0.53187719,0.41285457
274,18,20,2.6247825,114.97078,22.063945,0.058117406,0.0077052475,0.0043781454,0.080873762,0.013561865,-0.016327353,0.52498205,0.49681334,0.52547524,0.35836282
274,18,25,2.1544728,123.44114,22.501397,-8.0669562e-05,0.079009015,-0.011034873,0.1691267,-0.047387091,0.032392052,0.38019506,0.52130955,0.56701536,0.48531425
274,18,30,1.4609952,134.00609,22.543792,-0.049306209,0.13482026,0.034307867,0.05147738,-0.01513029,0.026412792,0.61285693,0.65647549,0.53211894,0.24331366
274,18,35,3.3008225,138.79134,22.641114,0.053209947,0.026797112,-0.077840603,0.10506363,-0.018723476,0.044567984,0.56612597,0.52495381,0.50431113,0.46030156
274,18,40,2.6422131,130.34581,22.731366,0.10788903,-0.011209275,-0.061687099,0.088145323,0.021269834,0.021819939,0.52056065,0.50324132,0.57805959,0.30564864
274,18,45,2.2733822,104.91287,23.151392,0.053535783,0.07775731,0.025151175,0.20580521,-0.0075919455,0.061262213,0.5768011,0.52859924,0.65303228,0.44855539
274,18,50,3.6732765,115.46241,23.185596,-0.003038288,-0.066671753,-0.054166722,0.20064694,0.0039625043,-0.041881823,0.73159946,0.60894217,0.56828135,0.55759153
274,18,55,2.7093174,96.223992,23.279765,-0.074305115,0.021771201,-0.074644827,0.16112802,-0.061218831,0.0141816,0.69830895,0.66888944,0.61188087,0.42930081
274,19,0,3.9055074,125.03091,23.22752,0.082154948,-0.10978783,-0.0049604964,0.15895424,-0.0090421161,-0.038806924,0.79127054,0.75331322,0.69450896,0.40431926
274,19,5,2.9894025,92.504265,23.585274,-0.11478583,-0.16433095,-0.1419973,0.18999653,0.0073907509,-0.18701073,0.6695194,1.2622493,0.67058315,0.48440617
274,19,10,2.8508548,107.1249,23.624701,0.0041124854,-0.0083959266,-0.082999925,0.162271,-0.051395786,0.076917953,0.59574038,0.62083298,0.59752512,0.48194827
274,19,15,2.894939,103.71632,23.769604,0.27431347,0.042908038,0.34134603,0.17602278,0.15110208,0.039345382,1.0687067,0.87220568,0.68140457,0.43976337
274,19,20,3.881583,72.658406,23.771843,-0.17423207,-0.011730353,0.15746855,0.15169336,-0.078509865,0.036158772,0.89898574,0.67951771,0.63863245,0.41724007
274,19,25,3.3054804,69.553675,23.877643,-0.059934171,-0.14439999,0.35382885,0.057069646,-0.027470851,0.0068004162,0.99027123,0.80674722,0.67109413,0.25191629
274,19,30,4.8505898,35.189838,24.09195,0.02002997,0.031550223,0.32117374,0.13696214,-0.021543604,-0.05534556,1.0154594,1.1579448,0.67091272,0.39356277
274,19,35,4.5412826,34.620016,23.937466,0.112983,-0.0121422,0.15443051,0.12597036,0.035712708,0.0094530203,1.0680891,0.64279506,0.63759931,0.35493276
274,19,40,5.503695,32.114633,23.811918,0.058331316,-0.087279295,0.048145052,0.047931666,-0.041846257,0.0070266041,1.0623748,0.67114951,0.65512143,0.23462952
274,19,45,6.0129013,31.58136,23.795414,0.14565708,-0.14568113,-0.033132038,0.02957395,0.018127588,-0.016381448,0.71167435,0.78350141,0.5916215,0.16952329
274,19,50,6.1248652,29.637839,23.877602,0.11256765,0.042440841,0.22987306,0.054512553,-0.083049802,-0.020981075,1.0327601,0.83081555,0.64388194,0.24324936
274,19,55,5.8983422,29.375405,23.865049,-0.070555537,-0.040983608,0.12725874,0.033355367,-0.0049923107,0.011996919,0.76170716,0.72042302,0.61081094,0.20794525
274,20,0,5.9628597,26.36492,23.996768,0.03668569,-0.03018283,-0.034265862,0.065685259,-0.025124598,0.031699463,1.0634998,0.63954079,0.7145189,0.26587823
274,20,5,5.6285765,30.121396,23.986774,0.040939272,-0.015188215,0.082676671,0.10598372,0.018637868,0.00084627277,1.5042391,0.81061526,0.77617733,0.31152948
274,20,10,5.8535475,32.400284,23.882142,0.063913819,-0.021070799,-0.076839167,0.068020751,-0.0016597656,-0.019868185,0.99174992,0.85108152,0.72514054,0.24915382
274,20,15,5.8341617,30.885309,23.935706,-0.010446177,-0.066057772,-0.11524482,0.099953417,-0.092612468,0.046927703,1.015294,1.0251114,0.74908218,0.29467411
274,20,20,6.4105874,34.127742,24.03414,-0.17893439,-0.027145333,0.33815767,0.13869349,-0.17812427,-0.06085346,1.3201227,0.71563685,0.69471253,0.44415068
274,20,25,4.7176804,28.518663,24.018001,-0.056236119,-0.018641328,-0.081495933,0.11629163,-0.061609471,-0.020012796,1.1053561,0.56514018,0.52470917,0.34959011
274,20,30,3.357487,11.8785,24.245004,0.076036435,-0.01845208,0.11463181,0.075163614,-0.076863239,-0.13145832,0.97014334,1.1552787,0.75020434,0.3181894
274,20,35,4.251013,45.97489,24.242285,-0.051641958,-0.037022071,1.0671053,0.18323272,-0.10483014,-0.21475027,1.1861716,1.5582745,0.77106845,0.4842788
274,20,40,1.9566656,65.203623,24.502227,-0.67172017,-0.37217863,0.074631477,0.19398744,-0.13385728,-0.039076883,1.6410721,1.3305153,0.94468494,0.38157065
274,20,45,3.645857,32.303933,24.530647,-0.36309867,0.046643106,0.17072043,0.1414881,-0.30231941,-0.016632033,1.7090422,1.1514559,0.88681045,0.34259301
274,20,50,4.7074339,38.061464,24.470771,-0.20297763,0.10386539,-0.0028197952,0.13869873,-0.13679449,0.022775845,1.428474,1.1299581,0.76212309,0.4111979
274,20,55,5.5677436,39.003716,24.407502,-0.19378121,-0.42040761,0.89972941,0.17706577,-0.13584994,-0.22084686,1.2599139,1.6127466,0.90027474,0.36934323
274,21,0,5.6122723,31.706923,24.053739,-0.056103121,0.045460611,0.1692309,0.046224273,0.026650939,0.01917147,1.8573579,0.88045156,0.84007718,0.20145427
274,21,5,4.3110022,41.769652,24.232583,0.067262811,-0.17032175,1.5350863,0.048151634,-0.039030467,0.010380807,2.0095259,1.3501236,0.77775772,0.23638621
274,21,10,3.9917432,58.161108,24.287035,-0.24389459,-0.11506314,0.28881721,0.084262129,-0.16101446,-0.022253026,1.3402253,1.3739707,0.77222196,0.2544834
274,21,15,4.4837943,47.387957,24.471037,-0.23115989,-0.1619438,0.96311718,0.11413864,-0.22405928,-0.14815978,1.2938422,1.2686583,0.63549365,0.34879087
274,21,20,1.9075312,24.623184,24.734813,-0.0066491152,-0.0045069097,0.019554029,0.10986557,-6.9804356e-05,-0.050274436,0.78085494,0.78868917,0.6372153,0.33936279
274,21,25,2.6152598,33.628203,24.960469,-0.081142823,0.023897294,0.0023359765,0.19946778,-0.19437033,0.049641073,0.97324156,0.64013065,0.69832733,0.51600232
274,21,30,2.2907994,36.842718,24.57619,0.15754485,-0.053311516,-0.11387881,0.030979543,-0.022882582,-0.02309291,0.96062616,0.51168815,0.50650858,0.19151396
274,21,35,4.0135374,37.733557,24.877177,-0.40914103,-0.18734475,0.42704077,0.09852511,-0.010277742,-0.090637548,1.5531076,1.1717075,0.89282402,0.31544449
274,21,40,4.6286226,53.325604,24.676462,0.10360587,-0.18562862,-0.062917135,0.031758807,-0.0055528611,-0.0085736993,1.6125884,1.0611183,0.72717465,0.21994247
274,21,45,4.7855085,38.776937,24.761139,-0.12409977,-0.08326077,0.17743778,0.094704875,-0.1740362,0.031388166,1.4617307,1.0527112,0.71657797,0.31610533
274,21,50,4.1534303,30.443249,24.891506,0.040118003,-0.10657578,-0.69911615,0.055104709,-0.10543944,0.037712174,1.7162693,0.93892099,0.85605586,0.2267504
274,21,55,4.8421078,34.554815,24.951233,-0.5469741,0.072955801,-0.24463872,0.12664162,-0.26141625,-0.012776014,1.534568,0.94249697,0.82808577,0.33367873
274,22,0,2.5559425,36.326595,25.004953,-0.197511,-0.16677958,0.60088543,0.072847094,-0.04110366,0.038935606,1.2386814,1.1831945,0.79556654,0.27291293
274,22,5,5.3263893,32.712271,24.897812,-0.2284906,-0.20158458,0.15563333,0.11088512,-0.12595698,-0.040452944,1.3003448,0.98175997,0.89544506,0.25839991
274,22,10,2.963711,36.532156,24.9918,0.16794787,-0.25511719,-0.049942351,0.047446538,-0.11451623,-0.035627695,1.0877764,0.86212055,0.7926984,0.28361548
274,22,15,4.4585933,34.766056,24.978417,-0.23750347,-0.184904,0.20763415,0.16048237,-0.22786476,-0.053737833,1.3086651,0.73981473,0.808861,0.33149053
274,22,20,4.7501236,28.550246,25.002807,-0.012552347,0.11444784,-0.0099809978,0.098537222,-0.080282016,-0.016802186,1.151805,0.91608123,0.84655512,0.3197551
274,22,25,4.2812025,27.554208,25.036017,-0.18508822,-0.07744049,-0.19232453,0.10195428,-0.071525428,0.011410288,1.2974549,0.99394224,0.86227179,0.26320569
274,22,30,5.6030228,33.842911,24.863121,0.020355416,-0.029807726,-0.068999765,0.040103809,-0.080572219,0.0032140344,1.3584625,0.75750019,0.7437609,0.17612425
274,22,35,4.9933395,41.436638,24.939246,0.17188624,0.02205702,0.057708459,0.064146385,0.036867029,-0.023563091,1.117062,0.96744849,0.75494796,0.19192364
274,22,40,5.8704853,40.055792,24.867863,0.048469988,-0.041535666,-0.15146974,0.043863503,-0.036301009,-0.018937557,1.0518056,1.1527999,0.85763475,0.15207
274,22,45,3.7536722,34.818503,24.842004,-0.08735505,-0.038833402,0.11964913,0.041219881,0.0031079667,-0.023504976,1.2923051,0.68399812,0.59190471,0.15935054
274,22,50,4.7508113,30.826335,24.944064,-0.070918188,-0.0033240351,0.44460578,0.039719638,-0.032726773,0.036090562,1.0837076,0.94935353,0.64480256,0.16753664
274,22,55,3.3820055,32.416602,25.013116,-0.037070167,-0.021983245,0.45063593,0.036796905,-0.053208835,-0.045490572,0.97129631,0.88282962,0.55583366,0.16272025
274,23,0,4.8831151,32.715343,24.984309,0.16317773,-0.21518523,0.0046080984,0.031926872,-0.00015400145,-0.013782839,1.0740572,0.85620147,0.95681498,0.12006889
274,23,5,5.0196544,35.345553,24.941946,0.16173358,-0.074119921,-0.33711184,0.032233104,-0.049267279,0.0012628316,1.7160906,0.87698685,0.69033936,0.13095512
274,23,10,4.5193829,33.259059,24.990326,-0.032103368,-0.066398076,-0.0043514182,0.086226933,-0.018951871,-0.02668725,0.96963914,0.97725234,0.8876966,0.17537168
274,23,15,4.9061594,32.869798,24.865878,-0.097757661,-0.04436845,0.25878244,0.030783838,-0.022279308,-0.020228085,0.98472238,0.91772315,0.62541424,0.12551789
274,23,20,3.925149,36.267924,24.926261,-0.14028648,0.035299988,0.17475915,0.0429724,-0.049745962,-0.002313309,0.96236494,0.67454054,0.53909065,0.1489904
274,23,25,2.4533976,34.32902,25.006697,-0.063056083,-0.034739443,-0.11532128,0.013824135,-0.010743127,-0.019201005,0.93157753,0.77860291,0.42917529,0.097664364
274,23,30,3.1579997,47.628233,25.052264,0.077263442,-0.051473496,-0.12348589,0.025761098,0.010800284,-0.0087316615,1.6626194,1.0471391,0.71139735,0.098863532
274,23,35,3.146996,37.157791,25.018916,-0.0091082264,-0.031965765,-0.10400518,0.020087093,-0.027147348,-0.0034321761,0.98516915,0.79374604,0.61979649,0.089683832
274,23,40,2.4438947,41.106238,25.054685,-0.04966799,-0.0025532484,0.34217967,0.026112373,-0.050535891,-0.033222396,0.90017937,0.59246723,0.50920197,0.12071403
274,23,45,3.4825211,37.943825,25.026084,0.063152151,-0.022471002,0.18094026,0.024952975,-0.012805805,-0.00026201595,1.2478422,0.84573512,0.66935106,0.09672469
274,23,50,2.8216844,34.267358,24.988153,0.12083221,0.022420376,-0.028229012,0.014434836,-0.0026712682,0.0021597149,0.83306114,0.79782518,0.61351219,0.067482546
274,23,55,4.1342558,41.670288,24.88832,-0.052403373,-0.077176673,-0.089663585,0.0036244748,-0.0081647394,-0.0035592435,0.95238181,0.92648465,0.69712616,0.059104523
275,0,0,4.2271698,31.017974,24.844661,-0.048068081,-0.021791031,0.032852844,-0.0095372238,-0.0038177978,0.0025943166,1.1087066,0.83236819,0.78879439,0.055049365
275,0,5,4.1882717,34.580141,24.864471,0.061824468,-0.10276876,-0.06543817,-0.006269488,-0.0026562106,0.007416206,1.0970101,0.67206361,0.59549773,0.057038548
275,0,10,4.359554,37.339516,24.850261,-0.0035149063,-0.028407059,0.005485805,-0.0050204846,-0.00034451324,0.00018359174,0.53033985,0.58528955,0.46321955,0.053756622
275,0,15,3.8493924,41.53895,24.760915,-0.10253518,-0.08342951,0.11859462,-0.0089779334,0.017985887,0.0032173204,0.82201777,0.67871359,0.51444818,0.067682938
275,0,20,3.1013916,34.414188,24.764701,-0.054574135,-0.028360889,-0.030546233,-0.0057345111,0.0001871067,-0.00072691528,0.79411945,0.66190566,0.44178336,0.078829862
275,0,25,3.499973,38.232568,24.767203,-0.0024091077,-0.024100614,-0.19165964,-0.011981149,-0.0051953045,0.0021252178,0.88549631,0.54637825,0.45890084,0.079320216
275,0,30,3.1703593,43.436254,24.758763,-0.026667598,-0.027459406,0.068720718,-0.025645565,-0.00097146685,0.0034505862,0.5388041,0.48564486,0.50726895,0.093184605
275,0,35,2.4018026,29.551204,24.720806,0.007977274,-0.028190719,-0.0797776,-0.0062881094,0.0060315934,-0.0051027195,0.61029169,0.49311305,0.37296571,0.069650616
275,0,40,1.1834541,10.796903,24.664194,0.0079270281,-0.0097373401,0.036778508,-0.00050687855,0.0061729204,0.019367732,0.33932471,0.44141519,0.28900966,0.086413669
275,0,45,1.5096441,29.101163,24.481322,-0.037778373,0.0052587971,0.0037791079,-0.012667496,0.012252761,-0.012231073,0.35412399,0.34977647,0.28272514,0.15627438
275,0,50,1.9257521,13.434389,24.666701,-0.014386269,-0.010867424,0.077705073,-0.022723682,0.012709318,0.025437901,0.43792614,0.53138194,0.35228206,0.14613479
275,0,55,2.2617055,0.46580107,24.785765,-0.033584666,0.0093786597,0.050931411,-0.0025260921,0.029797934,0.039383544,0.61111036,0.45660809,0.45301174,0.14707767
275,1,0,2.5076074,1.2184932,24.864054,0.070524863,-0.017249048,-0.060264838,-0.0053494513,0.012973197,-0.0015397149,0.58344371,0.54808456,0.53250563,0.074592281
275,1,5,2.6392958,355.16262,24.826411,-0.0021820412,-0.0043742742,-0.027078622,-0.0074285565,0.019400882,-0.0044647467,0.66787031,0.57484739,0.40951096,0.079178804
275,1,10,2.4988639,11.295008,24.853668,-0.047342441,0.030878948,-0.17077462,-0.024947721,0.011105477,0.022118974,0.55248766,0.76440449,0.38637173,0.16038085
275,1,15,3.1032029,9.5944618,24.883096,-0.0068651977,0.032205732,-0.047977971,-0.012461975,0.0096939252,-0.0056454417,0.64717684,0.61765701,0.43686704,0.10166194
275,1,20,2.8077253,14.685281,24.733612,0.069818112,-0.024808718,-0.088059295,-0.024120664,-0.015640487,0.013783494,0.65033085,0.68584251,0.44905557,0.12733365
275,1,25,2.521906,14.42798,24.655018,0.0362614,-0.022369163,-0.31784755,-0.024516096,0.037779516,-0.033891113,0.72914269,0.72510565,0.44747285,0.15614123
275,1,30,3.2496511,15.900227,24.757206,0.090499136,-0.065354832,-0.21593394,-0.026369743,0.0040783851,-0.028893268,0.65844296,0.75127224,0.57912681,0.12328571
275,1,35,3.1351646,347.28942,24.862596,0.025539253,-0.070798842,-0.042468199,-0.00030400679,0.0098132284,0.0027104401,0.60918494,0.55694277,0.47338373,0.063669159
275,1,40,3.5539571,355.60717,24.865181,0.03889269,0.044719469,-0.0036256444,-0.014146254,0.0067372238,-0.00116133,0.44601344,0.67117747,0.53746128,0.08811499
275,1,45,3.037931,359.34556,24.850193,-0.011760073,0.025462279,-0.0062125576,-0.014129248,0.0022061827,-6.3119507e-05,0.48537064,0.6788443,0.44987685,0.08927517
275,1,50,2.8646344,352.34123,24.831499,-0.0030620185,0.045226987,-0.03894847,-0.0099961773,0.020596495,-0.0076082702,0.54343272,0.54431045,0.43935532,0.086200142
275,1,55,3.3838755,351.95893,24.947213,0.037207161,0.017817004,-0.10015499,-0.0071010314,0.0040060252,-0.0017629179,0.59842782,0.52248864,0.4159131,0.056849783
275,2,0,2.8396116,357.19586,24.93737,-0.031164986,-3.173905e-06,-0.10183015,-0.017119796,0.019991948,-0.014091697,0.5240746,0.63178181,0.42671077,0.099156612
275,2,5,2.5302456,355.46871,24.927166,-0.013012515,-0.010795929,-0.031741519,-0.012881685,0.010569424,-0.0076468127,0.43526393,0.57522402,0.40744632,0.11965702
275,2,10,2.1454612,342.97006,24.932614,-0.070546196,0.044250223,0.02107221,-0.010488412,0.0097915084,0.0025988638,0.45872361,0.6269201,0.36406576,0.10708771
275,2,15,2.3211472,2.2476784,24.886814,-0.0054003178,0.028828457,-0.0056219551,-0.0033718379,-0.0028100651,-0.0050937213,0.51399042,0.49387373,0.27157921,0.13312984
275,2,20,2.2042069,6.2497324,24.840983,-0.038808056,0.020303872,-0.1004127,-0.013056043,0.014838458,0.0032570259,0.44051046,0.48947868,0.318229,0.12711251
275,2,25,2.137965,6.1077567,24.795266,-0.0027961755,0.034225644,-0.048176717,-0.0091441339,0.00076116507,-0.013126351,0.34958691,0.5021911,0.29401468,0.12415049
275,2,30,2.2463333,5.8392195,24.774382,-0.018063289,0.025882169,-0.1038352,-0.015583536,0.015145005,-0.016988417,0.45190142,0.48237005,0.30379705,0.12703418
275,2,35,2.5737672,1.5712557,24.810159,-0.037725129,0.008375181,-0.015150664,-0.010613914,0.0094002202,-0.0044695265,0.44708628,0.57160706,0.35563476,0.11789911
275,2,40,2.1599012,2.3048808,24.672376,-0.015159877,0.032185294,0.045939793,-0.012895092,0.065531092,-0.002391086,0.59112147,0.4541704,0.30333143,0.17641097
275,2,45,1.993425,352.50912,24.559406,-0.0021077854,0.055919244,-0.01308386,-0.025245169,0.041657228,-0.084321226,0.49188267,0.70118239,0.32153875,0.27457186
275,2,50,2.3362598,354.02824,24.678629,-0.014421611,0.0064383061,-0.059224628,-0.014756925,0.03771466,-0.020710674,0.45722301,0.39340774,0.27103295,0.19744889
275,2,55,2.1924597,356.33789,24.752492,-0.0069986174,-0.016370778,-0.0015519345,0.0013873588,0.01479316,-0.028105924,0.46065805,0.49205853,0.25734916,0.14629546
275,3,0,2.0724144,355.28095,24.778713,0.025284211,-0.023024571,0.011234783,-0.0024327077,-0.0055195345,-0.0077998078,0.32495273,0.49440216,0.28528233,0.09989706
275,3,5,2.099522,348.51269,24.694591,-0.010327028,0.017933153,-0.0032942918,-0.00010083633,0.0010426651,-0.0076648735,0.26890812,0.43576751,0.2270021,0.10670809
275,3,10,2.1254773,348.94458,24.675382,6.4341996e-05,-0.00014586117,-0.028014978,-0.0058394608,0.026417107,-0.033669846,0.35886934,0.4511525,0.21532004,0.20748224
275,3,15,2.2819828,346.68627,24.836844,-0.0096496342,0.0086430917,-0.012909194,-0.006633624,0.015871879,-0.00518699,0.37637984,0.37656199,0.24274337,0.11769264
275,3,20,2.4108569,354.14476,24.835956,0.0075682945,-0.012792661,-0.053339229,-0.0043096242,0.012899684,-0.01826815,0.39915953,0.3712964,0.21477431,0.12848177
275,3,25,2.0568358,355.81394,24.754669,-0.01673536,0.007002361,0.018414451,-0.0050486402,0.014912527,0.0018239766,0.34832874,0.29398693,0.21318385,0.1138234
275,3,30,1.9626418,346.04383,24.78998,0.013742582,-0.023317806,-0.056423339,-0.0011061304,0.011048602,-0.025952204,0.35806895,0.41287101,0.1997996,0.13366698
275,3,35,1.9213364,354.37867,24.793447,0.016286162,-0.025156271,-0.08859461,-0.0064554485,0.008768031,-0.014760579,0.3673092,0.42100566,0.25871587,0.12057942
275,3,40,0.71505288,335.46828,23.374817,0.027431236,0.033765252,0.051415426,-0.0075081175,0.037987084,-0.041772337,0.56137529,0.35657848,0.33273777,0.32244908
275,3,45,0.45227589,8.3530357,23.820788,-0.00070470767,0.0083674583,-0.045343817,0.00074597221,0.012480743,-0.048306357,0.25848777,0.43016874,0.19177248,0.20019963
275,3,50,0.79250698,302.87393,23.694401,0.0079395675,0.0090065506,0.029405082,-0.0097187079,-0.027377677,-0.057403669,0.3711949,0.33975638,0.24195848,0.31096766
275,3,55,0.51509646,177.99252,22.740975,-0.010378899,-0.020259779,0.073562412,0.013205446,-0.094880683,-0.042710147,0.35887398,0.39532974,0.24021609,0.3589613
275,4,0,0.59859452,159.29675,22.380723,0.0024976862,0.0034631935,0.0035254691,0.00067248769,0.0035717796,0.004604665,0.14299049,0.16883628,0.090053112,0.068942596
275,4,5,0.1375103,250.14318,22.460195,-0.0010147794,0.0020967826,-0.0042728499,0.0031329236,0.0001916006,0.0038245793,0.10680782,0.097064164,0.075118768,0.11087425
275,4,10,1.023968,279.44128,22.827599,0.0036445648,0.0025700419,0.00043035295,0.0021160932,-0.006695164,0.012880066,0.15774124,0.16264865,0.10455962,0.13305909
275,4,15,1.7477541,277.64719,22.829329,0.0069113818,-0.00195021,-0.01186768,-0.0034409133,-0.054992813,0.020350753,0.27865916,0.19841501,0.13572612,0.30160593
275,4,20,1.3480241,285.22507,23.405075,0.0065979572,0.0088917356,-0.013590972,-0.003968278,-0.013382884,0.0054118708,0.19968987,0.16929495,0.18763048,0.12057587
275,4,25,0.89525024,286.76685,23.822301,0.01241277,0.0063484879,0.0093985004,-0.0090578768,-0.026978663,-0.018247032,0.23346328,0.21459053,0.15318733,0.23958815
275,4,30,1.1843517,274.62006,23.698475,0.0085679371,-0.0013303332,-0.0054947741,0.00011109737,-0.0074307605,0.0016078358,0.19447869,0.14551323,0.13808011,0.11586523
275,4,35,1.3097242,269.28807,23.600199,-0.0021833611,0.0014459797,0.015244009,-0.0019814017,-0.052292487,-0.010014627,0.2964919,0.16910497,0.13359689,0.2397736
275,4,40,0.77964211,128.24608,23.054541,-0.0086223028,-0.010875935,-0.007470876,0.010029143,0.0098284699,-0.0040594368,0.28589687,0.27555627,0.18121097,0.13597084
275,4,45,0.71878567,144.08972,22.482821,-0.013826594,0.005673141,-0.00028832463,-0.0078754795,0.046183188,0.0047148444,0.33817031,0.20845865,0.17786829,0.19508959
275,4,50,0.89313402,185.12758,22.809081,-0.037031829,-0.014709841,0.023103751,-0.022784502,0.040027781,0.031541138,0.28898807,0.26299985,0.28083616,0.2666724
275,4,55,0.83578583,289.11745,22.605549,0.0087850271,-0.022038986,-0.017679655,-0.020673424,-0.043068447,0.025140453,0.4289846,0.42898418,0.31055612,0.23136637
275,5,0,2.3246991,288.30488,22.525783,0.00599814,0.012857304,-0.017067289,0.0061485677,-0.10403359,0.05155217,0.36000854,0.26554556,0.20455171,0.42274459
275,5,5,2.5587231,287.82974,22.260319,0.0045910737,0.019698691,-0.00029077976,0.00074584155,-0.016728424,-0.010594181,0.19727469,0.23491946,0.20279582,0.2573885
275,5,10,2.1838315,294.14053,22.665798,0.00086850787,0.0043684316,-0.010006536,-0.0040630351,-0.044948529,0.00021822126,0.24557922,0.16016136,0.1253418,0.27238887
275,5,15,1.6586081,284.48946,22.954822,0.0024286572,0.0036641933,0.0057341373,-0.0017511209,-0.022978395,-0.0033880718,0.21465442,0.19840486,0.11749543,0.19122653
275,5,20,0.86308256,262.41213,23.085594,0.01886,-0.016831651,-0.038463904,-0.0080929268,-0.07692197,0.016325237,0.40387171,0.21950459,0.16419835,0.23678462
275,5,25,0.69219349,262.19303,23.030259,0.0027999096,-6.6581363e-05,0.003619245,-0.0047033177,-0.011019796,-0.0012859877,0.16158866,0.13081036,0.1521371,0.19312715
275,5,30,1.2979669,272.7448,22.911627,0.0052113783,0.016154318,-0.066082777,0.0034332571,-0.07051909,0.03201548,0.46890941,0.26678379,0.1491077,0.21953914
275,5,35,1.7495009,291.9789,22.689414,-0.013545799,-0.0095692325,0.066387379,0.0020516271,-0.043482657,-0.023088306,0.34074579,0.23263417,0.10231321,0.19120513
275,5,40,1.5455001,295.3547,22.984717,-0.0017100874,0.00082823541,-0.027315371,0.00010322642,-0.01710204,0.0057265074,0.22064669,0.28153939,0.097876791,0.13306516
275,5,45,1.4022244,274.09505,22.818061,-0.00057475126,0.0095688366,-0.047463839,0.00075437659,-0.055599489,0.043753776,0.39134171,0.31511525,0.21171378,0.25236692
275,5,50,0.9633278,264.93153,22.68085,0.011654207,0.001613056,-0.0072551914,0.014681971,-0.0099095507,0.018882102,0.26934001,0.18838,0.19100008,0.23894908
275,5,55,1.9502181,280.57477,22.646869,0.018256321,-0.011851889,-0.01997576,-0.0020298201,-0.052220796,0.018440574,0.41536682,0.24200053,0.16874868,0.28297626
275,6,0,2.622529,290.2628,22.872829,-0.0019320648,0.012675608,-0.058094574,-0.012854813,-0.10034114,0.033280887,0.45669991,0.28826314,0.20743476,0.3446501
275,6,5,2.7654286,302.71762,22.882984,-0.0059239553,-0.037731529,0.059823149,-0.0018299191,-0.03534225,-0.035527212,0.29312394,0.52804414,0.21642584,0.24996078
275,6,10,1.1670296,330.50311,22.768157,-0.0040625468,-0.00049328502,0.11951716,-0.0042510581,-0.032016836,-0.03812915,0.32066527,0.54771418,0.17578324,0.21243771
275,6,15,0.94375458,320.91886,22.884027,0.0065614979,0.0065817376,0.050202958,-0.0067806243,-0.024759204,-0.040778752,0.22034144,0.30485275,0.13368697,0.18000787
275,6,20,1.2353264,283.59866,22.919729,0.016278218,-0.0034421078,0.001455478,-0.0058671085,-0.012365718,-0.0076423788,0.30248032,0.20470606,0.18304941,0.14513457
275,6,25,1.1868547,292.70007,22.872389,0.012290327,0.0058741152,0.038237652,-0.0012554986,-0.040274774,-0.021113335,0.29263586,0.25141802,0.18123074,0.22762104
275,6,30,0.64006114,23.577062,22.733816,-0.013580362,0.011559718,-0.070224841,-0.002079642,0.038360473,-0.03992159,0.31070515,0.36922763,0.20158585,0.20493622
275,6,35,0.42727022,9.2200049,22.354979,-0.0063401906,0.0098470485,-0.010416402,0.0023157554,-0.0010706258,-0.0037824367,0.22945401,0.22420284,0.14881908,0.10196928
275,6,40,0.5916996,261.59754,21.838856,0.12043735,0.02347159,-0.016316847,-0.0042312659,-0.16246839,0.06540615,0.48574052,0.39263064,0.51636807,0.58877719
275,6,45,1.0385142,294.69111,21.89778,0.045915416,-0.0075781306,-0.034679804,-0.031693948,-0.12923954,0.091595965,0.46223935,0.40610919,0.26857949,0.52255501
275,6,50,0.59803979,307.6579,22.111549,0.019116478,0.0073570044,0.071102518,-0.016376271,-0.12906951,-0.081455107,0.44921903,0.32359997,0.19374603,0.46161422
275,6,55,1.0931883,273.59864,21.898384,-0.045081257,0.03714728,-0.083798713,-0.027235522,0.028579432,-0.051138112,0.45240184,0.36076482,0.22505767,0.40236933
275,7,0,0.91459998,176.18533,21.706972,-0.0026036065,-0.0070567273,0.017248051,-0.0026538584,0.01722953,0.015461875,0.23661566,0.22010974,0.15114419,0.19809113
275,7,5,0.75154324,180.22267,22.164732,-0.00030909896,-0.0016893746,0.0030469406,-0.001926138,0.0016217382,-0.014227961,0.16825522,0.29286105,0.18753972,0.095565525
275,7,10,0.81970578,167.57808,22.280284,0.0015025958,0.0014875243,2.5913712e-06,-0.00016393597,0.0019530536,0.006270807,0.17493311,0.14044798,0.11755399,0.085284812
275,7,15,1.0935494,149.96029,22.034464,-0.0030596499,-0.0047441381,0.0091680438,0.0002170633,-0.0011820864,0.0050781574,0.21432074,0.21404847,0.12485325,0.084425546
275,7,20,1.2795336,159.95292,21.126384,-0.0036627201,-0.00030844702,0.0051364625,-0.0038823488,0.0015222023,-0.027324742,0.20773328,0.24615071,0.15414163,0.29418447
275,7,25,0.76669347,166.50806,20.474534,-0.016669659,-0.0045201886,0.066960567,-0.016747585,0.1428093,0.032440672,0.48757423,0.2546363,0.17587853,0.36270394
275,7,30,0.47685577,247.37448,20.940579,-0.058157062,-0.011223479,-0.003031853,-0.0051039806,-0.025646481,0.15542055,0.45864945,0.41629975,0.24750738,0.48532374
275,7,35,1.1697041,275.56431,21.268594,0.0021849068,0.0045978535,0.0034215235,0.0033799616,-0.0081847448,0.01059651,0.21594858,0.18737181,0.13883183,0.14412103
275,7,40,1.1758554,170.40852,20.491174,-0.10274768,-0.10489619,0.40749643,0.046478187,-0.19420456,-0.22357303,0.61617996,0.80273153,0.30412907,0.51842772
275,7,45,0.32354094,163.34747,19.773911,0.0051731886,0.020335415,0.020974299,0.0038447591,-0.017311445,-0.0048228515,0.28482382,0.27833617,0.22551719,0.21232655
275,7,50,1.0942406,308.80222,19.758239,0.00076475933,-0.0069777411,0.009802347,-0.0037238085,0.0055778883,0.030272832,0.13880364,0.24925069,0.14000954,0.19885181
275,7,55,2.3393654,289.05399,20.865974,0.011973021,0.005521282,0.039137288,-0.0022765359,0.0049364364,-0.00090875209,0.26464121,0.23163875,0.11457954,0.13475223
275,8,0,1.5551631,279.84468,20.63684,0.051826095,0.020268341,0.016911694,0.021818996,0.29070393,0.022066577,0.56367569,0.22549684,0.25065202,0.77745606
275,8,5,0.49053876,137.86066,19.932815,-0.050218207,-0.035268367,0.063470522,0.068792303,-0.078420589,-0.070270651,0.38469626,0.29309121,0.32712588,0.40762334
275,8,10,0.65744298,17.753396,19.34491,0.039250302,0.052485131,0.05310353,-0.012779101,-0.031082725,-0.018405073,0.36143969,0.35464302,0.28027217,0.1739293
275,8,15,0.98590396,319.69998,19.271232,0.0010507517,0.0030055184,0.0087879177,0.001506196,-0.032110636,-0.0028744844,0.18940169,0.15453167,0.11656565,0.2459739
275,8,20,1.0468984,320.69284,19.388945,-0.0067245563,-0.0093651677,0.031073106,-0.0083317971,-0.0038827822,-0.0090592669,0.3651733,0.27466686,0.15477181,0.17180836
275,8,25,0.36925875,175.9578,19.368028,-0.014269108,-0.003280154,-0.025360528,-0.0078009144,0.013749482,0.0068578484,0.30473391,0.21410466,0.1596781,0.19231547
275,8,30,1.6053469,286.76347,19.286804,0.0016560946,0.0028462751,-0.0058263494,-0.0010198774,-0.055110545,0.011173857,0.25832205,0.15827023,0.086370577,0.2684793
275,8,35,2.7764875,281.96026,19.996986,0.0010663111,0.0058289897,0.0060185577,-0.0018264718,-0.001202532,-0.012161649,0.14376053,0.19446425,0.11197824,0.13252694
275,8,40,2.5183666,287.89703,20.498678,0.0092144344,0.014047324,0.0069907805,0.0010169046,-0.013478853,0.0095519625,0.20094243,0.18074004,0.14120576,0.15033598
275,8,45,1.9333727,290.83081,20.703906,-0.0059517862,-0.010025725,0.051539649,0.0039022002,-0.065150952,-0.047011726,0.2795284,0.26644193,0.12799731,0.33339753
275,8,50,1.2961359,288.8916,19.971606,0.022345621,0.0051307755,0.023732314,-0.00016671861,-0.006665569,-0.012435365,0.32841788,0.30287702,0.22254505,0.16012864
275,8,55,0.78178324,17.58522,19.417926,-0.050153998,0.02599563,-0.05724556,-0.0025177942,-0.0045901475,0.0071843365,0.35329294,0.38988378,0.27428196,0.084289962
275,9,0,0.83359103,357.90186,18.947752,-0.0010296187,0.0095923051,-0.024178896,-0.0026384349,0.0076035584,-0.013369961,0.2489403,0.25423675,0.12472805,0.12038076
275,9,5,1.5044762,284.736,19.196728,0.021209849,0.040599746,-0.0054567812,0.0030091847,-0.0093116563,0.01618717,0.34155693,0.40653161,0.23618042,0.12877995
275,9,10,1.9372913,275.94507,19.847041,-0.011466395,0.010512137,-0.027673298,-0.0062836408,-0.012220958,0.0061507347,0.28273686,0.19776923,0.18297171,0.17534114
275,9,15,2.1641436,280.3272,20.052953,-0.004164006,0.0093434867,-0.055523599,0.0021683585,-0.077605451,0.02618455,0.33799852,0.25052251,0.12604027,0.30687686
275,9,20,0.72037102,281.98171,19.691171,0.016715509,-9.6991916e-05,0.0060931869,-0.0095102179,-0.042335774,-0.00965127,0.37657251,0.31861519,0.25850106,0.23545514
275,9,25,0.66984814,274.27132,19.512508,-0.014882738,0.01880508,-0.018809508,-0.01760276,0.05015913,-0.00086729684,0.48150392,0.20602628,0.27203755,0.25811382
275,9,30,0.84283815,309.57036,19.748969,-0.014283987,0.030400231,0.022036847,-0.0060190444,0.0061959765,-0.0090334428,0.2718744,0.32130088,0.24350138,0.12860995
275,9,35,1.0687319,279.76181,19.911765,-0.0063877614,0.010457192,0.0003421023,0.0021095026,-0.016877313,0.002121248,0.25002298,0.25552793,0.17920755,0.12492047
275,9,40,1.6754773,283.09177,20.001509,-0.0057496005,0.0010467833,0.02359522,0.0064410872,-0.086086492,-0.0068467898,0.45578457,0.21123425,0.16253332,0.24067354
275,9,45,2.2430314,293.18214,19.617011,-0.00096642019,0.0059900091,0.018468321,-0.0013595906,-0.04602424,-0.046353424,0.25183036,0.29180148,0.18504571,0.34845023
275,9,50,2.3911018,284.39186,19.675664,0.00080834649,0.018692134,0.011012315,0.00032990613,-0.019834638,-0.012878767,0.23107129,0.23410085,0.21025773,0.22558813
275,9,55,2.070303,290.04478,19.868643,-0.0022374764,0.015200309,0.00031203299,0.00019654657,-0.0013081155,0.0031865323,0.18178375,0.18182349,0.17817636,0.13225331
275,10,0,2.0084851,297.37503,19.729193,4.8878278e-05,0.0033126509,0.012041632,-0.001898914,-0.018160693,0.00073612624,0.2068135,0.183932,0.14440672,0.23965321
275,10,5,2.1434516,289.23824,19.463495,0.0088749285,0.02057878,0.0035323772,-0.0085509239,-0.021249795,0.0010578959,0.36401961,0.31901179,0.23584266,0.19842171
275,10,10,2.1202853,283.38043,19.989059,-0.0016447278,0.018070689,-0.006536591,0.0029790812,-0.0094594807,0.020586283,0.28424473,0.24294138,0.19192886,0.17243092
275,10,15,1.2503996,313.83201,19.184938,0.023595004,0.026365255,0.032129351,-0.0040522003,-0.032061396,0.031911729,0.32382606,0.33967861,0.22024197,0.27548376
275,10,20,0.58584839,32.188517,18.101092,-0.0020239749,-0.0017332751,-0.00021370668,-0.0019658059,-0.011487364,0.0015003135,0.21684558,0.11632657,0.084236523,0.10805618
275,10,25,0.50276088,302.19658,18.000754,0.0041493819,-0.0035512732,-0.012435107,0.0025181956,0.0040482857,-0.0027096044,0.14444426,0.21151841,0.13676168,0.10911686
275,10,30,1.5715433,293.74024,18.069758,-0.01343445,0.00034917384,0.012980936,0.00097320073,-0.0075613052,-0.0022899583,0.26994488,0.18351708,0.13599491,0.14922185
275,10,35,1.651889,279.18598,18.116004,-0.00044735531,0.008196376,-0.029735803,-0.013683797,0.014861164,-0.018239033,0.25808429,0.2474063,0.14809193,0.32392674
275,10,40,1.8338806,267.43817,18.685518,0.0068770362,-0.00064973615,-0.023733793,0.0028796728,0.041465755,-0.032782014,0.26412818,0.21917521,0.17383369,0.28657616
275,10,45,0.94773319,249.47586,18.69984,0.01523015,0.0023566034,-0.073964261,0.011217878,0.099592444,-0.079186686,0.40016779,0.29258853,0.19688842,0.44232515
275,10,50,0.3432016,18.431235,17.793307,-0.030496601,-0.049515816,0.015494962,-0.0001625952,-0.043953717,0.0029815677,0.28985938,0.49745362,0.32909249,0.27010564
275,10,55,0.16651469,14.249049,17.678899,0.0067847385,-0.026288598,0.0021133972,-0.0083665017,-0.0019393584,0.022531199,0.12593001,0.26720242,0.20522623,0.14501989
275,11,0,1.1486892,121.26513,16.94136,0.0012509032,0.0025940163,-0.0068114474,-0.0059899791,0.0036196758,-0.010666363,0.19090625,0.15106705,0.12230346,0.13292337
275,11,5,1.1693133,69.499621,16.448754,-0.021752217,-0.033760125,0.012791212,-0.01466472,0.012584124,0.025002194,0.29268665,0.3303236,0.23890459,0.14199844
275,11,10,1.2256967,37.624755,15.934044,0.0064748423,-0.0072214472,-0.014389751,0.00067779573,0.029859877,-0.0063061773,0.35296812,0.26645255,0.17362015,0.16089725
275,11,15,0.45298702,234.87166,15.825364,0.012332231,0.032991416,0.01870768,0.0013774719,0.0038946191,0.0024205431,0.26755465,0.24805069,0.27426516,0.081473025
275,11,20,0.4950432,254.58159,15.895396,0.036417618,-0.0032833274,0.016228122,0.026757532,0.0024412062,-0.0093059715,0.34801399,0.24955374,0.32278123,0.19037598
275,11,25,1.3237778,272.68506,16.194214,-0.0022781269,0.0012793875,-0.00066460864,-0.001842852,0.0015382666,0.006061603,0.15509899,0.1529645,0.12345046,0.085502844
275,11,30,0.95258052,313.84934,16.302243,-0.00028798716,0.011902648,-0.062779126,0.020046437,-0.058179372,0.092167395,0.33452421,0.34951049,0.16995515,0.4753711
275,11,35,0.10964574,11.34537,15.484095,0.031302016,0.020599137,0.0003565686,0.013234958,0.074176413,-0.0024263282,0.44812403,0.22578926,0.20242547,0.24234991
275,11,40,1.4026365,245.18927,15.989128,0.010444669,0.0077097942,-0.0054655166,-0.0013559905,-0.0046867113,0.00020473052,0.24332498,0.21247863,0.15225647,0.10881553
275,11,45,2.5902872,272.46779,15.920702,-0.0045376833,0.0053955517,-0.022411712,-0.00090150884,-0.068632465,0.039652174,0.23621207,0.21579512,0.1832334,0.39924659
275,11,50,2.2671746,272.04044,16.540909,-0.0034113844,0.021861466,-0.022683588,0.00079033981,-0.0020040602,-0.00015514401,0.49035627,0.30384669,0.17312401,0.13061791
275,11,55,3.1730226,156.9378,16.714726,-0.0058358115,0.0058203681,-0.02311676,-0.0072381704,0.026906828,0.0057337876,0.37324883,0.27446248,0.18238475,0.1735186
275,12,0,2.8868598,149.54249,16.045304,-0.022993033,0.024444879,-0.018153344,-0.01747259,0.040840466,-0.031940017,0.31464382,0.33844845,0.18600607,0.22634474
275,12,5,1.0285909,170.9979,16.038302,-0.07619177,-0.0084445675,0.10204195,-0.024690289,0.052737716,0.033695816,0.48348578,0.40293584,0.32297622,0.21796952
275,12,10,0.6570488,291.20791,16.094375,0.027326879,-0.0090193506,-0.018816904,-0.012455285,-0.048367554,0.034555354,0.47839183,0.28206647,0.2301668,0.21513434
275,12,15,0.42349807,240.19075,16.186265,0.002192683,-0.033867494,-0.015068668,-0.034433411,-0.13340269,0.022666555,0.53582623,0.26197666,0.35825642,0.38112353
275,12,20,1.4875778,270.17266,16.154699,-0.0038437173,0.0013805969,0.012612392,-0.013105075,0.014323432,-0.0018762736,0.36268772,0.24343281,0.23343367,0.18341963
275,12,25,1.476927,290.83431,16.204813,-0.0083371405,-0.00923491,0.017266206,0.0070793306,-0.022050865,-0.018310803,0.20981401,0.22751411,0.14218934,0.18429491
275,12,30,1.2694459,287.10692,16.223004,0.0016998718,-0.00043539687,0.005128259,-0.0051302126,-0.010516398,-0.0031345989,0.22190145,0.16703996,0.11198166,0.13352582
275,12,35,2.1084723,281.69845,16.095922,0.0074079087,0.00039395708,-0.0015235084,0.0010315335,-0.02323157,-0.010121183,0.28969236,0.22071221,0.17417326,0.25062419
275,12,40,2.2937319,284.07577,16.432849,-0.0026010346,0.020011512,-0.0065115781,-0.0050227276,-0.00016176678,-0.00091764399,0.18729788,0.20926684,0.19124681,0.12292442
275,12,45,1.9453326,275.03063,17.028439,-0.00072275141,0.012001774,-0.0043676608,-0.010736829,0.0061007968,-0.011386356,0.15354422,0.17316521,0.14222739,0.17141491
275,12,50,0.78445766,203.87857,16.842701,0.01736399,-0.00078595709,-0.0098910751,-0.013105779,-0.024303813,-0.010765752,0.30790922,0.29098823,0.19686197,0.22205329
275,12,55,0.42386055,231.82333,16.844354,0.0072853845,-0.015462586,-0.0041650998,-0.0042175603,-0.0029771501,0.022886215,0.15470682,0.21688987,0.15866046,0.21233656
275,13,0,1.7544265,279.0401,17.219094,-0.00045784039,0.0028349276,-0.025807273,-0.0097753821,-0.049705273,0.0094832827,0.40255539,0.20398823,0.15139897,0.27408888
275,13,5,2.3008427,282.86557,17.667891,-0.0077357933,0.010647312,-0.0062637014,0.0024966486,-0.0057691039,0.006691789,0.20671076,0.18063429,0.18876635,0.20142171
275,13,10,2.1083298,275.57726,18.080509,0.014127952,0.015426549,0.010583999,0.0011519043,0.00033554912,0.0069013627,0.28748106,0.26330719,0.18490636,0.1680309
275,13,15,0.96779323,263.05764,18.743765,-0.0061743173,0.023348612,-0.070620014,4.934117e-05,0.0034408623,0.0042073814,0.41670398,0.31726077,0.23626662,0.1781212
275,13,20,1.0103067,254.24843,18.661465,0.017061772,0.001548896,-0.037128806,-0.020751009,-0.020701376,0.0067421263,0.39480658,0.19123161,0.23861167,0.27776583
275,13,25,1.8974293,235.51714,19.045887,0.011812441,-0.00098405164,-0.096836261,-0.0021033658,0.030799623,-0.0077751555,0.47307532,0.44997119,0.27888445,0.20139106
275,13,30,0.56099231,208.89436,18.451312,0.01519943,-0.058777605,-0.12437592,-0.036606798,-0.02032372,0.10191406,0.41790355,0.53175561,0.2678008,0.45662791
275,13,35,0.45352862,291.62947,18.277583,0.048717931,-0.0079008358,-0.10521712,-0.012429477,-0.27316733,0.088149818,0.65823249,0.31733309,0.26295253,0.51211721
275,13,40,0.85754928,269.06216,18.461519,0.025411018,-0.0071777025,-0.049540083,0.0015746251,-0.055414242,0.037648932,0.37505995,0.34637957,0.27379547,0.30570626
275,13,45,0.84755026,308.52674,18.426289,-0.0013920145,0.01277333,-0.037367715,-0.0040770829,-0.068692237,0.047613266,0.42272342,0.33737125,0.19478869,0.28389778
275,13,50,1.4275455,46.931524,17.572967,-0.011844579,0.0057972315,-0.024891948,-0.00095211747,-0.008359137,0.0070828393,0.27909146,0.15636416,0.14773049,0.11387433
275,13,55,0.22638667,167.94594,17.195992,-0.0051267447,0.010303252,-0.011913922,0.0034588989,-0.0044208893,0.013319513,0.12776927,0.23040226,0.13174337,0.11360165
275,14,0,0.44146939,47.728385,17.332568,-0.018547965,-0.0059723426,0.014612711,-0.0077630711,0.012430476,-0.014677284,0.34199661,0.413346,0.21869394,0.12262927
275,14,5,0.95412081,16.434613,16.636094,0.018111988,-0.0091146664,-0.014929098,0.0010584038,-0.023271286,0.012064369,0.21418939,0.20802079,0.21779496,0.21744871
275,14,10,0.30474579,207.29009,16.99226,-0.020310768,-0.0063916693,0.0064982453,0.0047531612,-0.0090694645,-0.0016646233,0.23394532,0.13333509,0.14789587,0.10609345
275,14,15,0.21193173,270.17401,17.107889,-0.0099478265,0.0079992691,-0.029153863,0.0055588118,-0.030992652,0.029435115,0.19787784,0.16797318,0.094935811,0.21730521
275,14,20,0.97781615,330.45974,17.799913,-0.022471896,-0.014340343,0.017520903,0.00032404709,-0.0089084211,0.0032554722,0.32578108,0.1940529,0.18051583,0.11431905
275,14,25,0.37594589,311.00921,17.905042,-0.036590167,0.023695763,-0.051864581,0.0020889372,0.035334812,-0.014398524,0.35919172,0.26167281,0.23282796,0.1590582
275,14,30,0.25813346,141.70324,17.821092,0.0022113242,0.015880609,-0.0029517994,-0.0055433833,-0.0074005906,-0.0006714044,0.15297034,0.17880241,0.18317467,0.1006408
275,14,35,0.87089361,79.431795,17.843417,-0.0062198202,3.1384575e-05,0.007113264,0.0048529922,-0.01195469,0.0062767634,0.25274255,0.19857068,0.13171479,0.13368231
275,14,40,1.448096,99.094113,17.220199,0.026531393,-0.023818623,-0.041033678,0.033765083,-0.020885079,0.035959721,0.38734096,0.34678919,0.27272179,0.32424438
275,14,45,1.2005468,71.559165,16.837051,-0.0054635496,-0.0080806827,0.0045262832,0.00032381656,-0.0011874691,0.0045641553,0.2169506,0.18500395,0.14666955,0.14981207
275,14,50,0.28940123,213.11689,17.038819,-0.017796281,0.012094284,-0.01258613,0.026942569,-0.017745089,0.0053491768,0.16801733,0.20396007,0.24390769,0.19812959
275,14,55,0.49885052,15.367525,17.383979,-0.01245167,-0.01631664,-0.0034930416,9.7606623e-05,-0.0049822761,-0.0014474973,0.19746652,0.29375918,0.20538997,0.096392253
275,15,0,1.323168,44.692524,16.69581,0.0075490443,0.0016138372,0.0017841241,-0.0050790662,-0.012681991,-0.022516269,0.14655496,0.18534598,0.21103796,0.23922312
275,15,5,0.97045765,45.744457,16.669564,-0.015511045,-0.00014700557,-0.0052692154,0.0015022853,-0.0026419232,0.0057500922,0.27539299,0.19844403,0.22415585,0.11703631
275,15,10,0.97675728,69.96972,17.039624,-0.055621797,-0.0049267242,0.0036626409,0.048340603,-0.052571019,-0.011971076,0.38905112,0.25232936,0.33010554,0.22373875
275,15,15,2.4635545,46.496406,16.539911,-0.0025511676,0.0038394578,0.014273047,0.0041252143,-0.013550241,0.00070990964,0.23915089,0.22948594,0.2122947,0.12024559
275,15,20,1.8035729,47.475036,16.448809,-0.023473013,0.014553794,-0.027701333,0.022837275,-0.006000161,-0.0017742432,0.37323733,0.29000125,0.31761192,0.13669117
275,15,25,1.0739432,45.414737,16.727061,-0.064550822,-0.0072883453,-0.012323924,0.070875946,-0.035914895,-0.0090114072,0.38660114,0.27785418,0.36001168,0.30214474
275,15,30,1.384724,69.979602,16.454482,0.010245339,-0.0083027488,0.00035693473,0.017709044,0.001442334,-0.013620803,0.2863057,0.28413037,0.27436178,0.15869915
275,15,35,1.8125101,66.642818,16.355045,0.022498561,0.017545976,0.014259526,0.049788796,-0.022345143,0.012731115,0.41767953,0.28867894,0.38817308,0.22393792
275,15,40,1.9585645,67.085523,16.183766,-0.022030806,0.020465528,-0.0065939357,0.063274225,-0.015159618,0.015158195,0.25974338,0.31463577,0.40880213,0.2311793
275,15,45,0.957611,68.185928,16.398339,-0.014096369,0.028621965,-0.05155966,0.034584281,-0.041687771,0.033247286,0.32056998,0.31662838,0.31564382,0.19984362
275,15,50,0.764261,59.639376,16.595829,0.013666952,0.0074815312,0.0023757604,-0.0028146682,-0.0041942454,0.0032740283,0.21693505,0.20021153,0.23240691,0.071926491
275,15,55,1.078645,80.653875,16.912126,0.038262248,-0.017367288,0.012752867,0.037541698,0.010981624,-0.0069755487,0.34971141,0.32296804,0.34643151,0.18893726
275,16,0,1.1379299,93.094973,16.998095,-0.01387348,-0.012761754,-0.0099337581,0.080629985,-0.020099586,-0.026078145,0.40249291,0.30577786,0.42644468,0.29068089
275,16,5,1.2599229,105.05287,17.315381,-0.011563288,-0.021489647,0.010463096,0.10198294,-0.025675445,-0.032806786,0.37572732,0.36758689,0.41622371,0.39000288
275,16,10,1.4638328,120.40593,17.374163,-0.00059444446,0.02408705,0.0026979041,0.065940811,0.011341421,0.027463951,0.50414456,0.36694791,0.4802764,0.30703535
275,16,15,1.4853339,112.65555,17.387626,0.041457593,0.041649817,0.045386967,0.057236054,-0.0036960645,0.0074253227,0.43458658,0.30709136,0.42412421,0.23657159
275,16,20,1.7633307,115.1248,17.480505,-0.0232641,0.042978375,-0.10029335,0.068447453,-0.033643969,0.013863447,0.55275353,0.38407827,0.42481145,0.26469366
275,16,25,1.3659287,114.59754,17.756503,0.049595482,-0.0019355596,-0.031437831,0.096677511,-0.0074325899,-0.038091451,0.4439375,0.58683719,0.48857517,0.33165838
275,16,30,1.7263948,112.10193,17.665339,0.017317898,-0.00092042371,-0.053023996,0.12806271,-0.033607254,0.033948828,0.41766894,0.55116603,0.52674946,0.36012171
275,16,35,1.2088924,100.32532,17.935354,0.069807747,-0.057379313,-0.030350882,0.11948095,0.012751985,0.0065569774,0.47843615,0.42750582,0.62566021,0.33333206
275,16,40,1.3808517,96.713488,18.096186,0.057690553,-0.056271747,-0.007602388,0.078885437,0.007686997,-0.003075009,0.46965704,0.44415888,0.55277265,0.26865685
275,16,45,0.91589969,103.05145,18.500871,-0.025750425,0.05742938,0.0040916211,0.16487431,0.015934367,0.049439729,0.6980277,0.33014476,0.48986707,0.44099592
275,16,50,1.6363135,91.722553,18.327847,-0.018364834,-0.02107698,-0.025966759,0.1036869,-0.051734283,0.032017055,0.43807219,0.397858,0.50548441,0.33529313
275,16,55,1.714183,94.952823,18.38207,0.087508723,0.0014955913,-0.1052225,0.085241839,-0.026433241,0.044733733,0.56554212,0.41167998,0.5804581,0.3086753
275,17,0,1.3551227,140.61244,18.354864,0.090519025,-0.005284253,-0.051700563,0.010364187,-0.013287586,0.008884231,0.52474181,0.2984865,0.39103541,0.16524155
275,17,5,1.4775596,156.27809,18.799645,-0.022679978,0.050379679,0.014729105,0.14964994,-0.012982296,0.028261086,0.36745326,0.29687775,0.55275365,0.38422526
275,17,10,1.1147531,164.63907,19.261397,-0.0067297068,0.033121366,0.085154111,0.21186679,-0.0015380486,-0.006026917,0.46340198,0.41544695,0.67304345,0.42454925
275,17,15,0.97610349,125.7606,19.252929,0.004795382,0.018088866,-0.010627078,0.081840286,-0.039052551,0.016590393,0.33968658,0.31017784,0.46349978,0.3281035
275,17,20,0.91250688,146.38601,19.996588,0.075398285,-0.015309123,0.037231172,0.30177911,0.036047689,-0.031103814,0.45973319,0.39455398,0.63022151,0.63920504
275,17,25,1.3123551,142.59699,19.691188,0.085305499,0.11857021,0.081555365,0.094875944,-0.020292663,0.027794093,0.68363677,0.46958913,0.71457941,0.2925361
275,17,30,1.8767089,129.13143,19.711422,-0.029175207,-0.0046828363,0.20803239,0.061916486,-0.086492538,-0.12644385,0.55570484,0.809426,0.40859233,0.32504712
275,17,35,2.0990174,123.95183,19.809899,0.10549344,0.095909101,0.033061596,0.089259086,0.013592691,0.033371364,0.53311696,0.56711916,0.53935999,0.32820245
275,17,40,2.1738103,107.62191,19.908086,0.18094659,-0.005605277,-0.0090774824,0.079747098,0.056592573,-0.02822469,0.60031995,0.52622569,0.55123513,0.34414174
275,17,45,2.5052704,90.61133,20.091494,0.074845762,-0.03777102,-0.049247749,0.083536274,0.04465779,-0.020381838,0.49012904,0.82441167,0.56580479,0.30408463
275,17,50,1.5706355,70.623988,20.669973,-0.079434244,0.014393763,-0.037916436,0.17525964,-0.074541106,0.039929378,0.49280953,0.54902315,0.62656018,0.46294339
275,17,55,1.9861724,155.12357,20.169403,0.076982673,0.12755947,0.27667953,0.085629588,0.020915844,0.053429539,0.60024925,0.78869205,0.50491579,0.31162106
275,18,0,1.8968327,144.54867,20.199845,0.045535092,0.0032693435,-0.01153029,0.027884363,-0.010441193,0.0098651526,0.44801488,0.39746953,0.44450199,0.16166565
275,18,5,1.6768629,132.44327,20.971031,-0.032391072,0.012499402,0.26366993,0.22002961,0.053931098,0.10503847,0.71869414,0.70850676,0.64586342,0.53661327
275,18,10,2.0461852,144.2687,21.222841,-0.022192169,-0.029565134,0.11454391,0.16406181,0.014137019,0.029874019,0.56806252,0.55026449,0.51987086,0.55948345
275,18,15,2.044543,141.57641,20.809232,0.031647332,-0.0075968625,0.11676208,0.10303451,-0.051521349,-0.039870363,0.84116525,0.49753872,0.4775217,0.37150261
275,18,20,2.524611,139.9615,20.940084,0.085891223,-0.010580899,0.025670288,0.096441417,0.0013735272,-0.04875487,0.56264505,0.53069521,0.5381156,0.35056895
275,18,25,1.517232,134.0362,21.183966,-0.062313395,0.04471268,-0.071239367,0.15695983,-0.15113934,0.082873854,0.54927723,0.53769639,0.51754826,0.51265802
275,18,30,1.8843461,129.36776,21.398198,0.12526348,-1.9309516e-05,-0.066477091,0.066701199,-0.014270152,0.063031177,0.66658626,0.4926689,0.55859061,0.33171538
275,18,35,1.647559,157.44864,21.411159,0.020893505,0.018962372,0.037660597,0.047307645,-0.005640604,-0.044689253,0.53525746,0.4858361,0.4518396,0.28038866
275,18,40,1.3734884,152.19268,22.158036,0.065168203,0.011306995,0.083299232,0.20160528,0.15015647,-0.0048239639,0.64596142,0.58725566,0.48624355,0.64594599
275,18,45,2.1379861,156.7627,21.560253,-0.00043699266,0.027588151,0.023933517,0.041261527,0.0074529942,-0.0032196216,0.42198518,0.35940215,0.471359,0.24551453
275,18,50,0.98365481,134.6026,22.143913,0.049428346,0.11546273,0.038928078,0.19339716,-0.0017622555,0.045726944,0.3587102,0.5764506,0.54778457,0.47390392
275,18,55,2.8872105,129.68112,22.201594,0.022726192,0.1299064,0.07977691,0.1636323,-0.050093684,0.083233168,0.6479333,0.54754291,0.584588,0.45830651
275,19,0,2.2561733,123.18487,22.0162,0.1753401,0.020992111,-0.042044914,0.014474429,-0.045308281,0.0030687544,0.79462836,0.36662908,0.64272778,0.1665662
275,19,5,1.2653114,72.288222,22.821471,-0.029703059,-0.043824284,-0.013165788,0.16151293,-0.039818287,0.018475609,0.46064448,0.45376593,0.59494541,0.50708456
275,19,10,1.4281684,148.18689,23.210603,0.018739172,-0.15233454,-0.089173572,0.089371372,0.046091212,-0.078702078,0.8859266,1.1765329,0.50310759,0.43932326
275,19,15,2.1372178,127.62187,23.009745,-0.0092577214,-0.065262015,0.011218298,0.25741707,-0.012559333,-0.057552834,0.69393026,0.55588952,0.63114776,0.5510375
275,19,20,2.4373304,98.027623,22.6934,-0.020035722,-0.11033144,-0.06648099,0.037476526,-0.012489509,-0.0093616358,0.46952018,1.056086,0.63962257,0.18595225
275,19,25,2.1264792,61.940843,22.752411,0.063379677,0.012731579,0.014163567,0.014656722,-0.010224294,-0.00087681293,0.68633228,0.39484244,0.54005704,0.096815125
275,19,30,2.4760817,41.839723,22.994213,0.076769472,0.058942775,-0.55365146,0.066372571,-0.045840786,0.028414652,0.85206333,0.95425699,0.73690391,0.21372666
275,19,35,3.1635466,72.445868,23.632816,-0.074983749,0.030282796,-0.46702542,0.15770665,-0.0074517736,-0.064315229,1.170131,1.0569131,0.58963163,0.54627507
275,19,40,3.0778139,69.27769,23.231453,-0.14444019,-0.054253074,-0.15099742,0.31135005,-0.10617531,-0.093481671,0.75276288,0.75235503,0.88900227,0.52642726
275,19,45,3.4572963,99.87512,23.021303,0.085376582,0.052623904,-0.078961845,0.079896331,0.030669033,0.03706707,0.63397271,0.65218939,0.50852663,0.30918096
275,19,50,2.2576103,124.44131,22.924471,0.19032619,0.035397538,0.091117984,0.034064157,-0.0067017219,0.011659666,0.78030715,0.50172729,0.55767989,0.18414194
275,19,55,1.4211348,140.86784,23.37153,0.040413158,0.073217857,0.089805058,0.1876026,0.034616518,0.064639715,0.55019147,0.47660327,0.64197046,0.52661359
275,20,0,1.530947,184.77499,23.315942,-0.068870286,-0.038117619,0.0066861442,0.04549488,-0.039924092,-0.0013139682,0.4603151,0.43805529,0.65920013,0.22625856
275,20,5,1.2488963,150.44262,23.5678,-0.020614652,0.06899241,0.012669631,0.1476636,-0.020343043,0.076849946,0.45003584,0.50962444,0.57057476,0.37995597
275,20,10,2.5463727,142.40321,23.448183,0.1202323,0.066536974,-0.029710847,0.10060145,0.046283137,0.065013546,0.54126769,0.52561984,0.50259693,0.38261473
275,20,15,2.5529783,133.96713,23.443855,0.06673964,-0.045023907,-0.11822431,0.1350144,0.014121384,0.022254499,0.51277065,0.53371186,0.68827783,0.31953987
275,20,20,2.8324725,121.88814,23.800233,0.14779246,0.012917195,-0.090575455,0.13035415,0.059701637,-0.02286934,0.97042054,1.0855309,0.59065201,0.49709976
275,20,25,1.5416491,114.25178,23.450383,-0.060583912,-0.041587755,-0.0069490891,0.1099519,-0.033092627,-0.029596163,0.46548801,0.42676403,0.62229945,0.30353231
275,20,30,1.4612741,190.26005,23.733006,-0.064186109,-0.060928891,-0.0012679754,0.14130336,-0.065125907,-0.028306775,0.66579617,0.45657082,0.60863535,0.36406037
275,20,35,1.2027304,233.74984,23.985564,-0.035800814,0.0024186944,-0.063806251,0.18343141,-0.064571833,0.011713106,0.44123085,0.43404923,0.57066838,0.48350482
275,20,40,1.9700785,31.988849,24.269215,0.083294941,0.0075131965,-0.018442027,0.091826646,-0.055046636,-0.084766963,0.87756028,0.79164202,0.58122918,0.42126374
275,20,45,3.9602501,39.494303,23.818183,0.063233532,-0.017341289,0.14880289,0.072599932,0.028531018,-0.046211427,0.71219744,0.68016804,0.52197227,0.26904079
275,20,50,3.7960237,33.276509,24.193164,-0.12849983,0.041629034,0.12145496,0.18935254,-0.096111309,-0.041389588,0.68204498,0.87573971,0.66614957,0.53084642
275,20,55,3.7217925,31.09156,23.722899,-0.034833833,-0.018435406,-0.00040068878,0.067620771,-0.016812822,0.010886181,0.53895713,0.47544736,0.55794004,0.28123082
275,21,0,3.421906,33.104859,23.822069,-0.027202143,-0.011689695,-0.073411892,0.09609674,-0.016291406,0.00041762798,0.61862263,0.5981743,0.53529856,0.31771043
275,21,5,3.420185,41.02594,24.190282,0.023627619,-0.037106933,0.17844456,0.14587852,0.02661507,-0.09211286,0.7045062,0.80288984,0.58150325,0.46310705
275,21,10,2.5465462,43.470607,24.552447,-0.1409601,0.073041548,-0.081280713,0.15926737,-0.12839714,0.0061516233,0.94148191,0.79769375,0.58243343,0.55683466
275,21,15,3.0114093,65.277745,24.449614,-0.062571243,-0.070464391,0.071983152,0.14179165,-0.039522212,0.042850164,0.6673572,0.74482377,0.57208039,0.43224645
275,21,20,3.6115058,66.701488,24.278207,0.05812378,0.012172573,-0.14703107,0.071167354,0.035639012,-0.04646043,0.6523567,0.83035848,0.56846253,0.28883612
275,21,25,2.9828664,46.190134,24.685764,-0.15425404,-0.17302491,0.1952409,0.21151074,-0.041203433,-0.047778218,0.75208163,0.86851529,0.72366781,0.48859385
275,21,30,2.5628945,62.329368,24.544769,-0.067046493,0.0076792098,-0.047492789,0.12991858,-0.08979801,0.034523221,0.58824496,0.48249657,0.44783548,0.4774253
275,21,35,1.7542738,79.152356,24.518372,-0.058477035,-0.068521209,0.012653448,0.092914758,-0.039023872,0.0089550821,0.5644146,0.83339446,0.55188983,0.29665667
275,21,40,2.385552,38.753526,24.618255,0.28134039,-0.30652043,-0.37702899,0.071469163,0.044733889,-0.06503028,1.0139311,0.75469916,0.77214773,0.23387847
275,21,45,3.3344834,38.542033,24.77133,-0.086645159,-0.043629532,0.10581921,0.17727282,-0.060094944,-0.017203771,0.79978315,0.72705964,0.76493146,0.37350679
275,21,50,3.928587,40.192563,24.659115,0.011683674,-0.10952218,0.092047932,0.060446714,0.0013469975,-0.012612588,0.67741055,0.77388881,0.58924424,0.25886991
275,21,55,4.5256477,68.006481,24.604607,0.068599146,-0.15356196,-0.026757982,0.025398345,-0.0068594423,0.029654497,0.67911769,0.76176932,0.69321796,0.2121886
275,22,0,3.2824425,58.748652,24.703907,-0.041941434,0.030297876,0.039328972,0.063857641,-0.027848113,-0.063874522,0.65376057,0.90861395,0.64948527,0.25173203
275,22,5,3.1346856,24.700833,24.88338,0.15710418,-0.04299565,-0.088360399,0.055007583,-0.010001171,0.01937184,0.92999732,0.77349208,0.6798561,0.25684481
275,22,10,4.229676,43.949412,24.842175,-0.11908851,-0.070859902,0.29237224,0.073533063,0.032298298,0.061853852,1.0090957,1.2561145,0.75765387,0.31992589
275,22,15,4.6443378,60.701456,24.809063,-0.12278972,-0.084235959,-0.45458433,0.075007819,-0.11335423,0.10627216,1.0055335,1.1413012,0.87964805,0.26278047
275,22,20,4.4704921,43.777029,24.894395,-0.093316449,-0.10813708,0.82764236,0.044612897,-0.057642233,-0.043411834,1.1426203,1.1341076,0.6808507,0.20495681
275,22,25,3.2232972,45.852429,24.920959,0.0042465882,-0.025846728,-0.027720348,0.031973277,0.012889314,0.0052602125,0.48076779,0.49402684,0.48771747,0.17085389
275,22,30,2.5566928,75.765732,25.030183,0.060172577,-0.025593746,0.024163016,0.050814796,-0.0071088483,-0.0053928661,0.70968469,0.45313544,0.61920018,0.20380715
275,22,35,3.2968021,49.959305,25.070769,0.072051961,-0.10656465,0.080893896,0.061921696,0.010261275,0.010403537,0.74756736,1.1015934,0.63859805,0.28609941
275,22,40,3.446823,37.302791,25.157089,0.048179641,0.13577545,0.074915349,0.070831394,-0.012312535,0.068602861,0.56162073,0.70235259,0.54910463,0.25120656
275,22,45,2.4306931,40.564665,25.250077,-0.12646306,0.029854358,0.027769542,0.059988866,-0.036523553,0.030733249,0.70214831,0.70377714,0.64558128,0.24518232
275,22,50,3.4430715,31.922886,24.927964,0.058018985,-0.0067019765,0.027933103,0.023678424,0.0062669947,-0.0067162714,0.56056532,0.4566918,0.46550171,0.12608566
275,22,55,3.3331471,28.211059,24.996205,-0.048998447,0.013538176,-0.037602132,0.024718617,-0.018941478,-0.0089365315,0.57344165,0.54069141,0.41066952,0.15979944
275,23,0,2.9408233,24.146462,25.108084,0.034668422,-0.059606032,-0.14214276,0.057236964,-0.025298471,0.019519041,0.6809832,0.54770634,0.53023023,0.21835271
275,23,5,3.6941637,29.57751,24.961809,-0.014943843,-0.015523988,-0.10276618,0.038295066,-0.028807653,0.017332081,0.7517558,0.5078483,0.51637123,0.1781798
275,23,10,4.3391126,36.186236,24.743709,-0.0015487395,0.0055079378,-0.0070644106,0.032780147,-0.0042405777,0.0012795317,0.48377064,0.49801365,0.50821499,0.12352396
275,23,15,2.9699512,39.662805,24.830534,-0.014618619,0.011204265,-0.0057963719,0.014335833,-0.014752859,-0.0011679082,0.45750215,0.41650355,0.46909535,0.11187974
275,23,20,3.1755861,34.731702,24.893641,-0.025043289,0.025852603,0.19318316,0.020764052,-0.049403763,-0.043974214,0.72999391,0.62675815,0.44845053,0.17453137
275,23,25,3.2763798,34.287005,24.802041,0.016168861,0.011880848,-0.0559186,0.016068517,-0.034786723,0.019897238,0.7341722,0.77595479,0.47945492,0.13717694
275,23,30,4.0627662,24.571175,24.68943,0.028863327,0.020696767,-0.11871195,0.013673228,-0.017053236,0.032088358,0.54181094,0.62645214,0.40129557,0.12509005
275,23,35,2.8179382,29.844313,24.737418,0.0036823437,0.036586314,-0.034323078,0.013081186,-0.024927749,-0.00055569001,0.61240336,0.52861324,0.44471104,0.11493626
275,23,40,2.915442,26.162612,24.65355,0.098099667,-0.042122323,0.018476231,-0.018379319,0.007633796,0.044330641,0.73422813,0.68054254,0.42666087,0.14246277
275,23,45,3.1484611,30.085642,24.517503,-0.014399409,0.014320819,-0.037513557,0.0033109689,0.0031530593,-0.0039058128,0.49833638,0.31366099,0.34643263,0.075913257
275,23,50,2.8610221,35.878384,24.479543,-0.00057469094,0.0084668532,0.076296931,0.012266386,-0.0063429499,0.0012088862,0.46363184,0.45765009,0.37914274,0.078618981
275,23,55,2.3518142,38.042216,24.396346,-0.077270133,0.0099296481,0.0425773,0.0013150128,-0.0065239693,-0.0020329885,0.77537545,0.57619836,0.40634486,0.062480574
276,0,0,3.8837384,34.342965,24.336467,0.0019183637,-0.0056560582,-0.0035311422,-0.0014467333,-0.00037522195,0.0020152951,0.22078992,0.25144404,0.19112588,0.051782589
276,0,5,3.2928848,33.9486,24.308861,-0.051219677,0.016026296,0.010535363,-0.0030810773,0.003844468,0.0026154971,0.41509899,0.36867292,0.28430495,0.062171549
276,0,10,2.9645899,38.999128,24.238819,-0.021684115,-0.013405132,-0.0063143085,-0.00067652584,0.0036002105,-0.00028245136,0.42383814,0.3389817,0.27523081,0.063482103
276,0,15,2.3761102,37.595539,24.241078,-0.016727796,-5.2949684e-05,0.047042233,-0.0095232292,0.022548601,0.014270904,0.46415682,0.44003411,0.31647582,0.10909585
276,0,20,2.3071909,35.416879,24.244252,-0.027893647,-0.0078794226,-0.049174366,-0.011609323,0.0069529214,0.0047240663,0.43576898,0.37967998,0.28638262,0.11067628
276,0,25,1.7156873,41.876379,24.115218,-0.007217059,-0.003505148,0.022721969,-0.0052393828,0.0014093133,0.010566882,0.30659884,0.35985834,0.24196504,0.081414933
276,0,30,0.44524457,103.11302,24.04399,-0.015594516,-0.013065767,-0.011907486,-0.0013516268,-0.0026908949,0.0088786415,0.26864736,0.4609323,0.24843944,0.10083702
276,0,35,1.3836035,165.55054,23.956839,-0.0037809571,-0.0058157057,0.0047673176,-0.00067303327,0.015525305,-0.012749775,0.29591352,0.22100431,0.17752209,0.13329408
276,0,40,1.0437154,183.21392,23.879113,0.012621079,-0.023700642,-0.026488218,0.008576999,0.0081823323,0.0039188934,0.30243274,0.38903566,0.19871358,0.16769853
276,0,45,0.33426193,160.65202,23.799758,-0.032366187,0.011975825,-0.0084362446,-0.0035152297,0.0002990663,7.070628e-05,0.3367276,0.22835515,0.2191679,0.11347944
276,0,50,0.60280363,178.80411,23.378418,-0.0035878314,-0.019858032,-0.0054599954,-0.00049653452,0.025710918,0.011380183,0.27830766,0.46326882,0.23294125,0.21727906
276,0,55,0.87442753,288.9201,23.486805,-0.0014172908,0.0071412679,0.022307865,-0.0075408943,-0.0048717944,-0.0047747039,0.23155547,0.29972226,0.20716991,0.13761862
276,1,0,0.16821993,178.90169,23.76965,0.009879155,0.015148071,-0.00089029905,0.018418787,-0.011822591,0.030250287,0.24396038,0.22915967,0.2021351,0.31165262
276,1,5,0.58903932,50.187223,23.681122,0.0041643787,-0.0042786621,-0.057172935,-0.0029264735,0.040898,-0.037715709,0.31709068,0.33193961,0.24365202,0.20470786
276,1,10,0.69148403,282.26835,23.013999,-0.026428012,0.012394687,-0.0027975411,0.0174422,-0.18404259,0.0021189161,0.64029912,0.31610547,0.24386917,0.3940192
276,1,15,0.21847958,308.2527,23.288553,0.045536811,0.0079558397,0.0027060962,-0.0017217297,0.0080502014,-0.02661472,0.2964524,0.25394176,0.25007964,0.16576351
276,1,20,0.045135521,263.14875,23.149638,0.0033121723,-0.0074331672,-0.0023083815,-0.0017737414,-0.0024530705,-0.0048123124,0.1349563,0.18924613,0.13985659,0.14927987
276,1,25,0.75517771,245.07444,23.115388,0.014957036,-0.011317216,-0.01425937,-0.0057436191,-0.0040970885,0.0019318055,0.24056994,0.21100491,0.14997599,0.13774809
276,1,30,1.7636779,287.6016,23.062936,0.0059420598,0.011547498,-0.025838943,-0.012224881,-0.0021043982,-0.012186225,0.27858229,0.27691403,0.21395357,0.13576036
276,1,35,1.8496891,281.88825,23.04018,-0.00036755857,0.00046859155,-0.010752297,-0.00051187728,0.0017989878,-0.0019295169,0.15769079,0.13953392,0.10886292,0.085665178
276,1,40,1.1552239,261.0109,23.298773,0.0031724425,0.00072274576,-0.0084684427,-0.0041994405,-0.0097119058,0.0030721657,0.20243536,0.16777371,0.13009024,0.15762227
276,1,45,0.98341749,247.41828,23.116445,-0.0036066837,0.0059350499,-0.028968065,0.0079309563,-0.0042595407,0.0013913853,0.24086292,0.32603873,0.17149254,0.20800791
276,1,50,1.0341088,232.44826,22.987882,-0.00038065236,0.0034433399,-0.00084467613,-0.00033142681,0.0059175632,0.088951688,0.26524356,0.41077096,0.22234571,0.42964561
276,1,55,1.3960231,280.75865,22.705472,0.00025670508,0.0051485745,-0.048910141,0.00092406171,-0.010790181,-0.0090877153,0.33501845,0.34777667,0.17003787,0.15423265
276,2,0,1.1094014,292.78071,23.067655,0.027658814,0.0015058196,0.010456658,0.00019773852,0.0033900341,-0.0050848625,0.36415105,0.21131793,0.22988986,0.097790122
276,2,5,1.6074681,288.26986,22.925213,0.029860242,0.0027875282,-0.01454268,-0.016425517,-0.032648787,0.0035581371,0.40372219,0.23322398,0.24229807,0.2131007
276,2,10,1.9860872,287.15891,22.927558,0.0045517343,0.0016139897,-0.010708341,-0.00340414,-0.016764166,0.0099704078,0.19351209,0.15808204,0.15416065,0.16263448
276,2,15,1.7248901,285.15477,23.085313,0.0019692132,0.0016126067,-0.0015586061,-0.0010954689,-0.0020333723,0.001595588,0.17841811,0.13432727,0.11276294,0.12113829
276,2,20,2.6155807,290.07751,22.70436,0.0040999115,0.0051632358,-0.0017519655,-0.0059399481,-0.0099961775,-0.0087970329,0.20313254,0.16797924,0.13917983,0.18151625
276,2,25,2.1680403,279.43315,22.956916,0.0018989223,0.0051402692,-0.0016745955,-0.007611438,-0.0038056696,0.0011306013,0.17734251,0.16481247,0.16490017,0.1325219
276,2,30,1.4951625,272.89783,22.996791,-0.016774014,0.013585962,-0.025048727,-0.0047359718,0.014464135,-0.0022319481,0.25205498,0.20148411,0.16842377,0.12257104
276,2,35,0.92654614,195.35962,23.073836,-0.0042601956,-0.0055172463,0.0022421108,-0.00030210594,0.00759134,0.0030546676,0.21277953,0.16656469,0.13955651,0.12619702
276,2,40,1.0990597,199.54707,22.671555,0.010263738,-0.0081952099,0.027702225,-0.016026943,0.016715647,0.020123352,0.36196419,0.24733739,0.26649456,0.26610889
276,2,45,0.63140744,249.60179,22.869784,0.0066557535,-0.0022195962,-0.018244229,-0.0038227436,-0.00081281428,0.005685234,0.26440836,0.17962589,0.14714516,0.10913403
276,2,50,1.7256757,282.48725,22.779411,0.015655316,-0.00072642056,-0.03450798,-0.0013834448,0.0060355972,-0.0016198002,0.34503191,0.22558558,0.12226768,0.20749514
276,2,55,1.4908341,270.84964,22.584101,-0.0064440143,0.0014562271,0.0034679678,-0.00011516346,0.016721941,0.018592415,0.2077737,0.15254995,0.15513927,0.22790383
276,3,0,0.72124592,263.32826,22.473059,0.025683406,-0.024767886,-0.023341949,-0.0084655895,-0.01197755,0.022082783,0.33548729,0.32872919,0.2341174,0.24304125
276,3,5,0.9482546,266.26847,22.701388,0.052451359,-0.012925778,-0.036597355,-0.00044981327,-0.010213157,0.0024992477,0.43037495,0.33626401,0.2482402,0.18809982
276,3,10,0.7588466,267.0331,22.56615,0.019911627,-0.018437092,-0.0069589107,-0.0071519397,0.007314429,0.0021725232,0.33184779,0.29147718,0.23443812,0.11445969
276,3,15,0.68937071,263.82535,22.521244,0.014653158,-0.0038710031,-0.016462321,-0.0047754563,-0.017645199,0.0056920047,0.26750063,0.16007396,0.11892763,0.12615473
276,3,20,1.3509481,288.74029,22.449802,0.020248848,-0.0030510016,-0.0022146995,-0.0094507999,-0.023763625,0.0049453887,0.29804418,0.17149572,0.15172426,0.15431139
276,3,25,1.8969732,283.77198,22.32167,0.0098810441,0.001934391,0.0068030657,-0.0079391598,-0.037315417,-0.002203955,0.29666074,0.20851462,0.15756317,0.21119891
276,3,30,1.8485372,274.88464,22.485559,0.0020157735,0.011471477,-7.2437934e-05,-0.0048753535,0.0027342513,-0.0057906634,0.17633697,0.1915955,0.16328118,0.15959206
276,3,35,1.3519481,273.11402,22.545311,0.0087806484,0.0049651315,0.0068078072,0.00086670081,-0.009811748,0.0014463107,0.19912664,0.13534813,0.13211336,0.11785844
276,3,40,0.86783984,276.83008,22.411012,0.0036519803,-0.0032285491,-0.00055549656,-0.0004738813,0.0093057629,-0.0080783916,0.17988942,0.17455981,0.13245369,0.19305155
276,3,45,0.91248101,281.4344,22.504815,0.0096782595,0.00041021317,-0.01622947,-0.0025578033,-0.022967603,0.001875776,0.28254138,0.18123717,0.1578132,0.1635129
276,3,50,1.0595778,283.8505,22.573292,0.015302122,-0.0050312362,-0.0015593831,-0.0016494668,-0.0045901683,-0.00015401787,0.22937067,0.1976041,0.15640278,0.085685638
276,3,55,0.73991356,285.98908,22.749475,-0.00018803932,-0.0026236225,0.0090360736,0.0030980105,-0.00062133085,0.0030185849,0.16621737,0.13895301,0.14044069,0.081921287
276,4,0,0.97585468,272.83092,22.431326,0.025904129,-0.010525775,-0.031269194,-0.023226336,-0.088069511,0.04007315,0.36988468,0.28905072,0.20087981,0.31505236
276,4,5,1.3264503,282.9637,22.437819,0.046426001,-0.0031642755,0.0011654238,-0.023867069,-0.054827089,0.0030857654,0.36675562,0.22139963,0.24999293,0.23381198
276,4,10,1.6357755,277.96242,22.34439,0.022379539,0.0021916695,-0.011223157,-0.011286095,-0.033140506,0.015270362,0.23128072,0.19900645,0.18284814,0.21345506
276,4,15,0.75720455,278.29266,22.618215,0.0080579166,-0.007867401,-0.026484251,-0.004998833,-0.056853277,0.026814533,0.36709809,0.24380067,0.18468088,0.31065198
276,4,20,1.5269096,286.29725,22.480766,0.013432633,-0.001496653,-0.04255099,-0.00296475,-0.071058462,0.040374361,0.32953924,0.27903146,0.15139778,0.30573469
276,4,25,2.7326483,275.71013,21.859389,0.0483249,0.010446686,-0.078181974,0.0086665886,-0.13494983,0.14989901,0.60152397,0.53531509,0.3066754,0.5405832
276,4,30,3.5116568,270.74394,22.244316,-0.010905346,0.10568562,-0.047332727,0.077471094,-0.063976702,0.22394086,0.31252342,0.5972606,0.2624526,0.56240356
276,4,35,3.0383949,273.58632,22.415727,0.011678666,0.035416075,0.00050807693,-0.0018843047,-0.006380768,0.010854546,0.21487253,0.34294027,0.22704089,0.21641045
276,4,40,2.6165512,255.27086,22.90278,0.0020052294,-0.0060733257,0.0053323124,-0.011815954,0.0092875257,0.019163944,0.17283619,0.30820508,0.15492185,0.22405565
276,4,45,3.1034438,259.24366,22.421466,0.035422653,0.056672685,0.077462078,0.032227453,0.091233791,0.19393401,0.36279685,0.53884935,0.24258949,0.59385081
276,4,50,3.8943269,244.16834,23.397823,0.0086341906,0.0071981627,-0.011620706,0.0026081184,0.01840593,0.0076095945,0.33403263,0.30082119,0.21233115,0.16848572
276,4,55,3.5704433,245.16528,23.188822,-0.020634952,0.010276962,-0.035181875,-0.017211045,0.034851374,7.5556256e-05,0.44495151,0.33971643,0.26911987,0.19292627
276,5,0,3.8755269,247.36895,23.237903,0.021133887,-0.0038603147,-0.02741489,-0.016823575,0.03216418,0.011271749,0.47826045,0.29882692,0.28677555,0.20173088
276,5,5,3.8500489,249.96175,22.943627,-0.0025740995,-0.0029019583,-0.053515362,-0.013156819,0.046127351,-0.0061106741,0.51354986,0.30279974,0.26398396,0.22323885
276,5,10,3.6647042,246.90185,23.177845,-0.011595297,0.018352545,-0.023928049,-0.037150633,0.050519422,0.0085251487,0.55640033,0.39880172,0.33262901,0.23702041
276,5,15,3.6948644,241.05515,23.178501,-0.074406967,-0.0052218062,-0.090814936,-0.049695882,0.11421149,0.0089265852,0.84712949,0.48690147,0.40656274,0.26629946
276,5,20,3.4553037,240.67852,23.220194,-0.022591337,-0.0054483745,-0.11949155,-0.019115255,0.033520199,0.013142032,0.71314232,0.4826689,0.32041214,0.2051844
276,5,25,3.1141579,239.32871,23.20114,-0.0095487116,-0.013374864,-0.1055524,-0.010551816,0.044559431,-0.00034660254,0.63517624,0.48460081,0.28825575,0.16946201
276,5,30,3.4391462,242.75897,23.197566,-0.049035023,0.011403617,-0.074615415,-0.015376014,0.053622554,0.0067155283,0.63239551,0.40621639,0.30177832,0.20834234
276,5,35,3.5086631,241.98387,23.125958,-0.028256379,-0.0026616699,-0.074320369,-0.014719359,0.038326752,0.0067563347,0.55436882,0.45402977,0.28541148,0.19880716
276,5,40,3.5093795,244.41619,23.03196,-0.051633627,0.0034580169,-0.081854671,-0.016392724,0.070575414,-0.0017814839,0.65965299,0.3858527,0.28153874,0.21429983
276,5,45,3.5939941,245.23424,22.967803,-0.02688303,0.006487477,-0.092139341,-0.0052296061,0.032386539,0.010890918,0.54914811,0.42756806,0.316734,0.20490676
276,5,50,3.7428063,251.54747,23.063888,-0.013788887,-0.014809424,-0.0045423584,-0.018585422,0.025800368,0.0044639755,0.37494395,0.34862802,0.26160216,0.24376767
276,5,55,4.0490256,248.39709,23.154028,-0.032054627,-0.0013031117,-0.03964408,-0.0084837146,0.031061759,-0.0034087971,0.46341301,0.36268108,0.31634317,0.227136
276,6,0,3.5645718,247.51512,23.155582,-0.025257733,0.00021240011,-0.075301048,-0.030674941,0.056948393,-0.0074351536,0.53647345,0.4133878,0.35230332,0.27424178
276,6,5,3.5540278,246.25769,23.350699,-0.016740406,-0.00021935032,-0.089165696,-0.019358653,0.034015901,0.0062436972,0.56504667,0.4291457,0.3220043,0.20726935
276,6,10,3.0155971,245.82172,23.217414,-0.010275393,0.0065266255,-0.14596126,-0.014111799,0.0020596536,0.021275236,0.56957566,0.50559967,0.3222978,0.21574552
276,6,15,2.8724263,241.55939,23.193936,-0.014108992,-0.023976324,-0.046205753,-0.038651942,0.02692414,0.028887027,0.49083162,0.57834826,0.34441792,0.26329541
276,6,20,3.4129248,245.58658,23.374886,-0.013627606,-0.020645264,-0.10148635,-0.025040426,0.019662224,0.020287598,0.5687356,0.52093204,0.39613476,0.2146315
276,6,25,2.9853486,249.78447,23.405628,-0.013640856,0.028667358,-0.018017715,-0.0096663233,0.035126148,0.056217935,0.53921969,0.54091043,0.38762714,0.29522404
276,6,30,1.9685475,252.12674,23.112576,-0.024831674,0.015665392,-0.06374648,-0.0061593118,0.0015222715,0.041661614,0.38860309,0.42659086,0.26176746,0.24826316
276,6,35,2.394111,259.20018,22.767278,-0.0039751165,0.056049279,0.040590409,0.018294162,0.059437241,0.1754353,0.32567471,0.49604545,0.26777754,0.52037315
276,6,40,1.8357726,282.50613,22.561136,0.0085409965,0.012657295,-0.079621216,-0.010180163,-0.037747058,0.048979859,0.40640212,0.41654884,0.24174558,0.24498596
276,6,45,1.7868743,287.56539,22.408484,0.0020547374,0.01410699,-0.0055259788,-0.0070553216,-0.016111899,0.024841053,0.3484179,0.2898909,0.25570933,0.28206459
276,6,50,1.6709239,275.93626,22.727531,-0.01074505,0.020506011,-0.03549978,-0.00014293561,-0.0090356345,0.054098099,0.28724611,0.35069207,0.18855788,0.40947403
276,6,55,1.3706872,259.98097,22.912064,-0.0012832357,-0.016850511,0.01429803,-0.0069040426,0.0053199156,0.082068505,0.28715876,0.3825991,0.18681587,0.39768567
276,7,0,1.592179,305.38836,22.492866,-0.0210823,0.0082572341,-0.0053132104,-0.00018984167,-0.04874166,-0.00026832302,0.41020977,0.30428044,0.18458939,0.24424569
276,7,5,0.92514863,315.48703,22.067512,0.013011999,0.024639946,0.079995672,-0.0073266746,-0.046166654,-0.065974278,0.31235005,0.37601746,0.21253732,0.24380566
276,7,10,1.0580589,276.06925,21.715361,0.019489538,-0.000350172,-0.029122928,0.00093565162,-0.0039841714,-0.021763645,0.2955037,0.29246448,0.19633225,0.22070592
276,7,15,1.339984,285.88266,21.768869,0.0032176249,0.0081438704,0.0071087414,-0.0010050407,-0.018051708,-0.0072261909,0.19103598,0.19625028,0.11755086,0.15672309
276,7,20,1.1952389,259.50144,21.851076,0.00010168131,0.0087817692,-0.0062872371,0.0036156245,0.0037618375,0.0029834267,0.21664004,0.15895695,0.15184785,0.12278074
276,7,25,0.89872303,256.76084,21.936766,0.011954808,-0.003665493,-0.018934829,0.0036656622,0.0074328203,-0.0096686965,0.23516031,0.23434673,0.18745946,0.16824783
276,7,30,1.5727743,273.89663,21.583635,-0.017663344,0.010659231,-0.045668606,0.0057378079,-0.014007315,0.0037251374,0.38080296,0.21220512,0.13809728,0.19048928
276,7,35,0.7347536,269.32739,21.477638,-0.0072509843,0.0033261417,-0.0080544591,-0.0051200604,0.0047829524,0.0016849948,0.16917952,0.13067861,0.15784114,0.12697969
276,7,40,0.18845155,327.89825,21.076588,0.030021333,0.035192391,0.027181308,-0.032573339,-0.054723201,-0.034272118,0.31478546,0.28491665,0.25031883,0.32231436
276,7,45,1.5312754,288.56458,21.222986,0.030540185,-0.010083982,-0.026562392,-0.0075534416,-0.066501869,0.0072430283,0.49691151,0.28761005,0.22795374,0.22955483
276,7,50,2.6175754,284.36738,21.08413,-0.0016650907,0.0046773755,-0.013305001,-0.0036258013,-0.0071202753,-0.00082631269,0.24345645,0.16357708,0.15823022,0.13902838
276,7,55,2.4688841,284.67686,21.232857,-0.0049627767,0.0039091051,-0.017681061,-0.0066363306,-0.0074792791,-0.0050202604,0.25122872,0.19035463,0.17211505,0.15773195
276,8,0,2.0405605,282.38698,21.300773,-0.010367315,0.0052027538,-0.014415017,-0.00092106039,-0.0050180305,0.0049032092,0.21803972,0.16735803,0.15337646,0.16469546
276,8,5,1.679175,287.42033,21.597075,-0.0011575101,0.0044813942,-0.0071841887,8.5338456e-05,-0.0071604906,0.0087523112,0.15396825,0.17644658,0.11879735,0.11248497
276,8,10,1.0327004,270.41182,20.8972,0.053864138,-0.017280024,-0.034166578,0.017155557,0.021281065,0.038496979,0.40192946,0.34246194,0.31654256,0.45009268
276,8,15,1.6507101,285.88942,21.313666,0.013213129,0.020945923,-0.051624189,-0.02314407,-0.028472934,-0.0025164309,0.43426367,0.3505845,0.26713039,0.22417363
276,8,20,2.1462305,285.75097,21.462524,0.034989965,-0.0061506783,-0.011577818,-0.01571352,-0.025011895,-0.0066200084,0.39260488,0.27902584,0.24444297,0.2248698
276,8,25,2.0328617,288.66237,21.403309,0.052789203,0.01920198,0.040331218,-0.036880238,-0.053438704,-0.025848147,0.35721477,0.24172812,0.23749493,0.26841508
276,8,30,1.4155848,272.24029,21.213579,-0.0062717276,0.0099218887,-0.02271981,-0.012094383,0.018708305,-0.012692452,0.25577191,0.17072824,0.13604344,0.19807257
276,8,35,0.76562053,152.31524,20.470135,-0.018955338,-0.0078496156,0.015648417,0.006582541,1.0948023e-05,-0.023592595,0.29127032,0.21124229,0.18724136,0.29912864
276,8,40,0.19854038,222.50063,20.171111,0.0045500714,-0.0091687896,0.043099006,-0.0015989096,0.0095443774,0.016361478,0.26514413,0.36192422,0.24655843,0.18343763
276,8,45,0.25623624,291.85204,20.451781,0.0082431529,0.00065406756,0.0010706357,-0.0017035884,0.0022777987,0.0020203323,0.14055308,0.083373739,0.11304489,0.092074649
276,8,50,0.58733246,297.7569,20.446843,0.0078626074,0.0074169047,-0.031253466,0.0030040176,-0.019911925,0.0080735932,0.35232001,0.23751313,0.20019911,0.17034105
276,8,55,0.59935342,249.47147,20.590132,0.023109714,-0.01193407,-0.023928266,0.0032831125,0.0059821768,-0.003112637,0.28344952,0.35021186,0.2443402,0.10071893
276,9,0,0.65960279,211.07311,20.326049,-0.015785973,0.0097979908,-0.0089009685,-0.0017253257,-0.0022102808,0.024941915,0.23177623,0.42735857,0.24090194,0.13318212
276,9,5,0.63699545,170.32694,20.261059,-0.0021198596,0.00016917584,0.010090799,-0.0023082252,0.012834925,0.012964276,0.18004683,0.13872352,0.091776826,0.13493999
276,9,10,0.56128993,286.38061,20.053291,0.002644848,0.00033211891,-0.010639935,-0.00072400413,-0.006172851,0.0033455616,0.19763074,0.16672479,0.098488561,0.094516872
276,9,15,1.0072366,282.99167,20.028918,0.011968156,0.0049038944,0.0037567805,-0.0035545458,-0.045841261,0.00013700846,0.35206999,0.16463854,0.14464705,0.1718268
276,9,20,0.47457942,250.90118,20.244915,0.0013165796,-0.00094622501,-0.011241426,0.00048134904,-0.0014590777,0.0024742911,0.18968123,0.14967351,0.12040541,0.094312033
276,9,25,0.64731124,247.83895,20.259664,-0.0042195954,0.0024942836,-0.015168516,0.0012598505,-0.034247942,0.011472575,0.24139981,0.12416373,0.11080608,0.18408426
276,9,30,1.1251095,273.40184,20.286392,0.0042725625,0.00084449048,-0.0030756712,-0.0028892556,-0.01357457,0.0032744126,0.14085383,0.093637031,0.084621109,0.13239112
276,9,35,2.115342,289.13898,19.946965,0.0054483724,0.0027283341,1.2875405e-06,-0.0049584315,-0.026335005,0.0020100663,0.18793393,0.14668002,0.12037521,0.20493093
276,9,40,2.3020954,289.24355,20.128521,-0.0016867691,0.00043561988,0.0016427391,-0.00077354816,-0.00059100627,-2.204254e-05,0.1573428,0.09779239,0.085544664,0.086666095
276,9,45,1.742504,285.83511,20.373931,0.0015626875,-0.0014314863,-0.00076661229,-0.00032319852,-0.010211995,0.0010425713,0.17458702,0.13568197,0.11941486,0.12111399
276,9,50,1.5127196,284.23587,20.370897,0.0057473911,-0.00030860032,0.00010353835,-0.0042058797,-0.029967749,0.00065864839,0.2120046,0.11534677,0.087282607,0.17803801
276,9,55,1.9675577,288.55726,20.227706,0.0036108956,-0.00018855431,-0.0011566319,-0.0065085086,-0.01575672,-0.00052377855,0.2001545,0.12346063,0.12681392,0.1684264
276,10,0,2.1853491,286.28949,20.162032,-0.00047204584,0.0055073536,-0.0017202606,-0.0073008169,-0.0015857706,-0.0031105893,0.1445169,0.10852405,0.12981392,0.14905911
276,10,5,2.2237842,288.25724,20.190664,0.010394817,0.001391064,0.0070983243,-0.011333087,-0.032540872,-0.0089175979,0.2538291,0.21028075,0.17515805,0.24620534
276,10,10,2.5151905,289.3388,20.053796,0.0029597893,0.0078268395,-0.0061181085,-0.00149767,-0.034339566,-0.0034046791,0.21725188,0.17682638,0.16150381,0.25975016
276,10,15,2.5136263,287.01357,20.011739,-0.00088945484,0.0057837784,-0.0070044639,-0.0012328116,-0.0058308105,-0.0024721984,0.17391224,0.15870869,0.12120636,0.12889136
276,10,20,2.8015897,286.45462,19.992572,0.0029895083,0.0072113821,0.0054050008,-0.0062895723,-0.015226314,-0.01271443,0.17781684,0.17922243,0.13617922,0.18369352
276,10,25,2.6309497,285.91832,20.071213,-0.013883243,0.0066909738,-0.0040430085,-0.007810028,0.004418999,-0.0028771293,0.24263456,0.16499787,0.18936616,0.12832213
276,10,30,2.4804425,282.97087,20.019416,-0.00053268159,0.00073746537,-0.0061426512,-0.0062957068,-0.012386089,-8.4225493e-05,0.20599994,0.18353808,0.16255965,0.2158369
276,10,35,2.771549,285.47872,20.023136,-0.0019189283,0.010117527,-0.0023607546,-0.0062667759,-0.011259699,0.0024994131,0.23388448,0.17964576,0.17326582,0.19937641
276,10,40,2.8039505,284.37456,20.042692,-0.0045906258,0.0046816519,0.008666276,-0.0064098152,-0.012593398,-0.010707252,0.21474731,0.19217745,0.17959912,0.17972777
276,10,45,2.2563916,281.4481,20.289793,0.0027214371,0.0072970414,-0.0074815692,-0.0061894306,-0.013019002,0.001956982,0.19513489,0.17499446,0.16035052,0.17311509
276,10,50,1.8883677,283.1811,20.518326,0.00090409052,-0.003117074,0.014326786,-0.0005700336,-0.030381202,-0.032565072,0.1919733,0.23665601,0.11122215,0.23856416
276,10,55,1.4414617,269.45851,20.56532,-0.0036377547,0.00465967,-0.018608765,-0.0043195992,0.0020053209,-0.0045455685,0.16484032,0.18673176,0.13278993,0.11212139
276,11,0,1.7115884,273.40896,20.343483,-0.0096976831,0.0094647776,-0.019033358,0.0035110666,-0.0054773959,0.0071061331,0.23610368,0.17461513,0.12857206,0.099667683
276,11,5,2.4282413,275.91762,20.006622,-0.020632762,0.010284566,-0.0016444315,0.0027243778,-0.0055884558,0.0093446623,0.25895689,0.19953433,0.23303332,0.14553639
276,11,10,2.9002061,275.02382,19.797217,-0.012625738,0.029795777,-0.026882434,0.0051374984,-0.01181786,0.014328621,0.27861021,0.29046971,0.28049195,0.21427643
276,11,15,3.1888011,281.3018,19.822349,-0.013532449,0.014406463,0.0018011393,0.018485835,-0.027922318,-0.020628035,0.26038997,0.27516276,0.23287661,0.31396688
276,11,20,2.8227153,292.289,20.603589,0.0067620997,0.0078966549,0.0014466867,-0.018026954,-0.05540073,-0.020850854,0.27947132,0.24818797,0.19164986,0.32769518
276,11,25,2.8801401,286.80314,20.156082,-0.0053024975,0.0086527081,0.013566695,-0.0043087681,-0.035186054,-0.026452327,0.27840394,0.247699,0.1649671,0.24929352
276,11,30,2.007962,278.80577,20.383998,-0.0055679526,0.0088743003,-0.035578145,-0.0009313065,-0.038175392,-0.0025148471,0.32169679,0.2563362,0.1620335,0.29687643
276,11,35,1.9715946,281.43615,20.366751,-0.0015959348,-0.00020725875,-0.014595541,0.00064133446,-0.010205996,0.0044541287,0.17466442,0.2350877,0.13029939,0.19392167
276,11,40,1.3762656,266.63182,20.600021,0.0098399474,0.0083273122,-0.056877788,-0.0074511133,-0.05026806,0.021251436,0.35349387,0.3064329,0.17134963,0.24140194
276,11,45,1.1051924,245.81192,20.634606,-0.0049210693,0.0077183609,-0.075818168,0.0091188955,-0.068536014,0.12817532,0.32373303,0.44953643,0.19373104,0.42537923
276,11,50,1.2136463,259.89142,20.869593,0.0090116323,0.0007134997,-0.033435046,-0.0070304786,-0.046393389,0.03516126,0.2907679,0.30207336,0.16354215,0.30469701
276,11,55,2.025518,289.3165,20.797,0.01165843,0.006316683,-0.0070341524,-0.0096392438,-0.032312299,0.01023699,0.26113584,0.21003821,0.16459287,0.24829392
276,12,0,1.3243466,279.81346,20.943419,0.025057666,6.3618571e-05,-0.017987813,-0.0062683972,-0.043573734,0.044488321,0.38906772,0.3611208,0.20414067,0.39400992
276,12,5,1.5457698,223.65402,21.784968,-0.00077817232,-0.0023015342,0.010963004,-0.0064456107,0.0046122331,0.015462833,0.23312415,0.20371842,0.16163756,0.18909237
276,12,10,1.8279514,222.77971,21.698725,0.0094054199,-0.00054538899,0.053705816,0.0045235845,0.0051102668,0.00017200383,0.40600297,0.25324592,0.21976236,0.12259955
276,12,15,1.5437309,232.0282,21.40334,-0.0033003413,-0.054114383,-0.00014067972,-0.046418657,-0.014516902,0.25248801,0.30576484,0.51281487,0.25714575,0.69381851
276,12,20,1.1717149,222.59046,21.416399,-0.025108627,-0.04326346,0.011960153,0.0033721579,0.028325714,0.031897964,0.42619527,0.34257364,0.27812479,0.37946617
276,12,25,1.5949733,251.02293,20.715879,0.018792963,0.0056114784,-0.03883895,0.0013803416,-0.074849742,0.16736954,0.40615176,0.52786413,0.30792185,0.6021124
276,12,30,1.7795417,238.50705,21.747998,-0.003711204,0.001803474,-0.050210654,-0.0082008824,-0.0059346866,0.0076779421,0.33102537,0.31454328,0.22333465,0.11850723
276,12,35,1.9146356,250.21603,21.498206,-0.012834797,0.019537951,-0.060108872,-0.0041339972,-0.025251699,0.010435942,0.43363897,0.27953459,0.25699134,0.17628353
276,12,40,1.9747658,228.05196,21.365762,0.0044425757,0.002149415,-0.019740649,-0.0045921113,-0.0091845775,0.00967895,0.38352181,0.35381504,0.21645854,0.1152312
276,12,45,2.5047085,232.89916,21.428209,-0.0026857525,0.024148686,-0.050850187,-0.02420701,0.037756043,-0.069737303,0.53735037,0.5974702,0.34511909,0.24676238
276,12,50,2.759283,227.63724,21.081789,0.0018923257,0.03010643,-0.011103891,-0.036625871,0.02147113,-0.066117295,0.6353764,0.57711906,0.34096881,0.32697582
276,12,55,2.3524193,235.77195,21.069877,-0.080235379,0.04959076,-0.13164179,-0.060023501,0.064146871,-0.059332074,0.66914488,0.53729586,0.37412167,0.39385465
276,13,0,0.61084885,133.77665,17.755264,-0.027984657,-0.024000728,0.18158724,0.061421428,-0.27613286,-0.4796763,0.5503071,0.69337972,0.31117975,0.99705264
276,13,5,0.67523235,93.655051,17.632646,0.03063662,0.06267569,0.061434415,-0.010331906,-0.021314132,0.016225225,0.34933406,0.40150365,0.31785102,0.65242683
276,13,10,0.71331406,279.37199,18.623043,0.003437591,0.012878856,0.045823076,-0.035652493,0.14732441,0.074532263,0.46225766,0.40927412,0.26582166,0.53903479
276,13,15,2.4538285,241.26605,21.227377,-0.012419846,0.02219792,-0.053156099,-0.01314866,-0.0057495465,-0.0098689147,0.5050788,0.61397756,0.31918044,0.21499161
276,13,20,2.5888366,241.96913,20.940013,-0.06737783,0.072701341,-0.25790868,-0.032842278,0.042145405,-0.032086229,0.82454326,0.63489937,0.40021582,0.29195306
276,13,25,3.51809,250.34482,20.982824,-0.0038248405,0.047557069,-0.25049044,-0.064407769,0.11255123,-0.073538532,0.89237395,0.6715593,0.4846847,0.31371757
276,13,30,3.8078711,254.19726,20.91251,-0.020293224,0.042476469,-0.08752852,-0.013229073,0.019804388,0.066471437,0.68018598,0.72052237,0.43244082,0.26953507
276,13,35,4.0602251,254.19962,20.90176,-0.11614208,0.12461661,-0.16178815,-0.069909778,0.08148005,-0.049356145,0.76167221,0.75176325,0.56731599,0.23709663
276,13,40,4.2237947,250.99916,20.870381,-0.10916549,0.047361954,-0.13453175,-0.049975692,0.088952552,-0.03212286,0.90191033,0.57411203,0.50641015,0.24121651
276,13,45,4.6316594,255.77651,20.902274,-0.0499131,0.080743999,-0.085484557,-0.045265113,0.069651031,-0.037312527,0.6444444,0.60802668,0.51096845,0.28258363
276,13,50,4.4581306,259.99788,20.953524,-0.0050114528,0.033829303,-0.12023549,-0.026022586,0.031307832,-0.023484466,0.84165108,0.96147931,0.56848477,0.1944364
276,13,55,3.9477827,265.95294,20.905873,-0.016418699,0.0098237529,-0.35369494,-0.023959686,0.11146706,-0.093150094,1.0280262,0.98937445,0.49938481,0.21614372
276,14,0,4.3482316,261.19062,21.197295,0.052598905,0.059204294,-0.55202805,-0.0067186563,0.080828566,-0.07059833,1.5076189,0.8506136,0.54688717,0.17151192
276,14,5,3.7063712,250.4214,20.98621,-0.15668627,0.039103566,-0.82588686,-0.038736522,0.13349932,-0.086808567,1.248301,1.0831568,0.59565964,0.20390774
276,14,10,3.827401,247.74293,20.881486,-0.25827192,0.024016728,-0.26250754,-0.022955774,0.051619273,-0.044062987,1.0745644,0.92861325,0.67476299,0.13761492
276,14,15,4.4085265,262.18299,21.07035,-0.23986566,0.063284219,-0.31378206,-0.030752026,0.116305,-0.078826554,1.1054541,0.85489661,0.63864028,0.17603117
276,14,20,3.5156685,259.20252,20.909998,-0.0092517016,0.028624282,-0.35025683,-0.0028089313,0.024350177,-0.034495443,1.0509809,0.87202552,0.66030919,0.10188161
276,14,25,2.6482208,257.56567,20.930787,-0.40628145,0.10278018,-0.36584165,0.0051909891,0.0062475544,-0.021668057,1.2002772,0.71816123,0.57466729,0.085254805
276,14,30,3.5495716,270.17365,21.055551,-0.24086452,-0.087514916,-0.098013769,0.0068494246,0.0083210114,-0.029111546,1.1529931,1.0069319,0.69590274,0.074427329
276,14,35,2.4106464,251.52191,21.045564,-0.046278065,0.02819552,-0.45794125,0.008233529,-0.013126783,-0.007495414,1.2070988,0.76402173,0.56317936,0.077303242
276,14,40,2.466978,236.68208,21.087541,-0.040673195,0.039127594,-0.17679564,-0.0018516967,0.020399547,-0.061051249,0.73985981,1.0531097,0.59111223,0.11145509
276,14,45,1.8189799,235.12531,21.037564,-0.077586132,0.085346693,-0.17369993,0.010833106,-0.048001821,-0.0083690318,0.92734032,0.70003785,0.56117744,0.11147786
276,14,50,1.0040387,19.004075,19.144939,-0.33656228,0.21504425,-0.3270119,0.38211602,-0.74809507,0.48913726,0.99624714,0.85110247,0.55767257,0.99797262
276,14,55,1.7138112,56.400957,18.370274,-0.00034878144,-0.0040282529,-0.028769139,-0.0068892775,0.019843062,-0.0039988029,0.29054657,0.29430233,0.21663485,0.19277485
276,15,0,1.1510549,77.038213,18.395416,0.0055969843,0.001827987,-0.017722139,0.013876702,-0.0080562375,0.012263527,0.24429843,0.31248961,0.24575487,0.13437868
276,15,5,1.3579158,94.034781,18.700306,-0.0084210776,0.010676641,-0.0040889148,0.015718842,-0.0011926854,0.010721826,0.20641715,0.28125912,0.21067,0.17009602
276,15,10,1.3890384,82.167164,18.808057,0.025707768,0.013639148,0.0012422209,-0.0055366042,-0.025073032,-0.0090367973,0.36068104,0.3109592,0.28936394,0.15815484
276,15,15,1.9936882,68.725706,18.72276,-0.026343743,-0.0051415999,-0.00041052088,0.02787976,-0.012103647,0.012170753,0.30661516,0.30523804,0.27927109,0.18815009
276,15,20,1.4775022,87.322676,18.605385,0.0060335148,-0.01209119,0.010063454,-4.2156893e-05,-0.0054257002,0.021548162,0.30868492,0.30570902,0.2005711,0.16404296
276,15,25,1.3099317,89.686461,18.671461,0.029466323,-0.015645144,-0.0071942965,0.047566424,0.015289531,0.00077938839,0.24554209,0.2805576,0.30631452,0.21091923
276,15,30,1.1529793,101.35066,18.658243,0.012440567,-0.017301005,-0.0049748792,0.018910667,-0.0037253929,-0.0090614815,0.19852447,0.22258432,0.26050206,0.13804811
276,15,35,0.99214903,111.72513,18.754571,0.027488163,-0.036604827,-0.0078993991,0.024454154,-0.021956478,-0.0090130986,0.31452105,0.25895547,0.33572609,0.19730029
276,15,40,3.2178376,207.12911,19.772255,-0.19288416,-0.018459598,-0.045982223,0.024222596,-0.044342394,-0.012753923,1.0443285,0.73719125,0.662142,0.24713526
276,15,45,2.0519918,190.66118,19.812502,-0.34221928,0.2505974,-0.44289703,-0.044591196,0.083041968,-0.078977986,1.0606022,0.95455557,0.81367604,0.38360805
276,15,50,3.4597039,201.28754,19.808301,-0.27887706,0.12824993,-0.68687835,-0.031481841,0.16387202,-0.17068738,1.2660811,1.005877,0.65629323,0.31998544
276,15,55,4.2650612,216.47054,20.03988,0.065442521,0.065237573,0.063381279,-0.0051928963,-0.035817882,-0.031924379,0.9203075,0.63453245,0.5343377,0.25501254
276,16,0,1.2949076,201.05447,20.02433,-0.021719787,0.068780379,-0.28434653,0.082349728,0.22837509,-0.46343617,0.66600569,0.96573453,0.5467665,0.71883825
276,16,5,2.6305223,43.403409,18.744715,0.001269399,0.022842528,0.03599965,0.044041899,-0.019529134,0.012161389,0.36267799,0.38340895,0.33939301,0.26634564
276,16,10,2.0035219,43.791296,19.105692,0.0041598664,0.022318413,0.011508419,0.0050731339,-0.0023684775,-0.0050401466,0.3670863,0.27506095,0.32041803,0.17779305
276,16,15,1.4042305,69.481124,19.153606,0.036555822,0.046967329,0.03802775,0.017192323,-0.026563573,0.023997176,0.44599856,0.39479192,0.33179386,0.18378002
276,16,20,1.7206685,78.856367,19.208657,0.032612486,-0.031317611,0.0044259723,0.037402804,0.025776985,-0.0017028139,0.38908076,0.36067109,0.38999365,0.19688163
276,16,25,1.7199982,56.923033,19.581455,-0.0052662718,0.00082651911,0.013427781,0.10972388,-0.0061602455,-0.01507285,0.33538966,0.35230107,0.44752266,0.35557692
276,16,30,1.3923415,84.822897,19.544598,0.014116697,-0.042807493,0.035792124,0.042867908,0.003166955,-0.01311331,0.41585448,0.41785209,0.40403397,0.19349388
276,16,35,0.88339658,86.916308,20.046643,0.046378279,-0.035046365,-0.02576412,0.038173121,0.010949492,-0.014453308,0.40671599,0.26688929,0.35678786,0.2768923
276,16,40,1.1149797,86.993133,20.219703,0.072946838,0.050484505,0.099409945,0.020982055,-0.030850497,0.012177749,0.46939831,0.44823253,0.39333966,0.24986639
276,16,45,1.6424509,55.085035,20.242711,0.025361929,0.013257612,-0.0039328202,0.022509625,-0.0086908431,0.0078628035,0.35067022,0.28996002,0.35551467,0.15322071
276,16,50,2.2783219,37.230142,20.616519,-0.059563303,-0.0024195033,-0.016357114,0.13695403,-0.06531895,-0.019083527,0.45393897,0.34700887,0.47589745,0.39647165
276,16,55,1.7843551,40.857437,20.830183,0.0048025398,0.024206234,0.016045057,0.046108995,0.0094609238,0.0059762198,0.33808019,0.43349438,0.42688393,0.23437849
276,17,0,1.7511033,58.478533,21.252153,0.0058099638,0.075777142,0.0058071171,0.11252464,-0.0088351524,0.040192033,0.38538521,0.50494269,0.48770219,0.39498323
276,17,5,0.98569089,344.55206,21.214321,0.1767752,0.055744179,0.064177566,0.02381275,0.008334785,0.024046583,0.48032729,0.59529234,0.63655037,0.13333165
276,17,10,0.99710679,341.10675,21.667022,-0.012410367,0.019548708,0.040407032,0.10290113,-0.026359137,0.025568115,0.34081745,0.41671424,0.51515368,0.32495925
276,17,15,1.8983285,359.53773,21.850947,0.041715356,-0.044419222,-0.0015968031,0.12011347,0.0016919011,-0.036464222,0.36197522,0.47554663,0.53686323,0.34574432
276,17,20,2.1523517,107.59286,22.240597,0.047181059,-0.011622558,0.10142421,0.10636885,0.032424301,0.011955304,0.74374724,0.53095796,0.72681691,0.35499542
276,17,25,2.7800458,109.96034,21.941968,0.069057349,-0.11002011,-0.047430735,0.069729248,-0.019371421,-0.020068207,0.58109759,0.49441478,0.63268412,0.24720519
276,17,30,1.593781,110.50326,22.177869,0.045957675,-0.028149915,0.095002126,0.071790019,0.036770538,0.015366667,0.59845998,0.5960241,0.50913097,0.27119807
276,17,35,1.772669,109.99771,22.415799,-0.020053765,0.0084645243,-0.29603816,0.11385831,-0.055036725,-0.084598202,0.83458568,0.82927911,0.60425657,0.41159263
276,17,40,0.45413971,105.44306,22.388501,-0.015647621,-0.0019949144,0.03887806,0.03126991,-0.056399172,-0.055179436,0.33034241,0.37903801,0.35406004,0.27073264
276,17,45,0.92577851,76.455158,22.962032,0.05468609,0.054035406,-0.21989286,0.19157476,-0.010093743,0.055540088,0.72100742,0.59297076,0.56736612,0.48724085
276,17,50,1.7996858,111.63695,22.810562,0.11030019,0.0029784816,0.031255933,0.1030484,0.034314583,0.040103451,0.71071652,0.58723866,0.62970483,0.32845255
276,17,55,2.4215704,118.98016,22.881533,-0.0078294851,-0.035177523,0.0047642517,0.099059269,-0.0079194144,-0.034028176,0.64102743,0.54693709,0.68287414,0.3309204
276,18,0,1.1384733,101.10537,23.08395,-0.056458992,0.0038260228,0.048591912,0.08901373,-0.048845666,0.0061588444,0.52469015,0.41152137,0.66371063,0.31596745
276,18,5,0.94544829,55.891228,23.165965,-0.14081035,-0.036470238,0.078437222,0.12524039,-0.042365048,-0.021989662,0.60741989,0.42317453,0.78491212,0.27429136
276,18,10,0.86334869,50.108656,23.603065,0.24523255,-0.1068666,-0.012298846,0.19497769,0.074428649,0.015060629,0.73321702,0.64519083,0.77815894,0.42297371
276,18,15,1.4016757,85.176981,23.131575,-0.0071427566,-0.026601969,-0.03163798,0.13728962,-0.030570246,-0.010522239,0.46791791,0.41883286,0.57901255,0.36681199
276,18,20,0.79520355,76.466919,23.378824,-0.0071289538,-0.025371341,-0.0040405348,0.0026642499,-0.028380523,0.006422083,0.28753421,0.32462508,0.39299639,0.21337675
276,18,25,0.27345645,204.27069,23.752388,-0.022567371,0.00039335851,-0.036392695,0.047973655,-0.017780208,-0.0095672472,0.30948843,0.38036012,0.34664213,0.29827082
276,18,30,1.3172047,241.19791,23.962846,0.028008645,0.018763309,-0.094299073,0.14195037,-0.075289134,-0.0015790767,0.65428885,0.4311138,0.47420001,0.54783425
276,18,35,2.4613858,251.76347,23.682501,0.13076954,0.035431004,0.068661736,0.046431563,0.0026390983,0.0064896456,0.63854412,0.45573737,0.44924578,0.20601605
276,18,40,2.2810792,246.06479,23.939906,0.056544152,0.013428704,0.0065102097,0.048086346,0.0052453721,0.0090398259,0.5269734,0.40939477,0.44887676,0.24033698
276,18,45,2.3784153,239.12496,24.271858,-0.029520815,-0.00084502642,-0.12800974,0.12387852,-0.041567569,0.021010979,0.65683017,0.55792947,0.57512829,0.37080593
276,18,50,2.3786414,236.3384,24.422347,0.0011543263,-0.091953344,-0.16357604,0.14523851,-0.047516329,0.0061443701,0.73642068,0.66201244,0.61803168,0.42901181
276,18,55,2.1144922,244.21767,24.543174,0.10889059,0.0043564695,-0.11959912,0.12610299,-0.051439066,0.047474929,0.73323066,0.51218887,0.60064731,0.4284708
276,19,0,2.5738277,238.0009,24.911605,-0.033955065,-0.0068396297,-0.12766498,0.19379747,-0.082534465,0.030923408,0.74058551,0.7505271,0.63792961,0.50504949
276,19,5,1.9418407,224.65265,24.796392,-0.070899551,0.046241033,-0.0052553264,0.179819,-0.14161063,-0.0049585898,0.7059332,0.5431121,0.57482514,0.51744571
276,19,10,1.8045007,231.37073,24.955469,-0.24393664,0.16639084,-0.29838672,0.15277517,-0.095771602,0.13515488,0.79384158,0.72164395,0.7267777,0.46972736
276,19,15,2.9220924,237.62032,24.854828,0.032615228,-0.0066210305,-0.11951735,0.063124737,-0.037365479,0.010712963,0.6883618,0.61565047,0.5719531,0.26785551
276,19,20,2.2484148,217.74203,25.29936,-0.021146947,0.0083236748,0.033428649,0.12224998,-0.039821665,-0.023888395,0.58290368,0.51401364,0.56829776,0.39435773
276,19,25,2.4366847,236.7943,25.4007,0.013714147,-0.051383184,-0.07166403,0.10545785,-0.078536644,0.10936614,0.6548477,0.86689495,0.58100384,0.46875916
276,19,30,2.3803062,216.8254,25.24794,-0.052667397,0.037103713,-0.064519332,0.068158447,-0.052770071,-0.012741229,0.63898195,0.58148391,0.46004154,0.27694706
276,19,35,2.2131691,228.30934,25.345233,-0.03992845,0.0019586879,0.017071665,0.099570525,-0.055961874,0.0065104692,0.60505549,0.44722007,0.450801,0.38624853
276,19,40,1.0565269,198.42896,25.71216,-0.065802355,0.05344735,0.1684382,0.10636997,-0.046806053,0.044579015,0.58379115,0.7186368,0.50608234,0.38888232
276,19,45,2.3985307,232.32207,25.666775,-0.0078153426,0.065519008,0.025194289,0.10933745,-0.035367853,0.02764529,0.71322214,0.68145609,0.66300509,0.30737321
276,19,50,3.0699505,219.0589,25.633293,-0.011481112,-0.12331753,-0.12479012,0.07005015,0.0072136669,-0.095158163,0.70931381,1.0785162,0.49989705,0.32503052
276,19,55,2.9615986,229.22733,25.686281,-0.030605532,0.064364816,-0.070864959,0.12447525,-0.094978109,0.22225342,0.6846612,0.79291746,0.56033614,0.49971829
276,20,0,3.1214439,217.99132,25.565971,-0.0474527,-0.0016608827,-0.49071879,0.078938046,-0.017083704,-0.047599427,0.89322529,1.235465,0.68799374,0.26943155
276,20,5,3.5952793,219.62226,25.560794,-0.070304434,0.10285128,-0.012731386,0.065231136,-0.071125518,0.0014008952,1.256843,0.63065605,0.75644927,0.27325166
276,20,10,3.5115579,234.11281,25.733638,-0.095868383,-0.004129811,-0.25539976,0.17073683,-0.082621975,0.037921133,0.90060776,0.76869235,0.71104372,0.4284204
276,20,15,3.4707011,231.96912,25.675743,-0.11124417,0.060788352,-0.12199797,0.11123511,-0.060671691,0.022667328,0.98970126,0.80312616,0.68592597,0.31178799
276,20,20,3.2657944,244.9599,25.791684,-0.001021246,-0.049130309,-0.17102641,0.17247439,-0.004861175,-0.030375489,0.72442272,0.6091616,0.73602019,0.39569193
276,20,25,1.6959761,339.34576,25.802385,0.01564645,-0.028573822,-0.048904766,0.035163141,-0.012191473,-0.018963239,0.53106501,0.61825524,0.53841929,0.17381487
276,20,30,2.0042034,19.165791,26.041964,-0.0075618744,-0.042074772,-0.09622608,0.091680219,-0.051945171,-0.048062718,0.78822253,0.80357638,0.53859671,0.35016657
276,20,35,3.9288163,31.216379,26.027918,-0.053205174,0.040280885,0.0071055816,0.10776719,-0.044162377,-0.013326886,0.82666141,0.61792715,0.56489511,0.35361051
276,20,40,2.6921843,29.180669,26.208789,0.057042695,0.0010120718,-0.083982925,0.15995277,0.010660827,0.0055392498,0.59628199,0.55069289,0.63207184,0.425003
276,20,45,2.3436368,44.612184,26.416099,-0.092621707,0.05924851,-0.099640548,0.17133086,-0.026191038,0.01545468,0.61512939,0.7764647,0.75495248,0.49158761
276,20,50,2.0861282,48.304772,26.197438,0.055051629,-0.20244349,-0.58490875,0.099243809,-0.012633848,-0.029257397,1.3273375,0.92745387,0.79986656,0.2801953
276,20,55,4.7335829,64.834333,26.029603,0.011723948,0.0076146354,0.037167858,0.13770309,-0.032484999,0.01312594,0.67132186,0.59226318,0.59561125,0.42700875
276,21,0,2.7548236,51.998427,25.946009,-0.036952065,0.007295715,0.40595036,0.020789061,-0.030635002,-0.029508676,0.82932922,0.82124128,0.46615792,0.21989366
276,21,5,3.3474817,20.285672,26.316144,-0.18223765,0.020881269,-0.1776936,0.18448787,-0.065710887,0.035118416,0.84885851,0.69086042,0.76865264,0.39152007
276,21,10,3.888554,55.13859,26.485061,-0.039583082,0.0014514892,-0.096207587,0.11349048,0.020929909,-0.019200852,1.0182037,0.6157105,0.61961952,0.35534448
276,21,15,4.4616604,76.887393,26.408178,-0.12318326,0.055259082,-0.26746159,0.14065395,-0.071709849,0.054049581,0.86946482,1.3933881,0.59992194,0.43997576
276,21,20,4.1864356,86.067868,26.695566,-0.077172208,-0.03192434,-0.028938712,0.21008058,-0.12750111,0.18593473,0.59914562,0.91357515,0.53187854,0.6463999
276,21,25,3.1350393,84.887623,26.502986,-0.095907427,-0.081834283,-0.024471033,0.24674238,-0.12913029,-0.098280229,0.91375956,1.0437245,0.65252676,0.6408908
276,21,30,4.133822,82.234683,26.731355,-0.23380693,-0.04929148,-0.0023434481,0.30554471,-0.1864532,-0.09733852,0.6818455,0.68957113,0.63260366,0.67388239
276,21,35,4.3417234,93.022466,26.509069,0.0048249333,-0.012817731,-0.096002095,0.1994091,-0.031941224,-0.046894297,0.62411001,0.99236324,0.59850313,0.52596427
276,21,40,2.1604599,74.489368,26.250949,0.012239258,-0.01543795,0.13737512,0.046887908,0.012637996,0.0119937,0.62861609,0.59203311,0.44955088,0.2158213
276,21,45,3.0794186,65.518446,26.510269,-0.059842205,-0.040551399,-0.060594742,0.11343688,-0.052314923,-0.0010210306,0.68136096,0.59846848,0.51401653,0.37319584
276,21,50,3.4260052,68.494694,26.405626,-0.039230375,-0.021300908,-0.23486999,0.046289177,-0.00095252351,0.030749073,0.8238241,0.68098793,0.46269264,0.26394522
276,21,55,3.7138859,91.977557,26.433619,-0.012787523,-0.054968664,-0.34424894,0.13379024,-0.044777346,-0.0090265846,0.94770499,0.60028317,0.51944095,0.43565975
276,22,0,1.5593928,60.956936,26.269651,-0.045439633,-0.036932752,0.013317162,0.047908681,-0.015375435,-0.01146763,0.2841831,0.34231406,0.49268394,0.22056975
276,22,5,1.0190058,23.338612,26.701389,0.043108422,-0.10936417,0.01706426,0.11247621,0.023250397,-0.02300014,0.503395,0.43647738,0.67630766,0.31100496
276,22,10,2.8953099,85.342098,26.773802,0.027037994,-0.077370559,-0.0040247604,0.13534988,-0.011646347,-0.012882539,0.43316267,0.91303266,0.54283227,0.43819158
276,22,15,2.5260646,81.000564,26.739263,-0.027055603,-0.027986477,-0.033702087,0.16592747,-1.5398106e-07,-0.10695468,0.46249093,0.58803548,0.60727036,0.45692106
276,22,20,1.960929,97.621942,26.749315,0.10911232,0.024290587,-0.044133617,0.14641762,0.064447988,0.033111912,0.57251947,0.48889267,0.59651842,0.40914019
276,22,25,1.0152642,52.631453,26.506069,0.021501305,-0.027582783,-0.013929499,0.010492799,-0.00064660545,-0.0004719025,0.34678578,0.36299793,0.33457545,0.1023845
276,22,30,2.1786335,135.1213,26.663962,-0.042169865,-0.02549075,0.099651235,0.099254422,-0.023884326,0.050029354,0.86095757,0.59096641,0.53489228,0.34323131
276,22,35,2.3546542,98.724908,27.045472,-0.22191568,0.02715545,0.23102447,0.1480439,-0.11049034,0.090297299,0.89732568,0.77531755,0.51214546,0.42542626
276,22,40,2.6298881,67.548475,26.903384,-0.072584158,-0.072413998,0.093403089,0.11164057,-0.067639425,-0.064290141,0.64382095,0.549038,0.50122551,0.36316236
276,22,45,2.0998523,83.131155,26.877529,-0.066987484,0.011259764,0.013842048,0.089099346,-0.020882139,-0.0096517653,0.42170078,0.46581628,0.42594315,0.30827969
276,22,50,1.3724666,126.3097,27.006777,-0.1145697,0.037085412,-0.21401133,0.13499926,-0.047679155,-0.054937423,0.63487936,0.79577014,0.514883,0.39977112
276,22,55,1.8217473,125.0202,26.627648,-0.085688102,-0.071720896,0.068816314,0.03097442,-0.013173324,-0.012292371,0.54263738,0.4420832,0.40897267,0.14960554
276,23,0,1.2857497,50.487873,27.029673,-0.068388494,0.019033933,0.050023102,0.096399578,-0.014339489,0.036522217,0.60739848,0.40013089,0.45029196,0.31817451
276,23,5,1.1162231,51.326114,26.969236,-0.0092630032,-0.0089520663,-0.01340564,0.10249947,-0.0081561118,-0.019997945,0.33042846,0.40943776,0.41837989,0.33600513
276,23,10,2.4381184,102.7348,26.773155,0.018865457,-0.10017267,0.076699323,0.058401786,0.015940011,0.012284363,0.51481336,0.73126455,0.38601382,0.27416796
276,23,15,1.5653207,61.564559,26.72761,-0.065707657,-0.03084508,-0.0084985285,0.071403777,-0.051817023,-0.022658666,0.50778621,0.36633301,0.3577323,0.25103269
276,23,20,1.4677051,38.150136,26.734489,-0.0025224166,0.024238391,-0.029879117,0.020301203,-0.0026775322,0.0020543058,0.3131935,0.34944457,0.33122538,0.1687814
276,23,25,0.48803495,26.976114,26.998347,-0.039798733,0.033249993,-0.05131874,0.031934672,-0.015959105,-0.023418702,0.40044591,0.40471963,0.31743757,0.22302875
276,23,30,1.7404611,91.575829,27.033668,-0.076561771,-0.11480066,0.10682229,0.054406696,-0.007641853,0.0056345744,0.43693235,0.89279396,0.43299113,0.23033557
276,23,35,1.9337541,91.466584,26.968139,-0.11137758,-0.019455317,0.16452636,0.034977652,-0.01421432,-0.0035938478,0.73559564,0.5169163,0.42033147,0.18909525
276,23,40,0.94142349,130.43625,26.906546,-0.0025793475,-0.02490872,0.053053265,0.016367283,-0.010843867,-0.0091467456,0.47237937,0.62695858,0.32212692,0.14059998
276,23,45,1.7852965,127.26819,26.693003,-0.0091045196,-0.00078867202,-0.063042387,0.0037704174,-0.01991642,0.024366233,0.3253578,0.38016631,0.18903706,0.12139734
276,23,50,0.70721992,133.50129,26.66348,0.00054040431,0.022639836,0.0059275491,-0.0072161887,-0.0061650884,-0.00090489661,0.27126699,0.30798606,0.25581495,0.073412491
276,23,55,0.42976402,213.95196,26.542396,-0.010693581,0.012483989,-0.037489259,-0.00010350118,-0.030038763,0.0192359,0.32368681,0.2648604,0.17596839,0.148065
