    Time  Press    Temp     Rh    Alt  Speed    Dir   Batt  P.Temp  Dew   S.H.   M.R.     Et    Ozone O3Curr O3Temp   AD1    AD2    AD3    AD4    AD5    AD6
            hPa      °C     %      m    mps    deg      v     °C     °C          g/kg      s      ppb     µA     °C     v      v      v      v      v      v 
--------------------------------------------------------------------------------------------------------------------------------------------------------------
01:30:47 869.94   18.5   25.5   1311    1.7    157    8.7    30.3  -1.6   0.79   3.85    5.0     0.00   0.00    0.0  0.000  0.000  0.000  0.000  0.000  0.000
01:30:48 870.01   18.4   25.6   1311    1.7    156    8.7    30.3  -1.6   0.79   3.85    6.0     0.00   0.00    0.0  0.000  0.000  0.000  0.000  0.000  0.000
01:30:49 869.83   18.5   25.6   1312    1.8    158    8.7    30.3  -1.5   0.79   3.87    7.0     0.00   0.00    0.0  0.000  0.000  0.000  0.000  0.000  0.000
01:30:50 870.06   18.5   25.7   1310    1.8    157    8.7    30.3  -1.5   0.80   3.89    8.0     0.00   0.00    0.0  0.000  0.000  0.000  0.000  0.000  0.000
01:30:53 869.74   18.4   25.8   1313    1.9    158    8.7    30.2  -1.5   0.79   3.87   11.0     0.00   0.00    0.0  0.000  0.000  0.000  0.000  0.000  0.000
01:30:54 869.93   18.4   25.8   1311    1.8    159    8.7    30.3  -1.5   0.80   3.88   12.0     0.00   0.00    0.0  0.000  0.000  0.000  0.000  0.000  0.000
01:30:55 869.93   18.5   25.8   1311    1.7    158    8.7    30.4  -1.4   0.80   3.91   13.0     0.00   0.00    0.0  0.000  0.000  0.000  0.000  0.000  0.000
01:30:56 869.72   18.4   25.8   1313    1.6    164    8.7    30.2  -1.6   0.79   3.86   14.0     0.00   0.00    0.0  0.000  0.000  0.000  0.000  0.000  0.000
01:30:57 870.08   18.4   25.9   1310    1.6    169    8.7    30.2  -1.5   0.80   3.89   15.0     0.00   0.00    0.0  0.000  0.000  0.000  0.000  0.000  0.000
01:31:00 870.00   18.5   26.3   1311    1.4    166    8.7    30.3  -1.2   0.80   3.98   18.0     0.00   0.00    0.0  0.000  0.000  0.000  0.000  0.000  0.000
01:31:01 869.79   18.7   26.6   1313    1.4    161    8.7    30.6  -0.9   0.80   4.10   19.0     0.00   0.00    0.0  0.000  0.000  0.000  0.000  0.000  0.000
01:31:02 870.01   18.6   26.3   1311    1.4    159    8.7    30.5  -1.1   0.80   4.02   20.0     0.00   0.00    0.0  0.000  0.000  0.000  0.000  0.000  0.000
01:31:03 869.89   18.5   26.4   1312    1.4    170    8.7    30.3  -1.1   0.80   4.01   21.0     0.00   0.00    0.0  0.000  0.000  0.000  0.000  0.000  0.000
01:31:04 869.98   18.3   26.1   1311    1.4    179    8.7    30.2  -1.4   0.80   3.90   22.0     0.00   0.00    0.0  0.000  0.000  0.000  0.000  0.000  0.000
01:31:05 869.83   18.7   26.2   1312    1.6    180    8.7    30.5  -1.1   0.80   4.02   23.0     0.00   0.00    0.0  0.000  0.000  0.000  0.000  0.000  0.000
01:31:06 869.96   18.8   26.8   1311    1.7    175    8.6    30.7  -0.7   0.81   4.16   24.0     0.00   0.00    0.0  0.000  0.000  0.000  0.000  0.000  0.000
01:31:07 870.03   18.8   26.9   1310    1.7    180    8.7    30.7  -0.6   0.81   4.19   25.0     0.00   0.00    0.0  0.000  0.000  0.000  0.000  0.000  0.000
01:31:09 869.84   18.7   26.4   1312    1.7    178    8.6    30.6  -0.9   0.80   4.08   27.0     0.00   0.00    0.0  0.000  0.000  0.000  0.000  0.000  0.000
01:31:11 869.94   18.5   25.4   1311    1.7    182    8.6    30.3  -1.7   0.79   3.83   29.0     0.00   0.00    0.0  0.000  0.000  0.000  0.000  0.000  0.000
01:31:12 869.92   18.8   26.5   1311    1.7    179    8.6    30.6  -0.8   0.80   4.11   30.0     0.00   0.00    0.0  0.000  0.000  0.000  0.000  0.000  0.000
01:31:13 869.91   18.6   25.9   1312    1.7    179    8.6    30.4  -1.3   0.80   3.94   31.0     0.00   0.00    0.0  0.000  0.000  0.000  0.000  0.000  0.000
01:31:14 869.89   18.7   26.0   1312    1.7    184    8.6    30.6  -1.1   0.80   4.00   32.0     0.00   0.00    0.0  0.000  0.000  0.000  0.000  0.000  0.000
01:31:15 869.78   18.5   25.3   1313    1.7    185    8.6    30.4  -1.7   0.79   3.83   33.0     0.00   0.00    0.0  0.000  0.000  0.000  0.000  0.000  0.000
01:31:16 869.76   18.6   25.7   1313    1.7    187    8.6    30.5  -1.4   0.80   3.93   34.0     0.00   0.00    0.0  0.000  0.000  0.000  0.000  0.000  0.000
01:31:17 869.96   18.5   25.6   1311    1.7    186    8.6    30.3  -1.5   0.79   3.87   34.9     0.00   0.00    0.0  0.000  0.000  0.000  0.000  0.000  0.000
01:31:18 870.00   18.6   25.3   1311    1.6    187    8.6    30.4  -1.6   0.79   3.85   36.0     0.00   0.00    0.0  0.000  0.000  0.000  0.000  0.000  0.000
01:31:19 869.81   18.7   25.7   1313    1.6    184    8.6    30.5  -1.4   0.80   3.92   37.0     0.00   0.00    0.0  0.000  0.000  0.000  0.000  0.000  0.000
01:31:20 869.81   18.5   25.8   1313    1.7    184    8.6    30.4  -1.4   0.80   3.91   38.0     0.00   0.00    0.0  0.000  0.000  0.000  0.000  0.000  0.000
01:31:23 869.82   18.4   25.1   1312    1.6    190    8.6    30.2  -1.9   0.79   3.74   40.9     0.00   0.00    0.0  0.000  0.000  0.000  0.000  0.000  0.000
01:31:25 869.74   18.6   25.7   1313    1.5    197    8.6    30.5  -1.4   0.80   3.92   42.9     0.00   0.00    0.0  0.000  0.000  0.000  0.000  0.000  0.000
01:31:28 869.93   18.9   26.8   1311    1.2    178    8.6    30.8  -0.6   0.81   4.19   45.9     0.00   0.00    0.0  0.000  0.000  0.000  0.000  0.000  0.000
01:31:29 869.80   18.5   25.2   1313    1.2    173    8.6    30.4  -1.7   0.79   3.80   46.9     0.00   0.00    0.0  0.000  0.000  0.000  0.000  0.000  0.000
01:31:30 869.65   18.2   25.1   1314    1.1    173    8.6    30.1  -2.0   0.79   3.72   47.9     0.00   0.00    0.0  0.000  0.000  0.000  0.000  0.000  0.000
01:31:31 870.03   18.2   25.4   1310    1.1    171    8.6    30.0  -1.9   0.79   3.76   48.9     0.00   0.00    0.0  0.000  0.000  0.000  0.000  0.000  0.000
01:31:32 869.75   18.3   25.6   1313    1.1    191    8.6    30.2  -1.7   0.79   3.81   49.9     0.00   0.00    0.0  0.000  0.000  0.000  0.000  0.000  0.027
01:31:37 870.01   18.1   25.7   1311    0.0    283    8.6    29.9  -1.8   0.79   3.78   55.5     0.00   0.00    0.0  0.000  0.090  0.016  0.000  0.000  0.027
01:31:38 869.68   18.4   26.0   1314   38.5    175    8.6    30.3  -1.4   0.80   3.91   56.5     0.00   0.00    0.0  0.000  0.090  0.016  0.000  0.000  0.027
01:31:40 870.02   18.5   25.6   1311    1.3    185    8.6    30.3  -1.6   0.79   3.86   57.5     0.00   0.00    0.0  0.000  0.090  0.016  0.000  0.000  0.027
01:31:40 869.85   18.6   25.6   1312    1.2    183    8.6    30.4  -1.5   0.80   3.89   58.5     0.00   0.00    0.0  0.000  0.090  0.016  0.000  0.000  0.027
01:31:41 870.01   18.4   25.6   1311    1.2    185    8.6    30.2  -1.6   0.79   3.84   59.5     0.00   0.00    0.0  0.000  0.090  0.016  0.000  0.000  0.027
01:31:43 869.96   18.6   25.8   1311    1.2    193    8.6    30.5  -1.3   0.80   3.93   61.5     0.00   0.00    0.0  0.000  0.089  0.016  0.000  0.000  0.027
01:31:45 869.83   18.6   25.8   1312    1.2    195    8.6    30.5  -1.3   0.80   3.93   63.5     0.00   0.00    0.0  0.000  0.089  0.016  0.000  0.000  0.027
01:31:46 869.78   18.6   25.5   1313    1.1    194    8.6    30.5  -1.5   0.80   3.88   64.5     0.00   0.00    0.0  0.000  0.089  0.016  0.000  0.000  0.027
01:31:47 869.94   18.5   25.2   1311    1.2    193    8.6    30.4  -1.7   0.79   3.82   65.5     0.00   0.00    0.0  0.000  0.089  0.016  0.000  0.000  0.027
01:31:49 869.79   18.4   25.8   1313    1.7    196    8.6    30.3  -1.5   0.80   3.89   67.5     0.00   0.00    0.0  0.000  0.089  0.016  0.000  0.000  0.027
01:31:50 869.96   18.4   25.1   1311    1.9    198    8.6    30.2  -1.9   0.79   3.75   68.5     0.00   0.00    0.0  0.000  0.089  0.016  0.000  0.000  0.026
01:31:51 869.79   18.4   25.1   1313    2.0    195    8.6    30.3  -1.9   0.79   3.76   69.5     0.00   0.00    0.0  0.000  0.089  0.016  0.000  0.000  0.026
01:31:52 869.99   18.5   25.2   1311    2.1    192    8.6    30.3  -1.7   0.79   3.80   70.5     0.00   0.00    0.0  0.000  0.089  0.016  0.000  0.000  0.026
01:31:53 869.65   18.5   25.3   1314    2.1    193    8.6    30.3  -1.7   0.79   3.81   71.5     0.00   0.00    0.0  0.000  0.089  0.016  0.000  0.000  0.026
01:31:54 869.84   18.5   25.5   1312    2.1    191    8.6    30.3  -1.6   0.79   3.84   72.5     0.00   0.00    0.0  0.000  0.089  0.016  0.000  0.000  0.026
01:31:56 869.73   18.5   25.8   1313    2.0    187    8.6    30.3  -1.5   0.80   3.90   74.5     0.00   0.00    0.0  0.000  0.088  0.016  0.000  0.000  0.026
01:31:57 869.72   18.5   25.3   1313    2.0    187    8.6    30.3  -1.7   0.79   3.82   75.5     0.00   0.00    0.0  0.000  0.088  0.016  0.000  0.000  0.026
01:31:58 869.89   18.5   25.3   1312    1.9    186    8.6    30.3  -1.7   0.79   3.81   76.5     0.00   0.00    0.0  0.000  0.088  0.016  0.000  0.000  0.026
01:32:00 870.05   18.5   25.3   1310    1.8    183    8.6    30.3  -1.7   0.79   3.81   78.5     0.00   0.00    0.0  0.000  0.088  0.016  0.000  0.000  0.026
01:32:02 869.98   18.4   25.3   1311    1.8    180    8.6    30.3  -1.8   0.79   3.80   80.5     0.00   0.00    0.0  0.000  0.088  0.016  0.000  0.000  0.026
01:32:03 869.70   18.5   25.4   1314    1.7    179    8.6    30.4  -1.6   0.79   3.84   81.5     0.00   0.00    0.0  0.000  0.088  0.016  0.000  0.000  0.026
01:32:04 870.05   18.3   25.3   1310    1.6    182    8.6    30.1  -1.9   0.79   3.75   82.5     0.00   0.00    0.0  0.000  0.088  0.016  0.000  0.000  0.026
01:32:05 869.76   18.2   25.3   1313    1.6    187    8.6    30.0  -2.0   0.79   3.72   83.5     0.00   0.00    0.0  0.000  0.088  0.016  0.000  0.000  0.026
01:32:06 869.85   18.4   25.2   1312    1.6    190    8.6    30.3  -1.8   0.79   3.78   84.5     0.00   0.00    0.0  0.000  0.088  0.016  0.000  0.000  0.026
01:32:07 869.69   18.4   25.2   1314    1.5    190    8.6    30.3  -1.8   0.79   3.78   85.5     0.00   0.00    0.0  0.000  0.088  0.016  0.000  0.000  0.026
01:32:08 869.68   18.4   25.3   1314    1.4    191    8.6    30.3  -1.7   0.79   3.81   86.5     0.00   0.00    0.0  0.000  0.088  0.016  0.000  0.000  0.026
01:32:09 869.77   18.7   25.5   1313    1.4    191    8.6    30.5  -1.5   0.80   3.89   87.5     0.00   0.00    0.0  0.000  0.088  0.016  0.000  0.000  0.026
01:32:10 869.63   18.5   25.5   1314    1.3    190    8.6    30.4  -1.6   0.79   3.84   88.5     0.00   0.00    0.0  0.000  0.088  0.016  0.000  0.000  0.026
01:32:11 869.78   18.3   25.2   1313    1.3    192    8.6    30.1  -2.0   0.79   3.74   89.5     0.00   0.00    0.0  0.000  0.088  0.016  0.000  0.000  0.026
01:32:13 869.98   18.6   25.0   1311    1.1    192    8.6    30.4  -1.8   0.79   3.80   91.5     0.00   0.00    0.0  0.000  0.087  0.016  0.000  0.000  0.026
01:32:14 869.94   18.5   25.1   1311    1.0    186    8.6    30.3  -1.8   0.79   3.78   92.5     0.00   0.00    0.0  0.000  0.088  0.016  0.000  0.000  0.026
01:32:15 869.78   18.6   25.4   1313    1.0    184    8.6    30.5  -1.5   0.80   3.88   93.5     0.00   0.00    0.0  0.000  0.087  0.016  0.000  0.000  0.026
01:32:18 870.02   18.8   26.1   1311    0.8    187    8.5    30.6  -1.0   0.80   4.05   96.5     0.00   0.00    0.0  0.000  0.087  0.016  0.000  0.000  0.026
01:32:19 869.81   18.7   25.6   1313    0.8    188    8.5    30.6  -1.3   0.80   3.94   97.5     0.00   0.00    0.0  0.000  0.087  0.016  0.000  0.000  0.026
01:32:20 869.68   18.5   25.5   1314    0.8    181    8.5    30.4  -1.6   0.79   3.86   98.5     0.00   0.00    0.0  0.000  0.087  0.016  0.000  0.000  0.026
01:32:21 869.99   18.9   26.2   1311    0.8    175    8.5    30.8  -0.8   0.80   4.10   99.5     0.00   0.00    0.0  0.000  0.087  0.016  0.000  0.000  0.026
01:32:22 869.91   18.8   26.7   1312    0.8    178    8.5    30.6  -0.8   0.81   4.13  100.5     0.00   0.00    0.0  0.000  0.087  0.016  0.000  0.000  0.026
01:32:24 869.95   18.9   26.5   1311    0.8    193    8.5    30.7  -0.7   0.81   4.15  102.5     0.00   0.00    0.0  0.000  0.087  0.016  0.000  0.000  0.026
01:32:25 869.81   18.8   25.6   1313    0.8    192    8.5    30.6  -1.3   0.80   3.96  103.5     0.00   0.00    0.0  0.000  0.087  0.016  0.000  0.000  0.026
01:32:26 869.85   18.9   26.0   1312    0.8    190    8.5    30.8  -1.0   0.80   4.05  104.5     0.00   0.00    0.0  0.000  0.087  0.016  0.000  0.000  0.026
01:32:27 869.84   18.6   25.5   1312    0.9    187    8.5    30.5  -1.5   0.80   3.89  105.5     0.00   0.00    0.0  0.000  0.087  0.016  0.000  0.000  0.026
01:32:30 869.93   18.4   25.0   1311    1.5    196    8.5    30.2  -2.0   0.79   3.73  108.5     0.00   0.00    0.0  0.000  0.087  0.016  0.000  0.000  0.025
01:32:31 869.69   18.6   25.0   1314    1.6    192    8.5    30.5  -1.8   0.79   3.79  109.5     0.00   0.00    0.0  0.000  0.087  0.016  0.000  0.000  0.026
01:32:32 869.78   18.6   25.0   1313    1.6    191    8.5    30.4  -1.8   0.79   3.78  110.5     0.00   0.00    0.0  0.000  0.086  0.016  0.000  0.000  0.026
01:32:33 869.79   18.5   25.1   1313    1.7    189    8.5    30.4  -1.8   0.79   3.78  111.5     0.00   0.00    0.0  0.000  0.086  0.016  0.000  0.000  0.025
01:32:34 869.66   18.4   25.1   1314    1.7    191    8.5    30.3  -1.8   0.79   3.77  112.5     0.00   0.00    0.0  0.000  0.086  0.016  0.000  0.000  0.025
01:32:35 869.76   18.4   25.1   1313    1.6    193    8.5    30.3  -1.9   0.79   3.77  113.5     0.00   0.00    0.0  0.000  0.086  0.015  0.000  0.000  0.025
01:32:36 869.78   18.5   25.0   1313    1.5    195    8.5    30.3  -1.9   0.79   3.75  114.5     0.00   0.00    0.0  0.000  0.086  0.015  0.000  0.000  0.025
01:32:44 869.28   18.2   25.9   1318    1.4    192    8.5    30.1  -1.6   0.79   3.85  122.5     0.00   0.00    0.0  0.000  0.086  0.015  0.000  0.000  0.025
01:32:46 869.30   18.6   26.1   1318    1.4    205    8.5    30.5  -1.2   0.80   3.99  124.5     0.00   0.00    0.0  0.000  0.086  0.015  0.000  0.000  0.025
01:32:47 869.32   18.4   25.6   1317    1.5    197    8.5    30.3  -1.6   0.79   3.84  125.5     0.00   0.00    0.0  0.000  0.086  0.015  0.000  0.000  0.025
01:32:49 869.32   18.4   25.5   1317    1.5    191    8.5    30.4  -1.6   0.79   3.84  127.5     0.00   0.00    0.0  0.000  0.086  0.015  0.000  0.000  0.025
01:32:52 868.71   18.4   25.6   1323    1.4    181    8.5    30.3  -1.6   0.79   3.84  130.5     0.00   0.00    0.0  0.000  0.085  0.015  0.000  0.000  0.025
01:32:53 868.79   18.3   25.6   1323    1.4    178    8.5    30.2  -1.8   0.79   3.80  131.5     0.00   0.00    0.0  0.000  0.085  0.015  0.000  0.000  0.025
01:32:54 869.04   18.4   25.4   1320    1.4    177    8.5    30.3  -1.7   0.79   3.81  132.5     0.00   0.00    0.0  0.000  0.085  0.015  0.000  0.000  0.025
01:32:56 869.10   18.3   25.5   1320    1.3    172    8.5    30.2  -1.8   0.79   3.80  134.4     0.00   0.00    0.0  0.000  0.085  0.015  0.000  0.000  0.025
01:32:57 868.88   18.2   25.5   1322    1.2    175    8.5    30.2  -1.8   0.79   3.80  135.4     0.00   0.00    0.0  0.000  0.085  0.015  0.000  0.000  0.025
01:32:58 868.71   18.1   25.6   1323    1.2    181    8.5    30.0  -1.9   0.79   3.75  136.4     0.00   0.00    0.0  0.000  0.085  0.015  0.000  0.000  0.025
01:32:59 868.85   18.0   25.6   1322    1.2    190    8.5    30.0  -1.9   0.79   3.76  137.4     0.00   0.00    0.0  0.000  0.085  0.015  0.000  0.000  0.025
01:33:00 868.65   18.1   25.7   1324    1.2    199    8.5    30.0  -1.9   0.79   3.77  138.4     0.00   0.00    0.0  0.000  0.085  0.015  0.000  0.000  0.025
01:33:01 868.51   18.1   25.7   1325    1.2    203    8.5    30.1  -1.8   0.79   3.78  139.4     0.00   0.00    0.0  0.000  0.085  0.015  0.000  0.000  0.025
01:33:02 868.58   18.2   25.8   1325    1.2    200    8.5    30.2  -1.7   0.79   3.82  140.4     0.00   0.00    0.0  0.000  0.085  0.015  0.000  0.000  0.025
01:33:03 868.52   18.2   25.9   1325    1.2    193    8.5    30.1  -1.7   0.79   3.83  141.4     0.00   0.00    0.0  0.000  0.085  0.015  0.000  0.000  0.025
01:33:05 868.60   18.3   25.9   1324    1.2    182    8.5    30.3  -1.5   0.80   3.88  143.4     0.00   0.00    0.0  0.000  0.085  0.015  0.000  0.000  0.025
01:33:06 868.50   18.3   25.8   1325    1.2    180    8.5    30.3  -1.6   0.79   3.86  144.4     0.00   0.00    0.0  0.000  0.085  0.015  0.000  0.000  0.025
01:33:07 868.32   18.2   25.8   1327    1.4    181    8.5    30.2  -1.7   0.79   3.83  145.4     0.00   0.00    0.0  0.000  0.085  0.015  0.000  0.000  0.025
01:33:08 868.22   18.1   25.8   1328    1.5    181    8.5    30.1  -1.8   0.79   3.80  146.4     0.00   0.00    0.0  0.000  0.085  0.015  0.000  0.000  0.025
01:33:09 868.11   18.1   25.8   1329    1.5    182    8.5    30.1  -1.8   0.79   3.79  147.4     0.00   0.00    0.0  0.000  0.085  0.015  0.000  0.000  0.025
01:33:10 868.18   18.0   25.9   1329    1.6    188    8.5    30.0  -1.8   0.79   3.79  148.4     0.00   0.00    0.0  0.000  0.085  0.015  0.000  0.000  0.025
01:33:11 868.18   18.2   25.8   1329    1.7    189    8.5    30.2  -1.7   0.79   3.81  149.4     0.00   0.00    0.0  0.000  0.084  0.015  0.000  0.000  0.025
01:33:13 868.01   18.3   25.8   1330    1.6    188    8.5    30.3  -1.6   0.79   3.86  151.4     0.00   0.00    0.0  0.000  0.084  0.015  0.000  0.000  0.025
01:33:14 868.19   18.2   25.7   1329    1.6    189    8.5    30.2  -1.8   0.79   3.80  152.4     0.00   0.00    0.0  0.000  0.084  0.015  0.000  0.000  0.025
01:33:15 868.03   18.2   25.7   1330    1.6    190    8.5    30.2  -1.7   0.79   3.82  153.4     0.00   0.00    0.0  0.000  0.084  0.015  0.000  0.000  0.025
01:33:16 868.00   18.2   25.6   1330    1.7    192    8.5    30.2  -1.8   0.79   3.81  154.4     0.00   0.00    0.0  0.000  0.084  0.015  0.000  0.000  0.025
01:33:17 867.88   18.2   25.7   1332    1.7    195    8.5    30.2  -1.8   0.79   3.81  155.4     0.00   0.00    0.0  0.000  0.084  0.015  0.000  0.000  0.025
01:33:18 867.98   18.2   25.6   1331    1.7    196    8.5    30.3  -1.7   0.79   3.81  156.4     0.00   0.00    0.0  0.000  0.084  0.015  0.000  0.000  0.025
01:33:22 867.61   18.2   26.0   1334    1.4    186    8.5    30.2  -1.6   0.79   3.86  160.4     0.00   0.00    0.0  0.000  0.084  0.015  0.000  0.000  0.025
01:33:23 867.55   18.1   26.0   1335    1.5    184    8.5    30.1  -1.7   0.79   3.83  161.4     0.00   0.00    0.0  0.000  0.084  0.015  0.000  0.000  0.025
01:33:24 867.52   18.0   26.0   1335    1.6    185    8.5    30.0  -1.8   0.79   3.80  162.4     0.00   0.00    0.0  0.000  0.084  0.015  0.000  0.000  0.025
01:33:26 867.65   18.1   26.2   1334    1.6    179    8.5    30.2  -1.5   0.80   3.89  164.4     0.00   0.00    0.0  0.000  0.084  0.015  0.000  0.000  0.025
01:33:27 867.64   18.2   26.1   1334    1.7    176    8.5    30.2  -1.5   0.80   3.88  165.4     0.00   0.00    0.0  0.000  0.084  0.015  0.000  0.000  0.024
01:33:28 867.69   18.1   26.2   1333    1.7    177    8.5    30.2  -1.5   0.79   3.88  166.4     0.00   0.00    0.0  0.000  0.084  0.015  0.000  0.000  0.024
01:33:30 867.29   18.2   26.4   1337    1.7    175    8.5    30.3  -1.4   0.80   3.93  168.4     0.00   0.00    0.0  0.000  0.084  0.015  0.000  0.000  0.024
01:33:31 867.17   18.2   26.5   1339    1.7    171    8.5    30.3  -1.4   0.80   3.94  169.4     0.00   0.00    0.0  0.000  0.084  0.015  0.000  0.000  0.024
01:33:32 867.49   18.2   26.4   1335    1.5    171    8.5    30.2  -1.4   0.80   3.93  170.4     0.00   0.00    0.0  0.000  0.084  0.015  0.000  0.000  0.024
01:33:34 867.35   18.1   26.3   1337    1.4    182    8.5    30.2  -1.5   0.80   3.90  172.4     0.00   0.00    0.0  0.000  0.083  0.015  0.000  0.000  0.024
01:33:35 867.13   18.1   26.3   1339    1.3    188    8.5    30.2  -1.5   0.80   3.90  173.4     0.00   0.00    0.0  0.000  0.083  0.015  0.000  0.000  0.024
01:33:36 867.15   18.0   26.2   1339    1.2    192    8.5    30.1  -1.6   0.79   3.85  174.4     0.00   0.00    0.0  0.000  0.083  0.015  0.000  0.000  0.024
01:33:37 867.05   18.1   26.3   1340    1.2    192    8.5    30.2  -1.5   0.80   3.89  175.4     0.00   0.00    0.0  0.000  0.083  0.015  0.000  0.000  0.024
01:33:38 867.04   18.2   26.3   1340    1.2    191    8.5    30.4  -1.4   0.80   3.93  176.4     0.00   0.00    0.0  0.000  0.083  0.015  0.000  0.000  0.024
01:33:39 867.09   18.3   26.3   1339    1.2    189    8.5    30.4  -1.3   0.80   3.95  177.4     0.00   0.00    0.0  0.000  0.083  0.015  0.000  0.000  0.024
01:33:42 866.94   18.3   26.3   1341    1.4    176    8.5    30.5  -1.3   0.80   3.95  180.4     0.00   0.00    0.0  0.000  0.083  0.015  0.000  0.000  0.024
01:33:43 866.79   18.2   26.4   1342    1.4    171    8.5    30.3  -1.4   0.80   3.92  181.4     0.00   0.00    0.0  0.000  0.083  0.015  0.000  0.000  0.024
01:33:44 866.74   18.3   26.6   1343    1.5    164    8.5    30.4  -1.2   0.80   3.99  182.4     0.00   0.00    0.0  0.000  0.083  0.015  0.000  0.000  0.024
01:33:45 866.89   18.2   26.3   1341    1.6    170    8.5    30.3  -1.4   0.80   3.92  183.4     0.00   0.00    0.0  0.000  0.083  0.015  0.000  0.000  0.024
01:33:46 866.72   18.2   26.3   1343    1.7    170    8.5    30.4  -1.4   0.80   3.93  184.4     0.00   0.00    0.0  0.000  0.083  0.015  0.000  0.000  0.024
01:33:47 866.82   18.3   26.2   1342    1.6    169    8.5    30.4  -1.4   0.80   3.93  185.4     0.00   0.00    0.0  0.000  0.083  0.015  0.000  0.000  0.024
01:33:48 866.68   18.1   26.1   1343    1.5    171    8.5    30.3  -1.6   0.79   3.88  186.4     0.00   0.00    0.0  0.000  0.083  0.015  0.000  0.000  0.024
01:33:49 866.63   18.0   26.2   1344    1.5    171    8.5    30.2  -1.6   0.79   3.86  187.4     0.00   0.00    0.0  0.000  0.083  0.015  0.000  0.000  0.024
01:33:50 866.52   18.2   26.1   1345    1.6    174    8.5    30.4  -1.5   0.80   3.89  188.4     0.00   0.00    0.0  0.000  0.083  0.015  0.000  0.000  0.024
01:33:51 866.75   18.2   26.2   1343    1.5    169    8.5    30.4  -1.5   0.80   3.91  189.4     0.00   0.00    0.0  0.000  0.083  0.015  0.000  0.000  0.024
01:33:52 866.57   18.2   26.1   1345    1.4    160    8.5    30.4  -1.5   0.80   3.89  190.4     0.00   0.00    0.0  0.000  0.083  0.015  0.000  0.000  0.024
01:33:54 866.30   18.2   26.3   1347    1.4    152    8.5    30.4  -1.4   0.80   3.92  192.4     0.00   0.00    0.0  0.000  0.083  0.015  0.000  0.000  0.024
01:33:55 866.35   18.1   26.4   1347    1.4    149    8.5    30.2  -1.5   0.80   3.90  193.4     0.00   0.00    0.0  0.000  0.083  0.015  0.000  0.000  0.024
01:33:57 866.12   18.0   26.6   1349    1.3    164    8.5    30.2  -1.4   0.80   3.92  195.4     0.00   0.00    0.0  0.000  0.083  0.015  0.000  0.000  0.024
01:33:58 866.35   18.1   26.4   1347    1.3    166    8.5    30.3  -1.5   0.80   3.91  196.4     0.00   0.00    0.0  0.000  0.083  0.015  0.000  0.000  0.024
01:33:59 866.27   17.9   26.4   1347    1.4    168    8.5    30.1  -1.6   0.79   3.86  197.4     0.00   0.00    0.0  0.000  0.082  0.015  0.000  0.000  0.024
01:34:00 866.05   17.8   26.3   1350    1.4    172    8.5    30.0  -1.7   0.79   3.82  198.4     0.00   0.00    0.0  0.000  0.082  0.015  0.000  0.000  0.024
01:34:01 865.84   17.8   26.4   1352    1.4    177    8.5    30.0  -1.7   0.79   3.82  199.4     0.00   0.00    0.0  0.000  0.082  0.015  0.000  0.000  0.024
01:34:02 866.06   18.0   26.3   1349    1.3    178    8.5    30.2  -1.6   0.79   3.87  200.4     0.00   0.00    0.0  0.000  0.082  0.015  0.000  0.000  0.024
01:34:03 865.88   17.9   26.3   1351    1.4    180    8.5    30.1  -1.7   0.79   3.84  201.4     0.00   0.00    0.0  0.000  0.082  0.015  0.000  0.000  0.024
01:34:04 866.41   18.2   26.4   1346    1.3    181    8.5    30.4  -1.4   0.80   3.94  202.4     0.00   0.00    0.0  0.000  0.082  0.015  0.000  0.000  0.024
01:34:05 865.85   18.0   26.6   1352    1.4    184    8.5    30.2  -1.5   0.80   3.92  203.4     0.00   0.00    0.0  0.000  0.082  0.015  0.000  0.000  0.024
01:34:07 865.93   18.0   26.3   1351    1.3    192    8.5    30.3  -1.6   0.79   3.88  205.4     0.00   0.00    0.0  0.000  0.082  0.014  0.000  0.000  0.024
01:34:08 865.94   18.0   26.2   1351    1.2    192    8.5    30.3  -1.6   0.79   3.87  206.4     0.00   0.00    0.0  0.000  0.082  0.015  0.000  0.000  0.024
01:34:11 865.70   18.0   26.2   1353    1.2    191    8.5    30.3  -1.6   0.79   3.86  209.4     0.00   0.00    0.0  0.000  0.082  0.014  0.000  0.000  0.024
01:34:16 865.51   18.0   26.2   1355    1.2    187    8.5    30.3  -1.6   0.79   3.86  214.4     0.00   0.00    0.0  0.000  0.082  0.014  0.000  0.000  0.024
01:34:17 865.32   18.0   26.1   1357    1.2    186    8.5    30.3  -1.6   0.79   3.85  215.4     0.00   0.00    0.0  0.000  0.082  0.014  0.000  0.000  0.024
01:34:22 865.00   17.6   26.2   1360    1.0    180    8.5    30.0  -2.0   0.79   3.75  220.4     0.00   0.00    0.0  0.000  0.081  0.014  0.000  0.000  0.024
01:34:23 865.15   17.6   26.2   1358    0.9    176    8.5    29.9  -2.0   0.79   3.76  221.4     0.00   0.00    0.0  0.000  0.081  0.014  0.000  0.000  0.023
01:34:24 864.92   17.7   26.3   1361    0.9    171    8.5    30.0  -1.9   0.79   3.77  222.4     0.00   0.00    0.0  0.000  0.081  0.014  0.000  0.000  0.024
01:34:25 864.78   17.8   26.3   1362    0.9    167    8.5    30.2  -1.7   0.79   3.84  223.4     0.00   0.00    0.0  0.000  0.081  0.014  0.000  0.000  0.024
01:34:26 864.90   17.9   26.4   1361    0.8    164    8.5    30.3  -1.6   0.79   3.87  224.4     0.00   0.00    0.0  0.000  0.081  0.014  0.000  0.000  0.024
01:34:27 864.94   17.7   26.4   1361    0.8    164    8.5    30.0  -1.8   0.79   3.80  225.4     0.00   0.00    0.0  0.000  0.081  0.014  0.000  0.000  0.024
01:34:28 864.78   17.6   26.6   1362    0.8    168    8.5    29.9  -1.8   0.79   3.81  226.4     0.00   0.00    0.0  0.000  0.081  0.014  0.000  0.000  0.023
01:34:29 864.76   17.7   26.7   1362    0.8    174    8.5    30.0  -1.7   0.79   3.84  227.4     0.00   0.00    0.0  0.000  0.081  0.014  0.000  0.000  0.024
01:34:30 864.85   17.6   26.7   1361    0.8    184    8.5    30.0  -1.7   0.79   3.85  228.4     0.00   0.00    0.0  0.000  0.081  0.014  0.000  0.000  0.024
01:34:31 864.66   17.8   26.7   1363    0.9    192    8.5    30.1  -1.6   0.79   3.87  229.4     0.00   0.00    0.0  0.000  0.081  0.014  0.000  0.000  0.023
01:34:32 864.78   17.8   26.8   1362    0.9    193    8.5    30.1  -1.5   0.80   3.90  230.4     0.00   0.00    0.0  0.000  0.081  0.014  0.000  0.000  0.023
01:34:34 864.66   17.6   26.7   1363    1.2    197    8.5    30.0  -1.7   0.79   3.84  232.4     0.00   0.00    0.0  0.000  0.081  0.014  0.000  0.000  0.023
01:34:36 864.45   17.8   26.6   1365    1.4    206    8.5    30.1  -1.6   0.79   3.86  234.3     0.00   0.00    0.0  0.000  0.081  0.014  0.000  0.000  0.023
01:34:38 864.10   17.9   26.6   1369    1.5    213    8.5    30.3  -1.6   0.80   3.88  236.3     0.00   0.00    0.0  0.000  0.081  0.014  0.000  0.000  0.023
01:34:39 864.34   17.8   26.6   1366    1.5    211    8.5    30.2  -1.6   0.79   3.87  237.3     0.00   0.00    0.0  0.000  0.081  0.014  0.000  0.000  0.023
01:34:40 864.30   17.8   26.7   1367    1.5    209    8.5    30.1  -1.6   0.79   3.87  238.3     0.00   0.00    0.0  0.000  0.081  0.014  0.000  0.000  0.023
01:34:41 864.35   17.8   26.7   1366    1.6    210    8.5    30.2  -1.5   0.80   3.89  239.3     0.00   0.00    0.0  0.000  0.081  0.014  0.000  0.000  0.023
01:34:42 864.20   17.8   26.7   1368    1.7    208    8.5    30.1  -1.6   0.80   3.88  240.3     0.00   0.00    0.0  0.000  0.081  0.014  0.000  0.000  0.023
01:34:45 864.03   17.7   26.8   1370    1.5    201    8.5    30.1  -1.6   0.80   3.88  243.3     0.00   0.00    0.0  0.000  0.081  0.014  0.000  0.000  0.023
01:34:46 864.00   17.8   26.8   1370    1.4    198    8.5    30.3  -1.5   0.80   3.91  244.3     0.00   0.00    0.0  0.000  0.081  0.014  0.000  0.000  0.023
01:34:47 864.00   17.9   26.8   1370    1.4    195    8.5    30.3  -1.5   0.80   3.92  245.3     0.00   0.00    0.0  0.000  0.081  0.014  0.000  0.000  0.023
01:34:48 863.94   17.8   26.7   1370    1.4    195    8.5    30.2  -1.6   0.80   3.88  246.3     0.00   0.00    0.0  0.000  0.080  0.014  0.000  0.000  0.023
01:34:55 863.66   17.6   27.0   1373    1.8    181    8.5    30.0  -1.6   0.80   3.88  253.3     0.00   0.00    0.0  0.000  0.080  0.014  0.000  0.000  0.023
01:34:56 863.32   17.7   27.0   1377    1.8    183    8.5    30.2  -1.5   0.80   3.92  254.3     0.00   0.00    0.0  0.000  0.080  0.014  0.000  0.000  0.023
01:34:57 863.41   17.7   27.0   1376    1.7    182    8.5    30.2  -1.5   0.80   3.92  255.3     0.00   0.00    0.0  0.000  0.080  0.014  0.000  0.000  0.023
01:34:58 863.38   17.6   27.0   1376    1.5    176    8.5    30.1  -1.6   0.80   3.89  256.3     0.00   0.00    0.0  0.000  0.080  0.014  0.000  0.000  0.023
01:34:59 863.29   17.7   27.0   1377    1.4    168    8.5    30.2  -1.5   0.80   3.92  257.3     0.00   0.00    0.0  0.000  0.080  0.014  0.000  0.000  0.023
01:35:00 863.24   17.8   26.9   1377    1.4    171    8.5    30.2  -1.5   0.80   3.91  258.3     0.00   0.00    0.0  0.000  0.080  0.014  0.000  0.000  0.023
01:35:01 863.25   17.5   27.0   1377    1.4    179    8.5    30.0  -1.6   0.79   3.88  259.3     0.00   0.00    0.0  0.000  0.080  0.014  0.000  0.000  0.023
01:35:02 863.27   17.7   27.0   1377    1.5    183    8.5    30.2  -1.5   0.80   3.92  260.3     0.00   0.00    0.0  0.000  0.080  0.014  0.000  0.000  0.023
01:35:06 862.73   17.6   26.8   1382    1.3    190    8.4    30.1  -1.7   0.79   3.84  264.3     0.00   0.00    0.0  0.000  0.080  0.014  0.000  0.000  0.023
01:35:07 862.95   17.8   26.7   1380    1.2    191    8.4    30.4  -1.5   0.80   3.91  265.3     0.00   0.00    0.0  0.000  0.080  0.014  0.000  0.000  0.023
01:35:10 862.89   17.6   26.5   1381    1.1    215    8.4    30.1  -1.8   0.79   3.81  268.3     0.00   0.00    0.0  0.000  0.080  0.014  0.000  0.000  0.023
01:35:11 862.85   17.7   26.5   1381    1.0    225    8.4    30.2  -1.8   0.79   3.82  269.3     0.00   0.00    0.0  0.000  0.080  0.014  0.000  0.000  0.023
01:35:12 862.80   17.8   26.4   1382    0.9    229    8.4    30.4  -1.7   0.79   3.85  270.3     0.00   0.00    0.0  0.000  0.079  0.014  0.000  0.000  0.023
01:35:13 862.73   17.8   26.3   1382    0.9    232    8.4    30.4  -1.8   0.79   3.83  271.3     0.00   0.00    0.0  0.000  0.079  0.014  0.000  0.000  0.023
01:35:16 862.50   17.7   26.2   1385    0.7    224    8.4    30.2  -1.9   0.79   3.77  274.3     0.00   0.00    0.0  0.000  0.079  0.014  0.000  0.000  0.023
01:35:17 862.43   17.4   26.3   1385    0.7    219    8.4    30.0  -2.1   0.79   3.73  275.3     0.00   0.00    0.0  0.000  0.079  0.014  0.000  0.000  0.023
01:35:18 862.18   17.5   26.4   1388    0.6    213    8.4    30.0  -2.0   0.79   3.74  276.3     0.00   0.00    0.0  0.000  0.079  0.014  0.000  0.000  0.023
01:35:19 862.30   17.5   26.4   1387    0.6    204    8.4    30.0  -2.0   0.79   3.75  277.3     0.00   0.00    0.0  0.000  0.079  0.014  0.000  0.000  0.023
01:35:20 862.40   17.5   26.3   1386    0.6    197    8.4    30.1  -2.0   0.79   3.76  278.3     0.00   0.00    0.0  0.000  0.079  0.014  0.000  0.000  0.023
01:35:21 862.32   17.5   26.4   1386    0.6    192    8.4    30.0  -2.0   0.79   3.76  279.3     0.00   0.00    0.0  0.000  0.079  0.014  0.000  0.000  0.023
01:35:22 862.28   17.5   26.5   1387    0.5    189    8.4    30.0  -2.0   0.79   3.77  280.3     0.00   0.00    0.0  0.001  0.079  0.014  0.000  0.000  0.023
01:35:26 861.80   17.7   26.2   1392    0.5    183    8.4    30.3  -1.9   0.79   3.80  284.3     0.00   0.00    0.0  0.000  0.079  0.014  0.000  0.000  0.023
01:35:27 861.97   17.6   26.4   1390    0.5    190    8.4    30.2  -1.8   0.79   3.81  285.3     0.00   0.00    0.0  0.000  0.079  0.014  0.000  0.000  0.023
01:35:28 862.05   17.6   26.3   1389    0.5    198    8.4    30.2  -2.0   0.79   3.76  286.3     0.00   0.00    0.0  0.000  0.079  0.014  0.000  0.000  0.022
01:35:29 861.95   17.9   26.1   1390    0.5    203    8.4    30.5  -1.8   0.79   3.81  287.3     0.00   0.00    0.0  0.000  0.079  0.014  0.000  0.000  0.022
01:35:30 861.83   17.6   26.0   1391    0.4    207    8.4    30.3  -2.1   0.79   3.74  288.3     0.00   0.00    0.0  0.000  0.079  0.014  0.000  0.000  0.022
01:35:31 861.71   17.5   26.0   1392    0.5    207    8.4    30.1  -2.2   0.79   3.70  289.3     0.00   0.00    0.0  0.001  0.079  0.014  0.000  0.000  0.022
01:35:33 861.66   17.5   26.0   1393    0.4    203    8.4    30.1  -2.2   0.79   3.69  291.3     0.00   0.00    0.0  0.001  0.079  0.014  0.000  0.000  0.022
01:35:34 861.72   17.4   26.1   1392    0.4    198    8.4    30.0  -2.2   0.79   3.69  292.3     0.00   0.00    0.0  0.001  0.079  0.014  0.000  0.000  0.023
01:35:38 861.30   17.5   26.4   1397    0.4    164    8.4    30.1  -2.0   0.79   3.75  296.3     0.00   0.00    0.0  0.001  0.079  0.014  0.000  0.000  0.022
01:35:41 861.11   17.7   26.2   1398    0.4    158    8.4    30.4  -1.9   0.79   3.78  299.3     0.00   0.00    0.0  0.001  0.078  0.014  0.000  0.000  0.023
01:35:42 861.28   17.7   26.1   1397    0.5    167    8.4    30.4  -1.9   0.79   3.79  300.3     0.00   0.00    0.0  0.001  0.078  0.014  0.000  0.000  0.022
01:35:44 861.11   17.7   26.0   1398    0.5    172    8.4    30.4  -2.0   0.79   3.76  302.3     0.00   0.00    0.0  0.000  0.078  0.014  0.000  0.000  0.022
01:35:45 861.10   17.6   25.9   1399    0.5    175    8.4    30.3  -2.1   0.79   3.72  303.3     0.00   0.00    0.0  0.001  0.078  0.014  0.000  0.000  0.022
01:35:47 860.96   17.5   25.8   1400    0.4    187    8.4    30.2  -2.2   0.79   3.68  305.3     0.00   0.00    0.0  0.001  0.078  0.014  0.000  0.000  0.022
01:35:48 860.79   17.4   25.9   1402    0.4    191    8.4    30.1  -2.3   0.79   3.65  306.3     0.00   0.00    0.0  0.001  0.078  0.014  0.000  0.000  0.022
01:35:49 860.89   17.3   25.9   1401    0.4    196    8.4    30.0  -2.4   0.78   3.64  307.3     0.00   0.00    0.0  0.001  0.078  0.014  0.000  0.000  0.022
01:35:51 860.69   17.3   25.9   1403    0.4    204    8.4    30.0  -2.4   0.78   3.64  309.3     0.00   0.00    0.0  0.001  0.078  0.014  0.000  0.000  0.022
01:35:52 860.57   17.3   25.9   1404    0.3    207    8.4    30.1  -2.4   0.78   3.65  310.3     0.00   0.00    0.0  0.001  0.078  0.013  0.000  0.000  0.022
01:35:53 860.69   17.4   25.9   1403    0.4    209    8.4    30.1  -2.3   0.79   3.66  311.3     0.00   0.00    0.0  0.001  0.078  0.014  0.000  0.000  0.022
01:35:54 860.62   17.4   25.8   1403    0.3    211    8.4    30.1  -2.3   0.79   3.66  312.3     0.00   0.00    0.0  0.001  0.078  0.013  0.000  0.000  0.022
01:35:58 860.45   18.1   25.7   1405    0.2    209    8.4    30.8  -1.9   0.79   3.81  316.3     0.00   0.00    0.0  0.001  0.078  0.014  0.000  0.000  0.022
01:35:59 860.50   17.6   25.7   1404    0.2    207    8.4    30.3  -2.3   0.79   3.68  317.3     0.00   0.00    0.0  0.001  0.078  0.013  0.000  0.000  0.022
01:36:02 860.21   17.3   25.7   1407    0.2    193    8.4    30.0  -2.5   0.78   3.61  320.3     0.00   0.00    0.0  0.001  0.078  0.013  0.000  0.000  0.022
01:36:05 859.77   17.3   26.0   1412    0.2    170    8.4    30.1  -2.4   0.79   3.65  323.3     0.00   0.00    0.0  0.001  0.077  0.013  0.000  0.000  0.022
01:36:06 859.82   17.2   26.1   1411    0.2    162    8.4    30.0  -2.3   0.79   3.66  324.3     0.00   0.00    0.0  0.001  0.077  0.013  0.000  0.000  0.022
01:36:07 860.07   17.3   26.2   1409    0.2    155    8.4    30.0  -2.3   0.79   3.68  325.3     0.00   0.00    0.0  0.001  0.077  0.013  0.000  0.000  0.022
01:36:08 859.81   17.2   26.3   1411    0.2    150    8.4    30.0  -2.3   0.79   3.68  326.3     0.00   0.00    0.0  0.001  0.077  0.013  0.000  0.000  0.022
01:36:09 859.94   17.3   26.3   1410    0.2    149    8.4    30.1  -2.2   0.79   3.71  327.3     0.00   0.00    0.0  0.001  0.077  0.013  0.000  0.000  0.022
01:36:10 859.81   17.3   26.3   1411    0.2    149    8.4    30.1  -2.2   0.79   3.70  328.3     0.00   0.00    0.0  0.001  0.077  0.013  0.000  0.000  0.022
01:36:11 859.82   17.2   26.4   1411    0.3    149    8.4    30.0  -2.2   0.79   3.71  329.3     0.00   0.00    0.0  0.001  0.077  0.013  0.000  0.000  0.022
01:36:13 859.74   17.2   26.6   1412    0.3    158    8.4    30.1  -2.1   0.79   3.74  331.3     0.00   0.00    0.0  0.001  0.077  0.013  0.000  0.000  0.022
01:36:14 859.71   17.4   26.7   1412    0.3    163    8.4    30.2  -1.9   0.79   3.79  332.3     0.00   0.00    0.0  0.001  0.077  0.013  0.000  0.000  0.022
01:36:17 859.41   17.3   26.5   1415    0.3    169    8.4    30.2  -2.1   0.79   3.74  335.2     0.00   0.00    0.0  0.001  0.077  0.013  0.000  0.000  0.022
01:36:18 859.42   17.2   26.6   1415    0.3    169    8.4    30.1  -2.1   0.79   3.73  336.2     0.00   0.00    0.0  0.001  0.077  0.013  0.000  0.000  0.022
01:36:20 859.39   17.7   26.5   1416    0.3    170    8.4    30.5  -1.8   0.79   3.84  338.2     0.00   0.00    0.0  0.001  0.077  0.013  0.000  0.000  0.022
01:36:23 859.35   17.2   26.6   1416    0.3    175    8.4    30.1  -2.1   0.79   3.74  341.2     0.00   0.00    0.0  0.001  0.077  0.013  0.000  0.000  0.022
01:36:24 859.14   17.4   26.6   1418    0.3    177    8.4    30.3  -2.0   0.79   3.78  342.2     0.00   0.00    0.0  0.001  0.077  0.013  0.000  0.000  0.022
01:36:25 859.18   17.5   26.5   1418    0.3    179    8.4    30.4  -1.9   0.79   3.80  343.2     0.00   0.00    0.0  0.001  0.077  0.013  0.000  0.000  0.022
01:36:26 858.92   17.4   26.5   1420    0.3    180    8.4    30.3  -2.0   0.79   3.77  344.2     0.00   0.00    0.0  0.001  0.077  0.013  0.000  0.000  0.022
01:36:27 858.90   17.4   26.5   1420    0.3    182    8.4    30.3  -2.0   0.79   3.76  345.2     0.00   0.00    0.0  0.001  0.077  0.013  0.000  0.000  0.022
01:36:28 858.73   17.2   26.5   1422    0.3    185    8.4    30.1  -2.2   0.79   3.71  346.2     0.00   0.00    0.0  0.001  0.077  0.013  0.000  0.000  0.022
01:36:29 858.84   17.3   26.5   1421    0.3    189    8.4    30.2  -2.1   0.79   3.74  347.2     0.00   0.00    0.0  0.001  0.076  0.013  0.000  0.000  0.022
01:36:30 858.77   17.3   26.4   1422    0.3    192    8.4    30.2  -2.1   0.79   3.72  348.2     0.00   0.00    0.0  0.001  0.077  0.013  0.000  0.000  0.022
01:36:31 858.76   17.5   26.4   1422    0.3    195    8.4    30.4  -2.0   0.79   3.78  349.2     0.00   0.00    0.0  0.001  0.076  0.013  0.000  0.000  0.021
01:36:32 858.76   17.4   26.3   1422    0.2    199    8.4    30.3  -2.2   0.79   3.72  350.2     0.00   0.00    0.0  0.001  0.076  0.013  0.000  0.000  0.022
01:36:33 858.77   17.2   26.3   1422    0.3    202    8.4    30.1  -2.3   0.79   3.68  351.2     0.00   0.00    0.0  0.001  0.076  0.013  0.000  0.000  0.022
01:36:40 858.36   17.1   26.3   1426    0.1    245    8.4    30.1  -2.3   0.79   3.67  358.2     0.00   0.00    0.0  0.001  0.076  0.013  0.000  0.000  0.021
01:36:41 858.47   17.1   26.3   1425    0.2    251    8.4    30.1  -2.3   0.79   3.67  359.2     0.00   0.00    0.0  0.001  0.076  0.013  0.000  0.000  0.021
01:36:44 858.13   17.3   26.6   1428    0.2    263    8.4    30.3  -2.0   0.79   3.76  362.2     0.00   0.00    0.0  0.001  0.076  0.013  0.000  0.000  0.021
01:36:45 858.21   17.2   26.7   1427    0.2    263    8.4    30.1  -2.1   0.79   3.74  363.2     0.00   0.00    0.0  0.001  0.076  0.013  0.000  0.000  0.021
01:36:46 858.00   17.1   26.8   1429    0.2    261    8.4    30.0  -2.2   0.79   3.73  364.2     0.00   0.00    0.0  0.001  0.076  0.013  0.000  0.000  0.021
01:36:47 858.25   17.0   26.9   1427    0.1    260    8.4    30.0  -2.1   0.79   3.74  365.2     0.00   0.00    0.0  0.001  0.076  0.013  0.000  0.000  0.021
01:36:48 858.09   17.1   27.1   1428    0.2    260    8.4    30.0  -2.0   0.79   3.77  366.2     0.00   0.00    0.0  0.001  0.076  0.013  0.000  0.000  0.021
01:36:49 857.97   17.1   27.2   1430    0.2    259    8.4    30.0  -2.0   0.79   3.79  367.2     0.00   0.00    0.0  0.001  0.076  0.013  0.000  0.000  0.021
01:36:50 858.07   17.0   27.3   1429    0.3    257    8.4    30.0  -1.9   0.79   3.80  368.2     0.00   0.00    0.0  0.001  0.076  0.013  0.001  0.000  0.021
01:36:54 857.64   17.2   27.3   1433    0.3    256    8.4    30.3  -1.8   0.79   3.85  372.2     0.00   0.00    0.0  0.001  0.076  0.013  0.000  0.000  0.021
01:36:55 857.80   17.0   27.4   1431    0.3    262    8.4    30.0  -1.9   0.79   3.82  373.2     0.00   0.00    0.0  0.001  0.076  0.013  0.000  0.000  0.021
01:36:56 857.95   17.0   27.5   1430    0.3    271    8.4    30.0  -1.8   0.79   3.83  374.2     0.00   0.00    0.0  0.001  0.076  0.013  0.000  0.000  0.021
01:37:01 857.68   17.0   28.0   1432    0.4    340    8.4    30.0  -1.6   0.80   3.90  379.2     0.00   0.00    0.0  0.001  0.075  0.013  0.000  0.000  0.021
01:37:02 857.60   17.0   28.0   1433    0.4    355    8.4    30.0  -1.6   0.80   3.91  380.2     0.00   0.00    0.0  0.001  0.075  0.013  0.001  0.000  0.021
01:37:04 857.55   17.0   28.0   1434    0.5     21    8.4    30.0  -1.6   0.80   3.90  382.2     0.00   0.00    0.0  0.001  0.075  0.013  0.000  0.000  0.021
01:37:06 857.20   17.1   27.9   1437    0.6     33    8.4    30.2  -1.6   0.80   3.92  384.2     0.00   0.00    0.0  0.001  0.075  0.013  0.000  0.000  0.021
01:37:07 857.24   17.3   27.8   1437    0.5     32    8.4    30.4  -1.5   0.80   3.95  385.2     0.00   0.00    0.0  0.001  0.075  0.013  0.000  0.000  0.021
01:37:08 857.35   17.1   27.7   1436    0.5     23    8.4    30.1  -1.7   0.79   3.88  386.2     0.00   0.00    0.0  0.001  0.075  0.013  0.001  0.000  0.021
01:37:09 857.15   17.0   27.7   1438    0.5     20    8.4    30.0  -1.8   0.79   3.84  387.2     0.00   0.00    0.0  0.001  0.075  0.013  0.000  0.000  0.021
01:37:10 857.22   17.2   27.7   1437    0.6     33    8.4    30.3  -1.6   0.80   3.91  388.2     0.00   0.00    0.0  0.001  0.075  0.013  0.001  0.000  0.021
01:37:11 857.09   17.1   27.6   1438    0.7     85    8.4    30.1  -1.7   0.79   3.86  389.2     0.00   0.00    0.0  0.001  0.075  0.013  0.001  0.000  0.021
01:37:13 857.05   17.2   27.8   1439    1.0    303    8.4    30.3  -1.5   0.80   3.93  391.2     0.00   0.00    0.0  0.001  0.075  0.013  0.001  0.000  0.021
01:37:14 856.91   17.2   27.7   1440    1.2    327    8.4    30.3  -1.6   0.80   3.92  392.2     0.00   0.00    0.0  0.001  0.075  0.013  0.001  0.000  0.021
01:37:15 856.95   17.0   27.7   1440    1.2     37    8.4    30.1  -1.7   0.79   3.87  393.2     0.00   0.00    0.0  0.001  0.075  0.013  0.001  0.000  0.021
01:37:16 856.96   17.2   27.7   1440    1.2     62    8.4    30.3  -1.6   0.80   3.91  394.2     0.00   0.00    0.0  0.001  0.075  0.013  0.001  0.000  0.021
01:37:18 856.90   17.2   27.7   1440    1.2    354    8.4    30.3  -1.6   0.80   3.92  396.2     0.00   0.00    0.0  0.001  0.075  0.013  0.001  0.000  0.021
01:37:22 856.90   17.3   27.4   1440    1.2     75    8.4    30.4  -1.6   0.80   3.89  400.2     0.00   0.00    0.0  0.001  0.074  0.013  0.001  0.000  0.021
01:37:23 856.62   17.0   27.4   1443    1.1     79    8.4    30.2  -1.9   0.79   3.83  401.2     0.00   0.00    0.0  0.001  0.074  0.013  0.001  0.000  0.021
01:37:24 856.62   17.3   27.4   1443    1.1     88    8.4    30.4  -1.7   0.80   3.88  402.2     0.00   0.00    0.0  0.001  0.074  0.013  0.001  0.000  0.021
01:37:25 856.63   16.9   27.4   1443    1.1     85    8.4    30.0  -2.0   0.79   3.79  403.2     0.00   0.00    0.0  0.001  0.074  0.013  0.000  0.000  0.021
01:37:26 856.57   16.9   27.4   1444    1.2    101    8.4    30.0  -2.0   0.79   3.79  404.2     0.00   0.00    0.0  0.001  0.074  0.013  0.001  0.000  0.021
01:37:27 856.67   17.0   27.4   1442    1.2    109    8.4    30.1  -1.9   0.79   3.80  405.2     0.00   0.00    0.0  0.001  0.074  0.013  0.001  0.000  0.021
01:37:30 856.38   16.9   27.6   1445    1.1    126    8.4    30.0  -1.9   0.79   3.81  408.2     0.00   0.00    0.0  0.001  0.074  0.013  0.001  0.000  0.021
01:37:31 856.23   17.0   27.6   1447    1.0    115    8.4    30.1  -1.8   0.79   3.84  409.2     0.00   0.00    0.0  0.001  0.074  0.013  0.001  0.000  0.021
01:37:32 856.11   17.1   27.6   1448    0.9    116    8.4    30.3  -1.7   0.79   3.87  410.2     0.00   0.00    0.0  0.001  0.074  0.013  0.001  0.000  0.021
01:37:33 856.05   17.1   27.6   1449    1.0    126    8.4    30.3  -1.7   0.79   3.88  411.2     0.00   0.00    0.0  0.001  0.074  0.013  0.001  0.000  0.021
01:37:34 856.28   16.9   27.6   1446    0.9    132    8.4    30.1  -1.9   0.79   3.83  412.2     0.00   0.00    0.0  0.001  0.074  0.013  0.001  0.000  0.021
01:37:38 856.14   17.0   28.1   1448    0.9    153    8.4    30.1  -1.6   0.80   3.92  416.2     0.00   0.00    0.0  0.001  0.074  0.013  0.001  0.000  0.021
01:37:39 856.02   16.9   28.3   1449    0.8    160    8.4    30.0  -1.6   0.80   3.93  417.2     0.00   0.00    0.0  0.001  0.074  0.013  0.001  0.000  0.021
01:37:40 856.13   16.9   28.5   1448    0.9    164    8.4    30.0  -1.5   0.80   3.94  418.2     0.00   0.00    0.0  0.001  0.074  0.013  0.001  0.000  0.021
01:37:42 855.81   17.1   28.4   1451    0.9    168    8.4    30.3  -1.3   0.80   4.00  420.2     0.00   0.00    0.0  0.001  0.074  0.013  0.001  0.000  0.020
01:37:43 856.05   17.0   28.4   1449    1.0    169    8.4    30.1  -1.5   0.80   3.96  421.2     0.00   0.00    0.0  0.001  0.074  0.013  0.001  0.000  0.020
01:37:45 855.87   16.9   28.4   1450    1.0    177    8.4    30.0  -1.6   0.80   3.93  423.2     0.00   0.00    0.0  0.001  0.074  0.012  0.001  0.000  0.021
01:37:46 855.72   16.9   28.3   1452    0.9    183    8.4    30.1  -1.5   0.80   3.93  424.2     0.00   0.00    0.0  0.001  0.073  0.012  0.001  0.000  0.020
01:37:50 855.68   16.9   28.1   1452    0.8    224    8.4    30.1  -1.7   0.80   3.89  428.2     0.00   0.00    0.0  0.001  0.073  0.013  0.001  0.000  0.020
01:37:51 855.55   16.8   28.1   1454    0.8    238    8.4    30.0  -1.7   0.79   3.87  429.2     0.00   0.00    0.0  0.001  0.073  0.012  0.001  0.000  0.020
01:37:52 855.43   16.8   28.2   1455    0.8    259    8.4    30.0  -1.7   0.80   3.89  430.2     0.00   0.00    0.0  0.001  0.073  0.012  0.001  0.000  0.020
01:37:53 855.65   16.8   28.4   1453    0.8    278    8.4    30.0  -1.6   0.80   3.91  431.2     0.00   0.00    0.0  0.001  0.073  0.012  0.001  0.000  0.020
01:37:54 855.37   17.0   28.5   1455    0.8    287    8.4    30.2  -1.4   0.80   4.00  432.2     0.00   0.00    0.0  0.001  0.073  0.012  0.001  0.000  0.020
01:37:55 855.33   17.0   28.5   1456    0.8    293    8.4    30.3  -1.4   0.80   4.00  433.2     0.00   0.00    0.0  0.001  0.073  0.012  0.001  0.000  0.020
01:37:56 855.36   16.9   28.5   1456    0.9    291    8.4    30.2  -1.4   0.80   3.98  434.2     0.00   0.00    0.0  0.001  0.073  0.012  0.001  0.000  0.020
01:37:57 855.27   16.9   28.5   1456    0.9    283    8.4    30.2  -1.4   0.80   3.97  435.1     0.00   0.00    0.0  0.001  0.073  0.012  0.001  0.000  0.020
01:37:58 855.26   16.8   28.6   1457    0.9    289    8.4    30.0  -1.5   0.80   3.95  436.1     0.00   0.00    0.0  0.001  0.073  0.012  0.001  0.000  0.020
01:37:59 855.30   16.8   28.6   1456    1.0    297    8.4    30.0  -1.5   0.80   3.95  437.1     0.00   0.00    0.0  0.001  0.073  0.012  0.001  0.000  0.020
01:38:00 855.18   16.8   28.6   1457    1.1    305    8.4    30.0  -1.6   0.80   3.93  438.1     0.00   0.00    0.0  0.001  0.073  0.012  0.001  0.000  0.020
01:38:01 855.35   16.8   28.5   1456    1.2    327    8.4    30.0  -1.6   0.80   3.93  439.1     0.00   0.00    0.0  0.001  0.073  0.012  0.001  0.000  0.020
01:38:02 855.19   16.8   28.5   1457    1.3    324    8.4    30.1  -1.6   0.80   3.93  440.1     0.00   0.00    0.0  0.001  0.073  0.012  0.001  0.000  0.020
01:38:04 855.16   16.8   28.5   1458    1.3      9    8.4    30.1  -1.5   0.80   3.94  442.1     0.00   0.00    0.0  0.001  0.073  0.012  0.001  0.000  0.020
01:38:07 855.09   17.1   28.2   1458    1.3     18    8.4    30.4  -1.4   0.80   3.97  445.1     0.00   0.00    0.0  0.001  0.073  0.012  0.001  0.000  0.020
01:38:09 855.03   17.1   28.1   1459    1.2     12    8.4    30.4  -1.5   0.80   3.96  447.1     0.00   0.00    0.0  0.001  0.073  0.012  0.001  0.000  0.020
01:38:11 854.97   17.0   27.9   1459    1.1     13    8.4    30.3  -1.7   0.80   3.89  449.1     0.00   0.00    0.0  0.001  0.073  0.012  0.001  0.000  0.020
01:38:12 854.82   16.9   27.8   1461    1.0     15    8.4    30.2  -1.8   0.79   3.85  450.1     0.00   0.00    0.0  0.001  0.072  0.012  0.001  0.000  0.020
01:38:13 854.87   17.1   27.7   1460    1.0     14    8.4    30.3  -1.7   0.80   3.89  451.1     0.00   0.00    0.0  0.001  0.073  0.012  0.001  0.000  0.020
01:38:14 854.86   17.0   27.8   1461    1.0      8    8.4    30.3  -1.7   0.79   3.87  452.1     0.00   0.00    0.0  0.001  0.072  0.012  0.001  0.000  0.020
01:38:15 854.69   17.1   27.7   1462    1.0      3    8.4    30.4  -1.7   0.80   3.89  453.1     0.00   0.00    0.0  0.001  0.072  0.012  0.001  0.001  0.020
01:38:16 854.63   17.0   27.6   1463    1.0      6    8.4    30.4  -1.8   0.79   3.86  454.1     0.00   0.00    0.0  0.001  0.072  0.012  0.001  0.000  0.020
01:38:17 854.46   17.0   27.5   1464    1.0     11    8.4    30.3  -1.8   0.79   3.84  455.1     0.00   0.00    0.0  0.001  0.072  0.012  0.001  0.000  0.020
01:38:18 854.31   16.8   27.5   1466    1.0     15    8.4    30.2  -2.0   0.79   3.80  456.1     0.00   0.00    0.0  0.001  0.072  0.012  0.001  0.000  0.020
01:38:19 854.48   17.1   27.5   1464    1.0     19    8.4    30.4  -1.8   0.79   3.85  457.1     0.00   0.00    0.0  0.001  0.072  0.012  0.001  0.000  0.020
01:38:20 854.40   17.0   27.4   1465    1.0     21    8.4    30.3  -1.9   0.79   3.82  458.1     0.00   0.00    0.0  0.001  0.072  0.012  0.001  0.000  0.020
01:38:21 854.12   17.0   27.4   1468    1.0     23    8.4    30.4  -1.9   0.79   3.84  459.1     0.00   0.00    0.0  0.001  0.072  0.012  0.001  0.000  0.020
01:38:22 854.18   16.9   27.4   1467    1.0     21    8.4    30.3  -2.0   0.79   3.81  460.1     0.00   0.00    0.0  0.001  0.072  0.012  0.001  0.001  0.020
01:38:23 854.29   16.8   27.4   1466    1.0     21    8.4    30.2  -2.0   0.79   3.78  461.1     0.00   0.00    0.0  0.001  0.072  0.012  0.001  0.001  0.020
01:38:24 854.36   16.8   27.4   1465    1.0     28    8.4    30.2  -2.1   0.79   3.77  462.1     0.00   0.00    0.0  0.001  0.072  0.012  0.001  0.000  0.020
01:38:25 854.35   17.0   27.3   1466    1.0     32    8.4    30.3  -2.0   0.79   3.80  463.1     0.00   0.00    0.0  0.001  0.072  0.012  0.001  0.000  0.020
01:38:27 854.19   16.8   27.3   1467    0.9     45    8.4    30.1  -2.1   0.79   3.75  465.1     0.00   0.00    0.0  0.001  0.072  0.012  0.001  0.000  0.020
01:38:28 854.20   16.8   27.4   1467    0.8     46    8.4    30.1  -2.1   0.79   3.75  466.1     0.00   0.00    0.0  0.001  0.072  0.012  0.001  0.001  0.020
01:38:29 854.40   16.8   27.4   1465    0.8     34    8.4    30.1  -2.1   0.79   3.76  467.1     0.00   0.00    0.0  0.001  0.072  0.012  0.001  0.000  0.020
01:38:30 853.98   16.8   27.5   1469    0.7     22    8.4    30.1  -2.1   0.79   3.77  468.1     0.00   0.00    0.0  0.001  0.072  0.012  0.001  0.000  0.020
01:38:31 853.98   16.7   27.5   1469    0.7     13    8.4    30.1  -2.1   0.79   3.77  469.1     0.00   0.00    0.0  0.001  0.072  0.012  0.001  0.000  0.020
01:38:33 854.02   16.9   27.5   1469    0.6    359    8.4    30.2  -2.0   0.79   3.80  471.1     0.00   0.00    0.0  0.001  0.072  0.012  0.001  0.000  0.020
01:38:34 854.08   16.8   27.6   1468    0.6    355    8.4    30.1  -2.0   0.79   3.79  472.1     0.00   0.00    0.0  0.001  0.072  0.012  0.001  0.000  0.020
01:38:38 853.57   17.0   27.4   1473    0.9    342    8.4    30.4  -1.9   0.79   3.83  476.1     0.00   0.00    0.0  0.001  0.072  0.012  0.001  0.001  0.020
01:38:39 853.76   16.7   27.4   1471    0.9    346    8.4    30.1  -2.2   0.79   3.74  477.1     0.00   0.00    0.0  0.001  0.071  0.012  0.001  0.001  0.020
01:38:40 853.79   16.7   27.6   1471    0.9      2    8.4    30.1  -2.1   0.79   3.76  478.1     0.00   0.00    0.0  0.001  0.071  0.012  0.001  0.000  0.020
01:38:42 853.84   17.0   27.5   1471    1.0     13    8.4    30.4  -1.9   0.79   3.83  480.1     0.00   0.00    0.0  0.001  0.071  0.012  0.001  0.001  0.020
01:38:43 853.38   17.1   27.5   1475    1.1      4    8.4    30.5  -1.8   0.79   3.87  481.1     0.00   0.00    0.0  0.001  0.071  0.012  0.001  0.001  0.020
01:38:44 853.51   16.9   27.4   1474    1.1      2    8.4    30.3  -2.0   0.79   3.80  482.1     0.00   0.00    0.0  0.001  0.071  0.012  0.001  0.001  0.020
01:38:46 853.27   16.8   27.5   1476    1.1      5    8.4    30.2  -2.0   0.79   3.79  484.1     0.00   0.00    0.0  0.001  0.071  0.012  0.001  0.000  0.020
01:38:47 853.37   16.8   27.5   1475    1.1    360    8.4    30.2  -2.0   0.79   3.79  485.1     0.00   0.00    0.0  0.001  0.071  0.012  0.001  0.001  0.020
01:38:48 853.42   16.9   27.5   1475    1.0      1    8.4    30.3  -1.9   0.79   3.82  486.1     0.00   0.00    0.0  0.001  0.071  0.012  0.001  0.001  0.020
01:38:49 853.36   16.8   27.5   1475    1.0    358    8.4    30.2  -2.1   0.79   3.78  487.1     0.00   0.00    0.0  0.001  0.071  0.012  0.001  0.000  0.019
01:38:53 853.18   16.7   28.0   1477    0.9    318    8.3    30.2  -1.8   0.79   3.85  491.1     0.00   0.00    0.0  0.001  0.071  0.012  0.001  0.001  0.020
01:38:54 852.92   16.8   28.0   1480    1.0    290    8.3    30.3  -1.8   0.79   3.87  492.1     0.00   0.00    0.0  0.001  0.071  0.012  0.001  0.001  0.019
01:38:55 852.98   16.7   28.0   1479    0.9    304    8.3    30.2  -1.9   0.79   3.84  493.1     0.00   0.00    0.0  0.001  0.071  0.012  0.001  0.001  0.020
01:38:56 853.08   16.7   28.0   1478    1.0    305    8.3    30.2  -1.8   0.79   3.85  494.1     0.00   0.00    0.0  0.001  0.071  0.012  0.001  0.001  0.019
01:38:59 852.88   17.0   27.9   1480    1.0    354    8.3    30.5  -1.7   0.80   3.89  497.1     0.00   0.00    0.0  0.001  0.071  0.012  0.001  0.001  0.019
01:39:00 852.86   17.0   27.8   1480    1.0      2    8.3    30.5  -1.7   0.80   3.89  498.1     0.00   0.00    0.0  0.001  0.071  0.012  0.001  0.000  0.019
01:39:01 852.89   17.0   27.8   1480    1.0      9    8.3    30.5  -1.7   0.80   3.90  499.1     0.00   0.00    0.0  0.001  0.071  0.012  0.001  0.000  0.019
01:39:02 852.84   17.1   27.8   1481    1.0     14    8.3    30.6  -1.7   0.80   3.91  500.1     0.00   0.00    0.0  0.001  0.071  0.012  0.001  0.001  0.019
01:39:05 852.87   16.8   27.8   1480    1.0     15    8.3    30.3  -1.9   0.79   3.84  503.1     0.00   0.00    0.0  0.001  0.071  0.012  0.001  0.001  0.019
01:39:07 852.64   16.8   27.7   1483    0.9      4    8.3    30.3  -1.9   0.79   3.83  505.1     0.00   0.00    0.0  0.001  0.071  0.012  0.001  0.001  0.019
01:39:08 852.45   16.9   27.7   1485    0.9     11    8.3    30.5  -1.8   0.79   3.86  506.1     0.00   0.00    0.0  0.001  0.071  0.012  0.001  0.001  0.019
01:39:09 852.28   17.0   27.6   1486    0.9     19    8.3    30.6  -1.8   0.79   3.87  507.1     0.00   0.00    0.0  0.001  0.070  0.012  0.001  0.001  0.019
01:39:10 852.37   16.9   27.6   1485    0.8     17    8.3    30.4  -1.9   0.79   3.83  508.1     0.00   0.00    0.0  0.001  0.070  0.012  0.001  0.001  0.019
01:39:11 852.47   16.9   27.5   1484    0.9     14    8.3    30.4  -1.9   0.79   3.82  509.1     0.00   0.00    0.0  0.001  0.070  0.012  0.001  0.001  0.019
01:39:12 852.64   16.7   27.5   1483    0.9     16    8.3    30.2  -2.1   0.79   3.77  510.1     0.00   0.00    0.0  0.001  0.070  0.012  0.001  0.001  0.019
01:39:13 852.29   16.8   27.6   1486    1.1     21    8.3    30.3  -2.0   0.79   3.80  511.1     0.00   0.00    0.0  0.001  0.070  0.012  0.001  0.001  0.019
01:39:14 852.33   16.8   27.5   1486    1.2     24    8.3    30.4  -2.0   0.79   3.80  512.1     0.00   0.00    0.0  0.001  0.070  0.012  0.001  0.001  0.019
01:39:16 852.42   16.9   27.5   1485    1.3     22    8.3    30.5  -1.9   0.79   3.83  514.1     0.00   0.00    0.0  0.001  0.070  0.012  0.001  0.001  0.019
01:39:17 852.21   16.8   27.5   1487    1.3     10    8.3    30.4  -2.0   0.79   3.80  515.1     0.00   0.00    0.0  0.001  0.070  0.012  0.001  0.001  0.019
01:39:18 852.10   16.9   27.5   1488    1.3      5    8.3    30.5  -1.9   0.79   3.82  516.1     0.00   0.00    0.0  0.001  0.070  0.012  0.001  0.001  0.019
01:39:19 852.21   17.0   27.5   1487    1.2      1    8.3    30.5  -1.9   0.79   3.83  517.1     0.00   0.00    0.0  0.001  0.070  0.012  0.001  0.001  0.019
01:39:22 852.00   16.9   27.4   1489    1.1    342    8.3    30.5  -2.0   0.79   3.80  520.1     0.00   0.00    0.0  0.001  0.070  0.012  0.001  0.001  0.019
01:39:23 852.00   16.9   27.4   1489    1.1    337    8.3    30.4  -2.0   0.79   3.79  521.1     0.00   0.00    0.0  0.001  0.070  0.012  0.001  0.001  0.019
01:39:24 851.96   16.8   27.4   1489    1.1    334    8.3    30.3  -2.1   0.79   3.76  522.1     0.00   0.00    0.0  0.001  0.070  0.012  0.001  0.001  0.019
01:39:25 851.88   16.9   27.4   1490    1.1    334    8.3    30.4  -2.1   0.79   3.79  523.1     0.00   0.00    0.0  0.001  0.070  0.012  0.001  0.001  0.019
01:39:27 851.97   16.9   27.3   1489    1.0    345    8.3    30.4  -2.1   0.79   3.78  525.1     0.00   0.00    0.0  0.001  0.070  0.012  0.001  0.001  0.019
01:39:28 851.95   16.8   27.3   1490    1.1    348    8.3    30.4  -2.1   0.79   3.76  526.1     0.00   0.00    0.0  0.001  0.070  0.012  0.001  0.001  0.019
01:39:31 851.90   16.9   27.4   1490    1.1    338    8.3    30.5  -2.0   0.79   3.79  529.1     0.00   0.00    0.0  0.001  0.070  0.012  0.001  0.001  0.019
01:39:34 851.54   16.8   27.4   1494    1.1    340    8.3    30.4  -2.1   0.79   3.77  532.1     0.00   0.00    0.0  0.001  0.070  0.012  0.001  0.001  0.019
01:39:35 851.49   16.7   27.3   1494    1.1    343    8.3    30.3  -2.2   0.79   3.74  533.1     0.00   0.00    0.0  0.001  0.070  0.012  0.001  0.001  0.019
01:39:36 851.34   16.8   27.3   1496    1.1    342    8.3    30.4  -2.1   0.79   3.76  534.1     0.00   0.00    0.0  0.001  0.070  0.012  0.001  0.001  0.019
01:39:37 851.43   16.6   27.3   1495    1.1    345    8.3    30.2  -2.3   0.79   3.71  535.1     0.00   0.00    0.0  0.001  0.070  0.012  0.001  0.001  0.019
01:39:38 851.23   16.5   27.3   1497    1.1    347    8.3    30.2  -2.3   0.79   3.70  536.0     0.00   0.00    0.0  0.001  0.070  0.012  0.001  0.001  0.019
01:39:42 851.43   16.5   28.0   1495    1.1     15    8.3    30.1  -2.1   0.79   3.78  540.0     0.00   0.00    0.0  0.001  0.069  0.012  0.001  0.001  0.019
01:39:43 851.42   16.5   28.0   1495    1.1     19    8.3    30.1  -2.0   0.79   3.79  541.0     0.00   0.00    0.0  0.001  0.069  0.012  0.001  0.001  0.019
01:39:45 851.19   16.6   27.9   1497    1.0     25    8.3    30.3  -2.0   0.79   3.81  543.0     0.00   0.00    0.0  0.001  0.069  0.012  0.001  0.001  0.019
01:39:46 851.07   16.5   28.0   1498    1.0     15    8.3    30.2  -2.0   0.79   3.79  544.0     0.00   0.00    0.0  0.001  0.069  0.012  0.001  0.001  0.019
01:39:47 851.12   16.7   28.0   1498    1.1      9    8.3    30.4  -1.8   0.79   3.86  545.0     0.00   0.00    0.0  0.001  0.069  0.011  0.001  0.001  0.019
01:39:49 851.19   16.8   27.9   1497    1.2      3    8.3    30.5  -1.8   0.79   3.86  547.0     0.00   0.00    0.0  0.001  0.069  0.012  0.001  0.001  0.019
01:39:51 851.19   16.5   27.8   1497    1.2      7    8.3    30.1  -2.1   0.79   3.76  549.0     0.00   0.00    0.0  0.001  0.069  0.012  0.001  0.001  0.019
01:39:54 850.78   16.7   27.8   1501    1.4     16    8.3    30.4  -2.0   0.79   3.82  552.0     0.00   0.00    0.0  0.001  0.069  0.011  0.001  0.001  0.019
01:39:55 850.94   16.7   27.8   1500    1.4     16    8.3    30.4  -2.0   0.79   3.82  553.0     0.00   0.00    0.0  0.001  0.069  0.012  0.001  0.001  0.019
01:39:56 850.77   16.6   27.8   1501    1.4     20    8.3    30.3  -2.0   0.79   3.79  554.0     0.00   0.00    0.0  0.001  0.069  0.011  0.001  0.001  0.019
01:39:57 850.75   16.7   27.8   1501    1.4     20    8.3    30.4  -2.0   0.79   3.81  555.0     0.00   0.00    0.0  0.001  0.069  0.011  0.001  0.001  0.019
01:40:01 850.60   16.7   28.0   1503    1.4    344    8.3    30.4  -1.9   0.79   3.85  559.0     0.00   0.00    0.0  0.001  0.069  0.011  0.001  0.001  0.019
01:40:03 850.48   16.6   28.0   1504    1.5    347    8.3    30.3  -2.0   0.79   3.82  561.0     0.00   0.00    0.0  0.001  0.069  0.011  0.001  0.001  0.019
01:40:04 850.36   16.7   28.0   1505    1.4    346    8.3    30.4  -1.9   0.79   3.83  562.0     0.00   0.00    0.0  0.001  0.069  0.011  0.001  0.001  0.019
01:40:06 850.35   16.7   27.9   1505    1.4    345    8.3    30.5  -1.9   0.79   3.84  564.0     0.00   0.00    0.0  0.001  0.068  0.011  0.001  0.001  0.019
01:40:07 850.34   16.5   28.0   1506    1.4    351    8.3    30.2  -2.1   0.79   3.79  565.0     0.00   0.00    0.0  0.001  0.068  0.011  0.001  0.001  0.019
01:40:11 850.09   16.6   28.0   1508    1.4     12    8.3    30.4  -1.9   0.79   3.83  569.0     0.00   0.00    0.0  0.001  0.068  0.011  0.001  0.001  0.019
01:40:12 850.26   16.6   27.9   1506    1.3     16    8.3    30.4  -2.0   0.79   3.82  570.0     0.00   0.00    0.0  0.001  0.068  0.011  0.001  0.001  0.018
01:40:13 850.16   16.4   28.0   1507    1.4     24    8.3    30.2  -2.1   0.79   3.78  571.0     0.00   0.00    0.0  0.001  0.068  0.011  0.001  0.001  0.019
01:40:14 850.22   16.4   28.1   1507    1.4     25    8.3    30.1  -2.1   0.79   3.78  572.0     0.00   0.00    0.0  0.001  0.068  0.011  0.001  0.001  0.018
01:40:15 850.02   16.6   28.1   1509    1.4     28    8.3    30.3  -2.0   0.79   3.82  573.0     0.00   0.00    0.0  0.001  0.068  0.011  0.001  0.001  0.018
01:40:17 849.98   16.4   28.1   1509    1.6     23    8.3    30.2  -2.1   0.79   3.79  575.0     0.00   0.00    0.0  0.001  0.068  0.011  0.001  0.001  0.018
01:40:18 849.69   16.6   28.2   1512    1.6     15    8.3    30.4  -1.8   0.79   3.86  576.0     0.00   0.00    0.0  0.001  0.068  0.011  0.001  0.001  0.018
01:40:19 849.79   16.5   28.1   1511    1.6     17    8.3    30.3  -1.9   0.79   3.83  577.0     0.00   0.00    0.0  0.001  0.068  0.011  0.001  0.001  0.019
01:40:20 849.89   16.7   28.1   1510    1.4     17    8.3    30.5  -1.8   0.79   3.87  578.0     0.00   0.00    0.0  0.001  0.068  0.011  0.001  0.001  0.018
01:40:21 849.80   16.7   28.1   1511    1.4     11    8.3    30.5  -1.8   0.79   3.88  579.0     0.00   0.00    0.0  0.001  0.068  0.011  0.001  0.001  0.018
01:40:25 849.87   16.3   28.4   1510    1.6     29    8.3    30.1  -2.0   0.79   3.81  583.0     0.00   0.00    0.0  0.001  0.068  0.011  0.001  0.001  0.018
01:40:27 849.47   16.3   28.4   1514    1.5     40    8.3    30.1  -2.0   0.79   3.82  585.0     0.00   0.00    0.0  0.001  0.068  0.011  0.001  0.001  0.018
01:40:29 849.76   16.4   28.5   1511    1.4     44    8.3    30.2  -1.9   0.79   3.85  587.0     0.00   0.00    0.0  0.001  0.068  0.011  0.001  0.001  0.018
01:40:31 849.39   16.4   28.5   1515    1.3     34    8.3    30.2  -1.9   0.79   3.86  589.0     0.00   0.00    0.0  0.001  0.068  0.011  0.001  0.001  0.018
01:40:32 849.28   16.6   28.4   1516    1.3     37    8.3    30.5  -1.7   0.80   3.91  590.0     0.00   0.00    0.0  0.001  0.068  0.011  0.001  0.001  0.018
01:40:34 849.52   16.5   28.3   1514    1.2     30    8.3    30.4  -1.8   0.79   3.86  592.0     0.00   0.00    0.0  0.001  0.067  0.011  0.001  0.001  0.018
01:40:35 849.32   16.5   28.3   1516    1.2     28    8.3    30.3  -1.9   0.79   3.85  593.0     0.00   0.00    0.0  0.001  0.067  0.011  0.001  0.001  0.018
01:40:36 849.22   16.6   28.2   1517    1.2     28    8.3    30.4  -1.9   0.79   3.85  594.0     0.00   0.00    0.0  0.001  0.067  0.011  0.001  0.001  0.018
01:40:37 849.38   16.6   28.2   1515    1.2     29    8.3    30.5  -1.8   0.79   3.86  595.0     0.00   0.00    0.0  0.001  0.067  0.011  0.001  0.001  0.018
01:40:38 849.14   16.6   28.2   1518    1.2     27    8.3    30.5  -1.8   0.79   3.87  596.0     0.00   0.00    0.0  0.001  0.067  0.011  0.001  0.001  0.018
01:40:40 849.27   16.3   28.3   1516    1.2     16    8.3    30.1  -2.0   0.79   3.80  598.0     0.00   0.00    0.0  0.001  0.067  0.011  0.001  0.001  0.018
01:40:41 849.29   16.2   28.4   1516    1.2     13    8.3    30.1  -2.1   0.79   3.78  599.0     0.00   0.00    0.0  0.001  0.067  0.011  0.001  0.001  0.018
01:40:42 849.22   16.4   28.4   1517    1.2     18    8.3    30.2  -2.0   0.79   3.83  600.0     0.00   0.00    0.0  0.001  0.067  0.011  0.001  0.001  0.018
01:40:43 849.18   16.5   28.4   1517    1.2     18    8.3    30.4  -1.9   0.79   3.86  601.0     0.00   0.00    0.0  0.001  0.067  0.011  0.001  0.001  0.018
01:40:44 849.09   16.4   28.5   1518    1.2     13    8.3    30.3  -1.9   0.79   3.86  602.0     0.00   0.00    0.0  0.001  0.067  0.011  0.001  0.001  0.018
01:40:47 849.00   16.3   28.3   1519    1.2     14    8.3    30.1  -2.1   0.79   3.79  605.0     0.00   0.00    0.0  0.001  0.067  0.011  0.001  0.001  0.018
01:40:48 848.84   16.2   28.5   1521    1.2     20    8.3    30.1  -2.0   0.79   3.81  606.0     0.00   0.00    0.0  0.001  0.067  0.011  0.001  0.001  0.018
01:40:49 848.76   16.3   28.6   1521    1.2     26    8.3    30.2  -2.0   0.79   3.83  607.0     0.00   0.00    0.0  0.001  0.067  0.011  0.001  0.001  0.018
01:40:50 848.81   16.2   28.5   1521    1.2     27    8.3    30.1  -2.0   0.79   3.80  608.0     0.00   0.00    0.0  0.001  0.067  0.011  0.001  0.001  0.018
01:40:51 848.75   16.4   28.4   1521    1.2     38    8.3    30.3  -1.9   0.79   3.85  609.0     0.00   0.00    0.0  0.001  0.067  0.011  0.001  0.001  0.018
01:40:52 848.80   16.2   28.5   1521    1.2     24    8.3    30.0  -2.1   0.79   3.80  610.0     0.00   0.00    0.0  0.001  0.067  0.011  0.001  0.001  0.018
01:40:53 848.91   16.4   28.5   1520    1.2     19    8.3    30.3  -1.8   0.79   3.87  611.0     0.00   0.00    0.0  0.001  0.067  0.011  0.001  0.001  0.018
01:40:57 848.58   16.6   28.7   1523    1.7     25    8.2    30.5  -1.6   0.80   3.94  615.0     0.00   0.00    0.0  0.001  0.067  0.011  0.001  0.001  0.018
01:40:58 848.95   16.5   28.6   1519    1.8     23    8.2    30.3  -1.8   0.80   3.89  616.0     0.00   0.00    0.0  0.001  0.067  0.011  0.001  0.001  0.018
01:40:59 848.65   16.2   28.7   1523    1.9     29    8.2    30.1  -1.9   0.79   3.84  617.0     0.00   0.00    0.0  0.001  0.067  0.011  0.001  0.001  0.018
01:41:00 848.66   16.3   28.7   1522    2.0     28    8.2    30.2  -1.9   0.79   3.85  618.0     0.00   0.00    0.0  0.001  0.067  0.011  0.001  0.001  0.018
01:41:01 848.54   16.3   28.8   1524    2.1     29    8.2    30.2  -1.9   0.79   3.86  619.0     0.00   0.00    0.0  0.001  0.067  0.011  0.001  0.001  0.018
01:41:02 848.87   16.4   28.9   1520    2.2     28    8.2    30.3  -1.7   0.80   3.91  620.0     0.00   0.00    0.0  0.001  0.067  0.011  0.001  0.001  0.018
01:41:05 848.89   16.4   29.2   1520    3.3     26    8.2    30.3  -1.5   0.80   3.97  623.0     0.00   0.00    0.0  0.001  0.067  0.011  0.001  0.001  0.018
01:41:06 848.78   16.4   29.3   1521    3.7     23    8.2    30.3  -1.5   0.80   3.99  624.0     0.00   0.00    0.0  0.001  0.066  0.011  0.001  0.001  0.018
01:41:07 848.87   16.4   29.4   1520    4.0     31    8.2    30.3  -1.5   0.80   3.98  625.0     0.00   0.00    0.0  0.001  0.066  0.011  0.001  0.001  0.018
01:41:09 848.91   16.4   29.6   1520    4.5     23    8.2    30.3  -1.4   0.80   4.02  627.0     0.00   0.00    0.0  0.001  0.066  0.011  0.001  0.001  0.018
01:41:10 848.94   16.4   29.6   1520    4.4     21    8.2    30.3  -1.4   0.80   4.02  628.0     0.00   0.00    0.0  0.001  0.066  0.011  0.001  0.001  0.018
01:41:11 848.98   16.4   29.7   1519    4.5     18    8.2    30.3  -1.3   0.80   4.05  629.0     0.00   0.00    0.0  0.001  0.066  0.011  0.001  0.001  0.018
01:41:12 848.93   16.4   29.8   1520    4.4     19    8.2    30.3  -1.3   0.80   4.06  630.0     0.00   0.00    0.0  0.001  0.066  0.011  0.001  0.001  0.018
01:41:14 849.14   16.4   29.8   1518    4.2     23    8.2    30.3  -1.3   0.80   4.06  632.0     0.00   0.00    0.0  0.001  0.066  0.011  0.001  0.001  0.018
01:41:16 849.23   16.4   29.8   1517    4.2     22    8.2    30.2  -1.3   0.80   4.05  634.0     0.00   0.00    0.0  0.001  0.066  0.011  0.001  0.001  0.018
01:41:17 849.35   16.4   29.7   1515    4.1     18    8.2    30.3  -1.3   0.80   4.05  635.0     0.00   0.00    0.0  0.001  0.066  0.011  0.001  0.001  0.018
01:41:18 849.50   16.5   29.7   1514    3.9     22    8.2    30.3  -1.2   0.80   4.06  635.9     0.00   0.00    0.0  0.001  0.066  0.011  0.001  0.001  0.018
01:41:19 849.42   16.5   29.7   1515    3.6     25    8.2    30.3  -1.3   0.80   4.05  636.9     0.00   0.00    0.0  0.001  0.066  0.011  0.001  0.001  0.018
01:41:20 849.67   16.4   29.7   1512    3.2     31    8.2    30.2  -1.3   0.80   4.03  637.9     0.00   0.00    0.0  0.001  0.066  0.011  0.001  0.001  0.018
01:41:21 849.55   16.5   29.8   1513    2.8     26    8.2    30.3  -1.2   0.80   4.07  638.9     0.00   0.00    0.0  0.001  0.066  0.011  0.001  0.001  0.018
01:41:22 849.73   16.6   29.7   1512    2.5     19    8.2    30.4  -1.1   0.80   4.10  639.9     0.00   0.00    0.0  0.001  0.066  0.011  0.001  0.001  0.018
01:41:26 849.76   16.4   29.5   1511    1.6      2    8.2    30.2  -1.4   0.80   4.00  643.9     0.00   0.00    0.0  0.001  0.066  0.011  0.001  0.001  0.018
01:41:27 849.95   16.4   29.5   1509    1.5    350    8.2    30.1  -1.4   0.80   3.99  644.9     0.00   0.00    0.0  0.001  0.066  0.011  0.001  0.001  0.018
01:41:28 849.99   16.3   29.5   1509    1.3    333    8.2    30.1  -1.5   0.80   3.98  645.9     0.00   0.00    0.0  0.001  0.066  0.011  0.001  0.001  0.017
01:41:29 850.07   16.3   29.6   1508    1.2    317    8.2    30.0  -1.5   0.80   3.99  646.9     0.00   0.00    0.0  0.001  0.066  0.011  0.001  0.001  0.018
01:41:33 850.16   16.4   30.0   1507    1.3    339    8.2    30.1  -1.2   0.80   4.08  650.9     0.00   0.00    0.0  0.001  0.065  0.011  0.001  0.001  0.017
01:41:34 850.17   16.5   30.2   1507    1.2    338    8.2    30.2  -1.1   0.80   4.12  651.9     0.00   0.00    0.0  0.001  0.065  0.011  0.001  0.001  0.017
01:41:37 850.74   16.5   30.3   1502    1.4    338    8.2    30.2  -1.0   0.81   4.15  654.9     0.00   0.00    0.0  0.001  0.065  0.011  0.001  0.001  0.017
01:41:39 850.50   16.5   30.4   1504    1.3    337    8.2    30.2  -0.9   0.81   4.17  656.9     0.00   0.00    0.0  0.001  0.065  0.011  0.001  0.001  0.017
01:41:40 850.58   16.6   30.3   1503    1.4    337    8.2    30.3  -0.9   0.81   4.18  657.9     0.00   0.00    0.0  0.001  0.065  0.011  0.001  0.001  0.017
01:41:41 850.88   16.5   30.3   1500    1.4    336    8.2    30.2  -1.0   0.81   4.16  658.9     0.00   0.00    0.0  0.001  0.065  0.011  0.001  0.001  0.017
01:41:42 850.83   16.4   30.2   1501    1.5    339    8.2    30.1  -1.1   0.80   4.12  659.9     0.00   0.00    0.0  0.001  0.065  0.011  0.001  0.001  0.017
01:41:43 850.85   16.4   30.3   1500    1.7    347    8.2    30.1  -1.1   0.80   4.12  660.9     0.00   0.00    0.0  0.001  0.065  0.011  0.001  0.001  0.017
01:41:44 850.70   16.4   30.3   1502    1.8    351    8.2    30.1  -1.1   0.80   4.12  661.9     0.00   0.00    0.0  0.001  0.065  0.011  0.001  0.001  0.017
01:41:45 850.84   16.6   30.1   1501    1.9    347    8.2    30.3  -1.0   0.81   4.15  662.9     0.00   0.00    0.0  0.001  0.065  0.011  0.001  0.001  0.017
01:41:46 850.84   16.5   30.1   1501    1.9    348    8.2    30.2  -1.1   0.80   4.12  663.9     0.00   0.00    0.0  0.001  0.065  0.011  0.001  0.001  0.017
01:41:49 851.07   16.7   30.0   1498    2.0      7    8.2    30.3  -1.0   0.81   4.15  666.9     0.00   0.00    0.0  0.001  0.065  0.010  0.001  0.001  0.017
01:41:51 851.08   16.6   29.7   1498    1.8      0    8.2    30.3  -1.1   0.80   4.09  668.9     0.00   0.00    0.0  0.001  0.065  0.010  0.001  0.001  0.017
01:41:55 851.34   16.6   29.3   1496    1.3      9    8.2    30.3  -1.3   0.80   4.04  672.9     0.00   0.00    0.0  0.001  0.065  0.010  0.001  0.001  0.017
01:41:56 851.56   16.7   29.1   1493    1.2      4    8.2    30.3  -1.4   0.80   4.01  673.9     0.00   0.00    0.0  0.001  0.065  0.010  0.001  0.001  0.017
01:41:58 851.89   16.6   29.1   1490    1.3      7    8.2    30.2  -1.5   0.80   3.98  675.9     0.00   0.00    0.0  0.001  0.065  0.010  0.001  0.001  0.017
01:42:00 851.71   16.7   29.0   1492    1.3      9    8.2    30.3  -1.4   0.80   4.00  677.9     0.00   0.00    0.0  0.001  0.064  0.010  0.001  0.001  0.017
01:42:01 851.84   16.7   28.8   1491    1.2     10    8.2    30.3  -1.4   0.80   3.99  678.9     0.00   0.00    0.0  0.001  0.065  0.010  0.001  0.001  0.017
01:42:02 851.87   16.8   28.8   1490    1.2      8    8.2    30.4  -1.4   0.80   4.00  679.9     0.00   0.00    0.0  0.001  0.064  0.010  0.001  0.001  0.017
01:42:03 852.10   16.6   29.0   1488    1.2      4    8.2    30.2  -1.5   0.80   3.97  680.9     0.00   0.00    0.0  0.001  0.064  0.010  0.001  0.001  0.017
01:42:04 851.96   16.7   28.9   1489    1.2      1    8.2    30.3  -1.4   0.80   3.99  681.9     0.00   0.00    0.0  0.001  0.064  0.010  0.001  0.001  0.017
01:42:05 852.14   16.8   28.8   1488    1.2    358    8.2    30.3  -1.4   0.80   4.00  682.9     0.00   0.00    0.0  0.001  0.064  0.010  0.001  0.001  0.017
01:42:06 852.27   16.8   28.8   1486    1.2      1    8.2    30.4  -1.4   0.80   4.01  683.9     0.00   0.00    0.0  0.001  0.064  0.010  0.001  0.001  0.017
01:42:07 852.19   16.7   28.6   1487    1.2    359    8.2    30.3  -1.5   0.80   3.95  684.9     0.00   0.00    0.0  0.001  0.064  0.010  0.001  0.001  0.017
01:42:08 852.10   16.6   28.6   1488    1.2    360    8.2    30.2  -1.6   0.80   3.92  685.9     0.00   0.00    0.0  0.001  0.064  0.010  0.001  0.001  0.017
01:42:09 852.26   16.6   28.7   1486    1.3      2    8.2    30.1  -1.7   0.80   3.91  686.9     0.00   0.00    0.0  0.001  0.064  0.010  0.001  0.001  0.017
01:42:11 852.44   16.7   28.6   1485    1.3      5    8.2    30.2  -1.6   0.80   3.93  688.9     0.00   0.00    0.0  0.001  0.064  0.010  0.001  0.001  0.017
01:42:12 852.61   16.8   28.6   1483    1.2      3    8.2    30.3  -1.5   0.80   3.96  689.9     0.00   0.00    0.0  0.001  0.064  0.010  0.001  0.001  0.017
01:42:15 852.62   16.6   28.6   1483    1.2    357    8.2    30.2  -1.6   0.80   3.93  692.9     0.00   0.00    0.0  0.001  0.064  0.010  0.001  0.001  0.017
01:42:17 853.07   16.8   28.6   1478    1.4      6    8.2    30.3  -1.5   0.80   3.97  694.9     0.00   0.00    0.0  0.001  0.064  0.010  0.001  0.001  0.017
01:42:20 852.92   16.8   28.4   1480    1.7      5    8.2    30.3  -1.5   0.80   3.95  697.9     0.00   0.00    0.0  0.001  0.064  0.010  0.001  0.001  0.017
01:42:21 853.01   16.9   28.5   1479    1.8      4    8.2    30.4  -1.4   0.80   3.98  698.9     0.00   0.00    0.0  0.001  0.064  0.010  0.001  0.001  0.017
01:42:23 853.30   16.9   28.5   1476    2.0      2    8.2    30.3  -1.5   0.80   3.97  700.9     0.00   0.00    0.0  0.001  0.064  0.010  0.001  0.001  0.017
01:42:25 853.37   16.7   28.4   1475    2.0      5    8.2    30.2  -1.6   0.80   3.92  702.9     0.00   0.00    0.0  0.001  0.064  0.010  0.001  0.001  0.017
01:42:26 853.58   16.8   28.4   1473    2.1      6    8.2    30.2  -1.6   0.80   3.93  703.9     0.00   0.00    0.0  0.001  0.064  0.010  0.001  0.001  0.017
01:42:27 853.21   16.9   28.4   1477    2.1      3    8.2    30.3  -1.5   0.80   3.95  704.9     0.00   0.00    0.0  0.001  0.064  0.010  0.001  0.001  0.017
01:42:28 853.29   16.9   28.4   1476    2.2      2    8.2    30.3  -1.5   0.80   3.95  705.9     0.00   0.00    0.0  0.001  0.064  0.010  0.001  0.001  0.017
01:42:29 853.30   16.9   28.5   1476    2.2      2    8.2    30.3  -1.5   0.80   3.96  706.9     0.00   0.00    0.0  0.001  0.064  0.010  0.001  0.001  0.017
01:42:32 853.51   16.9   28.7   1474    2.6    360    8.2    30.3  -1.4   0.80   4.00  709.9     0.00   0.00    0.0  0.001  0.063  0.010  0.001  0.001  0.017
01:42:33 853.72   16.9   28.7   1472    2.6    358    8.2    30.3  -1.4   0.80   3.99  710.9     0.00   0.00    0.0  0.001  0.063  0.010  0.001  0.001  0.017
01:42:34 853.64   16.8   28.6   1473    2.6      0    8.2    30.2  -1.5   0.80   3.96  711.9     0.00   0.00    0.0  0.001  0.063  0.010  0.001  0.001  0.017
01:42:35 853.81   16.8   28.7   1471    2.4      1    8.2    30.2  -1.4   0.80   3.98  712.9     0.00   0.00    0.0  0.001  0.063  0.010  0.001  0.001  0.017
01:42:36 853.47   16.9   28.7   1474    2.3    355    8.2    30.3  -1.3   0.80   4.01  713.9     0.00   0.00    0.0  0.001  0.063  0.010  0.001  0.001  0.017
01:42:38 853.93   16.7   28.6   1470    2.2    355    8.2    30.0  -1.6   0.80   3.92  715.9     0.00   0.00    0.0  0.001  0.063  0.010  0.001  0.001  0.017
01:42:39 854.07   16.8   28.7   1468    2.1      2    8.2    30.1  -1.5   0.80   3.97  716.9     0.00   0.00    0.0  0.001  0.063  0.010  0.001  0.001  0.017
01:42:40 854.28   16.9   28.6   1466    2.0      2    8.2    30.3  -1.4   0.80   4.00  717.9     0.00   0.00    0.0  0.001  0.063  0.010  0.001  0.001  0.017
01:42:41 854.24   16.9   28.6   1467    1.9      0    8.2    30.3  -1.4   0.80   3.99  718.9     0.00   0.00    0.0  0.001  0.063  0.010  0.001  0.001  0.017
01:42:43 854.32   16.9   28.6   1466    1.9    353    8.2    30.3  -1.3   0.80   4.00  720.9     0.00   0.00    0.0  0.001  0.063  0.010  0.001  0.001  0.017
01:42:44 854.07   16.9   28.6   1468    1.8    353    8.2    30.2  -1.4   0.80   3.98  721.9     0.00   0.00    0.0  0.001  0.063  0.010  0.001  0.001  0.017
01:42:45 854.36   17.0   28.6   1465    1.8    353    8.2    30.3  -1.4   0.80   4.00  722.9     0.00   0.00    0.0  0.001  0.063  0.010  0.001  0.001  0.017
01:42:46 854.14   16.8   28.6   1468    1.7    356    8.2    30.2  -1.5   0.80   3.95  723.9     0.00   0.00    0.0  0.001  0.063  0.010  0.001  0.001  0.017
01:42:47 854.28   17.0   28.5   1466    1.7    357    8.2    30.3  -1.4   0.80   3.99  724.9     0.00   0.00    0.0  0.001  0.063  0.010  0.001  0.001  0.017
01:42:48 854.39   17.0   28.6   1465    1.6      0    8.2    30.3  -1.4   0.80   4.00  725.9     0.00   0.00    0.0  0.001  0.063  0.010  0.001  0.001  0.017
01:42:49 854.46   16.9   28.5   1465    1.5      2    8.2    30.2  -1.5   0.80   3.96  726.9     0.00   0.00    0.0  0.001  0.063  0.010  0.001  0.001  0.017
01:42:50 854.43   16.9   28.6   1465    1.4      4    8.2    30.2  -1.4   0.80   3.99  727.9     0.00   0.00    0.0  0.001  0.063  0.010  0.001  0.001  0.017
01:42:52 854.71   16.9   28.5   1462    1.4      1    8.2    30.3  -1.4   0.80   3.98  729.9     0.00   0.00    0.0  0.001  0.063  0.010  0.001  0.001  0.016
01:42:53 854.79   16.8   28.4   1461    1.3    359    8.2    30.1  -1.6   0.80   3.93  730.9     0.00   0.00    0.0  0.001  0.063  0.010  0.001  0.001  0.016
01:42:54 854.75   16.9   28.4   1462    1.3      5    8.2    30.2  -1.5   0.80   3.95  731.9     0.00   0.00    0.0  0.001  0.063  0.010  0.001  0.001  0.017
01:42:55 854.79   16.8   28.5   1461    1.3      8    8.2    30.1  -1.5   0.80   3.94  732.9     0.00   0.00    0.0  0.001  0.063  0.010  0.001  0.001  0.016
01:42:56 854.72   17.0   28.6   1462    1.3      3    8.2    30.3  -1.3   0.80   4.02  733.9     0.00   0.00    0.0  0.001  0.063  0.010  0.001  0.001  0.016
01:42:58 854.90   17.1   28.6   1460    1.8      6    8.2    30.4  -1.2   0.80   4.05  735.9     0.00   0.00    0.0  0.001  0.063  0.010  0.001  0.001  0.016
01:43:00 855.21   17.0   28.4   1457    2.0      1    8.2    30.2  -1.4   0.80   3.97  737.8     0.00   0.00    0.0  0.001  0.063  0.010  0.001  0.001  0.016
01:43:01 855.22   16.8   28.5   1457    2.0      7    8.2    30.1  -1.5   0.80   3.95  738.8     0.00   0.00    0.0  0.001  0.063  0.010  0.001  0.001  0.016
01:43:02 855.21   16.9   28.5   1457    2.3     16    8.2    30.2  -1.4   0.80   3.98  739.8     0.00   0.00    0.0  0.001  0.063  0.010  0.001  0.001  0.016
01:43:04 855.29   16.9   28.6   1456    2.2     10    8.2    30.2  -1.4   0.80   3.99  741.8     0.00   0.00    0.0  0.001  0.062  0.010  0.001  0.001  0.016
01:43:08 855.59   17.0   28.8   1453    1.7    352    8.1    30.2  -1.3   0.80   4.02  745.8     0.00   0.00    0.0  0.001  0.062  0.010  0.001  0.001  0.016
01:43:09 855.64   17.0   28.8   1453    1.7      2    8.1    30.2  -1.2   0.80   4.03  746.8     0.00   0.00    0.0  0.001  0.062  0.010  0.001  0.001  0.016
01:43:10 855.66   17.1   28.8   1453    1.8      3    8.1    30.3  -1.2   0.80   4.06  747.8     0.00   0.00    0.0  0.001  0.062  0.010  0.001  0.001  0.016
01:43:11 855.62   17.1   28.7   1453    1.9      0    8.1    30.3  -1.2   0.80   4.06  748.8     0.00   0.00    0.0  0.001  0.062  0.010  0.001  0.001  0.016
01:43:15 855.94   17.1   28.6   1450    2.0      9    8.1    30.2  -1.3   0.80   4.02  752.8     0.00   0.00    0.0  0.001  0.062  0.010  0.001  0.001  0.016
01:43:16 856.16   17.3   28.6   1448    2.2      8    8.1    30.4  -1.1   0.80   4.08  753.8     0.00   0.00    0.0  0.001  0.062  0.010  0.001  0.001  0.016
01:43:17 856.08   17.0   28.5   1448    2.2      8    8.1    30.2  -1.3   0.80   4.00  754.8     0.00   0.00    0.0  0.001  0.062  0.010  0.001  0.001  0.016
01:43:18 856.13   17.2   28.5   1448    2.2      8    8.1    30.4  -1.2   0.80   4.05  755.8     0.00   0.00    0.0  0.001  0.062  0.010  0.001  0.001  0.016
01:43:19 856.15   17.2   28.7   1448    2.1      5    8.1    30.4  -1.1   0.80   4.08  756.8     0.00   0.00    0.0  0.001  0.062  0.010  0.001  0.001  0.016
01:43:21 856.29   17.1   28.7   1446    2.0    360    8.1    30.3  -1.1   0.80   4.07  758.8     0.00   0.00    0.0  0.001  0.062  0.010  0.001  0.001  0.016
01:43:23 856.51   17.3   28.5   1444    1.8    353    8.1    30.5  -1.1   0.80   4.08  760.8     0.00   0.00    0.0  0.001  0.062  0.010  0.001  0.001  0.016
01:43:24 856.15   17.2   28.6   1448    1.7    350    8.1    30.4  -1.1   0.80   4.07  761.8     0.00   0.00    0.0  0.001  0.062  0.010  0.001  0.001  0.016
01:43:25 856.66   17.1   28.6   1443    1.5    343    8.1    30.2  -1.3   0.80   4.02  762.8     0.00   0.00    0.0  0.001  0.062  0.010  0.001  0.001  0.016
01:43:26 856.45   17.1   28.7   1445    1.4    337    8.1    30.2  -1.2   0.80   4.05  763.8     0.00   0.00    0.0  0.001  0.062  0.010  0.001  0.001  0.016
01:43:27 856.51   17.2   28.8   1444    1.4    337    8.1    30.3  -1.1   0.80   4.09  764.8     0.00   0.00    0.0  0.001  0.062  0.010  0.001  0.001  0.016
01:43:28 856.47   17.1   28.8   1444    1.3    337    8.1    30.2  -1.2   0.80   4.06  765.8     0.00   0.00    0.0  0.001  0.062  0.010  0.001  0.001  0.016
01:43:29 856.49   17.2   29.0   1444    1.3    336    8.1    30.3  -1.0   0.80   4.12  766.8     0.00   0.00    0.0  0.001  0.062  0.010  0.001  0.001  0.016
01:43:34 856.85   17.1   29.2   1441    1.0    335    8.1    30.2  -1.0   0.80   4.12  771.8     0.00   0.00    0.0  0.001  0.062  0.010  0.001  0.001  0.016
01:43:35 856.83   17.1   29.2   1441    1.1    340    8.1    30.2  -1.0   0.80   4.12  772.8     0.00   0.00    0.0  0.001  0.062  0.010  0.001  0.001  0.016
01:43:39 857.40   17.2   29.1   1435    1.2    341    8.1    30.3  -0.9   0.81   4.15  776.8     0.00   0.00    0.0  0.001  0.061  0.010  0.001  0.001  0.016
01:43:40 857.33   17.1   29.2   1436    1.1    327    8.1    30.1  -1.0   0.80   4.11  777.8     0.00   0.00    0.0  0.001  0.061  0.010  0.001  0.001  0.016
01:43:41 857.40   17.1   29.1   1435    1.0      9    8.1    30.1  -1.0   0.80   4.09  778.8     0.00   0.00    0.0  0.001  0.061  0.010  0.001  0.001  0.016
01:43:42 857.43   17.1   29.1   1435    1.1     22    8.1    30.1  -1.0   0.80   4.10  779.8     0.00   0.00    0.0  0.001  0.061  0.010  0.001  0.001  0.016
01:43:44 857.47   17.4   28.9   1434    0.9     19    8.1    30.4  -0.9   0.81   4.15  781.8     0.00   0.00    0.0  0.001  0.061  0.010  0.001  0.001  0.016
01:43:46 857.35   17.2   28.7   1436    0.9      7    8.1    30.3  -1.1   0.80   4.08  783.8     0.00   0.00    0.0  0.001  0.061  0.010  0.001  0.001  0.016
01:43:48 857.71   17.1   28.7   1432    1.1    347    8.1    30.2  -1.1   0.80   4.06  785.8     0.00   0.00    0.0  0.001  0.061  0.010  0.001  0.001  0.016
01:43:49 857.81   17.2   28.7   1431    1.1    341    8.1    30.2  -1.1   0.80   4.08  786.8     0.00   0.00    0.0  0.001  0.061  0.010  0.001  0.001  0.016
01:43:55 858.09   17.2   28.5   1428    1.0     20    8.1    30.2  -1.2   0.80   4.04  792.8     0.00   0.00    0.0  0.001  0.061  0.010  0.001  0.001  0.016
01:43:56 858.16   17.2   28.5   1428    1.0     28    8.1    30.1  -1.2   0.80   4.03  793.8     0.00   0.00    0.0  0.001  0.061  0.010  0.001  0.001  0.016
01:43:58 858.30   17.1   28.4   1426    0.8     29    8.1    30.1  -1.3   0.80   3.99  795.8     0.00   0.00    0.0  0.001  0.061  0.010  0.001  0.001  0.016
01:43:59 858.20   17.2   28.4   1427    0.8     31    8.1    30.2  -1.3   0.80   4.02  796.8     0.00   0.00    0.0  0.001  0.061  0.010  0.001  0.001  0.016
01:44:03 858.52   17.4   28.1   1424    0.7     17    8.1    30.3  -1.2   0.80   4.02  800.8     0.00   0.00    0.0  0.001  0.061  0.010  0.001  0.001  0.016
01:44:04 858.70   17.4   28.0   1422    0.7     15    8.1    30.3  -1.3   0.80   4.01  801.8     0.00   0.00    0.0  0.001  0.061  0.010  0.001  0.001  0.016
01:44:05 858.64   17.4   27.9   1423    0.7     14    8.1    30.3  -1.3   0.80   3.99  802.8     0.00   0.00    0.0  0.001  0.061  0.010  0.001  0.001  0.016
01:44:08 858.90   17.4   27.8   1420    0.9     11    8.1    30.3  -1.3   0.80   3.99  805.8     0.00   0.00    0.0  0.001  0.061  0.010  0.001  0.001  0.016
01:44:09 859.09   17.4   28.0   1418    1.2     11    8.1    30.3  -1.2   0.80   4.01  806.8     0.00   0.00    0.0  0.001  0.061  0.010  0.001  0.001  0.016
01:44:10 859.03   17.4   28.0   1419    1.4     11    8.1    30.3  -1.2   0.80   4.02  807.8     0.00   0.00    0.0  0.001  0.061  0.010  0.001  0.001  0.016
01:44:11 859.12   17.3   28.1   1418    1.4     12    8.1    30.2  -1.3   0.80   4.00  808.8     0.00   0.00    0.0  0.001  0.060  0.010  0.001  0.001  0.016
01:44:12 859.35   17.4   28.0   1416    1.4     14    8.1    30.2  -1.3   0.80   4.00  809.8     0.00   0.00    0.0  0.001  0.060  0.010  0.001  0.001  0.016
01:44:13 859.01   17.3   28.1   1419    1.4     19    8.1    30.2  -1.3   0.80   4.00  810.8     0.00   0.00    0.0  0.001  0.060  0.010  0.001  0.001  0.016
01:44:15 859.29   17.4   27.9   1416    1.4     20    8.1    30.3  -1.3   0.80   3.99  812.8     0.00   0.00    0.0  0.001  0.060  0.010  0.001  0.001  0.016
01:44:16 859.32   17.5   27.9   1416    1.5     18    8.1    30.4  -1.2   0.80   4.02  813.8     0.00   0.00    0.0  0.001  0.060  0.009  0.001  0.001  0.016
01:44:17 859.36   17.6   27.9   1416    1.5     20    8.1    30.4  -1.2   0.80   4.04  814.8     0.00   0.00    0.0  0.001  0.060  0.010  0.001  0.001  0.016
01:44:18 859.40   17.3   28.0   1415    1.6     13    8.1    30.2  -1.3   0.80   3.99  815.8     0.00   0.00    0.0  0.001  0.060  0.010  0.001  0.001  0.016
01:44:19 859.42   17.3   28.0   1415    1.6      4    8.1    30.2  -1.3   0.80   3.99  816.8     0.00   0.00    0.0  0.001  0.060  0.010  0.001  0.001  0.016
01:44:22 859.57   17.3   28.0   1414    1.8     10    8.1    30.1  -1.4   0.80   3.98  819.8     0.00   0.00    0.0  0.001  0.060  0.010  0.001  0.001  0.016
01:44:25 859.63   17.4   28.0   1413    2.0     24    8.1    30.2  -1.3   0.80   4.01  822.8     0.00   0.00    0.0  0.001  0.060  0.010  0.001  0.001  0.016
01:44:27 859.72   17.4   28.0   1412    1.9     30    8.1    30.3  -1.2   0.80   4.03  824.8     0.00   0.00    0.0  0.001  0.060  0.009  0.001  0.001  0.016
01:44:28 860.08   17.5   28.0   1409    1.9     25    8.1    30.3  -1.2   0.80   4.03  825.8     0.00   0.00    0.0  0.001  0.060  0.009  0.001  0.001  0.016
01:44:29 860.11   17.5   28.0   1408    1.8     22    8.1    30.3  -1.2   0.80   4.03  826.8     0.00   0.00    0.0  0.001  0.060  0.009  0.001  0.001  0.016
01:44:30 860.17   17.4   28.0   1408    1.8     21    8.1    30.2  -1.2   0.80   4.02  827.8     0.00   0.00    0.0  0.001  0.060  0.010  0.001  0.001  0.016
01:44:31 860.40   17.4   28.0   1405    1.8     16    8.1    30.2  -1.2   0.80   4.01  828.8     0.00   0.00    0.0  0.001  0.060  0.010  0.001  0.001  0.016
01:44:36 860.42   17.4   28.0   1405    1.3      8    8.1    30.1  -1.3   0.80   3.99  833.8     0.00   0.00    0.0  0.001  0.060  0.009  0.001  0.001  0.015
01:44:38 860.47   17.5   28.1   1405    1.3      2    8.1    30.2  -1.1   0.80   4.05  835.7     0.00   0.00    0.0  0.001  0.060  0.009  0.001  0.001  0.015
01:44:39 860.52   17.6   28.0   1404    1.3    358    8.1    30.3  -1.1   0.80   4.06  836.7     0.00   0.00    0.0  0.001  0.060  0.009  0.001  0.001  0.015
01:44:40 860.49   17.6   28.0   1405    1.2    352    8.1    30.4  -1.1   0.80   4.07  837.7     0.00   0.00    0.0  0.001  0.060  0.009  0.001  0.001  0.015
01:44:42 860.75   17.5   27.9   1402    1.2    349    8.1    30.2  -1.2   0.80   4.01  839.7     0.00   0.00    0.0  0.001  0.060  0.009  0.001  0.001  0.015
01:44:43 860.71   17.5   28.0   1402    1.1    354    8.1    30.2  -1.2   0.80   4.03  840.7     0.00   0.00    0.0  0.001  0.060  0.009  0.001  0.001  0.015
01:44:44 860.96   17.5   27.9   1400    1.1    359    8.1    30.2  -1.3   0.80   4.01  841.7     0.00   0.00    0.0  0.001  0.060  0.009  0.001  0.001  0.015
01:44:45 861.10   17.4   28.0   1398    1.0    360    8.1    30.1  -1.3   0.80   4.00  842.7     0.00   0.00    0.0  0.001  0.060  0.009  0.001  0.001  0.015
01:44:46 860.85   17.4   28.0   1401    1.0      9    8.1    30.1  -1.2   0.80   4.01  843.7     0.00   0.00    0.0  0.001  0.060  0.009  0.001  0.001  0.015
01:44:47 860.84   17.5   28.2   1401    1.0      0    8.1    30.2  -1.1   0.80   4.06  844.7     0.00   0.00    0.0  0.001  0.060  0.009  0.001  0.001  0.015
01:44:48 861.17   17.6   28.1   1398    1.1     16    8.1    30.3  -1.1   0.80   4.06  845.7     0.00   0.00    0.0  0.001  0.060  0.009  0.001  0.001  0.015
01:44:49 861.04   17.5   28.0   1399    1.1     21    8.1    30.1  -1.2   0.80   4.02  846.7     0.00   0.00    0.0  0.001  0.059  0.009  0.001  0.001  0.015
01:44:50 861.09   17.5   28.0   1399    1.0     24    8.1    30.2  -1.2   0.80   4.03  847.7     0.00   0.00    0.0  0.001  0.060  0.009  0.001  0.001  0.015
01:44:52 861.50   17.6   28.0   1395    0.9     35    8.1    30.2  -1.1   0.80   4.06  849.7     0.00   0.00    0.0  0.001  0.059  0.009  0.001  0.001  0.015
01:44:57 861.67   17.6   28.0   1393    1.3     37    8.1    30.2  -1.1   0.80   4.06  854.7     0.00   0.00    0.0  0.001  0.059  0.009  0.001  0.001  0.015
01:44:59 861.96   17.5   28.2   1390    1.2     24    8.1    30.1  -1.0   0.80   4.07  856.7     0.00   0.00    0.0  0.001  0.059  0.009  0.001  0.001  0.015
01:45:00 861.75   17.6   28.3   1392    1.2     11    8.1    30.2  -1.0   0.80   4.09  857.7     0.00   0.00    0.0  0.001  0.059  0.009  0.001  0.001  0.015
01:45:02 861.83   17.5   28.3   1391    1.2     14    8.1    30.1  -1.0   0.80   4.09  859.7     0.00   0.00    0.0  0.001  0.059  0.009  0.001  0.001  0.015
01:45:03 862.19   17.6   28.2   1388    1.3     21    8.1    30.1  -1.0   0.80   4.08  860.7     0.00   0.00    0.0  0.001  0.059  0.009  0.001  0.001  0.015
01:45:05 862.02   17.7   28.2   1389    1.3     20    8.1    30.3  -0.9   0.80   4.13  862.7     0.00   0.00    0.0  0.001  0.059  0.009  0.001  0.001  0.015
01:45:06 862.40   17.6   28.3   1386    1.4     13    8.1    30.2  -1.0   0.80   4.10  863.7     0.00   0.00    0.0  0.001  0.059  0.009  0.001  0.001  0.015
01:45:07 862.18   17.7   28.2   1388    1.5     11    8.1    30.3  -0.9   0.81   4.13  864.7     0.00   0.00    0.0  0.001  0.059  0.009  0.001  0.001  0.015
01:45:09 862.16   17.7   28.1   1388    1.8     18    8.1    30.2  -1.0   0.80   4.09  866.7     0.00   0.00    0.0  0.001  0.059  0.009  0.001  0.001  0.015
01:45:10 862.29   17.7   28.2   1387    1.9     16    8.1    30.2  -0.9   0.80   4.11  867.7     0.00   0.00    0.0  0.001  0.059  0.009  0.001  0.001  0.015
01:45:11 862.38   17.7   28.1   1386    1.7     21    8.1    30.3  -0.9   0.80   4.10  868.7     0.00   0.00    0.0  0.001  0.059  0.009  0.001  0.001  0.015
01:45:12 862.55   17.8   28.1   1384    1.7     22    8.1    30.3  -0.9   0.80   4.11  869.7     0.00   0.00    0.0  0.001  0.059  0.009  0.001  0.001  0.015
01:45:14 862.57   17.8   28.0   1384    1.7     23    8.1    30.4  -0.9   0.80   4.11  871.7     0.00   0.00    0.0  0.001  0.059  0.009  0.001  0.001  0.015
01:45:15 862.80   17.7   28.0   1382    1.6     17    8.1    30.2  -1.0   0.80   4.08  872.7     0.00   0.00    0.0  0.001  0.059  0.009  0.001  0.001  0.015
01:45:16 862.82   17.8   28.0   1382    1.4     14    8.1    30.3  -1.0   0.80   4.09  873.7     0.00   0.00    0.0  0.001  0.059  0.009  0.001  0.001  0.015
01:45:17 862.64   17.6   28.0   1383    1.4      3    8.1    30.2  -1.1   0.80   4.06  874.7     0.00   0.00    0.0  0.001  0.059  0.009  0.001  0.001  0.015
01:45:21 862.80   17.6   27.6   1382    1.4    360    8.1    30.2  -1.3   0.80   3.99  878.7     0.00   0.00    0.0  0.001  0.059  0.009  0.001  0.001  0.015
01:45:22 863.13   17.6   27.6   1378    1.4      1    8.1    30.1  -1.3   0.80   3.97  879.7     0.00   0.00    0.0  0.001  0.059  0.009  0.001  0.001  0.015
01:45:23 862.91   17.6   27.6   1381    1.6    359    8.1    30.1  -1.3   0.80   3.98  880.7     0.00   0.00    0.0  0.001  0.059  0.009  0.001  0.001  0.015
01:45:24 863.26   17.7   27.6   1377    1.7      0    8.1    30.2  -1.2   0.80   4.00  881.7     0.00   0.00    0.0  0.001  0.058  0.009  0.001  0.001  0.015
01:45:26 863.20   17.7   27.5   1378    1.7      6    8.1    30.2  -1.2   0.80   4.01  883.7     0.00   0.00    0.0  0.001  0.058  0.009  0.001  0.001  0.015
01:45:27 863.11   17.7   27.5   1379    1.6      9    8.1    30.2  -1.2   0.80   4.00  884.7     0.00   0.00    0.0  0.001  0.058  0.009  0.001  0.001  0.015
01:45:28 863.44   17.7   27.5   1375    1.4     10    8.1    30.1  -1.3   0.80   3.98  885.7     0.00   0.00    0.0  0.001  0.058  0.009  0.001  0.001  0.015
01:45:29 863.46   17.7   27.5   1375    1.4      9    8.1    30.2  -1.2   0.80   4.00  886.7     0.00   0.00    0.0  0.001  0.058  0.009  0.001  0.001  0.015
01:45:30 863.57   17.7   27.6   1374    1.4      9    8.1    30.1  -1.2   0.80   4.01  887.7     0.00   0.00    0.0  0.001  0.058  0.009  0.001  0.001  0.015
01:45:34 863.60   17.8   27.6   1374    1.5      4    8.1    30.3  -1.1   0.80   4.05  891.7     0.00   0.00    0.0  0.001  0.058  0.009  0.001  0.001  0.015
01:45:38 864.18   17.7   27.6   1368    2.1      2    8.1    30.1  -1.2   0.80   4.02  895.7     0.00   0.00    0.0  0.001  0.058  0.009  0.001  0.001  0.015
01:45:39 864.28   18.0   27.6   1367    2.3      3    8.1    30.3  -1.0   0.80   4.08  896.7     0.00   0.00    0.0  0.001  0.058  0.009  0.001  0.001  0.015
01:45:40 863.92   17.9   27.5   1371    2.6    356    8.1    30.3  -1.1   0.80   4.04  897.7     0.00   0.00    0.0  0.001  0.058  0.009  0.001  0.001  0.015
01:45:41 864.30   17.8   27.4   1367    2.6    359    8.1    30.2  -1.2   0.80   4.01  898.7     0.00   0.00    0.0  0.001  0.058  0.009  0.001  0.001  0.015
01:45:42 863.88   17.9   27.4   1371    2.8    359    8.1    30.3  -1.1   0.80   4.03  899.7     0.00   0.00    0.0  0.001  0.058  0.009  0.001  0.001  0.015
01:45:43 864.23   17.9   27.4   1368    2.7      2    8.1    30.2  -1.2   0.80   4.02  900.7     0.00   0.00    0.0  0.001  0.058  0.009  0.001  0.001  0.015
01:45:45 864.12   17.9   27.6   1369    2.8      4    8.1    30.3  -1.1   0.80   4.05  902.7     0.00   0.00    0.0  0.001  0.058  0.009  0.001  0.001  0.015
01:45:46 864.93   17.8   27.5   1361    2.7      1    8.1    30.2  -1.1   0.80   4.03  903.7     0.00   0.00    0.0  0.001  0.058  0.009  0.001  0.001  0.015
01:45:47 864.50   17.9   27.5   1365    2.6      1    8.1    30.3  -1.1   0.80   4.05  904.7     0.00   0.00    0.0  0.001  0.058  0.009  0.001  0.001  0.015
01:45:48 864.26   17.7   27.5   1367    2.3      3    8.1    30.1  -1.3   0.80   3.98  905.7     0.00   0.00    0.0  0.001  0.058  0.009  0.001  0.001  0.015
01:45:49 864.53   17.7   27.4   1365    2.1      8    8.1    30.1  -1.3   0.80   3.99  906.7     0.00   0.00    0.0  0.001  0.058  0.009  0.001  0.001  0.015
01:45:51 864.67   17.8   27.3   1363    1.6     14    8.1    30.1  -1.3   0.80   3.98  908.7     0.00   0.00    0.0  0.001  0.058  0.009  0.001  0.001  0.015
01:45:52 864.44   17.8   27.3   1366    1.4     16    8.1    30.1  -1.3   0.80   3.98  909.7     0.00   0.00    0.0  0.001  0.058  0.009  0.001  0.001  0.015
01:45:53 864.62   17.7   27.3   1364    1.3     18    8.1    30.0  -1.4   0.80   3.95  910.7     0.00   0.00    0.0  0.001  0.058  0.009  0.001  0.001  0.015
01:45:57 864.96   17.8   27.2   1360    0.8     10    8.1    30.1  -1.3   0.80   3.97  914.7     0.00   0.00    0.0  0.001  0.058  0.009  0.001  0.001  0.015
01:45:58 865.04   17.8   27.2   1360    0.8      5    8.1    30.1  -1.3   0.80   3.98  915.7     0.00   0.00    0.0  0.001  0.057  0.009  0.001  0.001  0.015
01:45:59 865.07   18.0   27.2   1359    0.8      1    8.1    30.3  -1.2   0.80   4.01  916.7     0.00   0.00    0.0  0.001  0.058  0.009  0.001  0.001  0.015
01:46:00 865.09   18.0   27.1   1359    0.9    360    8.1    30.4  -1.1   0.80   4.02  917.7     0.00   0.00    0.0  0.001  0.057  0.009  0.001  0.001  0.015
01:46:02 865.24   17.8   27.1   1358    1.0      9    8.1    30.1  -1.4   0.80   3.94  919.7     0.00   0.00    0.0  0.001  0.057  0.009  0.001  0.001  0.015
01:46:03 865.25   18.0   27.0   1357    1.0     12    8.1    30.3  -1.3   0.80   3.99  920.7     0.00   0.00    0.0  0.001  0.057  0.009  0.001  0.001  0.015
01:46:05 865.37   18.1   26.9   1356    1.1     13    8.1    30.4  -1.2   0.80   3.99  922.7     0.00   0.00    0.0  0.001  0.057  0.009  0.001  0.001  0.015
01:46:06 865.52   18.1   26.8   1355    1.1     10    8.1    30.4  -1.2   0.80   4.00  923.7     0.00   0.00    0.0  0.001  0.057  0.009  0.001  0.001  0.015
01:46:07 865.61   18.1   26.8   1354    1.2      7    8.1    30.3  -1.3   0.80   3.98  924.7     0.00   0.00    0.0  0.001  0.057  0.009  0.001  0.001  0.015
01:46:08 865.69   18.0   26.8   1353    1.3      5    8.1    30.2  -1.4   0.80   3.94  925.7     0.00   0.00    0.0  0.001  0.057  0.009  0.001  0.001  0.015
01:46:09 865.45   18.0   26.7   1355    1.4      5    8.1    30.3  -1.4   0.80   3.94  926.7     0.00   0.00    0.0  0.001  0.057  0.009  0.001  0.001  0.015
01:46:11 865.96   18.1   26.7   1351    1.4    357    8.1    30.4  -1.3   0.80   3.97  928.7     0.00   0.00    0.0  0.001  0.057  0.009  0.001  0.001  0.015
01:46:12 865.89   18.0   26.6   1351    1.5    358    8.1    30.3  -1.4   0.80   3.93  929.7     0.00   0.00    0.0  0.001  0.057  0.009  0.001  0.001  0.015
01:46:13 865.94   18.0   26.6   1351    1.5    359    8.1    30.2  -1.5   0.80   3.91  930.7     0.00   0.00    0.0  0.001  0.057  0.009  0.001  0.001  0.015
01:46:14 865.95   18.1   26.7   1351    1.5    359    8.1    30.3  -1.3   0.80   3.96  931.7     0.00   0.00    0.0  0.001  0.057  0.009  0.001  0.001  0.015
01:46:19 866.48   18.1   26.6   1345    1.7    352    8.1    30.3  -1.4   0.80   3.94  936.7     0.00   0.00    0.0  0.001  0.057  0.009  0.001  0.001  0.015
01:46:20 866.38   18.1   26.6   1346    1.8    350    8.1    30.3  -1.3   0.80   3.95  937.6     0.00   0.00    0.0  0.001  0.057  0.009  0.001  0.001  0.015
01:46:21 866.29   18.0   26.6   1347    1.7    351    8.1    30.2  -1.4   0.80   3.93  938.6     0.00   0.00    0.0  0.001  0.057  0.009  0.001  0.001  0.015
01:46:24 866.45   18.1   26.7   1346    1.6    356    8.1    30.3  -1.3   0.80   3.97  941.6     0.00   0.00    0.0  0.001  0.057  0.009  0.001  0.001  0.015
01:46:25 866.46   18.1   26.7   1346    1.5    357    8.1    30.2  -1.4   0.80   3.95  942.6     0.00   0.00    0.0  0.001  0.057  0.009  0.001  0.001  0.015
01:46:26 866.59   18.2   26.6   1344    1.5    358    8.1    30.3  -1.3   0.80   3.95  943.6     0.00   0.00    0.0  0.001  0.057  0.009  0.001  0.001  0.015
01:46:27 866.62   18.0   26.7   1344    1.4    355    8.1    30.1  -1.4   0.80   3.92  944.6     0.00   0.00    0.0  0.002  0.057  0.009  0.001  0.001  0.015
01:46:29 866.96   18.1   26.7   1341    1.2    345    8.1    30.3  -1.3   0.80   3.97  946.6     0.00   0.00    0.0  0.001  0.057  0.009  0.001  0.001  0.015
01:46:30 866.91   18.1   26.7   1341    1.2    345    8.1    30.2  -1.3   0.80   3.95  947.6     0.00   0.00    0.0  0.001  0.057  0.009  0.001  0.001  0.015
01:46:31 866.98   18.1   26.6   1340    1.2    350    8.1    30.2  -1.3   0.80   3.95  948.6     0.00   0.00    0.0  0.001  0.057  0.009  0.001  0.001  0.015
01:46:32 867.00   18.2   26.6   1340    1.2    351    8.1    30.3  -1.3   0.80   3.97  949.6     0.00   0.00    0.0  0.001  0.057  0.009  0.001  0.001  0.015
01:46:34 867.02   18.2   26.6   1340    1.1    348    8.1    30.3  -1.3   0.80   3.96  951.6     0.00   0.00    0.0  0.001  0.057  0.009  0.001  0.001  0.014
01:46:37 867.33   18.3   26.6   1337    1.2    350    8.1    30.4  -1.2   0.80   3.98  954.6     0.00   0.00    0.0  0.001  0.056  0.009  0.001  0.001  0.014
01:46:39 867.61   18.1   26.6   1334    1.2    354    8.1    30.2  -1.3   0.80   3.95  956.6     0.00   0.00    0.0  0.001  0.056  0.009  0.001  0.001  0.014
01:46:40 867.38   18.1   26.5   1336    1.2    357    8.1    30.2  -1.4   0.80   3.93  957.6     0.00   0.00    0.0  0.001  0.056  0.009  0.001  0.001  0.015
01:46:41 867.73   18.0   26.6   1333    1.2    360    8.1    30.0  -1.5   0.80   3.91  958.6     0.00   0.00    0.0  0.001  0.056  0.009  0.001  0.001  0.014
01:46:42 867.56   18.2   26.5   1335    1.1      1    8.1    30.2  -1.3   0.80   3.94  959.6     0.00   0.00    0.0  0.001  0.056  0.009  0.002  0.001  0.014
01:46:43 867.62   18.2   26.6   1334    1.1      2    8.1    30.2  -1.3   0.80   3.96  960.6     0.00   0.00    0.0  0.001  0.056  0.009  0.001  0.001  0.014
01:46:44 867.59   18.1   26.5   1334    1.1      4    8.1    30.2  -1.4   0.80   3.93  961.6     0.00   0.00    0.0  0.001  0.056  0.009  0.001  0.001  0.014
01:46:46 867.87   18.1   26.7   1332    1.1     12    8.1    30.1  -1.4   0.80   3.94  963.6     0.00   0.00    0.0  0.001  0.056  0.009  0.002  0.001  0.014
01:46:47 867.96   18.3   26.8   1331    1.2     10    8.1    30.3  -1.1   0.80   4.02  964.6     0.00   0.00    0.0  0.001  0.056  0.009  0.002  0.001  0.014
01:46:48 867.67   18.4   26.7   1334    1.2     12    8.1    30.4  -1.1   0.80   4.03  965.6     0.00   0.00    0.0  0.001  0.056  0.009  0.001  0.001  0.014
01:46:49 867.90   18.3   26.9   1331    1.2      7    8.1    30.4  -1.0   0.80   4.05  966.6     0.00   0.00    0.0  0.001  0.056  0.009  0.001  0.001  0.014
01:46:50 868.01   18.3   27.0   1330    1.2      7    8.1    30.4  -1.0   0.80   4.07  967.6     0.00   0.00    0.0  0.001  0.056  0.009  0.001  0.001  0.015
01:46:52 868.18   18.3   26.9   1329    1.2      7    8.1    30.3  -1.0   0.80   4.05  969.6     0.00   0.00    0.0  0.001  0.056  0.009  0.001  0.001  0.014
01:46:54 868.20   18.3   26.7   1328    1.3      6    8.1    30.3  -1.2   0.80   4.00  971.6     0.00   0.00    0.0  0.001  0.056  0.009  0.001  0.001  0.014
01:46:55 868.29   18.4   26.8   1328    1.3    359    8.1    30.4  -1.1   0.80   4.04  972.6     0.00   0.00    0.0  0.001  0.056  0.009  0.002  0.001  0.014
01:46:56 868.23   18.2   26.8   1328    1.2      3    8.1    30.2  -1.2   0.80   4.00  973.6     0.00   0.00    0.0  0.002  0.056  0.009  0.002  0.001  0.014
01:46:58 868.32   18.1   26.9   1327    1.2     14    8.1    30.1  -1.2   0.80   3.99  975.6     0.00   0.00    0.0  0.001  0.056  0.009  0.001  0.001  0.014
01:47:00 868.49   18.3   26.9   1326    1.2     15    8.1    30.3  -1.0   0.80   4.04  977.6     0.00   0.00    0.0  0.002  0.056  0.009  0.002  0.001  0.014
01:47:01 868.92   18.2   27.0   1321    1.2     10    8.1    30.2  -1.1   0.80   4.04  978.6     0.00   0.00    0.0  0.001  0.056  0.009  0.001  0.001  0.014
01:47:02 868.48   18.2   26.9   1326    1.2      5    8.1    30.2  -1.1   0.80   4.03  979.6     0.00   0.00    0.0  0.001  0.056  0.009  0.002  0.001  0.014
01:47:06 868.99   18.5   26.6   1321    1.2    357    8.1    30.4  -1.0   0.80   4.04  983.6     0.00   0.00    0.0  0.001  0.056  0.009  0.001  0.001  0.014
01:47:08 869.11   18.4   26.5   1319    1.1    355    8.1    30.3  -1.2   0.80   4.00  985.6     0.00   0.00    0.0  0.001  0.056  0.009  0.002  0.001  0.014
01:47:09 869.21   18.4   26.5   1318    1.1    353    8.1    30.3  -1.1   0.80   4.00  986.6     0.00   0.00    0.0  0.001  0.056  0.009  0.001  0.001  0.014
01:47:10 869.21   18.4   26.6   1318    1.0    352    8.1    30.3  -1.1   0.80   4.02  987.6     0.00   0.00    0.0  0.001  0.056  0.009  0.002  0.001  0.014
01:47:11 869.18   18.2   26.6   1319    1.0    352    8.1    30.1  -1.3   0.80   3.96  988.6     0.00   0.00    0.0  0.001  0.056  0.009  0.002  0.001  0.014
01:47:12 869.12   18.2   26.6   1319    0.9    357    8.1    30.2  -1.2   0.80   3.98  989.6     0.00   0.00    0.0  0.002  0.056  0.009  0.002  0.001  0.014
01:47:18 869.68   18.5   26.6   1314    0.8     14    8.1    30.3  -1.1   0.80   4.03  995.6     0.00   0.00    0.0  0.002  0.056  0.009  0.002  0.001  0.014
01:47:19 869.55   18.4   26.5   1315    0.8     19    8.1    30.3  -1.1   0.80   4.00  996.6     0.00   0.00    0.0  0.002  0.056  0.009  0.002  0.001  0.014
01:47:20 869.56   18.3   26.4   1315    0.8     23    8.1    30.1  -1.3   0.80   3.95  997.6     0.00   0.00    0.0  0.001  0.055  0.009  0.002  0.001  0.014
01:47:22 869.59   18.3   26.5   1315    0.8     27    8.1    30.2  -1.2   0.80   3.98  999.6     0.00   0.00    0.0  0.002  0.055  0.009  0.002  0.001  0.014
01:47:24 869.73   18.3   26.6   1313    0.8     38    8.1    30.2  -1.2   0.80   4.00 1001.6     0.00   0.00    0.0  0.002  0.055  0.009  0.001  0.001  0.014
01:47:25 869.70   18.4   26.5   1314    0.7     48    8.1    30.3  -1.1   0.80   4.01 1002.6     0.00   0.00    0.0  0.002  0.055  0.009  0.002  0.001  0.014
01:47:30 869.79   18.2   26.2   1313    0.8     57    8.1    30.1  -1.4   0.80   3.90 1007.6     0.00   0.00    0.0  0.002  0.055  0.009  0.002  0.001  0.014
01:47:32 869.84   18.2   26.2   1312    0.8     81    8.1    30.1  -1.4   0.80   3.90 1009.6     0.00   0.00    0.0  0.002  0.055  0.009  0.002  0.001  0.014
01:47:34 870.03   18.5   26.3   1310    0.8    132    8.1    30.3  -1.2   0.80   3.99 1011.6     0.00   0.00    0.0  0.021  0.056  0.009  0.002  0.001  0.014
01:47:38 869.83   18.3   27.2   1312    0.8    168    8.1    30.1  -0.9   0.80   4.08 1015.6     0.00   0.00    0.0  0.021  0.055  0.009  0.002  0.001  0.014
01:49:34 869.99   18.2   27.2   1311    0.0    283    8.2    30.0  -1.0   0.80   4.05 1132.2     0.00   0.00    0.0  0.019  0.053  0.008  0.001  0.001  0.013
01:49:35 869.68   18.4   27.5   1314   38.5     20    8.2    30.3  -0.6   0.81   4.17 1133.2     0.00   0.00    0.0  0.019  0.053  0.008  0.001  0.001  0.013
01:49:36 869.88   18.7   27.3   1312    0.5     15    8.2    30.5  -0.5   0.81   4.22 1134.2     0.00   0.00    0.0  0.019  0.053  0.008  0.001  0.001  0.013
01:49:38 869.82   18.7   27.3   1312    0.5     12    8.2    30.5  -0.5   0.81   4.21 1136.2     0.00   0.00    0.0  0.019  0.053  0.008  0.001  0.001  0.013
01:49:39 869.84   18.7   27.0   1312    0.5     15    8.2    30.6  -0.7   0.81   4.17 1137.2     0.00   0.00    0.0  0.019  0.053  0.008  0.001  0.001  0.013
01:49:42 869.97   18.6   26.6   1311    0.6     24    8.1    30.5  -0.9   0.80   4.09 1140.2     0.00   0.00    0.0  0.019  0.053  0.008  0.001  0.001  0.013
01:49:43 870.03   18.7   26.7   1310    0.5     29    8.1    30.6  -0.8   0.80   4.13 1141.2     0.00   0.00    0.0  0.019  0.053  0.008  0.001  0.001  0.013
01:49:44 870.14   18.5   26.8   1309    0.5     28    8.1    30.3  -1.0   0.80   4.06 1142.2     0.00   0.00    0.0  0.019  0.053  0.008  0.001  0.001  0.013
01:49:45 870.10   18.7   26.9   1310    0.5     24    8.1    30.5  -0.7   0.81   4.15 1143.2     0.00   0.00    0.0  0.019  0.053  0.008  0.001  0.001  0.013
01:49:46 869.88   18.8   26.9   1312    0.5     20    8.1    30.7  -0.6   0.81   4.19 1144.2     0.00   0.00    0.0  0.019  0.053  0.008  0.001  0.001  0.013
01:49:47 869.94   18.7   26.7   1311    0.5     19    8.1    30.6  -0.7   0.81   4.14 1145.2     0.00   0.00    0.0  0.019  0.053  0.008  0.001  0.001  0.013
01:49:48 869.98   18.7   26.5   1311    0.5     21    8.1    30.5  -0.9   0.80   4.08 1146.2     0.00   0.00    0.0  0.019  0.053  0.008  0.001  0.001  0.013
01:49:49 869.99   18.8   26.6   1311    0.5     25    8.1    30.6  -0.8   0.81   4.13 1147.2     0.00   0.00    0.0  0.019  0.053  0.008  0.001  0.001  0.013
01:49:50 869.80   18.6   26.7   1313    0.5     30    8.1    30.5  -0.9   0.80   4.10 1148.2     0.00   0.00    0.0  0.019  0.053  0.008  0.001  0.001  0.013
01:49:51 869.98   18.7   26.5   1311    0.5     32    8.1    30.5  -0.9   0.80   4.08 1149.2     0.00   0.00    0.0  0.019  0.053  0.008  0.001  0.001  0.013
01:49:53 869.97   18.6   26.5   1311    0.5     35    8.1    30.4  -1.0   0.80   4.05 1151.2     0.00   0.00    0.0  0.019  0.053  0.008  0.001  0.001  0.013
01:49:58 869.72   18.7   26.4   1313    0.3     53    8.1    30.6  -0.9   0.80   4.07 1156.2     0.00   0.00    0.0  0.019  0.053  0.008  0.001  0.001  0.013
01:49:59 869.65   18.6   26.3   1314    0.3     52    8.1    30.5  -1.0   0.80   4.04 1157.2     0.00   0.00    0.0  0.019  0.053  0.008  0.001  0.001  0.013
01:50:03 869.42   18.3   26.7   1316    0.3     30    8.1    30.2  -1.2   0.80   3.99 1161.2     0.00   0.00    0.0  0.019  0.053  0.008  0.001  0.001  0.013
01:50:05 869.40   18.3   26.8   1317    0.3     22    8.1    30.1  -1.1   0.80   4.02 1163.2     0.00   0.00    0.0  0.019  0.053  0.008  0.001  0.001  0.013
01:50:07 869.54   18.2   26.6   1315    0.3     20    8.1    30.1  -1.3   0.80   3.97 1165.2     0.00   0.00    0.0  0.019  0.052  0.008  0.001  0.001  0.013
01:50:14 869.27   18.5   26.9   1318    0.4     24    8.1    30.4  -0.9   0.80   4.09 1172.2     0.00   0.00    0.0  0.019  0.052  0.008  0.001  0.001  0.013
01:50:15 868.99   18.3   26.8   1321    0.5     29    8.1    30.3  -1.1   0.80   4.03 1173.2     0.00   0.00    0.0  0.019  0.052  0.008  0.001  0.001  0.013
01:50:16 868.92   18.4   26.8   1321    0.5     30    8.1    30.4  -1.0   0.80   4.05 1174.2     0.00   0.00    0.0  0.019  0.052  0.008  0.002  0.001  0.013
01:50:18 868.77   18.5   26.7   1323    0.6     38    8.1    30.5  -1.0   0.80   4.07 1176.2     0.00   0.00    0.0  0.019  0.052  0.008  0.001  0.001  0.013
01:50:21 868.59   18.3   26.4   1325    0.5     45    8.1    30.3  -1.3   0.80   3.96 1179.1     0.00   0.00    0.0  0.019  0.052  0.008  0.002  0.001  0.013
01:50:22 868.49   18.2   26.4   1326    0.5     44    8.1    30.2  -1.4   0.80   3.93 1180.1     0.00   0.00    0.0  0.019  0.052  0.008  0.002  0.001  0.013
01:50:23 868.69   18.1   26.6   1324    0.5     39    8.1    30.1  -1.4   0.80   3.94 1181.1     0.00   0.00    0.0  0.019  0.052  0.008  0.002  0.001  0.013
01:50:24 868.54   18.1   26.7   1325    0.4     36    8.1    30.1  -1.3   0.80   3.95 1182.1     0.00   0.00    0.0  0.019  0.052  0.008  0.002  0.001  0.013
01:50:25 868.78   18.1   26.7   1323    0.4     34    8.1    30.1  -1.3   0.80   3.96 1183.1     0.00   0.00    0.0  0.019  0.052  0.008  0.002  0.001  0.013
01:50:26 868.50   18.1   26.8   1325    0.4     33    8.1    30.1  -1.3   0.80   3.96 1184.1     0.00   0.00    0.0  0.019  0.052  0.008  0.002  0.001  0.013
01:50:27 868.49   18.1   26.8   1326    0.4     29    8.1    30.1  -1.2   0.80   3.98 1185.1     0.00   0.00    0.0  0.019  0.052  0.008  0.001  0.001  0.013
01:50:31 868.44   18.4   26.8   1326    0.3     19    8.1    30.4  -1.0   0.80   4.07 1189.1     0.00   0.00    0.0  0.019  0.052  0.008  0.001  0.001  0.013
01:50:35 868.13   18.2   27.2   1329    0.5     25    8.1    30.2  -1.0   0.80   4.06 1193.1     0.00   0.00    0.0  0.018  0.052  0.008  0.002  0.001  0.013
01:50:36 868.08   18.2   27.3   1330    0.5     31    8.1    30.2  -1.0   0.80   4.07 1194.1     0.00   0.00    0.0  0.018  0.052  0.008  0.002  0.001  0.013
01:50:37 868.35   18.3   27.2   1327    0.7     31    8.1    30.2  -0.9   0.80   4.09 1195.1     0.00   0.00    0.0  0.018  0.052  0.008  0.002  0.001  0.013
01:50:41 867.87   18.2   27.2   1332    0.9     14    8.1    30.2  -1.0   0.80   4.06 1199.1     0.00   0.00    0.0  0.018  0.052  0.008  0.002  0.001  0.013
01:50:43 867.72   18.2   27.0   1333    0.9     17    8.1    30.3  -1.0   0.80   4.05 1201.1     0.00   0.00    0.0  0.018  0.052  0.008  0.002  0.001  0.013
01:50:46 867.68   18.1   27.0   1334    0.8     17    8.1    30.2  -1.1   0.80   4.02 1204.1     0.00   0.00    0.0  0.018  0.052  0.008  0.002  0.001  0.013
01:50:47 867.55   18.1   27.0   1335    0.8     19    8.1    30.2  -1.1   0.80   4.02 1205.1     0.00   0.00    0.0  0.018  0.051  0.008  0.002  0.001  0.013
01:50:48 867.51   18.1   27.1   1335    0.7     22    8.1    30.2  -1.1   0.80   4.02 1206.1     0.00   0.00    0.0  0.018  0.051  0.008  0.002  0.001  0.012
01:50:49 867.37   18.1   26.9   1337    0.7     27    8.1    30.2  -1.2   0.80   4.00 1207.1     0.00   0.00    0.0  0.018  0.051  0.008  0.002  0.001  0.013
01:50:52 867.53   18.2   27.3   1335    0.7     32    8.1    30.2  -0.9   0.80   4.08 1210.1     0.00   0.00    0.0  0.018  0.051  0.008  0.002  0.001  0.013
01:50:54 867.40   18.3   27.0   1336    0.8     28    8.1    30.4  -0.9   0.80   4.08 1212.1     0.00   0.00    0.0  0.018  0.051  0.008  0.002  0.001  0.012
01:50:56 867.25   18.4   27.2   1338    0.7     23    8.1    30.5  -0.8   0.80   4.12 1214.1     0.00   0.00    0.0  0.018  0.051  0.008  0.002  0.001  0.012
01:50:57 867.37   18.3   27.1   1337    0.7     21    8.1    30.4  -0.9   0.80   4.08 1215.1     0.00   0.00    0.0  0.018  0.051  0.008  0.002  0.001  0.012
01:50:58 867.15   18.3   27.0   1339    0.7     23    8.1    30.4  -0.9   0.80   4.08 1216.1     0.00   0.00    0.0  0.018  0.051  0.008  0.002  0.001  0.012
01:50:59 867.16   18.2   27.0   1339    0.7     26    8.1    30.3  -1.1   0.80   4.03 1217.1     0.00   0.00    0.0  0.018  0.051  0.008  0.002  0.001  0.012
01:51:00 867.09   18.3   27.0   1339    0.8     27    8.1    30.4  -1.0   0.80   4.06 1218.1     0.00   0.00    0.0  0.018  0.051  0.008  0.002  0.001  0.012
01:51:01 867.01   18.4   26.9   1340    0.7     31    8.1    30.5  -1.0   0.80   4.08 1219.1     0.00   0.00    0.0  0.018  0.051  0.008  0.002  0.001  0.012
01:51:04 867.20   18.1   26.5   1338    0.7     39    8.1    30.2  -1.4   0.80   3.94 1222.1     0.00   0.00    0.0  0.018  0.051  0.008  0.002  0.001  0.012
01:51:05 867.01   18.0   26.7   1340    0.7     42    8.1    30.2  -1.4   0.80   3.93 1223.1     0.00   0.00    0.0  0.018  0.051  0.008  0.002  0.001  0.012
01:51:07 867.04   18.0   26.8   1340    0.6     28    8.1    30.1  -1.4   0.80   3.94 1225.1     0.00   0.00    0.0  0.018  0.051  0.008  0.002  0.001  0.012
01:51:09 866.72   18.4   27.2   1343    0.7     19    8.1    30.5  -0.8   0.81   4.13 1227.1     0.00   0.00    0.0  0.018  0.051  0.008  0.002  0.001  0.012
01:51:10 866.70   18.3   27.1   1343    0.8     20    8.1    30.4  -1.0   0.80   4.08 1228.1     0.00   0.00    0.0  0.018  0.051  0.008  0.002  0.001  0.012
01:51:11 866.81   18.0   26.9   1342    0.8     20    8.1    30.2  -1.2   0.80   3.98 1229.1     0.00   0.00    0.0  0.018  0.051  0.008  0.002  0.001  0.012
01:51:12 866.61   18.1   26.9   1344    0.8     25    8.1    30.3  -1.2   0.80   4.00 1230.1     0.00   0.00    0.0  0.018  0.051  0.008  0.002  0.001  0.012
01:51:13 866.72   18.1   26.7   1343    0.8     25    8.1    30.2  -1.3   0.80   3.96 1231.1     0.00   0.00    0.0  0.018  0.051  0.008  0.002  0.001  0.012
01:51:14 866.45   18.2   26.8   1346    0.8     27    8.1    30.4  -1.2   0.80   4.01 1232.1     0.00   0.00    0.0  0.018  0.051  0.008  0.002  0.001  0.012
01:51:16 866.51   18.2   26.8   1345    0.9     30    8.1    30.4  -1.2   0.80   4.00 1234.1     0.00   0.00    0.0  0.018  0.051  0.008  0.002  0.001  0.012
01:51:17 866.60   18.0   26.9   1344    0.9     36    8.1    30.2  -1.3   0.80   3.96 1235.1     0.00   0.00    0.0  0.018  0.051  0.008  0.002  0.001  0.012
01:51:18 866.48   18.0   26.7   1345    0.8     39    8.1    30.1  -1.4   0.80   3.92 1236.1     0.00   0.00    0.0  0.018  0.051  0.008  0.002  0.001  0.012
01:51:19 866.14   18.0   26.8   1349    0.8     44    8.1    30.2  -1.4   0.80   3.94 1237.1     0.00   0.00    0.0  0.018  0.051  0.008  0.002  0.001  0.012
01:51:20 866.30   18.1   26.7   1347    0.8     53    8.1    30.3  -1.3   0.80   3.97 1238.1     0.00   0.00    0.0  0.018  0.051  0.008  0.002  0.001  0.012
01:51:21 866.20   18.0   26.8   1348    0.7     66    8.1    30.2  -1.3   0.80   3.96 1239.1     0.00   0.00    0.0  0.018  0.051  0.008  0.002  0.001  0.012
01:51:22 866.16   17.9   27.1   1349    0.7     78    8.1    30.1  -1.3   0.80   3.96 1240.1     0.00   0.00    0.0  0.018  0.051  0.008  0.002  0.001  0.012
01:51:23 866.18   17.8   27.4   1348    0.7     84    8.1    30.0  -1.2   0.80   4.01 1241.1     0.00   0.00    0.0  0.018  0.051  0.008  0.002  0.001  0.012
01:51:24 866.15   17.8   27.5   1349    0.7    105    8.1    30.0  -1.2   0.80   4.01 1242.1     0.00   0.00    0.0  0.018  0.050  0.008  0.002  0.001  0.012
01:51:25 866.26   17.9   27.7   1347    0.7    125    8.1    30.1  -1.0   0.80   4.08 1243.1     0.00   0.00    0.0  0.018  0.050  0.008  0.002  0.001  0.012
01:51:26 866.29   18.0   27.9   1347    1.0    140    8.1    30.1  -0.8   0.80   4.13 1244.1     0.00   0.00    0.0  0.018  0.050  0.008  0.002  0.001  0.012
01:51:28 866.22   17.8   28.1   1348    1.0    143    8.1    30.0  -0.9   0.80   4.11 1246.1     0.00   0.00    0.0  0.018  0.050  0.008  0.002  0.001  0.012
01:51:31 865.85   17.8   28.5   1352    1.2    140    8.1    30.0  -0.7   0.81   4.18 1249.1     0.00   0.00    0.0  0.018  0.050  0.008  0.002  0.002  0.012
01:51:33 866.01   18.0   28.6   1350    1.2    137    8.1    30.2  -0.5   0.81   4.25 1251.1     0.00   0.00    0.0  0.018  0.050  0.008  0.002  0.001  0.012
01:51:34 865.81   17.9   28.6   1352    1.2    134    8.1    30.1  -0.6   0.81   4.22 1252.1     0.00   0.00    0.0  0.018  0.050  0.008  0.002  0.001  0.012
01:51:35 865.72   17.8   28.7   1353    1.1    130    8.1    30.1  -0.5   0.81   4.23 1253.1     0.00   0.00    0.0  0.018  0.050  0.008  0.002  0.001  0.012
01:51:36 865.85   17.9   28.8   1352    1.1    129    8.1    30.1  -0.5   0.81   4.25 1254.1     0.00   0.00    0.0  0.018  0.050  0.008  0.002  0.001  0.012
01:51:37 865.66   17.8   28.8   1353    1.0    123    8.1    30.0  -0.6   0.81   4.22 1255.1     0.00   0.00    0.0  0.018  0.050  0.008  0.002  0.001  0.012
01:51:40 865.79   17.8   29.0   1352    0.8     47    8.1    30.0  -0.5   0.81   4.25 1258.1     0.00   0.00    0.0  0.018  0.050  0.008  0.002  0.001  0.012
01:51:41 865.59   17.8   28.8   1354    0.8     24    8.1    30.1  -0.5   0.81   4.24 1259.1     0.00   0.00    0.0  0.018  0.050  0.008  0.002  0.001  0.012
01:51:42 865.35   17.9   28.7   1357    1.0      7    8.1    30.2  -0.5   0.81   4.25 1260.1     0.00   0.00    0.0  0.018  0.050  0.008  0.002  0.001  0.012
01:51:44 865.22   17.9   28.5   1358    1.1     14    8.1    30.2  -0.6   0.81   4.21 1262.1     0.00   0.00    0.0  0.018  0.050  0.008  0.002  0.001  0.012
01:51:45 865.29   17.9   28.4   1357    1.2     13    8.1    30.2  -0.6   0.81   4.19 1263.1     0.00   0.00    0.0  0.018  0.050  0.008  0.002  0.001  0.012
01:51:49 865.05   17.8   28.0   1359    1.3     14    8.1    30.1  -0.9   0.80   4.11 1267.1     0.00   0.00    0.0  0.017  0.050  0.008  0.002  0.001  0.012
01:51:50 865.01   17.8   28.0   1360    1.4     20    8.1    30.1  -0.9   0.80   4.11 1268.1     0.00   0.00    0.0  0.017  0.050  0.008  0.002  0.001  0.012
01:51:51 865.19   17.9   27.9   1358    1.4     27    8.1    30.2  -0.9   0.80   4.11 1269.1     0.00   0.00    0.0  0.017  0.050  0.007  0.002  0.001  0.012
01:51:52 864.93   18.0   27.9   1361    1.4     36    8.1    30.3  -0.8   0.80   4.13 1270.1     0.00   0.00    0.0  0.017  0.050  0.007  0.002  0.001  0.012
01:51:53 865.04   17.8   27.8   1360    1.4     57    8.1    30.1  -1.0   0.80   4.08 1271.1     0.00   0.00    0.0  0.017  0.050  0.007  0.002  0.001  0.012
01:51:54 865.15   17.7   27.8   1358    1.4     62    8.1    30.0  -1.1   0.80   4.05 1272.1     0.00   0.00    0.0  0.017  0.050  0.008  0.002  0.001  0.012
01:51:56 864.83   18.0   27.8   1362    1.4     52    8.1    30.3  -0.9   0.80   4.12 1274.1     0.00   0.00    0.0  0.017  0.050  0.008  0.002  0.002  0.012
01:51:57 864.46   17.8   27.8   1365    1.4     46    8.1    30.1  -1.0   0.80   4.07 1275.1     0.00   0.00    0.0  0.017  0.050  0.007  0.002  0.001  0.012
01:51:58 864.82   17.8   27.7   1362    1.5     46    8.1    30.1  -1.1   0.80   4.05 1276.1     0.00   0.00    0.0  0.017  0.050  0.008  0.002  0.001  0.012
01:51:59 864.49   17.7   27.8   1365    1.5     58    8.1    30.1  -1.0   0.80   4.06 1277.1     0.00   0.00    0.0  0.017  0.049  0.007  0.002  0.001  0.012
01:52:00 864.71   17.9   27.8   1363    1.5     98    8.1    30.2  -0.9   0.80   4.10 1278.1     0.00   0.00    0.0  0.017  0.049  0.007  0.002  0.001  0.012
01:52:01 864.45   17.7   27.8   1365    1.5    103    8.1    30.1  -1.1   0.80   4.04 1279.0     0.00   0.00    0.0  0.017  0.049  0.007  0.002  0.001  0.012
01:52:02 864.52   17.7   27.8   1365    1.4     98    8.1    30.1  -1.1   0.80   4.06 1280.0     0.00   0.00    0.0  0.017  0.049  0.007  0.002  0.001  0.012
01:52:05 864.34   17.7   28.2   1366    1.4     73    8.1    30.1  -0.9   0.80   4.10 1283.0     0.00   0.00    0.0  0.017  0.049  0.007  0.002  0.001  0.012
01:52:06 864.34   17.7   28.2   1367    1.4     91    8.1    30.1  -0.9   0.80   4.10 1284.0     0.00   0.00    0.0  0.017  0.049  0.007  0.002  0.002  0.012
01:52:11 864.22   17.9   28.1   1368    1.7    101    8.1    30.3  -0.8   0.81   4.13 1289.0     0.00   0.00    0.0  0.017  0.049  0.007  0.002  0.001  0.012
01:52:13 864.55   17.9   28.1   1364    1.6    104    8.1    30.2  -0.8   0.81   4.14 1291.0     0.00   0.00    0.0  0.017  0.049  0.007  0.002  0.001  0.012
01:52:14 864.18   17.8   28.0   1368    1.6    126    8.1    30.1  -0.9   0.80   4.09 1292.0     0.00   0.00    0.0  0.017  0.049  0.007  0.002  0.001  0.012
01:52:16 863.97   17.8   28.0   1370    1.7    141    8.1    30.2  -0.9   0.80   4.11 1294.0     0.00   0.00    0.0  0.017  0.049  0.007  0.002  0.001  0.012
01:52:17 863.94   17.8   28.1   1370    1.6    137    8.1    30.2  -0.9   0.80   4.12 1295.0     0.00   0.00    0.0  0.017  0.049  0.007  0.002  0.001  0.012
01:52:18 864.08   17.7   28.1   1369    1.5    141    8.1    30.1  -1.0   0.80   4.08 1296.0     0.00   0.00    0.0  0.017  0.049  0.007  0.002  0.001  0.012
01:52:22 863.67   17.6   28.4   1373    1.5    183    8.1    30.1  -0.9   0.80   4.13 1300.0     0.00   0.00    0.0  0.017  0.049  0.007  0.002  0.001  0.012
01:52:23 863.86   17.7   28.3   1371    1.6    186    8.1    30.2  -0.8   0.81   4.14 1301.0     0.00   0.00    0.0  0.017  0.049  0.007  0.002  0.001  0.012
01:52:25 863.57   17.8   28.2   1374    1.6    186    8.1    30.2  -0.8   0.81   4.13 1303.0     0.00   0.00    0.0  0.017  0.049  0.007  0.002  0.002  0.012
01:52:26 863.60   17.7   28.1   1374    1.6    190    8.1    30.1  -1.0   0.80   4.09 1304.0     0.00   0.00    0.0  0.017  0.049  0.007  0.002  0.002  0.012
01:52:27 863.61   17.7   28.1   1374    1.5    193    8.1    30.1  -1.0   0.80   4.09 1305.0     0.00   0.00    0.0  0.017  0.049  0.007  0.002  0.001  0.012
01:52:28 863.56   17.7   28.0   1374    1.5    196    8.1    30.1  -1.0   0.80   4.08 1306.0     0.00   0.00    0.0  0.017  0.049  0.007  0.002  0.001  0.012
01:52:32 863.22   17.6   28.0   1378    1.7    216    8.1    30.1  -1.1   0.80   4.05 1310.0     0.00   0.00    0.0  0.017  0.049  0.007  0.002  0.002  0.012
01:52:35 863.17   17.7   28.1   1378    1.5    215    8.1    30.2  -1.0   0.80   4.08 1313.0     0.00   0.00    0.0  0.017  0.049  0.007  0.002  0.001  0.012
01:52:36 863.40   17.7   28.0   1376    1.4    219    8.1    30.1  -1.0   0.80   4.07 1314.0     0.00   0.00    0.0  0.017  0.048  0.007  0.002  0.001  0.012
01:52:37 863.37   17.7   28.0   1376    1.4    222    8.1    30.2  -1.0   0.80   4.08 1315.0     0.00   0.00    0.0  0.017  0.048  0.007  0.002  0.001  0.012
01:52:38 863.09   17.7   28.1   1379    1.4    224    8.1    30.2  -0.9   0.80   4.10 1316.0     0.00   0.00    0.0  0.017  0.048  0.007  0.002  0.001  0.012
01:52:39 863.42   17.6   28.0   1376    1.4    231    8.1    30.1  -1.1   0.80   4.05 1317.0     0.00   0.00    0.0  0.017  0.048  0.007  0.002  0.001  0.012
01:52:43 863.70   17.5   28.4   1373    1.7    244    8.1    29.9  -1.0   0.80   4.09 1321.0     0.00   0.00    0.0  0.017  0.048  0.007  0.002  0.001  0.012
01:52:44 863.07   17.6   28.4   1379    1.7    239    8.1    30.1  -0.9   0.80   4.11 1322.0     0.00   0.00    0.0  0.017  0.048  0.007  0.002  0.001  0.012
01:52:46 862.67   17.5   28.3   1383    2.3    171    8.1    30.1  -1.0   0.80   4.09 1324.0     0.00   0.00    0.0  0.017  0.048  0.007  0.002  0.001  0.012
01:52:47 862.85   17.6   28.3   1381    2.3    142    8.1    30.1  -0.9   0.80   4.11 1325.0     0.00   0.00    0.0  0.017  0.048  0.007  0.002  0.001  0.012
01:52:49 862.96   17.7   28.3   1380    2.5    125    8.1    30.2  -0.9   0.80   4.13 1327.0     0.00   0.00    0.0  0.017  0.048  0.007  0.002  0.001  0.012
01:52:50 862.56   17.6   28.2   1384    2.5    129    8.1    30.2  -0.9   0.80   4.11 1328.0     0.00   0.00    0.0  0.017  0.048  0.007  0.002  0.001  0.012
01:52:51 862.56   17.7   28.3   1384    2.6    149    8.1    30.3  -0.9   0.80   4.13 1329.0     0.00   0.00    0.0  0.017  0.048  0.007  0.002  0.001  0.012
01:52:52 862.54   17.6   28.2   1384    2.8    141    8.1    30.1  -1.0   0.80   4.08 1330.0     0.00   0.00    0.0  0.017  0.048  0.007  0.002  0.001  0.012
01:52:53 862.54   17.6   28.3   1384    2.8    145    8.1    30.2  -1.0   0.80   4.10 1331.0     0.00   0.00    0.0  0.017  0.048  0.007  0.002  0.002  0.012
01:52:56 862.55   17.6   28.4   1384    2.5    148    8.1    30.1  -0.9   0.80   4.10 1334.0     0.00   0.00    0.0  0.017  0.048  0.007  0.002  0.001  0.012
01:52:58 862.45   17.6   28.5   1385    2.3    144    8.1    30.2  -0.8   0.81   4.14 1336.0     0.00   0.00    0.0  0.017  0.048  0.007  0.002  0.001  0.012
01:52:59 862.20   17.6   28.6   1388    2.2    141    8.1    30.2  -0.8   0.81   4.15 1337.0     0.00   0.00    0.0  0.017  0.048  0.007  0.002  0.001  0.011
01:53:00 862.22   17.7   28.5   1387    2.0    136    8.1    30.2  -0.8   0.81   4.15 1338.0     0.00   0.00    0.0  0.017  0.048  0.007  0.002  0.002  0.012
01:53:01 862.12   17.5   28.5   1388    1.8    111    8.1    30.1  -0.9   0.80   4.12 1339.0     0.00   0.00    0.0  0.017  0.048  0.007  0.002  0.001  0.011
01:53:02 862.23   17.6   28.7   1387    1.5     98    8.1    30.2  -0.8   0.81   4.16 1340.0     0.00   0.00    0.0  0.017  0.048  0.007  0.002  0.001  0.012
01:53:04 862.19   17.6   28.6   1388    1.4     71    8.1    30.2  -0.8   0.81   4.14 1342.0     0.00   0.00    0.0  0.017  0.048  0.007  0.002  0.001  0.012
01:53:09 861.97   17.5   28.7   1390    0.9     12    8.1    30.1  -0.8   0.81   4.14 1347.0     0.00   0.00    0.0  0.017  0.048  0.007  0.002  0.002  0.011
01:53:10 861.95   17.5   28.8   1390    0.9    341    8.1    30.1  -0.8   0.81   4.15 1348.0     0.00   0.00    0.0  0.017  0.048  0.007  0.002  0.001  0.012
01:53:11 862.15   17.5   28.7   1388    0.9    320    8.1    30.1  -0.8   0.81   4.14 1349.0     0.00   0.00    0.0  0.016  0.048  0.007  0.002  0.001  0.011
01:53:12 861.80   17.5   28.7   1392    1.1    303    8.1    30.1  -0.9   0.81   4.13 1350.0     0.00   0.00    0.0  0.016  0.048  0.007  0.002  0.002  0.011
01:53:13 861.62   17.5   28.8   1393    1.3    264    8.1    30.1  -0.8   0.81   4.15 1351.0     0.00   0.00    0.0  0.016  0.048  0.007  0.002  0.001  0.011
01:53:15 861.49   17.5   28.9   1395    1.4    262    8.1    30.1  -0.8   0.81   4.17 1353.0     0.00   0.00    0.0  0.016  0.047  0.007  0.002  0.001  0.011
01:53:17 861.40   17.4   28.9   1396    1.4    261    8.1    30.1  -0.8   0.81   4.17 1355.0     0.00   0.00    0.0  0.016  0.047  0.007  0.002  0.001  0.011
01:53:19 861.41   17.3   29.0   1395    1.6    231    8.0    30.0  -0.8   0.81   4.15 1357.0     0.00   0.00    0.0  0.016  0.047  0.007  0.002  0.001  0.011
01:53:20 861.34   17.4   28.9   1396    1.8    235    8.1    30.1  -0.8   0.81   4.15 1358.0     0.00   0.00    0.0  0.016  0.047  0.007  0.002  0.002  0.011
01:53:21 861.44   17.4   29.0   1395    1.8    239    8.0    30.1  -0.8   0.81   4.17 1359.0     0.00   0.00    0.0  0.016  0.047  0.007  0.002  0.001  0.011
01:53:24 861.23   17.4   29.1   1397    1.8    279    8.0    30.0  -0.8   0.81   4.16 1362.0     0.00   0.00    0.0  0.016  0.047  0.007  0.002  0.002  0.011
01:53:26 861.13   17.4   28.9   1398    1.7    275    8.0    30.1  -0.8   0.81   4.16 1364.0     0.00   0.00    0.0  0.016  0.047  0.007  0.002  0.002  0.011
01:53:27 861.35   17.4   28.8   1396    1.7    280    8.0    30.1  -0.8   0.81   4.14 1365.0     0.00   0.00    0.0  0.016  0.047  0.007  0.002  0.001  0.011
01:53:28 860.95   17.5   28.7   1400    1.7    281    8.0    30.2  -0.8   0.81   4.16 1366.0     0.00   0.00    0.0  0.016  0.047  0.007  0.002  0.001  0.011
01:53:29 861.19   17.5   28.7   1398    1.7    182    8.0    30.1  -0.9   0.80   4.13 1367.0     0.00   0.00    0.0  0.016  0.047  0.007  0.002  0.001  0.011
01:53:30 860.98   17.4   28.7   1400    1.8    118    8.0    30.1  -0.9   0.80   4.11 1368.0     0.00   0.00    0.0  0.016  0.047  0.007  0.002  0.002  0.011
01:53:31 860.96   17.5   28.6   1400    1.8    121    8.0    30.2  -0.9   0.81   4.13 1369.0     0.00   0.00    0.0  0.016  0.047  0.007  0.002  0.002  0.011
01:53:32 861.03   17.4   28.5   1399    1.8    119    8.0    30.1  -1.0   0.80   4.09 1370.0     0.00   0.00    0.0  0.016  0.047  0.007  0.002  0.001  0.011
01:53:33 860.86   17.3   28.5   1401    1.8     95    8.0    30.1  -1.1   0.80   4.06 1371.0     0.00   0.00    0.0  0.016  0.047  0.007  0.002  0.002  0.011
01:53:34 860.93   17.5   28.4   1400    1.9     92    8.0    30.2  -1.0   0.80   4.09 1372.0     0.00   0.00    0.0  0.016  0.047  0.007  0.002  0.002  0.011
01:53:35 860.81   17.4   28.3   1401    1.9    104    8.0    30.1  -1.1   0.80   4.06 1373.0     0.00   0.00    0.0  0.016  0.047  0.007  0.002  0.002  0.011
01:53:38 860.71   17.3   28.4   1402    1.8    125    8.0    30.1  -1.1   0.80   4.06 1376.0     0.00   0.00    0.0  0.016  0.047  0.007  0.002  0.001  0.011
01:53:39 860.72   17.4   28.3   1402    1.7    130    8.0    30.2  -1.1   0.80   4.07 1377.0     0.00   0.00    0.0  0.016  0.047  0.007  0.002  0.002  0.011
01:53:40 860.79   17.3   28.4   1402    1.7    133    8.0    30.0  -1.2   0.80   4.04 1378.0     0.00   0.00    0.0  0.016  0.047  0.007  0.002  0.002  0.011
01:53:43 860.38   17.3   28.9   1406    1.5    132    8.0    30.1  -0.9   0.80   4.13 1380.9     0.00   0.00    0.0  0.016  0.047  0.007  0.002  0.002  0.011
01:53:44 860.36   17.3   29.0   1406    1.4    137    8.0    30.1  -0.8   0.81   4.15 1381.9     0.00   0.00    0.0  0.016  0.047  0.007  0.002  0.002  0.011
01:53:45 860.32   17.3   29.1   1406    1.4    154    8.0    30.1  -0.8   0.81   4.16 1382.9     0.00   0.00    0.0  0.016  0.047  0.007  0.002  0.001  0.011
01:53:46 860.43   17.3   29.1   1405    1.4    169    8.0    30.1  -0.8   0.81   4.16 1383.9     0.00   0.00    0.0  0.016  0.047  0.007  0.002  0.002  0.011
01:53:47 860.34   17.3   29.1   1406    1.4    170    8.0    30.0  -0.9   0.81   4.14 1384.9     0.00   0.00    0.0  0.016  0.047  0.007  0.002  0.002  0.011
01:53:50 860.34   17.3   28.9   1406    1.3    179    8.0    30.1  -0.9   0.80   4.12 1387.9     0.00   0.00    0.0  0.016  0.047  0.007  0.002  0.002  0.011
01:53:53 860.17   17.4   28.7   1408    1.3    223    8.0    30.2  -0.9   0.81   4.13 1390.9     0.00   0.00    0.0  0.016  0.047  0.007  0.002  0.002  0.011
01:53:54 860.17   17.3   28.7   1408    1.2    231    8.0    30.1  -1.0   0.80   4.10 1391.9     0.00   0.00    0.0  0.016  0.047  0.007  0.002  0.002  0.011
01:53:55 860.25   17.4   28.6   1407    1.2    233    8.0    30.2  -1.0   0.80   4.10 1392.9     0.00   0.00    0.0  0.016  0.047  0.007  0.002  0.002  0.011
01:53:58 859.75   17.2   28.5   1412    1.2    244    8.0    30.0  -1.2   0.80   4.03 1395.9     0.00   0.00    0.0  0.016  0.046  0.007  0.002  0.002  0.011
01:53:59 859.67   17.2   28.7   1413    1.4    266    8.0    30.1  -1.1   0.80   4.07 1396.9     0.00   0.00    0.0  0.016  0.046  0.007  0.002  0.002  0.011
01:54:00 859.75   17.2   28.9   1412    1.5    287    8.0    30.0  -1.0   0.80   4.10 1397.9     0.00   0.00    0.0  0.016  0.046  0.007  0.002  0.001  0.011
01:54:02 859.98   17.3   28.9   1410    1.6    295    8.0    30.1  -0.9   0.81   4.14 1399.9     0.00   0.00    0.0  0.016  0.046  0.007  0.002  0.001  0.011
01:54:03 859.67   17.3   28.9   1413    1.8    277    8.0    30.1  -0.9   0.81   4.14 1400.9     0.00   0.00    0.0  0.016  0.046  0.007  0.002  0.002  0.011
01:54:04 859.88   17.4   28.9   1411    1.9    284    8.0    30.2  -0.8   0.81   4.15 1401.9     0.00   0.00    0.0  0.016  0.046  0.007  0.002  0.001  0.011
01:54:05 859.68   17.2   28.9   1413    2.0    308    8.0    30.1  -1.0   0.80   4.10 1402.9     0.00   0.00    0.0  0.016  0.046  0.007  0.002  0.001  0.011
01:54:07 859.67   17.4   28.8   1413    2.0    303    8.0    30.3  -0.9   0.81   4.14 1404.9     0.00   0.00    0.0  0.016  0.046  0.007  0.002  0.002  0.011
01:54:08 859.60   17.2   28.7   1413    1.9    334    8.0    30.1  -1.1   0.80   4.08 1405.9     0.00   0.00    0.0  0.016  0.046  0.007  0.002  0.002  0.011
01:54:09 859.68   17.4   28.6   1413    1.9      7    8.0    30.2  -0.9   0.80   4.12 1406.9     0.00   0.00    0.0  0.016  0.046  0.007  0.002  0.002  0.011
01:54:12 859.38   17.3   28.6   1416    1.9     37    8.0    30.2  -1.0   0.80   4.08 1409.9     0.00   0.00    0.0  0.016  0.046  0.007  0.002  0.002  0.011
01:54:13 859.32   17.2   28.6   1416    1.9     55    8.0    30.1  -1.1   0.80   4.06 1410.9     0.00   0.00    0.0  0.016  0.046  0.007  0.002  0.002  0.011
01:54:14 859.41   17.3   28.5   1415    1.8     99    8.0    30.1  -1.1   0.80   4.06 1411.9     0.00   0.00    0.0  0.016  0.046  0.007  0.002  0.002  0.011
01:54:16 859.22   17.3   28.5   1417    1.7    111    8.0    30.2  -1.1   0.80   4.07 1413.9     0.00   0.00    0.0  0.016  0.046  0.007  0.002  0.002  0.011
01:54:18 859.37   17.4   28.4   1416    1.5    112    8.0    30.2  -1.1   0.80   4.07 1415.9     0.00   0.00    0.0  0.016  0.046  0.007  0.002  0.002  0.011
01:54:19 858.96   17.3   28.4   1420    1.4    108    8.0    30.2  -1.1   0.80   4.06 1416.9     0.00   0.00    0.0  0.016  0.046  0.007  0.002  0.002  0.011
01:54:20 858.96   17.3   28.4   1420    1.4    103    8.0    30.2  -1.1   0.80   4.07 1417.9     0.00   0.00    0.0  0.016  0.046  0.007  0.002  0.002  0.011
01:54:21 858.91   17.4   28.5   1420    1.4    115    8.0    30.3  -1.0   0.80   4.09 1418.9     0.00   0.00    0.0  0.016  0.046  0.007  0.002  0.002  0.011
01:54:24 858.90   17.2   29.1   1420    1.3    109    8.0    30.1  -0.9   0.80   4.13 1421.9     0.00   0.00    0.0  0.016  0.046  0.007  0.002  0.002  0.011
01:54:25 859.01   17.2   29.1   1419    1.3    101    8.0    30.0  -0.9   0.80   4.13 1422.9     0.00   0.00    0.0  0.016  0.046  0.007  0.002  0.002  0.011
01:54:26 858.78   17.1   29.3   1421    1.2     94    8.0    30.0  -0.9   0.80   4.12 1423.9     0.00   0.00    0.0  0.016  0.046  0.007  0.002  0.002  0.011
01:54:27 858.86   17.2   29.4   1421    1.2     89    8.0    30.1  -0.8   0.81   4.17 1424.9     0.00   0.00    0.0  0.016  0.046  0.007  0.002  0.002  0.011
01:54:28 859.09   17.3   29.4   1418    1.1     81    8.0    30.2  -0.7   0.81   4.20 1425.9     0.00   0.00    0.0  0.016  0.046  0.007  0.002  0.002  0.011
01:54:29 858.65   17.2   29.5   1423    1.0     72    8.0    30.1  -0.7   0.81   4.20 1426.9     0.00   0.00    0.0  0.016  0.046  0.007  0.002  0.002  0.011
01:54:30 858.69   17.3   29.6   1422    0.9     65    8.0    30.2  -0.6   0.81   4.23 1427.9     0.00   0.00    0.0  0.016  0.046  0.007  0.002  0.002  0.011
01:54:31 858.60   17.4   29.5   1423    0.8     62    8.0    30.3  -0.5   0.81   4.26 1428.9     0.00   0.00    0.0  0.016  0.046  0.007  0.002  0.002  0.011
01:54:32 858.74   17.5   29.6   1422    0.8     63    8.0    30.5  -0.4   0.81   4.32 1429.9     0.00   0.00    0.0  0.016  0.046  0.007  0.002  0.002  0.011
01:54:33 858.51   17.3   29.6   1424    0.7     67    8.0    30.2  -0.6   0.81   4.25 1430.9     0.00   0.00    0.0  0.016  0.046  0.007  0.002  0.002  0.011
01:54:34 858.83   17.3   29.7   1421    0.6     68    8.0    30.2  -0.5   0.81   4.27 1431.9     0.00   0.00    0.0  0.016  0.046  0.007  0.002  0.002  0.011
01:54:37 858.92   17.1   29.7   1420    0.3     56    8.0    30.0  -0.7   0.81   4.20 1434.9     0.00   0.00    0.0  0.015  0.045  0.007  0.002  0.002  0.011
01:54:38 858.36   17.1   29.7   1426    0.4     30    8.0    30.1  -0.7   0.81   4.20 1435.9     0.00   0.00    0.0  0.016  0.045  0.007  0.002  0.002  0.011
01:54:39 858.10   17.1   29.6   1428    0.4      5    8.0    30.1  -0.7   0.81   4.19 1436.9     0.00   0.00    0.0  0.016  0.045  0.007  0.002  0.002  0.011
01:54:40 858.25   17.1   29.4   1427    0.5    321    8.0    30.1  -0.8   0.81   4.17 1437.9     0.00   0.00    0.0  0.016  0.045  0.007  0.002  0.002  0.011
01:54:41 858.14   17.1   29.4   1428    0.6    287    8.0    30.0  -0.9   0.81   4.15 1438.9     0.00   0.00    0.0  0.016  0.045  0.007  0.002  0.002  0.011
01:54:42 858.14   17.2   29.5   1428    0.8    286    8.0    30.1  -0.8   0.81   4.19 1439.9     0.00   0.00    0.0  0.016  0.045  0.007  0.002  0.002  0.011
01:54:43 858.33   17.2   29.5   1426    1.0    288    8.0    30.1  -0.8   0.81   4.18 1440.9     0.00   0.00    0.0  0.015  0.045  0.007  0.002  0.002  0.011
01:54:44 858.17   17.2   29.5   1428    1.1    290    8.0    30.1  -0.8   0.81   4.18 1441.9     0.00   0.00    0.0  0.015  0.045  0.007  0.002  0.002  0.011
01:54:45 858.04   17.2   29.4   1429    1.1    287    8.0    30.2  -0.8   0.81   4.18 1442.9     0.00   0.00    0.0  0.015  0.045  0.007  0.002  0.002  0.011
01:54:48 857.99   17.2   29.3   1429    1.3    310    8.0    30.2  -0.8   0.81   4.16 1445.9     0.00   0.00    0.0  0.015  0.045  0.007  0.002  0.002  0.011
01:54:49 857.86   17.2   29.2   1431    1.2    309    8.0    30.2  -0.8   0.81   4.16 1446.9     0.00   0.00    0.0  0.016  0.045  0.007  0.002  0.002  0.011
01:54:51 857.83   17.2   29.2   1431    1.2    312    8.0    30.2  -0.9   0.81   4.14 1448.9     0.00   0.00    0.0  0.015  0.045  0.007  0.002  0.002  0.011
01:54:52 857.79   17.1   29.2   1431    1.2    313    8.0    30.1  -1.0   0.80   4.11 1449.9     0.00   0.00    0.0  0.015  0.045  0.007  0.002  0.002  0.011
01:54:53 857.72   17.1   29.1   1432    1.2    324    8.0    30.1  -1.0   0.80   4.12 1450.9     0.00   0.00    0.0  0.015  0.045  0.007  0.002  0.002  0.011
01:54:55 857.53   17.2   29.1   1434    1.3    320    8.0    30.2  -0.9   0.81   4.14 1452.9     0.00   0.00    0.0  0.015  0.045  0.007  0.002  0.002  0.011
01:54:56 857.60   17.1   29.1   1433    1.3    307    8.0    30.1  -1.0   0.80   4.12 1453.9     0.00   0.00    0.0  0.015  0.045  0.007  0.002  0.002  0.011
01:54:57 857.49   17.1   29.2   1434    1.2    297    8.0    30.1  -1.0   0.80   4.12 1454.9     0.00   0.00    0.0  0.015  0.045  0.007  0.002  0.002  0.011
01:54:58 857.41   17.1   29.2   1435    1.2    284    8.0    30.2  -1.0   0.80   4.12 1455.9     0.00   0.00    0.0  0.015  0.045  0.007  0.002  0.002  0.011
01:55:01 857.50   17.1   29.3   1434    1.0    277    8.0    30.1  -0.9   0.81   4.15 1458.9     0.00   0.00    0.0  0.015  0.045  0.007  0.002  0.002  0.011
01:55:02 857.42   17.1   29.4   1435    0.9    274    8.0    30.1  -0.9   0.81   4.16 1459.9     0.00   0.00    0.0  0.015  0.045  0.007  0.002  0.002  0.011
01:55:04 857.34   17.0   29.6   1436    0.8    307    8.0    30.1  -0.9   0.81   4.15 1461.9     0.00   0.00    0.0  0.015  0.045  0.007  0.002  0.002  0.011
01:55:06 857.29   17.0   29.7   1436    0.8    335    8.0    30.0  -0.8   0.81   4.17 1463.9     0.00   0.00    0.0  0.015  0.045  0.007  0.002  0.002  0.011
01:55:07 857.29   17.2   29.6   1436    0.8    343    8.0    30.2  -0.7   0.81   4.21 1464.9     0.00   0.00    0.0  0.015  0.045  0.007  0.002  0.002  0.011
01:55:08 857.20   17.1   29.6   1437    0.9    346    8.0    30.2  -0.7   0.81   4.20 1465.9     0.00   0.00    0.0  0.015  0.045  0.007  0.002  0.002  0.011
01:55:10 857.09   17.0   29.4   1438    0.9    332    8.0    30.1  -0.9   0.81   4.15 1467.9     0.00   0.00    0.0  0.015  0.045  0.007  0.002  0.002  0.011
01:55:12 857.00   17.1   29.3   1439    1.0    310    8.0    30.2  -0.9   0.81   4.14 1469.9     0.00   0.00    0.0  0.015  0.045  0.007  0.002  0.002  0.011
01:55:13 856.84   17.2   29.1   1441    1.1    318    8.0    30.3  -0.9   0.81   4.13 1470.9     0.00   0.00    0.0  0.015  0.045  0.007  0.002  0.002  0.011
01:55:14 856.84   17.0   29.1   1441    1.2    321    8.0    30.1  -1.0   0.80   4.10 1471.9     0.00   0.00    0.0  0.015  0.044  0.007  0.002  0.002  0.011
01:55:15 856.90   17.0   28.9   1440    1.2    339    8.0    30.1  -1.1   0.80   4.06 1472.9     0.00   0.00    0.0  0.015  0.045  0.007  0.002  0.002  0.011
01:55:16 856.90   17.1   28.9   1440    1.3      3    8.0    30.2  -1.1   0.80   4.08 1473.9     0.00   0.00    0.0  0.015  0.044  0.007  0.002  0.002  0.011
01:55:18 856.69   17.0   28.8   1442    1.3     64    8.0    30.1  -1.2   0.80   4.04 1475.9     0.00   0.00    0.0  0.015  0.044  0.007  0.002  0.002  0.011
01:55:19 856.74   17.0   28.7   1442    1.4     95    8.0    30.1  -1.3   0.80   4.02 1476.8     0.00   0.00    0.0  0.015  0.044  0.007  0.002  0.002  0.011
01:55:20 856.57   17.0   28.7   1443    1.5    107    8.0    30.2  -1.3   0.80   4.02 1477.9     0.00   0.00    0.0  0.015  0.044  0.007  0.002  0.002  0.011
01:55:23 856.60   17.0   28.7   1443    1.7    124    8.0    30.1  -1.3   0.80   4.01 1480.8     0.00   0.00    0.0  0.015  0.044  0.007  0.002  0.002  0.011
01:55:24 856.55   16.9   28.7   1444    1.7    126    8.0    30.0  -1.3   0.80   4.00 1481.8     0.00   0.00    0.0  0.015  0.044  0.007  0.002  0.002  0.011
01:55:26 856.51   16.9   28.8   1444    1.7    139    8.0    30.0  -1.3   0.80   4.02 1483.8     0.00   0.00    0.0  0.015  0.044  0.007  0.002  0.002  0.010
01:55:28 856.25   17.0   29.1   1447    1.6    144    8.0    30.1  -1.1   0.80   4.07 1485.8     0.00   0.00    0.0  0.015  0.044  0.007  0.002  0.002  0.010
01:55:30 856.28   16.9   29.4   1446    1.5    144    8.0    30.0  -1.1   0.80   4.10 1487.8     0.00   0.00    0.0  0.015  0.044  0.007  0.002  0.002  0.010
01:55:31 856.31   16.8   29.5   1446    1.4    154    8.0    30.0  -1.0   0.80   4.10 1488.8     0.00   0.00    0.0  0.015  0.044  0.007  0.002  0.002  0.010
01:55:32 856.21   16.9   29.7   1447    1.4    164    8.0    30.0  -0.9   0.81   4.13 1489.8     0.00   0.00    0.0  0.015  0.044  0.007  0.002  0.002  0.010
01:55:33 856.24   17.0   29.6   1447    1.4    170    8.0    30.1  -0.9   0.81   4.15 1490.8     0.00   0.00    0.0  0.015  0.044  0.007  0.002  0.002  0.011
01:55:35 856.13   17.0   29.5   1448    1.4    182    8.0    30.2  -0.9   0.81   4.16 1492.8     0.00   0.00    0.0  0.015  0.044  0.007  0.002  0.002  0.011
01:55:39 855.83   16.9   29.2   1451    1.4    219    8.0    30.1  -1.1   0.80   4.08 1496.8     0.00   0.00    0.0  0.015  0.044  0.007  0.002  0.002  0.010
01:55:40 855.73   16.9   29.1   1452    1.4    222    8.0    30.1  -1.2   0.80   4.06 1497.8     0.00   0.00    0.0  0.015  0.044  0.007  0.002  0.002  0.010
01:55:41 855.76   16.9   29.1   1451    1.4    226    8.0    30.1  -1.2   0.80   4.06 1498.8     0.00   0.00    0.0  0.015  0.044  0.007  0.002  0.002  0.010
01:55:42 855.94   16.9   29.0   1450    1.5    228    8.0    30.1  -1.2   0.80   4.04 1499.8     0.00   0.00    0.0  0.015  0.044  0.007  0.002  0.002  0.010
01:55:43 855.73   17.0   29.1   1452    1.5    235    8.0    30.2  -1.1   0.80   4.09 1500.8     0.00   0.00    0.0  0.015  0.044  0.007  0.002  0.002  0.010
01:55:44 855.77   17.0   29.1   1451    1.5    239    8.0    30.2  -1.1   0.80   4.08 1501.8     0.00   0.00    0.0  0.015  0.044  0.007  0.002  0.002  0.010
01:55:47 855.60   16.9   29.2   1453    1.5    249    8.0    30.1  -1.1   0.80   4.07 1504.8     0.00   0.00    0.0  0.015  0.044  0.007  0.002  0.002  0.010
01:55:49 855.53   16.9   29.3   1454    1.4    251    8.0    30.2  -1.0   0.80   4.10 1506.8     0.00   0.00    0.0  0.015  0.044  0.007  0.002  0.002  0.010
01:55:50 855.56   16.9   29.3   1454    1.4    255    8.0    30.1  -1.1   0.80   4.09 1507.8     0.00   0.00    0.0  0.015  0.044  0.007  0.002  0.002  0.010
01:55:54 855.48   16.9   29.6   1454    1.3    279    8.0    30.1  -0.9   0.81   4.14 1511.8     0.00   0.00    0.0  0.015  0.044  0.007  0.002  0.002  0.010
01:55:55 855.27   16.8   29.6   1456    1.4    287    8.0    30.1  -1.0   0.80   4.12 1512.8     0.00   0.00    0.0  0.015  0.044  0.007  0.002  0.002  0.010
01:55:56 855.40   16.8   29.5   1455    1.3    298    8.0    30.0  -1.1   0.80   4.09 1513.8     0.00   0.00    0.0  0.015  0.044  0.007  0.002  0.002  0.010
01:55:57 855.27   16.8   29.5   1456    1.4    304    7.9    30.1  -1.0   0.80   4.11 1514.8     0.00   0.00    0.0  0.015  0.043  0.006  0.002  0.002  0.010
01:55:58 854.96   16.8   29.4   1459    1.3    309    8.0    30.1  -1.1   0.80   4.09 1515.8     0.00   0.00    0.0  0.015  0.043  0.007  0.002  0.002  0.010
01:55:59 855.24   16.9   29.4   1457    1.3    314    8.0    30.1  -1.0   0.80   4.11 1516.8     0.00   0.00    0.0  0.015  0.043  0.007  0.002  0.002  0.010
01:56:01 854.83   16.8   29.4   1461    1.3    330    8.0    30.1  -1.1   0.80   4.09 1518.8     0.00   0.00    0.0  0.015  0.043  0.007  0.002  0.002  0.010
01:56:03 854.70   16.8   29.2   1462    1.3    347    7.9    30.1  -1.2   0.80   4.06 1520.8     0.00   0.00    0.0  0.015  0.043  0.006  0.002  0.002  0.010
01:56:04 854.68   16.8   29.2   1462    1.2    354    7.9    30.1  -1.2   0.80   4.06 1521.8     0.00   0.00    0.0  0.015  0.043  0.006  0.002  0.002  0.010
01:56:05 854.75   16.9   29.2   1462    1.2      1    8.0    30.2  -1.2   0.80   4.06 1522.8     0.00   0.00    0.0  0.015  0.043  0.007  0.002  0.002  0.010
01:56:07 854.71   16.8   29.2   1462    1.2      0    7.9    30.1  -1.2   0.80   4.07 1524.8     0.00   0.00    0.0  0.015  0.043  0.007  0.002  0.002  0.010
01:56:08 854.81   16.8   29.2   1461    1.1      2    7.9    30.1  -1.2   0.80   4.05 1525.8     0.00   0.00    0.0  0.015  0.043  0.007  0.002  0.002  0.010
01:56:09 854.69   16.8   29.3   1462    1.1    357    7.9    30.1  -1.1   0.80   4.08 1526.8     0.00   0.00    0.0  0.015  0.043  0.006  0.002  0.002  0.010
01:56:10 854.64   16.8   29.3   1463    1.1    351    7.9    30.1  -1.2   0.80   4.06 1527.8     0.00   0.00    0.0  0.015  0.043  0.007  0.002  0.002  0.010
01:56:11 854.63   16.8   29.2   1463    1.0    343    7.9    30.1  -1.2   0.80   4.07 1528.8     0.00   0.00    0.0  0.015  0.043  0.006  0.002  0.002  0.010
01:56:12 854.79   16.8   29.3   1461    1.0    324    7.9    30.1  -1.2   0.80   4.06 1529.8     0.00   0.00    0.0  0.015  0.043  0.006  0.002  0.002  0.010
01:56:13 854.55   16.8   29.3   1464    1.0    308    7.9    30.1  -1.2   0.80   4.05 1530.8     0.00   0.00    0.0  0.015  0.043  0.006  0.002  0.002  0.010
01:56:14 854.54   16.7   29.4   1464    0.9    300    7.9    30.1  -1.2   0.80   4.06 1531.8     0.00   0.00    0.0  0.015  0.043  0.006  0.002  0.002  0.010
01:56:16 854.53   16.9   29.4   1464    1.0    301    7.9    30.2  -1.0   0.80   4.11 1533.8     0.00   0.00    0.0  0.015  0.043  0.006  0.002  0.002  0.010
01:56:17 854.31   16.8   29.5   1466    0.9    309    7.9    30.1  -1.1   0.80   4.09 1534.8     0.00   0.00    0.0  0.015  0.043  0.006  0.002  0.002  0.010
01:56:18 854.41   16.7   29.6   1465    0.9    313    7.9    30.1  -1.1   0.80   4.09 1535.8     0.00   0.00    0.0  0.015  0.043  0.007  0.002  0.002  0.010
01:56:19 854.67   16.8   29.5   1462    0.8    321    7.9    30.1  -1.0   0.80   4.11 1536.8     0.00   0.00    0.0  0.015  0.043  0.006  0.002  0.002  0.010
01:56:20 854.46   16.8   29.6   1464    0.8    328    7.9    30.2  -1.0   0.81   4.13 1537.8     0.00   0.00    0.0  0.015  0.043  0.006  0.002  0.002  0.010
01:56:21 854.27   16.8   29.6   1466    0.8    331    7.9    30.2  -1.0   0.80   4.13 1538.8     0.00   0.00    0.0  0.015  0.043  0.007  0.002  0.002  0.010
01:56:22 854.24   16.7   29.6   1467    0.7    331    7.9    30.1  -1.1   0.80   4.10 1539.8     0.00   0.00    0.0  0.015  0.043  0.007  0.002  0.002  0.010
01:56:23 854.13   16.7   29.7   1468    0.7    321    7.9    30.1  -1.0   0.80   4.11 1540.8     0.00   0.00    0.0  0.015  0.043  0.007  0.002  0.002  0.010
01:56:24 854.28   16.7   29.6   1466    0.7    303    7.9    30.0  -1.1   0.80   4.07 1541.8     0.00   0.00    0.0  0.015  0.043  0.006  0.002  0.002  0.010
01:56:28 854.02   16.7   29.9   1469    0.8    226    7.9    30.1  -1.0   0.81   4.14 1545.8     0.00   0.00    0.0  0.015  0.043  0.006  0.002  0.002  0.010
01:56:29 853.83   16.7   30.0   1471    0.8    202    7.9    30.0  -1.0   0.81   4.13 1546.8     0.00   0.00    0.0  0.015  0.043  0.006  0.002  0.002  0.010
01:56:30 853.82   16.7   29.9   1471    0.9    189    7.9    30.1  -1.0   0.81   4.13 1547.8     0.00   0.00    0.0  0.015  0.043  0.006  0.002  0.002  0.010
01:56:33 853.78   16.7   29.8   1471    1.4    207    7.9    30.1  -1.0   0.80   4.13 1550.8     0.00   0.00    0.0  0.014  0.043  0.006  0.002  0.002  0.010
01:56:34 853.85   16.8   29.7   1471    1.5    210    7.9    30.2  -1.0   0.81   4.14 1551.8     0.00   0.00    0.0  0.015  0.043  0.006  0.002  0.002  0.010
01:56:35 853.94   16.8   29.6   1470    1.6    214    7.9    30.2  -1.0   0.80   4.12 1552.8     0.00   0.00    0.0  0.015  0.043  0.006  0.002  0.002  0.010
01:56:36 853.61   16.9   29.6   1473    1.7    210    7.9    30.3  -1.0   0.81   4.14 1553.8     0.00   0.00    0.0  0.015  0.043  0.006  0.002  0.002  0.010
01:56:38 853.57   16.8   29.6   1473    1.7    195    7.9    30.2  -1.0   0.80   4.12 1555.8     0.00   0.00    0.0  0.014  0.043  0.006  0.002  0.002  0.010
01:56:39 853.52   16.8   29.6   1474    1.7    190    7.9    30.2  -1.0   0.80   4.12 1556.8     0.00   0.00    0.0  0.014  0.043  0.006  0.002  0.002  0.010
01:56:40 853.58   16.8   29.6   1473    1.7    186    7.9    30.2  -1.1   0.80   4.11 1557.8     0.00   0.00    0.0  0.014  0.043  0.006  0.002  0.002  0.010
01:56:41 853.52   16.8   29.6   1474    1.7    181    7.9    30.2  -1.0   0.80   4.12 1558.8     0.00   0.00    0.0  0.014  0.042  0.006  0.002  0.002  0.010
01:56:42 853.45   16.8   29.5   1475    1.6    180    7.9    30.3  -1.0   0.80   4.11 1559.8     0.00   0.00    0.0  0.014  0.043  0.006  0.002  0.002  0.010
01:56:45 853.48   16.8   29.4   1474    1.5    176    7.9    30.2  -1.2   0.80   4.07 1562.8     0.00   0.00    0.0  0.014  0.042  0.006  0.002  0.002  0.010
01:56:49 853.23   16.6   29.8   1477    1.7    165    7.9    30.0  -1.1   0.80   4.09 1566.8     0.00   0.00    0.0  0.014  0.042  0.006  0.002  0.002  0.010
01:56:50 852.96   16.7   29.8   1479    1.7    166    7.9    30.2  -1.0   0.80   4.12 1567.8     0.00   0.00    0.0  0.014  0.042  0.006  0.002  0.002  0.010
01:56:51 852.95   16.6   29.8   1479    1.6    162    7.9    30.1  -1.1   0.80   4.10 1568.8     0.00   0.00    0.0  0.014  0.042  0.006  0.002  0.002  0.010
01:56:52 853.18   16.6   30.0   1477    1.5    161    7.9    30.1  -1.0   0.81   4.13 1569.8     0.00   0.00    0.0  0.014  0.042  0.006  0.002  0.002  0.010
01:56:56 853.02   16.6   30.0   1479    1.5    170    7.9    30.1  -1.0   0.80   4.12 1573.8     0.00   0.00    0.0  0.014  0.042  0.006  0.002  0.002  0.010
01:56:58 852.86   16.6   30.0   1480    1.6    163    7.9    30.1  -1.0   0.81   4.14 1575.8     0.00   0.00    0.0  0.014  0.042  0.006  0.002  0.002  0.010
01:57:02 852.80   16.6   30.4   1481    1.3     85    7.9    30.1  -0.8   0.81   4.20 1579.8     0.00   0.00    0.0  0.014  0.042  0.006  0.002  0.002  0.010
01:57:05 852.34   16.8   30.1   1486    1.2     42    7.9    30.3  -0.8   0.81   4.21 1582.7     0.00   0.00    0.0  0.014  0.042  0.006  0.002  0.002  0.010
01:57:06 852.19   16.7   30.0   1487    1.2     34    7.9    30.3  -0.9   0.81   4.17 1583.7     0.00   0.00    0.0  0.014  0.042  0.006  0.002  0.002  0.010
01:57:07 852.23   16.7   29.9   1487    1.2     33    7.9    30.2  -1.0   0.81   4.14 1584.7     0.00   0.00    0.0  0.014  0.042  0.006  0.002  0.002  0.010
01:57:08 852.50   16.6   29.9   1484    1.1     26    7.9    30.1  -1.1   0.80   4.11 1585.7     0.00   0.00    0.0  0.014  0.042  0.006  0.002  0.002  0.010
01:57:09 852.27   16.6   29.8   1486    1.2     14    7.9    30.2  -1.1   0.80   4.10 1586.7     0.00   0.00    0.0  0.014  0.042  0.006  0.002  0.002  0.010
01:57:10 852.41   16.6   29.7   1485    1.2     10    7.9    30.2  -1.1   0.80   4.09 1587.7     0.00   0.00    0.0  0.014  0.042  0.006  0.002  0.002  0.010
01:57:11 852.06   16.7   29.6   1488    1.2     11    7.9    30.3  -1.1   0.80   4.11 1588.7     0.00   0.00    0.0  0.014  0.042  0.006  0.002  0.002  0.010
01:57:12 852.33   16.7   29.5   1486    1.2      6    7.9    30.2  -1.2   0.80   4.07 1589.7     0.00   0.00    0.0  0.014  0.042  0.006  0.002  0.002  0.010
01:57:13 852.18   16.7   29.4   1487    1.1      4    7.9    30.2  -1.2   0.80   4.06 1590.7     0.00   0.00    0.0  0.014  0.042  0.006  0.002  0.002  0.010
01:57:14 851.93   16.6   29.3   1490    1.1      4    7.9    30.2  -1.3   0.80   4.02 1591.7     0.00   0.00    0.0  0.014  0.042  0.006  0.002  0.002  0.010
01:57:16 851.88   16.6   29.4   1490    1.2      3    7.9    30.2  -1.3   0.80   4.03 1593.7     0.00   0.00    0.0  0.014  0.042  0.006  0.002  0.002  0.010
01:57:17 852.00   16.6   29.4   1489    1.2    347    7.9    30.2  -1.3   0.80   4.04 1594.7     0.00   0.00    0.0  0.014  0.042  0.006  0.002  0.002  0.010
01:57:18 852.13   16.6   29.4   1488    1.4    341    7.9    30.2  -1.3   0.80   4.04 1595.7     0.00   0.00    0.0  0.014  0.042  0.006  0.002  0.002  0.010
01:57:19 851.69   16.6   29.4   1492    1.4    344    7.9    30.2  -1.3   0.80   4.04 1596.7     0.00   0.00    0.0  0.014  0.042  0.006  0.002  0.002  0.010
01:57:23 851.95   16.8   29.2   1489    1.4      4    7.9    30.3  -1.2   0.80   4.05 1600.7     0.00   0.00    0.0  0.014  0.041  0.006  0.002  0.002  0.010
01:57:24 851.85   16.6   29.2   1490    1.4      4    7.9    30.2  -1.4   0.80   4.01 1601.7     0.00   0.00    0.0  0.014  0.041  0.006  0.002  0.002  0.010
01:57:28 851.35   16.7   29.1   1495    1.3     36    7.9    30.4  -1.3   0.80   4.03 1605.7     0.00   0.00    0.0  0.014  0.041  0.006  0.002  0.002  0.010
01:57:29 851.54   16.6   29.1   1494    1.3     48    7.9    30.2  -1.4   0.80   4.00 1606.7     0.00   0.00    0.0  0.014  0.041  0.006  0.002  0.002  0.010
01:57:30 851.52   16.5   29.1   1494    1.2     54    7.9    30.1  -1.5   0.80   3.97 1607.7     0.00   0.00    0.0  0.014  0.041  0.006  0.002  0.002  0.010
01:57:31 851.38   16.5   29.2   1495    1.1     53    7.9    30.1  -1.5   0.80   3.97 1608.7     0.00   0.00    0.0  0.014  0.041  0.006  0.002  0.002  0.010
01:57:32 851.33   16.5   29.1   1496    1.1     62    7.9    30.1  -1.5   0.80   3.97 1609.7     0.00   0.00    0.0  0.014  0.041  0.006  0.002  0.002  0.010
01:57:33 851.33   16.5   29.2   1496    1.1     83    7.9    30.2  -1.5   0.80   3.98 1610.7     0.00   0.00    0.0  0.014  0.041  0.006  0.002  0.002  0.010
01:57:40 851.05   16.4   30.0   1498    0.8     94    7.9    30.0  -1.2   0.80   4.06 1617.7     0.00   0.00    0.0  0.014  0.041  0.006  0.002  0.002  0.010
01:57:41 850.97   16.5   30.1   1499    0.7     70    7.9    30.2  -1.0   0.80   4.12 1618.7     0.00   0.00    0.0  0.014  0.041  0.006  0.002  0.002  0.010
01:57:42 850.97   16.4   30.1   1499    0.7     68    7.9    30.1  -1.1   0.80   4.10 1619.7     0.00   0.00    0.0  0.014  0.041  0.006  0.002  0.002  0.010
01:57:44 851.07   16.3   30.3   1498    0.7     88    7.9    30.0  -1.1   0.80   4.11 1621.7     0.00   0.00    0.0  0.014  0.041  0.006  0.002  0.002  0.010
01:57:45 851.07   16.4   30.5   1498    0.7     92    7.9    30.0  -1.0   0.81   4.13 1622.7     0.00   0.00    0.0  0.014  0.041  0.006  0.002  0.002  0.010
01:57:46 850.83   16.4   30.5   1501    0.6     93    7.9    30.1  -0.9   0.81   4.17 1623.7     0.00   0.00    0.0  0.014  0.041  0.006  0.002  0.002  0.010
01:57:47 850.74   16.4   30.7   1502    0.7     89    7.9    30.1  -0.9   0.81   4.17 1624.7     0.00   0.00    0.0  0.014  0.041  0.006  0.002  0.002  0.010
01:57:48 850.78   16.3   30.7   1501    0.7     82    7.9    30.0  -0.9   0.81   4.17 1625.7     0.00   0.00    0.0  0.014  0.041  0.006  0.002  0.002  0.010
01:57:49 850.87   16.3   30.9   1500    0.7     74    7.9    30.0  -0.9   0.81   4.18 1626.7     0.00   0.00    0.0  0.014  0.041  0.006  0.002  0.002  0.010
01:57:50 850.66   16.4   30.9   1502    0.7     64    7.9    30.1  -0.8   0.81   4.21 1627.7     0.00   0.00    0.0  0.014  0.041  0.006  0.002  0.002  0.010
01:57:51 850.71   16.5   30.9   1502    0.7     57    7.9    30.2  -0.7   0.81   4.24 1628.7     0.00   0.00    0.0  0.014  0.041  0.006  0.002  0.002  0.010
01:57:52 850.60   16.6   30.9   1503    0.7     54    7.9    30.3  -0.6   0.81   4.28 1629.7     0.00   0.00    0.0  0.014  0.041  0.006  0.002  0.002  0.010
01:57:53 850.87   16.5   30.9   1500    0.7     51    7.9    30.2  -0.7   0.81   4.25 1630.7     0.00   0.00    0.0  0.014  0.041  0.006  0.002  0.002  0.010
01:57:55 850.57   16.4   31.0   1503    0.7     43    7.9    30.2  -0.7   0.81   4.24 1632.7     0.00   0.00    0.0  0.014  0.041  0.006  0.002  0.002  0.010
01:57:59 850.26   16.4   30.5   1506    0.8     42    7.9    30.1  -1.0   0.81   4.16 1636.7     0.00   0.00    0.0  0.014  0.041  0.006  0.002  0.002  0.010
01:58:00 850.17   16.5   30.4   1507    0.8     46    7.9    30.3  -0.9   0.81   4.18 1637.7     0.00   0.00    0.0  0.014  0.041  0.006  0.002  0.002  0.010
01:58:01 850.11   16.5   30.3   1508    0.8     46    7.9    30.3  -1.0   0.81   4.16 1638.7     0.00   0.00    0.0  0.014  0.041  0.006  0.002  0.002  0.010
01:58:02 850.23   16.4   30.2   1507    0.8     46    7.9    30.1  -1.1   0.80   4.10 1639.7     0.00   0.00    0.0  0.014  0.041  0.006  0.002  0.002  0.010
01:58:03 850.39   16.4   30.3   1505    0.8     48    7.9    30.1  -1.1   0.80   4.12 1640.7     0.00   0.00    0.0  0.014  0.041  0.006  0.002  0.002  0.010
01:58:04 850.04   16.3   30.3   1508    0.8     51    7.9    30.0  -1.2   0.80   4.09 1641.7     0.00   0.00    0.0  0.014  0.041  0.006  0.002  0.002  0.010
01:58:05 850.29   16.3   30.4   1506    0.8     55    7.9    30.1  -1.1   0.80   4.12 1642.7     0.00   0.00    0.0  0.014  0.041  0.006  0.002  0.002  0.010
01:58:08 850.62   16.4   30.8   1503    0.7     80    7.9    30.1  -0.9   0.81   4.19 1645.7     0.00   0.00    0.0  0.014  0.040  0.006  0.002  0.002  0.009
01:58:09 850.02   16.4   30.8   1509    0.7     74    7.9    30.2  -0.8   0.81   4.22 1646.7     0.00   0.00    0.0  0.014  0.040  0.006  0.002  0.002  0.010
01:58:11 849.81   16.3   30.9   1511    0.7     59    7.9    30.1  -0.9   0.81   4.20 1648.7     0.00   0.00    0.0  0.014  0.040  0.006  0.002  0.002  0.010
01:58:14 849.97   16.3   31.0   1509    0.7     75    7.9    30.0  -0.8   0.81   4.20 1651.7     0.00   0.00    0.0  0.014  0.040  0.006  0.002  0.002  0.009
01:58:15 849.57   16.4   31.1   1513    0.6     77    7.9    30.2  -0.8   0.81   4.23 1652.7     0.00   0.00    0.0  0.014  0.040  0.006  0.002  0.002  0.009
01:58:16 849.78   16.3   31.1   1511    0.6     76    7.9    30.1  -0.8   0.81   4.22 1653.7     0.00   0.00    0.0  0.014  0.040  0.006  0.002  0.002  0.009
01:58:17 849.75   16.2   31.1   1511    0.6     73    7.9    30.0  -0.8   0.81   4.20 1654.7     0.00   0.00    0.0  0.014  0.040  0.006  0.002  0.002  0.009
01:58:18 849.46   16.2   31.2   1514    0.6     69    7.9    30.0  -0.8   0.81   4.21 1655.7     0.00   0.00    0.0  0.014  0.040  0.006  0.002  0.002  0.009
01:58:19 849.69   16.3   31.2   1512    0.6     67    7.9    30.1  -0.7   0.81   4.24 1656.7     0.00   0.00    0.0  0.014  0.040  0.006  0.002  0.002  0.009
01:58:20 849.61   16.3   31.2   1513    0.6     67    7.9    30.1  -0.7   0.81   4.24 1657.7     0.00   0.00    0.0  0.014  0.040  0.006  0.002  0.002  0.010
01:58:21 849.55   16.4   31.2   1513    0.6     68    7.9    30.2  -0.7   0.81   4.26 1658.7     0.00   0.00    0.0  0.014  0.040  0.006  0.002  0.002  0.010
01:58:22 849.51   16.4   31.3   1514    0.6     65    7.9    30.2  -0.7   0.81   4.27 1659.7     0.00   0.00    0.0  0.014  0.040  0.006  0.002  0.002  0.009
01:58:23 849.43   16.3   31.3   1515    0.6     64    7.9    30.2  -0.7   0.81   4.26 1660.7     0.00   0.00    0.0  0.014  0.040  0.006  0.002  0.002  0.009
01:58:26 849.61   16.3   31.3   1513    0.6     71    7.9    30.1  -0.7   0.81   4.25 1663.7     0.00   0.00    0.0  0.014  0.040  0.006  0.002  0.002  0.009
01:58:27 849.47   16.3   31.3   1514    0.7     75    7.9    30.1  -0.7   0.81   4.25 1664.7     0.00   0.00    0.0  0.013  0.040  0.006  0.002  0.002  0.009
01:58:28 849.37   16.4   31.4   1515    0.6     79    7.9    30.2  -0.6   0.81   4.30 1665.7     0.00   0.00    0.0  0.013  0.040  0.006  0.002  0.002  0.009
01:58:30 849.00   16.2   31.4   1519    0.7     71    7.9    30.1  -0.7   0.81   4.24 1667.7     0.00   0.00    0.0  0.013  0.040  0.006  0.002  0.002  0.009
01:58:31 848.85   16.2   31.5   1520    0.7     73    7.9    30.1  -0.7   0.81   4.27 1668.7     0.00   0.00    0.0  0.013  0.040  0.006  0.002  0.002  0.009
01:58:32 848.97   16.3   31.5   1519    0.6     72    7.9    30.1  -0.7   0.81   4.27 1669.7     0.00   0.00    0.0  0.013  0.040  0.006  0.002  0.002  0.009
01:58:33 848.97   16.3   31.5   1519    0.7     69    7.9    30.2  -0.6   0.81   4.29 1670.7     0.00   0.00    0.0  0.013  0.040  0.006  0.002  0.002  0.009
01:58:36 849.09   16.2   31.5   1518    0.6     64    7.9    30.1  -0.7   0.81   4.26 1673.7     0.00   0.00    0.0  0.013  0.040  0.006  0.002  0.002  0.009
01:58:37 848.85   16.2   31.5   1520    0.6     65    7.9    30.1  -0.7   0.81   4.27 1674.7     0.00   0.00    0.0  0.013  0.040  0.006  0.002  0.002  0.009
01:58:38 848.98   16.2   31.5   1519    0.5     67    7.9    30.0  -0.7   0.81   4.25 1675.7     0.00   0.00    0.0  0.013  0.040  0.006  0.002  0.002  0.009
01:58:39 849.15   16.1   31.6   1517    0.5     66    7.9    30.0  -0.7   0.81   4.25 1676.7     0.00   0.00    0.0  0.013  0.040  0.006  0.002  0.002  0.009
01:58:40 848.98   16.2   31.5   1519    0.6     63    7.9    30.0  -0.7   0.81   4.25 1677.7     0.00   0.00    0.0  0.013  0.040  0.006  0.002  0.002  0.009
01:58:41 849.12   16.2   31.6   1518    0.5     57    7.9    30.0  -0.7   0.81   4.26 1678.7     0.00   0.00    0.0  0.013  0.040  0.006  0.002  0.002  0.009
01:58:42 849.30   16.2   31.6   1516    0.5     51    7.9    30.1  -0.6   0.81   4.27 1679.6     0.00   0.00    0.0  0.013  0.040  0.006  0.002  0.002  0.009
01:58:44 849.24   16.3   31.6   1517    0.5     46    7.9    30.2  -0.5   0.81   4.31 1681.6     0.00   0.00    0.0  0.013  0.040  0.006  0.002  0.002  0.009
01:58:45 849.22   16.3   31.6   1517    0.4     44    7.9    30.1  -0.6   0.81   4.30 1682.6     0.00   0.00    0.0  0.013  0.040  0.006  0.002  0.002  0.009
01:58:46 849.01   16.3   31.6   1519    0.5     44    7.9    30.1  -0.6   0.81   4.29 1683.6     0.00   0.00    0.0  0.013  0.040  0.006  0.002  0.002  0.009
01:58:47 849.45   16.2   31.5   1514    0.5     43    7.9    30.0  -0.7   0.81   4.25 1684.6     0.00   0.00    0.0  0.013  0.040  0.006  0.002  0.002  0.009
01:58:49 849.21   16.3   31.6   1517    0.5     44    7.9    30.2  -0.6   0.81   4.30 1686.6     0.00   0.00    0.0  0.013  0.040  0.006  0.002  0.002  0.009
01:58:50 849.28   16.3   31.6   1516    0.5     44    7.9    30.1  -0.6   0.81   4.29 1687.6     0.00   0.00    0.0  0.013  0.040  0.006  0.002  0.002  0.009
01:58:51 849.28   16.3   31.6   1516    0.6     43    7.9    30.2  -0.5   0.81   4.31 1688.6     0.00   0.00    0.0  0.013  0.040  0.006  0.002  0.002  0.009
01:58:54 849.51   16.3   31.2   1514    0.6     40    7.9    30.1  -0.8   0.81   4.22 1691.6     0.00   0.00    0.0  0.013  0.040  0.006  0.002  0.002  0.009
01:58:55 849.61   16.2   31.2   1513    0.6     44    7.9    30.0  -0.8   0.81   4.22 1692.6     0.00   0.00    0.0  0.013  0.040  0.006  0.002  0.002  0.009
01:58:56 849.45   16.2   31.4   1514    0.6     50    7.9    30.0  -0.7   0.81   4.24 1693.6     0.00   0.00    0.0  0.013  0.040  0.006  0.002  0.002  0.009
01:58:57 849.62   16.3   31.4   1513    0.8     50    7.9    30.1  -0.7   0.81   4.27 1694.6     0.00   0.00    0.0  0.013  0.039  0.006  0.002  0.002  0.009
01:58:58 849.62   16.3   31.4   1513    0.9     51    7.8    30.1  -0.7   0.81   4.26 1695.6     0.00   0.00    0.0  0.013  0.039  0.006  0.002  0.002  0.009
01:58:59 849.81   16.2   31.4   1511    0.8     54    7.9    30.0  -0.7   0.81   4.25 1696.6     0.00   0.00    0.0  0.013  0.039  0.006  0.002  0.002  0.009
01:59:00 849.96   16.3   31.5   1509    0.9     42    7.8    30.1  -0.6   0.81   4.29 1697.6     0.00   0.00    0.0  0.013  0.039  0.006  0.002  0.002  0.009
01:59:01 849.72   16.3   31.5   1512    0.8     32    7.8    30.1  -0.6   0.81   4.29 1698.6     0.00   0.00    0.0  0.013  0.039  0.006  0.002  0.002  0.009
01:59:04 850.01   16.5   31.0   1509    0.9     35    7.8    30.3  -0.7   0.81   4.26 1701.6     0.00   0.00    0.0  0.013  0.039  0.006  0.002  0.002  0.009
01:59:05 850.27   16.4   30.7   1506    0.9     37    7.8    30.2  -0.8   0.81   4.20 1703.6     0.00   0.00    0.0  0.013  0.039  0.006  0.002  0.002  0.009
01:59:07 850.51   16.5   30.6   1504    1.0     33    7.8    30.2  -0.8   0.81   4.21 1705.6     0.00   0.00    0.0  0.013  0.039  0.006  0.002  0.002  0.009
01:59:09 850.02   16.5   30.5   1509    1.0     38    7.8    30.3  -0.8   0.81   4.20 1706.6     0.00   0.00    0.0  0.013  0.039  0.006  0.002  0.002  0.009
01:59:13 850.64   16.5   30.2   1503    1.2     39    7.8    30.2  -1.0   0.81   4.13 1710.6     0.00   0.00    0.0  0.013  0.039  0.006  0.002  0.002  0.009
01:59:14 850.51   16.4   30.1   1504    1.2     43    7.8    30.2  -1.1   0.80   4.11 1711.6     0.00   0.00    0.0  0.013  0.039  0.006  0.002  0.002  0.009
01:59:15 850.61   16.4   30.2   1503    1.2     46    7.8    30.1  -1.1   0.80   4.11 1712.6     0.00   0.00    0.0  0.013  0.039  0.006  0.002  0.002  0.009
01:59:16 850.58   16.4   30.4   1503    1.2     51    7.8    30.1  -1.0   0.80   4.13 1713.6     0.00   0.00    0.0  0.013  0.039  0.006  0.002  0.002  0.009
01:59:17 850.68   16.4   30.5   1502    1.2     55    7.8    30.1  -1.0   0.81   4.14 1714.6     0.00   0.00    0.0  0.013  0.039  0.006  0.002  0.002  0.009
01:59:18 850.71   16.5   30.5   1502    1.2     57    7.8    30.2  -0.9   0.81   4.18 1715.6     0.00   0.00    0.0  0.013  0.039  0.006  0.002  0.002  0.009
01:59:19 850.76   16.6   30.7   1501    1.1     56    7.8    30.2  -0.8   0.81   4.22 1716.6     0.00   0.00    0.0  0.013  0.039  0.006  0.002  0.002  0.009
01:59:20 850.88   16.4   30.8   1500    1.0     52    7.8    30.1  -0.8   0.81   4.20 1717.6     0.00   0.00    0.0  0.013  0.039  0.006  0.002  0.002  0.009
01:59:21 850.73   16.5   30.8   1502    1.0     47    7.8    30.2  -0.7   0.81   4.24 1718.6     0.00   0.00    0.0  0.013  0.039  0.006  0.002  0.002  0.009
01:59:22 850.84   16.6   30.8   1501    0.9     44    7.8    30.3  -0.6   0.81   4.27 1719.6     0.00   0.00    0.0  0.013  0.039  0.006  0.002  0.002  0.009
01:59:23 850.95   16.5   30.7   1499    0.9     43    7.8    30.1  -0.8   0.81   4.21 1720.6     0.00   0.00    0.0  0.013  0.039  0.006  0.002  0.002  0.009
01:59:24 850.80   16.4   30.8   1501    0.8     42    7.8    30.1  -0.8   0.81   4.20 1721.6     0.00   0.00    0.0  0.013  0.039  0.006  0.002  0.002  0.009
01:59:25 850.90   16.4   30.7   1500    0.8     43    7.8    30.1  -0.8   0.81   4.19 1722.6     0.00   0.00    0.0  0.013  0.039  0.006  0.002  0.002  0.009
01:59:27 851.02   16.5   30.8   1499    0.9     45    7.8    30.1  -0.7   0.81   4.23 1724.6     0.00   0.00    0.0  0.013  0.039  0.006  0.002  0.002  0.009
01:59:28 851.01   16.5   30.9   1499    0.9     44    7.8    30.1  -0.7   0.81   4.23 1725.6     0.00   0.00    0.0  0.013  0.039  0.006  0.002  0.002  0.009
01:59:29 851.13   16.5   30.9   1498    1.0     44    7.8    30.2  -0.7   0.81   4.25 1726.6     0.00   0.00    0.0  0.013  0.039  0.006  0.002  0.002  0.009
01:59:30 851.15   16.6   31.0   1497    1.0     42    7.8    30.2  -0.6   0.81   4.28 1727.6     0.00   0.00    0.0  0.013  0.039  0.006  0.002  0.002  0.009
01:59:31 851.18   16.6   31.0   1497    1.1     42    7.8    30.3  -0.6   0.81   4.28 1728.6     0.00   0.00    0.0  0.013  0.039  0.006  0.002  0.002  0.009
01:59:32 851.29   16.5   31.0   1496    1.1     45    7.8    30.2  -0.6   0.81   4.26 1729.6     0.00   0.00    0.0  0.013  0.039  0.006  0.002  0.002  0.009
01:59:37 851.43   16.5   31.1   1495    1.1     54    7.8    30.1  -0.6   0.81   4.26 1734.6     0.00   0.00    0.0  0.013  0.039  0.006  0.002  0.002  0.009
01:59:38 851.59   16.5   31.1   1493    1.1     55    7.8    30.1  -0.6   0.81   4.26 1735.6     0.00   0.00    0.0  0.013  0.039  0.006  0.002  0.002  0.009
01:59:42 851.76   16.5   31.2   1491    1.0     48    7.8    30.1  -0.5   0.81   4.30 1739.6     0.00   0.00    0.0  0.013  0.039  0.006  0.002  0.002  0.009
01:59:43 851.76   16.5   31.2   1491    1.0     49    7.8    30.1  -0.6   0.81   4.29 1740.6     0.00   0.00    0.0  0.013  0.039  0.006  0.002  0.002  0.009
01:59:44 851.91   16.5   31.2   1490    1.1     47    7.8    30.1  -0.5   0.81   4.30 1741.6     0.00   0.00    0.0  0.013  0.039  0.006  0.002  0.002  0.009
01:59:45 851.90   16.5   31.2   1490    1.1     49    7.8    30.1  -0.6   0.81   4.28 1742.6     0.00   0.00    0.0  0.013  0.039  0.006  0.002  0.002  0.009
01:59:46 851.79   16.5   31.2   1491    1.1     47    7.8    30.1  -0.5   0.81   4.30 1743.6     0.00   0.00    0.0  0.013  0.039  0.006  0.002  0.002  0.009
01:59:48 852.26   16.5   31.3   1486    1.1     54    7.8    30.0  -0.6   0.81   4.28 1745.6     0.00   0.00    0.0  0.013  0.039  0.006  0.002  0.002  0.009
01:59:50 852.12   16.5   31.3   1488    0.9     56    7.8    30.1  -0.5   0.81   4.31 1747.6     0.00   0.00    0.0  0.013  0.038  0.006  0.002  0.002  0.009
01:59:51 852.45   16.6   31.2   1484    0.9     52    7.8    30.1  -0.5   0.81   4.32 1748.6     0.00   0.00    0.0  0.013  0.038  0.006  0.002  0.002  0.009
01:59:54 852.52   16.6   31.3   1484    0.8     45    7.8    30.2  -0.4   0.81   4.34 1751.6     0.00   0.00    0.0  0.013  0.038  0.006  0.002  0.002  0.009
01:59:56 852.48   16.6   31.0   1484    0.8     48    7.8    30.2  -0.5   0.81   4.29 1753.6     0.00   0.00    0.0  0.013  0.038  0.006  0.002  0.002  0.009
01:59:57 852.48   16.7   30.9   1484    0.8     54    7.8    30.2  -0.5   0.81   4.31 1754.6     0.00   0.00    0.0  0.013  0.038  0.006  0.002  0.002  0.009
01:59:58 852.58   16.7   30.9   1483    0.9     52    7.8    30.2  -0.5   0.81   4.29 1755.6     0.00   0.00    0.0  0.013  0.038  0.006  0.002  0.002  0.009
01:59:59 852.46   16.6   31.0   1484    0.9     54    7.8    30.1  -0.6   0.81   4.27 1756.6     0.00   0.00    0.0  0.013  0.038  0.006  0.002  0.002  0.009
02:00:02 852.78   16.6   31.0   1481    0.7     44    7.8    30.1  -0.5   0.81   4.29 1759.6     0.00   0.00    0.0  0.013  0.038  0.006  0.002  0.002  0.009
02:00:03 852.98   16.7   30.9   1479    0.7     44    7.8    30.2  -0.5   0.81   4.31 1760.6     0.00   0.00    0.0  0.013  0.038  0.006  0.002  0.002  0.009
02:00:04 853.25   16.6   30.8   1477    0.7     50    7.8    30.0  -0.6   0.81   4.26 1761.6     0.00   0.00    0.0  0.013  0.038  0.006  0.002  0.002  0.009
02:00:05 852.97   16.6   31.0   1479    0.7     55    7.8    30.1  -0.6   0.81   4.28 1762.6     0.00   0.00    0.0  0.013  0.038  0.006  0.002  0.002  0.009
02:00:06 853.00   16.6   31.0   1479    0.6     55    7.8    30.1  -0.5   0.81   4.29 1763.6     0.00   0.00    0.0  0.013  0.038  0.006  0.002  0.002  0.009
02:00:11 853.22   16.6   31.2   1477    0.9     64    7.8    30.0  -0.5   0.81   4.30 1768.6     0.00   0.00    0.0  0.013  0.038  0.006  0.002  0.002  0.009
02:00:13 853.54   16.6   31.2   1474    0.9     47    7.8    30.0  -0.5   0.81   4.32 1770.6     0.00   0.00    0.0  0.013  0.038  0.006  0.002  0.002  0.009
02:00:15 853.17   16.7   31.0   1477    1.1     54    7.8    30.2  -0.4   0.81   4.33 1772.6     0.00   0.00    0.0  0.012  0.038  0.006  0.002  0.002  0.009
02:00:16 853.53   16.7   31.1   1474    1.1     49    7.8    30.1  -0.5   0.81   4.31 1773.6     0.00   0.00    0.0  0.012  0.038  0.006  0.002  0.002  0.009
02:00:17 853.62   16.7   31.2   1473    1.0     56    7.8    30.1  -0.4   0.81   4.32 1774.6     0.00   0.00    0.0  0.013  0.038  0.006  0.002  0.002  0.009
02:00:18 853.50   16.7   31.2   1474    1.0     77    7.8    30.1  -0.4   0.81   4.34 1775.6     0.00   0.00    0.0  0.012  0.038  0.006  0.002  0.002  0.009
02:00:19 853.71   16.6   31.2   1472    1.0     69    7.8    30.0  -0.5   0.81   4.30 1776.6     0.00   0.00    0.0  0.013  0.038  0.006  0.002  0.002  0.009
02:00:20 853.66   16.7   31.2   1472    1.0     50    7.8    30.1  -0.4   0.81   4.34 1777.6     0.00   0.00    0.0  0.013  0.038  0.006  0.002  0.002  0.009
02:00:24 853.88   16.8   31.0   1470    1.0     46    7.8    30.2  -0.4   0.81   4.34 1781.5     0.00   0.00    0.0  0.012  0.038  0.006  0.002  0.002  0.009
02:00:26 853.81   16.8   30.8   1471    0.9     47    7.8    30.1  -0.5   0.81   4.29 1783.5     0.00   0.00    0.0  0.012  0.038  0.006  0.002  0.002  0.009
02:00:28 853.74   16.7   30.8   1472    0.9     39    7.8    30.1  -0.5   0.81   4.29 1785.5     0.00   0.00    0.0  0.012  0.038  0.006  0.002  0.002  0.009
02:00:29 854.09   16.9   30.6   1468    0.8     38    7.8    30.3  -0.5   0.81   4.31 1786.5     0.00   0.00    0.0  0.012  0.038  0.006  0.002  0.002  0.009
02:00:30 854.15   16.8   30.5   1468    0.8     37    7.8    30.2  -0.6   0.81   4.27 1787.5     0.00   0.00    0.0  0.012  0.038  0.006  0.002  0.002  0.009
02:00:31 854.03   16.8   30.5   1469    0.8     35    7.8    30.2  -0.6   0.81   4.26 1788.5     0.00   0.00    0.0  0.012  0.038  0.006  0.002  0.002  0.009
02:00:33 854.35   16.9   30.3   1466    0.7     35    7.8    30.2  -0.7   0.81   4.24 1790.5     0.00   0.00    0.0  0.012  0.038  0.006  0.002  0.002  0.009
02:00:34 854.43   16.8   30.1   1465    0.6     37    7.8    30.1  -0.8   0.81   4.19 1791.5     0.00   0.00    0.0  0.012  0.038  0.006  0.002  0.002  0.009
02:00:36 854.35   16.8   30.0   1466    0.6     40    7.8    30.2  -0.8   0.81   4.19 1793.5     0.00   0.00    0.0  0.012  0.038  0.006  0.002  0.002  0.009
02:00:37 854.57   16.9   29.9   1463    0.6     42    7.8    30.3  -0.8   0.81   4.21 1794.5     0.00   0.00    0.0  0.012  0.038  0.006  0.002  0.002  0.009
02:00:39 854.63   17.0   30.0   1463    0.5     46    7.8    30.3  -0.7   0.81   4.22 1796.5     0.00   0.00    0.0  0.012  0.038  0.006  0.002  0.002  0.009
02:00:40 854.58   16.9   30.0   1463    0.5     46    7.8    30.2  -0.7   0.81   4.21 1797.5     0.00   0.00    0.0  0.012  0.038  0.006  0.002  0.002  0.009
02:00:41 854.44   16.9   30.0   1465    0.5     45    7.8    30.2  -0.7   0.81   4.22 1798.5     0.00   0.00    0.0  0.012  0.037  0.006  0.002  0.002  0.009
02:00:42 854.56   17.0   30.0   1463    0.6     47    7.8    30.3  -0.7   0.81   4.24 1799.5     0.00   0.00    0.0  0.012  0.037  0.006  0.002  0.002  0.009
02:00:44 854.63   16.9   30.3   1463    0.6     47    7.8    30.2  -0.6   0.81   4.25 1801.5     0.00   0.00    0.0  0.012  0.037  0.006  0.002  0.002  0.009
02:00:45 854.87   16.8   30.4   1460    0.7     48    7.8    30.1  -0.6   0.81   4.24 1803.5     0.00   0.00    0.0  0.012  0.037  0.006  0.002  0.002  0.009
02:00:47 854.81   16.8   30.3   1461    0.7     45    7.8    30.1  -0.7   0.81   4.22 1804.5     0.00   0.00    0.0  0.012  0.037  0.006  0.002  0.002  0.009
02:00:47 854.95   16.9   30.1   1460    0.8     40    7.8    30.2  -0.7   0.81   4.22 1805.5     0.00   0.00    0.0  0.012  0.037  0.006  0.002  0.002  0.009
02:00:48 855.16   17.0   30.2   1458    0.7     38    7.8    30.3  -0.6   0.81   4.27 1806.5     0.00   0.00    0.0  0.012  0.037  0.006  0.002  0.002  0.009
02:00:49 854.97   17.0   30.1   1459    0.7     35    7.8    30.3  -0.6   0.81   4.25 1807.5     0.00   0.00    0.0  0.012  0.037  0.006  0.002  0.002  0.009
02:00:52 855.17   17.0   29.8   1457    0.7     35    7.8    30.3  -0.7   0.81   4.21 1810.5     0.00   0.00    0.0  0.012  0.037  0.006  0.002  0.002  0.009
02:00:53 855.22   17.0   29.8   1457    0.8     34    7.8    30.3  -0.7   0.81   4.22 1811.5     0.00   0.00    0.0  0.012  0.037  0.006  0.002  0.002  0.009
02:00:55 855.35   17.1   29.6   1456    0.8     33    7.8    30.4  -0.8   0.81   4.20 1813.5     0.00   0.00    0.0  0.012  0.037  0.006  0.002  0.002  0.009
02:00:56 855.44   17.1   29.5   1455    0.7     31    7.8    30.3  -0.8   0.81   4.17 1814.5     0.00   0.00    0.0  0.012  0.037  0.006  0.002  0.002  0.009
02:00:57 855.58   17.1   29.3   1453    0.7     28    7.8    30.3  -0.9   0.81   4.14 1815.5     0.00   0.00    0.0  0.012  0.037  0.006  0.002  0.002  0.009
02:00:59 855.49   16.9   29.5   1454    0.8     35    7.8    30.1  -1.0   0.80   4.12 1817.5     0.00   0.00    0.0  0.012  0.037  0.006  0.002  0.002  0.009
02:01:00 855.46   16.9   29.5   1455    0.9     37    7.8    30.1  -1.0   0.80   4.12 1818.5     0.00   0.00    0.0  0.012  0.037  0.006  0.002  0.002  0.009
02:01:01 855.63   17.1   29.4   1453    0.9     39    7.8    30.3  -0.8   0.81   4.17 1819.5     0.00   0.00    0.0  0.012  0.037  0.006  0.002  0.002  0.009
02:01:02 855.60   16.9   29.5   1453    0.9     37    7.8    30.2  -1.0   0.81   4.13 1820.5     0.00   0.00    0.0  0.012  0.037  0.006  0.002  0.002  0.009
02:01:03 855.67   17.0   29.5   1452    1.0     35    7.8    30.2  -0.9   0.81   4.16 1821.5     0.00   0.00    0.0  0.012  0.037  0.006  0.002  0.002  0.009
02:01:04 855.92   16.9   29.5   1450    1.0     38    7.8    30.1  -0.9   0.81   4.13 1822.5     0.00   0.00    0.0  0.012  0.037  0.006  0.002  0.002  0.009
02:01:08 855.89   17.1   29.8   1450    0.9     41    7.8    30.3  -0.7   0.81   4.22 1826.5     0.00   0.00    0.0  0.012  0.037  0.006  0.002  0.002  0.009
02:01:09 856.02   17.2   29.7   1449    0.9     39    7.8    30.4  -0.7   0.81   4.23 1827.5     0.00   0.00    0.0  0.012  0.037  0.006  0.002  0.002  0.009
02:01:10 856.11   17.2   29.6   1448    0.9     39    7.8    30.4  -0.7   0.81   4.23 1828.5     0.00   0.00    0.0  0.012  0.037  0.006  0.002  0.002  0.009
02:01:11 855.97   17.2   29.6   1449    0.9     39    7.8    30.3  -0.7   0.81   4.22 1829.5     0.00   0.00    0.0  0.012  0.037  0.006  0.002  0.002  0.009
02:01:14 856.39   17.2   29.4   1445    0.8     41    7.8    30.3  -0.8   0.81   4.20 1832.5     0.00   0.00    0.0  0.012  0.037  0.006  0.002  0.002  0.009
02:01:15 856.42   17.1   29.4   1445    0.8     41    7.8    30.3  -0.8   0.81   4.17 1833.5     0.00   0.00    0.0  0.012  0.037  0.006  0.002  0.002  0.009
02:01:16 856.31   17.1   29.3   1446    0.8     42    7.8    30.2  -0.9   0.81   4.14 1834.5     0.00   0.00    0.0  0.012  0.037  0.006  0.002  0.002  0.009
02:01:18 856.61   17.2   29.2   1443    0.8     43    7.8    30.3  -0.8   0.81   4.17 1836.5     0.00   0.00    0.0  0.012  0.037  0.006  0.002  0.002  0.009
02:01:19 856.45   17.2   29.2   1445    0.8     43    7.8    30.3  -0.8   0.81   4.16 1837.5     0.00   0.00    0.0  0.012  0.037  0.006  0.002  0.002  0.009
02:01:20 856.42   17.2   29.3   1445    0.8     44    7.8    30.3  -0.8   0.81   4.17 1838.5     0.00   0.00    0.0  0.012  0.037  0.006  0.002  0.002  0.009
02:01:21 856.46   17.1   29.2   1445    0.8     43    7.8    30.3  -0.9   0.81   4.14 1839.5     0.00   0.00    0.0  0.012  0.037  0.006  0.002  0.002  0.009
02:01:26 856.81   17.0   29.3   1441    0.9     49    7.8    30.1  -0.9   0.81   4.13 1844.5     0.00   0.00    0.0  0.012  0.036  0.006  0.002  0.002  0.009
02:01:31 857.24   17.2   29.9   1437    1.1     50    7.8    30.3  -0.6   0.81   4.26 1849.5     0.00   0.00    0.0  0.012  0.037  0.006  0.002  0.002  0.009
02:01:32 857.04   17.2   29.9   1439    1.1     46    7.8    30.3  -0.6   0.81   4.26 1850.5     0.00   0.00    0.0  0.012  0.037  0.006  0.002  0.002  0.009
02:01:33 857.10   17.2   29.8   1438    1.0     44    7.8    30.3  -0.6   0.81   4.25 1851.5     0.00   0.00    0.0  0.012  0.036  0.006  0.002  0.002  0.009
02:01:34 857.35   17.2   29.7   1436    1.0     43    7.8    30.2  -0.6   0.81   4.24 1852.5     0.00   0.00    0.0  0.012  0.036  0.006  0.002  0.002  0.009
02:01:37 857.42   17.2   29.8   1435    1.1     41    7.8    30.2  -0.6   0.81   4.24 1855.5     0.00   0.00    0.0  0.012  0.036  0.006  0.002  0.002  0.008
02:01:38 857.31   17.2   29.7   1436    1.1     37    7.8    30.3  -0.6   0.81   4.25 1856.5     0.00   0.00    0.0  0.012  0.036  0.006  0.002  0.002  0.008
02:01:39 857.51   17.2   29.6   1434    1.1     37    7.8    30.3  -0.6   0.81   4.24 1857.5     0.00   0.00    0.0  0.012  0.036  0.006  0.002  0.002  0.009
02:01:40 857.30   17.2   29.7   1436    1.2     38    7.8    30.3  -0.6   0.81   4.24 1858.5     0.00   0.00    0.0  0.012  0.036  0.006  0.002  0.002  0.009
02:01:42 857.45   17.3   29.5   1435    1.2     42    7.8    30.3  -0.7   0.81   4.22 1860.5     0.00   0.00    0.0  0.012  0.036  0.006  0.002  0.002  0.009
02:01:45 857.63   17.1   29.7   1433    1.0     48    7.8    30.2  -0.7   0.81   4.21 1863.5     0.00   0.00    0.0  0.012  0.036  0.006  0.002  0.002  0.008
02:01:46 857.64   17.1   29.9   1433    1.0     44    7.8    30.1  -0.6   0.81   4.24 1864.5     0.00   0.00    0.0  0.012  0.036  0.006  0.002  0.002  0.008
02:01:48 857.72   17.1   29.8   1432    0.9     39    7.8    30.1  -0.7   0.81   4.23 1866.5     0.00   0.00    0.0  0.012  0.036  0.006  0.002  0.002  0.009
02:01:51 858.09   17.1   29.6   1428    0.8     41    7.8    30.1  -0.7   0.81   4.20 1869.5     0.00   0.00    0.0  0.012  0.036  0.006  0.002  0.002  0.009
02:01:52 858.20   17.1   29.6   1427    0.8     43    7.8    30.1  -0.7   0.81   4.19 1870.5     0.00   0.00    0.0  0.012  0.036  0.006  0.002  0.002  0.009
02:01:53 857.88   17.1   29.6   1430    0.8     46    7.8    30.1  -0.7   0.81   4.20 1871.5     0.00   0.00    0.0  0.012  0.036  0.006  0.002  0.002  0.008
02:01:54 858.06   17.1   29.8   1429    0.7     46    7.8    30.1  -0.6   0.81   4.23 1872.5     0.00   0.00    0.0  0.012  0.036  0.006  0.002  0.002  0.009
02:01:55 858.27   17.1   29.7   1427    0.7     43    7.8    30.0  -0.7   0.81   4.20 1873.5     0.00   0.00    0.0  0.012  0.036  0.006  0.002  0.002  0.009
02:01:56 858.16   17.1   29.8   1428    0.8     40    7.8    30.0  -0.7   0.81   4.22 1874.5     0.00   0.00    0.0  0.012  0.036  0.006  0.002  0.002  0.008
02:02:01 858.56   17.3   29.5   1424    0.8     33    7.8    30.2  -0.6   0.81   4.23 1879.4     0.00   0.00    0.0  0.012  0.036  0.006  0.002  0.002  0.008
02:02:06 858.79   17.2   29.2   1421    0.9     44    7.8    30.1  -0.8   0.81   4.15 1884.4     0.00   0.00    0.0  0.012  0.036  0.006  0.002  0.002  0.009
02:02:08 858.81   17.4   29.6   1421    0.9     49    7.8    30.3  -0.6   0.81   4.26 1886.4     0.00   0.00    0.0  0.012  0.036  0.006  0.002  0.002  0.008
02:02:09 858.75   17.2   29.8   1422    0.9     46    7.8    30.2  -0.6   0.81   4.25 1887.4     0.00   0.00    0.0  0.012  0.036  0.006  0.002  0.002  0.008
02:02:10 858.85   17.3   29.8   1421    0.9     45    7.8    30.2  -0.5   0.81   4.28 1888.4     0.00   0.00    0.0  0.012  0.036  0.006  0.002  0.002  0.009
02:02:12 858.92   17.3   29.8   1420    0.9     43    7.8    30.2  -0.5   0.81   4.29 1890.4     0.00   0.00    0.0  0.012  0.036  0.006  0.002  0.002  0.008
02:02:13 859.18   17.3   29.9   1417    0.9     43    7.8    30.1  -0.5   0.81   4.28 1891.4     0.00   0.00    0.0  0.012  0.036  0.006  0.002  0.002  0.008
02:02:14 859.20   17.2   29.9   1417    1.0     45    7.8    30.1  -0.5   0.81   4.26 1892.4     0.00   0.00    0.0  0.012  0.036  0.006  0.002  0.002  0.008
02:02:15 859.11   17.3   29.9   1418    1.0     45    7.8    30.1  -0.5   0.81   4.29 1893.4     0.00   0.00    0.0  0.012  0.036  0.006  0.002  0.002  0.008
02:02:17 859.19   17.4   30.0   1417    0.9     40    7.8    30.3  -0.3   0.81   4.34 1895.4     0.00   0.00    0.0  0.012  0.036  0.006  0.002  0.002  0.008
02:02:18 859.30   17.3   29.9   1416    0.9     40    7.8    30.2  -0.5   0.81   4.29 1896.4     0.00   0.00    0.0  0.012  0.036  0.006  0.002  0.002  0.008
02:02:19 859.39   17.2   29.8   1415    0.9     42    7.8    30.1  -0.6   0.81   4.25 1897.4     0.00   0.00    0.0  0.012  0.036  0.006  0.002  0.002  0.008
02:02:21 859.53   17.3   29.9   1414    0.8     42    7.8    30.2  -0.4   0.81   4.31 1899.4     0.00   0.00    0.0  0.012  0.036  0.006  0.002  0.002  0.008
02:02:22 859.57   17.3   29.9   1414    0.8     40    7.8    30.1  -0.4   0.81   4.29 1900.4     0.00   0.00    0.0  0.012  0.036  0.006  0.002  0.002  0.008
02:02:23 859.76   17.3   29.8   1412    0.8     39    7.8    30.1  -0.5   0.81   4.27 1901.4     0.00   0.00    0.0  0.012  0.036  0.006  0.002  0.002  0.008
02:02:25 859.51   17.4   29.9   1414    0.8     46    7.8    30.2  -0.4   0.81   4.30 1903.4     0.00   0.00    0.0  0.012  0.035  0.006  0.002  0.002  0.008
02:02:26 859.71   17.3   30.0   1412    0.8     45    7.8    30.1  -0.4   0.81   4.29 1904.4     0.00   0.00    0.0  0.012  0.036  0.006  0.002  0.002  0.008
02:02:27 859.61   17.4   30.0   1413    0.7     43    7.8    30.2  -0.3   0.81   4.33 1905.4     0.00   0.00    0.0  0.012  0.035  0.006  0.002  0.002  0.008
02:02:29 859.84   17.4   29.8   1411    0.7     41    7.8    30.2  -0.4   0.81   4.31 1907.4     0.00   0.00    0.0  0.012  0.035  0.006  0.002  0.002  0.008
02:02:30 859.89   17.4   29.8   1411    0.7     40    7.8    30.2  -0.4   0.81   4.29 1908.4     0.00   0.00    0.0  0.012  0.035  0.006  0.002  0.002  0.008
02:02:31 860.10   17.4   29.7   1408    0.7     40    7.8    30.1  -0.5   0.81   4.27 1909.4     0.00   0.00    0.0  0.012  0.035  0.006  0.002  0.002  0.008
02:02:32 860.13   17.4   29.7   1408    0.7     40    7.8    30.2  -0.4   0.81   4.29 1910.4     0.00   0.00    0.0  0.012  0.035  0.006  0.002  0.002  0.008
02:02:33 859.93   17.4   29.7   1410    0.7     40    7.8    30.2  -0.5   0.81   4.28 1911.4     0.00   0.00    0.0  0.012  0.035  0.006  0.002  0.002  0.008
02:02:34 859.92   17.4   29.7   1410    0.7     38    7.8    30.2  -0.4   0.81   4.29 1912.4     0.00   0.00    0.0  0.012  0.035  0.006  0.002  0.002  0.008
02:02:37 860.07   17.5   29.7   1409    0.7     31    7.8    30.3  -0.4   0.81   4.32 1915.4     0.00   0.00    0.0  0.012  0.035  0.006  0.002  0.002  0.008
02:02:41 860.42   17.3   29.3   1405    0.7     41    7.8    30.1  -0.7   0.81   4.19 1919.4     0.00   0.00    0.0  0.012  0.035  0.006  0.002  0.002  0.008
02:02:42 860.62   17.4   29.4   1403    0.7     43    7.8    30.1  -0.7   0.81   4.21 1920.4     0.00   0.00    0.0  0.012  0.035  0.006  0.002  0.002  0.008
02:02:43 860.25   17.4   29.4   1407    0.7     42    7.8    30.2  -0.6   0.81   4.23 1921.4     0.00   0.00    0.0  0.012  0.035  0.006  0.002  0.002  0.008
02:02:44 860.42   17.5   29.5   1405    0.8     41    7.8    30.3  -0.4   0.81   4.29 1922.4     0.00   0.00    0.0  0.012  0.035  0.006  0.002  0.002  0.008
02:02:45 860.46   17.5   29.5   1405    0.8     39    7.8    30.3  -0.5   0.81   4.27 1923.4     0.00   0.00    0.0  0.012  0.035  0.006  0.002  0.002  0.008
02:02:46 860.60   17.3   29.4   1403    0.9     36    7.8    30.1  -0.6   0.81   4.22 1924.4     0.00   0.00    0.0  0.012  0.035  0.005  0.002  0.002  0.008
02:02:47 860.78   17.3   29.4   1402    1.0     39    7.8    30.1  -0.6   0.81   4.21 1925.4     0.00   0.00    0.0  0.012  0.035  0.006  0.002  0.002  0.008
02:02:48 860.78   17.3   29.5   1402    1.2     45    7.8    30.0  -0.6   0.81   4.23 1926.4     0.00   0.00    0.0  0.012  0.035  0.006  0.002  0.002  0.008
02:02:49 860.69   17.3   29.7   1403    1.2     48    7.8    30.1  -0.5   0.81   4.25 1927.4     0.00   0.00    0.0  0.012  0.035  0.006  0.002  0.002  0.008
02:02:51 860.84   17.4   29.9   1401    1.2     50    7.8    30.1  -0.4   0.81   4.31 1929.4     0.00   0.00    0.0  0.012  0.035  0.006  0.002  0.002  0.008
02:02:53 861.01   17.3   29.8   1399    1.2     53    7.8    30.0  -0.5   0.81   4.27 1931.4     0.00   0.00    0.0  0.012  0.035  0.005  0.002  0.002  0.008
02:02:54 860.91   17.4   29.9   1400    1.2     54    7.8    30.1  -0.4   0.81   4.32 1932.4     0.00   0.00    0.0  0.012  0.035  0.005  0.002  0.002  0.008
02:02:55 861.03   17.4   30.0   1399    1.1     56    7.8    30.1  -0.3   0.81   4.32 1933.4     0.00   0.00    0.0  0.012  0.035  0.006  0.002  0.002  0.008
02:02:56 860.97   17.4   30.0   1400    1.1     52    7.8    30.1  -0.3   0.81   4.34 1934.4     0.00   0.00    0.0  0.012  0.035  0.005  0.002  0.002  0.008
02:02:58 861.09   17.5   30.1   1399    1.1     46    7.8    30.2  -0.2   0.81   4.37 1936.4     0.00   0.00    0.0  0.011  0.035  0.005  0.002  0.002  0.008
02:03:00 861.25   17.4   30.1   1397    1.0     44    7.8    30.1  -0.2   0.81   4.36 1938.4     0.00   0.00    0.0  0.011  0.035  0.006  0.002  0.002  0.008
02:03:01 861.47   17.4   30.2   1395    0.9     44    7.8    30.1  -0.2   0.81   4.37 1939.4     0.00   0.00    0.0  0.012  0.035  0.006  0.002  0.002  0.008
02:03:02 861.46   17.5   30.2   1395    0.8     45    7.8    30.1  -0.2   0.81   4.37 1940.4     0.00   0.00    0.0  0.012  0.035  0.005  0.002  0.002  0.008
02:03:04 861.56   17.5   30.1   1394    0.8     47    7.8    30.1  -0.2   0.81   4.37 1942.4     0.00   0.00    0.0  0.012  0.035  0.006  0.002  0.002  0.008
02:03:05 861.42   17.5   30.0   1395    0.8     45    7.8    30.1  -0.2   0.81   4.36 1943.4     0.00   0.00    0.0  0.011  0.035  0.005  0.002  0.002  0.008
02:03:06 861.58   17.5   30.0   1394    0.7     39    7.8    30.1  -0.2   0.81   4.37 1944.4     0.00   0.00    0.0  0.012  0.035  0.006  0.002  0.002  0.008
02:03:07 861.65   17.4   30.0   1393    0.7     34    7.8    30.1  -0.3   0.81   4.33 1945.4     0.00   0.00    0.0  0.011  0.035  0.005  0.002  0.002  0.008
02:03:08 861.71   17.5   29.8   1392    0.7     30    7.8    30.2  -0.3   0.81   4.34 1946.4     0.00   0.00    0.0  0.012  0.035  0.005  0.002  0.002  0.008
02:03:10 861.65   17.5   29.7   1393    0.8     21    7.8    30.2  -0.3   0.81   4.32 1948.4     0.00   0.00    0.0  0.011  0.035  0.006  0.002  0.002  0.008
02:03:15 862.11   17.6   29.1   1389    1.0     24    7.8    30.2  -0.5   0.81   4.25 1953.4     0.00   0.00    0.0  0.011  0.035  0.006  0.002  0.002  0.008
02:03:16 862.24   17.6   29.0   1387    0.9     24    7.8    30.2  -0.6   0.81   4.24 1954.4     0.00   0.00    0.0  0.011  0.035  0.005  0.002  0.002  0.008
02:03:17 862.25   17.6   29.0   1387    0.9     23    7.8    30.2  -0.6   0.81   4.22 1955.4     0.00   0.00    0.0  0.011  0.035  0.005  0.002  0.002  0.008
02:03:18 862.15   17.6   29.1   1388    1.0     27    7.8    30.1  -0.6   0.81   4.23 1956.4     0.00   0.00    0.0  0.012  0.035  0.006  0.002  0.002  0.008
02:03:19 862.33   17.6   29.2   1386    1.0     32    7.8    30.1  -0.5   0.81   4.25 1957.4     0.00   0.00    0.0  0.011  0.035  0.006  0.002  0.002  0.008
02:03:20 862.27   17.6   29.2   1387    1.2     38    7.8    30.1  -0.5   0.81   4.25 1958.4     0.00   0.00    0.0  0.011  0.035  0.006  0.002  0.002  0.008
02:03:21 862.16   17.6   29.3   1388    1.2     42    7.8    30.1  -0.5   0.81   4.26 1959.4     0.00   0.00    0.0  0.011  0.035  0.005  0.002  0.002  0.008
02:03:22 862.15   17.5   29.4   1388    1.3     45    7.8    30.1  -0.5   0.81   4.28 1960.4     0.00   0.00    0.0  0.011  0.035  0.005  0.002  0.002  0.008
02:03:23 862.49   17.5   29.5   1385    1.2     48    7.8    30.1  -0.4   0.81   4.29 1961.4     0.00   0.00    0.0  0.011  0.035  0.005  0.002  0.002  0.008
02:03:24 862.36   17.6   29.5   1386    1.2     49    7.8    30.1  -0.4   0.81   4.29 1962.4     0.00   0.00    0.0  0.011  0.035  0.005  0.002  0.002  0.008
02:03:26 862.66   17.6   29.6   1383    1.2     51    7.8    30.2  -0.3   0.81   4.32 1964.4     0.00   0.00    0.0  0.011  0.034  0.005  0.002  0.002  0.008
02:03:27 862.56   17.5   29.5   1384    1.2     54    7.8    30.1  -0.4   0.81   4.27 1965.4     0.00   0.00    0.0  0.011  0.034  0.005  0.002  0.002  0.008
02:03:28 862.56   17.6   29.5   1384    1.2     60    7.8    30.1  -0.4   0.81   4.31 1966.4     0.00   0.00    0.0  0.011  0.034  0.005  0.002  0.002  0.008
02:03:30 862.62   17.5   29.8   1383    1.1     43    7.8    30.1  -0.3   0.81   4.32 1968.4     0.00   0.00    0.0  0.011  0.034  0.005  0.002  0.002  0.008
02:03:31 862.64   17.5   29.7   1383    1.0     32    7.8    30.1  -0.3   0.81   4.31 1969.4     0.00   0.00    0.0  0.011  0.034  0.005  0.002  0.002  0.008
02:03:35 862.94   17.6   29.3   1380    1.1     24    7.8    30.1  -0.5   0.81   4.26 1973.4     0.00   0.00    0.0  0.011  0.034  0.005  0.002  0.002  0.008
02:03:36 862.77   17.6   29.2   1382    1.1     30    7.8    30.1  -0.5   0.81   4.26 1974.4     0.00   0.00    0.0  0.011  0.034  0.005  0.002  0.002  0.008
02:03:37 862.99   17.5   29.1   1380    1.1     36    7.8    30.0  -0.6   0.81   4.21 1975.4     0.00   0.00    0.0  0.011  0.034  0.005  0.002  0.002  0.008
02:03:39 862.98   17.6   29.3   1380    1.0     45    7.8    30.1  -0.5   0.81   4.25 1977.4     0.00   0.00    0.0  0.011  0.034  0.005  0.002  0.002  0.008
02:03:40 862.99   17.5   29.5   1380    1.1     45    7.8    30.0  -0.4   0.81   4.27 1978.4     0.00   0.00    0.0  0.011  0.034  0.005  0.002  0.002  0.008
02:03:42 863.13   17.5   29.5   1378    1.0     41    7.8    30.0  -0.4   0.81   4.28 1980.3     0.00   0.00    0.0  0.011  0.034  0.006  0.002  0.002  0.008
02:03:44 863.45   17.6   29.4   1375    0.9     30    7.8    30.1  -0.4   0.81   4.29 1982.3     0.00   0.00    0.0  0.011  0.034  0.006  0.002  0.002  0.008
02:03:46 863.60   17.6   29.4   1374    1.0     26    7.8    30.1  -0.4   0.81   4.28 1984.3     0.00   0.00    0.0  0.011  0.034  0.005  0.002  0.002  0.008
02:03:47 863.59   17.7   29.3   1374    1.0     32    7.8    30.1  -0.4   0.81   4.29 1985.3     0.00   0.00    0.0  0.011  0.034  0.005  0.002  0.002  0.008
02:03:48 863.67   17.6   29.3   1373    1.1     39    7.8    30.0  -0.4   0.81   4.27 1986.3     0.00   0.00    0.0  0.011  0.034  0.005  0.002  0.002  0.008
02:03:49 863.54   17.7   29.3   1374    1.2     39    7.8    30.2  -0.4   0.81   4.29 1987.3     0.00   0.00    0.0  0.011  0.034  0.005  0.002  0.002  0.008
02:03:50 863.54   17.7   29.3   1374    1.2     38    7.8    30.2  -0.4   0.81   4.30 1988.3     0.00   0.00    0.0  0.011  0.034  0.006  0.002  0.002  0.008
02:03:53 863.81   17.8   29.2   1372    1.1     31    7.8    30.2  -0.4   0.81   4.30 1991.3     0.00   0.00    0.0  0.011  0.034  0.005  0.002  0.002  0.008
02:03:54 864.00   17.8   29.2   1370    1.1     32    7.8    30.2  -0.3   0.81   4.30 1992.3     0.00   0.00    0.0  0.011  0.034  0.005  0.002  0.002  0.008
02:03:55 864.10   17.7   29.2   1369    1.1     35    7.8    30.1  -0.4   0.81   4.27 1993.3     0.00   0.00    0.0  0.011  0.034  0.005  0.002  0.002  0.008
02:03:56 864.22   17.7   29.0   1368    1.1     37    7.8    30.1  -0.5   0.81   4.24 1994.3     0.00   0.00    0.0  0.011  0.034  0.005  0.002  0.002  0.008
02:03:57 863.99   17.7   29.0   1370    1.1     42    7.8    30.1  -0.5   0.81   4.24 1995.3     0.00   0.00    0.0  0.011  0.034  0.005  0.002  0.002  0.008
02:03:58 863.97   17.7   29.1   1370    1.1     47    7.8    30.1  -0.5   0.81   4.26 1996.3     0.00   0.00    0.0  0.011  0.034  0.005  0.002  0.002  0.008
02:04:01 864.18   17.7   29.5   1368    1.0     48    7.8    30.1  -0.3   0.81   4.34 1999.3     0.00   0.00    0.0  0.011  0.034  0.005  0.002  0.002  0.008
02:04:02 864.17   17.8   29.8   1368    1.0     49    7.8    30.1  -0.1   0.81   4.39 2000.3     0.00   0.00    0.0  0.011  0.034  0.005  0.002  0.002  0.008
02:04:03 864.15   17.8   29.8   1368    1.0     47    7.8    30.2  -0.1   0.81   4.39 2001.3     0.00   0.00    0.0  0.011  0.034  0.005  0.002  0.002  0.008
02:04:04 864.47   17.8   29.9   1365    1.0     48    7.8    30.1  -0.1   0.82   4.41 2002.3     0.00   0.00    0.0  0.011  0.034  0.005  0.002  0.002  0.008
02:04:05 864.65   17.7   29.9   1363    1.0     45    7.8    30.1  -0.1   0.82   4.41 2003.3     0.00   0.00    0.0  0.011  0.034  0.005  0.002  0.002  0.008
02:04:07 864.44   17.7   30.0   1365    1.0     41    7.8    30.1  -0.1   0.82   4.41 2005.3     0.00   0.00    0.0  0.011  0.034  0.005  0.002  0.002  0.008
02:04:08 864.51   17.8   29.9   1365    1.0     40    7.8    30.1  -0.1   0.81   4.40 2006.3     0.00   0.00    0.0  0.011  0.034  0.005  0.002  0.002  0.008
02:04:09 864.39   17.8   29.8   1366    1.0     41    7.8    30.2  -0.1   0.82   4.41 2007.3     0.00   0.00    0.0  0.011  0.034  0.005  0.002  0.002  0.008
02:04:11 864.71   17.9   29.7   1363    1.0     38    7.8    30.2  -0.0   0.82   4.42 2009.3     0.00   0.00    0.0  0.011  0.034  0.005  0.002  0.002  0.008
02:04:12 864.78   17.9   29.8   1362    1.0     35    7.8    30.2  -0.0   0.82   4.42 2010.3     0.00   0.00    0.0  0.011  0.034  0.005  0.002  0.002  0.008
02:04:15 864.80   17.8   29.5   1362    1.1     35    7.8    30.2  -0.1   0.81   4.37 2013.3     0.00   0.00    0.0  0.011  0.034  0.005  0.002  0.002  0.008
02:04:16 864.92   17.8   29.3   1361    1.0     39    7.8    30.1  -0.3   0.81   4.31 2014.3     0.00   0.00    0.0  0.011  0.034  0.005  0.002  0.002  0.008
02:04:17 865.09   17.9   29.1   1359    1.0     41    7.8    30.2  -0.3   0.81   4.31 2015.3     0.00   0.00    0.0  0.011  0.034  0.005  0.002  0.002  0.008
02:04:18 865.16   17.9   29.1   1358    1.0     39    7.8    30.2  -0.3   0.81   4.31 2016.3     0.00   0.00    0.0  0.011  0.034  0.005  0.002  0.002  0.008
02:04:19 865.33   17.8   29.1   1357    0.9     35    7.8    30.1  -0.4   0.81   4.28 2017.3     0.00   0.00    0.0  0.011  0.034  0.005  0.002  0.002  0.008
02:04:20 865.23   17.9   29.4   1358    1.0     30    7.8    30.2  -0.2   0.81   4.36 2018.3     0.00   0.00    0.0  0.011  0.033  0.005  0.002  0.002  0.008
02:04:21 865.15   17.9   29.3   1358    1.0     29    7.8    30.2  -0.2   0.81   4.35 2019.3     0.00   0.00    0.0  0.011  0.033  0.005  0.002  0.002  0.008
02:04:22 865.19   17.9   29.1   1358    1.0     30    7.8    30.2  -0.3   0.81   4.30 2020.3     0.00   0.00    0.0  0.011  0.033  0.005  0.002  0.002  0.008
02:04:24 865.35   17.9   29.2   1356    1.0     32    7.8    30.2  -0.3   0.81   4.32 2022.3     0.00   0.00    0.0  0.011  0.033  0.005  0.002  0.002  0.008
02:04:25 865.38   17.9   28.8   1356    0.9     33    7.8    30.2  -0.4   0.81   4.27 2023.3     0.00   0.00    0.0  0.011  0.033  0.005  0.002  0.002  0.008
02:04:29 865.49   17.8   28.6   1355    0.8     35    7.8    30.0  -0.6   0.81   4.20 2027.3     0.00   0.00    0.0  0.011  0.033  0.005  0.002  0.002  0.008
02:04:31 865.68   17.9   28.9   1353    0.8     46    7.8    30.1  -0.4   0.81   4.26 2029.3     0.00   0.00    0.0  0.011  0.033  0.005  0.002  0.002  0.008
02:04:33 865.79   17.9   29.1   1352    0.8     46    7.8    30.1  -0.3   0.81   4.31 2031.3     0.00   0.00    0.0  0.011  0.033  0.005  0.002  0.002  0.008
02:04:34 865.94   17.9   29.1   1351    0.8     44    7.8    30.1  -0.3   0.81   4.31 2032.3     0.00   0.00    0.0  0.011  0.033  0.005  0.002  0.002  0.008
02:04:35 866.08   17.9   29.3   1349    0.8     44    7.8    30.1  -0.2   0.81   4.33 2033.3     0.00   0.00    0.0  0.011  0.033  0.005  0.002  0.002  0.008
02:04:36 865.89   17.8   29.3   1351    0.8     45    7.8    30.1  -0.3   0.81   4.33 2034.3     0.00   0.00    0.0  0.011  0.033  0.005  0.002  0.002  0.008
02:04:37 866.02   17.9   29.4   1350    0.8     51    7.8    30.1  -0.1   0.81   4.37 2035.3     0.00   0.00    0.0  0.011  0.033  0.005  0.002  0.002  0.008
02:04:39 866.03   17.9   29.6   1350    0.9     55    7.8    30.1  -0.1   0.81   4.40 2037.3     0.00   0.00    0.0  0.011  0.033  0.005  0.002  0.002  0.008
02:04:40 866.20   17.8   29.6   1348    0.9     59    7.8    30.0  -0.1   0.81   4.37 2038.3     0.00   0.00    0.0  0.011  0.033  0.005  0.002  0.002  0.008
02:04:41 866.27   17.9   29.7   1347    0.9     54    7.8    30.1  -0.0   0.82   4.42 2039.3     0.00   0.00    0.0  0.011  0.033  0.005  0.002  0.002  0.008
02:04:42 866.34   17.9   29.7   1347    0.9     57    7.8    30.1  -0.0   0.82   4.42 2040.3     0.00   0.00    0.0  0.011  0.033  0.005  0.002  0.002  0.008
02:04:43 866.35   17.9   29.7   1347    0.9     60    7.8    30.1  -0.0   0.82   4.41 2041.3     0.00   0.00    0.0  0.011  0.033  0.005  0.002  0.002  0.008
02:04:44 866.19   17.9   29.8   1348    0.9     49    7.8    30.1   0.0   0.82   4.43 2042.3     0.00   0.00    0.0  0.011  0.033  0.005  0.002  0.002  0.008
02:04:46 866.30   18.0   29.8   1347    0.9     46    7.8    30.1   0.1   0.82   4.44 2044.3     0.00   0.00    0.0  0.011  0.033  0.005  0.002  0.002  0.008
02:04:49 866.54   18.0   29.9   1345    0.9     53    7.8    30.2   0.1   0.82   4.46 2047.3     0.00   0.00    0.0  0.011  0.033  0.005  0.002  0.002  0.008
02:04:50 866.40   18.0   29.9   1346    0.8     46    7.8    30.2   0.2   0.82   4.47 2048.3     0.00   0.00    0.0  0.011  0.033  0.005  0.002  0.002  0.008
02:04:51 866.75   18.0   29.9   1343    0.8     45    7.8    30.1   0.1   0.82   4.46 2049.3     0.00   0.00    0.0  0.011  0.033  0.005  0.002  0.002  0.008
02:04:52 866.61   18.0   29.8   1344    0.8     41    7.8    30.2   0.1   0.82   4.46 2050.3     0.00   0.00    0.0  0.011  0.033  0.005  0.002  0.002  0.008
02:04:56 866.77   18.0   29.4   1342    0.8     34    7.8    30.2  -0.1   0.81   4.39 2054.3     0.00   0.00    0.0  0.011  0.033  0.005  0.002  0.002  0.008
02:04:57 866.83   18.0   29.3   1342    0.8     36    7.8    30.1  -0.1   0.81   4.37 2055.3     0.00   0.00    0.0  0.011  0.033  0.005  0.002  0.002  0.008
02:04:58 866.91   18.0   29.2   1341    0.8     39    7.8    30.1  -0.2   0.81   4.36 2056.3     0.00   0.00    0.0  0.011  0.033  0.005  0.002  0.002  0.008
02:05:00 866.78   18.0   29.0   1342    0.8     36    7.8    30.1  -0.3   0.81   4.30 2058.3     0.00   0.00    0.0  0.011  0.033  0.005  0.002  0.002  0.008
02:05:04 867.19   18.0   28.7   1338    0.7     11    7.8    30.1  -0.3   0.81   4.29 2062.3     0.00   0.00    0.0  0.011  0.033  0.005  0.002  0.002  0.008
02:05:06 867.55   18.1   28.7   1335    0.7      4    7.8    30.2  -0.3   0.81   4.30 2064.3     0.00   0.00    0.0  0.011  0.033  0.005  0.002  0.002  0.008
02:05:10 867.51   18.1   28.1   1335    0.8    360    7.8    30.2  -0.6   0.81   4.21 2068.3     0.00   0.00    0.0  0.011  0.033  0.005  0.002  0.002  0.008
02:05:11 867.39   18.1   28.1   1336    0.7    359    7.8    30.2  -0.6   0.81   4.21 2069.3     0.00   0.00    0.0  0.011  0.033  0.005  0.002  0.002  0.008
02:05:12 867.59   18.1   28.1   1334    0.7    358    7.8    30.2  -0.6   0.81   4.18 2070.3     0.00   0.00    0.0  0.011  0.033  0.005  0.002  0.002  0.008
02:05:13 867.65   18.2   28.0   1334    0.6    357    7.8    30.3  -0.6   0.81   4.21 2071.3     0.00   0.00    0.0  0.011  0.033  0.005  0.002  0.002  0.008
02:05:14 867.85   18.3   28.2   1332    0.6    355    7.8    30.3  -0.5   0.81   4.25 2072.3     0.00   0.00    0.0  0.011  0.033  0.005  0.002  0.002  0.008
02:05:15 867.97   18.3   28.1   1331    0.6    355    7.8    30.3  -0.4   0.81   4.25 2073.3     0.00   0.00    0.0  0.011  0.033  0.005  0.002  0.002  0.008
02:05:16 868.07   18.1   28.1   1330    0.5    354    7.8    30.1  -0.6   0.81   4.19 2074.3     0.00   0.00    0.0  0.011  0.033  0.005  0.002  0.002  0.008
02:05:17 868.10   18.1   28.1   1329    0.5    356    7.8    30.1  -0.6   0.81   4.18 2075.3     0.00   0.00    0.0  0.011  0.033  0.005  0.002  0.002  0.008
02:05:18 868.23   18.1   28.0   1328    0.5    358    7.8    30.1  -0.7   0.81   4.17 2076.3     0.00   0.00    0.0  0.011  0.033  0.005  0.002  0.002  0.008
02:05:19 868.19   18.1   28.1   1328    0.4      0    7.8    30.1  -0.7   0.81   4.18 2077.3     0.00   0.00    0.0  0.011  0.033  0.005  0.003  0.002  0.008
02:05:20 868.02   18.1   28.1   1330    0.4      5    7.8    30.1  -0.6   0.81   4.19 2078.3     0.00   0.00    0.0  0.011  0.033  0.005  0.002  0.002  0.008
02:05:21 868.12   18.1   28.1   1329    0.5      9    7.8    30.1  -0.6   0.81   4.18 2079.3     0.00   0.00    0.0  0.011  0.032  0.005  0.002  0.002  0.008
02:05:22 868.16   18.1   28.1   1329    0.4     13    7.8    30.1  -0.6   0.81   4.20 2080.3     0.00   0.00    0.0  0.011  0.032  0.005  0.002  0.002  0.008
02:05:23 868.12   18.1   28.1   1329    0.4     16    7.8    30.1  -0.6   0.81   4.19 2081.2     0.00   0.00    0.0  0.011  0.032  0.005  0.002  0.002  0.008
02:05:28 868.33   18.4   27.8   1327    0.5     17    7.8    30.4  -0.5   0.81   4.22 2086.2     0.00   0.00    0.0  0.011  0.032  0.005  0.003  0.002  0.008
02:05:29 868.58   18.4   27.7   1325    0.5     15    7.8    30.4  -0.5   0.81   4.21 2087.2     0.00   0.00    0.0  0.011  0.032  0.005  0.002  0.002  0.008
02:05:31 868.83   18.3   27.7   1322    0.5     10    7.8    30.2  -0.7   0.81   4.17 2089.2     0.00   0.00    0.0  0.011  0.032  0.005  0.002  0.002  0.008
02:05:32 868.87   18.4   27.6   1322    0.5      9    7.8    30.3  -0.6   0.81   4.18 2090.2     0.00   0.00    0.0  0.011  0.032  0.005  0.002  0.002  0.008
02:05:36 868.74   18.2   27.3   1323    0.4     12    7.8    30.1  -0.9   0.80   4.07 2094.2     0.00   0.00    0.0  0.011  0.032  0.005  0.002  0.002  0.008
02:05:37 868.98   18.3   27.5   1321    0.4     14    7.8    30.2  -0.7   0.81   4.14 2095.2     0.00   0.00    0.0  0.011  0.032  0.005  0.002  0.002  0.008
02:05:38 869.01   18.4   27.3   1320    0.4     15    7.8    30.3  -0.8   0.80   4.12 2096.2     0.00   0.00    0.0  0.011  0.032  0.005  0.002  0.002  0.008
02:05:41 869.04   18.2   28.2   1320    0.4     14    7.8    30.1  -0.5   0.81   4.23 2099.2     0.00   0.00    0.0  0.011  0.032  0.005  0.003  0.002  0.008
02:05:43 868.98   18.2   27.8   1321    0.5      6    7.8    30.2  -0.6   0.81   4.18 2101.2     0.00   0.00    0.0  0.011  0.032  0.005  0.002  0.002  0.008
02:05:44 869.03   18.2   28.0   1320    0.5      1    7.8    30.1  -0.5   0.81   4.21 2102.2     0.00   0.00    0.0  0.011  0.032  0.005  0.002  0.002  0.008
02:05:47 869.18   18.3   27.8   1319    0.6    350    7.8    30.2  -0.5   0.81   4.21 2105.2     0.00   0.00    0.0  0.011  0.032  0.005  0.002  0.002  0.008
02:05:48 869.59   18.4   28.2   1315    0.6    348    7.8    30.2  -0.4   0.81   4.28 2106.2     0.00   0.00    0.0  0.011  0.032  0.005  0.002  0.002  0.008
02:05:49 869.37   18.3   27.9   1317    0.6    347    7.8    30.2  -0.5   0.81   4.21 2107.2     0.00   0.00    0.0  0.011  0.032  0.005  0.002  0.002  0.008
02:05:50 869.32   18.3   28.3   1317    0.6    345    7.8    30.2  -0.3   0.81   4.29 2108.2     0.00   0.00    0.0  0.011  0.032  0.005  0.002  0.002  0.008
02:05:52 869.59   18.3   27.7   1315    0.6    342    7.8    30.2  -0.6   0.81   4.19 2110.2     0.00   0.00    0.0  0.011  0.032  0.005  0.002  0.002  0.008
02:05:53 869.83   18.4   27.7   1312    0.5    343    7.8    30.2  -0.5   0.81   4.21 2111.2     0.00   0.00    0.0  0.011  0.032  0.005  0.002  0.002  0.008
02:05:54 869.79   18.3   27.9   1313    0.5    343    7.8    30.1  -0.6   0.81   4.20 2112.2     0.00   0.00    0.0  0.011  0.032  0.005  0.002  0.002  0.008
02:05:55 869.68   18.4   28.1   1314    0.5    342    7.8    30.2  -0.4   0.81   4.27 2113.2     0.00   0.00    0.0  0.011  0.032  0.005  0.002  0.002  0.008
02:05:56 869.68   18.4   28.0   1314    0.6    341    7.8    30.3  -0.4   0.81   4.27 2114.2     0.00   0.00    0.0  0.011  0.032  0.005  0.002  0.002  0.008
02:05:57 869.84   18.4   28.5   1312    0.5    341    7.8    30.3  -0.1   0.81   4.36 2115.2     0.00   0.00    0.0  0.011  0.032  0.005  0.002  0.002  0.008
02:05:58 869.80   18.4   28.0   1313    0.5    342    7.8    30.3  -0.4   0.81   4.27 2116.2     0.00   0.00    0.0  0.011  0.032  0.005  0.002  0.002  0.008
02:05:59 869.80   18.4   28.4   1313    0.5    342    7.8    30.3  -0.2   0.81   4.33 2117.2     0.00   0.00    0.0  0.011  0.032  0.005  0.002  0.002  0.008
02:06:00 869.76   18.5   28.6   1313    0.5    339    7.8    30.3  -0.1   0.81   4.38 2118.2     0.00   0.00    0.0  0.011  0.032  0.005  0.002  0.002  0.008
02:06:03 869.86   18.5   29.0   1312    0.4    330    7.8    30.3   0.1   0.82   4.45 2121.2     0.00   0.00    0.0  0.011  0.032  0.005  0.002  0.002  0.008
02:06:04 869.89   18.7   29.2   1312    0.4    327    7.8    30.6   0.4   0.82   4.55 2122.2     0.00   0.00    0.0  0.011  0.032  0.005  0.002  0.002  0.008
02:06:05 869.90   18.3   29.2   1312    0.3    325    7.8    30.2   0.1   0.82   4.44 2123.2     0.00   0.00    0.0  0.011  0.032  0.005  0.002  0.002  0.008
02:06:34 869.75   18.7   29.9   1313    0.0    283    7.8    30.6   0.8   0.82   4.66 2151.8     0.00   0.00    0.0  0.010  0.031  0.005  0.002  0.002  0.007
02:06:35 869.87   18.3   28.2   1312   38.5    315    7.8    30.1  -0.4   0.81   4.26 2152.8     0.00   0.00    0.0  0.010  0.031  0.005  0.002  0.002  0.007
02:06:36 870.00   18.3   28.5   1311    0.0    319    7.8    30.2  -0.2   0.81   4.33 2153.8     0.00   0.00    0.0  0.010  0.031  0.005  0.002  0.002  0.007
02:06:37 869.93   18.3   28.5   1311    0.0    317    7.8    30.1  -0.3   0.81   4.30 2154.8     0.00   0.00    0.0  0.010  0.031  0.005  0.002  0.002  0.007
02:06:38 870.14   18.3   32.0   1309    0.0    318    7.8    30.1   1.4   0.83   4.86 2155.8     0.00   0.00    0.0  0.010  0.031  0.005  0.002  0.002  0.007
02:06:39 869.93   18.5   29.2   1311    0.0    322    7.8    30.3   0.2   0.82   4.48 2156.8     0.00   0.00    0.0  0.010  0.031  0.005  0.002  0.002  0.007
02:06:40 869.72   18.3   29.2   1313    0.0    324    7.8    30.2   0.1   0.82   4.43 2157.8     0.00   0.00    0.0  0.010  0.031  0.005  0.002  0.002  0.007
02:06:41 869.65   18.3   29.3   1314    0.0    325    7.8    30.2   0.1   0.82   4.45 2158.8     0.00   0.00    0.0  0.010  0.031  0.005  0.002  0.002  0.007
02:06:42 870.01   18.3   29.6   1311    0.0    326    7.8    30.2   0.3   0.82   4.51 2159.8     0.00   0.00    0.0  0.010  0.031  0.005  0.002  0.002  0.007
02:06:45 869.81   18.3   28.2   1313    0.0    329    7.8    30.1  -0.4   0.81   4.26 2162.8     0.00   0.00    0.0  0.010  0.031  0.005  0.002  0.002  0.007
02:06:46 869.71   18.2   28.2   1314    0.0    332    7.8    30.1  -0.5   0.81   4.23 2163.8     0.00   0.00    0.0  0.010  0.031  0.005  0.002  0.002  0.008
02:06:47 869.62   18.2   28.1   1314    0.0    337    7.8    30.1  -0.5   0.81   4.22 2164.8     0.00   0.00    0.0  0.010  0.031  0.005  0.002  0.002  0.007
02:06:48 869.68   18.2   28.0   1314    0.0    340    7.8    30.1  -0.6   0.81   4.20 2165.7     0.00   0.00    0.0  0.010  0.031  0.005  0.002  0.002  0.007
02:06:49 869.54   18.4   27.9   1315    0.0    345    7.8    30.3  -0.5   0.81   4.24 2166.7     0.00   0.00    0.0  0.010  0.031  0.005  0.002  0.002  0.008
02:06:50 869.71   18.4   27.8   1313    0.0    350    7.8    30.3  -0.4   0.81   4.24 2167.7     0.00   0.00    0.0  0.010  0.031  0.005  0.002  0.002  0.007
02:06:51 869.74   18.5   28.0   1313    0.0    353    7.8    30.4  -0.3   0.81   4.28 2168.7     0.00   0.00    0.0  0.010  0.031  0.005  0.002  0.002  0.007
02:06:55 869.56   18.5   27.7   1315    0.0    358    7.8    30.4  -0.5   0.81   4.23 2172.7     0.00   0.00    0.0  0.010  0.031  0.005  0.002  0.002  0.007
02:06:56 869.29   18.4   27.7   1318    0.0    358    7.8    30.4  -0.5   0.81   4.22 2173.7     0.00   0.00    0.0  0.010  0.031  0.005  0.002  0.002  0.007
02:06:57 869.41   18.4   27.7   1316    0.1    359    7.8    30.3  -0.6   0.81   4.20 2174.7     0.00   0.00    0.0  0.010  0.031  0.005  0.002  0.002  0.007
02:06:58 869.17   18.5   27.8   1319    0.1      1    7.8    30.4  -0.4   0.81   4.25 2175.7     0.00   0.00    0.0  0.010  0.031  0.005  0.002  0.002  0.007
02:06:59 869.23   18.5   27.9   1318    0.1      3    7.8    30.4  -0.4   0.81   4.25 2176.7     0.00   0.00    0.0  0.010  0.031  0.005  0.002  0.002  0.007
02:07:01 869.18   18.4   27.9   1319    0.1      7    7.8    30.3  -0.5   0.81   4.23 2178.7     0.00   0.00    0.0  0.010  0.031  0.005  0.002  0.002  0.007
02:07:03 869.06   18.2   27.7   1320    0.2     11    7.8    30.1  -0.7   0.81   4.15 2180.7     0.00   0.00    0.0  0.010  0.031  0.005  0.002  0.002  0.007
02:07:05 868.97   18.3   27.8   1321    0.2     12    7.8    30.2  -0.6   0.81   4.20 2182.7     0.00   0.00    0.0  0.010  0.031  0.005  0.002  0.002  0.007
02:07:06 869.13   18.5   28.1   1319    0.1     10    7.8    30.4  -0.3   0.81   4.29 2183.7     0.00   0.00    0.0  0.010  0.031  0.005  0.002  0.002  0.007
02:07:07 869.19   18.2   28.2   1319    0.1      9    7.8    30.1  -0.5   0.81   4.24 2184.7     0.00   0.00    0.0  0.010  0.031  0.005  0.002  0.002  0.007
02:07:08 868.92   18.5   28.2   1321    0.1      8    7.8    30.4  -0.2   0.81   4.32 2185.7     0.00   0.00    0.0  0.010  0.031  0.005  0.002  0.002  0.007
02:07:09 868.93   18.4   28.1   1321    0.2      9    7.8    30.3  -0.4   0.81   4.26 2186.7     0.00   0.00    0.0  0.010  0.031  0.005  0.002  0.002  0.007
02:07:10 868.89   18.5   27.7   1322    0.2      9    7.8    30.4  -0.5   0.81   4.23 2187.7     0.00   0.00    0.0  0.010  0.031  0.005  0.002  0.002  0.007
02:07:12 868.52   18.3   27.9   1325    0.2     12    7.8    30.3  -0.5   0.81   4.23 2189.7     0.00   0.00    0.0  0.010  0.031  0.005  0.002  0.002  0.007
02:07:13 868.75   18.3   28.0   1323    0.1     13    7.8    30.2  -0.5   0.81   4.22 2190.7     0.00   0.00    0.0  0.010  0.031  0.005  0.002  0.002  0.007
02:07:14 868.67   18.2   27.9   1324    0.2     13    7.8    30.2  -0.6   0.81   4.18 2191.7     0.00   0.00    0.0  0.010  0.031  0.005  0.003  0.002  0.007
02:07:15 868.43   18.3   28.0   1326    0.2     12    7.8    30.3  -0.5   0.81   4.24 2192.7     0.00   0.00    0.0  0.010  0.031  0.005  0.003  0.002  0.007
02:07:16 868.68   18.4   28.0   1324    0.2     10    7.8    30.4  -0.4   0.81   4.27 2193.7     0.00   0.00    0.0  0.010  0.031  0.005  0.002  0.002  0.007
02:07:17 868.73   18.5   27.8   1323    0.2      8    7.8    30.5  -0.4   0.81   4.25 2194.7     0.00   0.00    0.0  0.010  0.031  0.005  0.002  0.002  0.007
02:07:18 868.77   18.4   27.9   1323    0.2      7    7.8    30.3  -0.5   0.81   4.23 2195.7     0.00   0.00    0.0  0.010  0.031  0.005  0.003  0.002  0.007
02:07:20 868.55   18.2   27.8   1325    0.3     10    7.8    30.1  -0.7   0.81   4.16 2197.7     0.00   0.00    0.0  0.010  0.031  0.005  0.002  0.002  0.007
02:07:21 868.35   18.1   27.6   1327    0.3     16    7.8    30.1  -0.8   0.80   4.11 2198.7     0.00   0.00    0.0  0.010  0.031  0.005  0.003  0.002  0.007
02:07:22 868.44   18.1   27.7   1326    0.4     19    7.8    30.1  -0.8   0.80   4.12 2199.7     0.00   0.00    0.0  0.010  0.031  0.005  0.002  0.002  0.007
02:07:23 868.42   18.1   27.5   1326    0.4     23    7.8    30.1  -0.9   0.80   4.09 2200.7     0.00   0.00    0.0  0.010  0.031  0.005  0.002  0.002  0.007
02:07:25 868.28   18.3   27.8   1328    0.4     30    7.8    30.3  -0.6   0.81   4.19 2202.7     0.00   0.00    0.0  0.010  0.031  0.005  0.002  0.002  0.007
02:07:27 868.28   18.2   27.8   1328    0.4     27    7.8    30.2  -0.6   0.81   4.18 2204.7     0.00   0.00    0.0  0.010  0.031  0.005  0.003  0.002  0.007
02:07:28 868.09   18.3   28.0   1329    0.4     24    7.8    30.3  -0.4   0.81   4.25 2205.7     0.00   0.00    0.0  0.010  0.031  0.005  0.003  0.002  0.007
02:07:29 868.01   18.1   28.0   1330    0.4     22    7.8    30.2  -0.6   0.81   4.18 2206.7     0.00   0.00    0.0  0.010  0.031  0.005  0.003  0.002  0.007
02:07:30 867.83   18.2   28.1   1332    0.4     24    7.8    30.2  -0.6   0.81   4.21 2207.7     0.00   0.00    0.0  0.010  0.031  0.005  0.003  0.002  0.007
02:07:31 867.76   18.1   28.0   1333    0.4     31    7.8    30.2  -0.6   0.81   4.19 2208.7     0.00   0.00    0.0  0.010  0.031  0.005  0.003  0.002  0.007
02:07:32 867.75   18.2   28.1   1333    0.4     39    7.8    30.2  -0.6   0.81   4.21 2209.7     0.00   0.00    0.0  0.010  0.031  0.005  0.003  0.002  0.007
02:07:33 867.85   18.1   27.9   1332    0.4     43    7.8    30.2  -0.7   0.81   4.17 2210.7     0.00   0.00    0.0  0.010  0.031  0.005  0.003  0.002  0.007
02:07:34 867.91   18.3   28.0   1331    0.4     43    7.8    30.3  -0.5   0.81   4.23 2211.7     0.00   0.00    0.0  0.010  0.031  0.005  0.003  0.002  0.007
02:07:35 867.68   18.1   28.1   1333    0.4     42    7.8    30.2  -0.6   0.81   4.19 2212.7     0.00   0.00    0.0  0.010  0.031  0.005  0.002  0.002  0.007
02:07:36 867.87   18.2   28.1   1332    0.4     45    7.8    30.2  -0.5   0.81   4.23 2213.7     0.00   0.00    0.0  0.010  0.031  0.005  0.002  0.002  0.007
02:07:37 867.69   18.0   28.4   1333    0.4     52    7.8    30.1  -0.5   0.81   4.21 2214.7     0.00   0.00    0.0  0.010  0.031  0.005  0.003  0.002  0.007
02:07:38 867.72   18.1   28.3   1333    0.5     55    7.8    30.2  -0.5   0.81   4.24 2215.7     0.00   0.00    0.0  0.010  0.031  0.005  0.002  0.002  0.007
02:07:39 867.80   18.1   28.8   1332    0.5     48    7.8    30.1  -0.3   0.81   4.30 2216.7     0.00   0.00    0.0  0.010  0.031  0.005  0.003  0.002  0.007
02:07:40 867.57   18.2   29.1   1335    0.6     48    7.8    30.3  -0.1   0.81   4.39 2217.7     0.00   0.00    0.0  0.010  0.030  0.005  0.002  0.002  0.007
02:07:42 867.54   18.0   29.1   1335    0.8     41    7.8    30.1  -0.2   0.81   4.34 2219.7     0.00   0.00    0.0  0.010  0.031  0.005  0.003  0.002  0.007
02:07:43 867.62   18.0   29.0   1334    0.8     47    7.8    30.0  -0.3   0.81   4.31 2220.7     0.00   0.00    0.0  0.010  0.031  0.005  0.003  0.002  0.007
02:07:44 867.26   18.1   29.2   1338    0.8     59    7.8    30.2  -0.1   0.81   4.39 2221.7     0.00   0.00    0.0  0.010  0.030  0.005  0.003  0.002  0.007
02:07:45 867.93   18.1   29.3   1331    0.7     55    7.8    30.2  -0.0   0.82   4.41 2222.7     0.00   0.00    0.0  0.010  0.031  0.005  0.003  0.002  0.007
02:07:46 867.36   18.0   29.3   1337    0.7     40    7.8    30.1  -0.1   0.81   4.37 2223.7     0.00   0.00    0.0  0.010  0.030  0.005  0.002  0.002  0.007
02:07:47 867.37   18.1   29.2   1337    0.6     37    7.8    30.2  -0.1   0.81   4.37 2224.7     0.00   0.00    0.0  0.010  0.030  0.005  0.002  0.002  0.007
02:07:48 867.23   18.0   29.2   1338    0.6     47    7.8    30.1  -0.2   0.81   4.34 2225.7     0.00   0.00    0.0  0.010  0.030  0.005  0.003  0.002  0.007
02:07:51 867.22   18.1   29.6   1338    0.8     58    7.8    30.2   0.1   0.82   4.44 2228.7     0.00   0.00    0.0  0.010  0.030  0.005  0.002  0.002  0.007
02:07:52 867.01   18.1   29.6   1340    0.9     68    7.8    30.2   0.1   0.82   4.44 2229.7     0.00   0.00    0.0  0.010  0.030  0.005  0.003  0.002  0.007
02:07:53 866.99   18.0   29.9   1340    1.0     67    7.8    30.1   0.1   0.82   4.46 2230.7     0.00   0.00    0.0  0.010  0.030  0.005  0.003  0.002  0.007
02:07:54 866.96   17.9   29.7   1341    0.9     57    7.6    30.1   0.0   0.82   4.42 2231.7     0.00   0.00    0.0  0.010  0.030  0.005  0.003  0.002  0.007
02:07:55 867.09   17.9   29.9   1339    0.9     55    7.8    30.0   0.1   0.82   4.44 2232.7     0.00   0.00    0.0  0.010  0.030  0.005  0.003  0.002  0.007
02:07:56 867.20   17.9   29.9   1338    0.9     59    7.8    30.0   0.1   0.82   4.44 2233.7     0.00   0.00    0.0  0.010  0.030  0.005  0.003  0.002  0.007
02:07:57 867.15   17.9   29.9   1339    0.8     57    7.8    30.0   0.1   0.82   4.44 2234.7     0.00   0.00    0.0  0.010  0.030  0.005  0.003  0.002  0.007
02:08:02 866.85   17.9   30.3   1342    0.5     65    7.6    30.0   0.2   0.82   4.49 2239.7     0.00   0.00    0.0  0.010  0.030  0.005  0.003  0.002  0.007
02:08:03 866.58   17.9   30.3   1344    0.5     65    7.6    30.1   0.3   0.82   4.51 2240.7     0.00   0.00    0.0  0.010  0.030  0.005  0.003  0.002  0.007
02:08:04 866.75   18.0   30.3   1343    0.6     61    7.6    30.1   0.3   0.82   4.53 2241.7     0.00   0.00    0.0  0.010  0.030  0.005  0.003  0.002  0.007
02:08:07 866.40   17.9   30.7   1346    0.5     92    7.6    30.1   0.5   0.82   4.57 2244.7     0.00   0.00    0.0  0.010  0.030  0.005  0.003  0.002  0.007
02:08:08 866.32   17.9   30.7   1347    0.4     98    7.6    30.1   0.4   0.82   4.55 2245.7     0.00   0.00    0.0  0.010  0.030  0.005  0.003  0.002  0.007
02:08:09 866.42   17.9   30.5   1346    0.4     90    7.6    30.1   0.4   0.82   4.54 2246.7     0.00   0.00    0.0  0.010  0.030  0.005  0.003  0.002  0.007
02:08:10 866.55   17.9   30.6   1345    0.4     77    7.6    30.1   0.4   0.82   4.56 2247.7     0.00   0.00    0.0  0.010  0.030  0.005  0.003  0.002  0.007
02:08:12 866.37   17.9   30.5   1346    0.4     55    7.6    30.1   0.3   0.82   4.52 2249.7     0.00   0.00    0.0  0.010  0.030  0.005  0.003  0.002  0.007
02:08:14 866.41   18.1   30.2   1346    0.4     50    7.6    30.2   0.4   0.82   4.53 2251.7     0.00   0.00    0.0  0.010  0.030  0.005  0.003  0.002  0.007
02:08:15 866.13   18.0   30.3   1349    0.5     49    7.6    30.2   0.4   0.82   4.54 2252.7     0.00   0.00    0.0  0.010  0.030  0.005  0.003  0.002  0.007
02:08:16 865.98   18.0   30.1   1350    0.4     50    7.6    30.3   0.3   0.82   4.51 2253.7     0.00   0.00    0.0  0.010  0.030  0.005  0.003  0.002  0.007
02:08:17 866.15   18.0   30.1   1349    0.5     53    7.6    30.2   0.2   0.82   4.48 2254.7     0.00   0.00    0.0  0.010  0.030  0.005  0.002  0.002  0.007
02:08:18 865.94   17.9   30.0   1351    0.4     54    7.6    30.2   0.1   0.82   4.46 2255.7     0.00   0.00    0.0  0.010  0.030  0.005  0.003  0.002  0.007
02:08:19 865.94   17.9   30.0   1351    0.4     55    7.6    30.2   0.1   0.82   4.47 2256.7     0.00   0.00    0.0  0.010  0.030  0.005  0.002  0.002  0.007
02:08:20 866.12   17.9   30.0   1349    0.4     59    7.6    30.1   0.1   0.82   4.46 2257.7     0.00   0.00    0.0  0.010  0.030  0.005  0.003  0.002  0.007
02:08:21 865.95   17.9   30.1   1351    0.4     62    7.6    30.1   0.1   0.82   4.47 2258.7     0.00   0.00    0.0  0.010  0.030  0.005  0.003  0.002  0.007
02:08:22 866.02   17.8   30.2   1350    0.4     65    7.6    30.0   0.1   0.82   4.46 2259.7     0.00   0.00    0.0  0.010  0.030  0.005  0.003  0.002  0.007
02:08:23 866.21   17.9   30.3   1348    0.4     67    7.6    30.0   0.2   0.82   4.49 2260.7     0.00   0.00    0.0  0.010  0.030  0.005  0.003  0.002  0.007
02:08:24 866.11   17.8   30.2   1349    0.4     71    7.6    30.0   0.2   0.82   4.47 2261.7     0.00   0.00    0.0  0.010  0.030  0.005  0.003  0.002  0.007
02:08:28 865.87   17.9   30.3   1351    0.4    128    7.6    30.1   0.2   0.82   4.50 2265.6     0.00   0.00    0.0  0.010  0.030  0.005  0.003  0.002  0.007
02:08:29 865.39   17.8   30.3   1356    0.4    139    7.6    30.1   0.2   0.82   4.48 2266.6     0.00   0.00    0.0  0.010  0.030  0.005  0.003  0.002  0.007
02:08:31 865.51   17.8   30.2   1355    0.4    109    7.6    30.0   0.1   0.82   4.46 2268.6     0.00   0.00    0.0  0.010  0.030  0.005  0.003  0.002  0.007
02:08:32 865.43   17.8   30.4   1356    0.3     94    7.6    30.1   0.2   0.82   4.49 2269.6     0.00   0.00    0.0  0.010  0.030  0.005  0.003  0.002  0.007
02:08:33 865.65   17.8   30.3   1354    0.3     82    7.6    30.1   0.2   0.82   4.48 2270.6     0.00   0.00    0.0  0.010  0.030  0.005  0.003  0.002  0.007
02:08:37 865.18   17.8   30.4   1358    0.2     57    7.6    30.1   0.2   0.82   4.49 2274.6     0.00   0.00    0.0  0.010  0.030  0.005  0.003  0.002  0.007
02:08:38 865.09   17.9   30.4   1359    0.2     56    7.6    30.2   0.3   0.82   4.52 2275.6     0.00   0.00    0.0  0.010  0.030  0.005  0.003  0.002  0.007
02:08:40 865.45   17.8   30.3   1355    0.2     56    7.6    30.0   0.2   0.82   4.47 2277.6     0.00   0.00    0.0  0.010  0.030  0.005  0.002  0.002  0.007
02:08:41 865.19   17.8   30.3   1358    0.1     57    7.6    30.1   0.2   0.82   4.48 2278.6     0.00   0.00    0.0  0.010  0.030  0.005  0.003  0.002  0.007
02:08:42 865.18   17.7   30.4   1358    0.1     58    7.6    30.0   0.2   0.82   4.47 2279.6     0.00   0.00    0.0  0.010  0.030  0.005  0.003  0.002  0.007
02:08:44 865.14   17.9   30.3   1359    0.1     57    7.6    30.2   0.3   0.82   4.52 2281.6     0.00   0.00    0.0  0.010  0.030  0.005  0.003  0.002  0.007
02:08:46 865.01   17.7   30.4   1360    0.1     55    7.6    30.0   0.2   0.82   4.48 2283.6     0.00   0.00    0.0  0.010  0.030  0.005  0.003  0.002  0.007
02:08:47 864.73   17.8   30.5   1363    0.0     54    7.6    30.1   0.2   0.82   4.49 2284.6     0.00   0.00    0.0  0.010  0.029  0.005  0.003  0.002  0.007
02:08:48 864.82   17.7   30.4   1362    0.0     50    7.6    30.1   0.2   0.82   4.48 2285.6     0.00   0.00    0.0  0.010  0.029  0.005  0.003  0.002  0.007
02:08:50 864.74   17.8   30.4   1363    0.0     40    7.6    30.1   0.2   0.82   4.48 2287.6     0.00   0.00    0.0  0.010  0.029  0.005  0.003  0.002  0.007
02:08:53 864.71   17.7   30.2   1363    0.0     20    7.6    30.1   0.1   0.82   4.45 2290.6     0.00   0.00    0.0  0.010  0.029  0.005  0.003  0.002  0.007
02:08:56 864.71   17.8   29.9   1363    0.0    356    7.6    30.1  -0.0   0.82   4.42 2293.6     0.00   0.00    0.0  0.010  0.029  0.005  0.003  0.002  0.007
02:08:58 864.53   17.7   29.7   1365    0.0    337    7.6    30.1  -0.2   0.81   4.37 2295.6     0.00   0.00    0.0  0.010  0.029  0.005  0.003  0.002  0.007
02:08:59 864.30   17.7   29.7   1367    0.0    324    7.6    30.1  -0.2   0.81   4.37 2296.6     0.00   0.00    0.0  0.010  0.029  0.005  0.003  0.002  0.007
02:09:00 864.14   17.7   29.8   1368    0.0    305    7.6    30.1  -0.2   0.81   4.37 2297.6     0.00   0.00    0.0  0.010  0.029  0.005  0.003  0.002  0.007
02:09:01 864.37   17.7   29.7   1366    0.0    286    7.6    30.1  -0.2   0.81   4.35 2298.6     0.00   0.00    0.0  0.010  0.029  0.005  0.003  0.002  0.007
02:09:06 864.10   17.7   29.0   1369    0.4    258    7.6    30.1  -0.5   0.81   4.25 2303.6     0.00   0.00    0.0  0.010  0.029  0.005  0.003  0.002  0.007
02:09:07 863.95   17.8   29.2   1370    0.4    260    7.6    30.2  -0.3   0.81   4.31 2304.6     0.00   0.00    0.0  0.010  0.029  0.005  0.003  0.002  0.007
02:09:08 863.82   17.7   29.2   1372    0.4    261    7.6    30.1  -0.4   0.81   4.28 2305.6     0.00   0.00    0.0  0.010  0.029  0.005  0.003  0.002  0.007
02:09:09 864.02   17.7   29.2   1370    0.5    247    7.6    30.1  -0.4   0.81   4.28 2306.6     0.00   0.00    0.0  0.010  0.029  0.005  0.003  0.002  0.007
02:09:10 863.95   17.7   29.1   1370    0.4    231    7.6    30.1  -0.4   0.81   4.27 2307.6     0.00   0.00    0.0  0.010  0.029  0.005  0.003  0.002  0.007
02:09:13 863.90   17.7   29.1   1371    0.5    246    7.6    30.1  -0.5   0.81   4.25 2310.6     0.00   0.00    0.0  0.010  0.029  0.005  0.003  0.002  0.007
02:09:15 863.64   17.7   29.1   1373    0.6    288    7.6    30.1  -0.5   0.81   4.25 2312.6     0.00   0.00    0.0  0.010  0.029  0.005  0.003  0.002  0.007
02:09:16 863.78   17.7   29.1   1372    0.6    301    7.6    30.1  -0.5   0.81   4.26 2313.6     0.00   0.00    0.0  0.010  0.029  0.005  0.003  0.002  0.007
02:09:20 863.59   17.8   29.5   1374    0.6    304    7.6    30.3  -0.2   0.81   4.37 2317.6     0.00   0.00    0.0  0.010  0.029  0.005  0.003  0.002  0.007
02:09:22 863.36   17.8   29.2   1376    0.6    295    7.6    30.3  -0.4   0.81   4.30 2319.6     0.00   0.00    0.0  0.010  0.029  0.005  0.003  0.002  0.007
02:09:23 863.60   17.8   29.0   1374    0.6    293    7.6    30.3  -0.4   0.81   4.27 2320.6     0.00   0.00    0.0  0.010  0.029  0.005  0.003  0.002  0.007
02:09:24 863.72   17.7   29.0   1373    0.7    290    7.6    30.2  -0.5   0.81   4.26 2321.6     0.00   0.00    0.0  0.010  0.029  0.005  0.003  0.002  0.007
02:09:25 863.18   17.8   29.2   1378    0.7    284    7.6    30.3  -0.4   0.81   4.31 2322.6     0.00   0.00    0.0  0.010  0.029  0.005  0.003  0.002  0.007
02:09:26 863.47   17.6   29.2   1375    0.8    261    7.6    30.1  -0.5   0.81   4.25 2323.6     0.00   0.00    0.0  0.010  0.029  0.005  0.003  0.002  0.007
02:09:28 863.30   17.8   28.8   1377    0.9    287    7.6    30.3  -0.5   0.81   4.24 2325.6     0.00   0.00    0.0  0.010  0.029  0.005  0.002  0.002  0.007
02:09:29 863.02   17.8   28.8   1380    1.1    277    7.6    30.3  -0.5   0.81   4.24 2326.6     0.00   0.00    0.0  0.010  0.029  0.005  0.003  0.002  0.007
02:09:30 863.04   17.9   28.9   1379    1.1    281    7.6    30.4  -0.4   0.81   4.29 2327.6     0.00   0.00    0.0  0.010  0.029  0.005  0.003  0.002  0.007
02:09:31 862.97   17.8   28.7   1380    1.1    276    7.6    30.3  -0.5   0.81   4.24 2328.6     0.00   0.00    0.0  0.010  0.029  0.005  0.003  0.002  0.007
02:09:32 863.22   17.8   28.6   1378    1.1    266    7.6    30.3  -0.6   0.81   4.22 2329.6     0.00   0.00    0.0  0.010  0.029  0.005  0.003  0.002  0.007
02:09:33 862.91   17.8   28.7   1381    1.1    267    7.6    30.3  -0.6   0.81   4.21 2330.6     0.00   0.00    0.0  0.010  0.029  0.005  0.003  0.002  0.007
02:09:35 863.15   17.8   28.9   1378    1.0    270    7.6    30.3  -0.5   0.81   4.25 2332.6     0.00   0.00    0.0  0.009  0.029  0.005  0.003  0.002  0.007
02:09:36 863.06   17.8   28.7   1379    1.1    269    7.6    30.3  -0.6   0.81   4.22 2333.6     0.00   0.00    0.0  0.009  0.029  0.005  0.003  0.002  0.007
02:09:40 862.81   17.7   28.3   1382    1.1    262    7.6    30.2  -0.9   0.81   4.13 2337.6     0.00   0.00    0.0  0.009  0.029  0.005  0.003  0.002  0.007
02:09:41 862.72   17.6   28.3   1382    1.1    263    7.6    30.2  -0.9   0.80   4.11 2338.6     0.00   0.00    0.0  0.009  0.029  0.005  0.003  0.002  0.007
02:09:42 862.58   17.8   28.4   1384    1.1    261    7.6    30.3  -0.7   0.81   4.17 2339.6     0.00   0.00    0.0  0.009  0.029  0.005  0.003  0.002  0.007
02:09:43 862.63   17.7   28.8   1383    1.1    265    7.6    30.3  -0.6   0.81   4.22 2340.6     0.00   0.00    0.0  0.009  0.028  0.005  0.003  0.002  0.007
02:09:45 862.62   17.6   28.7   1383    1.1    278    7.6    30.2  -0.7   0.81   4.18 2342.6     0.00   0.00    0.0  0.009  0.028  0.005  0.003  0.002  0.007
02:09:46 862.61   17.6   28.8   1384    1.0    277    7.6    30.1  -0.7   0.81   4.18 2343.6     0.00   0.00    0.0  0.009  0.029  0.005  0.003  0.002  0.007
02:09:50 862.37   17.7   28.5   1386    1.1    277    7.6    30.3  -0.8   0.81   4.16 2347.6     0.00   0.00    0.0  0.009  0.028  0.005  0.003  0.002  0.007
02:09:52 862.14   17.7   28.3   1388    1.0    254    7.6    30.3  -0.9   0.80   4.12 2349.6     0.00   0.00    0.0  0.009  0.028  0.005  0.003  0.002  0.007
02:09:55 862.20   17.7   28.3   1388    1.1    261    7.6    30.3  -0.9   0.81   4.13 2352.6     0.00   0.00    0.0  0.009  0.028  0.005  0.003  0.002  0.007
02:09:56 862.64   17.7   28.3   1383    1.1    259    7.6    30.2  -0.8   0.81   4.14 2353.6     0.00   0.00    0.0  0.009  0.028  0.005  0.003  0.002  0.007
02:09:57 861.98   17.6   28.4   1390    1.1    253    7.6    30.3  -0.9   0.81   4.14 2354.6     0.00   0.00    0.0  0.009  0.028  0.005  0.003  0.002  0.007
02:09:58 862.12   17.6   28.5   1388    1.1    245    7.6    30.2  -0.8   0.81   4.16 2355.6     0.00   0.00    0.0  0.009  0.028  0.005  0.003  0.002  0.007
02:09:59 861.80   17.6   28.6   1392    1.1    241    7.6    30.2  -0.8   0.81   4.15 2356.6     0.00   0.00    0.0  0.009  0.028  0.005  0.003  0.002  0.007
02:10:00 862.03   17.6   28.6   1389    1.1    246    7.6    30.2  -0.8   0.81   4.15 2357.6     0.00   0.00    0.0  0.009  0.028  0.005  0.003  0.002  0.007
02:10:01 861.95   17.5   28.6   1390    1.2    250    7.6    30.2  -0.9   0.81   4.13 2358.6     0.00   0.00    0.0  0.009  0.028  0.005  0.003  0.002  0.007
02:10:02 861.70   17.6   28.6   1393    1.2    246    7.6    30.2  -0.8   0.81   4.15 2359.6     0.00   0.00    0.0  0.009  0.028  0.005  0.003  0.002  0.007
02:10:03 861.92   17.6   28.5   1390    1.2    242    7.6    30.2  -0.9   0.80   4.13 2360.6     0.00   0.00    0.0  0.009  0.028  0.005  0.003  0.002  0.007
02:10:04 861.76   17.5   28.7   1392    1.2    238    7.6    30.2  -0.8   0.81   4.15 2361.6     0.00   0.00    0.0  0.009  0.028  0.005  0.003  0.002  0.007
02:10:06 861.61   17.5   28.8   1393    1.2    247    7.6    30.1  -0.8   0.81   4.15 2363.6     0.00   0.00    0.0  0.009  0.028  0.005  0.003  0.002  0.007
02:10:07 861.78   17.4   28.9   1392    1.2    231    7.6    30.0  -0.8   0.81   4.15 2364.6     0.00   0.00    0.0  0.009  0.028  0.005  0.003  0.002  0.007
02:10:08 861.68   17.6   29.0   1393    1.1    228    7.6    30.3  -0.6   0.81   4.23 2365.5     0.00   0.00    0.0  0.009  0.028  0.005  0.003  0.002  0.007
02:10:09 861.72   17.7   28.7   1392    1.1    233    7.6    30.3  -0.7   0.81   4.20 2366.5     0.00   0.00    0.0  0.009  0.028  0.005  0.003  0.002  0.007
02:10:10 861.57   17.5   28.9   1394    1.1    229    7.6    30.1  -0.7   0.81   4.17 2367.5     0.00   0.00    0.0  0.009  0.028  0.005  0.003  0.002  0.007
02:10:13 861.47   17.5   28.9   1395    1.1    208    7.6    30.1  -0.7   0.81   4.18 2370.5     0.00   0.00    0.0  0.009  0.028  0.005  0.003  0.002  0.007
02:10:14 861.15   17.5   28.9   1398    1.1    209    7.6    30.2  -0.7   0.81   4.18 2371.5     0.00   0.00    0.0  0.009  0.028  0.005  0.003  0.002  0.007
02:10:17 861.09   17.5   28.9   1399    1.2    225    7.6    30.2  -0.7   0.81   4.18 2374.5     0.00   0.00    0.0  0.009  0.028  0.005  0.003  0.002  0.007
02:10:18 861.37   17.5   28.9   1396    1.1    231    7.6    30.1  -0.8   0.81   4.17 2375.5     0.00   0.00    0.0  0.009  0.028  0.005  0.003  0.002  0.007
02:10:21 861.04   17.5   29.1   1399    1.1    254    7.6    30.2  -0.7   0.81   4.20 2378.5     0.00   0.00    0.0  0.009  0.028  0.005  0.003  0.002  0.007
02:10:22 861.07   17.5   29.1   1399    1.1    245    7.6    30.1  -0.7   0.81   4.20 2379.5     0.00   0.00    0.0  0.009  0.028  0.005  0.003  0.002  0.007
02:10:23 860.83   17.5   29.2   1401    1.0    247    7.6    30.2  -0.6   0.81   4.21 2380.5     0.00   0.00    0.0  0.009  0.028  0.005  0.003  0.002  0.007
02:10:25 860.82   17.5   29.1   1401    1.0    243    7.6    30.2  -0.7   0.81   4.20 2382.5     0.00   0.00    0.0  0.009  0.028  0.005  0.003  0.002  0.007
02:10:28 861.00   17.4   29.2   1400    0.9    219    7.6    30.0  -0.7   0.81   4.19 2385.5     0.00   0.00    0.0  0.009  0.028  0.005  0.003  0.002  0.007
02:10:29 860.84   17.4   29.2   1401    0.8    209    7.6    30.1  -0.7   0.81   4.20 2386.5     0.00   0.00    0.0  0.009  0.028  0.005  0.003  0.002  0.007
02:10:30 860.82   17.5   29.1   1401    0.8    203    7.6    30.2  -0.6   0.81   4.22 2387.5     0.00   0.00    0.0  0.009  0.028  0.005  0.003  0.002  0.007
02:10:31 860.85   17.5   29.1   1401    0.8    204    7.6    30.3  -0.6   0.81   4.22 2388.5     0.00   0.00    0.0  0.009  0.028  0.005  0.003  0.002  0.007
02:10:31 860.80   17.5   29.0   1401    0.8    208    7.6    30.2  -0.7   0.81   4.20 2389.5     0.00   0.00    0.0  0.009  0.028  0.005  0.003  0.002  0.007
02:10:36 860.30   17.4   29.0   1406    0.6    264    7.6    30.1  -0.8   0.81   4.16 2394.5     0.00   0.00    0.0  0.009  0.028  0.005  0.003  0.002  0.007
02:10:37 860.47   17.4   29.0   1405    0.6    272    7.6    30.2  -0.8   0.81   4.17 2395.5     0.00   0.00    0.0  0.009  0.028  0.005  0.003  0.002  0.007
02:10:38 860.39   17.5   29.0   1406    0.5    278    7.6    30.2  -0.7   0.81   4.19 2396.5     0.00   0.00    0.0  0.009  0.028  0.005  0.003  0.002  0.007
02:10:41 860.15   17.4   28.9   1408    0.5    282    7.6    30.2  -0.8   0.81   4.16 2399.5     0.00   0.00    0.0  0.009  0.028  0.005  0.003  0.002  0.007
02:10:42 860.20   17.5   28.9   1407    0.6    270    7.6    30.2  -0.8   0.81   4.17 2400.5     0.00   0.00    0.0  0.009  0.028  0.005  0.003  0.002  0.007
02:10:43 860.34   17.3   28.9   1406    0.6    268    7.6    30.1  -0.9   0.81   4.13 2401.5     0.00   0.00    0.0  0.009  0.028  0.005  0.003  0.002  0.007
02:10:46 859.83   17.3   29.2   1411    0.6    244    7.6    30.2  -0.7   0.81   4.18 2404.5     0.00   0.00    0.0  0.009  0.028  0.005  0.003  0.002  0.007
02:10:47 859.98   17.4   29.1   1410    0.6    245    7.6    30.2  -0.7   0.81   4.20 2405.5     0.00   0.00    0.0  0.009  0.028  0.005  0.003  0.002  0.007
02:10:48 860.09   17.5   29.1   1409    0.6    248    7.6    30.2  -0.7   0.81   4.20 2406.5     0.00   0.00    0.0  0.009  0.027  0.005  0.003  0.002  0.007
02:10:49 859.99   17.4   29.1   1410    0.6    248    7.6    30.2  -0.8   0.81   4.17 2407.5     0.00   0.00    0.0  0.009  0.028  0.005  0.003  0.002  0.007
02:10:50 859.95   17.3   29.1   1410    0.6    243    7.6    30.1  -0.8   0.81   4.18 2408.5     0.00   0.00    0.0  0.009  0.028  0.005  0.003  0.002  0.007
02:10:56 859.85   17.3   29.2   1411    0.6    170    7.6    30.1  -0.8   0.81   4.16 2414.5     0.00   0.00    0.0  0.009  0.027  0.005  0.003  0.002  0.007
02:10:57 859.63   17.2   29.3   1413    0.6    148    7.6    30.1  -0.8   0.81   4.17 2415.5     0.00   0.00    0.0  0.009  0.027  0.005  0.003  0.002  0.007
02:11:00 859.69   17.3   29.1   1412    0.5    135    7.6    30.1  -0.8   0.81   4.15 2418.5     0.00   0.00    0.0  0.009  0.027  0.005  0.003  0.002  0.007
02:11:01 859.36   17.3   29.1   1416    0.6    149    7.6    30.2  -0.8   0.81   4.16 2419.5     0.00   0.00    0.0  0.009  0.027  0.005  0.003  0.002  0.007
02:11:02 859.37   17.3   29.1   1416    0.6    160    7.6    30.2  -0.8   0.81   4.17 2420.5     0.00   0.00    0.0  0.009  0.027  0.005  0.003  0.002  0.007
02:11:04 859.42   17.2   28.9   1415    0.6    174    7.6    30.1  -1.0   0.80   4.10 2422.5     0.00   0.00    0.0  0.009  0.027  0.005  0.003  0.002  0.007
02:11:07 859.12   17.4   28.8   1418    0.7    183    7.6    30.2  -0.9   0.81   4.14 2425.5     0.00   0.00    0.0  0.009  0.027  0.005  0.003  0.002  0.007
02:11:08 859.12   17.2   28.8   1418    0.8    183    7.6    30.1  -1.0   0.80   4.10 2426.5     0.00   0.00    0.0  0.009  0.027  0.005  0.003  0.002  0.007
02:11:12 858.83   17.5   29.0   1421    0.8    176    7.6    30.4  -0.7   0.81   4.20 2430.5     0.00   0.00    0.0  0.009  0.027  0.005  0.003  0.002  0.007
02:11:14 858.72   17.3   28.9   1422    0.8    168    7.6    30.2  -0.9   0.81   4.13 2432.5     0.00   0.00    0.0  0.009  0.027  0.005  0.003  0.002  0.007
02:11:15 858.91   17.3   28.9   1420    0.7    179    7.6    30.2  -1.0   0.80   4.12 2433.5     0.00   0.00    0.0  0.009  0.027  0.005  0.003  0.002  0.007
02:11:16 858.98   17.2   28.9   1420    0.7    195    7.6    30.1  -1.0   0.80   4.11 2434.5     0.00   0.00    0.0  0.009  0.027  0.005  0.003  0.002  0.007
02:11:17 858.89   17.2   29.0   1420    0.7    221    7.6    30.1  -1.0   0.80   4.10 2435.5     0.00   0.00    0.0  0.009  0.027  0.005  0.003  0.002  0.007
02:11:20 858.87   17.2   29.0   1421    0.7    266    7.6    30.1  -1.0   0.80   4.11 2438.5     0.00   0.00    0.0  0.009  0.027  0.005  0.003  0.002  0.007
02:11:22 858.64   17.3   29.0   1423    0.7    255    7.6    30.2  -0.9   0.81   4.13 2440.5     0.00   0.00    0.0  0.009  0.027  0.005  0.003  0.002  0.007
02:11:23 858.54   17.2   29.0   1424    0.7    249    7.6    30.1  -1.0   0.80   4.10 2441.5     0.00   0.00    0.0  0.009  0.027  0.005  0.003  0.002  0.007
02:11:24 858.53   17.2   29.0   1424    0.7    246    7.6    30.1  -1.0   0.80   4.11 2442.5     0.00   0.00    0.0  0.009  0.027  0.005  0.003  0.002  0.007
02:11:26 858.48   17.3   28.9   1424    0.8    242    7.6    30.3  -0.9   0.81   4.14 2444.5     0.00   0.00    0.0  0.009  0.027  0.005  0.003  0.002  0.007
02:11:29 858.52   17.3   28.9   1424    0.6    193    7.6    30.2  -0.9   0.80   4.12 2447.5     0.00   0.00    0.0  0.009  0.027  0.005  0.003  0.002  0.007
02:11:30 858.37   17.2   28.8   1426    0.6    180    7.6    30.2  -1.0   0.80   4.10 2448.5     0.00   0.00    0.0  0.009  0.027  0.005  0.003  0.002  0.007
02:11:31 858.41   17.2   28.9   1425    0.6    181    7.6    30.2  -1.0   0.80   4.11 2449.5     0.00   0.00    0.0  0.009  0.027  0.005  0.003  0.002  0.007
02:11:32 858.27   17.2   28.8   1427    0.6    184    7.6    30.2  -1.0   0.80   4.10 2450.5     0.00   0.00    0.0  0.009  0.027  0.005  0.003  0.002  0.007
02:11:33 858.21   17.4   28.8   1427    0.6    178    7.6    30.3  -0.9   0.81   4.14 2451.5     0.00   0.00    0.0  0.009  0.027  0.005  0.003  0.002  0.007
02:11:35 858.40   17.4   28.8   1425    0.6    180    7.6    30.3  -0.9   0.80   4.12 2453.5     0.00   0.00    0.0  0.009  0.027  0.005  0.003  0.003  0.007
02:11:36 858.13   17.2   28.9   1428    0.6    186    7.6    30.1  -1.1   0.80   4.08 2454.5     0.00   0.00    0.0  0.009  0.027  0.005  0.003  0.002  0.007
02:11:37 858.26   17.1   28.8   1427    0.6    203    7.6    30.1  -1.1   0.80   4.07 2455.5     0.00   0.00    0.0  0.009  0.027  0.005  0.003  0.002  0.007
02:11:40 858.21   17.2   28.8   1427    0.6    252    7.6    30.2  -1.0   0.80   4.10 2458.5     0.00   0.00    0.0  0.009  0.027  0.005  0.003  0.002  0.007
02:11:41 857.95   17.2   28.7   1430    0.6    258    7.6    30.2  -1.1   0.80   4.09 2459.5     0.00   0.00    0.0  0.009  0.027  0.005  0.003  0.002  0.007
02:11:42 857.98   17.2   28.8   1429    0.7    260    7.6    30.2  -1.0   0.80   4.09 2460.5     0.00   0.00    0.0  0.009  0.027  0.005  0.003  0.002  0.007
02:11:43 857.90   17.1   28.9   1430    0.7    249    7.6    30.1  -1.1   0.80   4.08 2461.5     0.00   0.00    0.0  0.009  0.027  0.005  0.003  0.002  0.007
02:11:45 857.75   17.1   29.1   1432    0.7    210    7.6    30.1  -1.0   0.80   4.09 2463.5     0.00   0.00    0.0  0.009  0.027  0.005  0.003  0.002  0.007
02:11:46 857.81   17.0   29.2   1431    0.7    203    7.6    30.0  -1.0   0.80   4.10 2464.5     0.00   0.00    0.0  0.009  0.027  0.005  0.003  0.002  0.007
02:11:47 857.63   17.0   29.3   1433    0.8    191    7.6    30.0  -1.0   0.80   4.11 2465.4     0.00   0.00    0.0  0.009  0.027  0.005  0.003  0.002  0.006
02:11:48 857.81   17.1   29.3   1431    0.8    183    7.6    30.1  -0.9   0.81   4.14 2466.5     0.00   0.00    0.0  0.009  0.027  0.005  0.003  0.002  0.007
02:11:50 857.68   17.2   29.1   1432    1.0    184    7.6    30.2  -0.9   0.81   4.14 2468.4     0.00   0.00    0.0  0.009  0.027  0.005  0.003  0.002  0.007
02:11:51 857.80   17.2   29.2   1431    1.0    190    7.6    30.2  -0.9   0.81   4.14 2469.4     0.00   0.00    0.0  0.009  0.027  0.005  0.003  0.002  0.007
02:11:52 857.46   17.2   29.2   1435    1.1    192    7.6    30.2  -0.9   0.81   4.14 2470.4     0.00   0.00    0.0  0.009  0.027  0.005  0.003  0.002  0.007
02:11:53 857.46   17.2   29.1   1435    1.1    192    7.6    30.3  -0.9   0.81   4.14 2471.4     0.00   0.00    0.0  0.009  0.027  0.005  0.003  0.002  0.007
02:11:55 857.16   17.3   29.0   1438    1.2    187    7.6    30.3  -0.9   0.81   4.15 2473.4     0.00   0.00    0.0  0.009  0.027  0.005  0.003  0.002  0.007
02:11:57 857.34   17.1   29.1   1436    1.1    161    7.6    30.2  -1.0   0.80   4.11 2475.4     0.00   0.00    0.0  0.009  0.026  0.005  0.003  0.002  0.007
02:11:58 857.41   17.2   29.0   1435    1.1    155    7.6    30.3  -0.9   0.80   4.13 2476.4     0.00   0.00    0.0  0.009  0.027  0.005  0.003  0.002  0.007
02:11:59 857.22   17.0   29.1   1437    1.0    162    7.6    30.1  -1.1   0.80   4.08 2477.4     0.00   0.00    0.0  0.009  0.027  0.005  0.003  0.002  0.007
02:12:00 857.16   17.0   29.1   1438    1.0    168    7.6    30.1  -1.0   0.80   4.09 2478.4     0.00   0.00    0.0  0.009  0.026  0.005  0.003  0.002  0.007
02:12:02 857.06   17.2   29.1   1439    0.9    166    7.6    30.3  -0.9   0.81   4.15 2480.4     0.00   0.00    0.0  0.009  0.026  0.005  0.003  0.002  0.006
02:12:03 857.15   17.0   29.0   1438    0.9    157    7.6    30.1  -1.1   0.80   4.07 2481.4     0.00   0.00    0.0  0.009  0.026  0.005  0.003  0.003  0.007
02:12:06 856.99   17.0   29.1   1439    0.9    171    7.6    30.1  -1.1   0.80   4.08 2484.4     0.00   0.00    0.0  0.009  0.026  0.005  0.003  0.002  0.006
02:12:07 857.02   17.1   29.1   1439    0.9    172    7.6    30.2  -1.0   0.80   4.11 2485.4     0.00   0.00    0.0  0.009  0.026  0.005  0.003  0.002  0.007
02:12:08 856.99   17.1   29.1   1439    0.9    161    7.6    30.2  -1.0   0.80   4.12 2486.4     0.00   0.00    0.0  0.009  0.026  0.005  0.003  0.002  0.007
02:12:09 856.72   17.1   29.1   1442    1.0    162    7.6    30.2  -1.0   0.80   4.10 2487.4     0.00   0.00    0.0  0.009  0.026  0.005  0.003  0.002  0.006
02:12:11 856.53   17.1   29.0   1444    1.0    176    7.6    30.2  -1.0   0.80   4.09 2489.4     0.00   0.00    0.0  0.009  0.026  0.005  0.003  0.002  0.006
02:12:12 856.48   17.1   29.1   1444    1.1    170    7.6    30.3  -1.0   0.80   4.12 2490.4     0.00   0.00    0.0  0.009  0.026  0.005  0.003  0.002  0.006
02:12:14 856.70   17.1   29.2   1442    1.2    152    7.6    30.2  -0.9   0.81   4.13 2492.4     0.00   0.00    0.0  0.009  0.026  0.005  0.003  0.002  0.006
02:12:15 856.69   17.1   29.2   1442    1.2    148    7.6    30.3  -0.9   0.81   4.15 2493.4     0.00   0.00    0.0  0.009  0.026  0.005  0.003  0.002  0.007
02:12:16 856.64   17.1   29.2   1443    1.2    144    7.6    30.2  -1.0   0.80   4.12 2494.4     0.00   0.00    0.0  0.009  0.026  0.005  0.003  0.003  0.007
02:12:21 856.55   17.1   29.2   1444    1.0    149    7.6    30.2  -0.9   0.81   4.13 2499.4     0.00   0.00    0.0  0.009  0.026  0.005  0.003  0.002  0.007
02:12:24 856.48   17.0   29.2   1444    0.9    175    7.6    30.1  -1.0   0.80   4.10 2502.4     0.00   0.00    0.0  0.009  0.026  0.005  0.003  0.003  0.006
02:12:25 856.37   17.1   29.2   1445    0.8    183    7.6    30.2  -1.0   0.80   4.11 2503.4     0.00   0.00    0.0  0.009  0.026  0.005  0.003  0.002  0.007
02:12:26 856.13   17.0   29.1   1448    0.8    192    7.6    30.2  -1.1   0.80   4.09 2504.4     0.00   0.00    0.0  0.009  0.026  0.005  0.003  0.002  0.006
02:12:27 856.14   17.1   29.1   1448    0.9    185    7.6    30.3  -1.0   0.81   4.13 2505.4     0.00   0.00    0.0  0.009  0.026  0.005  0.003  0.003  0.006
02:12:29 855.85   17.1   29.2   1451    0.8    185    7.6    30.3  -1.0   0.80   4.11 2507.4     0.00   0.00    0.0  0.009  0.026  0.005  0.003  0.002  0.006
02:12:30 855.90   17.1   29.1   1450    0.8    186    7.6    30.3  -1.0   0.80   4.11 2508.4     0.00   0.00    0.0  0.009  0.026  0.005  0.003  0.002  0.006
02:12:31 856.03   17.1   29.1   1449    0.8    187    7.6    30.3  -1.0   0.80   4.11 2509.4     0.00   0.00    0.0  0.009  0.026  0.005  0.003  0.003  0.006
02:12:32 856.02   17.1   29.1   1449    0.8    185    7.6    30.3  -1.0   0.80   4.12 2510.4     0.00   0.00    0.0  0.009  0.026  0.005  0.003  0.002  0.006
02:12:33 855.97   17.0   29.0   1449    0.8    185    7.6    30.2  -1.1   0.80   4.08 2511.4     0.00   0.00    0.0  0.009  0.026  0.005  0.003  0.002  0.006
02:12:35 855.92   17.2   29.0   1450    0.9    188    7.6    30.4  -1.0   0.80   4.11 2513.4     0.00   0.00    0.0  0.009  0.026  0.005  0.003  0.002  0.006
02:12:36 855.66   17.1   29.1   1453    1.0    184    7.6    30.3  -1.0   0.80   4.10 2514.4     0.00   0.00    0.0  0.009  0.026  0.005  0.003  0.002  0.006
02:12:37 855.72   17.1   29.0   1452    1.0    181    7.6    30.3  -1.0   0.80   4.11 2515.4     0.00   0.00    0.0  0.009  0.026  0.005  0.003  0.002  0.006
02:12:38 855.57   17.1   29.0   1453    1.0    180    7.6    30.3  -1.0   0.80   4.11 2516.4     0.00   0.00    0.0  0.009  0.026  0.005  0.003  0.002  0.006
02:12:39 855.51   17.0   29.0   1454    1.1    181    7.6    30.3  -1.1   0.80   4.08 2517.4     0.00   0.00    0.0  0.009  0.026  0.005  0.003  0.002  0.006
02:12:40 855.46   16.9   29.0   1455    1.1    188    7.6    30.2  -1.2   0.80   4.06 2518.4     0.00   0.00    0.0  0.009  0.026  0.005  0.003  0.002  0.006
02:12:41 855.67   17.1   29.0   1452    1.1    191    7.6    30.3  -1.1   0.80   4.09 2519.4     0.00   0.00    0.0  0.008  0.026  0.005  0.003  0.002  0.006
02:12:42 855.72   17.0   28.9   1452    1.1    189    7.6    30.2  -1.1   0.80   4.07 2520.4     0.00   0.00    0.0  0.009  0.026  0.005  0.003  0.002  0.006
02:12:44 855.45   17.1   28.9   1455    1.2    183    7.6    30.3  -1.1   0.80   4.08 2522.4     0.00   0.00    0.0  0.009  0.026  0.005  0.003  0.003  0.006
02:12:45 855.53   17.0   29.0   1454    1.2    179    7.6    30.2  -1.1   0.80   4.07 2523.4     0.00   0.00    0.0  0.009  0.026  0.005  0.003  0.002  0.006
02:12:46 855.57   17.0   28.9   1453    1.2    173    7.6    30.3  -1.1   0.80   4.07 2524.4     0.00   0.00    0.0  0.009  0.026  0.005  0.003  0.002  0.006
02:12:47 855.22   17.1   28.9   1457    1.1    168    7.6    30.3  -1.1   0.80   4.08 2525.4     0.00   0.00    0.0  0.009  0.026  0.005  0.003  0.002  0.006
02:12:48 855.52   17.0   28.9   1454    1.1    160    7.6    30.2  -1.1   0.80   4.07 2526.4     0.00   0.00    0.0  0.009  0.026  0.005  0.003  0.003  0.006
02:12:50 855.20   17.0   29.0   1457    1.1    157    7.6    30.2  -1.2   0.80   4.06 2528.4     0.00   0.00    0.0  0.009  0.026  0.005  0.003  0.002  0.006
02:12:52 855.38   17.0   28.9   1455    1.2    170    7.6    30.2  -1.2   0.80   4.05 2530.4     0.00   0.00    0.0  0.009  0.026  0.005  0.003  0.003  0.006
02:12:53 855.31   17.0   28.9   1456    1.2    169    7.6    30.2  -1.2   0.80   4.05 2531.4     0.00   0.00    0.0  0.008  0.026  0.005  0.003  0.002  0.006
02:12:54 854.98   16.9   28.9   1459    1.2    174    7.6    30.2  -1.2   0.80   4.04 2532.4     0.00   0.00    0.0  0.009  0.026  0.005  0.003  0.002  0.006
02:12:56 854.85   17.0   28.9   1461    1.2    172    7.6    30.3  -1.2   0.80   4.07 2534.4     0.00   0.00    0.0  0.009  0.026  0.005  0.003  0.002  0.006
02:12:57 854.88   16.9   28.9   1460    1.1    177    7.6    30.2  -1.2   0.80   4.05 2535.4     0.00   0.00    0.0  0.009  0.026  0.005  0.003  0.002  0.006
02:12:58 854.91   16.9   28.9   1460    1.1    181    7.6    30.2  -1.3   0.80   4.03 2536.4     0.00   0.00    0.0  0.009  0.026  0.005  0.003  0.002  0.006
02:12:59 854.83   16.9   28.9   1461    1.2    183    7.6    30.2  -1.3   0.80   4.03 2537.4     0.00   0.00    0.0  0.009  0.026  0.005  0.003  0.002  0.006
02:13:03 854.72   16.9   29.3   1462    1.2    165    7.6    30.2  -1.1   0.80   4.10 2541.4     0.00   0.00    0.0  0.008  0.025  0.005  0.003  0.002  0.006
02:13:04 854.82   16.9   29.2   1461    1.2    169    7.6    30.2  -1.1   0.80   4.08 2542.4     0.00   0.00    0.0  0.008  0.025  0.005  0.003  0.002  0.006
02:13:05 855.04   16.9   29.2   1459    1.2    169    7.6    30.2  -1.1   0.80   4.08 2543.4     0.00   0.00    0.0  0.009  0.025  0.005  0.003  0.002  0.006
02:13:06 854.45   16.9   29.2   1464    1.2    162    7.6    30.3  -1.1   0.80   4.09 2544.4     0.00   0.00    0.0  0.009  0.025  0.005  0.003  0.003  0.006
02:13:09 854.22   16.9   29.4   1467    1.2    165    7.6    30.2  -1.1   0.80   4.10 2547.4     0.00   0.00    0.0  0.008  0.025  0.005  0.003  0.002  0.006
02:13:10 854.43   16.9   29.4   1465    1.2    165    7.6    30.2  -1.1   0.80   4.09 2548.4     0.00   0.00    0.0  0.008  0.025  0.005  0.003  0.002  0.006
02:13:15 854.13   16.8   29.3   1468    1.2    158    7.6    30.1  -1.2   0.80   4.07 2553.4     0.00   0.00    0.0  0.008  0.025  0.005  0.003  0.002  0.006
02:13:16 854.42   16.9   29.4   1465    1.2    154    7.6    30.2  -1.0   0.80   4.11 2554.4     0.00   0.00    0.0  0.008  0.025  0.005  0.003  0.002  0.006
02:13:17 854.11   16.9   29.4   1468    1.1    144    7.6    30.2  -1.0   0.80   4.11 2555.4     0.00   0.00    0.0  0.008  0.025  0.005  0.003  0.002  0.006
02:13:19 854.04   16.8   29.4   1469    1.2    147    7.6    30.2  -1.1   0.80   4.08 2557.4     0.00   0.00    0.0  0.008  0.025  0.005  0.003  0.002  0.006
02:13:20 853.85   16.9   29.5   1471    1.2    146    7.6    30.3  -1.0   0.80   4.11 2558.4     0.00   0.00    0.0  0.008  0.025  0.005  0.003  0.002  0.006
02:13:23 854.04   16.8   29.5   1469    1.2    153    7.6    30.2  -1.0   0.80   4.11 2561.4     0.00   0.00    0.0  0.008  0.025  0.005  0.003  0.002  0.006
02:13:24 853.97   16.8   29.6   1469    1.2    155    7.6    30.2  -1.0   0.80   4.11 2562.4     0.00   0.00    0.0  0.008  0.025  0.005  0.003  0.002  0.006
02:13:25 853.96   16.8   29.6   1469    1.2    153    7.6    30.2  -1.0   0.80   4.12 2563.4     0.00   0.00    0.0  0.008  0.025  0.005  0.003  0.002  0.006
02:13:26 853.78   16.9   29.6   1471    1.3    153    7.6    30.3  -1.0   0.81   4.14 2564.3     0.00   0.00    0.0  0.008  0.025  0.005  0.003  0.003  0.006
02:13:27 853.86   16.8   29.5   1470    1.2    153    7.6    30.2  -1.0   0.80   4.12 2565.3     0.00   0.00    0.0  0.008  0.025  0.005  0.003  0.003  0.006
02:13:29 853.70   16.8   29.5   1472    1.3    154    7.6    30.2  -1.1   0.80   4.11 2567.3     0.00   0.00    0.0  0.008  0.025  0.005  0.003  0.002  0.006
02:13:31 853.58   16.7   29.6   1473    1.2    164    7.6    30.1  -1.1   0.80   4.09 2569.3     0.00   0.00    0.0  0.008  0.025  0.005  0.003  0.002  0.006
02:13:32 853.78   16.8   29.6   1471    1.2    161    7.6    30.2  -1.0   0.80   4.12 2570.3     0.00   0.00    0.0  0.008  0.025  0.005  0.003  0.002  0.006
02:13:36 853.37   16.7   30.0   1475    1.2    142    7.6    30.2  -0.9   0.81   4.16 2574.3     0.00   0.00    0.0  0.008  0.025  0.005  0.003  0.002  0.006
02:13:37 853.28   16.7   30.0   1476    1.2    143    7.6    30.2  -0.9   0.81   4.17 2575.3     0.00   0.00    0.0  0.008  0.025  0.005  0.003  0.002  0.006
02:13:38 853.28   16.7   30.1   1476    1.3    147    7.6    30.1  -0.9   0.81   4.15 2576.3     0.00   0.00    0.0  0.008  0.025  0.004  0.003  0.002  0.006
02:13:39 853.32   16.7   30.0   1476    1.2    152    7.6    30.2  -0.9   0.81   4.15 2577.3     0.00   0.00    0.0  0.008  0.025  0.005  0.003  0.002  0.006
02:13:41 853.13   16.7   29.8   1478    1.3    156    7.6    30.2  -1.0   0.81   4.13 2579.3     0.00   0.00    0.0  0.008  0.025  0.005  0.003  0.002  0.006
02:13:42 853.15   16.8   29.9   1477    1.3    158    7.6    30.2  -0.9   0.81   4.15 2580.3     0.00   0.00    0.0  0.008  0.025  0.005  0.003  0.003  0.006
02:13:43 853.07   16.7   29.9   1478    1.3    158    7.6    30.2  -0.9   0.81   4.15 2581.3     0.00   0.00    0.0  0.008  0.025  0.004  0.003  0.002  0.006
02:13:44 853.23   16.7   29.9   1477    1.3    158    7.6    30.2  -0.9   0.81   4.15 2582.3     0.00   0.00    0.0  0.008  0.025  0.005  0.003  0.002  0.006
02:13:45 853.14   16.7   29.8   1478    1.3    160    7.6    30.2  -1.0   0.81   4.13 2583.3     0.00   0.00    0.0  0.008  0.025  0.004  0.003  0.003  0.006
02:13:50 853.03   16.8   29.9   1479    1.3    165    7.6    30.2  -0.9   0.81   4.15 2588.3     0.00   0.00    0.0  0.008  0.025  0.004  0.003  0.002  0.006
02:13:51 852.96   16.7   29.8   1479    1.3    165    7.6    30.2  -1.0   0.81   4.13 2589.3     0.00   0.00    0.0  0.008  0.025  0.004  0.003  0.003  0.006
02:13:52 852.95   16.7   29.8   1480    1.3    162    7.6    30.2  -1.0   0.81   4.13 2590.3     0.00   0.00    0.0  0.008  0.025  0.004  0.003  0.003  0.006
02:13:55 852.66   16.7   29.9   1482    1.4    161    7.6    30.2  -1.0   0.81   4.13 2593.3     0.00   0.00    0.0  0.008  0.025  0.005  0.003  0.002  0.006
02:13:56 852.84   16.7   29.9   1481    1.3    161    7.6    30.2  -0.9   0.81   4.15 2594.3     0.00   0.00    0.0  0.008  0.025  0.004  0.003  0.003  0.006
02:13:57 852.50   16.7   30.0   1484    1.4    166    7.6    30.2  -0.9   0.81   4.15 2595.3     0.00   0.00    0.0  0.008  0.025  0.004  0.003  0.002  0.006
02:13:58 852.65   16.7   30.0   1482    1.4    168    7.6    30.2  -0.9   0.81   4.15 2596.3     0.00   0.00    0.0  0.008  0.025  0.004  0.003  0.002  0.006
02:13:59 852.69   16.7   29.9   1482    1.4    170    7.6    30.2  -1.0   0.81   4.13 2597.3     0.00   0.00    0.0  0.008  0.025  0.004  0.003  0.002  0.006
02:14:00 852.52   16.7   30.0   1484    1.4    172    7.6    30.2  -1.0   0.81   4.14 2598.3     0.00   0.00    0.0  0.008  0.025  0.004  0.003  0.002  0.006
02:14:01 852.58   16.7   29.9   1483    1.4    171    7.6    30.2  -1.0   0.81   4.13 2599.3     0.00   0.00    0.0  0.008  0.025  0.005  0.003  0.003  0.006
02:14:02 852.55   16.7   29.8   1484    1.4    173    7.6    30.2  -1.1   0.80   4.11 2600.3     0.00   0.00    0.0  0.008  0.025  0.004  0.003  0.002  0.006
02:14:05 852.22   16.6   30.0   1487    1.3    178    7.6    30.2  -1.0   0.81   4.13 2603.3     0.00   0.00    0.0  0.008  0.025  0.004  0.003  0.002  0.006
02:14:07 852.21   16.7   29.9   1487    1.3    175    7.6    30.2  -1.0   0.81   4.14 2605.3     0.00   0.00    0.0  0.008  0.025  0.004  0.003  0.002  0.006
02:14:08 852.10   16.7   29.9   1488    1.3    177    7.6    30.2  -1.0   0.81   4.14 2606.3     0.00   0.00    0.0  0.008  0.025  0.004  0.003  0.002  0.006
02:14:09 852.18   16.6   29.8   1487    1.3    177    7.6    30.2  -1.1   0.80   4.11 2607.3     0.00   0.00    0.0  0.008  0.025  0.005  0.003  0.002  0.006
02:14:10 852.07   16.6   29.7   1488    1.3    178    7.6    30.2  -1.1   0.80   4.09 2608.3     0.00   0.00    0.0  0.008  0.025  0.004  0.003  0.002  0.006
02:14:11 852.26   16.6   29.8   1486    1.3    180    7.6    30.2  -1.1   0.80   4.11 2609.3     0.00   0.00    0.0  0.008  0.025  0.004  0.003  0.002  0.006
02:14:13 852.15   16.6   29.9   1487    1.3    173    7.6    30.2  -1.0   0.80   4.12 2611.3     0.00   0.00    0.0  0.008  0.025  0.004  0.003  0.002  0.006
02:14:14 852.08   16.7   29.9   1488    1.3    172    7.6    30.2  -1.0   0.80   4.13 2612.3     0.00   0.00    0.0  0.008  0.025  0.005  0.003  0.002  0.006
02:14:15 851.85   16.6   29.9   1490    1.3    171    7.6    30.1  -1.1   0.80   4.11 2613.3     0.00   0.00    0.0  0.008  0.024  0.004  0.003  0.002  0.006
02:14:17 851.79   16.6   29.9   1491    1.3    169    7.6    30.2  -1.0   0.80   4.12 2615.3     0.00   0.00    0.0  0.008  0.024  0.004  0.003  0.003  0.006
02:14:19 851.93   16.6   30.0   1490    1.4    175    7.6    30.2  -1.0   0.80   4.12 2617.3     0.00   0.00    0.0  0.008  0.024  0.004  0.003  0.002  0.006
02:14:20 851.43   16.6   30.0   1495    1.3    174    7.6    30.2  -1.0   0.81   4.13 2618.3     0.00   0.00    0.0  0.008  0.024  0.004  0.003  0.003  0.006
02:14:21 851.66   16.6   30.0   1492    1.3    173    7.6    30.2  -1.1   0.80   4.11 2619.3     0.00   0.00    0.0  0.008  0.024  0.004  0.003  0.002  0.006
02:14:22 851.46   16.6   30.0   1494    1.3    174    7.6    30.2  -1.0   0.80   4.12 2620.3     0.00   0.00    0.0  0.008  0.024  0.004  0.003  0.002  0.006
02:14:23 851.62   16.6   30.0   1493    1.3    174    7.6    30.2  -1.0   0.81   4.14 2621.3     0.00   0.00    0.0  0.008  0.024  0.004  0.003  0.002  0.006
02:14:25 851.41   16.6   29.9   1495    1.3    174    7.6    30.2  -1.1   0.80   4.12 2623.3     0.00   0.00    0.0  0.008  0.024  0.004  0.003  0.002  0.006
02:14:26 851.53   16.5   30.0   1494    1.3    173    7.6    30.1  -1.1   0.80   4.11 2624.3     0.00   0.00    0.0  0.008  0.024  0.004  0.003  0.002  0.006
02:14:27 851.64   16.6   30.1   1493    1.3    166    7.6    30.2  -1.0   0.81   4.13 2625.3     0.00   0.00    0.0  0.008  0.024  0.004  0.003  0.003  0.006
02:14:31 851.35   16.4   30.1   1495    1.2    163    7.6    30.0  -1.1   0.80   4.09 2629.3     0.00   0.00    0.0  0.008  0.024  0.004  0.003  0.003  0.006
02:14:33 851.29   16.5   30.2   1496    1.1    158    7.6    30.1  -1.0   0.80   4.12 2631.3     0.00   0.00    0.0  0.008  0.024  0.004  0.003  0.002  0.006
02:14:34 851.12   16.4   30.2   1498    1.1    159    7.6    30.1  -1.1   0.80   4.10 2632.3     0.00   0.00    0.0  0.008  0.024  0.004  0.003  0.002  0.006
02:14:35 851.11   16.3   30.3   1498    1.1    164    7.6    30.0  -1.1   0.80   4.10 2633.3     0.00   0.00    0.0  0.008  0.024  0.004  0.003  0.002  0.006
02:14:36 850.82   16.4   30.3   1501    1.1    170    7.6    30.1  -1.1   0.80   4.11 2634.3     0.00   0.00    0.0  0.008  0.024  0.004  0.003  0.003  0.006
02:14:37 850.87   16.5   30.3   1500    1.2    170    7.6    30.2  -1.0   0.81   4.15 2635.3     0.00   0.00    0.0  0.008  0.024  0.004  0.003  0.002  0.006
02:14:38 851.10   16.5   30.3   1498    1.1    166    7.6    30.2  -0.9   0.81   4.16 2636.3     0.00   0.00    0.0  0.008  0.024  0.004  0.003  0.003  0.006
02:14:39 850.74   16.5   30.3   1502    1.2    163    7.6    30.2  -1.0   0.81   4.15 2637.3     0.00   0.00    0.0  0.008  0.024  0.004  0.003  0.002  0.006
02:14:40 851.11   16.5   30.2   1498    1.2    162    7.6    30.2  -1.0   0.81   4.15 2638.3     0.00   0.00    0.0  0.008  0.024  0.004  0.003  0.002  0.006
02:14:41 850.84   16.5   30.3   1501    1.2    160    7.6    30.2  -1.0   0.81   4.15 2639.3     0.00   0.00    0.0  0.008  0.024  0.004  0.003  0.003  0.006
02:14:42 850.63   16.5   30.3   1503    1.1    160    7.6    30.2  -1.0   0.81   4.15 2640.3     0.00   0.00    0.0  0.008  0.024  0.004  0.003  0.002  0.006
02:14:43 850.73   16.5   30.3   1502    1.1    156    7.6    30.2  -0.9   0.81   4.16 2641.3     0.00   0.00    0.0  0.008  0.024  0.004  0.003  0.002  0.006
02:14:44 850.60   16.5   30.3   1503    1.1    154    7.6    30.2  -1.0   0.81   4.14 2642.3     0.00   0.00    0.0  0.008  0.024  0.004  0.003  0.002  0.006
02:14:45 850.47   16.5   30.3   1504    1.1    154    7.6    30.2  -1.0   0.81   4.15 2643.3     0.00   0.00    0.0  0.008  0.024  0.004  0.003  0.002  0.006
02:14:46 850.47   16.5   30.3   1504    1.1    151    7.6    30.2  -0.9   0.81   4.16 2644.3     0.00   0.00    0.0  0.008  0.024  0.004  0.003  0.002  0.006
02:14:47 850.44   16.6   30.2   1505    1.1    151    7.6    30.3  -0.9   0.81   4.16 2645.3     0.00   0.00    0.0  0.008  0.024  0.004  0.003  0.003  0.006
02:14:50 850.42   16.4   30.4   1505    1.1    156    7.6    30.1  -1.0   0.81   4.14 2648.3     0.00   0.00    0.0  0.008  0.024  0.004  0.003  0.002  0.006
02:14:54 850.36   16.4   30.4   1505    1.1    167    7.6    30.1  -1.1   0.80   4.12 2652.3     0.00   0.00    0.0  0.008  0.024  0.004  0.003  0.003  0.006
02:14:55 850.31   16.4   30.4   1506    1.1    171    7.6    30.1  -1.0   0.81   4.13 2653.3     0.00   0.00    0.0  0.008  0.024  0.004  0.003  0.002  0.006
02:14:56 850.25   16.5   30.3   1506    1.1    174    7.6    30.2  -1.0   0.81   4.15 2654.3     0.00   0.00    0.0  0.008  0.024  0.004  0.003  0.002  0.006
02:14:58 850.22   16.4   30.2   1507    1.1    173    7.6    30.2  -1.1   0.80   4.12 2656.3     0.00   0.00    0.0  0.008  0.024  0.004  0.003  0.003  0.006
02:14:59 850.21   16.4   30.3   1507    1.1    166    7.6    30.2  -1.0   0.80   4.13 2657.3     0.00   0.00    0.0  0.008  0.024  0.004  0.003  0.002  0.006
02:15:02 850.16   16.4   30.2   1507    1.2    172    7.6    30.1  -1.1   0.80   4.10 2660.3     0.00   0.00    0.0  0.008  0.024  0.004  0.003  0.002  0.006
02:15:03 849.92   16.4   30.3   1510    1.3    172    7.6    30.2  -1.0   0.81   4.13 2661.3     0.00   0.00    0.0  0.008  0.024  0.004  0.003  0.002  0.006
02:15:05 849.85   16.4   30.4   1510    1.3    167    7.6    30.2  -1.0   0.81   4.15 2663.3     0.00   0.00    0.0  0.008  0.024  0.004  0.003  0.002  0.006
02:15:06 849.67   16.4   30.3   1512    1.3    168    7.6    30.2  -1.0   0.81   4.14 2664.3     0.00   0.00    0.0  0.008  0.024  0.004  0.003  0.002  0.006
02:15:07 849.88   16.4   30.3   1510    1.2    168    7.6    30.2  -1.0   0.81   4.14 2665.2     0.00   0.00    0.0  0.008  0.024  0.004  0.003  0.002  0.006
02:15:08 850.02   16.5   30.3   1509    1.2    169    7.6    30.2  -1.0   0.81   4.14 2666.2     0.00   0.00    0.0  0.008  0.024  0.004  0.003  0.002  0.006
02:15:09 850.05   16.4   30.4   1508    1.2    166    7.6    30.1  -1.0   0.81   4.13 2667.3     0.00   0.00    0.0  0.008  0.024  0.004  0.003  0.002  0.006
02:15:11 849.69   16.4   30.4   1512    1.2    158    7.6    30.2  -1.0   0.81   4.13 2669.2     0.00   0.00    0.0  0.008  0.024  0.004  0.003  0.002  0.006
02:15:12 849.81   16.4   30.3   1511    1.2    160    7.6    30.1  -1.1   0.80   4.12 2670.2     0.00   0.00    0.0  0.008  0.024  0.004  0.003  0.003  0.006
02:15:13 849.76   16.4   30.3   1511    1.2    159    7.6    30.1  -1.1   0.80   4.12 2671.2     0.00   0.00    0.0  0.008  0.024  0.004  0.003  0.002  0.006
02:15:14 849.63   16.4   30.3   1513    1.2    161    7.6    30.2  -1.1   0.80   4.12 2672.2     0.00   0.00    0.0  0.008  0.024  0.004  0.003  0.002  0.006
02:15:16 849.43   16.5   30.3   1515    1.1    160    7.6    30.3  -1.0   0.81   4.15 2674.2     0.00   0.00    0.0  0.008  0.024  0.004  0.003  0.003  0.006
02:15:17 849.49   16.3   30.4   1514    1.1    157    7.6    30.1  -1.1   0.80   4.12 2675.2     0.00   0.00    0.0  0.008  0.024  0.004  0.003  0.002  0.006
02:15:18 849.50   16.3   30.4   1514    1.1    166    7.6    30.1  -1.1   0.80   4.13 2676.2     0.00   0.00    0.0  0.008  0.024  0.004  0.003  0.003  0.006
02:15:19 849.34   16.4   30.4   1516    1.1    164    7.6    30.2  -1.0   0.81   4.14 2677.2     0.00   0.00    0.0  0.008  0.024  0.004  0.003  0.003  0.006
02:15:20 849.48   16.4   30.3   1514    1.1    165    7.6    30.2  -1.1   0.80   4.12 2678.2     0.00   0.00    0.0  0.008  0.024  0.004  0.003  0.002  0.006
02:15:21 849.37   16.3   30.4   1515    1.0    167    7.6    30.2  -1.1   0.80   4.12 2679.2     0.00   0.00    0.0  0.008  0.024  0.004  0.003  0.002  0.006
02:15:22 849.35   16.4   30.4   1515    1.0    166    7.6    30.2  -1.0   0.81   4.14 2680.2     0.00   0.00    0.0  0.008  0.024  0.004  0.003  0.002  0.006
02:15:23 849.09   16.3   30.4   1518    1.0    162    7.6    30.2  -1.0   0.81   4.13 2681.2     0.00   0.00    0.0  0.008  0.024  0.004  0.003  0.003  0.006
02:15:24 849.35   16.4   30.4   1515    1.0    162    7.6    30.2  -1.0   0.81   4.14 2682.2     0.00   0.00    0.0  0.008  0.024  0.004  0.003  0.002  0.006
02:15:29 849.03   16.3   30.4   1519    1.1    180    7.6    30.2  -1.1   0.81   4.13 2687.2     0.00   0.00    0.0  0.008  0.024  0.004  0.003  0.002  0.006
02:15:30 849.05   16.3   30.4   1518    1.1    177    7.6    30.1  -1.1   0.80   4.11 2688.2     0.00   0.00    0.0  0.008  0.024  0.004  0.003  0.002  0.006
02:15:31 849.04   16.3   30.4   1519    1.1    172    7.6    30.2  -1.1   0.80   4.12 2689.2     0.00   0.00    0.0  0.008  0.024  0.004  0.003  0.002  0.006
02:15:34 849.16   16.3   30.4   1517    1.2    165    7.6    30.1  -1.1   0.80   4.11 2692.2     0.00   0.00    0.0  0.008  0.024  0.004  0.003  0.003  0.006
02:15:36 848.77   16.3   30.5   1521    1.3    163    7.6    30.2  -1.0   0.81   4.14 2694.2     0.00   0.00    0.0  0.008  0.023  0.004  0.003  0.002  0.006
02:15:37 848.79   16.3   30.6   1521    1.4    163    7.6    30.1  -1.1   0.81   4.13 2695.2     0.00   0.00    0.0  0.008  0.023  0.004  0.003  0.002  0.006
02:15:39 848.80   16.1   30.8   1521    1.4    175    7.6    30.0  -1.1   0.80   4.12 2697.2     0.00   0.00    0.0  0.008  0.024  0.004  0.003  0.002  0.006
02:15:40 848.73   16.1   30.8   1522    1.4    180    7.6    30.0  -1.1   0.80   4.13 2698.2     0.00   0.00    0.0  0.008  0.023  0.004  0.003  0.002  0.006
02:15:44 848.68   16.2   31.0   1522    1.4    165    7.6    30.0  -1.0   0.81   4.16 2702.2     0.00   0.00    0.0  0.008  0.023  0.004  0.003  0.002  0.006
02:15:45 848.64   16.3   30.9   1523    1.4    162    7.6    30.2  -0.9   0.81   4.19 2703.2     0.00   0.00    0.0  0.008  0.023  0.004  0.003  0.003  0.006
02:15:46 848.45   16.2   30.9   1524    1.4    144    7.6    30.1  -1.0   0.81   4.17 2704.2     0.00   0.00    0.0  0.008  0.023  0.004  0.003  0.002  0.006
02:15:47 848.52   16.1   30.9   1524    1.4    134    7.6    30.0  -1.0   0.81   4.14 2705.2     0.00   0.00    0.0  0.008  0.023  0.004  0.003  0.002  0.006
02:15:50 848.89   16.2   31.0   1520    1.6    116    7.6    30.0  -0.9   0.81   4.17 2708.2     0.00   0.00    0.0  0.008  0.023  0.004  0.003  0.003  0.006
02:15:51 848.59   16.2   31.0   1523    1.7    109    7.6    30.1  -0.9   0.81   4.18 2709.2     0.00   0.00    0.0  0.008  0.023  0.004  0.003  0.002  0.006
02:15:52 848.91   16.2   31.0   1520    1.7    104    7.6    30.1  -0.9   0.81   4.19 2710.2     0.00   0.00    0.0  0.008  0.023  0.004  0.003  0.003  0.006
02:15:53 848.62   16.2   31.1   1523    1.7    112    7.6    30.1  -0.8   0.81   4.20 2711.2     0.00   0.00    0.0  0.008  0.023  0.004  0.003  0.003  0.006
02:15:54 848.99   16.2   31.1   1519    1.7    119    7.6    30.1  -0.9   0.81   4.19 2712.2     0.00   0.00    0.0  0.008  0.023  0.004  0.003  0.002  0.006
02:15:56 849.09   16.2   31.0   1518    1.9    140    7.6    30.1  -0.9   0.81   4.19 2714.2     0.00   0.00    0.0  0.008  0.023  0.004  0.003  0.002  0.006
02:15:58 849.01   16.3   31.0   1519    2.1    142    7.6    30.1  -0.8   0.81   4.20 2716.2     0.00   0.00    0.0  0.008  0.023  0.004  0.003  0.003  0.006
02:16:00 849.17   16.3   31.0   1517    2.2    137    7.6    30.1  -0.8   0.81   4.21 2718.2     0.00   0.00    0.0  0.008  0.023  0.004  0.003  0.003  0.006
02:16:01 849.42   16.2   30.9   1515    2.3    119    7.6    30.1  -0.9   0.81   4.18 2719.2     0.00   0.00    0.0  0.008  0.023  0.004  0.003  0.002  0.006
02:16:03 849.26   16.3   30.9   1516    2.3    104    7.6    30.1  -0.9   0.81   4.19 2721.2     0.00   0.00    0.0  0.008  0.023  0.004  0.003  0.002  0.006
02:16:04 849.40   16.3   30.9   1515    2.4    109    7.6    30.1  -0.9   0.81   4.18 2722.2     0.00   0.00    0.0  0.008  0.023  0.004  0.003  0.002  0.006
02:16:06 849.47   16.3   31.0   1514    2.5    112    7.6    30.1  -0.8   0.81   4.20 2724.2     0.00   0.00    0.0  0.008  0.023  0.004  0.003  0.003  0.006
02:16:07 849.44   16.3   31.0   1515    2.6    117    7.6    30.1  -0.8   0.81   4.20 2725.2     0.00   0.00    0.0  0.008  0.023  0.004  0.003  0.003  0.006
02:16:08 849.46   16.3   31.0   1514    2.6    127    7.6    30.1  -0.9   0.81   4.19 2726.2     0.00   0.00    0.0  0.008  0.023  0.004  0.003  0.002  0.006
02:16:11 849.93   16.3   30.9   1510    2.5    131    7.6    30.1  -0.8   0.81   4.21 2729.2     0.00   0.00    0.0  0.008  0.023  0.004  0.003  0.002  0.006
02:16:12 849.89   16.3   31.0   1510    2.5    155    7.6    30.1  -0.8   0.81   4.21 2730.2     0.00   0.00    0.0  0.008  0.023  0.004  0.003  0.003  0.006
02:16:13 849.97   16.3   31.1   1509    2.5    199    7.6    30.1  -0.8   0.81   4.22 2731.2     0.00   0.00    0.0  0.008  0.023  0.004  0.003  0.002  0.006
02:16:14 850.05   16.3   31.0   1508    2.4    214    7.6    30.0  -0.8   0.81   4.21 2732.2     0.00   0.00    0.0  0.008  0.023  0.004  0.003  0.003  0.006
02:16:16 850.02   16.4   30.9   1509    2.4    214    7.6    30.1  -0.8   0.81   4.22 2734.2     0.00   0.00    0.0  0.008  0.023  0.004  0.003  0.002  0.006
02:16:18 850.10   16.4   31.0   1508    2.2    220    7.6    30.2  -0.7   0.81   4.24 2736.2     0.00   0.00    0.0  0.007  0.023  0.004  0.003  0.003  0.006
02:16:19 850.20   16.5   30.9   1507    2.1    221    7.6    30.2  -0.7   0.81   4.24 2737.2     0.00   0.00    0.0  0.008  0.023  0.004  0.003  0.003  0.006
02:16:20 850.42   16.5   30.8   1505    1.9    205    7.6    30.2  -0.8   0.81   4.22 2738.2     0.00   0.00    0.0  0.008  0.023  0.004  0.003  0.002  0.006
02:16:21 850.31   16.4   30.8   1506    1.9    205    7.6    30.2  -0.8   0.81   4.22 2739.2     0.00   0.00    0.0  0.008  0.023  0.004  0.003  0.002  0.006
02:16:27 850.91   16.5   30.6   1500    1.3    217    7.6    30.2  -0.8   0.81   4.20 2745.2     0.00   0.00    0.0  0.008  0.023  0.004  0.003  0.002  0.006
02:16:28 850.81   16.5   30.6   1501    1.2    215    7.6    30.2  -0.8   0.81   4.20 2746.2     0.00   0.00    0.0  0.007  0.023  0.004  0.003  0.003  0.006
02:16:29 850.81   16.5   30.5   1501    1.2    208    7.6    30.2  -0.9   0.81   4.19 2747.2     0.00   0.00    0.0  0.007  0.023  0.004  0.003  0.002  0.006
02:16:30 850.96   16.5   30.5   1499    1.1    206    7.6    30.1  -0.9   0.81   4.17 2748.2     0.00   0.00    0.0  0.008  0.023  0.004  0.003  0.002  0.006
02:16:33 851.19   16.6   30.4   1497    1.1    197    7.6    30.2  -0.9   0.81   4.19 2751.2     0.00   0.00    0.0  0.007  0.023  0.004  0.003  0.002  0.006
02:16:34 851.48   16.4   30.5   1494    1.1    213    7.6    30.0  -1.0   0.81   4.15 2752.2     0.00   0.00    0.0  0.008  0.023  0.004  0.003  0.003  0.006
02:16:35 851.69   16.4   30.4   1492    1.2    235    7.6    30.0  -1.0   0.81   4.15 2753.2     0.00   0.00    0.0  0.008  0.023  0.004  0.003  0.002  0.006
02:16:36 851.55   16.6   30.5   1493    1.2    242    7.6    30.2  -0.8   0.81   4.20 2754.2     0.00   0.00    0.0  0.008  0.023  0.004  0.003  0.003  0.006
02:16:37 851.74   16.5   30.4   1492    1.1    233    7.6    30.1  -0.9   0.81   4.17 2755.2     0.00   0.00    0.0  0.007  0.023  0.004  0.003  0.003  0.006
02:16:39 851.49   16.6   30.4   1494    1.1    203    7.6    30.2  -0.8   0.81   4.19 2757.2     0.00   0.00    0.0  0.007  0.023  0.004  0.003  0.002  0.006
02:16:40 851.71   16.6   30.4   1492    1.2    224    7.6    30.2  -0.9   0.81   4.18 2758.2     0.00   0.00    0.0  0.008  0.023  0.004  0.003  0.002  0.006
02:16:42 851.89   16.5   30.3   1490    1.2    215    7.6    30.1  -0.9   0.81   4.16 2760.2     0.00   0.00    0.0  0.007  0.023  0.004  0.003  0.002  0.006
02:16:43 852.03   16.6   30.3   1489    1.1    203    7.6    30.2  -0.9   0.81   4.17 2761.2     0.00   0.00    0.0  0.007  0.023  0.004  0.003  0.002  0.006
02:16:44 852.04   16.6   30.2   1489    1.1    205    7.6    30.1  -0.9   0.81   4.16 2762.2     0.00   0.00    0.0  0.007  0.023  0.004  0.003  0.003  0.006
02:16:45 851.99   16.6   30.3   1489    1.2    199    7.6    30.2  -0.9   0.81   4.18 2763.2     0.00   0.00    0.0  0.007  0.023  0.004  0.003  0.003  0.006
02:16:46 852.08   16.6   30.2   1488    1.1    207    7.6    30.2  -0.9   0.81   4.17 2764.2     0.00   0.00    0.0  0.008  0.023  0.004  0.003  0.002  0.006
02:16:47 852.11   16.6   30.2   1488    1.2    235    7.6    30.1  -1.0   0.81   4.15 2765.1     0.00   0.00    0.0  0.007  0.023  0.004  0.003  0.003  0.006
02:16:51 852.34   16.6   30.1   1486    1.1    211    7.6    30.1  -1.0   0.81   4.14 2769.1     0.00   0.00    0.0  0.007  0.023  0.004  0.003  0.002  0.006
02:16:52 852.58   16.6   30.1   1483    1.2    224    7.6    30.1  -1.0   0.81   4.13 2770.1     0.00   0.00    0.0  0.007  0.023  0.004  0.003  0.003  0.006
02:16:53 852.79   16.7   30.1   1481    1.2    210    7.6    30.2  -0.9   0.81   4.18 2771.1     0.00   0.00    0.0  0.007  0.023  0.004  0.003  0.003  0.006
02:16:54 852.74   16.7   30.1   1482    1.1    208    7.6    30.2  -0.9   0.81   4.17 2772.1     0.00   0.00    0.0  0.007  0.023  0.004  0.003  0.002  0.006
02:16:55 852.77   16.6   30.1   1481    1.2    217    7.6    30.1  -1.0   0.81   4.13 2773.1     0.00   0.00    0.0  0.007  0.023  0.004  0.003  0.002  0.006
02:16:56 852.67   16.6   30.1   1482    1.1    208    7.6    30.1  -1.0   0.81   4.13 2774.1     0.00   0.00    0.0  0.007  0.023  0.004  0.003  0.003  0.006
02:16:57 852.90   16.7   30.1   1480    1.1    193    7.6    30.2  -0.9   0.81   4.17 2775.1     0.00   0.00    0.0  0.007  0.023  0.004  0.003  0.003  0.006
02:17:01 853.14   16.8   30.0   1478    1.2    212    7.6    30.2  -0.9   0.81   4.18 2779.1     0.00   0.00    0.0  0.007  0.022  0.004  0.003  0.003  0.006
02:17:03 853.26   16.6   30.1   1476    1.2    183    7.6    30.0  -1.0   0.81   4.14 2781.1     0.00   0.00    0.0  0.007  0.022  0.004  0.003  0.002  0.006
02:17:04 853.26   16.7   30.1   1476    1.3    166    7.6    30.1  -0.9   0.81   4.17 2782.1     0.00   0.00    0.0  0.007  0.022  0.004  0.003  0.003  0.006
02:17:05 853.23   16.7   30.1   1477    1.5    172    7.6    30.1  -0.9   0.81   4.16 2783.1     0.00   0.00    0.0  0.007  0.022  0.004  0.003  0.003  0.006
02:17:06 853.36   16.7   30.1   1475    1.5    178    7.6    30.1  -0.9   0.81   4.17 2784.1     0.00   0.00    0.0  0.007  0.022  0.004  0.003  0.002  0.006
02:17:08 853.53   16.7   30.1   1474    1.7    185    7.6    30.1  -0.9   0.81   4.17 2786.1     0.00   0.00    0.0  0.007  0.022  0.004  0.003  0.003  0.006
02:17:09 853.56   16.7   30.1   1473    1.7    185    7.6    30.1  -0.9   0.81   4.16 2787.1     0.00   0.00    0.0  0.007  0.022  0.004  0.003  0.003  0.006
02:17:11 853.95   16.7   30.0   1470    1.8    196    7.6    30.1  -0.9   0.81   4.16 2789.1     0.00   0.00    0.0  0.007  0.022  0.004  0.003  0.002  0.006
02:17:13 853.97   16.8   30.0   1469    1.7    191    7.6    30.2  -0.9   0.81   4.17 2791.1     0.00   0.00    0.0  0.007  0.022  0.004  0.003  0.002  0.006
02:17:14 854.09   16.7   30.0   1468    1.7    182    7.6    30.1  -0.9   0.81   4.16 2792.1     0.00   0.00    0.0  0.007  0.022  0.004  0.003  0.003  0.006
02:17:15 853.98   16.8   30.0   1469    1.7    170    7.6    30.1  -0.9   0.81   4.17 2793.1     0.00   0.00    0.0  0.007  0.022  0.004  0.003  0.003  0.006
02:17:21 854.28   16.7   30.0   1466    1.9    166    7.6    30.0  -0.9   0.81   4.15 2799.1     0.00   0.00    0.0  0.007  0.022  0.004  0.003  0.002  0.006
02:17:22 854.32   16.8   30.1   1466    1.9    164    7.6    30.1  -0.8   0.81   4.20 2800.1     0.00   0.00    0.0  0.007  0.022  0.004  0.003  0.002  0.006
02:17:23 854.49   16.7   30.0   1464    1.8    162    7.6    30.1  -0.9   0.81   4.16 2801.1     0.00   0.00    0.0  0.007  0.022  0.004  0.003  0.003  0.006
02:17:24 854.30   16.8   30.1   1466    1.8    156    7.6    30.1  -0.8   0.81   4.19 2802.1     0.00   0.00    0.0  0.007  0.022  0.004  0.003  0.002  0.006
02:17:27 854.58   16.8   30.0   1463    1.9    169    7.6    30.1  -0.9   0.81   4.16 2805.1     0.00   0.00    0.0  0.007  0.022  0.004  0.003  0.003  0.006
02:17:28 854.71   16.8   30.0   1462    2.0    172    7.6    30.1  -0.9   0.81   4.17 2806.1     0.00   0.00    0.0  0.007  0.022  0.004  0.003  0.003  0.006
02:17:29 854.80   16.8   30.0   1461    2.1    163    7.6    30.1  -0.8   0.81   4.18 2807.1     0.00   0.00    0.0  0.007  0.022  0.004  0.003  0.003  0.006
02:17:30 854.83   16.9   30.0   1461    2.1    159    7.6    30.2  -0.8   0.81   4.19 2808.1     0.00   0.00    0.0  0.007  0.022  0.004  0.003  0.003  0.006
02:17:31 854.97   16.8   30.0   1459    2.1    145    7.6    30.1  -0.8   0.81   4.18 2809.1     0.00   0.00    0.0  0.007  0.022  0.004  0.003  0.002  0.006
02:17:32 854.90   16.8   30.0   1460    2.2    137    7.6    30.1  -0.8   0.81   4.18 2810.1     0.00   0.00    0.0  0.007  0.022  0.004  0.003  0.003  0.006
02:17:34 855.12   16.8   30.0   1458    2.2    126    7.6    30.1  -0.8   0.81   4.19 2812.1     0.00   0.00    0.0  0.007  0.022  0.004  0.003  0.003  0.006
02:17:36 855.28   16.8   30.2   1456    2.2    131    7.6    30.1  -0.7   0.81   4.21 2814.1     0.00   0.00    0.0  0.007  0.022  0.004  0.003  0.002  0.006
02:17:37 855.54   16.8   30.2   1454    2.2    135    7.6    30.0  -0.8   0.81   4.20 2815.1     0.00   0.00    0.0  0.007  0.022  0.004  0.003  0.003  0.006
02:17:39 855.66   16.9   30.2   1452    2.1    144    7.6    30.1  -0.7   0.81   4.23 2817.1     0.00   0.00    0.0  0.007  0.022  0.004  0.003  0.003  0.006
02:17:40 855.48   16.9   30.3   1454    2.1    133    7.6    30.1  -0.6   0.81   4.26 2818.1     0.00   0.00    0.0  0.007  0.022  0.004  0.003  0.003  0.006
02:17:42 855.70   16.9   30.5   1452    2.0    122    7.6    30.1  -0.6   0.81   4.27 2820.1     0.00   0.00    0.0  0.007  0.022  0.004  0.003  0.003  0.006
02:17:43 855.78   16.9   30.6   1451    2.0    122    7.6    30.1  -0.5   0.81   4.28 2821.1     0.00   0.00    0.0  0.007  0.022  0.004  0.003  0.003  0.006
02:17:45 855.64   16.9   30.5   1453    1.9    146    7.6    30.1  -0.6   0.81   4.26 2823.1     0.00   0.00    0.0  0.007  0.022  0.004  0.003  0.003  0.006
02:17:47 856.07   16.8   30.4   1448    1.9    150    7.6    30.0  -0.7   0.81   4.22 2825.1     0.00   0.00    0.0  0.007  0.022  0.004  0.003  0.003  0.006
02:17:48 856.00   16.9   30.3   1449    1.9    138    7.6    30.1  -0.6   0.81   4.26 2826.1     0.00   0.00    0.0  0.007  0.022  0.004  0.003  0.003  0.006
02:17:49 856.04   16.9   30.4   1449    1.9    136    7.6    30.1  -0.6   0.81   4.27 2827.1     0.00   0.00    0.0  0.007  0.022  0.004  0.003  0.003  0.006
02:17:50 855.98   16.9   30.4   1449    1.9    128    7.6    30.1  -0.6   0.81   4.27 2828.1     0.00   0.00    0.0  0.007  0.022  0.004  0.003  0.003  0.006
02:17:51 856.07   16.9   30.3   1448    1.9    113    7.6    30.1  -0.6   0.81   4.25 2829.1     0.00   0.00    0.0  0.007  0.022  0.004  0.003  0.003  0.006
02:17:56 856.40   16.9   30.3   1445    2.1    119    7.6    30.1  -0.6   0.81   4.25 2834.1     0.00   0.00    0.0  0.007  0.022  0.004  0.003  0.003  0.006
02:17:59 856.72   17.0   30.4   1442    2.1    108    7.6    30.1  -0.5   0.81   4.29 2837.1     0.00   0.00    0.0  0.007  0.022  0.004  0.003  0.003  0.006
02:18:00 856.77   17.0   30.4   1441    2.1    114    7.6    30.1  -0.5   0.81   4.30 2838.1     0.00   0.00    0.0  0.007  0.022  0.004  0.003  0.003  0.006
02:18:02 856.92   16.9   30.6   1440    2.2    105    7.6    30.0  -0.5   0.81   4.30 2840.1     0.00   0.00    0.0  0.007  0.022  0.004  0.003  0.003  0.006
02:18:03 856.96   17.0   30.6   1440    2.2    104    7.6    30.1  -0.4   0.81   4.33 2841.1     0.00   0.00    0.0  0.007  0.022  0.004  0.003  0.002  0.006
02:18:04 856.71   16.9   30.7   1442    2.2    115    7.6    30.0  -0.5   0.81   4.30 2842.1     0.00   0.00    0.0  0.007  0.022  0.004  0.003  0.002  0.006
02:18:05 856.97   17.0   30.6   1440    2.2     98    7.6    30.1  -0.4   0.81   4.33 2843.1     0.00   0.00    0.0  0.007  0.022  0.004  0.003  0.003  0.006
02:18:06 857.21   17.0   30.7   1437    2.1     92    7.6    30.0  -0.4   0.81   4.33 2844.1     0.00   0.00    0.0  0.007  0.022  0.004  0.003  0.002  0.006
02:18:07 857.36   17.0   30.7   1436    2.0     93    7.6    30.0  -0.4   0.81   4.32 2845.1     0.00   0.00    0.0  0.007  0.022  0.004  0.003  0.003  0.006
02:18:09 857.20   17.0   30.8   1437    1.9    103    7.6    30.1  -0.3   0.81   4.36 2847.1     0.00   0.00    0.0  0.007  0.022  0.004  0.003  0.003  0.006
02:18:10 857.17   17.0   30.7   1437    1.9    104    7.6    30.1  -0.3   0.81   4.34 2848.1     0.00   0.00    0.0  0.007  0.022  0.004  0.003  0.003  0.006
02:18:11 857.55   17.0   30.8   1434    1.9    103    7.6    30.1  -0.3   0.81   4.36 2849.1     0.00   0.00    0.0  0.007  0.022  0.004  0.003  0.002  0.006
02:18:12 857.32   17.0   30.8   1436    1.8    100    7.6    30.1  -0.3   0.81   4.36 2850.1     0.00   0.00    0.0  0.007  0.022  0.004  0.003  0.003  0.006
02:18:13 857.58   17.1   30.7   1433    1.8    104    7.6    30.1  -0.3   0.81   4.36 2851.1     0.00   0.00    0.0  0.007  0.022  0.004  0.003  0.003  0.006
02:18:14 857.51   17.0   30.7   1434    1.7    113    7.6    30.0  -0.3   0.81   4.35 2852.1     0.00   0.00    0.0  0.007  0.022  0.004  0.003  0.002  0.006
02:18:15 857.53   17.1   30.8   1434    1.8    116    7.6    30.1  -0.2   0.81   4.38 2853.1     0.00   0.00    0.0  0.007  0.022  0.004  0.003  0.003  0.006
02:18:19 857.90   17.1   30.8   1430    1.7    101    7.6    30.1  -0.2   0.81   4.38 2857.1     0.00   0.00    0.0  0.007  0.022  0.004  0.003  0.003  0.006
02:18:20 858.29   17.1   30.8   1426    1.7    104    7.6    30.1  -0.2   0.81   4.38 2858.1     0.00   0.00    0.0  0.007  0.022  0.004  0.003  0.003  0.006
02:18:21 857.96   17.1   30.8   1430    1.6    107    7.6    30.1  -0.2   0.81   4.38 2859.1     0.00   0.00    0.0  0.007  0.022  0.004  0.003  0.003  0.006
02:18:22 858.31   17.1   30.8   1426    1.6    113    7.6    30.0  -0.2   0.81   4.38 2860.1     0.00   0.00    0.0  0.007  0.022  0.004  0.003  0.003  0.006
02:18:23 858.22   17.1   30.8   1427    1.6    110    7.6    30.1  -0.2   0.81   4.39 2861.1     0.00   0.00    0.0  0.007  0.022  0.004  0.003  0.003  0.006
02:18:24 858.16   17.1   30.8   1428    1.6    115    7.6    30.1  -0.2   0.81   4.39 2862.1     0.00   0.00    0.0  0.007  0.022  0.004  0.003  0.003  0.006
02:18:26 858.58   17.2   30.8   1424    1.5    124    7.6    30.1  -0.2   0.81   4.39 2864.1     0.00   0.00    0.0  0.007  0.022  0.004  0.003  0.003  0.006
02:18:27 858.77   17.2   30.7   1422    1.6    124    7.6    30.1  -0.2   0.81   4.39 2865.0     0.00   0.00    0.0  0.007  0.021  0.004  0.003  0.003  0.006
02:18:28 858.68   17.1   30.8   1422    1.6    126    7.6    30.0  -0.2   0.81   4.37 2866.0     0.00   0.00    0.0  0.007  0.022  0.004  0.003  0.003  0.006
02:18:29 858.65   17.1   30.8   1423    1.6    126    7.6    30.1  -0.2   0.81   4.39 2867.0     0.00   0.00    0.0  0.007  0.022  0.004  0.003  0.003  0.006
02:18:31 858.85   17.1   30.8   1421    1.7    131    7.6    30.0  -0.2   0.81   4.37 2869.0     0.00   0.00    0.0  0.007  0.021  0.004  0.003  0.003  0.006
02:18:35 859.00   17.2   30.4   1419    1.9    133    7.6    30.1  -0.3   0.81   4.35 2873.0     0.00   0.00    0.0  0.007  0.021  0.004  0.003  0.003  0.006
02:18:36 859.00   17.2   30.4   1419    1.9    133    7.6    30.1  -0.3   0.81   4.34 2874.0     0.00   0.00    0.0  0.007  0.021  0.004  0.003  0.003  0.006
02:18:37 859.02   17.2   30.4   1419    2.0    116    7.6    30.1  -0.3   0.81   4.34 2875.0     0.00   0.00    0.0  0.007  0.021  0.004  0.003  0.003  0.006
02:18:38 859.11   17.2   30.5   1418    2.1    103    7.6    30.1  -0.3   0.81   4.36 2876.0     0.00   0.00    0.0  0.007  0.021  0.004  0.003  0.003  0.006
02:18:40 859.21   17.2   30.5   1417    2.2    115    7.6    30.1  -0.2   0.81   4.37 2878.0     0.00   0.00    0.0  0.007  0.021  0.004  0.003  0.003  0.006
02:18:42 859.54   17.2   30.6   1414    2.3    120    7.6    30.1  -0.2   0.81   4.39 2880.0     0.00   0.00    0.0  0.007  0.021  0.004  0.003  0.003  0.006
02:18:43 859.63   17.2   30.6   1413    2.4    121    7.6    30.0  -0.2   0.81   4.37 2881.0     0.00   0.00    0.0  0.007  0.021  0.004  0.003  0.003  0.006
02:18:44 859.27   17.2   30.6   1417    2.5    123    7.6    30.1  -0.2   0.81   4.38 2882.0     0.00   0.00    0.0  0.007  0.021  0.004  0.003  0.003  0.006
02:18:45 859.48   17.2   30.6   1415    2.5    118    7.6    30.1  -0.2   0.81   4.38 2883.0     0.00   0.00    0.0  0.007  0.021  0.004  0.003  0.003  0.006
02:18:46 859.52   17.2   30.6   1414    2.6    107    7.6    30.0  -0.2   0.81   4.38 2884.0     0.00   0.00    0.0  0.007  0.021  0.004  0.003  0.003  0.006
02:18:47 859.57   17.2   30.6   1414    2.6    110    7.6    30.1  -0.2   0.81   4.39 2885.0     0.00   0.00    0.0  0.007  0.021  0.004  0.003  0.003  0.006
02:18:53 859.86   17.3   30.7   1411    2.4     97    7.6    30.1  -0.1   0.81   4.40 2891.0     0.00   0.00    0.0  0.007  0.021  0.004  0.003  0.003  0.006
02:18:55 859.88   17.2   30.7   1411    2.2     98    7.6    30.0  -0.1   0.81   4.40 2893.0     0.00   0.00    0.0  0.007  0.021  0.004  0.003  0.003  0.006
02:18:56 860.26   17.2   30.7   1407    2.0     96    7.6    30.0  -0.1   0.81   4.40 2894.0     0.00   0.00    0.0  0.007  0.021  0.004  0.003  0.003  0.005
02:18:57 859.92   17.3   30.7   1410    1.9     97    7.6    30.1  -0.1   0.82   4.43 2895.0     0.00   0.00    0.0  0.007  0.021  0.004  0.003  0.003  0.006
02:18:58 860.23   17.3   30.7   1407    1.8     89    7.6    30.1  -0.1   0.82   4.43 2896.0     0.00   0.00    0.0  0.007  0.021  0.004  0.003  0.002  0.005
02:18:59 860.32   17.4   30.7   1406    1.7     92    7.6    30.1  -0.0   0.82   4.43 2897.0     0.00   0.00    0.0  0.007  0.021  0.004  0.003  0.003  0.005
02:19:00 860.44   17.3   30.7   1405    1.5     90    7.6    30.0  -0.1   0.81   4.40 2898.0     0.00   0.00    0.0  0.007  0.021  0.004  0.003  0.003  0.006
02:19:01 860.64   17.3   30.6   1403    1.4     88    7.6    30.0  -0.2   0.81   4.39 2899.0     0.00   0.00    0.0  0.007  0.021  0.004  0.003  0.003  0.005
02:19:03 860.46   17.4   30.4   1405    1.2     79    7.6    30.1  -0.2   0.81   4.39 2901.0     0.00   0.00    0.0  0.007  0.021  0.004  0.003  0.003  0.006
02:19:04 860.63   17.3   30.3   1403    1.2     76    7.6    30.1  -0.2   0.81   4.36 2902.0     0.00   0.00    0.0  0.007  0.021  0.004  0.003  0.003  0.006
02:19:06 861.02   17.4   30.2   1399    1.0     78    7.6    30.1  -0.3   0.81   4.35 2904.0     0.00   0.00    0.0  0.007  0.021  0.004  0.003  0.003  0.005
02:19:07 861.08   17.4   30.1   1399    1.0     78    7.6    30.1  -0.2   0.81   4.36 2905.0     0.00   0.00    0.0  0.007  0.021  0.004  0.003  0.003  0.006
02:19:08 861.27   17.4   30.1   1397    1.1     70    7.6    30.0  -0.3   0.81   4.34 2906.0     0.00   0.00    0.0  0.007  0.021  0.004  0.003  0.003  0.006
02:19:09 860.84   17.4   30.1   1401    1.0     67    7.6    30.1  -0.3   0.81   4.33 2907.0     0.00   0.00    0.0  0.007  0.021  0.004  0.003  0.003  0.006
02:19:11 861.35   17.4   30.0   1396    1.1     85    7.6    30.0  -0.4   0.81   4.31 2909.0     0.00   0.00    0.0  0.007  0.021  0.004  0.003  0.003  0.006
02:19:12 861.26   17.4   30.1   1397    1.1     85    7.6    30.1  -0.3   0.81   4.35 2910.0     0.00   0.00    0.0  0.007  0.021  0.004  0.003  0.003  0.006
02:19:13 861.41   17.5   30.2   1395    1.2     88    7.6    30.1  -0.2   0.81   4.37 2911.0     0.00   0.00    0.0  0.007  0.021  0.004  0.003  0.003  0.006
02:19:14 861.41   17.4   30.2   1395    1.2     94    7.6    30.1  -0.2   0.81   4.36 2912.0     0.00   0.00    0.0  0.007  0.021  0.004  0.003  0.003  0.006
02:19:15 861.51   17.4   30.2   1394    1.2    104    7.6    30.1  -0.2   0.81   4.36 2913.0     0.00   0.00    0.0  0.007  0.021  0.004  0.003  0.003  0.006
02:19:16 861.60   17.4   30.2   1394    1.2    106    7.6    30.0  -0.2   0.81   4.36 2914.0     0.00   0.00    0.0  0.007  0.021  0.004  0.003  0.003  0.005
02:19:18 861.65   17.4   30.1   1393    1.3    115    7.6    30.0  -0.3   0.81   4.34 2916.0     0.00   0.00    0.0  0.007  0.021  0.004  0.003  0.003  0.006
02:19:19 861.77   17.4   29.9   1392    1.3    114    7.6    30.1  -0.3   0.81   4.33 2917.0     0.00   0.00    0.0  0.007  0.021  0.004  0.003  0.003  0.005
02:19:20 861.61   17.5   29.9   1393    1.4    123    7.6    30.1  -0.3   0.81   4.34 2918.0     0.00   0.00    0.0  0.007  0.021  0.004  0.003  0.003  0.006
02:19:23 862.09   17.4   29.8   1389    1.7    125    7.6    30.0  -0.3   0.81   4.31 2921.0     0.00   0.00    0.0  0.007  0.021  0.004  0.003  0.003  0.006
02:19:24 862.25   17.5   29.8   1387    1.7    127    7.6    30.1  -0.3   0.81   4.32 2922.0     0.00   0.00    0.0  0.007  0.021  0.004  0.003  0.003  0.006
02:19:25 862.14   17.5   29.8   1388    1.7    130    7.6    30.1  -0.3   0.81   4.33 2923.0     0.00   0.00    0.0  0.007  0.021  0.004  0.003  0.003  0.005
02:19:26 862.18   17.5   29.9   1388    1.7    130    7.6    30.1  -0.3   0.81   4.33 2924.0     0.00   0.00    0.0  0.007  0.021  0.004  0.003  0.003  0.006
02:19:27 862.07   17.5   29.8   1389    1.7    129    7.6    30.1  -0.3   0.81   4.32 2925.0     0.00   0.00    0.0  0.007  0.021  0.004  0.003  0.003  0.005
02:19:28 862.20   17.5   29.8   1388    1.6    136    7.6    30.1  -0.3   0.81   4.33 2926.0     0.00   0.00    0.0  0.007  0.021  0.004  0.003  0.003  0.006
02:19:31 862.54   17.5   29.9   1384    1.6    129    7.6    30.1  -0.2   0.81   4.35 2929.0     0.00   0.00    0.0  0.007  0.021  0.004  0.003  0.003  0.005
02:19:32 862.51   17.5   30.0   1385    1.6    120    7.6    30.1  -0.2   0.81   4.36 2930.0     0.00   0.00    0.0  0.007  0.021  0.004  0.003  0.003  0.005
02:19:34 862.71   17.5   30.0   1383    1.6    125    7.6    30.1  -0.2   0.81   4.36 2932.0     0.00   0.00    0.0  0.007  0.021  0.004  0.003  0.003  0.005
02:19:35 862.87   17.5   30.0   1381    1.6    123    7.6    30.0  -0.2   0.81   4.36 2933.0     0.00   0.00    0.0  0.007  0.021  0.004  0.003  0.003  0.006
02:19:36 862.94   17.5   30.0   1380    1.6    118    7.6    30.0  -0.2   0.81   4.37 2934.0     0.00   0.00    0.0  0.007  0.021  0.004  0.003  0.003  0.005
02:19:37 862.84   17.6   30.1   1381    1.6    117    7.6    30.1  -0.1   0.81   4.38 2935.0     0.00   0.00    0.0  0.007  0.021  0.004  0.003  0.003  0.005
02:19:38 862.68   17.6   30.1   1383    1.6    116    7.6    30.1  -0.1   0.81   4.39 2936.0     0.00   0.00    0.0  0.007  0.021  0.004  0.003  0.003  0.005
02:19:39 862.89   17.6   30.1   1381    1.6    115    7.6    30.1  -0.1   0.81   4.38 2937.0     0.00   0.00    0.0  0.007  0.021  0.004  0.003  0.003  0.005
02:19:40 863.02   17.6   30.1   1380    1.6    118    7.6    30.1  -0.2   0.81   4.38 2938.0     0.00   0.00    0.0  0.007  0.021  0.004  0.003  0.003  0.006
02:19:41 863.01   17.6   30.2   1380    1.6    125    7.6    30.1  -0.1   0.81   4.39 2939.0     0.00   0.00    0.0  0.007  0.021  0.004  0.003  0.003  0.005
02:19:46 863.46   17.6   29.8   1375    1.4    125    7.6    30.1  -0.2   0.81   4.36 2944.0     0.00   0.00    0.0  0.007  0.021  0.004  0.003  0.003  0.005
02:19:47 863.28   17.6   29.9   1377    1.4    134    7.6    30.1  -0.2   0.81   4.36 2945.0     0.00   0.00    0.0  0.007  0.021  0.004  0.003  0.003  0.005
02:19:48 863.61   17.6   29.8   1374    1.4    141    7.6    30.1  -0.2   0.81   4.34 2946.0     0.00   0.00    0.0  0.007  0.021  0.004  0.003  0.003  0.005
02:19:49 863.45   17.7   29.7   1375    1.4    134    7.6    30.1  -0.2   0.81   4.36 2947.0     0.00   0.00    0.0  0.007  0.021  0.004  0.003  0.003  0.005
02:19:50 863.79   17.7   29.7   1372    1.4    135    7.6    30.1  -0.2   0.81   4.36 2948.0     0.00   0.00    0.0  0.007  0.021  0.004  0.003  0.003  0.005
02:19:51 863.70   17.6   29.7   1373    1.4    148    7.6    30.1  -0.2   0.81   4.34 2949.0     0.00   0.00    0.0  0.007  0.021  0.004  0.003  0.003  0.006
02:19:52 863.53   17.7   29.7   1375    1.4    142    7.6    30.1  -0.2   0.81   4.35 2950.0     0.00   0.00    0.0  0.007  0.021  0.004  0.003  0.003  0.005
02:19:54 863.77   17.7   29.6   1372    1.4    136    7.6    30.1  -0.2   0.81   4.34 2952.0     0.00   0.00    0.0  0.007  0.021  0.004  0.003  0.003  0.005
02:19:55 863.83   17.7   29.6   1372    1.4    136    7.6    30.1  -0.3   0.81   4.34 2953.0     0.00   0.00    0.0  0.007  0.021  0.004  0.003  0.003  0.006
02:19:57 864.16   17.7   29.6   1368    1.4    144    7.6    30.1  -0.2   0.81   4.35 2955.0     0.00   0.00    0.0  0.007  0.021  0.004  0.003  0.003  0.005
02:20:03 864.68   17.7   29.7   1363    1.6    130    7.6    30.0  -0.2   0.81   4.36 2961.0     0.00   0.00    0.0  0.007  0.021  0.004  0.003  0.003  0.005
02:20:05 864.72   17.7   29.7   1363    1.6    113    7.6    30.1  -0.2   0.81   4.37 2963.0     0.00   0.00    0.0  0.007  0.021  0.004  0.003  0.003  0.006
02:20:06 864.70   17.7   29.6   1363    1.6    109    7.6    30.1  -0.2   0.81   4.35 2964.0     0.00   0.00    0.0  0.007  0.020  0.004  0.003  0.003  0.005
02:20:08 864.76   17.8   29.6   1362    1.6    107    7.6    30.1  -0.2   0.81   4.35 2965.9     0.00   0.00    0.0  0.007  0.021  0.004  0.003  0.003  0.005
02:20:10 864.90   17.7   29.6   1361    1.6    105    7.6    30.0  -0.3   0.81   4.33 2967.9     0.00   0.00    0.0  0.007  0.021  0.004  0.003  0.003  0.005
02:20:11 864.95   17.8   29.5   1360    1.7    103    7.6    30.1  -0.2   0.81   4.34 2968.9     0.00   0.00    0.0  0.007  0.020  0.004  0.003  0.003  0.005
02:20:13 865.22   17.8   29.5   1358    1.7    131    7.6    30.1  -0.2   0.81   4.36 2970.9     0.00   0.00    0.0  0.007  0.020  0.004  0.003  0.003  0.005
02:20:15 865.30   17.7   29.5   1357    1.7    129    7.6    30.0  -0.3   0.81   4.33 2972.9     0.00   0.00    0.0  0.007  0.020  0.004  0.003  0.003  0.006
02:20:16 865.19   17.8   29.5   1358    1.7    133    7.6    30.1  -0.2   0.81   4.34 2973.9     0.00   0.00    0.0  0.007  0.020  0.004  0.003  0.003  0.005
02:20:17 865.38   17.8   29.5   1356    1.7    131    7.6    30.0  -0.2   0.81   4.34 2974.9     0.00   0.00    0.0  0.007  0.020  0.004  0.003  0.003  0.005
02:20:18 865.37   17.8   29.5   1356    1.8    134    7.6    30.0  -0.2   0.81   4.34 2975.9     0.00   0.00    0.0  0.007  0.020  0.004  0.003  0.003  0.005
02:20:19 865.62   17.8   29.4   1354    1.8    131    7.6    30.0  -0.2   0.81   4.33 2976.9     0.00   0.00    0.0  0.007  0.020  0.004  0.003  0.003  0.005
02:20:21 865.58   17.8   29.5   1354    1.8    124    7.6    30.1  -0.2   0.81   4.36 2978.9     0.00   0.00    0.0  0.007  0.020  0.004  0.003  0.003  0.005
02:20:22 865.96   17.9   29.6   1350    1.7    128    7.6    30.1  -0.1   0.81   4.38 2979.9     0.00   0.00    0.0  0.007  0.020  0.004  0.003  0.003  0.006
02:20:23 865.86   17.8   29.6   1352    1.7    127    7.6    30.0  -0.2   0.81   4.36 2980.9     0.00   0.00    0.0  0.007  0.020  0.004  0.003  0.003  0.005
02:20:24 865.72   17.8   29.6   1353    1.7    129    7.6    30.1  -0.2   0.81   4.37 2981.9     0.00   0.00    0.0  0.007  0.020  0.004  0.003  0.003  0.005
02:20:25 866.11   17.8   29.5   1349    1.7    132    7.6    30.0  -0.2   0.81   4.35 2982.9     0.00   0.00    0.0  0.007  0.020  0.004  0.003  0.003  0.005
02:20:26 865.87   17.8   29.5   1351    1.7    133    7.6    30.0  -0.2   0.81   4.34 2983.9     0.00   0.00    0.0  0.007  0.020  0.004  0.003  0.003  0.005
02:20:27 865.99   17.9   29.4   1350    1.7    132    7.6    30.1  -0.2   0.81   4.35 2984.9     0.00   0.00    0.0  0.007  0.020  0.004  0.003  0.003  0.005
02:20:28 866.22   17.9   29.3   1348    1.7    131    7.6    30.1  -0.2   0.81   4.35 2985.9     0.00   0.00    0.0  0.007  0.020  0.004  0.003  0.003  0.006
02:20:29 866.29   17.9   29.4   1347    1.7    127    7.6    30.0  -0.2   0.81   4.34 2986.9     0.00   0.00    0.0  0.007  0.020  0.004  0.003  0.003  0.005
02:20:30 866.31   17.9   29.4   1347    1.7    130    7.6    30.0  -0.2   0.81   4.34 2987.9     0.00   0.00    0.0  0.007  0.020  0.004  0.003  0.003  0.005
02:20:31 866.34   17.9   29.3   1347    1.7    129    7.6    30.1  -0.2   0.81   4.35 2988.9     0.00   0.00    0.0  0.007  0.020  0.004  0.003  0.003  0.005
02:20:32 866.25   17.9   29.4   1348    1.7    126    7.6    30.1  -0.2   0.81   4.35 2989.9     0.00   0.00    0.0  0.007  0.020  0.004  0.003  0.003  0.005
02:20:35 866.40   17.9   29.3   1346    1.9    118    7.6    30.1  -0.2   0.81   4.34 2992.9     0.00   0.00    0.0  0.007  0.020  0.004  0.003  0.003  0.005
02:20:37 866.71   17.9   29.3   1343    1.9    105    7.6    30.1  -0.2   0.81   4.35 2994.9     0.00   0.00    0.0  0.007  0.020  0.004  0.003  0.003  0.005
02:20:38 866.69   17.9   29.3   1343    1.8    116    7.6    30.0  -0.2   0.81   4.34 2995.9     0.00   0.00    0.0  0.007  0.020  0.004  0.003  0.003  0.005
02:20:39 866.57   17.9   29.3   1344    1.8    115    7.6    30.0  -0.2   0.81   4.34 2996.9     0.00   0.00    0.0  0.007  0.020  0.004  0.003  0.003  0.005
02:20:41 867.02   17.9   29.2   1340    1.7    102    7.6    30.0  -0.2   0.81   4.34 2998.9     0.00   0.00    0.0  0.007  0.020  0.004  0.003  0.003  0.005
02:20:43 867.11   18.0   29.2   1339    1.7    111    7.5    30.1  -0.2   0.81   4.35 3000.9     0.00   0.00    0.0  0.007  0.020  0.004  0.003  0.003  0.005
02:20:44 867.09   18.0   29.3   1339    1.7    118    7.5    30.1  -0.2   0.81   4.36 3001.9     0.00   0.00    0.0  0.007  0.020  0.004  0.003  0.003  0.005
02:20:46 867.18   18.0   29.2   1338    1.6    115    7.5    30.1  -0.2   0.81   4.35 3003.9     0.00   0.00    0.0  0.007  0.020  0.004  0.003  0.003  0.005
02:20:51 867.49   18.1   29.2   1335    1.4    112    7.5    30.1  -0.1   0.81   4.37 3008.9     0.00   0.00    0.0  0.007  0.020  0.004  0.003  0.003  0.005
02:20:52 867.61   18.0   29.2   1334    1.4    115    7.5    30.1  -0.2   0.81   4.36 3009.9     0.00   0.00    0.0  0.007  0.020  0.004  0.003  0.003  0.005
02:20:56 868.04   18.1   29.2   1330    1.4    117    7.5    30.1  -0.1   0.81   4.38 3013.9     0.00   0.00    0.0  0.007  0.020  0.004  0.003  0.003  0.005
02:20:57 868.27   18.0   29.2   1328    1.4    115    7.5    30.0  -0.1   0.81   4.36 3014.9     0.00   0.00    0.0  0.007  0.020  0.004  0.003  0.003  0.005
02:20:58 868.04   18.1   29.2   1330    1.4    110    7.5    30.1  -0.1   0.81   4.38 3015.9     0.00   0.00    0.0  0.007  0.020  0.004  0.003  0.003  0.005
02:21:00 868.20   18.1   29.3   1328    1.4    102    7.5    30.1  -0.1   0.81   4.38 3017.9     0.00   0.00    0.0  0.007  0.020  0.004  0.003  0.003  0.005
02:21:01 868.25   18.1   29.3   1328    1.4    107    7.5    30.1  -0.1   0.81   4.39 3018.9     0.00   0.00    0.0  0.007  0.020  0.004  0.003  0.003  0.005
02:21:03 868.34   18.1   29.3   1327    1.4     94    7.5    30.1  -0.1   0.81   4.39 3020.9     0.00   0.00    0.0  0.007  0.020  0.004  0.003  0.003  0.005
02:21:05 868.50   18.1   29.2   1325    1.4     84    7.5    30.1  -0.1   0.81   4.38 3022.9     0.00   0.00    0.0  0.007  0.020  0.004  0.003  0.003  0.005
02:21:06 868.66   18.1   29.2   1324    1.4     88    7.5    30.0  -0.1   0.81   4.38 3023.9     0.00   0.00    0.0  0.007  0.020  0.004  0.003  0.003  0.005
02:21:07 868.91   18.1   29.2   1321    1.3     90    7.5    30.1  -0.1   0.81   4.39 3024.9     0.00   0.00    0.0  0.007  0.020  0.004  0.003  0.003  0.005
02:21:08 868.50   18.1   29.3   1325    1.4     84    7.5    30.1  -0.0   0.81   4.40 3025.9     0.00   0.00    0.0  0.007  0.020  0.004  0.003  0.003  0.005
02:21:09 868.85   18.1   29.3   1322    1.4     82    7.5    30.1  -0.0   0.81   4.40 3026.9     0.00   0.00    0.0  0.007  0.020  0.004  0.003  0.003  0.005
02:21:10 868.83   18.1   29.4   1322    1.4     88    7.5    30.1   0.0   0.82   4.41 3027.9     0.00   0.00    0.0  0.007  0.020  0.004  0.003  0.003  0.005
02:21:11 868.91   18.1   29.4   1321    1.4     87    7.5    30.0  -0.0   0.81   4.39 3028.9     0.00   0.00    0.0  0.007  0.020  0.004  0.003  0.003  0.005
02:21:12 868.67   18.1   29.4   1324    1.4     94    7.5    30.0  -0.0   0.81   4.39 3029.9     0.00   0.00    0.0  0.007  0.020  0.004  0.003  0.003  0.005
02:21:13 868.92   18.1   29.4   1321    1.4     94    7.5    30.1   0.0   0.82   4.41 3030.9     0.00   0.00    0.0  0.007  0.020  0.004  0.003  0.003  0.005
02:21:14 869.02   18.1   29.4   1320    1.4     91    7.5    30.0   0.0   0.82   4.41 3031.9     0.00   0.00    0.0  0.007  0.020  0.004  0.003  0.003  0.005
02:21:15 869.16   18.2   29.4   1319    1.3     93    7.5    30.1   0.0   0.82   4.42 3032.9     0.00   0.00    0.0  0.007  0.020  0.004  0.003  0.003  0.005
02:21:19 869.39   18.1   29.4   1317    1.4     91    7.5    30.0   0.0   0.82   4.42 3036.9     0.00   0.00    0.0  0.007  0.020  0.004  0.003  0.003  0.005
02:21:20 869.71   18.2   29.4   1314    1.4     89    7.5    30.0   0.1   0.82   4.43 3037.9     0.00   0.00    0.0  0.007  0.020  0.004  0.003  0.003  0.005
02:21:21 869.53   18.2   29.4   1315    1.3     97    7.5    30.1   0.1   0.82   4.43 3038.9     0.00   0.00    0.0  0.007  0.020  0.004  0.003  0.003  0.005
02:21:22 869.82   18.2   29.5   1313    1.4     93    7.5    30.0   0.1   0.82   4.43 3039.9     0.00   0.00    0.0  0.007  0.020  0.004  0.003  0.003  0.005
02:21:23 869.44   18.2   29.5   1316    1.3    101    7.5    30.1   0.1   0.82   4.45 3040.9     0.00   0.00    0.0  0.007  0.020  0.004  0.003  0.003  0.005
02:21:27 869.68   18.0   31.0   1314    1.2    119    7.5    29.8   0.6   0.82   4.61 3044.9     0.00   0.00    0.0  0.007  0.020  0.004  0.003  0.003  0.005
02:21:29 869.77   18.0   31.2   1313    1.0    108    7.5    29.8   0.7   0.82   4.64 3046.9     0.00   0.00    0.0  0.007  0.020  0.004  0.003  0.003  0.005
02:21:31 869.68   17.9   31.8   1314    0.9    126    7.5    29.7   0.9   0.82   4.70 3048.9     0.00   0.00    0.0  0.007  0.020  0.004  0.003  0.003  0.005
02:21:32 869.72   17.8   31.3   1313    0.8    118    7.5    29.7   0.6   0.82   4.61 3049.9     0.00   0.00    0.0  0.007  0.020  0.004  0.003  0.003  0.005
02:21:33 869.85   17.9   31.3   1312    0.8    122    7.5    29.7   0.7   0.82   4.63 3050.9     0.00   0.00    0.0  0.007  0.020  0.004  0.003  0.003  0.005
02:21:34 869.61   18.0   31.1   1315    0.8    143    7.5    29.8   0.7   0.82   4.62 3051.9     0.00   0.00    0.0  0.007  0.020  0.004  0.003  0.003  0.005
02:21:35 869.68   17.9   32.0   1314    0.8    198    7.5    29.7   1.0   0.83   4.72 3052.9     0.00   0.00    0.0  0.007  0.020  0.004  0.003  0.003  0.005
02:22:42 869.68   17.7   32.0   1314   38.5    122    7.6    29.5   0.8   0.82   4.67 3119.7     0.00   0.00    0.0  0.006  0.019  0.004  0.003  0.003  0.005
02:22:43 869.80   17.7   32.0   1313    0.7    147    7.6    29.5   0.8   0.82   4.68 3120.7     0.00   0.00    0.0  0.007  0.019  0.004  0.003  0.003  0.005
02:22:44 869.58   17.7   32.2   1315    0.7    162    7.6    29.5   0.9   0.82   4.70 3121.7     0.00   0.00    0.0  0.006  0.019  0.004  0.003  0.003  0.005
02:22:45 869.86   17.7   32.4   1312    0.7    163    7.6    29.6   1.1   0.83   4.75 3122.7     0.00   0.00    0.0  0.006  0.019  0.004  0.003  0.003  0.005
02:22:46 869.85   17.7   32.5   1312    0.6    163    7.6    29.6   1.1   0.83   4.76 3123.7     0.00   0.00    0.0  0.006  0.019  0.004  0.003  0.003  0.005
02:22:47 869.75   17.7   32.3   1313    0.7    163    7.6    29.5   0.9   0.83   4.72 3124.7     0.00   0.00    0.0  0.006  0.019  0.004  0.003  0.003  0.005
02:22:48 869.91   17.8   32.3   1312    0.6    162    7.6    29.6   1.0   0.83   4.74 3125.7     0.00   0.00    0.0  0.007  0.019  0.004  0.003  0.003  0.005
02:22:49 869.81   17.7   32.3   1313    0.6    164    7.6    29.5   0.9   0.82   4.71 3126.7     0.00   0.00    0.0  0.006  0.019  0.004  0.003  0.003  0.005
02:22:52 869.89   17.7   32.3   1312    0.6    165    7.6    29.5   1.0   0.83   4.72 3129.7     0.00   0.00    0.0  0.006  0.019  0.004  0.003  0.003  0.005
02:22:54 870.03   17.8   31.8   1310    0.6    172    7.6    29.6   0.8   0.82   4.67 3131.7     0.00   0.00    0.0  0.007  0.019  0.004  0.003  0.003  0.005
02:22:55 869.87   17.7   32.1   1312    0.6    178    7.6    29.6   0.9   0.82   4.70 3132.7     0.00   0.00    0.0  0.006  0.019  0.004  0.003  0.003  0.005
02:22:56 869.88   17.9   31.5   1312    0.7    182    7.6    29.7   0.7   0.82   4.65 3133.7     0.00   0.00    0.0  0.007  0.019  0.004  0.003  0.003  0.005
02:22:58 869.67   17.9   31.4   1314    0.8    185    7.6    29.8   0.8   0.82   4.66 3136.7     0.00   0.00    0.0  0.006  0.019  0.004  0.003  0.003  0.005
02:23:00 869.64   17.8   31.5   1314    0.8    187    7.6    29.7   0.7   0.82   4.64 3137.7     0.00   0.00    0.0  0.006  0.019  0.004  0.003  0.003  0.005
02:23:01 869.65   17.9   31.4   1314    0.8    186    7.6    29.7   0.7   0.82   4.64 3138.7     0.00   0.00    0.0  0.007  0.019  0.004  0.003  0.003  0.005
02:23:05 869.28   17.9   31.6   1318    0.8    182    7.6    29.8   0.8   0.82   4.68 3142.7     0.00   0.00    0.0  0.006  0.019  0.004  0.003  0.003  0.005
02:23:06 869.19   17.8   31.8   1319    0.8    182    7.6    29.7   0.8   0.82   4.68 3143.7     0.00   0.00    0.0  0.006  0.019  0.004  0.003  0.003  0.005
02:23:07 869.25   17.8   31.7   1318    0.8    187    7.6    29.7   0.8   0.82   4.66 3144.7     0.00   0.00    0.0  0.006  0.019  0.004  0.003  0.003  0.005
02:23:08 869.27   17.9   31.6   1318    0.8    189    7.6    29.8   0.8   0.82   4.67 3145.7     0.00   0.00    0.0  0.006  0.019  0.004  0.003  0.003  0.005
02:23:13 868.96   17.9   31.3   1321    1.0    180    7.6    29.8   0.7   0.82   4.63 3150.7     0.00   0.00    0.0  0.007  0.019  0.004  0.003  0.003  0.005
02:23:15 869.00   17.9   30.9   1321    1.0    180    7.6    29.8   0.5   0.82   4.56 3152.7     0.00   0.00    0.0  0.006  0.019  0.004  0.003  0.003  0.005
02:23:17 869.04   18.0   30.1   1320    1.0    179    7.6    29.9   0.2   0.82   4.46 3154.7     0.00   0.00    0.0  0.006  0.019  0.004  0.003  0.003  0.005
02:23:18 868.80   17.9   30.2   1323    1.1    175    7.6    29.9   0.2   0.82   4.48 3155.7     0.00   0.00    0.0  0.006  0.019  0.004  0.003  0.003  0.005
02:23:19 868.77   18.0   30.0   1323    1.1    177    7.6    29.9   0.2   0.82   4.46 3156.7     0.00   0.00    0.0  0.006  0.019  0.004  0.003  0.003  0.005
02:23:20 868.48   18.0   30.0   1326    1.1    175    7.6    30.0   0.2   0.82   4.47 3157.7     0.00   0.00    0.0  0.006  0.019  0.004  0.003  0.003  0.005
02:23:21 868.56   17.9   30.4   1325    1.1    172    7.6    29.9   0.3   0.82   4.51 3158.7     0.00   0.00    0.0  0.006  0.019  0.004  0.003  0.003  0.005
02:23:22 868.73   17.9   30.2   1323    1.1    173    7.6    29.8   0.2   0.82   4.47 3159.6     0.00   0.00    0.0  0.006  0.019  0.004  0.003  0.003  0.005
02:23:23 868.55   17.9   30.4   1325    1.1    175    7.6    29.9   0.3   0.82   4.50 3160.6     0.00   0.00    0.0  0.006  0.019  0.004  0.003  0.003  0.005
02:23:24 868.69   17.9   30.4   1324    1.1    175    7.6    29.9   0.3   0.82   4.50 3161.6     0.00   0.00    0.0  0.006  0.019  0.004  0.003  0.003  0.005
02:23:25 868.36   17.9   30.4   1327    1.1    172    7.6    29.9   0.3   0.82   4.52 3162.6     0.00   0.00    0.0  0.006  0.019  0.004  0.003  0.003  0.005
02:23:27 868.30   17.9   30.4   1327    1.2    179    7.6    29.9   0.3   0.82   4.50 3164.6     0.00   0.00    0.0  0.006  0.019  0.004  0.003  0.003  0.005
02:23:28 868.55   17.9   30.2   1325    1.2    180    7.6    29.9   0.2   0.82   4.48 3165.6     0.00   0.00    0.0  0.006  0.019  0.004  0.003  0.003  0.005
02:23:30 868.26   18.0   29.9   1328    1.2    180    7.6    29.9   0.1   0.82   4.44 3167.6     0.00   0.00    0.0  0.006  0.019  0.004  0.003  0.003  0.005
02:23:32 868.47   18.0   29.8   1326    1.1    175    7.6    30.0   0.1   0.82   4.45 3169.6     0.00   0.00    0.0  0.006  0.019  0.004  0.003  0.003  0.005
02:23:33 868.22   18.0   29.6   1328    1.1    176    7.6    30.0  -0.0   0.81   4.41 3170.6     0.00   0.00    0.0  0.006  0.019  0.004  0.003  0.003  0.005
02:23:34 868.35   17.9   29.6   1327    1.2    178    7.6    29.9  -0.0   0.81   4.39 3171.6     0.00   0.00    0.0  0.006  0.019  0.004  0.003  0.003  0.005
02:23:35 867.96   18.0   29.4   1331    1.2    179    7.6    30.0  -0.1   0.81   4.36 3172.6     0.00   0.00    0.0  0.006  0.019  0.004  0.003  0.003  0.005
02:23:36 867.92   18.0   29.5   1331    1.2    174    7.6    30.0  -0.1   0.81   4.39 3173.6     0.00   0.00    0.0  0.006  0.019  0.004  0.003  0.003  0.005
02:23:37 868.07   18.0   29.7   1330    1.2    173    7.6    30.0   0.0   0.82   4.42 3174.6     0.00   0.00    0.0  0.006  0.019  0.004  0.003  0.003  0.005
02:23:38 868.01   17.9   29.8   1330    1.2    175    7.6    30.0   0.1   0.82   4.43 3175.6     0.00   0.00    0.0  0.006  0.019  0.004  0.003  0.003  0.005
02:23:39 867.83   17.9   29.6   1332    1.2    176    7.6    30.0  -0.0   0.81   4.40 3176.6     0.00   0.00    0.0  0.006  0.019  0.004  0.003  0.003  0.005
02:23:40 867.94   17.9   29.6   1331    1.2    175    7.6    30.0  -0.0   0.81   4.40 3177.6     0.00   0.00    0.0  0.006  0.019  0.004  0.003  0.003  0.005
02:23:42 867.92   18.0   29.5   1331    1.2    174    7.6    30.0  -0.0   0.81   4.40 3179.6     0.00   0.00    0.0  0.006  0.019  0.004  0.003  0.003  0.005
02:23:43 868.11   18.0   29.4   1329    1.2    174    7.6    30.0  -0.1   0.81   4.38 3180.6     0.00   0.00    0.0  0.006  0.019  0.004  0.003  0.003  0.005
02:23:44 867.80   17.9   29.6   1332    1.2    175    7.6    30.0  -0.0   0.82   4.41 3181.6     0.00   0.00    0.0  0.006  0.019  0.004  0.003  0.003  0.005
02:23:45 867.83   17.9   29.6   1332    1.2    172    7.6    30.0  -0.0   0.81   4.40 3182.6     0.00   0.00    0.0  0.006  0.019  0.004  0.003  0.003  0.005
02:23:48 867.68   18.0   29.4   1334    1.2    174    7.6    30.0  -0.1   0.81   4.37 3185.6     0.00   0.00    0.0  0.006  0.019  0.004  0.003  0.003  0.005
02:23:49 867.63   17.9   29.6   1334    1.3    168    7.6    30.0  -0.0   0.81   4.40 3186.6     0.00   0.00    0.0  0.006  0.019  0.004  0.003  0.003  0.005
02:23:53 867.37   17.9   29.6   1337    1.3    189    7.6    30.0  -0.1   0.81   4.39 3190.6     0.00   0.00    0.0  0.006  0.019  0.004  0.003  0.003  0.005
02:23:55 867.32   17.9   29.7   1337    1.2    181    7.6    30.0  -0.0   0.82   4.41 3192.6     0.00   0.00    0.0  0.006  0.019  0.004  0.003  0.003  0.005
02:23:57 867.26   18.0   29.7   1338    1.2    180    7.6    30.0   0.0   0.82   4.41 3194.6     0.00   0.00    0.0  0.006  0.019  0.004  0.003  0.003  0.005
02:23:58 867.23   18.0   29.7   1338    1.3    182    7.6    30.0   0.0   0.82   4.42 3195.6     0.00   0.00    0.0  0.006  0.019  0.004  0.003  0.003  0.005
02:23:59 867.13   18.0   29.7   1339    1.2    180    7.6    30.1   0.0   0.82   4.43 3196.6     0.00   0.00    0.0  0.006  0.019  0.004  0.003  0.003  0.005
02:24:00 867.23   17.9   29.6   1338    1.2    179    7.6    30.0  -0.0   0.81   4.40 3197.6     0.00   0.00    0.0  0.006  0.019  0.004  0.003  0.003  0.005
02:24:09 866.84   17.9   29.3   1342    1.4    180    7.5    30.0  -0.3   0.81   4.32 3206.6     0.00   0.00    0.0  0.006  0.018  0.004  0.003  0.003  0.005
02:24:10 866.59   17.9   29.3   1344    1.4    175    7.5    30.0  -0.3   0.81   4.32 3207.6     0.00   0.00    0.0  0.006  0.018  0.004  0.003  0.003  0.005
02:24:11 866.59   17.9   29.3   1344    1.4    175    7.5    30.0  -0.2   0.81   4.33 3208.6     0.00   0.00    0.0  0.006  0.018  0.004  0.003  0.003  0.005
02:24:12 866.65   17.8   29.2   1344    1.4    176    7.5    30.0  -0.3   0.81   4.31 3209.6     0.00   0.00    0.0  0.006  0.018  0.004  0.003  0.003  0.005
02:24:14 866.34   17.9   29.2   1347    1.4    178    7.5    30.1  -0.3   0.81   4.32 3211.6     0.00   0.00    0.0  0.006  0.018  0.004  0.003  0.003  0.005
02:24:16 866.25   17.9   29.2   1348    1.4    177    7.5    30.1  -0.3   0.81   4.32 3213.6     0.00   0.00    0.0  0.006  0.018  0.004  0.003  0.003  0.005
02:24:17 866.30   18.0   29.2   1347    1.4    178    7.5    30.1  -0.2   0.81   4.34 3214.6     0.00   0.00    0.0  0.006  0.018  0.004  0.003  0.003  0.005
02:24:20 866.26   17.8   29.1   1348    1.4    191    7.5    30.0  -0.4   0.81   4.28 3217.6     0.00   0.00    0.0  0.006  0.018  0.004  0.003  0.003  0.005
02:24:21 866.21   17.8   29.1   1348    1.4    195    7.5    30.0  -0.3   0.81   4.29 3218.6     0.00   0.00    0.0  0.006  0.018  0.004  0.003  0.003  0.005
02:24:23 866.08   17.9   29.2   1349    1.5    192    7.5    30.1  -0.3   0.81   4.32 3220.6     0.00   0.00    0.0  0.006  0.018  0.004  0.003  0.003  0.005
02:24:24 866.14   17.9   29.1   1349    1.5    192    7.5    30.1  -0.3   0.81   4.31 3221.6     0.00   0.00    0.0  0.006  0.018  0.004  0.003  0.003  0.005
02:24:25 866.02   17.9   29.2   1350    1.5    190    7.5    30.1  -0.3   0.81   4.31 3222.6     0.00   0.00    0.0  0.006  0.018  0.004  0.003  0.003  0.005
02:24:26 866.13   17.9   29.2   1349    1.5    187    7.5    30.1  -0.3   0.81   4.31 3223.6     0.00   0.00    0.0  0.006  0.018  0.004  0.003  0.003  0.005
02:24:29 865.97   17.8   29.2   1350    1.5    194    7.5    30.0  -0.4   0.81   4.29 3226.6     0.00   0.00    0.0  0.006  0.018  0.004  0.003  0.003  0.005
02:24:30 865.96   17.8   29.2   1350    1.5    199    7.5    30.0  -0.4   0.81   4.29 3227.6     0.00   0.00    0.0  0.006  0.018  0.004  0.003  0.003  0.005
02:24:31 865.61   17.8   29.2   1354    1.5    204    7.5    30.0  -0.4   0.81   4.29 3228.6     0.00   0.00    0.0  0.006  0.018  0.004  0.003  0.003  0.005
02:24:32 865.87   17.9   29.2   1351    1.6    198    7.5    30.1  -0.3   0.81   4.32 3229.6     0.00   0.00    0.0  0.006  0.018  0.004  0.003  0.003  0.005
02:24:33 865.51   17.8   29.3   1355    1.5    192    7.5    30.0  -0.3   0.81   4.30 3230.6     0.00   0.00    0.0  0.006  0.018  0.004  0.003  0.003  0.005
02:24:35 865.65   17.7   29.3   1353    1.7    174    7.5    30.0  -0.4   0.81   4.29 3232.6     0.00   0.00    0.0  0.006  0.018  0.004  0.003  0.003  0.005
02:24:37 865.60   17.8   29.6   1354    1.6    157    7.5    30.0  -0.2   0.81   4.35 3234.6     0.00   0.00    0.0  0.006  0.018  0.004  0.003  0.003  0.005
02:24:38 865.48   17.8   29.6   1355    1.6    154    7.5    30.1  -0.1   0.81   4.38 3235.6     0.00   0.00    0.0  0.006  0.018  0.004  0.003  0.003  0.005
02:24:39 865.43   17.8   29.5   1356    1.4    156    7.5    30.0  -0.2   0.81   4.35 3236.6     0.00   0.00    0.0  0.006  0.018  0.004  0.003  0.003  0.005
02:24:40 865.34   17.7   29.5   1357    1.4    155    7.5    30.0  -0.2   0.81   4.34 3237.6     0.00   0.00    0.0  0.006  0.018  0.004  0.003  0.003  0.005
02:24:43 865.39   17.8   29.4   1356    1.3    163    7.5    30.1  -0.2   0.81   4.33 3240.6     0.00   0.00    0.0  0.006  0.018  0.004  0.003  0.003  0.005
02:24:44 865.54   17.8   29.4   1355    1.2    164    7.5    30.1  -0.2   0.81   4.35 3241.6     0.00   0.00    0.0  0.006  0.018  0.004  0.003  0.003  0.005
02:24:45 865.22   17.8   29.5   1358    1.2    166    7.5    30.1  -0.2   0.81   4.35 3242.6     0.00   0.00    0.0  0.006  0.018  0.004  0.003  0.003  0.005
02:24:46 865.37   17.8   29.5   1356    1.3    168    7.5    30.0  -0.3   0.81   4.33 3243.6     0.00   0.00    0.0  0.006  0.018  0.004  0.003  0.003  0.005
02:24:47 865.23   17.8   29.5   1358    1.2    167    7.5    30.0  -0.3   0.81   4.33 3244.6     0.00   0.00    0.0  0.006  0.018  0.004  0.003  0.003  0.005
02:24:48 865.11   17.7   29.5   1359    1.3    170    7.5    30.0  -0.3   0.81   4.32 3245.6     0.00   0.00    0.0  0.006  0.018  0.004  0.003  0.003  0.005
02:24:49 864.94   17.8   29.4   1361    1.3    165    7.5    30.1  -0.2   0.81   4.34 3246.6     0.00   0.00    0.0  0.006  0.018  0.004  0.003  0.003  0.005
02:24:50 864.91   17.8   29.5   1361    1.3    163    7.5    30.1  -0.2   0.81   4.34 3247.6     0.00   0.00    0.0  0.006  0.018  0.004  0.003  0.003  0.005
02:24:51 865.11   17.7   29.5   1359    1.3    164    7.5    30.0  -0.3   0.81   4.31 3248.6     0.00   0.00    0.0  0.006  0.018  0.004  0.003  0.003  0.005
02:24:52 864.77   17.7   29.4   1362    1.4    164    7.5    30.0  -0.3   0.81   4.31 3249.6     0.00   0.00    0.0  0.006  0.018  0.004  0.003  0.003  0.005
02:24:53 865.00   17.7   29.4   1360    1.4    163    7.5    30.0  -0.3   0.81   4.32 3250.6     0.00   0.00    0.0  0.006  0.018  0.004  0.003  0.003  0.005
02:24:54 865.01   17.7   29.5   1360    1.5    169    7.5    30.0  -0.3   0.81   4.33 3251.6     0.00   0.00    0.0  0.006  0.018  0.004  0.003  0.003  0.005
02:24:56 864.84   17.7   29.5   1361    1.5    179    7.5    30.1  -0.3   0.81   4.32 3253.6     0.00   0.00    0.0  0.006  0.018  0.004  0.003  0.003  0.005
02:24:57 864.83   17.8   29.4   1362    1.5    182    7.5    30.1  -0.3   0.81   4.32 3254.6     0.00   0.00    0.0  0.006  0.018  0.004  0.003  0.003  0.005
02:24:58 864.83   17.8   29.5   1362    1.5    179    7.5    30.1  -0.2   0.81   4.34 3255.6     0.00   0.00    0.0  0.006  0.018  0.004  0.003  0.003  0.005
02:24:59 864.70   17.8   29.5   1363    1.5    184    7.5    30.1  -0.2   0.81   4.34 3256.6     0.00   0.00    0.0  0.006  0.018  0.004  0.003  0.003  0.005
02:25:00 864.59   17.7   29.5   1364    1.7    191    7.5    30.0  -0.3   0.81   4.32 3257.6     0.00   0.00    0.0  0.006  0.018  0.004  0.003  0.003  0.005
02:25:01 864.48   17.7   29.4   1365    1.7    194    7.5    30.1  -0.3   0.81   4.31 3258.6     0.00   0.00    0.0  0.006  0.018  0.004  0.003  0.003  0.005
02:25:02 864.82   17.7   29.4   1362    1.7    194    7.5    30.1  -0.3   0.81   4.31 3259.5     0.00   0.00    0.0  0.006  0.018  0.004  0.003  0.003  0.005
02:25:03 864.60   17.7   29.4   1364    1.8    202    7.5    30.0  -0.3   0.81   4.30 3260.5     0.00   0.00    0.0  0.006  0.018  0.004  0.003  0.003  0.005
02:25:04 864.42   17.7   29.4   1366    1.9    206    7.5    30.1  -0.3   0.81   4.31 3261.5     0.00   0.00    0.0  0.006  0.018  0.004  0.003  0.003  0.005
02:25:05 864.41   17.7   29.4   1366    1.9    205    7.5    30.1  -0.3   0.81   4.33 3262.5     0.00   0.00    0.0  0.006  0.018  0.004  0.003  0.003  0.005
02:25:09 864.39   17.7   29.4   1366    1.7    201    7.5    30.1  -0.3   0.81   4.31 3266.5     0.00   0.00    0.0  0.006  0.018  0.004  0.003  0.003  0.005
02:25:13 864.11   17.8   29.3   1369    1.7    199    7.5    30.2  -0.3   0.81   4.31 3270.5     0.00   0.00    0.0  0.006  0.018  0.004  0.003  0.003  0.005
02:25:14 863.90   17.7   29.3   1371    1.7    200    7.5    30.1  -0.4   0.81   4.29 3271.5     0.00   0.00    0.0  0.006  0.018  0.004  0.003  0.003  0.005
02:25:15 863.88   17.7   29.3   1371    1.7    202    7.5    30.1  -0.4   0.81   4.29 3272.5     0.00   0.00    0.0  0.006  0.018  0.004  0.003  0.003  0.005
02:25:16 863.89   17.7   29.2   1371    1.7    201    7.5    30.1  -0.4   0.81   4.29 3273.5     0.00   0.00    0.0  0.006  0.018  0.004  0.003  0.003  0.005
02:25:17 863.88   17.7   29.3   1371    1.7    198    7.5    30.1  -0.4   0.81   4.28 3274.5     0.00   0.00    0.0  0.006  0.018  0.004  0.003  0.003  0.005
02:25:20 863.81   17.7   29.3   1372    1.6    196    7.5    30.1  -0.4   0.81   4.28 3277.5     0.00   0.00    0.0  0.006  0.018  0.004  0.003  0.003  0.005
02:25:23 863.66   17.6   29.3   1373    1.7    194    7.5    30.1  -0.4   0.81   4.27 3280.5     0.00   0.00    0.0  0.006  0.018  0.004  0.003  0.003  0.005
02:25:24 863.59   17.7   29.3   1374    1.8    193    7.5    30.1  -0.4   0.81   4.29 3281.5     0.00   0.00    0.0  0.006  0.018  0.004  0.003  0.003  0.005
02:25:25 863.73   17.6   29.3   1373    1.9    192    7.5    30.0  -0.5   0.81   4.27 3282.5     0.00   0.00    0.0  0.006  0.018  0.004  0.003  0.003  0.005
02:25:27 863.67   17.7   29.3   1373    1.9    191    7.5    30.1  -0.4   0.81   4.27 3284.5     0.00   0.00    0.0  0.006  0.018  0.004  0.003  0.003  0.005
02:25:32 863.30   17.6   29.3   1377    1.7    202    7.5    30.0  -0.5   0.81   4.26 3289.5     0.00   0.00    0.0  0.006  0.018  0.004  0.003  0.003  0.005
02:25:33 863.48   17.6   29.3   1375    1.7    203    7.5    30.1  -0.4   0.81   4.27 3290.5     0.00   0.00    0.0  0.006  0.018  0.004  0.003  0.003  0.005
02:25:34 863.43   17.6   29.3   1375    1.7    204    7.5    30.1  -0.5   0.81   4.27 3291.5     0.00   0.00    0.0  0.006  0.018  0.004  0.003  0.003  0.005
02:25:35 863.11   17.6   29.3   1379    1.7    201    7.5    30.1  -0.4   0.81   4.28 3292.5     0.00   0.00    0.0  0.006  0.018  0.004  0.003  0.003  0.005
02:25:37 863.35   17.6   29.3   1376    1.7    200    7.5    30.0  -0.5   0.81   4.26 3294.5     0.00   0.00    0.0  0.006  0.018  0.004  0.003  0.003  0.005
02:25:38 863.23   17.6   29.3   1377    1.7    202    7.5    30.1  -0.5   0.81   4.27 3295.5     0.00   0.00    0.0  0.006  0.018  0.004  0.003  0.003  0.005
02:25:39 863.16   17.6   29.3   1378    1.7    199    7.5    30.1  -0.5   0.81   4.27 3296.5     0.00   0.00    0.0  0.006  0.018  0.004  0.003  0.003  0.005
02:25:41 862.98   17.6   29.4   1380    1.7    188    7.5    30.1  -0.4   0.81   4.28 3298.5     0.00   0.00    0.0  0.006  0.018  0.004  0.003  0.003  0.005
02:25:42 863.01   17.5   29.3   1380    1.7    191    7.5    30.0  -0.5   0.81   4.25 3299.5     0.00   0.00    0.0  0.006  0.018  0.004  0.003  0.003  0.005
02:25:43 862.63   17.6   29.4   1383    1.7    192    7.5    30.1  -0.5   0.81   4.27 3300.5     0.00   0.00    0.0  0.006  0.018  0.004  0.003  0.003  0.005
02:25:44 862.93   17.6   29.4   1380    1.7    193    7.5    30.1  -0.4   0.81   4.28 3301.5     0.00   0.00    0.0  0.006  0.018  0.004  0.003  0.003  0.005
02:25:46 862.83   17.5   29.4   1381    1.5    185    7.5    30.0  -0.5   0.81   4.25 3303.5     0.00   0.00    0.0  0.006  0.018  0.004  0.003  0.003  0.005
02:25:47 862.71   17.5   29.4   1383    1.6    187    7.5    30.1  -0.5   0.81   4.26 3304.5     0.00   0.00    0.0  0.006  0.018  0.004  0.003  0.003  0.005
02:25:48 862.78   17.5   29.3   1382    1.6    190    7.5    30.1  -0.5   0.81   4.25 3305.5     0.00   0.00    0.0  0.006  0.018  0.004  0.003  0.003  0.005
02:25:51 862.77   17.6   29.4   1382    1.6    197    7.5    30.1  -0.4   0.81   4.29 3308.5     0.00   0.00    0.0  0.006  0.018  0.004  0.003  0.003  0.005
02:25:53 862.35   17.6   29.4   1386    1.6    197    7.5    30.2  -0.4   0.81   4.29 3310.5     0.00   0.00    0.0  0.006  0.018  0.004  0.003  0.003  0.005
02:25:54 862.62   17.6   29.3   1383    1.6    199    7.5    30.1  -0.5   0.81   4.27 3311.5     0.00   0.00    0.0  0.006  0.018  0.004  0.003  0.003  0.005
02:25:55 862.62   17.5   29.4   1383    1.5    202    7.5    30.1  -0.5   0.81   4.26 3312.5     0.00   0.00    0.0  0.006  0.018  0.004  0.003  0.003  0.005
02:25:56 862.35   17.5   29.4   1386    1.5    202    7.5    30.1  -0.5   0.81   4.26 3313.5     0.00   0.00    0.0  0.006  0.018  0.004  0.003  0.003  0.005
02:25:57 862.35   17.6   29.4   1386    1.5    202    7.5    30.1  -0.4   0.81   4.28 3314.5     0.00   0.00    0.0  0.006  0.018  0.004  0.003  0.003  0.005
02:25:58 862.27   17.5   29.4   1387    1.6    203    7.5    30.1  -0.5   0.81   4.26 3316.5     0.00   0.00    0.0  0.006  0.017  0.004  0.003  0.003  0.005
02:25:59 862.13   17.5   29.4   1388    1.6    199    7.5    30.1  -0.5   0.81   4.26 3317.5     0.00   0.00    0.0  0.006  0.017  0.004  0.003  0.003  0.005
02:26:00 862.17   17.5   29.5   1388    1.5    193    7.5    30.1  -0.5   0.81   4.27 3318.5     0.00   0.00    0.0  0.006  0.017  0.004  0.003  0.003  0.005
02:26:01 862.18   17.6   29.5   1388    1.5    195    7.5    30.1  -0.4   0.81   4.28 3319.5     0.00   0.00    0.0  0.006  0.017  0.004  0.003  0.003  0.005
02:26:05 862.14   17.5   29.5   1388    1.5    200    7.5    30.1  -0.5   0.81   4.27 3323.5     0.00   0.00    0.0  0.006  0.018  0.004  0.003  0.003  0.005
02:26:07 861.88   17.5   29.5   1391    1.4    188    7.5    30.1  -0.4   0.81   4.28 3325.5     0.00   0.00    0.0  0.006  0.017  0.004  0.003  0.003  0.005
02:26:09 861.69   17.5   29.5   1393    1.5    191    7.5    30.1  -0.5   0.81   4.27 3327.5     0.00   0.00    0.0  0.006  0.017  0.004  0.003  0.003  0.005
02:26:10 861.84   17.5   29.5   1391    1.7    190    7.5    30.1  -0.5   0.81   4.27 3328.5     0.00   0.00    0.0  0.006  0.017  0.004  0.003  0.003  0.005
02:26:11 861.86   17.5   29.5   1391    1.7    187    7.5    30.1  -0.4   0.81   4.28 3329.5     0.00   0.00    0.0  0.006  0.017  0.004  0.003  0.003  0.005
02:26:12 861.87   17.5   29.5   1391    1.7    188    7.5    30.1  -0.5   0.81   4.27 3330.5     0.00   0.00    0.0  0.006  0.017  0.004  0.003  0.003  0.005
02:26:14 861.51   17.5   29.5   1394    1.7    191    7.5    30.1  -0.5   0.81   4.26 3332.5     0.00   0.00    0.0  0.006  0.017  0.004  0.003  0.003  0.005
02:26:15 861.82   17.5   29.5   1391    1.7    191    7.5    30.1  -0.5   0.81   4.27 3333.5     0.00   0.00    0.0  0.006  0.017  0.004  0.003  0.003  0.005
02:26:16 861.68   17.4   29.6   1393    1.7    194    7.5    30.1  -0.5   0.81   4.26 3334.5     0.00   0.00    0.0  0.006  0.017  0.004  0.003  0.003  0.005
02:26:18 861.48   17.4   29.5   1395    1.7    198    7.5    30.1  -0.5   0.81   4.25 3335.5     0.00   0.00    0.0  0.006  0.017  0.004  0.003  0.003  0.005
02:26:18 861.37   17.5   29.5   1396    1.8    198    7.5    30.1  -0.5   0.81   4.26 3336.5     0.00   0.00    0.0  0.006  0.017  0.004  0.003  0.003  0.005
02:26:19 861.33   17.5   29.6   1396    1.8    200    7.5    30.2  -0.4   0.81   4.28 3337.5     0.00   0.00    0.0  0.006  0.017  0.004  0.003  0.003  0.005
02:26:20 861.36   17.4   29.5   1396    1.8    203    7.5    30.1  -0.5   0.81   4.25 3338.5     0.00   0.00    0.0  0.006  0.017  0.004  0.003  0.003  0.005
02:26:21 861.15   17.4   29.5   1398    1.7    205    7.5    30.1  -0.5   0.81   4.26 3339.5     0.00   0.00    0.0  0.006  0.017  0.004  0.003  0.003  0.005
02:26:22 861.47   17.5   29.5   1395    1.7    206    7.5    30.1  -0.5   0.81   4.28 3340.5     0.00   0.00    0.0  0.006  0.017  0.004  0.003  0.003  0.005
02:26:24 861.27   17.5   29.6   1397    1.6    207    7.5    30.1  -0.5   0.81   4.28 3342.5     0.00   0.00    0.0  0.006  0.017  0.004  0.003  0.003  0.005
02:26:25 861.12   17.4   29.5   1398    1.6    209    7.5    30.1  -0.5   0.81   4.25 3343.5     0.00   0.00    0.0  0.006  0.017  0.004  0.003  0.003  0.005
02:26:26 860.93   17.4   29.6   1400    1.7    209    7.5    30.1  -0.5   0.81   4.26 3344.5     0.00   0.00    0.0  0.006  0.017  0.004  0.003  0.003  0.005
02:26:27 861.05   17.4   29.6   1399    1.7    207    7.5    30.1  -0.5   0.81   4.25 3345.5     0.00   0.00    0.0  0.006  0.017  0.004  0.003  0.003  0.005
02:26:28 861.04   17.4   29.6   1399    1.7    203    7.5    30.1  -0.5   0.81   4.25 3346.5     0.00   0.00    0.0  0.006  0.017  0.004  0.003  0.003  0.005
02:26:30 861.09   17.3   29.6   1399    1.6    203    7.5    30.0  -0.6   0.81   4.25 3348.5     0.00   0.00    0.0  0.006  0.017  0.004  0.003  0.003  0.005
02:26:31 861.11   17.4   29.6   1398    1.6    201    7.5    30.1  -0.5   0.81   4.26 3349.5     0.00   0.00    0.0  0.006  0.017  0.004  0.003  0.003  0.005
02:26:34 860.81   17.4   29.7   1401    1.5    196    7.5    30.1  -0.5   0.81   4.26 3352.5     0.00   0.00    0.0  0.006  0.017  0.004  0.003  0.003  0.005
02:26:35 860.55   17.4   29.7   1404    1.6    200    7.5    30.1  -0.5   0.81   4.27 3353.5     0.00   0.00    0.0  0.006  0.017  0.004  0.003  0.003  0.005
02:26:36 860.66   17.4   29.7   1403    1.6    201    7.5    30.1  -0.5   0.81   4.28 3354.5     0.00   0.00    0.0  0.006  0.017  0.004  0.003  0.003  0.005
02:26:40 860.36   17.3   29.7   1406    1.5    207    7.5    30.0  -0.6   0.81   4.25 3358.5     0.00   0.00    0.0  0.006  0.017  0.004  0.003  0.003  0.005
02:26:41 860.46   17.4   29.7   1405    1.5    207    7.5    30.1  -0.5   0.81   4.27 3359.4     0.00   0.00    0.0  0.006  0.017  0.004  0.003  0.003  0.005
02:26:42 860.34   17.3   29.7   1406    1.5    203    7.5    30.1  -0.5   0.81   4.26 3360.4     0.00   0.00    0.0  0.006  0.017  0.004  0.003  0.003  0.005
02:26:43 860.20   17.3   29.8   1407    1.5    198    7.5    30.1  -0.5   0.81   4.27 3361.4     0.00   0.00    0.0  0.006  0.017  0.004  0.003  0.003  0.005
02:26:44 860.55   17.4   29.8   1404    1.4    197    7.5    30.1  -0.4   0.81   4.29 3362.4     0.00   0.00    0.0  0.006  0.017  0.004  0.003  0.003  0.005
02:26:45 860.35   17.3   29.8   1406    1.4    198    7.5    30.1  -0.5   0.81   4.27 3363.4     0.00   0.00    0.0  0.006  0.017  0.004  0.003  0.003  0.005
02:26:46 860.13   17.3   29.8   1408    1.4    199    7.5    30.1  -0.5   0.81   4.28 3364.4     0.00   0.00    0.0  0.006  0.017  0.004  0.003  0.003  0.005
02:26:47 860.24   17.4   29.8   1407    1.4    199    7.5    30.2  -0.4   0.81   4.29 3365.4     0.00   0.00    0.0  0.006  0.017  0.004  0.003  0.003  0.005
02:26:48 860.02   17.4   29.7   1409    1.4    199    7.5    30.2  -0.5   0.81   4.28 3366.4     0.00   0.00    0.0  0.006  0.017  0.004  0.003  0.003  0.005
02:26:49 860.38   17.4   29.7   1406    1.4    200    7.5    30.1  -0.5   0.81   4.28 3367.4     0.00   0.00    0.0  0.006  0.017  0.004  0.003  0.003  0.005
02:26:52 860.11   17.3   29.7   1408    1.4    206    7.5    30.1  -0.5   0.81   4.26 3370.4     0.00   0.00    0.0  0.006  0.017  0.004  0.003  0.003  0.005
02:26:53 859.89   17.3   29.8   1410    1.4    202    7.5    30.1  -0.5   0.81   4.26 3371.4     0.00   0.00    0.0  0.006  0.017  0.004  0.003  0.003  0.005
02:26:54 860.06   17.3   29.8   1409    1.4    203    7.5    30.1  -0.5   0.81   4.28 3372.4     0.00   0.00    0.0  0.006  0.017  0.004  0.003  0.003  0.005
02:26:55 859.81   17.3   29.8   1411    1.4    203    7.5    30.1  -0.5   0.81   4.26 3373.4     0.00   0.00    0.0  0.006  0.017  0.004  0.003  0.003  0.005
02:26:56 860.14   17.3   29.8   1408    1.4    201    7.5    30.1  -0.5   0.81   4.27 3374.4     0.00   0.00    0.0  0.006  0.017  0.004  0.003  0.003  0.005
02:26:57 859.70   17.2   29.8   1412    1.4    201    7.5    30.0  -0.6   0.81   4.24 3375.4     0.00   0.00    0.0  0.006  0.017  0.004  0.003  0.003  0.005
02:26:58 859.98   17.2   29.7   1410    1.4    206    7.5    30.0  -0.6   0.81   4.24 3376.4     0.00   0.00    0.0  0.006  0.017  0.004  0.003  0.003  0.005
02:26:59 859.65   17.3   29.7   1413    1.4    208    7.5    30.1  -0.5   0.81   4.26 3377.4     0.00   0.00    0.0  0.006  0.017  0.004  0.003  0.003  0.005
02:27:01 859.75   17.3   29.8   1412    1.4    201    7.5    30.1  -0.5   0.81   4.28 3379.4     0.00   0.00    0.0  0.006  0.017  0.004  0.003  0.003  0.005
02:27:02 859.62   17.3   29.8   1413    1.3    200    7.5    30.1  -0.5   0.81   4.27 3380.4     0.00   0.00    0.0  0.006  0.017  0.004  0.003  0.003  0.005
02:27:04 859.92   17.3   29.7   1410    1.3    195    7.5    30.1  -0.5   0.81   4.26 3382.4     0.00   0.00    0.0  0.006  0.017  0.004  0.003  0.003  0.005
02:27:05 859.50   17.2   29.8   1414    1.3    197    7.5    30.1  -0.5   0.81   4.25 3383.4     0.00   0.00    0.0  0.006  0.017  0.004  0.003  0.003  0.005
02:27:07 859.58   17.2   29.8   1414    1.3    199    7.5    30.1  -0.6   0.81   4.25 3385.4     0.00   0.00    0.0  0.006  0.017  0.004  0.003  0.003  0.005
02:27:08 859.26   17.3   29.8   1417    1.3    200    7.5    30.2  -0.5   0.81   4.28 3386.4     0.00   0.00    0.0  0.006  0.017  0.004  0.003  0.003  0.005
02:27:09 859.33   17.2   29.8   1416    1.2    200    7.5    30.1  -0.5   0.81   4.26 3387.4     0.00   0.00    0.0  0.006  0.017  0.004  0.003  0.003  0.005
02:27:10 859.49   17.3   29.8   1414    1.3    199    7.5    30.1  -0.5   0.81   4.26 3388.4     0.00   0.00    0.0  0.006  0.017  0.004  0.003  0.003  0.005
02:27:11 859.45   17.3   29.8   1415    1.3    198    7.5    30.1  -0.5   0.81   4.27 3389.4     0.00   0.00    0.0  0.006  0.017  0.004  0.003  0.003  0.005
02:27:12 859.35   17.2   29.8   1416    1.3    201    7.5    30.0  -0.6   0.81   4.23 3390.4     0.00   0.00    0.0  0.006  0.017  0.004  0.003  0.003  0.005
02:27:14 859.17   17.3   29.8   1418    1.4    197    7.5    30.1  -0.5   0.81   4.26 3392.4     0.00   0.00    0.0  0.006  0.017  0.004  0.003  0.003  0.005
02:27:15 859.15   17.2   29.8   1418    1.4    196    7.5    30.1  -0.5   0.81   4.26 3393.4     0.00   0.00    0.0  0.006  0.017  0.004  0.003  0.003  0.005
02:27:16 859.21   17.2   29.8   1417    1.3    198    7.5    30.1  -0.5   0.81   4.26 3394.4     0.00   0.00    0.0  0.006  0.017  0.004  0.003  0.003  0.005
02:27:22 859.00   17.2   29.8   1419    1.3    195    7.5    30.1  -0.5   0.81   4.26 3400.4     0.00   0.00    0.0  0.006  0.017  0.004  0.003  0.003  0.005
02:27:23 858.78   17.2   29.8   1422    1.4    196    7.5    30.1  -0.5   0.81   4.26 3401.4     0.00   0.00    0.0  0.006  0.017  0.004  0.003  0.003  0.005
02:27:26 858.53   17.3   29.9   1424    1.3    205    7.5    30.2  -0.5   0.81   4.28 3404.4     0.00   0.00    0.0  0.006  0.017  0.004  0.003  0.003  0.005
02:27:28 858.44   17.2   29.9   1425    1.3    204    7.5    30.2  -0.5   0.81   4.27 3406.4     0.00   0.00    0.0  0.006  0.017  0.004  0.003  0.003  0.005
02:27:29 858.54   17.2   29.9   1424    1.3    202    7.5    30.1  -0.6   0.81   4.26 3407.4     0.00   0.00    0.0  0.006  0.017  0.004  0.003  0.003  0.005
02:27:30 858.63   17.2   29.9   1423    1.3    200    7.5    30.1  -0.5   0.81   4.26 3408.4     0.00   0.00    0.0  0.006  0.017  0.004  0.003  0.003  0.005
02:27:31 858.56   17.2   29.9   1424    1.3    200    7.5    30.1  -0.5   0.81   4.27 3409.4     0.00   0.00    0.0  0.006  0.017  0.004  0.003  0.003  0.005
02:27:32 858.60   17.1   29.9   1423    1.3    196    7.5    30.1  -0.6   0.81   4.25 3410.4     0.00   0.00    0.0  0.006  0.017  0.004  0.003  0.003  0.005
02:27:34 858.59   17.2   29.9   1423    1.2    193    7.5    30.1  -0.6   0.81   4.26 3412.4     0.00   0.00    0.0  0.006  0.017  0.004  0.003  0.003  0.005
02:27:37 858.27   17.1   29.9   1427    1.3    199    7.5    30.1  -0.6   0.81   4.24 3415.4     0.00   0.00    0.0  0.006  0.017  0.004  0.003  0.003  0.005
02:27:38 858.23   17.1   29.9   1427    1.3    201    7.5    30.1  -0.6   0.81   4.24 3416.4     0.00   0.00    0.0  0.006  0.017  0.004  0.003  0.003  0.005
02:27:39 858.08   17.1   29.9   1428    1.3    196    7.5    30.1  -0.6   0.81   4.26 3417.4     0.00   0.00    0.0  0.006  0.017  0.004  0.003  0.003  0.005
02:27:40 858.33   17.1   30.0   1426    1.3    191    7.5    30.1  -0.6   0.81   4.25 3418.4     0.00   0.00    0.0  0.006  0.017  0.004  0.003  0.003  0.005
02:27:42 858.28   17.1   29.9   1426    1.4    191    7.5    30.1  -0.6   0.81   4.24 3420.4     0.00   0.00    0.0  0.006  0.017  0.004  0.003  0.003  0.005
02:27:44 858.00   17.1   30.0   1429    1.4    189    7.5    30.1  -0.6   0.81   4.25 3422.4     0.00   0.00    0.0  0.006  0.017  0.004  0.003  0.003  0.005
02:27:45 858.18   17.1   30.0   1427    1.4    190    7.5    30.0  -0.6   0.81   4.23 3423.4     0.00   0.00    0.0  0.006  0.017  0.004  0.003  0.003  0.005
02:27:47 857.85   17.0   30.0   1431    1.4    202    7.5    30.0  -0.6   0.81   4.23 3425.4     0.00   0.00    0.0  0.006  0.017  0.004  0.003  0.003  0.005
02:27:48 857.85   17.1   30.0   1431    1.4    201    7.5    30.1  -0.6   0.81   4.26 3426.4     0.00   0.00    0.0  0.006  0.017  0.004  0.003  0.003  0.005
02:27:50 857.55   17.1   30.1   1434    1.3    204    7.5    30.2  -0.5   0.81   4.28 3428.4     0.00   0.00    0.0  0.006  0.017  0.004  0.003  0.003  0.005
02:27:51 857.79   17.1   30.0   1431    1.4    206    7.5    30.2  -0.5   0.81   4.27 3429.4     0.00   0.00    0.0  0.006  0.017  0.004  0.003  0.003  0.005
02:27:52 857.57   17.1   30.0   1434    1.3    206    7.5    30.1  -0.6   0.81   4.26 3430.4     0.00   0.00    0.0  0.006  0.017  0.004  0.003  0.003  0.005
02:27:53 857.65   17.1   30.1   1433    1.4    207    7.5    30.1  -0.6   0.81   4.26 3431.4     0.00   0.00    0.0  0.006  0.017  0.004  0.003  0.003  0.005
02:27:54 857.76   17.1   30.1   1432    1.3    204    7.5    30.1  -0.6   0.81   4.26 3432.4     0.00   0.00    0.0  0.006  0.017  0.004  0.003  0.003  0.005
02:27:56 857.52   17.1   30.0   1434    1.3    199    7.5    30.1  -0.5   0.81   4.27 3434.4     0.00   0.00    0.0  0.006  0.017  0.004  0.003  0.003  0.005
02:27:57 857.61   17.1   30.1   1433    1.3    202    7.5    30.1  -0.6   0.81   4.26 3435.4     0.00   0.00    0.0  0.006  0.017  0.004  0.003  0.003  0.005
02:27:58 857.35   17.1   30.1   1436    1.3    204    7.5    30.1  -0.6   0.81   4.26 3436.4     0.00   0.00    0.0  0.006  0.017  0.004  0.003  0.003  0.005
02:27:59 857.20   17.1   30.0   1437    1.2    205    7.5    30.1  -0.6   0.81   4.25 3437.4     0.00   0.00    0.0  0.006  0.017  0.004  0.003  0.003  0.005
02:28:00 857.39   17.1   30.1   1435    1.3    204    7.5    30.1  -0.6   0.81   4.26 3438.4     0.00   0.00    0.0  0.006  0.017  0.004  0.003  0.003  0.005
02:28:02 857.48   17.1   30.1   1434    1.2    200    7.5    30.1  -0.6   0.81   4.26 3440.4     0.00   0.00    0.0  0.006  0.017  0.004  0.003  0.003  0.005
02:28:04 857.12   17.1   30.1   1438    1.3    199    7.5    30.2  -0.6   0.81   4.26 3442.4     0.00   0.00    0.0  0.006  0.016  0.004  0.003  0.003  0.005
02:28:06 857.47   17.1   30.1   1434    1.3    196    7.5    30.1  -0.5   0.81   4.27 3444.4     0.00   0.00    0.0  0.006  0.017  0.004  0.003  0.003  0.005
02:28:07 857.33   17.1   30.1   1436    1.2    196    7.5    30.1  -0.5   0.81   4.27 3445.4     0.00   0.00    0.0  0.006  0.016  0.004  0.003  0.003  0.005
02:28:08 856.99   17.0   30.1   1439    1.3    196    7.5    30.1  -0.6   0.81   4.25 3446.4     0.00   0.00    0.0  0.006  0.017  0.004  0.003  0.003  0.005
02:28:09 857.03   17.1   30.1   1439    1.3    196    7.5    30.2  -0.5   0.81   4.27 3447.4     0.00   0.00    0.0  0.006  0.017  0.004  0.003  0.003  0.005
02:28:10 856.98   17.0   30.1   1439    1.3    198    7.5    30.1  -0.6   0.81   4.26 3448.4     0.00   0.00    0.0  0.006  0.017  0.004  0.003  0.003  0.005
02:28:11 857.00   17.0   30.1   1439    1.3    200    7.5    30.1  -0.6   0.81   4.26 3449.4     0.00   0.00    0.0  0.006  0.016  0.004  0.003  0.003  0.005
02:28:15 856.94   16.9   30.2   1440    1.3    192    7.5    30.0  -0.6   0.81   4.24 3453.4     0.00   0.00    0.0  0.006  0.016  0.004  0.003  0.003  0.005
02:28:16 856.85   17.0   30.2   1441    1.2    188    7.5    30.1  -0.6   0.81   4.26 3454.4     0.00   0.00    0.0  0.006  0.016  0.004  0.003  0.003  0.005
02:28:17 856.88   17.0   30.2   1440    1.3    188    7.5    30.1  -0.6   0.81   4.26 3455.4     0.00   0.00    0.0  0.006  0.016  0.004  0.003  0.003  0.005
02:28:18 856.72   17.0   30.2   1442    1.4    190    7.5    30.1  -0.6   0.81   4.25 3456.4     0.00   0.00    0.0  0.006  0.016  0.004  0.003  0.003  0.005
02:28:20 856.80   17.0   30.2   1441    1.4    194    7.5    30.1  -0.6   0.81   4.25 3458.4     0.00   0.00    0.0  0.006  0.016  0.004  0.003  0.003  0.005
02:28:21 856.90   17.0   30.2   1440    1.4    197    7.5    30.1  -0.6   0.81   4.25 3459.3     0.00   0.00    0.0  0.006  0.016  0.004  0.003  0.003  0.005
02:28:23 856.47   17.0   30.2   1444    1.4    196    7.5    30.1  -0.6   0.81   4.26 3461.3     0.00   0.00    0.0  0.006  0.016  0.004  0.003  0.003  0.005
02:28:24 856.49   16.9   30.2   1444    1.4    198    7.5    30.1  -0.6   0.81   4.24 3462.3     0.00   0.00    0.0  0.006  0.016  0.004  0.003  0.003  0.005
02:28:25 856.51   17.0   30.2   1444    1.4    197    7.5    30.1  -0.5   0.81   4.27 3463.3     0.00   0.00    0.0  0.006  0.016  0.004  0.003  0.003  0.005
02:28:26 856.38   17.0   30.2   1445    1.4    193    7.5    30.1  -0.6   0.81   4.25 3464.3     0.00   0.00    0.0  0.006  0.016  0.004  0.003  0.003  0.005
02:28:27 856.39   17.0   30.2   1445    1.3    192    7.5    30.1  -0.6   0.81   4.25 3465.3     0.00   0.00    0.0  0.006  0.016  0.004  0.003  0.003  0.005
02:28:28 856.34   16.9   30.2   1446    1.3    191    7.5    30.1  -0.6   0.81   4.25 3466.3     0.00   0.00    0.0  0.006  0.016  0.004  0.003  0.003  0.005
02:28:29 856.55   17.0   30.3   1444    1.3    191    7.5    30.1  -0.6   0.81   4.27 3467.3     0.00   0.00    0.0  0.006  0.016  0.004  0.003  0.003  0.005
02:28:30 856.45   17.0   30.2   1445    1.2    193    7.5    30.1  -0.6   0.81   4.24 3468.3     0.00   0.00    0.0  0.006  0.016  0.004  0.003  0.003  0.005
02:28:31 856.46   17.0   30.2   1445    1.2    196    7.5    30.1  -0.6   0.81   4.25 3469.3     0.00   0.00    0.0  0.006  0.016  0.004  0.003  0.003  0.005
02:28:32 856.41   17.0   30.2   1445    1.2    198    7.5    30.1  -0.6   0.81   4.26 3470.3     0.00   0.00    0.0  0.006  0.016  0.004  0.003  0.003  0.005
02:28:35 856.23   16.8   30.2   1447    1.2    202    7.5    30.0  -0.7   0.81   4.22 3473.3     0.00   0.00    0.0  0.006  0.016  0.004  0.003  0.003  0.005
02:28:36 856.05   17.0   30.3   1449    1.2    202    7.5    30.1  -0.6   0.81   4.26 3474.3     0.00   0.00    0.0  0.006  0.016  0.004  0.003  0.003  0.005
02:28:38 856.04   16.9   30.3   1449    1.1    200    7.5    30.1  -0.6   0.81   4.26 3476.3     0.00   0.00    0.0  0.006  0.016  0.004  0.003  0.003  0.005
02:28:39 856.02   16.9   30.3   1449    1.2    199    7.5    30.1  -0.6   0.81   4.24 3477.3     0.00   0.00    0.0  0.006  0.016  0.004  0.003  0.003  0.005
02:28:41 855.90   16.9   30.3   1450    1.2    200    7.5    30.1  -0.6   0.81   4.25 3479.3     0.00   0.00    0.0  0.006  0.016  0.004  0.003  0.003  0.005
02:28:43 855.77   16.9   30.3   1451    1.2    196    7.5    30.1  -0.6   0.81   4.26 3481.3     0.00   0.00    0.0  0.006  0.016  0.004  0.003  0.003  0.005
02:28:44 855.62   16.9   30.3   1453    1.2    194    7.5    30.1  -0.6   0.81   4.25 3482.3     0.00   0.00    0.0  0.006  0.016  0.004  0.003  0.003  0.005
02:28:45 855.70   17.0   30.3   1452    1.2    193    7.5    30.2  -0.6   0.81   4.27 3483.3     0.00   0.00    0.0  0.006  0.016  0.004  0.003  0.003  0.005
02:28:46 855.67   16.9   30.3   1452    1.2    193    7.5    30.1  -0.6   0.81   4.25 3484.3     0.00   0.00    0.0  0.006  0.016  0.004  0.003  0.003  0.005
02:28:47 855.76   16.9   30.4   1452    1.2    193    7.5    30.1  -0.6   0.81   4.25 3485.3     0.00   0.00    0.0  0.006  0.016  0.004  0.003  0.003  0.005
02:28:48 855.54   16.9   30.3   1454    1.2    192    7.5    30.1  -0.6   0.81   4.26 3486.3     0.00   0.00    0.0  0.006  0.016  0.004  0.003  0.003  0.005
02:28:49 855.42   16.9   30.3   1455    1.2    190    7.5    30.1  -0.6   0.81   4.26 3487.3     0.00   0.00    0.0  0.006  0.016  0.004  0.003  0.003  0.005
02:28:51 855.18   16.8   30.4   1457    1.2    194    7.5    30.1  -0.6   0.81   4.24 3489.3     0.00   0.00    0.0  0.006  0.016  0.004  0.003  0.003  0.005
02:28:52 855.32   16.9   30.4   1456    1.2    195    7.5    30.1  -0.6   0.81   4.25 3490.3     0.00   0.00    0.0  0.006  0.016  0.004  0.003  0.003  0.005
02:28:53 855.32   16.9   30.3   1456    1.2    195    7.5    30.1  -0.6   0.81   4.25 3491.3     0.00   0.00    0.0  0.006  0.016  0.004  0.003  0.003  0.005
02:28:54 855.30   16.8   30.4   1456    1.2    194    7.5    30.1  -0.6   0.81   4.25 3492.3     0.00   0.00    0.0  0.006  0.016  0.004  0.003  0.003  0.005
02:28:55 855.24   16.9   30.4   1457    1.2    194    7.5    30.1  -0.6   0.81   4.26 3493.3     0.00   0.00    0.0  0.006  0.016  0.004  0.003  0.003  0.005
02:28:56 855.32   16.8   30.4   1456    1.2    196    7.5    30.1  -0.6   0.81   4.25 3494.3     0.00   0.00    0.0  0.006  0.016  0.004  0.003  0.003  0.005
02:28:57 855.35   16.9   30.4   1456    1.2    198    7.5    30.1  -0.6   0.81   4.26 3495.3     0.00   0.00    0.0  0.006  0.016  0.004  0.003  0.003  0.005
02:29:00 855.19   16.8   30.4   1457    1.2    199    7.5    30.1  -0.7   0.81   4.24 3498.3     0.00   0.00    0.0  0.006  0.016  0.004  0.003  0.003  0.005
02:29:01 855.02   16.9   30.4   1459    1.2    202    7.5    30.1  -0.6   0.81   4.26 3499.3     0.00   0.00    0.0  0.006  0.016  0.004  0.003  0.003  0.005
02:29:02 854.87   16.9   30.4   1460    1.2    203    7.5    30.1  -0.6   0.81   4.26 3500.3     0.00   0.00    0.0  0.006  0.016  0.004  0.003  0.003  0.005
02:29:05 854.90   16.8   30.5   1460    1.2    193    7.5    30.1  -0.6   0.81   4.26 3503.3     0.00   0.00    0.0  0.006  0.016  0.004  0.003  0.003  0.005
02:29:06 854.84   16.8   30.6   1461    1.2    191    7.5    30.1  -0.5   0.81   4.28 3504.3     0.00   0.00    0.0  0.006  0.016  0.004  0.003  0.003  0.005
02:29:09 854.90   16.8   30.5   1460    1.3    196    7.5    30.1  -0.6   0.81   4.26 3507.3     0.00   0.00    0.0  0.006  0.016  0.004  0.003  0.003  0.005
02:29:10 854.68   16.8   30.5   1462    1.3    194    7.5    30.1  -0.6   0.81   4.27 3508.3     0.00   0.00    0.0  0.006  0.016  0.004  0.003  0.003  0.005
02:29:11 854.78   16.8   30.6   1461    1.3    192    7.5    30.1  -0.6   0.81   4.26 3509.3     0.00   0.00    0.0  0.006  0.016  0.004  0.003  0.003  0.005
02:29:12 854.64   16.8   30.5   1463    1.3    192    7.5    30.1  -0.6   0.81   4.25 3510.3     0.00   0.00    0.0  0.006  0.016  0.004  0.003  0.003  0.005
02:29:13 854.52   16.8   30.6   1464    1.4    191    7.5    30.1  -0.6   0.81   4.27 3511.3     0.00   0.00    0.0  0.006  0.016  0.004  0.003  0.003  0.005
02:29:14 854.61   16.8   30.6   1463    1.4    191    7.5    30.1  -0.6   0.81   4.27 3512.3     0.00   0.00    0.0  0.006  0.016  0.004  0.003  0.003  0.005
02:29:16 854.56   16.7   30.5   1463    1.3    196    7.5    30.0  -0.7   0.81   4.24 3514.3     0.00   0.00    0.0  0.006  0.016  0.004  0.003  0.003  0.005
02:29:17 854.45   16.7   30.6   1465    1.3    199    7.5    30.1  -0.6   0.81   4.25 3515.3     0.00   0.00    0.0  0.006  0.016  0.004  0.003  0.003  0.005
02:29:21 854.04   16.7   30.7   1469    1.4    200    7.5    30.0  -0.7   0.81   4.24 3519.3     0.00   0.00    0.0  0.006  0.016  0.004  0.003  0.003  0.005
02:29:22 854.03   16.8   30.6   1469    1.4    202    7.5    30.1  -0.6   0.81   4.27 3520.3     0.00   0.00    0.0  0.006  0.016  0.004  0.003  0.003  0.005
02:29:24 854.13   16.7   30.7   1468    1.3    203    7.5    30.1  -0.6   0.81   4.27 3522.3     0.00   0.00    0.0  0.006  0.016  0.004  0.003  0.003  0.005
02:29:26 854.03   16.7   30.6   1469    1.3    211    7.5    30.0  -0.7   0.81   4.24 3524.3     0.00   0.00    0.0  0.006  0.016  0.004  0.003  0.003  0.005
02:29:28 853.80   16.7   30.7   1471    1.2    209    7.5    30.1  -0.6   0.81   4.27 3526.3     0.00   0.00    0.0  0.006  0.016  0.004  0.003  0.003  0.005
02:29:29 853.91   16.7   30.7   1470    1.2    211    7.5    30.1  -0.6   0.81   4.27 3527.3     0.00   0.00    0.0  0.006  0.016  0.004  0.003  0.003  0.005
02:29:30 853.96   16.7   30.7   1469    1.2    213    7.5    30.1  -0.6   0.81   4.25 3528.3     0.00   0.00    0.0  0.006  0.016  0.004  0.003  0.003  0.005
02:29:31 853.96   16.6   30.7   1469    1.2    216    7.5    30.0  -0.7   0.81   4.23 3529.3     0.00   0.00    0.0  0.006  0.016  0.004  0.003  0.003  0.005
02:29:32 853.79   16.7   30.7   1471    1.2    220    7.5    30.1  -0.7   0.81   4.25 3530.3     0.00   0.00    0.0  0.006  0.016  0.004  0.003  0.003  0.005
02:29:34 853.70   16.7   30.7   1472    1.2    214    7.5    30.1  -0.6   0.81   4.27 3532.3     0.00   0.00    0.0  0.006  0.016  0.004  0.003  0.003  0.005
02:29:36 853.45   16.7   30.7   1474    1.3    202    7.5    30.1  -0.6   0.81   4.26 3534.3     0.00   0.00    0.0  0.006  0.016  0.004  0.003  0.003  0.005
02:29:37 853.65   16.7   30.8   1473    1.4    199    7.5    30.1  -0.6   0.81   4.27 3535.3     0.00   0.00    0.0  0.006  0.016  0.004  0.003  0.003  0.005
02:29:38 853.63   16.7   30.8   1473    1.3    197    7.5    30.1  -0.6   0.81   4.27 3536.3     0.00   0.00    0.0  0.006  0.016  0.004  0.003  0.003  0.005
02:29:40 853.40   16.7   30.8   1475    1.3    198    7.5    30.2  -0.5   0.81   4.29 3538.3     0.00   0.00    0.0  0.006  0.016  0.004  0.003  0.003  0.005
02:29:41 853.30   16.7   30.8   1476    1.3    200    7.5    30.2  -0.5   0.81   4.29 3539.3     0.00   0.00    0.0  0.006  0.016  0.004  0.003  0.003  0.005
02:29:42 853.40   16.7   30.8   1475    1.3    200    7.5    30.1  -0.6   0.81   4.26 3540.3     0.00   0.00    0.0  0.006  0.016  0.004  0.003  0.003  0.005
02:29:43 853.67   16.7   30.7   1472    1.3    202    7.5    30.1  -0.6   0.81   4.26 3541.3     0.00   0.00    0.0  0.006  0.016  0.004  0.003  0.003  0.005
02:29:44 853.25   16.6   30.8   1476    1.2    204    7.5    30.1  -0.6   0.81   4.26 3542.3     0.00   0.00    0.0  0.006  0.016  0.004  0.003  0.003  0.005
02:29:45 853.32   16.7   30.7   1476    1.2    206    7.5    30.1  -0.6   0.81   4.26 3543.3     0.00   0.00    0.0  0.006  0.016  0.004  0.003  0.003  0.005
02:29:46 853.27   16.6   30.8   1476    1.2    207    7.5    30.1  -0.6   0.81   4.26 3544.3     0.00   0.00    0.0  0.006  0.016  0.004  0.003  0.003  0.005
02:29:47 853.40   16.7   30.7   1475    1.3    207    7.5    30.1  -0.6   0.81   4.26 3545.3     0.00   0.00    0.0  0.006  0.016  0.004  0.003  0.003  0.005
02:29:48 853.31   16.6   30.8   1476    1.3    206    7.5    30.0  -0.7   0.81   4.25 3546.3     0.00   0.00    0.0  0.006  0.016  0.004  0.003  0.003  0.005
02:29:49 853.28   16.7   30.8   1476    1.3    203    7.5    30.1  -0.6   0.81   4.27 3547.3     0.00   0.00    0.0  0.006  0.016  0.004  0.003  0.003  0.005
02:29:52 852.94   16.6   30.9   1480    1.4    200    7.5    30.1  -0.6   0.81   4.27 3550.3     0.00   0.00    0.0  0.006  0.016  0.004  0.003  0.003  0.005
02:29:53 853.05   16.6   30.8   1479    1.4    202    7.5    30.1  -0.6   0.81   4.27 3551.3     0.00   0.00    0.0  0.006  0.016  0.004  0.003  0.003  0.005
02:29:54 852.84   16.7   30.9   1481    1.3    202    7.5    30.1  -0.6   0.81   4.28 3552.3     0.00   0.00    0.0  0.006  0.016  0.004  0.003  0.003  0.005
02:29:55 852.95   16.6   30.9   1480    1.3    203    7.5    30.1  -0.6   0.81   4.27 3553.3     0.00   0.00    0.0  0.006  0.016  0.004  0.003  0.003  0.005
02:29:59 852.77   16.7   30.9   1481    1.3    211    7.5    30.1  -0.6   0.81   4.28 3557.3     0.00   0.00    0.0  0.006  0.016  0.004  0.003  0.003  0.005
02:30:00 852.84   16.6   30.9   1481    1.2    213    7.5    30.1  -0.6   0.81   4.26 3558.3     0.00   0.00    0.0  0.006  0.016  0.004  0.003  0.003  0.005
02:30:02 852.76   16.6   30.8   1481    1.2    212    7.5    30.1  -0.6   0.81   4.26 3560.2     0.00   0.00    0.0  0.006  0.016  0.004  0.003  0.003  0.005
02:30:03 852.88   16.7   30.8   1480    1.2    211    7.5    30.1  -0.6   0.81   4.27 3561.2     0.00   0.00    0.0  0.006  0.016  0.004  0.003  0.003  0.005
02:30:04 852.52   16.6   30.9   1484    1.2    210    7.5    30.1  -0.6   0.81   4.28 3562.2     0.00   0.00    0.0  0.006  0.016  0.004  0.003  0.003  0.005
02:30:07 852.32   16.6   30.9   1486    1.2    204    7.5    30.1  -0.6   0.81   4.28 3565.2     0.00   0.00    0.0  0.006  0.016  0.004  0.003  0.003  0.005
02:30:08 852.53   16.6   30.9   1484    1.2    206    7.5    30.1  -0.6   0.81   4.27 3566.2     0.00   0.00    0.0  0.006  0.016  0.004  0.003  0.003  0.005
02:30:09 852.42   16.6   31.0   1485    1.2    207    7.5    30.1  -0.6   0.81   4.27 3567.2     0.00   0.00    0.0  0.006  0.016  0.004  0.003  0.003  0.005
02:30:10 852.41   16.6   31.0   1485    1.2    208    7.5    30.1  -0.6   0.81   4.28 3568.2     0.00   0.00    0.0  0.006  0.016  0.004  0.003  0.003  0.005
02:30:11 852.38   16.6   30.9   1485    1.2    209    7.5    30.2  -0.6   0.81   4.28 3569.2     0.00   0.00    0.0  0.006  0.016  0.004  0.003  0.003  0.005
02:30:12 852.36   16.6   30.9   1485    1.3    208    7.5    30.1  -0.6   0.81   4.26 3570.2     0.00   0.00    0.0  0.006  0.016  0.004  0.003  0.003  0.005
02:30:17 852.02   16.5   31.0   1489    1.2    206    7.5    30.0  -0.7   0.81   4.24 3575.2     0.00   0.00    0.0  0.006  0.016  0.004  0.003  0.003  0.005
02:30:18 852.12   16.5   31.0   1488    1.2    202    7.5    30.1  -0.6   0.81   4.26 3576.2     0.00   0.00    0.0  0.006  0.016  0.004  0.003  0.003  0.005
02:30:19 851.99   16.5   31.0   1489    1.3    201    7.5    30.0  -0.7   0.81   4.24 3577.2     0.00   0.00    0.0  0.006  0.016  0.004  0.003  0.003  0.005
02:30:20 852.05   16.5   31.0   1488    1.3    205    7.5    30.1  -0.6   0.81   4.26 3578.2     0.00   0.00    0.0  0.006  0.016  0.004  0.003  0.003  0.005
02:30:21 851.89   16.6   31.0   1490    1.4    207    7.5    30.1  -0.6   0.81   4.28 3579.2     0.00   0.00    0.0  0.006  0.016  0.004  0.003  0.003  0.005
02:30:23 851.85   16.5   31.0   1490    1.4    208    7.5    30.1  -0.6   0.81   4.26 3581.2     0.00   0.00    0.0  0.006  0.016  0.004  0.003  0.003  0.005
02:30:24 851.82   16.5   31.0   1491    1.4    208    7.5    30.1  -0.7   0.81   4.26 3582.2     0.00   0.00    0.0  0.006  0.016  0.004  0.003  0.003  0.005
02:30:25 851.77   16.5   31.0   1491    1.5    210    7.5    30.1  -0.6   0.81   4.26 3583.2     0.00   0.00    0.0  0.006  0.016  0.004  0.003  0.003  0.005
02:30:26 851.83   16.5   31.0   1491    1.4    210    7.5    30.1  -0.6   0.81   4.26 3584.2     0.00   0.00    0.0  0.006  0.015  0.004  0.003  0.003  0.005
02:30:27 851.71   16.6   31.0   1492    1.4    208    7.5    30.2  -0.6   0.81   4.28 3585.2     0.00   0.00    0.0  0.006  0.015  0.004  0.003  0.003  0.005
02:30:28 851.74   16.5   31.1   1492    1.4    207    7.5    30.1  -0.6   0.81   4.26 3586.2     0.00   0.00    0.0  0.006  0.016  0.004  0.003  0.003  0.005
02:30:30 851.76   16.5   31.1   1491    1.4    208    7.5    30.1  -0.6   0.81   4.26 3588.2     0.00   0.00    0.0  0.006  0.016  0.004  0.003  0.003  0.005
02:30:32 851.44   16.5   31.1   1495    1.3    208    7.5    30.1  -0.6   0.81   4.28 3590.2     0.00   0.00    0.0  0.006  0.015  0.004  0.003  0.003  0.005
02:30:33 851.45   16.5   31.1   1494    1.3    204    7.5    30.1  -0.6   0.81   4.27 3591.2     0.00   0.00    0.0  0.006  0.015  0.004  0.003  0.003  0.005
02:30:36 851.26   16.5   31.1   1496    1.2    201    7.5    30.1  -0.6   0.81   4.28 3594.2     0.00   0.00    0.0  0.006  0.015  0.004  0.003  0.003  0.005
02:30:37 851.08   16.4   31.1   1498    1.2    204    7.5    30.1  -0.6   0.81   4.26 3595.2     0.00   0.00    0.0  0.006  0.015  0.004  0.003  0.003  0.005
02:30:38 851.21   16.4   31.1   1497    1.2    203    7.5    30.1  -0.6   0.81   4.26 3596.2     0.00   0.00    0.0  0.006  0.015  0.004  0.003  0.003  0.005
02:30:39 850.96   16.5   31.1   1499    1.2    204    7.5    30.2  -0.6   0.81   4.28 3597.2     0.00   0.00    0.0  0.006  0.015  0.004  0.003  0.003  0.005
02:30:40 851.33   16.5   31.1   1496    1.3    208    7.5    30.1  -0.6   0.81   4.27 3598.2     0.00   0.00    0.0  0.006  0.015  0.004  0.003  0.003  0.005
02:30:42 851.29   16.4   31.1   1496    1.2    211    7.5    30.0  -0.7   0.81   4.24 3600.2     0.00   0.00    0.0  0.006  0.015  0.004  0.003  0.003  0.005
02:30:43 851.26   16.4   31.2   1496    1.2    209    7.5    30.0  -0.7   0.81   4.25 3601.2     0.00   0.00    0.0  0.006  0.015  0.004  0.003  0.003  0.005
02:30:45 851.13   16.4   31.2   1498    1.2    210    7.5    30.1  -0.7   0.81   4.26 3603.2     0.00   0.00    0.0  0.006  0.015  0.004  0.003  0.003  0.005
02:30:47 850.98   16.4   31.2   1499    1.2    210    7.5    30.1  -0.7   0.81   4.26 3605.2     0.00   0.00    0.0  0.006  0.015  0.004  0.003  0.003  0.005
02:30:48 850.68   16.4   31.2   1502    1.2    209    7.5    30.1  -0.6   0.81   4.28 3606.2     0.00   0.00    0.0  0.006  0.015  0.004  0.003  0.003  0.005
02:30:50 850.95   16.4   31.2   1499    1.2    204    7.5    30.0  -0.7   0.81   4.26 3608.2     0.00   0.00    0.0  0.006  0.015  0.004  0.003  0.003  0.005
02:30:52 850.69   16.3   31.2   1502    1.2    204    7.5    30.0  -0.7   0.81   4.25 3610.2     0.00   0.00    0.0  0.006  0.015  0.004  0.003  0.003  0.005
02:30:53 850.46   16.4   31.2   1504    1.1    206    7.5    30.1  -0.6   0.81   4.27 3611.2     0.00   0.00    0.0  0.006  0.015  0.004  0.003  0.003  0.005
02:30:56 850.67   16.4   31.2   1502    1.1    206    7.5    30.0  -0.7   0.81   4.25 3614.2     0.00   0.00    0.0  0.006  0.015  0.004  0.003  0.003  0.005
02:30:58 850.64   16.3   31.3   1503    1.1    206    7.5    30.0  -0.7   0.81   4.25 3616.2     0.00   0.00    0.0  0.006  0.015  0.004  0.003  0.003  0.005
02:30:59 850.09   16.4   31.4   1508    1.0    207    7.5    30.1  -0.6   0.81   4.28 3617.2     0.00   0.00    0.0  0.006  0.015  0.004  0.003  0.003  0.005
02:31:00 850.42   16.4   31.3   1505    1.1    207    7.5    30.1  -0.6   0.81   4.27 3618.2     0.00   0.00    0.0  0.006  0.015  0.004  0.003  0.003  0.005
02:31:01 850.31   16.3   31.3   1506    1.1    207    7.5    30.1  -0.7   0.81   4.25 3619.2     0.00   0.00    0.0  0.006  0.015  0.004  0.003  0.003  0.005
02:31:02 850.18   16.3   31.4   1507    1.0    204    7.5    30.1  -0.7   0.81   4.26 3620.2     0.00   0.00    0.0  0.006  0.015  0.004  0.003  0.003  0.005
02:31:03 850.12   16.3   31.4   1508    1.1    202    7.5    30.0  -0.7   0.81   4.25 3621.2     0.00   0.00    0.0  0.006  0.015  0.004  0.003  0.003  0.005
02:31:04 850.13   16.4   31.4   1508    1.0    201    7.5    30.2  -0.6   0.81   4.30 3622.2     0.00   0.00    0.0  0.006  0.015  0.004  0.003  0.003  0.005
02:31:06 849.99   16.3   31.4   1509    1.1    200    7.5    30.1  -0.7   0.81   4.26 3624.2     0.00   0.00    0.0  0.006  0.015  0.004  0.003  0.003  0.005
02:31:07 850.16   16.3   31.4   1507    1.1    200    7.5    30.1  -0.6   0.81   4.27 3625.2     0.00   0.00    0.0  0.006  0.015  0.004  0.003  0.003  0.005
02:31:09 850.08   16.3   31.4   1508    1.2    200    7.5    30.1  -0.6   0.81   4.27 3627.2     0.00   0.00    0.0  0.006  0.015  0.004  0.003  0.003  0.005
02:31:10 849.87   16.3   31.4   1510    1.2    198    7.5    30.1  -0.6   0.81   4.27 3628.2     0.00   0.00    0.0  0.006  0.015  0.004  0.003  0.003  0.005
02:31:11 849.77   16.3   31.4   1511    1.2    198    7.3    30.1  -0.6   0.81   4.27 3629.2     0.00   0.00    0.0  0.006  0.015  0.004  0.003  0.003  0.005
02:31:12 849.62   16.3   31.4   1513    1.2    198    7.5    30.1  -0.6   0.81   4.28 3630.2     0.00   0.00    0.0  0.006  0.015  0.004  0.003  0.003  0.005
02:31:14 849.86   16.3   31.4   1510    1.2    196    7.3    30.1  -0.6   0.81   4.27 3632.2     0.00   0.00    0.0  0.006  0.015  0.004  0.003  0.003  0.005
02:31:16 849.84   16.3   31.4   1511    1.2    195    7.5    30.1  -0.6   0.81   4.27 3634.2     0.00   0.00    0.0  0.006  0.015  0.004  0.003  0.003  0.005
02:31:18 849.69   16.3   31.4   1512    1.2    198    7.3    30.1  -0.6   0.81   4.27 3636.2     0.00   0.00    0.0  0.006  0.015  0.004  0.003  0.003  0.005
02:31:20 849.49   16.3   31.5   1514    1.2    197    7.3    30.1  -0.7   0.81   4.27 3638.2     0.00   0.00    0.0  0.006  0.015  0.004  0.003  0.003  0.005
02:31:22 849.39   16.3   31.6   1515    1.3    196    7.3    30.1  -0.6   0.81   4.29 3640.2     0.00   0.00    0.0  0.006  0.015  0.004  0.003  0.003  0.005
02:31:23 849.24   16.2   31.6   1516    1.2    195    7.3    30.1  -0.6   0.81   4.28 3641.2     0.00   0.00    0.0  0.006  0.015  0.004  0.003  0.003  0.005
02:31:24 849.37   16.3   31.6   1515    1.3    193    7.3    30.1  -0.6   0.81   4.28 3642.2     0.00   0.00    0.0  0.006  0.015  0.004  0.003  0.003  0.005
02:31:26 849.36   16.3   31.5   1515    1.3    190    7.3    30.1  -0.6   0.81   4.27 3644.2     0.00   0.00    0.0  0.006  0.015  0.004  0.003  0.003  0.005
02:31:28 849.13   16.3   31.6   1518    1.3    192    7.3    30.1  -0.6   0.81   4.29 3646.2     0.00   0.00    0.0  0.006  0.015  0.004  0.003  0.003  0.005
02:31:31 849.39   16.3   31.6   1515    1.4    189    7.3    30.1  -0.6   0.81   4.28 3649.2     0.00   0.00    0.0  0.006  0.015  0.004  0.003  0.003  0.005
02:31:32 849.21   16.3   31.6   1517    1.4    190    7.3    30.1  -0.6   0.81   4.29 3650.2     0.00   0.00    0.0  0.006  0.015  0.004  0.003  0.003  0.005
02:31:35 849.03   16.2   31.7   1519    1.4    189    7.3    30.0  -0.6   0.81   4.27 3653.2     0.00   0.00    0.0  0.006  0.015  0.004  0.003  0.003  0.005
02:31:36 849.07   16.2   31.6   1518    1.4    186    7.3    30.0  -0.7   0.81   4.27 3654.2     0.00   0.00    0.0  0.006  0.015  0.004  0.003  0.003  0.005
02:31:38 848.81   16.2   31.7   1521    1.4    190    7.3    30.1  -0.6   0.81   4.28 3656.2     0.00   0.00    0.0  0.006  0.015  0.004  0.003  0.003  0.005
02:31:39 848.76   16.2   31.7   1521    1.4    190    7.3    30.0  -0.6   0.81   4.27 3657.2     0.00   0.00    0.0  0.006  0.015  0.004  0.003  0.003  0.005
02:31:42 848.72   16.2   31.8   1522    1.4    183    7.3    30.0  -0.6   0.81   4.29 3660.1     0.00   0.00    0.0  0.006  0.015  0.004  0.003  0.003  0.005
02:31:45 848.75   16.2   31.7   1521    1.2    187    7.3    30.0  -0.6   0.81   4.28 3663.1     0.00   0.00    0.0  0.006  0.015  0.004  0.003  0.003  0.005
02:31:46 848.78   16.2   31.7   1521    1.2    200    7.3    30.0  -0.6   0.81   4.27 3664.1     0.00   0.00    0.0  0.006  0.015  0.004  0.003  0.003  0.005
02:31:48 848.60   16.1   31.8   1523    1.1    205    7.3    30.0  -0.6   0.81   4.28 3666.1     0.00   0.00    0.0  0.006  0.015  0.004  0.003  0.003  0.005
02:31:49 848.67   16.1   31.8   1522    1.1    189    7.3    30.0  -0.6   0.81   4.28 3667.1     0.00   0.00    0.0  0.006  0.015  0.004  0.003  0.003  0.004
02:31:50 848.61   16.1   31.8   1523    1.0    164    7.3    30.0  -0.6   0.81   4.28 3668.1     0.00   0.00    0.0  0.006  0.015  0.004  0.003  0.003  0.005
02:31:52 848.69   16.2   31.8   1522    1.1    135    7.3    30.1  -0.6   0.81   4.29 3670.1     0.00   0.00    0.0  0.006  0.015  0.004  0.003  0.003  0.005
02:31:53 848.73   16.1   31.8   1522    1.0    116    7.3    30.0  -0.6   0.81   4.29 3671.1     0.00   0.00    0.0  0.006  0.015  0.004  0.003  0.003  0.005
02:31:56 848.85   16.2   31.8   1520    0.9    114    7.3    30.1  -0.6   0.81   4.30 3674.1     0.00   0.00    0.0  0.006  0.015  0.004  0.003  0.003  0.005
02:31:59 848.97   16.2   31.8   1519    0.8    114    7.3    30.1  -0.5   0.81   4.31 3677.1     0.00   0.00    0.0  0.006  0.015  0.004  0.003  0.003  0.005
02:32:02 849.39   16.2   31.8   1515    0.8    120    7.3    30.0  -0.6   0.81   4.30 3680.1     0.00   0.00    0.0  0.006  0.015  0.004  0.003  0.003  0.005
02:32:03 849.34   16.2   31.8   1516    0.8    127    7.3    30.0  -0.6   0.81   4.30 3681.1     0.00   0.00    0.0  0.006  0.015  0.004  0.003  0.003  0.005
02:32:10 850.05   16.2   31.7   1508    0.9    177    7.3    30.0  -0.6   0.81   4.29 3688.1     0.00   0.00    0.0  0.006  0.015  0.004  0.003  0.003  0.005
02:32:11 850.09   16.3   31.7   1508    1.0    200    7.3    30.0  -0.6   0.81   4.30 3689.1     0.00   0.00    0.0  0.006  0.015  0.004  0.003  0.003  0.004
02:32:13 849.85   16.3   31.8   1510    0.9    246    7.3    30.1  -0.5   0.81   4.32 3691.1     0.00   0.00    0.0  0.006  0.015  0.004  0.003  0.003  0.005
02:32:14 850.26   16.3   31.7   1506    0.9    250    7.3    30.1  -0.5   0.81   4.32 3692.1     0.00   0.00    0.0  0.005  0.015  0.004  0.003  0.003  0.005
02:32:15 850.40   16.3   31.7   1505    0.9    238    7.3    30.1  -0.5   0.81   4.32 3693.1     0.00   0.00    0.0  0.006  0.015  0.004  0.003  0.003  0.005
02:32:16 850.22   16.3   31.7   1507    0.9    227    7.3    30.1  -0.5   0.81   4.33 3694.1     0.00   0.00    0.0  0.006  0.015  0.004  0.003  0.003  0.005
02:32:20 850.47   16.3   31.6   1504    1.0    248    7.3    30.0  -0.5   0.81   4.30 3698.1     0.00   0.00    0.0  0.006  0.015  0.004  0.003  0.003  0.005
02:32:22 850.53   16.3   31.6   1504    1.0    271    7.3    30.0  -0.6   0.81   4.29 3700.1     0.00   0.00    0.0  0.006  0.015  0.004  0.003  0.003  0.005
02:32:25 850.81   16.3   31.7   1501    1.0    263    7.3    30.0  -0.5   0.81   4.31 3703.1     0.00   0.00    0.0  0.005  0.015  0.004  0.003  0.003  0.005
02:32:26 850.64   16.4   31.6   1503    1.1    237    7.3    30.1  -0.5   0.81   4.32 3704.1     0.00   0.00    0.0  0.006  0.015  0.004  0.003  0.003  0.005
02:32:27 850.86   16.3   31.6   1500    1.1    212    7.3    30.0  -0.5   0.81   4.31 3705.1     0.00   0.00    0.0  0.006  0.015  0.004  0.003  0.003  0.004
02:32:28 851.07   16.4   31.6   1498    1.1    182    7.3    30.0  -0.5   0.81   4.32 3706.1     0.00   0.00    0.0  0.006  0.015  0.004  0.003  0.003  0.005
02:32:29 851.10   16.4   31.6   1498    1.0    174    7.3    30.0  -0.5   0.81   4.32 3707.1     0.00   0.00    0.0  0.006  0.015  0.004  0.003  0.003  0.005
02:32:31 851.26   16.4   31.6   1496    1.0    164    7.3    30.0  -0.5   0.81   4.33 3709.1     0.00   0.00    0.0  0.005  0.015  0.004  0.003  0.003  0.005
02:32:34 851.45   16.4   31.5   1494    1.1    144    7.3    30.0  -0.5   0.81   4.30 3712.1     0.00   0.00    0.0  0.005  0.015  0.004  0.003  0.003  0.005
02:32:35 851.29   16.4   31.5   1496    1.0    141    7.3    30.1  -0.5   0.81   4.32 3713.1     0.00   0.00    0.0  0.006  0.015  0.004  0.003  0.003  0.004
02:32:36 851.22   16.4   31.5   1497    1.0    142    7.3    30.1  -0.5   0.81   4.32 3714.1     0.00   0.00    0.0  0.005  0.015  0.004  0.003  0.003  0.004
02:32:37 851.28   16.5   31.6   1496    1.0    141    7.3    30.1  -0.5   0.81   4.33 3715.1     0.00   0.00    0.0  0.005  0.015  0.004  0.003  0.003  0.004
02:32:38 851.35   16.4   31.5   1495    1.0    140    7.3    30.1  -0.5   0.81   4.32 3716.1     0.00   0.00    0.0  0.005  0.015  0.004  0.003  0.003  0.004
02:32:40 851.64   16.5   31.5   1493    1.1    152    7.3    30.1  -0.5   0.81   4.33 3718.1     0.00   0.00    0.0  0.005  0.015  0.004  0.003  0.003  0.004
02:32:42 851.96   16.5   31.4   1489    1.1    167    7.3    30.0  -0.5   0.81   4.32 3720.1     0.00   0.00    0.0  0.006  0.015  0.004  0.003  0.003  0.005
02:32:43 851.78   16.5   31.5   1491    1.2    177    7.3    30.0  -0.5   0.81   4.32 3721.1     0.00   0.00    0.0  0.006  0.015  0.004  0.003  0.003  0.004
02:32:45 851.87   16.4   31.4   1490    1.2    225    7.3    30.0  -0.5   0.81   4.30 3723.1     0.00   0.00    0.0  0.005  0.015  0.004  0.003  0.003  0.005
02:32:46 851.80   16.5   31.5   1491    1.2    244    7.3    30.1  -0.5   0.81   4.32 3724.1     0.00   0.00    0.0  0.006  0.015  0.004  0.003  0.003  0.004
02:32:48 852.10   16.5   31.5   1488    1.2    238    7.3    30.0  -0.5   0.81   4.32 3726.1     0.00   0.00    0.0  0.005  0.015  0.004  0.003  0.003  0.004
02:32:49 852.02   16.5   31.5   1489    1.2    215    7.3    30.1  -0.5   0.81   4.32 3727.1     0.00   0.00    0.0  0.006  0.015  0.004  0.003  0.003  0.005
02:32:50 852.09   16.5   31.4   1488    1.2    202    7.3    30.1  -0.4   0.81   4.33 3728.1     0.00   0.00    0.0  0.005  0.015  0.004  0.003  0.003  0.004
02:32:51 852.35   16.5   31.4   1485    1.2    198    7.3    30.0  -0.5   0.81   4.32 3729.1     0.00   0.00    0.0  0.005  0.015  0.004  0.003  0.003  0.004
02:32:52 852.32   16.5   31.5   1486    1.2    199    7.3    30.0  -0.5   0.81   4.32 3730.1     0.00   0.00    0.0  0.005  0.015  0.004  0.003  0.003  0.005
02:32:53 852.19   16.5   31.5   1487    1.2    201    7.3    30.0  -0.5   0.81   4.32 3731.1     0.00   0.00    0.0  0.005  0.015  0.004  0.003  0.003  0.005
02:32:55 852.29   16.5   31.4   1486    1.3    215    7.3    30.0  -0.5   0.81   4.30 3733.1     0.00   0.00    0.0  0.005  0.015  0.004  0.003  0.003  0.004
02:32:59 852.80   16.6   31.4   1481    1.3    192    7.3    30.1  -0.4   0.81   4.33 3737.1     0.00   0.00    0.0  0.005  0.015  0.004  0.003  0.003  0.004
02:33:00 852.82   16.5   31.4   1481    1.3    183    7.3    30.0  -0.5   0.81   4.32 3738.1     0.00   0.00    0.0  0.006  0.015  0.004  0.003  0.003  0.004
02:33:01 852.87   16.5   31.4   1480    1.3    190    7.3    30.0  -0.4   0.81   4.33 3739.1     0.00   0.00    0.0  0.005  0.015  0.004  0.003  0.003  0.005
02:33:04 852.93   16.5   31.4   1480    1.3    182    7.3    30.0  -0.5   0.81   4.32 3742.1     0.00   0.00    0.0  0.005  0.015  0.004  0.003  0.003  0.005
02:33:05 853.02   16.6   31.4   1479    1.3    167    7.3    30.0  -0.4   0.81   4.33 3743.1     0.00   0.00    0.0  0.005  0.015  0.004  0.003  0.003  0.005
02:33:06 853.05   16.5   31.3   1478    1.3    193    7.3    30.0  -0.5   0.81   4.31 3744.1     0.00   0.00    0.0  0.005  0.015  0.004  0.003  0.003  0.005
02:33:09 853.09   16.6   31.3   1478    1.4    202    7.3    30.0  -0.4   0.81   4.32 3747.1     0.00   0.00    0.0  0.005  0.015  0.004  0.003  0.003  0.004
02:33:10 853.26   16.6   31.3   1476    1.3    182    7.3    30.0  -0.4   0.81   4.33 3748.1     0.00   0.00    0.0  0.005  0.015  0.004  0.003  0.003  0.004
02:33:11 853.39   16.6   31.3   1475    1.3    174    7.3    30.0  -0.4   0.81   4.33 3749.1     0.00   0.00    0.0  0.005  0.014  0.004  0.003  0.003  0.005
02:33:12 853.41   16.6   31.3   1475    1.3    181    7.3    30.0  -0.5   0.81   4.31 3750.1     0.00   0.00    0.0  0.005  0.015  0.004  0.003  0.003  0.004
02:33:13 853.39   16.6   31.3   1475    1.3    186    7.3    30.0  -0.5   0.81   4.32 3751.1     0.00   0.00    0.0  0.005  0.014  0.004  0.003  0.003  0.004
02:33:14 853.50   16.6   31.3   1474    1.3    178    7.3    30.0  -0.5   0.81   4.31 3752.1     0.00   0.00    0.0  0.005  0.015  0.004  0.003  0.003  0.005
02:33:18 853.72   16.6   31.3   1472    1.3    165    7.3    30.0  -0.4   0.81   4.32 3756.1     0.00   0.00    0.0  0.005  0.014  0.004  0.003  0.003  0.005
02:33:19 853.94   16.7   31.3   1470    1.3    153    7.3    30.1  -0.4   0.81   4.34 3757.1     0.00   0.00    0.0  0.005  0.015  0.004  0.003  0.003  0.004
02:33:20 853.92   16.6   31.3   1470    1.3    151    7.3    30.0  -0.4   0.81   4.32 3758.1     0.00   0.00    0.0  0.005  0.014  0.004  0.003  0.003  0.005
02:33:22 854.00   16.6   31.3   1469    1.3    220    7.3    29.9  -0.5   0.81   4.31 3760.0     0.00   0.00    0.0  0.005  0.014  0.004  0.003  0.003  0.005
02:33:24 853.98   16.7   31.3   1469    1.2    192    7.3    30.0  -0.4   0.81   4.34 3762.0     0.00   0.00    0.0  0.005  0.014  0.004  0.003  0.003  0.005
02:33:26 853.96   16.7   31.3   1469    1.2    207    7.3    30.0  -0.4   0.81   4.35 3764.0     0.00   0.00    0.0  0.005  0.014  0.004  0.003  0.003  0.005
02:33:28 854.12   16.7   31.3   1468    1.2    191    7.3    30.0  -0.4   0.81   4.34 3766.0     0.00   0.00    0.0  0.005  0.014  0.004  0.003  0.003  0.004
02:33:29 854.41   16.7   31.3   1465    1.2    163    7.3    30.0  -0.3   0.81   4.36 3767.0     0.00   0.00    0.0  0.005  0.014  0.004  0.003  0.003  0.004
02:33:30 854.46   16.7   31.3   1464    1.2    156    7.3    30.0  -0.3   0.81   4.35 3768.0     0.00   0.00    0.0  0.005  0.014  0.004  0.003  0.003  0.005
02:33:31 854.31   16.7   31.3   1466    1.2    151    7.3    30.1  -0.3   0.81   4.36 3769.0     0.00   0.00    0.0  0.006  0.014  0.004  0.003  0.003  0.005
02:33:32 854.45   16.7   31.3   1465    1.2    137    7.3    30.0  -0.4   0.81   4.35 3770.0     0.00   0.00    0.0  0.005  0.014  0.004  0.003  0.003  0.005
02:33:33 854.52   16.7   31.3   1464    1.2    134    7.3    30.0  -0.4   0.81   4.34 3771.0     0.00   0.00    0.0  0.005  0.014  0.004  0.003  0.003  0.004
02:33:34 854.56   16.7   31.3   1463    1.2    141    7.3    30.0  -0.4   0.81   4.35 3772.0     0.00   0.00    0.0  0.005  0.014  0.004  0.003  0.003  0.004
02:33:36 854.70   16.7   31.3   1462    1.2    145    7.3    30.0  -0.3   0.81   4.36 3774.0     0.00   0.00    0.0  0.005  0.014  0.004  0.003  0.003  0.004
02:33:37 854.69   16.7   31.3   1462    1.2    148    7.3    30.0  -0.4   0.81   4.34 3775.0     0.00   0.00    0.0  0.005  0.014  0.004  0.003  0.003  0.005
02:33:38 854.77   16.7   31.3   1461    1.2    153    7.3    30.0  -0.4   0.81   4.34 3776.0     0.00   0.00    0.0  0.005  0.014  0.004  0.003  0.003  0.005
02:33:39 854.84   16.7   31.2   1461    1.2    160    7.3    30.0  -0.3   0.81   4.35 3777.0     0.00   0.00    0.0  0.005  0.014  0.004  0.003  0.003  0.004
02:33:42 855.07   16.7   31.3   1458    1.2    174    7.3    30.0  -0.3   0.81   4.36 3780.0     0.00   0.00    0.0  0.005  0.014  0.004  0.003  0.003  0.004
02:33:43 854.99   16.8   31.3   1459    1.2    170    7.3    30.0  -0.3   0.81   4.37 3781.0     0.00   0.00    0.0  0.005  0.014  0.004  0.003  0.003  0.004
02:33:46 855.16   16.8   31.3   1457    1.1    176    7.3    30.1  -0.3   0.81   4.38 3784.0     0.00   0.00    0.0  0.005  0.014  0.004  0.003  0.003  0.004
02:33:47 855.24   16.8   31.3   1457    1.1    173    7.3    30.0  -0.3   0.81   4.37 3785.0     0.00   0.00    0.0  0.005  0.014  0.004  0.003  0.003  0.005
02:33:48 855.50   16.8   31.2   1454    1.1    175    7.3    30.0  -0.3   0.81   4.37 3786.0     0.00   0.00    0.0  0.005  0.014  0.004  0.003  0.003  0.004
02:33:50 855.47   16.8   31.2   1454    1.1    177    7.3    30.1  -0.3   0.81   4.38 3788.0     0.00   0.00    0.0  0.005  0.014  0.004  0.003  0.003  0.005
02:33:51 855.60   16.8   31.2   1453    1.1    175    7.3    30.0  -0.3   0.81   4.36 3789.0     0.00   0.00    0.0  0.005  0.014  0.004  0.003  0.003  0.005
02:33:52 855.34   16.8   31.2   1456    1.2    177    7.3    30.0  -0.3   0.81   4.37 3790.0     0.00   0.00    0.0  0.005  0.014  0.004  0.003  0.003  0.004
02:33:53 855.71   16.8   31.1   1452    1.2    174    7.3    30.1  -0.3   0.81   4.37 3791.0     0.00   0.00    0.0  0.005  0.014  0.004  0.003  0.003  0.004
02:33:55 855.77   16.9   31.2   1451    1.2    158    7.3    30.0  -0.3   0.81   4.37 3793.0     0.00   0.00    0.0  0.006  0.014  0.004  0.003  0.003  0.005
02:33:56 856.03   16.8   31.2   1449    1.3    144    7.3    30.0  -0.3   0.81   4.35 3794.0     0.00   0.00    0.0  0.005  0.014  0.004  0.003  0.003  0.005
02:33:57 855.78   16.8   31.2   1451    1.3    139    7.3    30.0  -0.3   0.81   4.37 3795.0     0.00   0.00    0.0  0.005  0.014  0.004  0.003  0.003  0.004
02:33:58 856.05   16.9   31.1   1449    1.2    137    7.3    30.0  -0.3   0.81   4.37 3796.0     0.00   0.00    0.0  0.005  0.014  0.004  0.003  0.003  0.005
02:34:00 855.77   16.8   31.2   1451    1.3    148    7.3    30.0  -0.3   0.81   4.37 3798.0     0.00   0.00    0.0  0.005  0.014  0.004  0.003  0.003  0.004
02:34:02 856.20   16.8   31.2   1447    1.3    166    7.3    30.0  -0.3   0.81   4.37 3800.0     0.00   0.00    0.0  0.005  0.014  0.004  0.003  0.003  0.004
02:34:03 856.43   16.8   31.1   1445    1.3    179    7.3    30.0  -0.3   0.81   4.36 3801.0     0.00   0.00    0.0  0.005  0.014  0.004  0.003  0.003  0.004
02:34:04 856.33   16.8   31.2   1446    1.3    187    7.3    30.0  -0.3   0.81   4.36 3802.0     0.00   0.00    0.0  0.005  0.014  0.004  0.003  0.003  0.004
02:34:06 856.25   16.9   31.1   1447    1.3    181    7.3    30.0  -0.3   0.81   4.38 3804.0     0.00   0.00    0.0  0.005  0.014  0.004  0.003  0.003  0.004
02:34:07 856.42   16.9   31.2   1445    1.2    180    7.3    30.0  -0.2   0.81   4.39 3805.0     0.00   0.00    0.0  0.005  0.014  0.004  0.003  0.003  0.004
02:34:08 856.53   16.9   31.1   1444    1.2    181    7.3    30.0  -0.3   0.81   4.37 3806.0     0.00   0.00    0.0  0.005  0.014  0.004  0.003  0.003  0.005
02:34:09 856.54   16.8   31.2   1444    1.2    177    7.3    30.0  -0.3   0.81   4.37 3807.0     0.00   0.00    0.0  0.005  0.014  0.004  0.003  0.003  0.004
02:34:10 856.64   16.9   31.1   1443    1.2    169    7.3    30.0  -0.3   0.81   4.37 3808.0     0.00   0.00    0.0  0.005  0.014  0.004  0.003  0.003  0.004
02:34:11 856.62   16.9   31.1   1443    1.2    172    7.3    30.0  -0.3   0.81   4.37 3809.0     0.00   0.00    0.0  0.005  0.014  0.004  0.003  0.003  0.004
02:34:12 856.70   16.9   31.1   1442    1.3    174    7.3    30.0  -0.3   0.81   4.37 3810.0     0.00   0.00    0.0  0.005  0.014  0.004  0.003  0.003  0.004
02:34:13 856.74   16.9   31.1   1442    1.2    176    7.3    30.0  -0.2   0.81   4.38 3811.0     0.00   0.00    0.0  0.005  0.014  0.004  0.003  0.003  0.004
02:34:14 856.71   16.9   31.1   1442    1.3    174    7.3    30.0  -0.2   0.81   4.38 3812.0     0.00   0.00    0.0  0.005  0.014  0.004  0.003  0.003  0.004
02:34:15 856.70   16.9   31.1   1442    1.2    178    7.3    30.0  -0.2   0.81   4.38 3813.0     0.00   0.00    0.0  0.005  0.014  0.004  0.003  0.003  0.004
02:34:19 856.96   16.9   31.1   1440    1.2    174    7.3    30.0  -0.3   0.81   4.37 3817.0     0.00   0.00    0.0  0.005  0.014  0.004  0.003  0.003  0.004
02:34:21 857.20   17.0   31.1   1437    1.3    139    7.3    30.0  -0.2   0.81   4.39 3819.0     0.00   0.00    0.0  0.005  0.014  0.004  0.003  0.003  0.004
02:34:22 857.39   16.9   31.1   1435    1.3    131    7.3    30.0  -0.2   0.81   4.38 3820.0     0.00   0.00    0.0  0.005  0.014  0.004  0.003  0.003  0.004
02:34:23 857.26   16.9   31.1   1437    1.3    132    7.3    30.0  -0.2   0.81   4.37 3821.0     0.00   0.00    0.0  0.005  0.014  0.004  0.003  0.003  0.004
02:34:24 857.13   17.0   31.0   1438    1.3    137    7.3    30.0  -0.2   0.81   4.38 3822.0     0.00   0.00    0.0  0.005  0.014  0.004  0.003  0.003  0.004
02:34:27 857.54   17.0   31.0   1434    1.3    154    7.3    30.0  -0.2   0.81   4.39 3825.0     0.00   0.00    0.0  0.005  0.014  0.004  0.003  0.003  0.004
02:34:28 857.44   17.0   31.1   1435    1.3    139    7.3    30.0  -0.2   0.81   4.39 3826.0     0.00   0.00    0.0  0.005  0.014  0.004  0.003  0.003  0.004
02:34:30 857.72   16.9   31.0   1432    1.3    122    7.3    29.9  -0.3   0.81   4.36 3828.0     0.00   0.00    0.0  0.005  0.014  0.004  0.003  0.003  0.004
02:34:31 857.73   16.9   31.0   1432    1.3    156    7.3    29.9  -0.3   0.81   4.36 3829.0     0.00   0.00    0.0  0.005  0.014  0.004  0.003  0.003  0.004
02:34:32 857.93   17.0   31.0   1430    1.4    192    7.3    30.0  -0.2   0.81   4.38 3830.0     0.00   0.00    0.0  0.005  0.014  0.004  0.003  0.003  0.004
02:34:33 857.71   17.0   31.0   1432    1.3    199    7.3    30.0  -0.2   0.81   4.37 3831.0     0.00   0.00    0.0  0.005  0.014  0.004  0.003  0.003  0.004
02:34:34 857.95   17.0   31.0   1430    1.4    197    7.3    30.0  -0.2   0.81   4.39 3832.0     0.00   0.00    0.0  0.005  0.014  0.004  0.003  0.003  0.005
02:34:35 858.19   17.0   31.0   1427    1.3    187    7.3    29.9  -0.2   0.81   4.37 3833.0     0.00   0.00    0.0  0.005  0.014  0.004  0.003  0.003  0.005
02:34:37 857.89   17.0   31.0   1430    1.3    175    7.3    30.0  -0.2   0.81   4.39 3835.0     0.00   0.00    0.0  0.005  0.014  0.004  0.003  0.003  0.004
02:34:39 858.32   17.0   30.8   1426    1.3    128    7.3    30.0  -0.3   0.81   4.36 3837.0     0.00   0.00    0.0  0.005  0.014  0.004  0.003  0.003  0.004
02:34:40 858.39   17.1   30.9   1425    1.4    117    7.3    30.0  -0.2   0.81   4.38 3838.0     0.00   0.00    0.0  0.005  0.014  0.004  0.003  0.003  0.004
02:34:41 858.41   17.1   30.8   1425    1.4    115    7.3    30.0  -0.2   0.81   4.38 3839.0     0.00   0.00    0.0  0.005  0.014  0.004  0.003  0.003  0.004
02:34:42 858.48   17.0   30.8   1424    1.4    123    7.3    30.0  -0.3   0.81   4.36 3840.0     0.00   0.00    0.0  0.005  0.014  0.004  0.003  0.003  0.004
02:34:44 858.40   17.0   30.9   1425    1.4    130    7.3    30.0  -0.2   0.81   4.37 3842.0     0.00   0.00    0.0  0.005  0.014  0.004  0.003  0.003  0.004
02:34:45 858.52   17.1   30.9   1424    1.4    132    7.3    30.0  -0.2   0.81   4.38 3843.0     0.00   0.00    0.0  0.005  0.014  0.004  0.003  0.003  0.004
02:34:46 858.53   17.1   30.8   1424    1.5    124    7.3    30.0  -0.3   0.81   4.37 3844.0     0.00   0.00    0.0  0.005  0.014  0.004  0.003  0.003  0.004
02:34:48 858.64   17.1   30.9   1423    1.5    131    7.3    30.0  -0.2   0.81   4.39 3846.0     0.00   0.00    0.0  0.005  0.014  0.004  0.003  0.003  0.004
02:34:50 858.93   17.1   30.8   1420    1.5     75    7.3    30.0  -0.2   0.81   4.39 3848.0     0.00   0.00    0.0  0.005  0.014  0.004  0.003  0.003  0.005
02:34:51 859.12   17.1   30.8   1418    1.6    147    7.3    30.0  -0.2   0.81   4.38 3849.0     0.00   0.00    0.0  0.005  0.014  0.004  0.003  0.003  0.004
02:34:52 858.82   17.1   30.8   1421    1.6    229    7.3    30.0  -0.2   0.81   4.37 3850.0     0.00   0.00    0.0  0.005  0.014  0.004  0.003  0.003  0.004
02:34:53 858.87   17.1   30.8   1421    1.6    260    7.3    30.0  -0.2   0.81   4.38 3851.0     0.00   0.00    0.0  0.005  0.014  0.004  0.003  0.003  0.004
02:34:54 859.04   17.1   30.9   1419    1.6    252    7.3    30.0  -0.2   0.81   4.39 3852.0     0.00   0.00    0.0  0.005  0.014  0.004  0.003  0.003  0.004
02:34:55 859.01   17.1   30.8   1419    1.7    229    7.3    30.0  -0.2   0.81   4.39 3853.0     0.00   0.00    0.0  0.005  0.014  0.004  0.003  0.003  0.004
02:34:56 859.09   17.1   30.8   1418    1.7    211    7.3    30.0  -0.2   0.81   4.39 3854.0     0.00   0.00    0.0  0.005  0.014  0.004  0.003  0.003  0.004
02:34:58 859.31   17.2   30.8   1416    1.7    193    7.3    30.0  -0.2   0.81   4.40 3856.0     0.00   0.00    0.0  0.005  0.014  0.004  0.003  0.003  0.004
02:34:59 859.45   17.1   30.8   1415    1.7    187    7.3    30.0  -0.2   0.81   4.38 3857.0     0.00   0.00    0.0  0.005  0.014  0.004  0.003  0.003  0.004
02:35:00 859.40   17.2   30.8   1415    1.6    162    7.3    30.0  -0.2   0.81   4.39 3858.0     0.00   0.00    0.0  0.005  0.014  0.004  0.003  0.003  0.004
02:35:02 859.56   17.1   30.8   1414    1.6    164    7.3    30.0  -0.2   0.81   4.38 3859.9     0.00   0.00    0.0  0.005  0.014  0.004  0.003  0.003  0.004
02:35:03 859.47   17.2   30.8   1415    1.6    176    7.3    30.0  -0.2   0.81   4.38 3860.9     0.00   0.00    0.0  0.005  0.014  0.004  0.003  0.003  0.004
02:35:04 859.69   17.2   30.8   1413    1.5    173    7.3    30.0  -0.1   0.81   4.40 3861.9     0.00   0.00    0.0  0.005  0.014  0.004  0.003  0.003  0.004
02:35:05 859.62   17.1   30.8   1413    1.5    159    7.3    29.9  -0.2   0.81   4.37 3862.9     0.00   0.00    0.0  0.005  0.014  0.004  0.003  0.003  0.004
02:35:06 859.58   17.1   30.7   1414    1.4    177    7.3    30.0  -0.2   0.81   4.38 3863.9     0.00   0.00    0.0  0.005  0.014  0.004  0.003  0.003  0.004
02:35:09 859.85   17.2   30.7   1411    1.4    165    7.3    30.0  -0.2   0.81   4.38 3866.9     0.00   0.00    0.0  0.005  0.014  0.004  0.003  0.003  0.004
02:35:11 860.08   17.2   30.7   1409    1.4    157    7.3    29.9  -0.2   0.81   4.37 3868.9     0.00   0.00    0.0  0.005  0.014  0.004  0.003  0.003  0.004
02:35:12 860.03   17.2   30.7   1409    1.3    151    7.3    30.0  -0.2   0.81   4.38 3869.9     0.00   0.00    0.0  0.005  0.014  0.004  0.003  0.003  0.004
02:35:13 860.01   17.3   30.7   1409    1.3    154    7.3    30.0  -0.1   0.81   4.40 3871.0     0.00   0.00    0.0  0.005  0.014  0.004  0.003  0.003  0.004
02:35:14 860.07   17.2   30.7   1409    1.4    161    7.3    30.0  -0.1   0.81   4.40 3871.9     0.00   0.00    0.0  0.005  0.014  0.004  0.003  0.003  0.004
02:35:18 860.35   17.3   30.7   1406    1.4    191    7.3    30.0  -0.1   0.81   4.40 3875.9     0.00   0.00    0.0  0.005  0.014  0.004  0.003  0.003  0.004
02:35:20 860.64   17.3   30.7   1403    1.4    172    7.3    30.0  -0.1   0.82   4.41 3877.9     0.00   0.00    0.0  0.005  0.014  0.004  0.003  0.003  0.004
02:35:21 860.42   17.2   30.7   1405    1.4    172    7.3    30.0  -0.2   0.81   4.39 3878.9     0.00   0.00    0.0  0.005  0.014  0.004  0.003  0.003  0.004
02:35:23 860.77   17.3   30.6   1402    1.5    171    7.3    30.0  -0.1   0.81   4.40 3880.9     0.00   0.00    0.0  0.005  0.014  0.004  0.003  0.003  0.004
02:35:24 860.66   17.3   30.7   1403    1.5    161    7.3    30.0  -0.1   0.81   4.40 3881.9     0.00   0.00    0.0  0.005  0.014  0.004  0.003  0.003  0.004
02:35:25 860.67   17.3   30.6   1403    1.5    152    7.3    30.0  -0.1   0.82   4.41 3882.9     0.00   0.00    0.0  0.005  0.014  0.004  0.003  0.003  0.005
02:35:27 860.85   17.2   30.6   1401    1.6    190    7.3    29.9  -0.2   0.81   4.38 3884.9     0.00   0.00    0.0  0.005  0.014  0.004  0.003  0.003  0.004
02:35:29 860.97   17.3   30.6   1400    1.6    230    7.3    30.0  -0.1   0.81   4.40 3886.9     0.00   0.00    0.0  0.005  0.014  0.004  0.003  0.003  0.004
02:35:30 860.81   17.3   30.7   1401    1.6    228    7.3    30.0  -0.1   0.82   4.41 3887.9     0.00   0.00    0.0  0.005  0.014  0.004  0.003  0.003  0.004
02:35:32 860.86   17.3   30.6   1401    1.6    209    7.3    30.0  -0.2   0.81   4.39 3889.9     0.00   0.00    0.0  0.005  0.014  0.004  0.003  0.003  0.004
02:35:34 861.23   17.3   30.7   1397    1.7    198    7.3    30.0  -0.1   0.82   4.41 3891.9     0.00   0.00    0.0  0.005  0.014  0.004  0.003  0.003  0.004
02:35:35 861.25   17.4   30.7   1397    1.7    194    7.3    30.0  -0.0   0.82   4.43 3892.9     0.00   0.00    0.0  0.005  0.014  0.004  0.003  0.003  0.004
02:35:36 861.33   17.3   30.7   1396    1.6    182    7.3    30.0  -0.1   0.82   4.41 3893.9     0.00   0.00    0.0  0.005  0.014  0.004  0.003  0.003  0.004
02:35:37 861.42   17.3   30.7   1395    1.7    189    7.3    30.0  -0.1   0.82   4.41 3894.9     0.00   0.00    0.0  0.005  0.014  0.004  0.003  0.003  0.004
02:35:41 861.63   17.4   30.5   1393    1.8    232    7.3    30.0  -0.1   0.81   4.40 3898.9     0.00   0.00    0.0  0.005  0.014  0.004  0.003  0.003  0.004
02:35:42 861.82   17.4   30.5   1391    1.8    233    7.3    30.0  -0.1   0.81   4.40 3899.9     0.00   0.00    0.0  0.005  0.014  0.004  0.003  0.003  0.005
02:35:43 861.75   17.4   30.5   1392    1.8    222    7.3    30.0  -0.1   0.82   4.41 3900.9     0.00   0.00    0.0  0.005  0.014  0.004  0.003  0.003  0.004
02:35:44 861.71   17.3   30.6   1392    1.8    203    7.3    30.0  -0.1   0.82   4.41 3901.9     0.00   0.00    0.0  0.005  0.014  0.004  0.003  0.003  0.004
02:35:45 861.92   17.4   30.6   1390    1.8    181    7.3    30.0  -0.1   0.82   4.41 3902.9     0.00   0.00    0.0  0.005  0.014  0.004  0.003  0.003  0.004
02:35:46 861.71   17.4   30.6   1393    1.8    171    7.3    30.0  -0.1   0.82   4.42 3903.9     0.00   0.00    0.0  0.005  0.014  0.004  0.003  0.003  0.004
02:35:47 861.93   17.3   30.6   1390    1.9    172    7.3    29.9  -0.1   0.81   4.41 3904.9     0.00   0.00    0.0  0.005  0.014  0.004  0.003  0.003  0.004
02:35:48 862.10   17.4   30.6   1389    1.9    151    7.3    30.0  -0.1   0.82   4.41 3905.9     0.00   0.00    0.0  0.005  0.014  0.004  0.003  0.003  0.004
02:35:50 862.05   17.4   30.6   1389    1.9    176    7.3    30.0  -0.1   0.82   4.42 3907.9     0.00   0.00    0.0  0.005  0.014  0.004  0.003  0.003  0.004
02:35:52 862.27   17.4   30.6   1387    1.9    208    7.3    29.9  -0.1   0.82   4.41 3909.9     0.00   0.00    0.0  0.005  0.014  0.004  0.003  0.003  0.004
02:35:54 862.51   17.4   30.6   1385    1.8    175    7.3    30.0  -0.0   0.82   4.42 3911.9     0.00   0.00    0.0  0.005  0.014  0.004  0.003  0.003  0.004
02:35:55 862.47   17.4   30.6   1385    1.8    177    7.3    30.0  -0.0   0.82   4.42 3912.9     0.00   0.00    0.0  0.005  0.014  0.004  0.003  0.003  0.004
02:35:56 862.53   17.4   30.5   1384    1.8    160    7.3    30.0  -0.1   0.82   4.41 3913.9     0.00   0.00    0.0  0.005  0.014  0.004  0.003  0.003  0.004
02:35:57 862.69   17.4   30.5   1383    1.8    180    7.3    29.9  -0.1   0.82   4.41 3914.9     0.00   0.00    0.0  0.005  0.014  0.004  0.003  0.003  0.004
02:35:58 862.69   17.4   30.5   1383    1.8    196    7.3    30.0  -0.1   0.82   4.41 3915.9     0.00   0.00    0.0  0.005  0.014  0.004  0.003  0.003  0.004
02:35:59 862.46   17.4   30.5   1385    1.8    183    7.3    29.9  -0.1   0.81   4.40 3916.9     0.00   0.00    0.0  0.005  0.014  0.004  0.003  0.003  0.004
02:36:01 862.85   17.5   30.4   1381    1.7    154    7.3    30.0  -0.0   0.82   4.42 3918.9     0.00   0.00    0.0  0.005  0.014  0.004  0.003  0.003  0.004
02:36:02 862.68   17.4   30.5   1383    1.7    170    7.3    30.0  -0.1   0.82   4.41 3919.9     0.00   0.00    0.0  0.005  0.014  0.004  0.003  0.003  0.004
02:36:04 862.87   17.5   30.4   1381    1.7    170    7.3    30.0  -0.1   0.82   4.41 3921.9     0.00   0.00    0.0  0.005  0.014  0.004  0.003  0.003  0.004
02:36:06 862.99   17.5   30.4   1380    1.8    162    7.3    30.0  -0.1   0.82   4.41 3923.9     0.00   0.00    0.0  0.005  0.013  0.004  0.003  0.003  0.004
02:36:07 863.01   17.5   30.4   1380    1.7    172    7.3    30.0  -0.0   0.82   4.42 3924.9     0.00   0.00    0.0  0.005  0.014  0.004  0.003  0.003  0.004
02:36:10 863.24   17.5   30.4   1377    1.7    187    7.3    30.0  -0.0   0.82   4.42 3927.9     0.00   0.00    0.0  0.005  0.014  0.004  0.003  0.003  0.004
02:36:11 863.38   17.5   30.4   1376    1.7    204    7.3    30.0  -0.0   0.82   4.42 3928.9     0.00   0.00    0.0  0.005  0.014  0.004  0.003  0.003  0.004
02:36:12 863.22   17.5   30.4   1378    1.7    198    7.3    30.0  -0.1   0.81   4.40 3929.9     0.00   0.00    0.0  0.005  0.014  0.004  0.003  0.003  0.004
02:36:13 863.46   17.5   30.3   1375    1.7    212    7.3    30.0  -0.0   0.82   4.42 3930.9     0.00   0.00    0.0  0.005  0.013  0.004  0.003  0.003  0.004
02:36:14 863.66   17.5   30.4   1373    1.7    213    7.3    30.0  -0.0   0.82   4.41 3931.9     0.00   0.00    0.0  0.005  0.013  0.004  0.003  0.003  0.004
02:36:15 863.63   17.5   30.4   1374    1.7    210    7.3    30.0  -0.0   0.82   4.42 3932.9     0.00   0.00    0.0  0.005  0.014  0.004  0.003  0.003  0.004
02:36:18 863.88   17.5   30.3   1371    1.8    197    7.3    29.9  -0.1   0.81   4.40 3935.9     0.00   0.00    0.0  0.005  0.013  0.004  0.003  0.003  0.004
02:36:19 863.88   17.5   30.4   1371    1.9    191    7.3    30.0  -0.0   0.82   4.42 3936.9     0.00   0.00    0.0  0.005  0.014  0.004  0.003  0.003  0.004
02:36:20 863.73   17.6   30.4   1373    1.9    186    7.3    30.0  -0.0   0.82   4.42 3937.9     0.00   0.00    0.0  0.005  0.013  0.004  0.003  0.003  0.004
02:36:21 863.93   17.6   30.3   1371    1.9    182    7.3    30.0  -0.0   0.82   4.42 3938.9     0.00   0.00    0.0  0.005  0.014  0.004  0.003  0.003  0.004
02:36:22 863.84   17.6   30.3   1371    1.9    177    7.3    30.0  -0.0   0.82   4.42 3939.9     0.00   0.00    0.0  0.005  0.013  0.004  0.003  0.003  0.004
02:36:25 864.33   17.5   30.4   1367    1.9    169    7.3    29.9   0.0   0.82   4.43 3942.9     0.00   0.00    0.0  0.005  0.013  0.004  0.003  0.003  0.004
02:36:26 864.12   17.6   30.4   1369    1.8    165    7.3    29.9   0.0   0.82   4.44 3943.9     0.00   0.00    0.0  0.005  0.013  0.004  0.003  0.003  0.004
02:36:27 864.30   17.5   30.5   1367    1.8    176    7.3    29.9   0.0   0.82   4.43 3944.9     0.00   0.00    0.0  0.005  0.013  0.004  0.003  0.003  0.004
02:36:28 864.44   17.6   30.4   1365    1.8    185    7.3    29.9   0.0   0.82   4.43 3945.9     0.00   0.00    0.0  0.005  0.013  0.004  0.003  0.003  0.004
02:36:29 864.21   17.5   30.4   1368    1.8    181    7.3    29.9  -0.0   0.82   4.42 3946.9     0.00   0.00    0.0  0.005  0.013  0.004  0.003  0.003  0.004
02:36:30 864.48   17.6   30.4   1365    1.8    179    7.3    29.9   0.0   0.82   4.43 3947.9     0.00   0.00    0.0  0.005  0.013  0.004  0.003  0.003  0.004
02:36:32 864.62   17.6   30.3   1364    1.7    169    7.3    29.9   0.0   0.82   4.43 3949.9     0.00   0.00    0.0  0.005  0.013  0.004  0.003  0.003  0.004
02:36:34 864.79   17.6   30.3   1362    1.7    174    7.3    29.9  -0.0   0.82   4.41 3951.9     0.00   0.00    0.0  0.005  0.013  0.004  0.003  0.003  0.004
02:36:35 864.83   17.6   30.3   1362    1.7    174    7.3    30.0   0.0   0.82   4.43 3952.9     0.00   0.00    0.0  0.005  0.013  0.004  0.003  0.003  0.004
02:36:37 864.87   17.6   30.3   1361    1.7    175    7.3    29.9   0.0   0.82   4.43 3954.9     0.00   0.00    0.0  0.005  0.013  0.004  0.003  0.003  0.004
02:36:38 865.04   17.7   30.3   1360    1.7    177    7.3    30.0   0.1   0.82   4.44 3955.9     0.00   0.00    0.0  0.005  0.013  0.004  0.003  0.003  0.004
02:36:39 865.00   17.7   30.4   1360    1.8    178    7.3    30.0   0.1   0.82   4.45 3956.9     0.00   0.00    0.0  0.005  0.013  0.004  0.003  0.003  0.004
02:36:40 864.77   17.7   30.3   1362    1.7    175    7.3    30.0   0.1   0.82   4.45 3957.9     0.00   0.00    0.0  0.005  0.013  0.004  0.003  0.003  0.004
02:36:41 865.18   17.6   30.4   1358    1.7    163    7.3    29.9   0.1   0.82   4.45 3958.9     0.00   0.00    0.0  0.005  0.013  0.004  0.003  0.003  0.004
02:36:43 865.22   17.6   30.4   1358    1.7    159    7.3    29.9   0.1   0.82   4.45 3960.8     0.00   0.00    0.0  0.005  0.013  0.004  0.003  0.003  0.004
02:36:44 865.17   17.6   30.4   1358    1.7    168    7.3    29.9   0.1   0.82   4.45 3961.8     0.00   0.00    0.0  0.005  0.013  0.004  0.003  0.003  0.004
02:36:45 865.08   17.6   30.5   1359    1.7    175    7.3    29.9   0.1   0.82   4.46 3962.8     0.00   0.00    0.0  0.005  0.013  0.004  0.003  0.003  0.004
02:36:49 865.85   17.6   30.3   1352    1.8    170    7.3    29.9   0.0   0.82   4.43 3966.8     0.00   0.00    0.0  0.005  0.013  0.004  0.003  0.003  0.004
02:36:51 865.48   17.7   30.5   1355    1.8    182    7.3    29.9   0.1   0.82   4.47 3968.8     0.00   0.00    0.0  0.005  0.013  0.004  0.003  0.003  0.004
02:36:52 865.37   17.7   30.5   1356    1.7    176    7.3    30.0   0.2   0.82   4.48 3969.8     0.00   0.00    0.0  0.005  0.013  0.004  0.003  0.003  0.004
02:36:54 865.81   17.7   30.4   1352    1.7    180    7.3    29.9   0.1   0.82   4.46 3971.8     0.00   0.00    0.0  0.005  0.013  0.004  0.003  0.003  0.004
02:36:55 865.69   17.7   30.5   1353    1.7    176    7.3    29.9   0.2   0.82   4.48 3972.8     0.00   0.00    0.0  0.005  0.013  0.004  0.003  0.003  0.004
02:36:56 865.77   17.7   30.5   1352    1.8    176    7.3    30.0   0.2   0.82   4.48 3973.8     0.00   0.00    0.0  0.005  0.013  0.004  0.003  0.003  0.004
02:36:57 865.72   17.7   30.4   1353    1.7    170    7.3    29.9   0.1   0.82   4.46 3974.8     0.00   0.00    0.0  0.005  0.013  0.004  0.003  0.003  0.004
02:36:59 865.99   17.7   30.6   1350    1.7    169    7.3    29.9   0.2   0.82   4.48 3976.8     0.00   0.00    0.0  0.005  0.013  0.004  0.003  0.003  0.004
02:37:01 866.09   17.7   30.6   1349    1.7    160    7.3    29.9   0.2   0.82   4.48 3978.8     0.00   0.00    0.0  0.005  0.013  0.004  0.003  0.003  0.004
02:37:02 866.38   17.7   30.5   1346    1.7    158    7.3    29.9   0.2   0.82   4.49 3979.8     0.00   0.00    0.0  0.005  0.013  0.004  0.003  0.003  0.004
02:37:03 866.17   17.7   30.5   1348    1.7    153    7.3    29.9   0.2   0.82   4.48 3980.8     0.00   0.00    0.0  0.005  0.013  0.004  0.003  0.003  0.004
02:37:05 866.13   17.7   30.6   1349    1.7    143    7.3    29.9   0.2   0.82   4.49 3982.8     0.00   0.00    0.0  0.005  0.013  0.004  0.003  0.003  0.004
02:37:06 866.55   17.7   30.6   1345    1.7    143    7.3    29.9   0.2   0.82   4.49 3983.8     0.00   0.00    0.0  0.005  0.013  0.004  0.003  0.003  0.004
02:37:08 866.60   17.7   30.6   1344    1.7    147    7.3    29.9   0.3   0.82   4.50 3985.8     0.00   0.00    0.0  0.005  0.013  0.004  0.003  0.003  0.004
02:37:09 866.69   17.8   30.5   1343    1.7    152    7.3    29.9   0.3   0.82   4.51 3986.8     0.00   0.00    0.0  0.005  0.013  0.004  0.003  0.003  0.004
02:37:10 866.54   17.8   30.6   1345    1.7    160    7.3    29.9   0.3   0.82   4.50 3987.8     0.00   0.00    0.0  0.005  0.013  0.004  0.003  0.003  0.004
02:37:13 866.89   17.8   30.5   1341    1.7    166    7.3    29.9   0.3   0.82   4.50 3990.8     0.00   0.00    0.0  0.005  0.013  0.004  0.003  0.003  0.004
02:37:14 866.96   17.8   30.5   1341    1.7    171    7.3    29.9   0.3   0.82   4.50 3991.8     0.00   0.00    0.0  0.005  0.013  0.004  0.003  0.003  0.004
02:37:15 866.81   17.8   30.5   1342    1.7    173    7.3    29.9   0.2   0.82   4.49 3992.8     0.00   0.00    0.0  0.005  0.013  0.004  0.003  0.003  0.004
02:37:16 867.02   17.8   30.5   1340    1.7    172    7.3    29.9   0.2   0.82   4.49 3993.8     0.00   0.00    0.0  0.005  0.013  0.004  0.003  0.003  0.004
02:37:17 866.95   17.8   30.5   1341    1.7    169    7.3    29.9   0.2   0.82   4.49 3994.8     0.00   0.00    0.0  0.005  0.013  0.004  0.003  0.003  0.004
02:37:20 867.23   17.7   30.6   1338    1.6    155    7.3    29.8   0.3   0.82   4.50 3997.8     0.00   0.00    0.0  0.005  0.013  0.004  0.003  0.003  0.004
02:37:21 867.45   17.7   30.6   1336    1.6    158    7.3    29.8   0.3   0.82   4.50 3998.8     0.00   0.00    0.0  0.005  0.013  0.004  0.003  0.003  0.004
02:37:22 867.39   17.8   30.6   1336    1.6    155    7.3    29.8   0.3   0.82   4.50 3999.8     0.00   0.00    0.0  0.005  0.013  0.004  0.003  0.003  0.004
02:37:23 867.41   17.8   30.6   1336    1.6    158    7.3    29.8   0.2   0.82   4.49 4000.8     0.00   0.00    0.0  0.005  0.013  0.004  0.003  0.003  0.004
02:37:26 867.56   17.8   30.6   1335    1.7    157    7.3    29.8   0.3   0.82   4.51 4003.8     0.00   0.00    0.0  0.005  0.013  0.004  0.003  0.003  0.004
02:37:27 867.54   17.8   30.6   1335    1.6    154    7.3    29.9   0.3   0.82   4.51 4004.8     0.00   0.00    0.0  0.005  0.013  0.004  0.003  0.003  0.004
02:37:29 867.87   17.8   30.5   1332    1.7    155    7.3    29.8   0.3   0.82   4.50 4006.8     0.00   0.00    0.0  0.005  0.013  0.004  0.003  0.003  0.004
02:37:30 867.70   17.8   30.6   1333    1.7    157    7.3    29.8   0.3   0.82   4.50 4007.8     0.00   0.00    0.0  0.005  0.013  0.004  0.003  0.003  0.004
02:37:31 867.83   17.8   30.6   1332    1.7    155    7.3    29.8   0.3   0.82   4.51 4008.8     0.00   0.00    0.0  0.005  0.013  0.004  0.003  0.003  0.004
02:37:32 867.85   17.8   30.5   1332    1.7    156    7.3    29.9   0.3   0.82   4.51 4009.8     0.00   0.00    0.0  0.005  0.013  0.004  0.003  0.003  0.004
02:37:33 868.11   17.8   30.7   1329    1.7    152    7.3    29.8   0.3   0.82   4.52 4010.8     0.00   0.00    0.0  0.005  0.013  0.004  0.003  0.003  0.004
02:37:36 868.06   17.8   30.7   1330    1.7    146    7.3    29.8   0.4   0.82   4.53 4013.8     0.00   0.00    0.0  0.005  0.013  0.004  0.003  0.003  0.004
02:37:38 868.14   17.8   30.8   1329    1.7    142    7.3    29.8   0.4   0.82   4.53 4015.8     0.00   0.00    0.0  0.005  0.013  0.004  0.003  0.003  0.004
02:37:39 868.33   17.8   30.8   1327    1.6    144    7.3    29.8   0.4   0.82   4.54 4016.8     0.00   0.00    0.0  0.005  0.013  0.004  0.003  0.003  0.004
02:37:40 868.40   17.8   30.8   1326    1.6    145    7.3    29.8   0.4   0.82   4.54 4017.8     0.00   0.00    0.0  0.005  0.013  0.004  0.003  0.003  0.004
02:37:41 868.20   17.8   30.8   1328    1.6    148    7.3    29.8   0.4   0.82   4.55 4018.8     0.00   0.00    0.0  0.005  0.013  0.004  0.003  0.003  0.004
02:37:42 868.57   17.8   30.8   1325    1.6    149    7.3    29.8   0.4   0.82   4.53 4019.8     0.00   0.00    0.0  0.005  0.013  0.004  0.003  0.003  0.004
02:37:43 868.51   17.8   30.8   1325    1.6    148    7.3    29.8   0.4   0.82   4.54 4020.8     0.00   0.00    0.0  0.005  0.013  0.004  0.003  0.003  0.004
02:37:44 868.44   17.8   30.8   1326    1.6    144    7.3    29.7   0.4   0.82   4.53 4021.8     0.00   0.00    0.0  0.005  0.013  0.004  0.003  0.003  0.004
02:37:45 868.34   17.8   30.8   1327    1.6    143    7.3    29.8   0.4   0.82   4.54 4022.8     0.00   0.00    0.0  0.005  0.013  0.004  0.003  0.003  0.004
02:37:46 868.65   17.9   30.8   1324    1.6    139    7.3    29.8   0.4   0.82   4.55 4023.8     0.00   0.00    0.0  0.005  0.013  0.004  0.003  0.003  0.004
02:37:48 868.55   17.9   31.1   1325    1.6    143    7.3    29.8   0.6   0.82   4.60 4025.8     0.00   0.00    0.0  0.005  0.013  0.004  0.003  0.003  0.004
02:37:51 869.05   17.7   31.5   1320    1.6    135    7.3    29.7   0.6   0.82   4.62 4028.8     0.00   0.00    0.0  0.005  0.013  0.004  0.003  0.003  0.004
02:37:52 869.11   17.7   31.8   1319    1.6    140    7.3    29.6   0.8   0.82   4.66 4029.8     0.00   0.00    0.0  0.005  0.013  0.004  0.003  0.003  0.004
02:37:53 869.36   17.8   31.7   1317    1.6    132    7.3    29.6   0.8   0.82   4.66 4030.8     0.00   0.00    0.0  0.005  0.013  0.004  0.003  0.003  0.004
02:37:54 869.36   17.7   31.7   1317    1.5    132    7.3    29.6   0.7   0.82   4.64 4031.8     0.00   0.00    0.0  0.005  0.013  0.004  0.003  0.003  0.004
02:37:55 869.07   17.7   31.8   1320    1.4    133    7.3    29.6   0.8   0.82   4.65 4032.8     0.00   0.00    0.0  0.005  0.013  0.004  0.003  0.003  0.004
02:37:56 869.29   17.7   32.1   1318    1.5    129    7.3    29.6   0.9   0.82   4.70 4033.8     0.00   0.00    0.0  0.005  0.013  0.004  0.003  0.003  0.004
02:37:58 869.40   17.7   32.3   1317    1.3    122    7.3    29.5   1.0   0.83   4.72 4035.8     0.00   0.00    0.0  0.005  0.013  0.004  0.003  0.003  0.004
02:37:59 869.17   17.7   32.4   1319    1.3    126    7.3    29.6   1.0   0.83   4.73 4036.8     0.00   0.00    0.0  0.005  0.013  0.004  0.003  0.003  0.004
02:38:00 869.60   17.7   32.5   1315    1.2    130    7.3    29.5   1.0   0.83   4.74 4037.8     0.00   0.00    0.0  0.005  0.013  0.004  0.003  0.003  0.004
02:38:02 869.78   17.6   32.9   1313    1.2    128    7.3    29.5   1.2   0.83   4.79 4039.8     0.00   0.00    0.0  0.005  0.013  0.004  0.003  0.003  0.004
02:38:03 869.58   17.6   33.2   1315    1.2    125    7.3    29.4   1.2   0.83   4.82 4040.8     0.00   0.00    0.0  0.005  0.013  0.004  0.003  0.003  0.004
02:38:04 869.52   17.6   33.3   1316    1.2    123    7.3    29.4   1.3   0.83   4.83 4041.8     0.00   0.00    0.0  0.005  0.013  0.004  0.003  0.003  0.004
02:38:06 869.66   17.5   34.1   1314    1.2    147    7.3    29.3   1.5   0.83   4.91 4043.8     0.00   0.00    0.0  0.005  0.013  0.004  0.003  0.003  0.004
02:38:07 869.84   17.4   34.3   1312    1.1    149    7.3    29.2   1.6   0.83   4.93 4044.8     0.00   0.00    0.0  0.005  0.013  0.004  0.003  0.003  0.004
02:38:08 869.71   17.5   34.4   1314    1.0    161    7.3    29.3   1.6   0.83   4.95 4045.8     0.00   0.00    0.0  0.005  0.013  0.004  0.003  0.003  0.004
02:38:09 869.81   17.4   34.4   1313    1.0    163    7.3    29.2   1.6   0.83   4.94 4046.8     0.00   0.00    0.0  0.005  0.013  0.004  0.003  0.003  0.004
02:38:10 869.86   17.4   34.5   1312    0.9    159    7.3    29.2   1.6   0.83   4.93 4047.8     0.00   0.00    0.0  0.005  0.013  0.004  0.003  0.003  0.004
02:38:11 869.84   17.4   34.4   1312    0.9    157    7.3    29.2   1.6   0.83   4.95 4048.8     0.00   0.00    0.0  0.005  0.013  0.004  0.003  0.003  0.004
02:38:12 869.71   17.4   34.3   1314    0.8    160    7.3    29.2   1.5   0.83   4.91 4049.8     0.00   0.00    0.0  0.005  0.013  0.004  0.003  0.003  0.004
02:38:43 870.11   17.1   35.7   1310   38.5    149    7.5    28.9   1.9   0.83   5.04 4080.8     0.00   0.00    0.0  0.005  0.013  0.004  0.003  0.003  0.004
02:38:46 869.93   17.1   35.9   1311    0.7    162    7.3    28.9   2.0   0.84   5.07 4083.8     0.00   0.00    0.0  0.005  0.013  0.004  0.003  0.003  0.004
02:38:47 869.86   17.2   36.0   1312    0.7    162    7.3    29.0   2.0   0.84   5.10 4084.8     0.00   0.00    0.0  0.005  0.013  0.004  0.003  0.003  0.004
02:38:49 869.94   17.2   35.8   1311    0.6    160    7.3    29.0   2.0   0.84   5.08 4086.8     0.00   0.00    0.0  0.005  0.013  0.004  0.003  0.003  0.004
02:38:50 869.86   17.2   35.8   1312    0.7    173    7.3    29.0   1.9   0.84   5.07 4087.8     0.00   0.00    0.0  0.005  0.013  0.004  0.003  0.003  0.004
02:38:54 869.64   17.4   34.3   1314    0.8    181    7.3    29.2   1.6   0.83   4.93 4091.8     0.00   0.00    0.0  0.005  0.013  0.004  0.003  0.003  0.004
02:38:55 869.53   17.4   34.1   1315    0.8    183    7.3    29.2   1.5   0.83   4.89 4092.8     0.00   0.00    0.0  0.005  0.013  0.004  0.003  0.003  0.004
02:38:56 869.58   17.5   33.4   1315    0.8    186    7.3    29.4   1.3   0.83   4.83 4093.8     0.00   0.00    0.0  0.005  0.013  0.004  0.003  0.003  0.004
02:38:57 869.65   17.5   33.3   1314    1.0    188    7.3    29.4   1.3   0.83   4.82 4094.8     0.00   0.00    0.0  0.005  0.013  0.004  0.003  0.003  0.004
02:39:01 869.26   17.5   33.0   1318    1.1    191    7.3    29.4   1.1   0.83   4.77 4098.8     0.00   0.00    0.0  0.005  0.013  0.004  0.003  0.003  0.004
02:39:02 869.37   17.5   32.9   1317    1.2    192    7.3    29.4   1.1   0.83   4.75 4099.8     0.00   0.00    0.0  0.005  0.013  0.004  0.003  0.003  0.004
02:39:03 869.14   17.5   33.0   1319    1.1    190    7.3    29.4   1.1   0.83   4.78 4100.8     0.00   0.00    0.0  0.005  0.013  0.004  0.003  0.003  0.004
02:39:05 869.06   17.6   32.4   1320    1.2    188    7.3    29.5   0.9   0.82   4.71 4102.8     0.00   0.00    0.0  0.005  0.013  0.004  0.003  0.003  0.004
02:39:06 868.99   17.6   32.3   1321    1.2    189    7.3    29.5   0.9   0.82   4.69 4103.8     0.00   0.00    0.0  0.005  0.013  0.004  0.003  0.003  0.004
02:39:07 868.81   17.6   32.3   1322    1.2    190    7.3    29.5   0.9   0.82   4.69 4104.8     0.00   0.00    0.0  0.005  0.013  0.004  0.003  0.003  0.004
02:39:08 869.02   17.6   32.3   1320    1.2    193    7.3    29.4   0.8   0.82   4.68 4105.8     0.00   0.00    0.0  0.005  0.013  0.004  0.003  0.003  0.004
02:39:10 868.75   17.6   32.0   1323    1.2    193    7.3    29.5   0.7   0.82   4.65 4107.8     0.00   0.00    0.0  0.005  0.013  0.004  0.003  0.003  0.004
02:39:13 868.53   17.7   31.5   1325    1.4    187    7.3    29.7   0.6   0.82   4.62 4110.8     0.00   0.00    0.0  0.005  0.013  0.004  0.003  0.003  0.004
02:39:14 868.66   17.7   31.6   1324    1.4    188    7.3    29.6   0.6   0.82   4.62 4111.8     0.00   0.00    0.0  0.005  0.012  0.004  0.003  0.003  0.004
02:39:18 868.32   17.7   31.3   1327    1.4    187    7.3    29.7   0.5   0.82   4.59 4115.8     0.00   0.00    0.0  0.005  0.013  0.004  0.003  0.003  0.004
02:39:19 868.27   17.8   31.2   1328    1.5    187    7.3    29.7   0.5   0.82   4.58 4116.8     0.00   0.00    0.0  0.005  0.013  0.004  0.003  0.003  0.004
02:39:20 868.52   17.7   31.3   1325    1.5    188    7.3    29.7   0.5   0.82   4.58 4117.8     0.00   0.00    0.0  0.005  0.013  0.004  0.003  0.003  0.004
02:39:21 868.61   17.8   31.2   1324    1.5    187    7.3    29.7   0.5   0.82   4.58 4118.7     0.00   0.00    0.0  0.005  0.013  0.004  0.003  0.003  0.004
02:39:23 868.43   17.7   31.2   1326    1.4    184    7.3    29.7   0.5   0.82   4.58 4120.7     0.00   0.00    0.0  0.005  0.012  0.004  0.003  0.003  0.004
02:39:25 868.20   17.7   31.2   1328    1.4    183    7.3    29.7   0.5   0.82   4.58 4122.7     0.00   0.00    0.0  0.005  0.012  0.004  0.003  0.003  0.004
02:39:26 868.11   17.8   31.1   1329    1.4    182    7.3    29.8   0.5   0.82   4.58 4123.7     0.00   0.00    0.0  0.005  0.012  0.004  0.003  0.003  0.004
02:39:27 868.02   17.7   31.1   1330    1.4    181    7.3    29.7   0.4   0.82   4.55 4124.7     0.00   0.00    0.0  0.005  0.012  0.004  0.003  0.003  0.004
02:39:28 867.86   17.7   31.0   1332    1.4    181    7.3    29.7   0.4   0.82   4.54 4125.7     0.00   0.00    0.0  0.005  0.013  0.004  0.003  0.003  0.004
02:39:29 867.95   17.7   31.0   1331    1.4    183    7.3    29.8   0.5   0.82   4.56 4126.7     0.00   0.00    0.0  0.005  0.012  0.004  0.003  0.003  0.004
02:39:30 867.85   17.7   31.0   1332    1.4    183    7.3    29.8   0.4   0.82   4.55 4127.7     0.00   0.00    0.0  0.005  0.012  0.004  0.003  0.003  0.004
02:39:31 867.87   17.8   31.0   1332    1.4    182    7.3    29.8   0.4   0.82   4.55 4128.7     0.00   0.00    0.0  0.005  0.012  0.004  0.003  0.003  0.004
02:39:32 867.89   17.8   31.0   1331    1.4    183    7.3    29.8   0.5   0.82   4.56 4129.7     0.00   0.00    0.0  0.005  0.012  0.004  0.003  0.003  0.004
02:39:35 867.76   17.8   31.0   1333    1.4    185    7.3    29.8   0.4   0.82   4.56 4132.7     0.00   0.00    0.0  0.005  0.012  0.004  0.003  0.003  0.004
02:39:38 867.72   17.8   31.0   1333    1.4    184    7.3    29.8   0.5   0.82   4.56 4135.7     0.00   0.00    0.0  0.005  0.012  0.004  0.003  0.003  0.004
02:39:40 867.35   17.7   30.9   1337    1.4    184    7.3    29.8   0.4   0.82   4.53 4137.7     0.00   0.00    0.0  0.005  0.012  0.004  0.003  0.003  0.004
02:39:41 867.21   17.7   31.0   1338    1.4    183    7.3    29.8   0.4   0.82   4.55 4138.7     0.00   0.00    0.0  0.005  0.012  0.004  0.003  0.003  0.004
02:39:42 867.39   17.7   30.9   1336    1.4    180    7.3    29.8   0.3   0.82   4.52 4139.7     0.00   0.00    0.0  0.005  0.012  0.004  0.003  0.003  0.004
02:39:43 867.30   17.7   31.0   1337    1.4    180    7.3    29.8   0.4   0.82   4.55 4140.7     0.00   0.00    0.0  0.005  0.012  0.004  0.003  0.003  0.004
02:39:45 867.33   17.7   30.9   1337    1.5    182    7.3    29.8   0.4   0.82   4.53 4142.7     0.00   0.00    0.0  0.005  0.012  0.004  0.003  0.003  0.004
02:39:47 867.24   17.7   30.9   1338    1.5    185    7.3    29.8   0.4   0.82   4.53 4144.7     0.00   0.00    0.0  0.005  0.012  0.004  0.003  0.003  0.004
02:39:50 866.92   17.7   30.9   1341    1.5    186    7.3    29.8   0.4   0.82   4.53 4147.7     0.00   0.00    0.0  0.005  0.012  0.004  0.003  0.003  0.004
02:39:51 866.78   17.7   30.9   1342    1.5    185    7.3    29.8   0.4   0.82   4.53 4148.7     0.00   0.00    0.0  0.005  0.012  0.004  0.003  0.003  0.004
02:39:52 866.69   17.7   30.8   1343    1.5    185    7.3    29.8   0.3   0.82   4.52 4149.7     0.00   0.00    0.0  0.005  0.012  0.004  0.003  0.003  0.004
02:39:53 866.63   17.7   30.8   1344    1.5    185    7.3    29.8   0.3   0.82   4.51 4150.7     0.00   0.00    0.0  0.005  0.012  0.004  0.003  0.003  0.004
02:39:54 866.75   17.7   30.7   1343    1.5    184    7.3    29.8   0.3   0.82   4.50 4151.7     0.00   0.00    0.0  0.005  0.012  0.004  0.003  0.003  0.004
02:39:55 866.70   17.7   30.8   1343    1.6    184    7.3    29.8   0.3   0.82   4.51 4152.7     0.00   0.00    0.0  0.005  0.012  0.004  0.003  0.003  0.004
02:40:00 866.36   17.6   30.9   1347    1.6    186    7.3    29.8   0.3   0.82   4.51 4157.7     0.00   0.00    0.0  0.005  0.012  0.004  0.003  0.003  0.004
02:40:01 866.38   17.7   30.9   1346    1.5    184    7.3    29.8   0.3   0.82   4.52 4158.7     0.00   0.00    0.0  0.005  0.012  0.004  0.003  0.003  0.004
02:40:02 866.43   17.7   30.8   1346    1.6    186    7.3    29.8   0.3   0.82   4.50 4159.7     0.00   0.00    0.0  0.005  0.012  0.004  0.003  0.003  0.004
02:40:04 866.23   17.7   30.9   1348    1.5    185    7.3    29.9   0.3   0.82   4.52 4161.7     0.00   0.00    0.0  0.005  0.012  0.004  0.003  0.003  0.004
02:40:05 866.27   17.7   30.9   1347    1.6    185    7.3    29.8   0.3   0.82   4.52 4162.7     0.00   0.00    0.0  0.005  0.012  0.004  0.003  0.003  0.004
02:40:06 866.21   17.6   30.8   1348    1.5    186    7.3    29.8   0.2   0.82   4.50 4163.7     0.00   0.00    0.0  0.005  0.012  0.004  0.003  0.003  0.004
02:40:07 866.10   17.6   30.7   1349    1.5    186    7.3    29.8   0.2   0.82   4.50 4164.7     0.00   0.00    0.0  0.005  0.012  0.004  0.003  0.003  0.004
02:40:08 866.16   17.6   30.7   1348    1.5    186    7.3    29.8   0.2   0.82   4.49 4165.7     0.00   0.00    0.0  0.005  0.012  0.004  0.003  0.003  0.004
02:40:09 866.09   17.6   30.7   1349    1.5    186    7.3    29.8   0.2   0.82   4.48 4166.7     0.00   0.00    0.0  0.005  0.012  0.004  0.003  0.003  0.004
02:40:13 865.88   17.6   30.7   1351    1.6    186    7.3    29.8   0.1   0.82   4.46 4170.7     0.00   0.00    0.0  0.005  0.012  0.004  0.003  0.003  0.004
02:40:14 865.63   17.6   30.7   1354    1.6    186    7.3    29.8   0.2   0.82   4.48 4171.7     0.00   0.00    0.0  0.005  0.012  0.004  0.003  0.003  0.004
02:40:15 865.58   17.6   30.7   1354    1.6    186    7.3    29.9   0.2   0.82   4.49 4172.7     0.00   0.00    0.0  0.005  0.012  0.004  0.003  0.003  0.004
02:40:15 865.60   17.6   30.8   1354    1.6    187    7.3    29.8   0.2   0.82   4.50 4173.7     0.00   0.00    0.0  0.005  0.012  0.004  0.003  0.003  0.004
02:40:17 865.59   17.6   30.8   1354    1.6    188    7.3    29.8   0.2   0.82   4.49 4174.7     0.00   0.00    0.0  0.005  0.012  0.004  0.003  0.003  0.004
02:40:18 865.73   17.6   30.8   1353    1.6    189    7.3    29.8   0.2   0.82   4.47 4175.7     0.00   0.00    0.0  0.005  0.012  0.004  0.003  0.003  0.004
02:40:21 865.32   17.5   30.7   1357    1.6    196    7.3    29.8   0.1   0.82   4.46 4178.7     0.00   0.00    0.0  0.005  0.012  0.004  0.003  0.003  0.004
02:40:22 865.33   17.6   30.8   1357    1.6    199    7.3    29.8   0.2   0.82   4.49 4179.7     0.00   0.00    0.0  0.005  0.012  0.004  0.003  0.003  0.004
02:40:23 865.45   17.6   30.7   1356    1.6    199    7.3    29.8   0.2   0.82   4.47 4180.7     0.00   0.00    0.0  0.005  0.012  0.004  0.003  0.003  0.004
02:40:25 865.33   17.6   30.7   1357    1.5    198    7.3    29.9   0.2   0.82   4.48 4182.7     0.00   0.00    0.0  0.005  0.012  0.004  0.003  0.003  0.004
02:40:27 865.08   17.5   30.7   1359    1.5    194    7.3    29.8   0.1   0.82   4.47 4184.7     0.00   0.00    0.0  0.005  0.012  0.004  0.003  0.003  0.004
02:40:28 865.15   17.5   30.7   1358    1.5    193    7.3    29.8   0.1   0.82   4.46 4185.7     0.00   0.00    0.0  0.005  0.012  0.004  0.003  0.003  0.004
02:40:29 865.11   17.5   30.8   1359    1.5    191    7.3    29.8   0.1   0.82   4.47 4186.7     0.00   0.00    0.0  0.005  0.012  0.004  0.003  0.003  0.004
02:40:33 865.05   17.5   30.7   1359    1.5    196    7.3    29.8   0.1   0.82   4.46 4190.7     0.00   0.00    0.0  0.005  0.012  0.004  0.003  0.003  0.004
02:40:34 864.96   17.6   30.7   1360    1.6    197    7.3    29.9   0.1   0.82   4.47 4191.7     0.00   0.00    0.0  0.005  0.012  0.004  0.003  0.003  0.004
02:40:36 864.61   17.6   30.7   1364    1.7    201    7.3    29.9   0.2   0.82   4.48 4193.7     0.00   0.00    0.0  0.005  0.012  0.004  0.003  0.003  0.004
02:40:37 864.64   17.5   30.7   1364    1.7    199    7.3    29.9   0.1   0.82   4.46 4194.7     0.00   0.00    0.0  0.005  0.012  0.004  0.003  0.003  0.004
02:40:38 864.51   17.6   30.7   1365    1.6    201    7.3    29.9   0.1   0.82   4.47 4195.7     0.00   0.00    0.0  0.005  0.012  0.004  0.003  0.003  0.004
02:40:39 864.44   17.5   30.7   1365    1.7    201    7.3    29.9   0.1   0.82   4.46 4196.7     0.00   0.00    0.0  0.005  0.012  0.004  0.003  0.003  0.004
02:40:40 864.34   17.5   30.7   1366    1.6    198    7.3    29.9   0.1   0.82   4.45 4197.7     0.00   0.00    0.0  0.005  0.012  0.004  0.003  0.003  0.004
02:40:41 864.52   17.5   30.7   1365    1.6    197    7.3    29.9   0.1   0.82   4.46 4198.7     0.00   0.00    0.0  0.005  0.012  0.004  0.003  0.003  0.004
02:40:43 864.34   17.5   30.6   1367    1.6    201    7.3    29.9   0.1   0.82   4.45 4200.7     0.00   0.00    0.0  0.005  0.012  0.004  0.003  0.003  0.004
02:40:44 864.23   17.5   30.6   1368    1.7    198    7.3    29.9   0.1   0.82   4.45 4201.7     0.00   0.00    0.0  0.005  0.012  0.004  0.003  0.003  0.004
02:40:45 864.29   17.5   30.6   1367    1.7    198    7.3    29.9   0.1   0.82   4.45 4202.7     0.00   0.00    0.0  0.005  0.012  0.004  0.003  0.003  0.004
02:40:46 864.15   17.5   30.6   1368    1.7    198    7.3    29.9   0.0   0.82   4.45 4203.7     0.00   0.00    0.0  0.005  0.012  0.004  0.003  0.003  0.004
02:40:51 863.93   17.5   30.6   1371    1.7    202    7.3    29.9   0.0   0.82   4.44 4208.7     0.00   0.00    0.0  0.005  0.012  0.004  0.003  0.003  0.004
02:40:54 863.53   17.5   30.6   1374    1.6    204    7.3    29.9   0.0   0.82   4.44 4211.7     0.00   0.00    0.0  0.005  0.012  0.004  0.003  0.003  0.004
02:40:56 863.77   17.5   30.5   1372    1.6    205    7.3    29.9   0.0   0.82   4.44 4213.7     0.00   0.00    0.0  0.005  0.012  0.004  0.003  0.003  0.004
02:40:57 863.51   17.5   30.5   1375    1.5    203    7.3    30.0   0.0   0.82   4.44 4214.7     0.00   0.00    0.0  0.005  0.012  0.004  0.003  0.003  0.004
02:40:58 863.49   17.5   30.5   1375    1.5    203    7.3    30.0   0.0   0.82   4.44 4215.7     0.00   0.00    0.0  0.005  0.012  0.004  0.003  0.003  0.004
02:40:59 863.53   17.4   30.6   1375    1.5    204    7.3    29.9  -0.0   0.82   4.43 4216.7     0.00   0.00    0.0  0.005  0.012  0.004  0.003  0.003  0.004
02:41:01 863.34   17.5   30.6   1376    1.4    206    7.3    30.0   0.1   0.82   4.45 4218.6     0.00   0.00    0.0  0.005  0.012  0.004  0.003  0.003  0.004
02:41:02 863.31   17.5   30.6   1377    1.4    206    7.3    29.9   0.0   0.82   4.44 4219.6     0.00   0.00    0.0  0.005  0.012  0.004  0.003  0.003  0.004
02:41:03 863.32   17.4   30.6   1377    1.4    205    7.3    29.9  -0.0   0.82   4.43 4220.6     0.00   0.00    0.0  0.005  0.012  0.004  0.003  0.003  0.004
02:41:09 862.96   17.4   30.6   1380    1.4    201    7.3    29.9  -0.0   0.82   4.42 4226.6     0.00   0.00    0.0  0.005  0.012  0.004  0.003  0.003  0.004
02:41:10 862.88   17.5   30.5   1381    1.4    200    7.3    30.0  -0.0   0.82   4.43 4227.6     0.00   0.00    0.0  0.005  0.012  0.004  0.003  0.003  0.004
02:41:11 862.94   17.5   30.5   1380    1.4    200    7.3    30.0  -0.0   0.82   4.42 4228.6     0.00   0.00    0.0  0.005  0.012  0.004  0.003  0.003  0.004
02:41:12 863.06   17.4   30.6   1379    1.4    201    7.3    29.9  -0.0   0.82   4.43 4229.6     0.00   0.00    0.0  0.005  0.012  0.004  0.003  0.003  0.004
02:41:16 862.68   17.5   30.6   1383    1.4    206    7.3    30.0  -0.0   0.82   4.43 4233.6     0.00   0.00    0.0  0.005  0.012  0.004  0.003  0.003  0.004
02:41:17 862.74   17.4   30.6   1382    1.4    207    7.3    30.0  -0.0   0.82   4.43 4234.6     0.00   0.00    0.0  0.005  0.012  0.004  0.003  0.003  0.004
02:41:19 862.56   17.4   30.6   1384    1.4    205    7.3    30.0  -0.0   0.82   4.43 4236.6     0.00   0.00    0.0  0.005  0.012  0.004  0.003  0.003  0.004
02:41:20 862.64   17.4   30.6   1383    1.4    205    7.3    30.0  -0.0   0.82   4.43 4237.6     0.00   0.00    0.0  0.005  0.012  0.004  0.003  0.003  0.004
02:41:23 862.27   17.4   30.6   1387    1.4    203    7.3    30.0  -0.0   0.82   4.43 4240.6     0.00   0.00    0.0  0.005  0.012  0.004  0.003  0.003  0.004
02:41:24 862.39   17.4   30.6   1386    1.4    202    7.3    29.9  -0.0   0.82   4.42 4241.6     0.00   0.00    0.0  0.005  0.012  0.004  0.003  0.003  0.004
02:41:25 862.29   17.4   30.7   1387    1.4    203    7.3    30.0  -0.0   0.82   4.44 4242.6     0.00   0.00    0.0  0.005  0.012  0.004  0.003  0.003  0.004
02:41:28 862.18   17.4   30.7   1388    1.4    206    7.3    29.9  -0.0   0.82   4.42 4245.6     0.00   0.00    0.0  0.005  0.012  0.004  0.003  0.003  0.004
02:41:30 862.04   17.4   30.7   1389    1.4    208    7.3    30.0  -0.0   0.82   4.43 4247.6     0.00   0.00    0.0  0.005  0.012  0.004  0.003  0.003  0.004
02:41:31 861.98   17.3   30.7   1390    1.4    206    7.3    29.9  -0.1   0.82   4.42 4248.6     0.00   0.00    0.0  0.005  0.012  0.004  0.003  0.003  0.004
02:41:32 861.90   17.4   30.7   1391    1.4    208    7.3    30.0  -0.0   0.82   4.44 4249.6     0.00   0.00    0.0  0.005  0.012  0.004  0.003  0.003  0.004
02:41:33 862.01   17.4   30.7   1389    1.4    207    7.3    30.0  -0.0   0.82   4.43 4250.6     0.00   0.00    0.0  0.005  0.012  0.004  0.003  0.003  0.004
02:41:34 861.81   17.4   30.7   1391    1.4    207    7.3    30.0  -0.0   0.82   4.42 4251.6     0.00   0.00    0.0  0.005  0.012  0.004  0.003  0.003  0.004
02:41:36 861.80   17.4   30.7   1392    1.4    206    7.3    30.0  -0.0   0.82   4.44 4253.6     0.00   0.00    0.0  0.005  0.012  0.004  0.003  0.003  0.004
02:41:37 861.64   17.4   30.7   1393    1.4    205    7.3    30.0  -0.0   0.82   4.44 4254.6     0.00   0.00    0.0  0.005  0.012  0.004  0.003  0.003  0.004
02:41:38 861.59   17.3   30.7   1394    1.4    202    7.3    30.0  -0.1   0.82   4.42 4255.6     0.00   0.00    0.0  0.005  0.012  0.004  0.003  0.003  0.004
02:41:39 861.39   17.3   30.7   1396    1.4    198    7.3    30.0  -0.0   0.82   4.43 4256.6     0.00   0.00    0.0  0.005  0.012  0.004  0.003  0.003  0.004
02:41:40 861.51   17.3   30.8   1394    1.4    199    7.3    29.9  -0.1   0.82   4.42 4257.6     0.00   0.00    0.0  0.005  0.012  0.004  0.003  0.003  0.004
02:41:41 861.48   17.3   30.7   1395    1.4    202    7.3    30.0  -0.0   0.82   4.43 4258.6     0.00   0.00    0.0  0.005  0.012  0.004  0.003  0.003  0.004
02:41:43 861.34   17.3   30.9   1396    1.4    204    7.3    30.0  -0.0   0.82   4.44 4260.6     0.00   0.00    0.0  0.005  0.012  0.004  0.003  0.003  0.004
02:41:44 861.31   17.3   30.8   1396    1.5    204    7.3    30.0  -0.0   0.82   4.43 4261.6     0.00   0.00    0.0  0.005  0.012  0.004  0.003  0.003  0.004
02:41:45 861.20   17.3   30.8   1398    1.5    201    7.3    30.0  -0.1   0.82   4.42 4262.6     0.00   0.00    0.0  0.005  0.012  0.004  0.003  0.003  0.004
02:41:46 861.52   17.3   30.7   1394    1.5    200    7.3    29.9  -0.1   0.82   4.41 4263.6     0.00   0.00    0.0  0.005  0.012  0.004  0.003  0.003  0.004
02:41:47 861.36   17.3   30.8   1396    1.5    202    7.3    30.0  -0.0   0.82   4.43 4264.6     0.00   0.00    0.0  0.005  0.012  0.004  0.003  0.003  0.004
02:41:48 861.20   17.3   30.8   1398    1.5    205    7.3    30.0  -0.0   0.82   4.43 4265.6     0.00   0.00    0.0  0.005  0.012  0.004  0.003  0.003  0.004
02:41:50 861.20   17.3   30.8   1398    1.4    206    7.3    29.9  -0.1   0.82   4.42 4267.6     0.00   0.00    0.0  0.005  0.012  0.004  0.003  0.003  0.004
02:41:51 860.87   17.2   30.8   1401    1.4    205    7.3    29.9  -0.1   0.82   4.41 4268.6     0.00   0.00    0.0  0.005  0.012  0.004  0.003  0.003  0.004
02:41:52 861.01   17.3   30.8   1399    1.5    203    7.3    29.9  -0.1   0.82   4.42 4269.6     0.00   0.00    0.0  0.005  0.012  0.004  0.003  0.003  0.004
02:41:53 860.92   17.3   30.9   1400    1.5    200    7.3    30.0  -0.0   0.82   4.43 4270.6     0.00   0.00    0.0  0.005  0.012  0.004  0.003  0.003  0.004
02:41:54 860.74   17.3   30.8   1402    1.5    200    7.3    30.0  -0.1   0.82   4.42 4271.6     0.00   0.00    0.0  0.005  0.012  0.004  0.003  0.003  0.004
02:41:57 860.59   17.3   30.9   1404    1.5    196    7.3    30.1   0.0   0.82   4.45 4274.6     0.00   0.00    0.0  0.005  0.012  0.004  0.003  0.003  0.004
02:41:58 860.57   17.3   30.8   1404    1.5    198    7.3    30.0  -0.0   0.82   4.43 4275.6     0.00   0.00    0.0  0.005  0.012  0.004  0.003  0.003  0.004
02:42:00 860.62   17.2   30.9   1403    1.6    206    7.3    30.0  -0.1   0.82   4.42 4277.6     0.00   0.00    0.0  0.005  0.012  0.004  0.003  0.003  0.004
02:42:02 860.38   17.2   30.9   1406    1.6    208    7.3    30.0  -0.1   0.82   4.42 4279.6     0.00   0.00    0.0  0.005  0.012  0.004  0.003  0.003  0.004
02:42:03 860.35   17.2   30.9   1406    1.5    206    7.3    30.0  -0.0   0.82   4.43 4280.6     0.00   0.00    0.0  0.005  0.012  0.004  0.003  0.003  0.004
02:42:04 860.23   17.3   30.9   1407    1.5    203    7.3    30.0  -0.0   0.82   4.44 4281.6     0.00   0.00    0.0  0.005  0.012  0.004  0.003  0.003  0.004
02:42:05 860.16   17.2   30.9   1408    1.5    204    7.3    30.0  -0.0   0.82   4.43 4282.6     0.00   0.00    0.0  0.005  0.012  0.004  0.003  0.003  0.004
02:42:06 860.29   17.2   30.9   1407    1.5    205    7.3    30.0  -0.1   0.82   4.43 4283.6     0.00   0.00    0.0  0.005  0.012  0.004  0.003  0.003  0.004
02:42:07 860.42   17.2   30.9   1405    1.6    206    7.3    30.0  -0.1   0.82   4.43 4284.6     0.00   0.00    0.0  0.005  0.012  0.004  0.003  0.003  0.004
02:42:08 860.08   17.2   31.0   1409    1.6    205    7.3    30.0  -0.1   0.82   4.43 4285.6     0.00   0.00    0.0  0.005  0.012  0.004  0.003  0.003  0.004
02:42:09 860.09   17.2   31.0   1408    1.6    207    7.3    29.9  -0.1   0.82   4.42 4286.6     0.00   0.00    0.0  0.005  0.012  0.004  0.003  0.003  0.004
02:42:11 860.11   17.2   31.0   1408    1.5    207    7.3    30.0  -0.1   0.82   4.42 4288.6     0.00   0.00    0.0  0.005  0.012  0.004  0.003  0.003  0.004
02:42:12 859.96   17.2   31.0   1410    1.5    207    7.3    30.0  -0.1   0.82   4.43 4289.6     0.00   0.00    0.0  0.005  0.012  0.004  0.003  0.003  0.004
02:42:16 859.93   17.2   31.0   1410    1.5    206    7.3    30.0  -0.1   0.82   4.43 4293.6     0.00   0.00    0.0  0.005  0.012  0.004  0.003  0.003  0.004
02:42:17 859.83   17.1   31.0   1411    1.4    207    7.3    29.9  -0.1   0.82   4.42 4294.6     0.00   0.00    0.0  0.005  0.012  0.004  0.003  0.003  0.004
02:42:18 859.82   17.1   31.1   1411    1.5    208    7.3    30.0  -0.1   0.82   4.43 4295.6     0.00   0.00    0.0  0.005  0.012  0.004  0.003  0.003  0.004
02:42:19 859.65   17.1   31.0   1413    1.5    208    7.3    30.0  -0.1   0.82   4.42 4296.6     0.00   0.00    0.0  0.005  0.012  0.004  0.003  0.003  0.004
02:42:20 859.70   17.1   31.0   1412    1.4    207    7.3    30.0  -0.1   0.82   4.43 4297.6     0.00   0.00    0.0  0.005  0.012  0.004  0.003  0.003  0.004
02:42:22 859.57   17.1   31.1   1414    1.5    207    7.3    30.0  -0.1   0.82   4.43 4299.6     0.00   0.00    0.0  0.005  0.012  0.004  0.003  0.003  0.004
02:42:23 859.54   17.1   31.1   1414    1.5    206    7.3    30.0  -0.1   0.82   4.43 4300.6     0.00   0.00    0.0  0.005  0.012  0.004  0.003  0.003  0.004
02:42:24 859.49   17.1   31.1   1414    1.5    205    7.3    30.0  -0.1   0.82   4.43 4301.6     0.00   0.00    0.0  0.005  0.012  0.004  0.003  0.003  0.004
02:42:25 859.39   17.1   31.1   1415    1.6    203    7.3    30.0  -0.1   0.82   4.43 4302.6     0.00   0.00    0.0  0.005  0.012  0.004  0.003  0.003  0.004
02:42:26 859.40   17.1   31.1   1415    1.6    199    7.3    30.0  -0.1   0.82   4.43 4303.6     0.00   0.00    0.0  0.005  0.012  0.004  0.003  0.003  0.004
02:42:28 859.03   17.1   31.1   1419    1.8    197    7.3    30.0  -0.1   0.82   4.42 4305.6     0.00   0.00    0.0  0.005  0.012  0.004  0.003  0.003  0.004
02:42:30 858.94   17.1   31.1   1420    1.9    204    7.3    30.0  -0.1   0.82   4.44 4307.6     0.00   0.00    0.0  0.005  0.012  0.004  0.003  0.003  0.004
02:42:31 858.78   17.1   31.2   1421    2.0    206    7.3    30.0  -0.1   0.82   4.43 4308.6     0.00   0.00    0.0  0.005  0.012  0.004  0.003  0.003  0.004
02:42:32 858.92   17.1   31.1   1420    2.0    207    7.3    30.0  -0.1   0.82   4.43 4309.6     0.00   0.00    0.0  0.005  0.012  0.004  0.003  0.003  0.004
02:42:33 858.91   17.1   31.1   1420    2.0    208    7.3    29.9  -0.1   0.82   4.42 4310.6     0.00   0.00    0.0  0.005  0.012  0.004  0.003  0.003  0.004
02:42:34 858.70   17.1   31.2   1422    2.1    208    7.3    30.0  -0.1   0.82   4.42 4311.6     0.00   0.00    0.0  0.005  0.012  0.004  0.003  0.003  0.004
02:42:35 858.71   17.1   31.2   1422    2.1    210    7.3    30.0  -0.1   0.82   4.43 4312.6     0.00   0.00    0.0  0.005  0.012  0.004  0.003  0.003  0.004
02:42:36 858.78   17.1   31.1   1421    2.1    206    7.3    30.0  -0.1   0.82   4.42 4313.6     0.00   0.00    0.0  0.005  0.012  0.004  0.003  0.003  0.004
02:42:38 858.59   17.1   31.1   1423    1.9    204    7.3    30.0  -0.1   0.82   4.43 4315.6     0.00   0.00    0.0  0.005  0.012  0.004  0.003  0.003  0.004
02:42:41 858.45   17.1   31.2   1425    1.7    203    7.3    30.0  -0.1   0.82   4.42 4318.5     0.00   0.00    0.0  0.005  0.012  0.004  0.003  0.003  0.004
02:42:42 858.56   17.0   31.2   1424    1.6    205    7.3    30.0  -0.1   0.82   4.42 4319.5     0.00   0.00    0.0  0.005  0.012  0.004  0.003  0.003  0.004
02:42:43 858.40   17.0   31.2   1425    1.6    203    7.3    30.0  -0.1   0.82   4.42 4320.5     0.00   0.00    0.0  0.005  0.012  0.004  0.003  0.003  0.004
02:42:45 858.50   17.1   31.2   1424    1.5    203    7.3    30.0  -0.0   0.82   4.45 4322.5     0.00   0.00    0.0  0.005  0.012  0.004  0.003  0.003  0.004
02:42:46 858.38   17.0   31.2   1425    1.4    200    7.3    30.0  -0.1   0.82   4.43 4323.5     0.00   0.00    0.0  0.005  0.012  0.004  0.003  0.003  0.004
02:42:48 858.19   17.0   31.3   1427    1.4    204    7.3    29.9  -0.1   0.82   4.42 4325.5     0.00   0.00    0.0  0.005  0.012  0.004  0.003  0.003  0.004
02:42:49 858.01   17.0   31.3   1429    1.3    206    7.3    30.0  -0.1   0.82   4.43 4326.5     0.00   0.00    0.0  0.005  0.012  0.004  0.003  0.003  0.004
02:42:50 857.83   17.0   31.3   1431    1.3    203    7.3    30.0  -0.1   0.82   4.42 4327.5     0.00   0.00    0.0  0.005  0.012  0.004  0.003  0.003  0.004
02:42:52 858.11   17.0   31.3   1428    1.4    205    7.3    29.9  -0.1   0.82   4.43 4329.5     0.00   0.00    0.0  0.005  0.012  0.004  0.003  0.003  0.004
02:42:54 857.95   17.0   31.3   1430    1.3    205    7.3    30.0  -0.1   0.82   4.43 4331.5     0.00   0.00    0.0  0.005  0.012  0.004  0.003  0.003  0.004
02:42:55 857.68   17.0   31.3   1432    1.3    205    7.3    30.0  -0.1   0.82   4.42 4332.5     0.00   0.00    0.0  0.005  0.012  0.004  0.003  0.003  0.004
02:42:56 857.98   17.0   31.3   1429    1.3    201    7.3    30.0  -0.1   0.82   4.42 4333.5     0.00   0.00    0.0  0.005  0.012  0.004  0.003  0.003  0.004
02:42:57 857.74   17.0   31.3   1432    1.3    202    7.3    30.0  -0.1   0.82   4.43 4334.5     0.00   0.00    0.0  0.005  0.012  0.004  0.003  0.003  0.004
02:43:01 857.34   17.0   31.4   1436    1.3    195    7.3    30.0  -0.1   0.82   4.43 4338.5     0.00   0.00    0.0  0.005  0.012  0.004  0.003  0.003  0.004
02:43:02 857.42   16.9   31.4   1435    1.4    194    7.3    30.0  -0.1   0.82   4.43 4339.5     0.00   0.00    0.0  0.005  0.012  0.004  0.003  0.003  0.004
02:43:03 857.30   16.9   31.4   1436    1.4    197    7.3    30.0  -0.1   0.82   4.43 4340.5     0.00   0.00    0.0  0.005  0.012  0.004  0.003  0.003  0.004
02:43:04 857.30   17.0   31.4   1436    1.4    196    7.3    30.1  -0.1   0.82   4.45 4341.5     0.00   0.00    0.0  0.005  0.012  0.004  0.003  0.003  0.004
02:43:04 857.32   16.9   31.4   1436    1.5    198    7.3    30.0  -0.1   0.82   4.42 4342.5     0.00   0.00    0.0  0.005  0.012  0.004  0.003  0.003  0.004
02:43:05 857.35   16.9   31.4   1436    1.5    200    7.3    29.9  -0.1   0.82   4.42 4343.5     0.00   0.00    0.0  0.005  0.012  0.004  0.003  0.003  0.004
02:43:09 857.40   16.9   31.4   1435    1.6    202    7.3    29.9  -0.1   0.82   4.43 4346.5     0.00   0.00    0.0  0.005  0.012  0.004  0.003  0.003  0.004
02:43:11 857.07   16.9   31.5   1439    1.6    198    7.3    30.0  -0.1   0.82   4.44 4348.5     0.00   0.00    0.0  0.005  0.012  0.004  0.003  0.003  0.004
02:43:12 856.91   16.9   31.5   1440    1.6    200    7.3    30.0  -0.1   0.82   4.42 4349.5     0.00   0.00    0.0  0.005  0.012  0.004  0.003  0.003  0.004
02:43:12 857.03   16.9   31.5   1439    1.5    200    7.3    30.0  -0.1   0.82   4.44 4350.5     0.00   0.00    0.0  0.005  0.012  0.004  0.003  0.003  0.004
02:43:15 857.01   16.9   31.5   1439    1.5    199    7.3    30.0  -0.1   0.82   4.42 4352.5     0.00   0.00    0.0  0.005  0.012  0.004  0.003  0.003  0.004
02:43:16 856.91   16.9   31.5   1440    1.4    197    7.3    29.9  -0.1   0.82   4.42 4353.5     0.00   0.00    0.0  0.005  0.012  0.004  0.003  0.003  0.004
02:43:17 856.75   16.9   31.5   1442    1.4    194    7.3    30.0  -0.1   0.82   4.44 4354.5     0.00   0.00    0.0  0.005  0.012  0.004  0.003  0.003  0.004
02:43:18 856.61   16.9   31.5   1443    1.4    193    7.3    30.0  -0.1   0.82   4.44 4355.5     0.00   0.00    0.0  0.005  0.011  0.004  0.003  0.003  0.004
02:43:20 856.39   16.8   31.5   1445    1.3    195    7.3    30.0  -0.1   0.82   4.42 4357.5     0.00   0.00    0.0  0.005  0.012  0.004  0.003  0.003  0.004
02:43:21 856.66   16.9   31.6   1443    1.2    194    7.3    30.0  -0.1   0.82   4.44 4358.5     0.00   0.00    0.0  0.005  0.011  0.004  0.003  0.003  0.004
02:43:23 856.44   16.9   31.6   1445    1.2    196    7.3    30.0  -0.1   0.82   4.45 4360.5     0.00   0.00    0.0  0.005  0.011  0.004  0.003  0.003  0.004
02:43:24 856.42   16.8   31.6   1445    1.1    195    7.3    30.0  -0.1   0.82   4.44 4361.5     0.00   0.00    0.0  0.005  0.011  0.004  0.003  0.003  0.004
02:43:27 856.21   16.8   31.7   1447    1.1    193    7.3    30.0  -0.1   0.82   4.44 4365.5     0.00   0.00    0.0  0.005  0.011  0.004  0.003  0.003  0.004
02:43:29 856.13   16.8   31.7   1448    1.0    196    7.3    30.0  -0.1   0.82   4.44 4366.5     0.00   0.00    0.0  0.005  0.011  0.004  0.003  0.003  0.004
02:43:30 856.08   16.8   31.7   1448    1.0    194    7.3    30.0  -0.1   0.82   4.44 4367.5     0.00   0.00    0.0  0.005  0.011  0.004  0.003  0.003  0.004
02:43:31 855.90   16.8   31.7   1450    1.0    195    7.3    30.0  -0.1   0.82   4.45 4368.5     0.00   0.00    0.0  0.005  0.011  0.004  0.003  0.003  0.004
02:43:32 856.26   16.8   31.7   1447    0.9    199    7.3    29.9  -0.1   0.82   4.43 4369.5     0.00   0.00    0.0  0.005  0.011  0.004  0.003  0.003  0.004
02:43:35 855.62   16.8   31.8   1453    0.9    209    7.3    30.0  -0.1   0.82   4.45 4372.5     0.00   0.00    0.0  0.005  0.011  0.004  0.003  0.003  0.004
02:43:35 855.76   16.8   31.8   1451    0.9    215    7.3    30.0  -0.1   0.82   4.45 4373.5     0.00   0.00    0.0  0.005  0.011  0.004  0.003  0.003  0.004
02:43:36 855.73   16.8   31.8   1452    0.8    221    7.3    30.0  -0.0   0.82   4.47 4374.5     0.00   0.00    0.0  0.005  0.011  0.004  0.003  0.003  0.004
02:43:37 855.66   16.7   31.8   1452    0.9    225    7.3    30.0  -0.1   0.82   4.45 4375.5     0.00   0.00    0.0  0.005  0.011  0.004  0.003  0.003  0.004
02:43:38 855.59   16.7   31.8   1453    0.8    228    7.3    29.9  -0.1   0.82   4.44 4376.5     0.00   0.00    0.0  0.005  0.011  0.004  0.003  0.003  0.004
02:43:39 855.64   16.7   31.8   1453    0.8    230    7.3    29.9  -0.1   0.82   4.44 4377.5     0.00   0.00    0.0  0.005  0.011  0.004  0.003  0.003  0.004
02:43:43 855.52   16.8   31.8   1454    0.9    219    7.3    30.0  -0.1   0.82   4.46 4381.5     0.00   0.00    0.0  0.005  0.011  0.004  0.003  0.003  0.004
02:43:44 855.36   16.7   31.8   1455    0.9    212    7.3    30.0  -0.1   0.82   4.44 4382.5     0.00   0.00    0.0  0.005  0.011  0.004  0.003  0.003  0.004
02:43:49 855.09   16.7   31.9   1458    1.0    207    7.3    30.0  -0.1   0.82   4.44 4386.5     0.00   0.00    0.0  0.005  0.011  0.004  0.003  0.003  0.004
02:43:49 855.32   16.7   31.9   1456    1.0    207    7.3    30.0  -0.1   0.82   4.45 4387.5     0.00   0.00    0.0  0.005  0.011  0.004  0.003  0.003  0.004
02:43:51 855.05   16.7   31.9   1459    1.1    203    7.3    29.9  -0.1   0.82   4.43 4389.5     0.00   0.00    0.0  0.005  0.011  0.004  0.003  0.003  0.004
02:43:52 854.73   16.7   31.9   1462    1.2    200    7.3    30.0  -0.1   0.82   4.44 4390.5     0.00   0.00    0.0  0.005  0.011  0.004  0.003  0.003  0.004
02:43:54 855.01   16.6   31.9   1459    1.2    202    7.3    29.9  -0.1   0.82   4.43 4391.5     0.00   0.00    0.0  0.005  0.011  0.004  0.003  0.003  0.004
02:43:54 854.91   16.7   31.9   1460    1.2    201    7.3    30.0  -0.1   0.82   4.44 4392.5     0.00   0.00    0.0  0.005  0.011  0.004  0.003  0.003  0.004
02:43:55 854.87   16.7   31.9   1460    1.2    197    7.3    30.0  -0.1   0.82   4.45 4393.5     0.00   0.00    0.0  0.005  0.011  0.004  0.003  0.003  0.004
02:43:56 854.80   16.7   31.9   1461    1.2    195    7.3    30.0  -0.1   0.82   4.44 4394.5     0.00   0.00    0.0  0.005  0.011  0.004  0.003  0.003  0.004
02:43:58 854.72   16.7   31.9   1462    1.2    198    7.3    30.0  -0.1   0.82   4.45 4396.5     0.00   0.00    0.0  0.005  0.011  0.004  0.003  0.003  0.004
02:44:01 854.69   16.6   31.9   1462    1.0    191    7.3    29.9  -0.1   0.82   4.43 4399.5     0.00   0.00    0.0  0.005  0.011  0.004  0.003  0.003  0.004
02:44:02 854.50   16.6   32.0   1464    1.0    189    7.3    29.9  -0.1   0.82   4.43 4400.5     0.00   0.00    0.0  0.005  0.011  0.004  0.003  0.003  0.004
02:44:03 854.39   16.6   32.0   1465    1.0    188    7.3    30.0  -0.1   0.82   4.44 4401.5     0.00   0.00    0.0  0.005  0.011  0.004  0.003  0.003  0.004
02:44:04 854.21   16.6   32.0   1467    1.0    187    7.3    30.0  -0.1   0.82   4.44 4402.5     0.00   0.00    0.0  0.005  0.011  0.004  0.003  0.003  0.004
02:44:05 854.48   16.6   32.0   1464    1.0    185    7.3    30.0  -0.1   0.82   4.44 4403.5     0.00   0.00    0.0  0.005  0.011  0.004  0.003  0.003  0.004
02:44:06 854.35   16.6   32.0   1465    1.0    184    7.3    29.9  -0.1   0.82   4.43 4404.5     0.00   0.00    0.0  0.005  0.011  0.004  0.003  0.003  0.004
02:44:07 854.15   16.6   32.0   1468    1.1    186    7.3    29.9  -0.1   0.82   4.43 4405.5     0.00   0.00    0.0  0.005  0.011  0.004  0.003  0.003  0.004
02:44:08 854.15   16.6   32.0   1468    1.0    189    7.3    30.0  -0.1   0.82   4.45 4406.5     0.00   0.00    0.0  0.005  0.011  0.004  0.003  0.003  0.004
02:44:09 854.15   16.6   32.0   1467    1.1    193    7.3    29.9  -0.1   0.82   4.43 4407.5     0.00   0.00    0.0  0.005  0.011  0.004  0.003  0.003  0.004
02:44:11 854.01   16.6   32.1   1469    1.1    208    7.3    29.9  -0.1   0.82   4.44 4409.5     0.00   0.00    0.0  0.005  0.011  0.004  0.003  0.003  0.004
02:44:12 854.03   16.6   32.1   1469    1.1    210    7.3    30.0  -0.1   0.82   4.45 4410.5     0.00   0.00    0.0  0.005  0.011  0.004  0.003  0.003  0.004
02:44:13 853.83   16.6   32.0   1471    1.0    205    7.3    30.0  -0.1   0.82   4.44 4411.5     0.00   0.00    0.0  0.005  0.011  0.004  0.003  0.003  0.004
02:44:14 853.90   16.6   32.1   1470    1.0    200    7.3    30.0  -0.1   0.82   4.44 4412.5     0.00   0.00    0.0  0.005  0.011  0.004  0.003  0.003  0.004
02:44:15 853.87   16.6   32.0   1470    1.0    197    7.3    30.0  -0.1   0.82   4.44 4413.5     0.00   0.00    0.0  0.005  0.011  0.004  0.003  0.003  0.004
02:44:17 853.86   16.5   32.1   1470    0.9    194    7.3    29.9  -0.1   0.82   4.43 4415.5     0.00   0.00    0.0  0.005  0.011  0.004  0.003  0.003  0.004
02:44:18 853.77   16.5   32.1   1471    0.9    194    7.3    29.9  -0.1   0.82   4.43 4416.5     0.00   0.00    0.0  0.005  0.011  0.004  0.003  0.003  0.004
02:44:19 853.85   16.6   32.1   1470    0.9    198    7.3    30.0  -0.1   0.82   4.46 4417.5     0.00   0.00    0.0  0.005  0.011  0.004  0.003  0.003  0.004
02:44:20 853.77   16.5   32.1   1471    0.9    201    7.3    29.9  -0.1   0.82   4.44 4418.4     0.00   0.00    0.0  0.005  0.011  0.004  0.003  0.003  0.004
02:44:21 853.75   16.6   32.1   1471    0.9    204    7.3    30.0  -0.1   0.82   4.45 4419.4     0.00   0.00    0.0  0.005  0.011  0.004  0.003  0.003  0.004
02:44:25 853.42   16.5   32.2   1475    0.9    211    7.3    29.9  -0.1   0.82   4.45 4423.4     0.00   0.00    0.0  0.005  0.011  0.004  0.003  0.003  0.004
02:44:26 853.48   16.5   32.2   1474    0.9    209    7.3    30.0  -0.1   0.82   4.46 4424.4     0.00   0.00    0.0  0.005  0.011  0.004  0.003  0.003  0.004
02:44:29 853.12   16.5   32.2   1478    0.9    202    7.3    29.9  -0.1   0.82   4.44 4427.4     0.00   0.00    0.0  0.005  0.011  0.004  0.003  0.003  0.004
02:44:32 853.19   16.5   32.3   1477    1.0    196    7.3    30.0  -0.1   0.82   4.46 4430.4     0.00   0.00    0.0  0.005  0.011  0.004  0.003  0.003  0.004
02:44:34 852.98   16.5   32.3   1479    1.0    190    7.3    30.0  -0.1   0.82   4.46 4432.4     0.00   0.00    0.0  0.005  0.011  0.004  0.003  0.003  0.004
02:44:35 852.97   16.5   32.3   1479    0.9    185    7.3    30.0  -0.1   0.82   4.46 4433.4     0.00   0.00    0.0  0.005  0.011  0.004  0.003  0.003  0.004
02:44:36 852.87   16.4   32.3   1480    0.9    184    7.3    29.9  -0.1   0.82   4.43 4434.4     0.00   0.00    0.0  0.005  0.011  0.004  0.003  0.003  0.004
02:44:38 852.79   16.5   32.3   1481    0.9    185    7.3    29.9  -0.1   0.82   4.44 4436.4     0.00   0.00    0.0  0.005  0.011  0.004  0.003  0.003  0.004
02:44:39 852.69   16.5   32.3   1482    1.0    191    7.3    30.0  -0.1   0.82   4.46 4437.4     0.00   0.00    0.0  0.005  0.011  0.004  0.003  0.003  0.004
02:44:42 852.19   16.4   32.4   1487    1.0    183    7.3    30.0  -0.1   0.82   4.45 4440.4     0.00   0.00    0.0  0.005  0.011  0.004  0.003  0.003  0.004
02:44:43 852.47   16.5   32.4   1484    1.1    188    7.3    30.0  -0.1   0.82   4.46 4441.4     0.00   0.00    0.0  0.005  0.011  0.004  0.003  0.003  0.004
02:44:44 852.49   16.5   32.4   1484    1.1    194    7.3    30.0  -0.1   0.82   4.46 4442.4     0.00   0.00    0.0  0.005  0.011  0.004  0.003  0.003  0.004
02:44:46 852.55   16.5   32.4   1483    1.1    202    7.3    30.0  -0.1   0.82   4.46 4444.4     0.00   0.00    0.0  0.005  0.011  0.004  0.003  0.003  0.004
02:44:47 852.28   16.4   32.4   1486    1.0    199    7.3    29.9  -0.1   0.82   4.44 4445.4     0.00   0.00    0.0  0.005  0.011  0.004  0.003  0.003  0.004
02:44:48 852.28   16.4   32.4   1486    1.1    196    7.3    30.0  -0.1   0.82   4.45 4446.4     0.00   0.00    0.0  0.005  0.011  0.004  0.003  0.003  0.004
02:44:49 852.27   16.4   32.3   1486    1.2    196    7.2    30.0  -0.1   0.82   4.44 4447.4     0.00   0.00    0.0  0.005  0.011  0.004  0.003  0.003  0.004
02:44:50 852.32   16.4   32.3   1486    1.2    195    7.2    29.9  -0.2   0.82   4.43 4448.4     0.00   0.00    0.0  0.005  0.011  0.004  0.003  0.003  0.004
02:44:53 852.17   16.4   32.3   1487    1.3    188    7.2    29.9  -0.2   0.82   4.43 4451.4     0.00   0.00    0.0  0.005  0.011  0.004  0.003  0.003  0.004
02:44:54 851.92   16.4   32.4   1490    1.3    182    7.2    29.9  -0.2   0.82   4.42 4452.4     0.00   0.00    0.0  0.005  0.011  0.004  0.003  0.003  0.004
02:44:58 851.60   16.4   32.4   1493    1.3    187    7.2    30.0  -0.1   0.82   4.45 4456.4     0.00   0.00    0.0  0.005  0.011  0.004  0.003  0.003  0.004
02:44:59 851.79   16.4   32.4   1491    1.3    183    7.2    30.0  -0.2   0.82   4.44 4457.4     0.00   0.00    0.0  0.005  0.011  0.004  0.003  0.003  0.004
02:45:00 851.58   16.4   32.4   1493    1.3    180    7.2    30.0  -0.1   0.82   4.45 4458.4     0.00   0.00    0.0  0.005  0.011  0.004  0.003  0.003  0.004
02:45:01 851.54   16.4   32.5   1493    1.3    182    7.2    30.0  -0.1   0.82   4.45 4459.4     0.00   0.00    0.0  0.005  0.011  0.004  0.003  0.003  0.004
02:45:02 851.42   16.4   32.4   1495    1.3    184    7.2    30.0  -0.1   0.82   4.45 4460.4     0.00   0.00    0.0  0.005  0.011  0.004  0.003  0.003  0.004
02:45:03 851.51   16.4   32.4   1494    1.3    183    7.2    30.0  -0.2   0.82   4.44 4461.4     0.00   0.00    0.0  0.005  0.011  0.004  0.003  0.003  0.004
02:45:04 851.58   16.4   32.5   1493    1.4    185    7.2    30.0  -0.1   0.82   4.44 4462.4     0.00   0.00    0.0  0.005  0.011  0.004  0.003  0.003  0.004
02:45:06 851.47   16.3   32.4   1494    1.4    200    7.2    30.0  -0.2   0.82   4.43 4464.4     0.00   0.00    0.0  0.005  0.011  0.004  0.003  0.003  0.004
02:45:07 851.40   16.4   32.5   1495    1.4    204    7.2    30.0  -0.1   0.82   4.45 4465.4     0.00   0.00    0.0  0.005  0.011  0.004  0.003  0.003  0.004
02:45:09 851.32   16.4   32.5   1496    1.4    205    7.2    30.0  -0.1   0.82   4.45 4467.4     0.00   0.00    0.0  0.005  0.011  0.004  0.003  0.003  0.004
02:45:10 851.29   16.3   32.5   1496    1.4    203    7.2    30.0  -0.1   0.82   4.44 4468.4     0.00   0.00    0.0  0.005  0.011  0.004  0.003  0.003  0.004
02:45:11 851.09   16.3   32.5   1498    1.4    205    7.2    30.0  -0.1   0.82   4.45 4469.4     0.00   0.00    0.0  0.005  0.011  0.004  0.003  0.003  0.004
02:45:13 850.83   16.3   32.5   1501    1.4    215    7.2    30.0  -0.1   0.82   4.44 4471.4     0.00   0.00    0.0  0.005  0.011  0.004  0.003  0.003  0.004
02:45:14 850.79   16.3   32.5   1501    1.4    217    7.2    30.0  -0.2   0.82   4.44 4472.4     0.00   0.00    0.0  0.005  0.011  0.004  0.003  0.003  0.004
02:45:15 850.92   16.3   32.5   1500    1.3    214    7.2    30.0  -0.2   0.82   4.44 4473.4     0.00   0.00    0.0  0.005  0.011  0.004  0.003  0.003  0.004
02:45:16 851.20   16.3   32.5   1497    1.3    213    7.2    29.9  -0.2   0.82   4.43 4474.4     0.00   0.00    0.0  0.005  0.011  0.004  0.003  0.003  0.004
02:45:17 850.53   16.3   32.5   1504    1.3    214    7.2    30.0  -0.1   0.82   4.45 4475.4     0.00   0.00    0.0  0.005  0.011  0.004  0.003  0.003  0.004
02:45:18 850.78   16.3   32.6   1501    1.2    213    7.2    30.0  -0.1   0.82   4.45 4476.4     0.00   0.00    0.0  0.005  0.011  0.004  0.003  0.003  0.004
02:45:19 850.68   16.3   32.6   1502    1.2    214    7.2    30.0  -0.2   0.82   4.44 4477.4     0.00   0.00    0.0  0.005  0.011  0.004  0.003  0.003  0.004
02:45:20 850.71   16.3   32.6   1502    1.2    213    7.2    30.0  -0.2   0.82   4.44 4478.4     0.00   0.00    0.0  0.005  0.011  0.004  0.003  0.003  0.004
02:45:21 850.48   16.3   32.6   1504    1.2    209    7.2    30.0  -0.2   0.82   4.44 4479.4     0.00   0.00    0.0  0.005  0.011  0.004  0.003  0.003  0.004
02:45:22 850.68   16.3   32.6   1502    1.2    206    7.2    30.0  -0.2   0.82   4.44 4480.4     0.00   0.00    0.0  0.005  0.011  0.004  0.003  0.003  0.004
02:45:23 850.78   16.3   32.6   1501    1.2    203    7.2    30.0  -0.2   0.82   4.44 4481.4     0.00   0.00    0.0  0.005  0.011  0.004  0.003  0.003  0.004
02:45:24 850.61   16.2   32.6   1503    1.2    203    7.2    29.9  -0.2   0.82   4.43 4482.4     0.00   0.00    0.0  0.005  0.011  0.004  0.003  0.003  0.004
02:45:29 850.12   16.3   32.7   1508    1.2    211    7.2    30.0  -0.1   0.82   4.46 4487.4     0.00   0.00    0.0  0.005  0.011  0.004  0.003  0.003  0.004
02:45:30 850.41   16.3   32.7   1505    1.2    215    7.2    30.0  -0.1   0.82   4.46 4488.4     0.00   0.00    0.0  0.005  0.011  0.004  0.003  0.003  0.004
02:45:32 850.27   16.2   32.7   1506    1.3    219    7.2    29.9  -0.2   0.82   4.44 4490.4     0.00   0.00    0.0  0.005  0.011  0.004  0.003  0.003  0.004
02:45:34 850.21   16.3   32.7   1507    1.3    224    7.2    30.0  -0.1   0.82   4.46 4492.4     0.00   0.00    0.0  0.005  0.011  0.004  0.003  0.003  0.004
02:45:35 849.99   16.2   32.7   1509    1.4    218    7.2    29.9  -0.2   0.82   4.43 4493.4     0.00   0.00    0.0  0.005  0.011  0.004  0.003  0.003  0.004
02:45:36 849.71   16.2   32.8   1512    1.4    220    7.2    30.0  -0.2   0.82   4.45 4494.4     0.00   0.00    0.0  0.005  0.011  0.004  0.003  0.003  0.004
02:45:37 849.72   16.2   32.8   1512    1.4    231    7.2    30.0  -0.2   0.82   4.45 4495.4     0.00   0.00    0.0  0.005  0.011  0.004  0.003  0.003  0.004
02:45:38 849.85   16.2   32.7   1510    1.4    229    7.2    30.0  -0.2   0.82   4.45 4496.4     0.00   0.00    0.0  0.005  0.011  0.004  0.003  0.003  0.004
02:45:39 850.03   16.2   32.7   1509    1.4    224    7.2    30.0  -0.2   0.82   4.44 4497.4     0.00   0.00    0.0  0.005  0.011  0.004  0.003  0.003  0.004
02:45:40 849.55   16.2   32.8   1513    1.4    225    7.2    30.0  -0.2   0.82   4.45 4498.4     0.00   0.00    0.0  0.005  0.011  0.004  0.003  0.003  0.004
02:45:41 849.55   16.2   32.7   1513    1.3    216    7.2    30.0  -0.1   0.82   4.45 4499.4     0.00   0.00    0.0  0.005  0.011  0.004  0.003  0.003  0.004
02:45:42 849.44   16.2   32.7   1514    1.3    209    7.2    30.0  -0.2   0.82   4.44 4500.4     0.00   0.00    0.0  0.005  0.011  0.004  0.003  0.003  0.004
02:45:43 849.46   16.2   32.7   1514    1.4    208    7.2    30.0  -0.2   0.82   4.44 4501.4     0.00   0.00    0.0  0.005  0.011  0.004  0.003  0.003  0.004
02:45:44 849.33   16.2   32.7   1516    1.3    210    7.2    30.0  -0.2   0.82   4.44 4502.4     0.00   0.00    0.0  0.005  0.011  0.004  0.003  0.003  0.004
02:45:46 849.34   16.2   32.8   1516    1.4    215    7.2    30.0  -0.2   0.82   4.44 4504.4     0.00   0.00    0.0  0.005  0.011  0.004  0.003  0.003  0.004
02:45:49 849.35   16.2   32.8   1515    1.4    226    7.2    30.0  -0.2   0.82   4.44 4507.4     0.00   0.00    0.0  0.005  0.011  0.004  0.003  0.003  0.004
02:45:50 849.32   16.2   32.8   1516    1.4    217    7.2    30.0  -0.2   0.82   4.43 4508.4     0.00   0.00    0.0  0.005  0.011  0.004  0.003  0.003  0.004
02:45:51 849.26   16.1   32.8   1516    1.4    209    7.2    29.9  -0.2   0.82   4.43 4509.4     0.00   0.00    0.0  0.005  0.011  0.004  0.003  0.003  0.004
02:45:53 849.22   16.2   32.8   1517    1.5    212    7.2    30.0  -0.2   0.82   4.44 4511.4     0.00   0.00    0.0  0.005  0.011  0.004  0.003  0.003  0.004
02:45:55 848.87   16.1   32.8   1520    1.5    215    7.2    30.0  -0.2   0.82   4.44 4513.4     0.00   0.00    0.0  0.005  0.011  0.004  0.003  0.003  0.004
02:45:56 848.83   16.1   32.8   1521    1.5    217    7.2    30.0  -0.2   0.82   4.44 4514.4     0.00   0.00    0.0  0.005  0.011  0.004  0.003  0.003  0.004
02:45:58 848.92   16.1   32.8   1520    1.4    217    7.2    30.0  -0.2   0.82   4.43 4516.4     0.00   0.00    0.0  0.005  0.011  0.004  0.003  0.003  0.004
02:45:59 848.77   16.1   32.8   1521    1.5    215    7.2    30.0  -0.2   0.82   4.44 4517.4     0.00   0.00    0.0  0.005  0.011  0.004  0.003  0.003  0.004
02:46:00 848.73   16.1   32.8   1522    1.5    211    7.2    30.0  -0.2   0.82   4.43 4518.4     0.00   0.00    0.0  0.005  0.011  0.004  0.003  0.003  0.004
02:46:01 848.91   16.1   32.8   1520    1.4    207    7.2    29.9  -0.2   0.82   4.43 4519.3     0.00   0.00    0.0  0.005  0.011  0.004  0.003  0.003  0.004
02:46:02 848.75   16.1   32.9   1521    1.4    204    7.2    30.0  -0.2   0.82   4.43 4520.3     0.00   0.00    0.0  0.005  0.011  0.004  0.003  0.003  0.004
02:46:06 848.28   16.1   32.9   1526    1.4    196    7.2    30.0  -0.2   0.82   4.43 4524.3     0.00   0.00    0.0  0.005  0.011  0.004  0.003  0.003  0.004
02:46:07 848.34   16.1   32.9   1526    1.4    198    7.2    30.0  -0.2   0.82   4.43 4525.3     0.00   0.00    0.0  0.005  0.011  0.004  0.003  0.003  0.004
02:46:08 848.39   16.1   32.9   1525    1.3    200    7.2    30.0  -0.2   0.82   4.43 4526.3     0.00   0.00    0.0  0.005  0.011  0.004  0.003  0.003  0.004
02:46:10 848.15   16.0   33.0   1527    1.2    210    7.2    30.0  -0.2   0.82   4.43 4528.3     0.00   0.00    0.0  0.005  0.011  0.004  0.003  0.003  0.004
02:46:11 848.56   16.1   33.0   1523    1.2    215    7.2    30.0  -0.2   0.82   4.45 4529.3     0.00   0.00    0.0  0.005  0.011  0.004  0.003  0.003  0.004
02:46:12 848.17   16.1   32.9   1527    1.2    223    7.2    30.0  -0.2   0.82   4.44 4530.3     0.00   0.00    0.0  0.005  0.011  0.004  0.003  0.003  0.004
02:46:13 848.52   16.1   33.0   1524    1.2    231    7.2    30.0  -0.2   0.82   4.44 4531.3     0.00   0.00    0.0  0.005  0.011  0.004  0.003  0.003  0.004
02:46:16 848.33   16.0   33.1   1526    1.0    262    7.2    29.9  -0.2   0.82   4.44 4534.3     0.00   0.00    0.0  0.005  0.011  0.004  0.003  0.003  0.004
02:46:17 848.48   16.0   33.1   1524    0.9    288    7.2    29.9  -0.2   0.82   4.45 4535.3     0.00   0.00    0.0  0.005  0.011  0.004  0.003  0.003  0.004
02:46:18 848.38   16.1   33.1   1525    0.9    299    7.2    30.0  -0.1   0.82   4.47 4536.3     0.00   0.00    0.0  0.005  0.011  0.004  0.003  0.003  0.004
02:46:22 848.55   16.1   33.2   1523    0.8    305    7.2    29.9  -0.1   0.82   4.47 4540.3     0.00   0.00    0.0  0.005  0.011  0.004  0.003  0.003  0.004
02:46:23 848.77   16.1   33.1   1521    0.7    298    7.2    30.0  -0.1   0.82   4.49 4541.3     0.00   0.00    0.0  0.005  0.011  0.004  0.003  0.003  0.004
02:46:24 848.86   16.1   33.1   1520    0.7    294    7.2    30.0  -0.1   0.82   4.48 4542.3     0.00   0.00    0.0  0.004  0.011  0.004  0.003  0.003  0.004
02:46:25 848.96   16.1   33.1   1519    0.6    287    7.2    30.0  -0.1   0.82   4.49 4543.3     0.00   0.00    0.0  0.005  0.011  0.004  0.003  0.003  0.004
02:46:26 849.15   16.1   33.1   1517    0.6    273    7.2    29.9  -0.1   0.82   4.47 4544.3     0.00   0.00    0.0  0.005  0.011  0.004  0.003  0.003  0.004
02:46:27 849.08   16.1   33.1   1518    0.6    286    7.2    29.9  -0.1   0.82   4.46 4545.3     0.00   0.00    0.0  0.005  0.011  0.004  0.003  0.003  0.004
02:46:28 849.20   16.1   33.1   1517    0.6    314    7.2    29.9  -0.1   0.82   4.47 4546.3     0.00   0.00    0.0  0.005  0.011  0.004  0.003  0.003  0.004
02:46:29 849.20   16.1   33.1   1517    0.6    326    7.2    30.0  -0.1   0.82   4.48 4547.3     0.00   0.00    0.0  0.005  0.011  0.004  0.003  0.003  0.004
02:46:31 849.29   16.2   33.1   1516    0.7    341    7.2    30.0  -0.0   0.82   4.50 4549.3     0.00   0.00    0.0  0.005  0.011  0.004  0.003  0.003  0.004
02:46:33 849.49   16.1   33.1   1514    0.8    322    7.2    29.9  -0.1   0.82   4.48 4551.3     0.00   0.00    0.0  0.005  0.011  0.004  0.003  0.003  0.004
02:46:34 849.61   16.2   33.1   1513    0.8    319    7.2    30.0  -0.1   0.82   4.48 4552.3     0.00   0.00    0.0  0.005  0.011  0.004  0.003  0.003  0.004
02:46:37 849.70   16.1   33.1   1512    0.8    312    7.2    29.9  -0.1   0.82   4.48 4555.3     0.00   0.00    0.0  0.005  0.011  0.004  0.003  0.003  0.004
02:46:39 850.15   16.2   33.1   1507    0.8    317    7.2    29.9  -0.0   0.82   4.49 4557.3     0.00   0.00    0.0  0.005  0.011  0.004  0.003  0.003  0.004
02:46:41 850.02   16.2   33.1   1509    0.8    312    7.2    30.0   0.0   0.82   4.50 4559.3     0.00   0.00    0.0  0.005  0.011  0.004  0.003  0.003  0.004
02:46:42 850.17   16.2   33.0   1507    0.8    314    7.2    29.9  -0.0   0.82   4.49 4560.3     0.00   0.00    0.0  0.004  0.011  0.004  0.003  0.003  0.004
02:46:43 850.13   16.2   33.1   1508    0.8    318    7.2    29.9  -0.0   0.82   4.49 4561.3     0.00   0.00    0.0  0.005  0.011  0.004  0.003  0.003  0.004
02:46:44 850.30   16.2   33.0   1506    0.8    316    7.2    29.9  -0.1   0.82   4.47 4562.3     0.00   0.00    0.0  0.004  0.011  0.004  0.003  0.003  0.004
02:46:45 850.39   16.2   33.0   1505    0.8    319    7.2    29.9  -0.0   0.82   4.49 4563.3     0.00   0.00    0.0  0.005  0.011  0.004  0.003  0.003  0.004
02:46:46 850.17   16.2   33.1   1507    0.7    324    7.2    29.9  -0.1   0.82   4.48 4564.3     0.00   0.00    0.0  0.005  0.011  0.004  0.003  0.003  0.004
02:46:47 850.47   16.2   33.1   1504    0.7    322    7.2    29.9  -0.0   0.82   4.49 4565.3     0.00   0.00    0.0  0.005  0.011  0.004  0.003  0.003  0.004
02:46:50 850.59   16.3   32.9   1503    0.7    315    7.2    30.0  -0.0   0.82   4.49 4568.3     0.00   0.00    0.0  0.005  0.011  0.004  0.003  0.003  0.004
02:46:51 850.91   16.2   33.0   1500    0.7    273    7.2    29.9  -0.0   0.82   4.49 4569.3     0.00   0.00    0.0  0.005  0.011  0.004  0.003  0.003  0.004
02:46:52 850.84   16.2   33.0   1501    0.8    249    7.2    29.9  -0.0   0.82   4.49 4570.3     0.00   0.00    0.0  0.005  0.011  0.004  0.003  0.003  0.004
02:46:53 850.87   16.3   33.0   1500    0.8    247    7.2    29.9   0.0   0.82   4.50 4571.3     0.00   0.00    0.0  0.005  0.011  0.003  0.003  0.003  0.004
02:46:54 851.14   16.2   33.0   1498    0.8    241    7.2    29.9  -0.0   0.82   4.49 4572.3     0.00   0.00    0.0  0.005  0.011  0.004  0.003  0.003  0.004
02:46:59 851.17   16.3   32.9   1497    1.1    303    7.2    30.0   0.0   0.82   4.50 4577.3     0.00   0.00    0.0  0.004  0.011  0.004  0.003  0.003  0.004
02:47:00 851.30   16.3   32.9   1496    1.1    295    7.2    29.9  -0.0   0.82   4.49 4578.3     0.00   0.00    0.0  0.005  0.011  0.004  0.003  0.003  0.004
02:47:02 851.45   16.3   32.9   1494    1.1    293    7.2    30.0   0.0   0.82   4.50 4580.3     0.00   0.00    0.0  0.005  0.011  0.004  0.003  0.003  0.004
02:47:03 851.64   16.2   32.9   1493    1.1    293    7.2    29.8  -0.1   0.82   4.46 4581.3     0.00   0.00    0.0  0.004  0.011  0.004  0.003  0.003  0.004
02:47:04 851.65   16.3   33.0   1492    1.1    290    7.2    29.9   0.0   0.82   4.50 4582.3     0.00   0.00    0.0  0.005  0.011  0.004  0.003  0.003  0.004
02:47:05 851.63   16.3   33.0   1493    1.1    289    7.2    29.9  -0.0   0.82   4.49 4583.3     0.00   0.00    0.0  0.005  0.011  0.004  0.003  0.003  0.004
02:47:06 851.93   16.3   32.9   1490    1.1    284    7.2    29.8  -0.0   0.82   4.48 4584.3     0.00   0.00    0.0  0.005  0.011  0.004  0.003  0.003  0.004
02:47:07 851.75   16.3   33.0   1491    1.1    278    7.2    29.9   0.0   0.82   4.50 4585.3     0.00   0.00    0.0  0.005  0.011  0.004  0.003  0.003  0.004
02:47:08 851.65   16.3   33.0   1492    1.1    284    7.2    29.9   0.0   0.82   4.51 4586.3     0.00   0.00    0.0  0.005  0.011  0.004  0.003  0.003  0.004
02:47:10 851.88   16.3   33.0   1490    1.2    256    7.2    29.9   0.1   0.82   4.51 4588.3     0.00   0.00    0.0  0.005  0.011  0.004  0.003  0.003  0.004
02:47:11 852.05   16.3   33.0   1488    1.2    242    7.2    29.9   0.0   0.82   4.51 4589.3     0.00   0.00    0.0  0.004  0.011  0.004  0.003  0.003  0.004
02:47:14 852.19   16.4   33.0   1487    1.2    294    7.2    29.9   0.1   0.82   4.51 4592.3     0.00   0.00    0.0  0.005  0.010  0.004  0.003  0.003  0.004
02:47:15 852.02   16.3   33.0   1489    1.1    301    7.2    29.9   0.1   0.82   4.52 4593.3     0.00   0.00    0.0  0.004  0.010  0.004  0.003  0.003  0.004
02:47:16 852.22   16.4   33.0   1487    1.1    299    7.2    29.9   0.1   0.82   4.53 4594.3     0.00   0.00    0.0  0.005  0.010  0.004  0.003  0.003  0.004
02:47:17 852.28   16.4   33.0   1486    1.1    294    7.2    30.0   0.1   0.82   4.53 4595.3     0.00   0.00    0.0  0.004  0.010  0.004  0.003  0.003  0.004
02:47:18 852.26   16.4   33.0   1486    1.1    289    7.2    29.9   0.1   0.82   4.54 4596.3     0.00   0.00    0.0  0.005  0.010  0.004  0.003  0.003  0.004
02:47:21 852.65   16.4   33.0   1482    1.2    260    7.2    29.9   0.1   0.82   4.53 4599.3     0.00   0.00    0.0  0.004  0.011  0.004  0.003  0.003  0.004
02:47:22 852.55   16.4   33.0   1483    1.2    267    7.2    29.9   0.1   0.82   4.52 4600.3     0.00   0.00    0.0  0.005  0.010  0.004  0.003  0.003  0.004
02:47:23 852.79   16.4   33.0   1481    1.2    271    7.2    29.9   0.2   0.82   4.54 4601.3     0.00   0.00    0.0  0.005  0.011  0.004  0.003  0.003  0.004
02:47:24 852.97   16.5   33.0   1479    1.2    272    7.2    29.9   0.2   0.82   4.54 4602.3     0.00   0.00    0.0  0.005  0.010  0.004  0.003  0.003  0.004
02:47:25 852.63   16.4   33.0   1483    1.2    277    7.2    29.9   0.2   0.82   4.54 4603.3     0.00   0.00    0.0  0.004  0.010  0.004  0.003  0.003  0.004
02:47:27 852.96   16.5   33.0   1479    1.2    294    7.2    29.9   0.2   0.82   4.54 4605.3     0.00   0.00    0.0  0.005  0.010  0.004  0.003  0.003  0.004
02:47:28 852.92   16.5   33.0   1480    1.2    293    7.2    29.9   0.2   0.82   4.54 4606.3     0.00   0.00    0.0  0.005  0.010  0.004  0.003  0.003  0.004
02:47:29 853.25   16.5   33.0   1477    1.2    280    7.2    29.9   0.2   0.82   4.54 4607.3     0.00   0.00    0.0  0.004  0.010  0.004  0.003  0.003  0.004
02:47:30 853.16   16.5   33.0   1477    1.2    276    7.2    29.9   0.2   0.82   4.54 4608.3     0.00   0.00    0.0  0.004  0.010  0.004  0.003  0.003  0.004
02:47:32 853.15   16.5   33.0   1478    1.2    268    7.2    29.9   0.2   0.82   4.55 4610.3     0.00   0.00    0.0  0.004  0.010  0.004  0.003  0.003  0.004
02:47:33 853.57   16.4   33.0   1473    1.2    253    7.2    29.8   0.1   0.82   4.53 4611.3     0.00   0.00    0.0  0.005  0.011  0.004  0.003  0.003  0.004
02:47:34 853.27   16.4   33.0   1476    1.2    247    7.2    29.9   0.1   0.82   4.53 4612.3     0.00   0.00    0.0  0.005  0.010  0.004  0.003  0.003  0.004
02:47:36 853.70   16.5   32.9   1472    1.2    248    7.2    29.9   0.2   0.82   4.54 4614.3     0.00   0.00    0.0  0.005  0.010  0.004  0.003  0.003  0.004
02:47:37 853.47   16.5   32.9   1474    1.3    267    7.2    29.9   0.2   0.82   4.55 4615.3     0.00   0.00    0.0  0.004  0.010  0.004  0.003  0.003  0.004
02:47:38 853.72   16.5   33.0   1472    1.3    270    7.2    29.9   0.2   0.82   4.56 4616.3     0.00   0.00    0.0  0.004  0.010  0.004  0.003  0.003  0.004
02:47:39 853.75   16.6   32.9   1471    1.2    268    7.2    30.0   0.2   0.82   4.56 4617.3     0.00   0.00    0.0  0.004  0.010  0.004  0.003  0.003  0.004
02:47:40 853.93   16.5   32.9   1470    1.3    269    7.2    29.9   0.2   0.82   4.55 4618.2     0.00   0.00    0.0  0.005  0.010  0.004  0.003  0.003  0.004
02:47:41 853.86   16.5   33.0   1470    1.3    274    7.2    29.9   0.2   0.82   4.55 4619.2     0.00   0.00    0.0  0.004  0.010  0.004  0.003  0.003  0.004
02:47:42 854.01   16.6   32.9   1469    1.3    271    7.2    29.9   0.2   0.82   4.55 4620.2     0.00   0.00    0.0  0.004  0.010  0.004  0.003  0.003  0.004
02:47:43 854.07   16.5   32.9   1468    1.2    265    7.2    29.9   0.2   0.82   4.54 4621.2     0.00   0.00    0.0  0.005  0.010  0.004  0.003  0.003  0.004
02:47:44 854.20   16.5   33.0   1467    1.3    258    7.2    29.9   0.2   0.82   4.55 4622.2     0.00   0.00    0.0  0.005  0.010  0.004  0.003  0.003  0.004
02:47:45 854.12   16.6   32.9   1468    1.3    257    7.2    29.9   0.2   0.82   4.56 4623.2     0.00   0.00    0.0  0.005  0.010  0.004  0.003  0.003  0.004
02:47:46 854.20   16.6   33.0   1467    1.3    261    7.2    29.9   0.3   0.82   4.57 4624.2     0.00   0.00    0.0  0.005  0.010  0.004  0.003  0.003  0.004
02:47:47 854.17   16.6   33.0   1467    1.3    268    7.2    29.9   0.3   0.82   4.57 4625.2     0.00   0.00    0.0  0.004  0.010  0.004  0.003  0.003  0.004
02:47:49 854.33   16.6   32.9   1466    1.3    273    7.2    29.9   0.3   0.82   4.56 4627.2     0.00   0.00    0.0  0.004  0.010  0.004  0.003  0.003  0.004
02:47:50 854.28   16.6   32.9   1466    1.3    266    7.2    29.9   0.2   0.82   4.56 4628.2     0.00   0.00    0.0  0.004  0.010  0.004  0.003  0.003  0.004
02:47:51 854.59   16.6   32.9   1463    1.3    261    7.2    29.9   0.2   0.82   4.55 4629.2     0.00   0.00    0.0  0.004  0.010  0.004  0.003  0.003  0.004
02:47:52 854.61   16.6   33.0   1463    1.4    255    7.2    29.9   0.3   0.82   4.58 4630.2     0.00   0.00    0.0  0.005  0.010  0.004  0.003  0.003  0.004
02:47:53 854.66   16.6   33.0   1462    1.3    255    7.2    29.9   0.3   0.82   4.57 4631.2     0.00   0.00    0.0  0.005  0.010  0.004  0.003  0.003  0.004
02:47:54 854.57   16.6   32.9   1463    1.4    262    7.2    29.9   0.3   0.82   4.57 4632.2     0.00   0.00    0.0  0.005  0.010  0.004  0.003  0.003  0.004
02:47:55 854.46   16.6   33.0   1464    1.4    261    7.2    29.9   0.3   0.82   4.58 4633.2     0.00   0.00    0.0  0.005  0.010  0.004  0.003  0.003  0.004
02:47:58 854.85   16.6   32.9   1461    1.3    247    7.2    29.9   0.3   0.82   4.57 4636.2     0.00   0.00    0.0  0.005  0.010  0.004  0.003  0.003  0.004
02:47:59 854.91   16.7   32.9   1460    1.3    247    7.2    29.9   0.3   0.82   4.58 4637.2     0.00   0.00    0.0  0.004  0.010  0.004  0.003  0.003  0.004
02:48:02 855.36   16.7   32.9   1455    1.4    248    7.2    29.9   0.3   0.82   4.58 4640.2     0.00   0.00    0.0  0.004  0.010  0.004  0.003  0.003  0.004
02:48:03 855.25   16.7   32.9   1457    1.4    244    7.2    29.9   0.3   0.82   4.59 4641.2     0.00   0.00    0.0  0.005  0.010  0.004  0.003  0.003  0.004
02:48:04 855.48   16.7   32.8   1454    1.4    243    7.2    29.9   0.3   0.82   4.58 4642.2     0.00   0.00    0.0  0.005  0.010  0.004  0.003  0.003  0.004
02:48:06 855.52   16.7   32.7   1454    1.3    220    7.2    29.9   0.2   0.82   4.55 4644.2     0.00   0.00    0.0  0.005  0.010  0.004  0.003  0.003  0.004
02:48:07 855.61   16.7   32.7   1453    1.4    236    7.2    29.9   0.3   0.82   4.56 4645.2     0.00   0.00    0.0  0.004  0.010  0.004  0.003  0.003  0.004
02:48:09 855.83   16.7   32.6   1451    1.3    273    7.2    29.9   0.3   0.82   4.56 4647.2     0.00   0.00    0.0  0.004  0.010  0.004  0.003  0.003  0.004
02:48:10 855.62   16.7   32.5   1453    1.4    291    7.2    29.9   0.2   0.82   4.53 4648.2     0.00   0.00    0.0  0.004  0.010  0.004  0.003  0.003  0.004
02:48:12 855.79   16.7   32.5   1451    1.6    298    7.2    29.8   0.1   0.82   4.52 4650.2     0.00   0.00    0.0  0.004  0.010  0.004  0.003  0.003  0.004
02:48:14 856.17   16.7   32.4   1447    1.6    291    7.2    29.8   0.1   0.82   4.52 4652.2     0.00   0.00    0.0  0.004  0.010  0.004  0.003  0.003  0.004
02:48:15 856.12   16.7   32.4   1448    1.6    287    7.2    29.9   0.2   0.82   4.52 4653.2     0.00   0.00    0.0  0.005  0.010  0.004  0.003  0.003  0.004
02:48:16 856.19   16.7   32.4   1447    1.7    287    7.2    29.9   0.2   0.82   4.52 4654.2     0.00   0.00    0.0  0.005  0.010  0.004  0.003  0.003  0.004
02:48:17 855.96   16.7   32.4   1450    1.7    283    7.2    29.9   0.2   0.82   4.53 4655.2     0.00   0.00    0.0  0.005  0.010  0.004  0.003  0.003  0.004
02:48:18 856.55   16.7   32.4   1444    1.7    286    7.2    29.9   0.2   0.82   4.52 4656.2     0.00   0.00    0.0  0.005  0.010  0.004  0.003  0.003  0.004
02:48:19 856.27   16.8   32.4   1446    1.7    285    7.2    29.9   0.2   0.82   4.53 4657.2     0.00   0.00    0.0  0.004  0.010  0.004  0.003  0.003  0.004
02:48:21 856.39   16.8   32.4   1445    1.8    279    7.2    29.9   0.2   0.82   4.53 4659.2     0.00   0.00    0.0  0.004  0.010  0.004  0.003  0.003  0.004
02:48:22 856.46   16.8   32.4   1445    1.9    266    7.2    29.9   0.2   0.82   4.52 4660.2     0.00   0.00    0.0  0.004  0.010  0.004  0.003  0.003  0.004
02:48:23 856.39   16.8   32.4   1445    1.9    260    7.2    29.9   0.2   0.82   4.54 4661.2     0.00   0.00    0.0  0.005  0.010  0.004  0.003  0.003  0.004
02:48:24 856.52   16.8   32.4   1444    1.9    250    7.2    29.9   0.2   0.82   4.53 4662.2     0.00   0.00    0.0  0.004  0.010  0.004  0.003  0.003  0.004
02:48:27 856.82   16.8   32.4   1441    1.9    278    7.2    29.9   0.2   0.82   4.54 4665.2     0.00   0.00    0.0  0.005  0.010  0.004  0.003  0.003  0.004
02:48:30 856.98   16.8   32.3   1439    2.0    279    7.2    29.9   0.2   0.82   4.52 4668.2     0.00   0.00    0.0  0.004  0.010  0.004  0.003  0.003  0.004
02:48:31 856.87   16.8   32.3   1441    2.0    280    7.2    29.9   0.2   0.82   4.53 4669.2     0.00   0.00    0.0  0.005  0.010  0.004  0.003  0.003  0.004
02:48:34 857.13   16.8   32.3   1438    2.1    284    7.2    29.9   0.2   0.82   4.53 4672.2     0.00   0.00    0.0  0.004  0.010  0.004  0.003  0.003  0.004
02:48:35 857.21   16.9   32.4   1437    2.0    287    7.2    29.9   0.3   0.82   4.55 4673.2     0.00   0.00    0.0  0.004  0.010  0.004  0.003  0.003  0.004
02:48:36 857.16   16.8   32.3   1438    2.0    286    7.2    29.9   0.2   0.82   4.52 4674.2     0.00   0.00    0.0  0.004  0.010  0.004  0.003  0.003  0.004
02:48:38 857.28   16.9   32.2   1436    1.9    294    7.1    29.9   0.2   0.82   4.54 4676.2     0.00   0.00    0.0  0.004  0.010  0.004  0.003  0.003  0.004
02:48:39 857.35   16.8   32.3   1436    1.8    299    7.1    29.9   0.2   0.82   4.53 4677.2     0.00   0.00    0.0  0.004  0.010  0.004  0.003  0.003  0.004
02:48:40 857.49   16.9   32.3   1434    1.8    296    7.1    29.9   0.2   0.82   4.53 4678.2     0.00   0.00    0.0  0.004  0.010  0.004  0.003  0.003  0.004
02:48:41 857.68   16.9   32.2   1432    1.8    295    7.1    29.9   0.2   0.82   4.54 4679.2     0.00   0.00    0.0  0.004  0.010  0.004  0.003  0.003  0.004
02:48:42 857.95   16.9   32.2   1430    1.7    306    7.1    29.8   0.2   0.82   4.53 4680.2     0.00   0.00    0.0  0.004  0.010  0.004  0.003  0.003  0.004
02:48:44 857.65   16.9   32.2   1433    1.7    300    7.1    29.9   0.2   0.82   4.53 4682.2     0.00   0.00    0.0  0.004  0.010  0.004  0.003  0.003  0.004
02:48:45 857.81   16.9   32.3   1431    1.7    294    7.1    29.9   0.2   0.82   4.54 4683.2     0.00   0.00    0.0  0.005  0.010  0.004  0.003  0.003  0.004
02:48:47 857.85   17.0   32.3   1431    1.7    301    7.1    29.9   0.3   0.82   4.57 4685.2     0.00   0.00    0.0  0.004  0.010  0.004  0.003  0.003  0.004
02:48:50 858.13   16.9   32.2   1428    1.6    301    7.1    29.9   0.2   0.82   4.54 4688.2     0.00   0.00    0.0  0.004  0.010  0.004  0.003  0.003  0.004
02:48:51 858.13   16.9   32.2   1428    1.6    301    7.1    29.9   0.2   0.82   4.54 4689.2     0.00   0.00    0.0  0.004  0.010  0.004  0.003  0.003  0.004
02:48:52 858.27   16.9   32.2   1427    1.6    302    7.1    29.9   0.3   0.82   4.54 4690.2     0.00   0.00    0.0  0.004  0.010  0.004  0.003  0.003  0.004
02:48:53 858.13   17.0   32.2   1428    1.6    299    7.1    29.9   0.3   0.82   4.56 4691.2     0.00   0.00    0.0  0.004  0.010  0.004  0.003  0.003  0.004
02:48:55 858.43   16.9   32.2   1425    1.6    294    7.1    29.9   0.2   0.82   4.54 4693.2     0.00   0.00    0.0  0.005  0.010  0.004  0.003  0.003  0.004
02:48:57 858.64   17.0   32.2   1423    1.7    288    7.1    29.9   0.3   0.82   4.55 4695.2     0.00   0.00    0.0  0.005  0.010  0.004  0.003  0.003  0.004
02:48:58 858.47   17.0   32.2   1425    1.7    290    7.1    29.9   0.3   0.82   4.55 4696.2     0.00   0.00    0.0  0.005  0.010  0.004  0.003  0.003  0.004
02:48:59 858.73   17.0   32.2   1422    1.8    289    7.1    29.9   0.3   0.82   4.55 4697.2     0.00   0.00    0.0  0.004  0.010  0.004  0.003  0.003  0.004
02:49:00 858.67   17.0   32.2   1423    1.8    282    7.1    29.9   0.3   0.82   4.56 4698.2     0.00   0.00    0.0  0.004  0.010  0.004  0.003  0.003  0.004
02:49:01 858.84   16.9   32.2   1421    1.8    285    7.1    29.8   0.3   0.82   4.54 4699.2     0.00   0.00    0.0  0.004  0.010  0.004  0.003  0.003  0.004
02:49:02 858.71   16.9   32.1   1422    1.8    281    7.1    29.8   0.2   0.82   4.53 4700.2     0.00   0.00    0.0  0.004  0.010  0.004  0.003  0.003  0.004
02:49:03 858.69   17.0   32.1   1422    1.9    282    7.1    29.9   0.3   0.82   4.55 4701.2     0.00   0.00    0.0  0.004  0.010  0.004  0.003  0.003  0.004
02:49:06 859.03   17.0   32.1   1419    1.9    281    7.1    29.8   0.2   0.82   4.53 4704.2     0.00   0.00    0.0  0.004  0.010  0.004  0.003  0.003  0.004
02:49:07 859.25   17.0   32.1   1417    1.9    277    7.1    29.9   0.3   0.82   4.54 4705.2     0.00   0.00    0.0  0.005  0.010  0.004  0.003  0.003  0.004
02:49:08 859.23   17.0   32.1   1417    1.8    268    7.1    29.8   0.2   0.82   4.53 4706.2     0.00   0.00    0.0  0.004  0.010  0.004  0.003  0.003  0.004
02:49:09 859.47   17.0   32.0   1415    1.9    270    7.1    29.8   0.2   0.82   4.53 4707.2     0.00   0.00    0.0  0.004  0.010  0.004  0.003  0.003  0.004
02:49:15 859.46   17.0   32.1   1415    2.0    281    7.1    29.9   0.3   0.82   4.55 4713.2     0.00   0.00    0.0  0.004  0.010  0.004  0.003  0.003  0.004
02:49:16 859.72   17.1   32.0   1412    2.0    286    7.1    29.9   0.3   0.82   4.55 4714.2     0.00   0.00    0.0  0.005  0.010  0.004  0.003  0.003  0.004
02:49:19 859.83   17.1   32.0   1411    2.1    284    7.1    29.9   0.3   0.82   4.54 4717.2     0.00   0.00    0.0  0.004  0.010  0.004  0.003  0.003  0.004
02:49:20 859.87   17.1   31.9   1411    2.1    288    7.1    29.9   0.2   0.82   4.53 4718.1     0.00   0.00    0.0  0.004  0.010  0.004  0.003  0.003  0.004
02:49:21 859.89   17.1   31.9   1411    2.2    287    7.1    29.9   0.2   0.82   4.53 4719.1     0.00   0.00    0.0  0.005  0.010  0.004  0.003  0.003  0.004
02:49:22 859.78   17.0   31.9   1412    2.2    284    7.1    29.8   0.2   0.82   4.53 4720.1     0.00   0.00    0.0  0.005  0.010  0.004  0.003  0.003  0.004
02:49:23 859.66   17.1   32.0   1413    2.1    276    7.1    29.9   0.3   0.82   4.54 4721.1     0.00   0.00    0.0  0.004  0.010  0.004  0.003  0.003  0.004
02:49:24 859.99   17.1   31.9   1410    2.1    271    7.1    29.8   0.2   0.82   4.53 4722.1     0.00   0.00    0.0  0.004  0.010  0.004  0.003  0.003  0.004
02:49:25 859.92   17.1   31.9   1410    2.0    268    7.1    29.9   0.3   0.82   4.53 4723.1     0.00   0.00    0.0  0.004  0.010  0.004  0.003  0.003  0.004
02:49:26 860.07   17.1   31.9   1409    1.9    270    7.1    29.9   0.3   0.82   4.54 4724.1     0.00   0.00    0.0  0.004  0.010  0.004  0.003  0.003  0.004
02:49:28 860.30   17.1   31.9   1406    2.0    263    7.1    29.9   0.2   0.82   4.53 4726.1     0.00   0.00    0.0  0.004  0.010  0.004  0.003  0.003  0.004
02:49:29 860.06   17.1   31.9   1409    2.0    274    7.1    29.9   0.3   0.82   4.54 4727.1     0.00   0.00    0.0  0.004  0.010  0.004  0.003  0.003  0.004
02:49:30 860.21   17.1   31.9   1407    2.0    281    7.1    29.9   0.3   0.82   4.54 4728.1     0.00   0.00    0.0  0.004  0.010  0.004  0.003  0.003  0.004
02:49:32 860.51   17.1   31.9   1404    1.9    274    7.1    29.9   0.3   0.82   4.54 4730.1     0.00   0.00    0.0  0.004  0.010  0.004  0.003  0.003  0.004
02:49:33 860.41   17.1   31.9   1405    1.9    281    7.1    29.9   0.3   0.82   4.55 4731.1     0.00   0.00    0.0  0.004  0.010  0.004  0.003  0.003  0.004
02:49:34 860.51   17.2   31.9   1404    1.9    281    7.1    29.9   0.3   0.82   4.54 4732.1     0.00   0.00    0.0  0.004  0.010  0.004  0.003  0.003  0.004
02:49:36 860.67   17.1   31.9   1403    1.9    260    7.1    29.8   0.3   0.82   4.53 4734.1     0.00   0.00    0.0  0.004  0.010  0.004  0.003  0.003  0.004
02:49:37 860.71   17.1   31.8   1402    1.9    261    7.1    29.9   0.3   0.82   4.54 4735.1     0.00   0.00    0.0  0.004  0.010  0.004  0.003  0.003  0.004
02:49:38 860.71   17.1   31.8   1402    1.9    261    7.1    29.8   0.3   0.82   4.53 4736.1     0.00   0.00    0.0  0.004  0.010  0.004  0.003  0.003  0.004
02:49:39 860.74   17.1   31.8   1402    2.0    259    7.1    29.8   0.3   0.82   4.54 4737.1     0.00   0.00    0.0  0.004  0.010  0.004  0.003  0.003  0.004
02:49:44 861.28   17.1   31.8   1397    2.0    262    7.1    29.8   0.2   0.82   4.52 4742.1     0.00   0.00    0.0  0.004  0.010  0.004  0.003  0.003  0.004
02:49:45 861.15   17.1   31.7   1398    2.1    237    7.1    29.8   0.2   0.82   4.52 4743.1     0.00   0.00    0.0  0.004  0.010  0.004  0.003  0.003  0.004
02:49:47 861.03   17.2   31.7   1399    2.2    242    7.1    29.9   0.3   0.82   4.54 4745.1     0.00   0.00    0.0  0.004  0.010  0.004  0.003  0.003  0.004
02:49:48 861.34   17.2   31.7   1396    2.2    249    7.1    29.8   0.3   0.82   4.53 4746.1     0.00   0.00    0.0  0.004  0.010  0.004  0.003  0.003  0.004
02:49:49 861.10   17.2   31.7   1398    2.3    259    7.1    29.8   0.2   0.82   4.52 4747.1     0.00   0.00    0.0  0.005  0.010  0.004  0.003  0.003  0.004
02:49:50 861.66   17.2   31.7   1393    2.3    267    7.1    29.8   0.3   0.82   4.54 4748.1     0.00   0.00    0.0  0.004  0.010  0.004  0.003  0.003  0.004
02:49:51 861.62   17.2   31.7   1393    2.3    263    7.1    29.9   0.3   0.82   4.54 4749.1     0.00   0.00    0.0  0.004  0.010  0.004  0.003  0.003  0.004
02:49:52 861.66   17.2   31.7   1393    2.3    257    7.1    29.8   0.3   0.82   4.53 4750.1     0.00   0.00    0.0  0.004  0.010  0.004  0.003  0.003  0.004
02:49:53 861.54   17.2   31.7   1394    2.3    276    7.1    29.8   0.2   0.82   4.52 4751.1     0.00   0.00    0.0  0.004  0.010  0.004  0.003  0.003  0.004
02:49:54 861.60   17.2   31.7   1394    2.3    275    7.1    29.8   0.2   0.82   4.52 4752.1     0.00   0.00    0.0  0.004  0.010  0.004  0.003  0.003  0.004
02:49:56 861.74   17.2   31.7   1392    2.3    270    7.1    29.8   0.3   0.82   4.53 4754.1     0.00   0.00    0.0  0.004  0.010  0.004  0.003  0.003  0.004
02:49:59 861.95   17.2   31.7   1390    2.2    251    7.1    29.8   0.3   0.82   4.53 4757.1     0.00   0.00    0.0  0.004  0.010  0.004  0.003  0.003  0.004
02:50:00 861.90   17.2   31.7   1391    2.2    247    7.1    29.8   0.3   0.82   4.53 4758.1     0.00   0.00    0.0  0.004  0.010  0.004  0.003  0.003  0.004
02:50:04 862.01   17.3   31.7   1389    2.1    255    7.1    29.9   0.3   0.82   4.55 4762.1     0.00   0.00    0.0  0.005  0.010  0.004  0.003  0.003  0.004
02:50:06 862.20   17.3   31.6   1388    2.1    262    7.1    29.9   0.3   0.82   4.54 4764.1     0.00   0.00    0.0  0.004  0.010  0.004  0.003  0.003  0.004
02:50:08 862.47   17.3   31.6   1385    2.0    254    7.1    29.8   0.3   0.82   4.54 4766.1     0.00   0.00    0.0  0.004  0.010  0.004  0.003  0.003  0.004
02:50:09 862.66   17.3   31.6   1383    2.0    247    7.1    29.9   0.3   0.82   4.55 4767.1     0.00   0.00    0.0  0.004  0.010  0.004  0.003  0.003  0.004
02:50:10 862.37   17.3   31.7   1386    2.0    242    7.1    29.9   0.4   0.82   4.55 4768.1     0.00   0.00    0.0  0.004  0.010  0.004  0.003  0.003  0.004
02:50:11 862.63   17.3   31.7   1383    2.0    240    7.1    29.9   0.4   0.82   4.56 4769.1     0.00   0.00    0.0  0.004  0.010  0.004  0.003  0.003  0.004
02:50:12 862.48   17.3   31.6   1385    2.0    240    7.1    29.9   0.4   0.82   4.55 4770.1     0.00   0.00    0.0  0.004  0.010  0.004  0.003  0.003  0.004
02:50:13 862.63   17.3   31.6   1383    2.0    240    7.1    29.9   0.3   0.82   4.54 4771.1     0.00   0.00    0.0  0.004  0.010  0.004  0.003  0.003  0.004
02:50:14 862.76   17.3   31.6   1382    2.1    234    7.1    29.9   0.3   0.82   4.55 4772.1     0.00   0.00    0.0  0.004  0.010  0.004  0.003  0.003  0.004
02:50:15 862.96   17.4   31.6   1380    2.0    237    7.1    29.9   0.4   0.82   4.55 4773.1     0.00   0.00    0.0  0.004  0.010  0.004  0.003  0.003  0.004
02:50:16 862.72   17.3   31.5   1383    2.1    231    7.1    29.9   0.3   0.82   4.54 4774.1     0.00   0.00    0.0  0.004  0.010  0.004  0.003  0.003  0.004
02:50:17 862.72   17.3   31.6   1383    2.1    235    7.1    29.8   0.3   0.82   4.54 4775.1     0.00   0.00    0.0  0.004  0.010  0.004  0.003  0.003  0.004
02:50:18 862.95   17.4   31.6   1380    2.1    232    7.1    29.9   0.4   0.82   4.56 4776.1     0.00   0.00    0.0  0.004  0.010  0.004  0.003  0.003  0.004
02:50:19 863.01   17.3   31.5   1380    2.1    239    7.1    29.8   0.3   0.82   4.54 4777.1     0.00   0.00    0.0  0.004  0.010  0.004  0.003  0.003  0.004
02:50:20 863.02   17.4   31.6   1380    2.1    237    7.1    29.9   0.4   0.82   4.55 4778.1     0.00   0.00    0.0  0.004  0.010  0.004  0.003  0.003  0.004
02:50:22 863.15   17.4   31.5   1378    2.2    238    7.1    29.9   0.4   0.82   4.55 4780.1     0.00   0.00    0.0  0.004  0.010  0.004  0.003  0.003  0.004
02:50:24 863.28   17.4   31.5   1377    2.2    243    7.1    29.8   0.3   0.82   4.54 4782.1     0.00   0.00    0.0  0.004  0.010  0.004  0.003  0.003  0.004
02:50:25 863.46   17.4   31.5   1375    2.2    249    7.1    29.9   0.4   0.82   4.56 4783.1     0.00   0.00    0.0  0.005  0.010  0.004  0.003  0.003  0.004
02:50:26 863.44   17.4   31.5   1375    2.2    246    7.1    29.9   0.4   0.82   4.55 4784.1     0.00   0.00    0.0  0.004  0.010  0.004  0.003  0.003  0.004
02:50:28 863.55   17.4   31.5   1374    2.3    250    7.1    29.9   0.4   0.82   4.55 4786.1     0.00   0.00    0.0  0.004  0.010  0.004  0.003  0.003  0.004
02:50:29 863.63   17.4   31.4   1374    2.2    245    7.1    29.9   0.4   0.82   4.55 4787.1     0.00   0.00    0.0  0.004  0.010  0.004  0.003  0.003  0.004
02:50:32 863.76   17.4   31.4   1372    2.2    242    7.1    29.8   0.3   0.82   4.54 4790.1     0.00   0.00    0.0  0.004  0.010  0.004  0.003  0.003  0.004
02:50:33 863.71   17.5   31.4   1373    2.2    245    7.1    29.9   0.4   0.82   4.56 4791.1     0.00   0.00    0.0  0.004  0.010  0.004  0.003  0.003  0.004
02:50:35 863.96   17.5   31.4   1370    2.1    249    7.1    29.9   0.4   0.82   4.55 4793.1     0.00   0.00    0.0  0.004  0.010  0.004  0.003  0.003  0.004
02:50:37 864.19   17.4   31.4   1368    2.1    251    7.1    29.8   0.3   0.82   4.54 4795.1     0.00   0.00    0.0  0.004  0.010  0.004  0.003  0.003  0.004
02:50:38 864.16   17.5   31.4   1368    2.1    252    7.1    29.9   0.4   0.82   4.55 4796.1     0.00   0.00    0.0  0.004  0.010  0.004  0.003  0.003  0.004
02:50:39 864.07   17.4   31.4   1369    2.1    250    7.1    29.8   0.3   0.82   4.53 4797.1     0.00   0.00    0.0  0.004  0.010  0.004  0.003  0.003  0.004
02:50:40 864.22   17.5   31.4   1368    2.1    252    7.1    29.8   0.3   0.82   4.54 4798.1     0.00   0.00    0.0  0.004  0.010  0.004  0.003  0.003  0.004
02:50:41 864.29   17.5   31.4   1367    2.1    250    7.1    29.8   0.4   0.82   4.55 4799.1     0.00   0.00    0.0  0.004  0.010  0.004  0.003  0.003  0.004
02:50:42 864.17   17.4   31.4   1368    2.1    245    7.1    29.8   0.3   0.82   4.54 4800.1     0.00   0.00    0.0  0.004  0.010  0.004  0.003  0.003  0.004
02:50:43 864.19   17.5   31.4   1368    2.1    244    7.1    29.8   0.3   0.82   4.54 4801.1     0.00   0.00    0.0  0.004  0.010  0.004  0.003  0.003  0.004
02:50:47 864.62   17.5   31.4   1364    2.1    240    7.1    29.8   0.4   0.82   4.55 4805.1     0.00   0.00    0.0  0.004  0.010  0.004  0.003  0.003  0.004
02:50:48 864.78   17.5   31.3   1362    2.1    242    7.1    29.8   0.3   0.82   4.54 4806.1     0.00   0.00    0.0  0.004  0.010  0.004  0.003  0.003  0.004
02:50:52 864.80   17.5   31.3   1362    2.1    253    7.1    29.8   0.4   0.82   4.54 4810.1     0.00   0.00    0.0  0.004  0.010  0.004  0.003  0.003  0.004
02:50:53 864.87   17.6   31.3   1361    2.1    257    7.1    29.9   0.4   0.82   4.55 4811.1     0.00   0.00    0.0  0.004  0.010  0.004  0.003  0.003  0.004
02:50:54 865.16   17.5   31.3   1358    2.1    253    7.1    29.8   0.4   0.82   4.55 4812.1     0.00   0.00    0.0  0.004  0.010  0.004  0.003  0.003  0.004
02:50:55 865.04   17.5   31.3   1360    2.1    246    7.1    29.8   0.4   0.82   4.55 4813.1     0.00   0.00    0.0  0.005  0.010  0.004  0.003  0.003  0.004
02:50:56 865.21   17.6   31.3   1358    2.1    245    7.1    29.8   0.4   0.82   4.55 4814.1     0.00   0.00    0.0  0.004  0.010  0.004  0.003  0.003  0.004
02:50:57 865.19   17.6   31.2   1358    2.1    243    7.1    29.8   0.4   0.82   4.54 4815.1     0.00   0.00    0.0  0.004  0.010  0.004  0.003  0.003  0.004
02:50:58 865.15   17.5   31.2   1358    2.1    244    7.1    29.8   0.4   0.82   4.54 4816.1     0.00   0.00    0.0  0.004  0.010  0.004  0.003  0.003  0.004
02:50:59 865.14   17.5   31.3   1359    2.1    247    7.1    29.8   0.4   0.82   4.54 4817.1     0.00   0.00    0.0  0.004  0.010  0.004  0.003  0.003  0.004
02:51:04 865.34   17.6   31.2   1357    2.2    247    7.1    29.9   0.4   0.82   4.55 4822.0     0.00   0.00    0.0  0.004  0.010  0.004  0.003  0.003  0.004
02:51:05 865.41   17.5   31.2   1356    2.2    247    7.1    29.8   0.4   0.82   4.54 4823.0     0.00   0.00    0.0  0.004  0.010  0.004  0.003  0.003  0.004
02:51:06 865.69   17.6   31.3   1353    2.2    247    7.1    29.8   0.4   0.82   4.55 4824.0     0.00   0.00    0.0  0.004  0.010  0.004  0.003  0.003  0.004
02:51:08 865.71   17.6   31.1   1353    2.3    248    7.1    29.9   0.4   0.82   4.55 4826.0     0.00   0.00    0.0  0.004  0.010  0.004  0.003  0.003  0.004
02:51:11 865.86   17.7   31.2   1351    2.2    242    7.1    29.9   0.4   0.82   4.56 4829.0     0.00   0.00    0.0  0.005  0.010  0.004  0.003  0.003  0.004
02:51:12 866.18   17.7   31.2   1348    2.1    245    7.1    29.8   0.4   0.82   4.56 4830.0     0.00   0.00    0.0  0.004  0.010  0.004  0.003  0.003  0.004
02:51:13 866.22   17.6   31.2   1348    2.1    250    7.1    29.8   0.4   0.82   4.56 4831.0     0.00   0.00    0.0  0.004  0.010  0.004  0.003  0.003  0.004
02:51:14 866.06   17.6   31.2   1350    2.1    250    7.1    29.8   0.4   0.82   4.56 4832.0     0.00   0.00    0.0  0.004  0.010  0.004  0.003  0.003  0.004
02:51:15 866.44   17.6   31.2   1346    2.1    244    7.1    29.8   0.4   0.82   4.55 4833.0     0.00   0.00    0.0  0.004  0.010  0.004  0.003  0.003  0.004
02:51:16 866.37   17.6   31.1   1346    2.1    245    7.1    29.8   0.4   0.82   4.55 4834.0     0.00   0.00    0.0  0.004  0.010  0.004  0.003  0.003  0.004
02:51:17 866.23   17.6   31.1   1348    2.0    247    7.1    29.8   0.4   0.82   4.55 4835.0     0.00   0.00    0.0  0.004  0.010  0.004  0.003  0.003  0.004
02:51:18 866.51   17.7   31.1   1345    2.1    243    7.1    29.8   0.4   0.82   4.55 4836.0     0.00   0.00    0.0  0.004  0.010  0.004  0.003  0.003  0.004
02:51:19 866.50   17.6   31.1   1345    2.1    244    7.1    29.8   0.4   0.82   4.55 4837.0     0.00   0.00    0.0  0.004  0.010  0.004  0.003  0.003  0.004
02:51:23 866.68   17.7   31.2   1343    2.1    229    7.1    29.8   0.5   0.82   4.57 4841.0     0.00   0.00    0.0  0.004  0.010  0.004  0.003  0.003  0.004
02:51:24 866.77   17.7   31.2   1343    2.1    233    7.1    29.8   0.5   0.82   4.56 4842.0     0.00   0.00    0.0  0.004  0.010  0.004  0.003  0.003  0.004
02:51:25 866.82   17.6   31.2   1342    2.1    237    7.1    29.7   0.4   0.82   4.55 4843.0     0.00   0.00    0.0  0.004  0.010  0.004  0.003  0.003  0.004
02:51:26 866.84   17.7   31.2   1342    2.2    240    7.1    29.8   0.4   0.82   4.56 4844.0     0.00   0.00    0.0  0.004  0.010  0.004  0.003  0.003  0.004
02:51:27 866.66   17.7   31.2   1344    2.2    241    7.1    29.8   0.5   0.82   4.57 4845.0     0.00   0.00    0.0  0.004  0.010  0.004  0.003  0.003  0.004
02:51:28 866.85   17.7   31.2   1342    2.2    243    7.1    29.8   0.5   0.82   4.57 4846.0     0.00   0.00    0.0  0.004  0.010  0.004  0.003  0.003  0.004
02:51:29 866.92   17.7   31.2   1341    2.1    241    7.1    29.8   0.5   0.82   4.57 4847.0     0.00   0.00    0.0  0.004  0.010  0.004  0.003  0.003  0.004
02:51:30 866.99   17.7   31.2   1340    2.1    241    7.1    29.8   0.4   0.82   4.56 4848.0     0.00   0.00    0.0  0.004  0.010  0.004  0.003  0.003  0.004
02:51:31 866.98   17.7   31.2   1341    2.1    239    7.1    29.8   0.5   0.82   4.57 4849.0     0.00   0.00    0.0  0.004  0.010  0.004  0.003  0.003  0.004
02:51:33 866.92   17.7   31.2   1341    2.1    232    7.1    29.8   0.5   0.82   4.57 4851.0     0.00   0.00    0.0  0.004  0.010  0.004  0.003  0.003  0.004
02:51:34 867.12   17.7   31.1   1339    2.1    228    7.1    29.8   0.5   0.82   4.58 4852.0     0.00   0.00    0.0  0.004  0.010  0.004  0.003  0.003  0.004
02:51:37 867.33   17.7   31.2   1337    2.1    224    7.1    29.8   0.5   0.82   4.57 4855.0     0.00   0.00    0.0  0.004  0.010  0.004  0.003  0.003  0.004
02:51:38 867.54   17.7   31.2   1335    2.1    227    7.1    29.8   0.5   0.82   4.57 4856.0     0.00   0.00    0.0  0.005  0.010  0.004  0.003  0.003  0.004
02:51:39 867.55   17.7   31.2   1335    2.1    230    7.1    29.7   0.5   0.82   4.56 4857.0     0.00   0.00    0.0  0.004  0.010  0.004  0.003  0.003  0.004
02:51:40 867.58   17.7   31.1   1335    2.1    228    7.1    29.8   0.5   0.82   4.57 4858.0     0.00   0.00    0.0  0.004  0.010  0.004  0.003  0.003  0.004
02:51:41 867.68   17.8   31.1   1334    2.1    230    7.1    29.8   0.5   0.82   4.58 4859.0     0.00   0.00    0.0  0.004  0.010  0.004  0.003  0.003  0.004
02:51:42 867.53   17.7   31.1   1335    2.1    226    7.1    29.8   0.5   0.82   4.57 4860.0     0.00   0.00    0.0  0.004  0.010  0.004  0.003  0.003  0.004
02:51:45 867.96   17.7   31.1   1331    2.2    222    7.1    29.7   0.5   0.82   4.56 4863.0     0.00   0.00    0.0  0.005  0.010  0.004  0.003  0.003  0.004
02:51:46 868.08   17.7   31.1   1330    2.2    221    7.1    29.7   0.5   0.82   4.57 4864.0     0.00   0.00    0.0  0.004  0.010  0.004  0.003  0.003  0.004
02:51:47 867.96   17.7   31.1   1331    2.2    222    7.1    29.8   0.5   0.82   4.56 4865.0     0.00   0.00    0.0  0.004  0.010  0.004  0.003  0.003  0.004
02:51:50 868.03   17.7   31.1   1330    2.3    232    7.1    29.7   0.4   0.82   4.56 4868.0     0.00   0.00    0.0  0.004  0.010  0.004  0.003  0.003  0.004
02:51:51 868.06   17.7   31.1   1330    2.3    234    7.1    29.7   0.5   0.82   4.56 4869.0     0.00   0.00    0.0  0.004  0.010  0.004  0.003  0.003  0.004
02:51:52 868.22   17.7   31.0   1328    2.2    235    7.1    29.7   0.4   0.82   4.55 4870.0     0.00   0.00    0.0  0.005  0.010  0.004  0.003  0.003  0.004
02:51:53 868.48   17.7   31.1   1326    2.2    233    7.1    29.7   0.4   0.82   4.55 4871.0     0.00   0.00    0.0  0.004  0.010  0.004  0.003  0.003  0.004
02:51:54 868.52   17.7   31.1   1325    2.1    230    7.1    29.7   0.5   0.82   4.56 4872.0     0.00   0.00    0.0  0.004  0.010  0.004  0.003  0.003  0.004
02:51:55 868.26   17.7   31.1   1328    2.1    228    7.1    29.7   0.5   0.82   4.57 4873.0     0.00   0.00    0.0  0.004  0.010  0.004  0.003  0.003  0.004
02:51:57 868.51   17.7   31.1   1325    2.1    231    7.1    29.7   0.5   0.82   4.56 4875.0     0.00   0.00    0.0  0.004  0.010  0.004  0.003  0.003  0.004
02:51:58 868.62   17.7   31.1   1324    2.0    233    7.1    29.7   0.5   0.82   4.57 4876.0     0.00   0.00    0.0  0.004  0.010  0.004  0.003  0.003  0.004
02:51:59 868.56   17.8   31.2   1325    2.0    234    7.1    29.7   0.5   0.82   4.58 4877.0     0.00   0.00    0.0  0.004  0.010  0.004  0.003  0.003  0.004
02:52:00 868.59   17.7   31.2   1325    2.1    236    7.1    29.7   0.5   0.82   4.57 4878.0     0.00   0.00    0.0  0.004  0.010  0.004  0.003  0.003  0.004
02:52:06 869.24   17.7   31.2   1318    2.2    231    7.1    29.6   0.5   0.82   4.56 4884.0     0.00   0.00    0.0  0.005  0.010  0.004  0.003  0.003  0.004
02:52:07 868.86   17.7   31.3   1322    2.2    231    7.1    29.6   0.5   0.82   4.57 4885.0     0.00   0.00    0.0  0.005  0.010  0.004  0.003  0.003  0.004
02:52:10 869.32   17.5   31.9   1317    2.1    240    7.1    29.4   0.6   0.82   4.61 4888.0     0.00   0.00    0.0  0.004  0.010  0.004  0.003  0.003  0.004
02:52:11 869.36   17.5   32.1   1317    2.0    244    7.1    29.3   0.7   0.82   4.62 4889.0     0.00   0.00    0.0  0.004  0.010  0.004  0.003  0.003  0.004
02:52:12 869.43   17.5   32.0   1316    2.0    245    7.1    29.4   0.7   0.82   4.62 4890.0     0.00   0.00    0.0  0.004  0.010  0.004  0.003  0.003  0.004
02:52:13 869.45   17.4   32.2   1316    1.9    249    7.1    29.3   0.7   0.82   4.63 4891.0     0.00   0.00    0.0  0.004  0.010  0.004  0.003  0.003  0.004
02:52:14 869.43   17.5   32.3   1316    1.9    251    7.1    29.3   0.8   0.82   4.66 4892.0     0.00   0.00    0.0  0.004  0.010  0.004  0.003  0.003  0.004
02:52:15 869.58   17.5   32.5   1315    1.9    250    7.1    29.3   0.8   0.82   4.68 4893.0     0.00   0.00    0.0  0.005  0.010  0.004  0.003  0.003  0.004
02:52:19 869.77   16.5   36.4   1313    1.6    257    7.1    28.3   1.6   0.83   4.93 4897.0     0.00   0.00    0.0  0.004  0.010  0.004  0.003  0.003  0.004
02:52:20 869.72   16.3   37.6   1314    1.5    255    7.1    28.1   1.9   0.83   5.04 4898.0     0.00   0.00    0.0  0.004  0.010  0.004  0.003  0.003  0.004
02:52:21 869.67   16.2   38.0   1314    1.4    243    7.1    28.0   1.9   0.83   5.05 4899.0     0.00   0.00    0.0  0.004  0.010  0.004  0.003  0.003  0.004
02:52:24 869.72   15.9   39.0   1314    1.1    242    7.1    27.7   2.0   0.84   5.09 4902.0     0.00   0.00    0.0  0.005  0.010  0.004  0.003  0.003  0.004
02:52:27 869.82   15.6   39.9   1313    0.9    228    7.1    27.3   2.0   0.84   5.09 4905.0     0.00   0.00    0.0  0.004  0.010  0.004  0.003  0.003  0.004
02:52:28 870.10   15.5   40.2   1310    0.8    229    7.1    27.2   2.1   0.84   5.11 4906.0     0.00   0.00    0.0  0.004  0.010  0.004  0.003  0.003  0.004
02:52:29 869.94   15.5   40.4   1311    0.8    232    7.1    27.3   2.1   0.84   5.14 4907.0     0.00   0.00    0.0  0.005  0.010  0.004  0.003  0.003  0.004
02:52:30 869.70   15.4   40.6   1314    0.8    198    7.1    27.2   2.1   0.84   5.13 4908.0     0.00   0.00    0.0  0.005  0.010  0.004  0.003  0.003  0.004
02:52:31 870.04   15.4   40.8   1310    0.7    150    7.1    27.1   2.2   0.84   5.15 4909.0     0.00   0.00    0.0  0.004  0.010  0.004  0.004  0.003  0.004
02:54:54 869.79   15.3   44.4   1313   38.5    237    7.3    27.0   3.3   0.85   5.57 5052.0     0.00   0.00    0.0  0.004  0.009  0.003  0.003  0.003  0.004
02:54:58 870.02   15.3   44.1   1311    0.6    215    7.3    27.0   3.1   0.85   5.52 5056.0     0.00   0.00    0.0  0.004  0.009  0.003  0.003  0.003  0.004
02:54:59 870.13   15.3   44.5   1310    0.7    210    7.3    26.9   3.3   0.85   5.57 5057.0     0.00   0.00    0.0  0.004  0.009  0.003  0.003  0.003  0.004
02:55:01 869.89   15.3   44.2   1312    0.6    219    7.3    27.0   3.2   0.85   5.54 5059.0     0.00   0.00    0.0  0.004  0.009  0.003  0.003  0.003  0.004
02:55:02 869.96   15.4   43.4   1311    0.7    222    7.3    27.1   3.0   0.85   5.47 5060.0     0.00   0.00    0.0  0.004  0.009  0.003  0.003  0.003  0.004
02:55:04 870.09   15.3   44.2   1310    0.7    217    7.3    27.0   3.2   0.85   5.55 5062.0     0.00   0.00    0.0  0.004  0.009  0.003  0.003  0.003  0.004
02:55:05 870.09   15.3   44.1   1310    0.7    213    7.3    27.0   3.2   0.85   5.53 5063.0     0.00   0.00    0.0  0.004  0.009  0.003  0.003  0.003  0.004
02:55:06 869.81   15.3   44.2   1313    0.7    213    7.3    27.1   3.2   0.85   5.56 5064.0     0.00   0.00    0.0  0.004  0.009  0.003  0.003  0.003  0.004
02:55:07 869.96   15.4   43.8   1311    0.7    211    7.3    27.1   3.2   0.85   5.53 5065.0     0.00   0.00    0.0  0.004  0.009  0.003  0.003  0.003  0.004
02:55:08 869.93   15.2   44.6   1311    0.7    210    7.3    26.9   3.2   0.85   5.56 5066.0     0.00   0.00    0.0  0.004  0.009  0.003  0.003  0.003  0.004
02:55:09 869.71   15.4   43.5   1314    0.8    211    7.3    27.1   3.1   0.85   5.50 5067.0     0.00   0.00    0.0  0.004  0.009  0.003  0.003  0.003  0.004
02:55:10 869.92   15.5   43.2   1312    0.8    215    7.3    27.2   3.0   0.85   5.48 5068.0     0.00   0.00    0.0  0.004  0.009  0.003  0.003  0.003  0.004
02:55:11 870.08   15.4   43.6   1310    0.8    215    7.3    27.1   3.1   0.85   5.50 5069.0     0.00   0.00    0.0  0.004  0.009  0.003  0.003  0.003  0.004
02:55:12 870.16   15.3   43.7   1309    0.7    214    7.3    27.0   3.1   0.85   5.50 5070.0     0.00   0.00    0.0  0.004  0.009  0.003  0.003  0.003  0.004
02:55:13 869.81   15.4   43.9   1313    0.7    212    7.3    27.1   3.2   0.85   5.54 5071.0     0.00   0.00    0.0  0.004  0.009  0.003  0.003  0.003  0.004
02:55:14 869.93   15.3   43.5   1312    0.7    208    7.3    27.1   3.0   0.85   5.48 5072.0     0.00   0.00    0.0  0.004  0.009  0.003  0.003  0.003  0.004
02:55:16 869.98   15.3   43.8   1311    0.7    212    7.3    27.0   3.1   0.85   5.51 5074.0     0.00   0.00    0.0  0.004  0.009  0.003  0.003  0.003  0.004
02:55:20 870.00   15.2   44.4   1311    0.7    213    7.3    26.9   3.2   0.85   5.55 5078.0     0.00   0.00    0.0  0.004  0.009  0.003  0.003  0.003  0.004
02:55:22 869.96   15.3   44.2   1311    0.7    211    7.3    27.0   3.2   0.85   5.53 5080.0     0.00   0.00    0.0  0.004  0.009  0.003  0.003  0.003  0.004
02:55:23 869.80   15.3   44.4   1313    0.7    207    7.3    27.0   3.2   0.85   5.56 5081.0     0.00   0.00    0.0  0.004  0.009  0.003  0.003  0.003  0.004
02:55:24 870.00   15.3   44.3   1311    0.7    208    7.2    27.0   3.2   0.85   5.56 5082.0     0.00   0.00    0.0  0.004  0.009  0.003  0.003  0.003  0.004
02:55:26 870.19   15.2   44.4   1309    0.7    209    7.2    26.9   3.2   0.85   5.54 5084.0     0.00   0.00    0.0  0.004  0.009  0.003  0.003  0.003  0.004
02:55:29 870.05   15.3   43.9   1310    0.7    209    7.2    27.0   3.1   0.85   5.52 5087.0     0.00   0.00    0.0  0.004  0.009  0.003  0.003  0.003  0.004
02:55:30 869.98   15.3   43.9   1311    0.7    209    7.2    27.0   3.1   0.85   5.50 5088.0     0.00   0.00    0.0  0.004  0.009  0.003  0.003  0.003  0.004
02:55:31 869.99   15.2   44.6   1311    0.7    209    7.2    26.9   3.2   0.85   5.56 5089.0     0.00   0.00    0.0  0.004  0.009  0.003  0.003  0.003  0.004
02:55:32 870.05   15.2   44.6   1310    0.7    212    7.2    26.9   3.2   0.85   5.56 5090.0     0.00   0.00    0.0  0.004  0.009  0.003  0.003  0.003  0.004
02:55:37 870.08   15.2   44.7   1310    0.6    212    7.2    26.9   3.3   0.85   5.59 5095.0     0.00   0.00    0.0  0.004  0.009  0.003  0.003  0.003  0.004
02:55:38 870.03   15.2   44.9   1311    0.6    212    7.2    26.9   3.3   0.85   5.59 5095.9     0.00   0.00    0.0  0.004  0.009  0.003  0.003  0.003  0.004
02:55:39 869.77   15.3   43.9   1313    0.6    210    7.2    27.0   3.1   0.85   5.50 5096.9     0.00   0.00    0.0  0.004  0.009  0.003  0.003  0.003  0.004
02:55:40 869.97   15.2   45.0   1311    0.7    208    7.2    26.9   3.3   0.85   5.60 5097.9     0.00   0.00    0.0  0.004  0.009  0.003  0.003  0.003  0.004
02:55:41 869.65   15.2   44.8   1314    0.6    203    7.2    26.9   3.3   0.85   5.58 5098.9     0.00   0.00    0.0  0.004  0.009  0.003  0.003  0.003  0.004
02:55:42 869.84   15.1   44.9   1312    0.6    201    7.2    26.9   3.3   0.85   5.59 5099.9     0.00   0.00    0.0  0.004  0.009  0.003  0.003  0.003  0.004
02:55:46 869.73   16.2   39.0   1313    1.0    205    7.2    27.9   2.2   0.84   5.17 5103.9     0.00   0.00    0.0  0.004  0.009  0.003  0.003  0.003  0.004
02:55:47 869.52   16.4   38.4   1315    1.1    205    7.2    28.2   2.2   0.84   5.17 5104.9     0.00   0.00    0.0  0.004  0.009  0.003  0.003  0.003  0.004
02:55:48 869.44   16.4   38.1   1316    1.3    203    7.2    28.3   2.2   0.84   5.15 5105.9     0.00   0.00    0.0  0.004  0.009  0.003  0.003  0.003  0.004
02:55:49 869.35   16.7   37.3   1317    1.4    202    7.2    28.6   2.1   0.84   5.13 5106.9     0.00   0.00    0.0  0.004  0.009  0.003  0.003  0.003  0.004
02:55:50 869.46   17.0   36.3   1316    1.6    201    7.2    28.8   2.0   0.84   5.08 5107.9     0.00   0.00    0.0  0.004  0.009  0.003  0.003  0.003  0.004
02:55:53 869.15   17.2   35.5   1319    1.7    203    7.2    29.1   1.9   0.83   5.04 5110.9     0.00   0.00    0.0  0.004  0.009  0.003  0.003  0.003  0.004
02:55:54 869.14   17.3   35.1   1319    1.7    203    7.2    29.1   1.7   0.83   5.00 5111.9     0.00   0.00    0.0  0.004  0.009  0.003  0.003  0.003  0.004
02:55:55 869.32   17.3   35.0   1317    1.7    203    7.2    29.1   1.7   0.83   4.98 5112.9     0.00   0.00    0.0  0.004  0.009  0.003  0.003  0.003  0.004
02:55:56 869.08   17.4   34.5   1320    1.7    201    7.2    29.3   1.6   0.83   4.96 5113.9     0.00   0.00    0.0  0.004  0.009  0.003  0.003  0.003  0.004
02:55:57 869.09   17.4   34.4   1320    1.7    199    7.2    29.3   1.6   0.83   4.94 5114.9     0.00   0.00    0.0  0.004  0.009  0.003  0.003  0.003  0.004
02:55:58 869.25   17.4   34.1   1318    1.7    198    7.2    29.3   1.5   0.83   4.91 5115.9     0.00   0.00    0.0  0.004  0.009  0.003  0.003  0.003  0.004
02:56:00 869.13   17.5   33.8   1319    1.7    197    7.2    29.4   1.4   0.83   4.87 5117.9     0.00   0.00    0.0  0.004  0.009  0.003  0.003  0.003  0.004
02:56:01 868.92   17.5   33.7   1321    1.7    196    7.2    29.4   1.4   0.83   4.87 5118.9     0.00   0.00    0.0  0.004  0.009  0.003  0.003  0.003  0.004
02:56:03 868.74   17.5   33.3   1323    1.8    197    7.2    29.5   1.3   0.83   4.83 5120.9     0.00   0.00    0.0  0.004  0.009  0.003  0.003  0.003  0.004
02:56:04 868.63   17.5   33.2   1324    1.8    196    7.2    29.5   1.2   0.83   4.81 5121.9     0.00   0.00    0.0  0.004  0.009  0.003  0.003  0.003  0.004
02:56:05 868.60   17.5   33.1   1325    1.8    196    7.2    29.5   1.2   0.83   4.80 5122.9     0.00   0.00    0.0  0.004  0.009  0.003  0.003  0.003  0.004
02:56:07 868.54   17.6   32.9   1325    1.8    197    7.2    29.5   1.1   0.83   4.77 5124.9     0.00   0.00    0.0  0.004  0.009  0.003  0.003  0.003  0.004
02:56:09 868.34   17.6   32.7   1327    1.9    197    7.2    29.5   1.0   0.83   4.74 5126.9     0.00   0.00    0.0  0.004  0.009  0.003  0.003  0.003  0.004
02:56:10 868.32   17.6   32.6   1327    1.9    196    7.1    29.6   1.0   0.83   4.74 5127.9     0.00   0.00    0.0  0.004  0.009  0.003  0.003  0.003  0.004
02:56:12 868.31   17.6   32.5   1327    1.9    195    7.2    29.6   1.0   0.83   4.73 5129.9     0.00   0.00    0.0  0.004  0.009  0.003  0.003  0.003  0.004
02:56:15 868.23   17.6   32.3   1328    1.9    196    7.1    29.6   0.9   0.82   4.70 5132.9     0.00   0.00    0.0  0.004  0.009  0.003  0.003  0.003  0.004
02:56:16 868.12   17.7   32.2   1329    1.9    195    7.1    29.7   0.9   0.82   4.70 5133.9     0.00   0.00    0.0  0.004  0.009  0.003  0.003  0.003  0.004
02:56:17 868.12   17.7   32.1   1329    1.9    195    7.1    29.6   0.8   0.82   4.68 5134.9     0.00   0.00    0.0  0.004  0.009  0.003  0.003  0.003  0.004
02:56:19 867.98   17.6   32.1   1331    2.0    195    7.1    29.7   0.8   0.82   4.68 5136.9     0.00   0.00    0.0  0.004  0.009  0.003  0.003  0.003  0.004
02:56:20 867.83   17.6   32.0   1332    1.9    194    7.1    29.7   0.8   0.82   4.67 5137.9     0.00   0.00    0.0  0.004  0.009  0.003  0.003  0.003  0.004
02:56:21 867.99   17.7   32.0   1331    1.9    196    7.1    29.7   0.8   0.82   4.69 5138.9     0.00   0.00    0.0  0.004  0.009  0.003  0.003  0.003  0.004
02:56:23 867.75   17.7   31.8   1333    1.9    196    7.1    29.7   0.8   0.82   4.66 5140.9     0.00   0.00    0.0  0.004  0.009  0.003  0.003  0.003  0.004
02:56:24 867.96   17.7   31.9   1331    1.9    195    7.1    29.7   0.8   0.82   4.66 5141.9     0.00   0.00    0.0  0.004  0.009  0.003  0.003  0.003  0.004
02:56:25 867.56   17.7   31.8   1335    1.9    197    7.1    29.8   0.8   0.82   4.66 5142.9     0.00   0.00    0.0  0.004  0.009  0.003  0.003  0.003  0.004
02:56:26 867.51   17.6   31.8   1335    1.9    197    7.1    29.7   0.7   0.82   4.64 5143.9     0.00   0.00    0.0  0.004  0.009  0.003  0.003  0.003  0.004
02:56:27 867.86   17.7   31.8   1332    1.9    198    7.1    29.7   0.7   0.82   4.65 5144.9     0.00   0.00    0.0  0.004  0.009  0.003  0.003  0.003  0.004
02:56:28 867.39   17.7   31.7   1336    1.9    198    7.1    29.7   0.7   0.82   4.64 5145.9     0.00   0.00    0.0  0.004  0.009  0.003  0.003  0.003  0.004
02:56:29 867.47   17.7   31.7   1336    1.9    197    7.1    29.7   0.7   0.82   4.64 5146.9     0.00   0.00    0.0  0.004  0.009  0.003  0.003  0.003  0.004
02:56:30 867.47   17.7   31.7   1336    1.9    197    7.1    29.7   0.7   0.82   4.64 5147.9     0.00   0.00    0.0  0.004  0.009  0.003  0.003  0.003  0.004
02:56:31 867.38   17.7   31.7   1337    1.9    197    7.1    29.8   0.7   0.82   4.64 5148.9     0.00   0.00    0.0  0.004  0.009  0.003  0.003  0.003  0.004
02:56:32 867.46   17.7   31.7   1336    1.9    198    7.1    29.8   0.7   0.82   4.64 5149.9     0.00   0.00    0.0  0.004  0.009  0.003  0.003  0.003  0.004
02:56:33 867.43   17.6   31.7   1336    1.8    199    7.1    29.7   0.6   0.82   4.62 5150.9     0.00   0.00    0.0  0.004  0.009  0.003  0.003  0.003  0.004
02:56:36 867.24   17.7   31.6   1338    1.8    197    7.1    29.7   0.6   0.82   4.61 5153.9     0.00   0.00    0.0  0.004  0.009  0.003  0.003  0.003  0.004
02:56:38 866.98   17.7   31.6   1340    1.8    196    7.1    29.8   0.6   0.82   4.62 5155.9     0.00   0.00    0.0  0.004  0.009  0.003  0.003  0.003  0.004
02:56:40 866.79   17.6   31.6   1342    1.7    196    7.1    29.8   0.6   0.82   4.61 5157.9     0.00   0.00    0.0  0.004  0.009  0.003  0.003  0.003  0.004
02:56:41 867.10   17.6   31.5   1339    1.7    196    7.1    29.7   0.6   0.82   4.60 5158.9     0.00   0.00    0.0  0.004  0.009  0.003  0.003  0.003  0.004
02:56:42 866.83   17.6   31.5   1342    1.7    196    7.1    29.8   0.6   0.82   4.60 5159.9     0.00   0.00    0.0  0.004  0.009  0.003  0.003  0.003  0.004
02:56:43 866.92   17.6   31.5   1341    1.7    197    7.1    29.8   0.6   0.82   4.60 5160.9     0.00   0.00    0.0  0.004  0.009  0.003  0.003  0.003  0.004
02:56:45 866.76   17.7   31.5   1343    1.7    199    7.1    29.8   0.6   0.82   4.62 5162.9     0.00   0.00    0.0  0.004  0.009  0.003  0.003  0.003  0.004
02:56:47 866.48   17.6   31.5   1345    1.7    201    7.1    29.8   0.6   0.82   4.60 5164.9     0.00   0.00    0.0  0.004  0.009  0.003  0.003  0.003  0.004
02:56:48 866.76   17.7   31.5   1343    1.7    200    7.1    29.8   0.6   0.82   4.61 5165.9     0.00   0.00    0.0  0.004  0.009  0.003  0.003  0.003  0.004
02:56:49 866.56   17.7   31.5   1345    1.7    199    7.1    29.8   0.6   0.82   4.61 5166.9     0.00   0.00    0.0  0.004  0.009  0.003  0.003  0.003  0.004
02:56:50 866.22   17.6   31.5   1348    1.7    199    7.1    29.8   0.5   0.82   4.60 5167.9     0.00   0.00    0.0  0.004  0.009  0.003  0.003  0.003  0.004
02:56:52 866.43   17.6   31.4   1346    1.7    199    7.1    29.8   0.5   0.82   4.59 5169.9     0.00   0.00    0.0  0.004  0.009  0.003  0.003  0.003  0.004
02:56:53 866.21   17.6   31.5   1348    1.8    200    7.1    29.8   0.5   0.82   4.59 5170.9     0.00   0.00    0.0  0.004  0.009  0.003  0.003  0.003  0.004
02:56:54 866.09   17.6   31.4   1349    1.8    200    7.1    29.8   0.5   0.82   4.59 5171.9     0.00   0.00    0.0  0.004  0.009  0.003  0.003  0.003  0.004
02:56:55 866.50   17.6   31.4   1345    1.8    200    7.1    29.8   0.5   0.82   4.59 5172.9     0.00   0.00    0.0  0.004  0.009  0.003  0.003  0.003  0.004
02:56:58 866.15   17.6   31.5   1349    1.8    199    7.1    29.8   0.5   0.82   4.59 5175.9     0.00   0.00    0.0  0.004  0.009  0.003  0.003  0.003  0.004
02:56:59 866.12   17.6   31.4   1349    1.8    201    7.1    29.8   0.5   0.82   4.58 5176.9     0.00   0.00    0.0  0.004  0.009  0.003  0.003  0.003  0.004
02:57:01 866.08   17.6   31.4   1349    1.7    200    7.1    29.8   0.5   0.82   4.59 5178.9     0.00   0.00    0.0  0.004  0.009  0.003  0.003  0.003  0.004
02:57:02 866.01   17.6   31.4   1350    1.7    202    7.1    29.8   0.5   0.82   4.58 5179.9     0.00   0.00    0.0  0.004  0.009  0.003  0.003  0.003  0.004
02:57:03 866.19   17.6   31.4   1348    1.8    205    7.1    29.8   0.5   0.82   4.58 5180.9     0.00   0.00    0.0  0.004  0.009  0.003  0.003  0.003  0.004
02:57:05 865.66   17.6   31.5   1353    1.7    207    7.1    29.8   0.5   0.82   4.59 5182.9     0.00   0.00    0.0  0.004  0.009  0.003  0.003  0.003  0.004
02:57:06 865.59   17.7   31.4   1354    1.8    208    7.1    29.9   0.6   0.82   4.60 5183.9     0.00   0.00    0.0  0.004  0.009  0.003  0.003  0.003  0.004
02:57:07 865.58   17.6   31.5   1354    1.8    209    7.1    29.8   0.5   0.82   4.60 5184.9     0.00   0.00    0.0  0.004  0.009  0.003  0.003  0.003  0.004
02:57:08 865.54   17.6   31.5   1355    1.8    208    7.1    29.9   0.5   0.82   4.60 5185.9     0.00   0.00    0.0  0.004  0.009  0.003  0.003  0.003  0.004
02:57:09 865.46   17.6   31.4   1355    1.8    208    7.1    29.9   0.5   0.82   4.60 5186.9     0.00   0.00    0.0  0.004  0.009  0.003  0.003  0.003  0.004
02:57:10 865.38   17.6   31.5   1356    1.8    209    7.1    29.8   0.5   0.82   4.59 5187.9     0.00   0.00    0.0  0.004  0.009  0.003  0.003  0.003  0.004
02:57:11 865.38   17.7   31.5   1356    1.8    209    7.1    29.9   0.6   0.82   4.61 5188.9     0.00   0.00    0.0  0.004  0.009  0.003  0.003  0.003  0.004
02:57:12 865.68   17.6   31.5   1353    1.8    208    7.1    29.8   0.5   0.82   4.59 5189.9     0.00   0.00    0.0  0.004  0.009  0.003  0.003  0.003  0.004
02:57:14 865.13   17.6   31.5   1359    1.8    207    7.1    29.9   0.5   0.82   4.60 5191.9     0.00   0.00    0.0  0.004  0.009  0.003  0.003  0.003  0.004
02:57:15 865.33   17.6   31.4   1357    1.8    206    7.1    29.9   0.5   0.82   4.59 5192.9     0.00   0.00    0.0  0.004  0.009  0.003  0.003  0.003  0.004
02:57:16 864.94   17.6   31.5   1361    1.8    206    7.1    29.9   0.5   0.82   4.59 5193.9     0.00   0.00    0.0  0.004  0.009  0.003  0.003  0.003  0.004
02:57:17 865.38   17.6   31.4   1356    1.9    205    7.1    29.8   0.5   0.82   4.58 5194.9     0.00   0.00    0.0  0.004  0.009  0.003  0.003  0.003  0.004
02:57:18 865.10   17.5   31.5   1359    1.9    206    7.1    29.8   0.5   0.82   4.57 5195.8     0.00   0.00    0.0  0.004  0.009  0.003  0.003  0.003  0.004
02:57:19 865.03   17.6   31.4   1360    1.8    207    7.1    29.9   0.5   0.82   4.59 5196.8     0.00   0.00    0.0  0.004  0.009  0.003  0.003  0.003  0.004
02:57:20 865.00   17.6   31.5   1360    1.8    207    7.1    29.9   0.5   0.82   4.59 5197.8     0.00   0.00    0.0  0.004  0.009  0.003  0.003  0.003  0.004
02:57:24 864.80   17.5   31.5   1362    1.8    206    7.1    29.9   0.5   0.82   4.58 5201.8     0.00   0.00    0.0  0.004  0.009  0.003  0.003  0.003  0.004
02:57:25 864.77   17.6   31.5   1362    1.8    206    7.1    29.9   0.5   0.82   4.59 5202.8     0.00   0.00    0.0  0.004  0.009  0.003  0.003  0.003  0.004
02:57:26 864.63   17.6   31.5   1364    1.8    206    7.1    29.9   0.5   0.82   4.59 5203.8     0.00   0.00    0.0  0.004  0.009  0.003  0.003  0.003  0.004
02:57:27 864.61   17.6   31.5   1364    1.8    206    7.1    29.9   0.5   0.82   4.60 5204.8     0.00   0.00    0.0  0.004  0.009  0.003  0.003  0.003  0.004
02:57:30 864.24   17.5   31.5   1368    1.8    205    7.1    29.9   0.4   0.82   4.57 5207.8     0.00   0.00    0.0  0.004  0.009  0.003  0.003  0.003  0.004
02:57:31 864.59   17.5   31.4   1364    1.7    204    7.1    29.9   0.4   0.82   4.57 5208.8     0.00   0.00    0.0  0.004  0.009  0.003  0.003  0.003  0.004
02:57:32 864.36   17.5   31.5   1366    1.7    203    7.1    29.8   0.4   0.82   4.56 5209.8     0.00   0.00    0.0  0.004  0.009  0.003  0.003  0.003  0.004
02:57:33 864.19   17.5   31.5   1368    1.7    202    7.1    29.9   0.4   0.82   4.57 5210.8     0.00   0.00    0.0  0.004  0.009  0.003  0.003  0.003  0.004
02:57:34 864.54   17.5   31.5   1365    1.7    202    7.1    29.8   0.4   0.82   4.57 5211.8     0.00   0.00    0.0  0.004  0.009  0.003  0.003  0.003  0.004
02:57:35 864.31   17.5   31.5   1367    1.7    203    7.1    29.9   0.5   0.82   4.58 5212.8     0.00   0.00    0.0  0.004  0.009  0.003  0.003  0.003  0.004
02:57:36 864.29   17.5   31.5   1367    1.8    206    7.1    29.9   0.5   0.82   4.58 5213.8     0.00   0.00    0.0  0.004  0.009  0.003  0.003  0.003  0.004
02:57:37 864.06   17.5   31.5   1369    1.8    208    7.1    29.9   0.5   0.82   4.58 5214.8     0.00   0.00    0.0  0.004  0.009  0.003  0.003  0.003  0.004
02:57:38 864.05   17.5   31.5   1369    1.8    208    7.1    29.9   0.4   0.82   4.58 5215.8     0.00   0.00    0.0  0.004  0.009  0.004  0.003  0.003  0.004
02:57:39 864.15   17.5   31.5   1368    1.8    208    7.1    29.9   0.4   0.82   4.57 5216.8     0.00   0.00    0.0  0.004  0.009  0.003  0.003  0.003  0.004
02:57:40 863.84   17.5   31.5   1371    1.8    207    7.1    29.9   0.4   0.82   4.57 5217.8     0.00   0.00    0.0  0.004  0.009  0.003  0.003  0.003  0.004
02:57:41 863.88   17.4   31.5   1371    1.9    206    7.1    29.8   0.4   0.82   4.55 5218.8     0.00   0.00    0.0  0.004  0.009  0.004  0.003  0.003  0.004
02:57:42 864.00   17.5   31.5   1370    1.8    205    7.1    29.9   0.4   0.82   4.56 5219.8     0.00   0.00    0.0  0.004  0.009  0.004  0.003  0.003  0.004
02:57:44 863.72   17.5   31.5   1373    1.8    204    7.1    29.9   0.4   0.82   4.57 5221.8     0.00   0.00    0.0  0.004  0.009  0.003  0.003  0.003  0.004
02:57:45 863.75   17.5   31.5   1372    1.9    202    7.1    29.9   0.4   0.82   4.56 5222.8     0.00   0.00    0.0  0.004  0.009  0.003  0.003  0.003  0.004
02:57:46 863.71   17.5   31.5   1373    1.9    203    7.1    29.9   0.4   0.82   4.57 5223.8     0.00   0.00    0.0  0.004  0.009  0.004  0.003  0.003  0.004
02:57:47 863.85   17.5   31.5   1371    1.8    204    7.1    29.9   0.4   0.82   4.58 5224.8     0.00   0.00    0.0  0.004  0.009  0.003  0.003  0.003  0.004
02:57:48 863.75   17.5   31.4   1372    1.9    202    7.1    29.9   0.4   0.82   4.56 5225.8     0.00   0.00    0.0  0.004  0.009  0.003  0.003  0.003  0.004
02:57:49 863.76   17.5   31.4   1372    1.9    203    7.0    29.9   0.4   0.82   4.56 5226.8     0.00   0.00    0.0  0.004  0.009  0.004  0.003  0.003  0.004
02:57:50 863.71   17.4   31.4   1373    1.9    203    7.0    29.9   0.3   0.82   4.54 5227.8     0.00   0.00    0.0  0.004  0.009  0.003  0.003  0.003  0.004
02:57:53 863.35   17.5   31.5   1376    1.9    208    7.0    29.9   0.4   0.82   4.56 5230.8     0.00   0.00    0.0  0.004  0.009  0.003  0.003  0.003  0.004
02:57:57 863.14   17.4   31.4   1378    1.9    205    7.0    29.9   0.3   0.82   4.54 5234.8     0.00   0.00    0.0  0.004  0.009  0.003  0.003  0.003  0.004
02:57:58 863.12   17.5   31.4   1379    1.9    206    7.0    29.9   0.4   0.82   4.56 5235.8     0.00   0.00    0.0  0.004  0.009  0.004  0.003  0.003  0.004
02:57:59 863.16   17.4   31.4   1378    1.9    210    7.0    29.9   0.3   0.82   4.54 5236.8     0.00   0.00    0.0  0.004  0.009  0.004  0.003  0.003  0.004
02:58:05 863.09   17.4   31.4   1379    1.9    205    7.0    29.9   0.3   0.82   4.55 5242.8     0.00   0.00    0.0  0.004  0.009  0.003  0.003  0.003  0.004
02:58:06 862.68   17.4   31.4   1383    1.9    205    7.0    29.9   0.3   0.82   4.53 5243.8     0.00   0.00    0.0  0.004  0.009  0.003  0.003  0.003  0.004
02:58:07 863.04   17.4   31.4   1379    1.8    203    7.0    29.9   0.3   0.82   4.54 5244.8     0.00   0.00    0.0  0.004  0.009  0.004  0.003  0.003  0.004
02:58:08 862.60   17.4   31.5   1384    1.8    201    7.0    29.9   0.3   0.82   4.54 5245.8     0.00   0.00    0.0  0.004  0.009  0.003  0.003  0.003  0.004
02:58:09 862.45   17.4   31.5   1385    1.8    203    7.0    29.9   0.3   0.82   4.54 5246.8     0.00   0.00    0.0  0.004  0.009  0.004  0.003  0.003  0.004
02:58:10 862.50   17.4   31.5   1385    1.8    204    7.0    29.9   0.4   0.82   4.55 5247.8     0.00   0.00    0.0  0.004  0.009  0.003  0.003  0.003  0.004
02:58:11 862.79   17.3   31.5   1382    1.8    202    7.0    29.9   0.3   0.82   4.53 5248.8     0.00   0.00    0.0  0.004  0.009  0.004  0.003  0.003  0.004
02:58:12 862.42   17.4   31.5   1385    1.7    203    7.0    29.9   0.3   0.82   4.55 5249.8     0.00   0.00    0.0  0.004  0.009  0.004  0.003  0.003  0.004
02:58:13 862.33   17.4   31.5   1386    1.7    203    7.0    29.9   0.3   0.82   4.55 5250.8     0.00   0.00    0.0  0.004  0.009  0.003  0.003  0.003  0.004
02:58:14 862.25   17.3   31.5   1387    1.7    205    7.0    29.9   0.3   0.82   4.53 5251.8     0.00   0.00    0.0  0.004  0.009  0.003  0.003  0.003  0.004
02:58:15 862.29   17.3   31.5   1387    1.7    207    7.0    29.9   0.3   0.82   4.54 5252.8     0.00   0.00    0.0  0.004  0.009  0.003  0.003  0.003  0.004
02:58:16 862.57   17.3   31.5   1384    1.7    206    7.0    29.9   0.3   0.82   4.54 5253.8     0.00   0.00    0.0  0.004  0.009  0.004  0.003  0.003  0.004
02:58:17 862.43   17.3   31.5   1385    1.7    205    7.0    29.9   0.3   0.82   4.54 5254.8     0.00   0.00    0.0  0.004  0.009  0.004  0.003  0.003  0.004
02:58:18 862.29   17.4   31.5   1387    1.7    205    7.0    29.9   0.3   0.82   4.54 5255.8     0.00   0.00    0.0  0.004  0.009  0.004  0.003  0.003  0.004
02:58:20 862.11   17.3   31.6   1389    1.7    205    7.0    29.9   0.3   0.82   4.55 5257.8     0.00   0.00    0.0  0.004  0.009  0.004  0.003  0.003  0.004
02:58:21 861.91   17.3   31.6   1391    1.7    205    7.0    29.9   0.3   0.82   4.55 5258.8     0.00   0.00    0.0  0.004  0.009  0.003  0.003  0.003  0.004
02:58:22 861.83   17.3   31.5   1391    1.7    204    7.0    29.9   0.3   0.82   4.54 5259.8     0.00   0.00    0.0  0.004  0.009  0.004  0.003  0.003  0.004
02:58:23 861.95   17.3   31.5   1390    1.7    204    7.0    29.9   0.3   0.82   4.55 5260.8     0.00   0.00    0.0  0.004  0.009  0.004  0.003  0.003  0.004
02:58:26 861.82   17.3   31.6   1391    1.7    205    7.0    29.9   0.3   0.82   4.55 5263.8     0.00   0.00    0.0  0.004  0.009  0.003  0.003  0.003  0.004
02:58:27 861.78   17.3   31.5   1392    1.7    205    7.0    29.9   0.3   0.82   4.53 5264.8     0.00   0.00    0.0  0.004  0.009  0.004  0.003  0.003  0.004
02:58:30 861.58   17.3   31.6   1394    1.7    205    7.0    30.0   0.3   0.82   4.55 5267.8     0.00   0.00    0.0  0.004  0.009  0.004  0.003  0.003  0.004
02:58:31 861.95   17.3   31.6   1390    1.7    204    7.0    29.9   0.3   0.82   4.54 5268.8     0.00   0.00    0.0  0.004  0.009  0.004  0.003  0.003  0.004
02:58:32 861.46   17.3   31.6   1395    1.7    204    7.0    30.0   0.3   0.82   4.55 5269.8     0.00   0.00    0.0  0.004  0.009  0.004  0.003  0.003  0.004
02:58:33 861.46   17.3   31.6   1395    1.7    204    7.0    29.9   0.3   0.82   4.55 5270.8     0.00   0.00    0.0  0.004  0.009  0.004  0.003  0.003  0.004
02:58:37 861.36   17.3   31.7   1396    1.7    209    7.0    29.9   0.3   0.82   4.54 5274.8     0.00   0.00    0.0  0.004  0.009  0.004  0.003  0.003  0.004
02:58:38 861.54   17.3   31.5   1394    1.7    208    7.0    29.9   0.3   0.82   4.53 5275.8     0.00   0.00    0.0  0.004  0.009  0.004  0.003  0.003  0.004
02:58:39 861.11   17.2   31.6   1398    1.7    209    7.0    29.9   0.2   0.82   4.53 5276.8     0.00   0.00    0.0  0.004  0.009  0.004  0.003  0.003  0.004
02:58:40 861.28   17.2   31.6   1397    1.7    206    7.0    29.8   0.2   0.82   4.52 5277.8     0.00   0.00    0.0  0.004  0.009  0.004  0.003  0.003  0.004
02:58:41 861.32   17.3   31.6   1396    1.6    209    7.0    29.9   0.3   0.82   4.53 5278.8     0.00   0.00    0.0  0.004  0.009  0.003  0.003  0.003  0.004
02:58:42 861.48   17.2   31.6   1395    1.7    209    7.0    29.8   0.2   0.82   4.52 5279.8     0.00   0.00    0.0  0.004  0.009  0.003  0.003  0.003  0.004
02:58:43 861.18   17.2   31.6   1398    1.7    210    7.0    29.9   0.2   0.82   4.52 5280.8     0.00   0.00    0.0  0.004  0.009  0.004  0.003  0.003  0.004
02:58:44 861.18   17.2   31.7   1398    1.7    211    7.0    29.9   0.3   0.82   4.54 5281.8     0.00   0.00    0.0  0.004  0.009  0.004  0.003  0.003  0.004
02:58:45 861.09   17.2   31.7   1399    1.7    208    7.0    29.9   0.3   0.82   4.54 5282.8     0.00   0.00    0.0  0.004  0.009  0.004  0.003  0.003  0.004
02:58:47 861.11   17.2   31.7   1398    1.7    205    7.0    29.9   0.3   0.82   4.54 5284.8     0.00   0.00    0.0  0.004  0.009  0.004  0.003  0.003  0.004
02:58:48 860.96   17.2   31.7   1400    1.7    204    7.0    29.9   0.3   0.82   4.53 5285.8     0.00   0.00    0.0  0.004  0.009  0.004  0.003  0.003  0.004
02:58:49 861.08   17.2   31.7   1399    1.7    203    7.0    29.9   0.3   0.82   4.54 5286.8     0.00   0.00    0.0  0.004  0.009  0.004  0.003  0.003  0.004
02:58:50 860.84   17.2   31.7   1401    1.7    203    7.0    29.9   0.3   0.82   4.54 5287.8     0.00   0.00    0.0  0.004  0.009  0.004  0.003  0.003  0.004
02:58:51 860.84   17.2   31.7   1401    1.7    204    7.0    29.9   0.3   0.82   4.54 5288.8     0.00   0.00    0.0  0.004  0.009  0.003  0.003  0.003  0.004
02:58:52 860.82   17.2   31.7   1401    1.7    205    7.0    29.9   0.3   0.82   4.53 5289.8     0.00   0.00    0.0  0.004  0.009  0.003  0.003  0.003  0.004
02:58:53 860.54   17.2   31.7   1404    1.8    206    7.0    29.9   0.3   0.82   4.54 5290.8     0.00   0.00    0.0  0.004  0.009  0.004  0.003  0.003  0.004
02:58:54 860.81   17.2   31.7   1401    1.8    206    7.0    29.9   0.3   0.82   4.54 5291.8     0.00   0.00    0.0  0.004  0.009  0.004  0.003  0.003  0.004
02:58:56 860.72   17.2   31.7   1402    1.7    206    7.0    29.9   0.3   0.82   4.54 5293.8     0.00   0.00    0.0  0.004  0.009  0.004  0.003  0.003  0.004
02:58:58 860.49   17.2   31.7   1405    1.7    207    7.0    29.9   0.3   0.82   4.53 5295.8     0.00   0.00    0.0  0.004  0.009  0.004  0.003  0.003  0.004
02:58:59 860.79   17.2   31.7   1402    1.7    207    7.0    29.9   0.2   0.82   4.53 5296.8     0.00   0.00    0.0  0.004  0.009  0.004  0.003  0.003  0.004
02:59:01 860.28   17.2   31.7   1407    1.7    201    7.0    30.0   0.3   0.82   4.54 5298.7     0.00   0.00    0.0  0.004  0.009  0.004  0.003  0.003  0.004
02:59:04 860.37   17.2   31.8   1406    1.7    201    7.0    29.9   0.3   0.82   4.54 5301.7     0.00   0.00    0.0  0.004  0.008  0.004  0.003  0.003  0.004
02:59:05 860.53   17.1   31.8   1404    1.7    203    7.0    29.9   0.3   0.82   4.53 5302.7     0.00   0.00    0.0  0.004  0.009  0.004  0.003  0.003  0.004
02:59:06 860.21   17.1   31.8   1407    1.7    203    7.0    29.9   0.3   0.82   4.53 5303.7     0.00   0.00    0.0  0.004  0.009  0.004  0.003  0.003  0.004
02:59:07 860.46   17.1   31.7   1405    1.7    201    7.0    29.9   0.2   0.82   4.53 5304.7     0.00   0.00    0.0  0.004  0.008  0.004  0.003  0.003  0.004
02:59:08 860.30   17.2   31.8   1406    1.7    201    7.0    29.9   0.3   0.82   4.54 5305.7     0.00   0.00    0.0  0.004  0.009  0.004  0.003  0.003  0.004
02:59:09 860.15   17.2   31.8   1408    1.7    202    7.0    29.9   0.3   0.82   4.54 5306.7     0.00   0.00    0.0  0.004  0.009  0.004  0.003  0.003  0.004
02:59:10 860.06   17.2   31.8   1409    1.7    203    7.0    30.0   0.3   0.82   4.54 5307.7     0.00   0.00    0.0  0.004  0.009  0.004  0.003  0.003  0.004
02:59:11 860.22   17.1   31.8   1407    1.8    204    7.0    29.9   0.2   0.82   4.53 5308.7     0.00   0.00    0.0  0.004  0.009  0.003  0.003  0.003  0.004
02:59:12 860.07   17.1   31.8   1409    1.7    204    7.0    29.9   0.3   0.82   4.54 5309.7     0.00   0.00    0.0  0.004  0.008  0.004  0.003  0.003  0.004
02:59:13 860.28   17.1   31.8   1407    1.7    203    7.0    29.9   0.2   0.82   4.53 5310.7     0.00   0.00    0.0  0.004  0.008  0.004  0.003  0.003  0.004
02:59:14 859.93   17.1   31.8   1410    1.7    205    7.0    29.9   0.2   0.82   4.53 5311.7     0.00   0.00    0.0  0.004  0.009  0.004  0.003  0.003  0.004
02:59:15 859.77   17.1   31.8   1412    1.7    206    7.0    29.9   0.2   0.82   4.51 5312.7     0.00   0.00    0.0  0.004  0.009  0.004  0.003  0.003  0.004
02:59:17 859.75   17.1   31.8   1412    1.7    205    7.0    29.9   0.2   0.82   4.53 5314.7     0.00   0.00    0.0  0.004  0.009  0.004  0.003  0.003  0.004
02:59:19 859.83   17.1   31.8   1411    1.7    206    7.0    29.9   0.2   0.82   4.53 5316.7     0.00   0.00    0.0  0.004  0.009  0.004  0.003  0.003  0.004
02:59:20 859.80   17.1   31.9   1411    1.7    208    7.0    29.9   0.3   0.82   4.53 5317.7     0.00   0.00    0.0  0.004  0.009  0.004  0.003  0.003  0.004
02:59:21 859.73   17.1   31.8   1412    1.7    209    7.0    29.9   0.2   0.82   4.53 5318.7     0.00   0.00    0.0  0.004  0.009  0.004  0.003  0.003  0.004
02:59:23 859.66   17.1   31.8   1413    1.7    206    7.0    29.9   0.2   0.82   4.52 5320.7     0.00   0.00    0.0  0.004  0.008  0.004  0.003  0.003  0.004
02:59:24 859.66   17.1   31.8   1413    1.7    205    7.0    29.9   0.2   0.82   4.51 5321.7     0.00   0.00    0.0  0.004  0.008  0.004  0.003  0.003  0.004
02:59:26 859.60   17.1   31.9   1413    1.6    204    7.0    30.0   0.3   0.82   4.54 5323.7     0.00   0.00    0.0  0.004  0.008  0.004  0.003  0.003  0.004
02:59:27 859.46   17.1   31.9   1415    1.7    204    7.0    30.0   0.3   0.82   4.55 5324.7     0.00   0.00    0.0  0.004  0.009  0.004  0.003  0.003  0.004
02:59:29 859.51   17.1   31.9   1414    1.7    203    7.0    29.9   0.2   0.82   4.53 5326.7     0.00   0.00    0.0  0.004  0.008  0.004  0.003  0.003  0.004
02:59:31 859.34   17.1   31.9   1416    1.7    204    7.0    29.9   0.2   0.82   4.53 5328.7     0.00   0.00    0.0  0.004  0.008  0.003  0.003  0.003  0.004
02:59:32 859.30   17.1   31.9   1416    1.7    205    7.0    29.9   0.2   0.82   4.53 5329.7     0.00   0.00    0.0  0.004  0.009  0.004  0.003  0.003  0.004
02:59:37 858.95   17.0   32.0   1420    1.7    204    7.0    29.9   0.2   0.82   4.53 5334.7     0.00   0.00    0.0  0.004  0.008  0.004  0.003  0.003  0.004
02:59:38 858.84   17.0   32.0   1421    1.8    204    7.0    29.9   0.2   0.82   4.54 5335.7     0.00   0.00    0.0  0.004  0.008  0.004  0.003  0.003  0.004
02:59:39 858.81   17.0   32.0   1421    1.7    203    7.0    29.9   0.2   0.82   4.52 5336.7     0.00   0.00    0.0  0.004  0.009  0.004  0.003  0.003  0.004
02:59:40 859.02   17.0   31.9   1419    1.7    201    7.0    29.9   0.2   0.82   4.52 5337.7     0.00   0.00    0.0  0.004  0.008  0.004  0.003  0.003  0.004
02:59:41 858.90   17.0   32.0   1420    1.8    200    7.0    29.9   0.2   0.82   4.53 5338.7     0.00   0.00    0.0  0.004  0.008  0.004  0.003  0.003  0.004
02:59:42 858.92   17.0   32.0   1420    1.8    201    7.0    29.9   0.2   0.82   4.53 5339.7     0.00   0.00    0.0  0.004  0.008  0.004  0.003  0.003  0.004
02:59:43 858.81   17.0   32.1   1421    1.8    200    7.0    29.9   0.2   0.82   4.53 5340.7     0.00   0.00    0.0  0.004  0.008  0.004  0.003  0.003  0.004
02:59:45 858.88   17.0   32.1   1420    1.8    200    7.0    29.9   0.2   0.82   4.53 5342.7     0.00   0.00    0.0  0.004  0.009  0.004  0.003  0.003  0.004
02:59:48 858.49   17.0   32.1   1424    1.7    208    7.0    29.9   0.3   0.82   4.55 5345.7     0.00   0.00    0.0  0.004  0.008  0.004  0.003  0.003  0.004
02:59:49 858.56   16.9   32.1   1424    1.7    210    7.0    29.9   0.2   0.82   4.53 5346.7     0.00   0.00    0.0  0.004  0.008  0.004  0.003  0.003  0.004
02:59:50 858.63   17.0   32.2   1423    1.7    208    7.0    29.9   0.3   0.82   4.55 5347.7     0.00   0.00    0.0  0.004  0.008  0.004  0.003  0.003  0.004
02:59:51 858.72   16.9   32.1   1422    1.7    205    7.0    29.9   0.2   0.82   4.53 5348.7     0.00   0.00    0.0  0.004  0.008  0.004  0.003  0.003  0.004
02:59:52 858.43   16.9   32.1   1425    1.7    204    7.0    29.9   0.2   0.82   4.53 5349.7     0.00   0.00    0.0  0.004  0.008  0.004  0.003  0.003  0.004
02:59:53 858.39   17.0   32.2   1425    1.7    202    7.0    29.9   0.3   0.82   4.55 5350.7     0.00   0.00    0.0  0.004  0.008  0.004  0.003  0.003  0.004
02:59:55 858.35   16.9   32.2   1426    1.7    203    7.0    29.9   0.2   0.82   4.54 5352.7     0.00   0.00    0.0  0.004  0.008  0.004  0.003  0.003  0.004
02:59:56 858.32   16.9   32.2   1426    1.7    202    7.0    29.9   0.2   0.82   4.54 5353.7     0.00   0.00    0.0  0.004  0.008  0.004  0.003  0.003  0.004
02:59:58 858.42   16.9   32.2   1425    1.6    204    7.0    29.8   0.2   0.82   4.53 5355.7     0.00   0.00    0.0  0.004  0.008  0.004  0.003  0.003  0.004
02:59:59 858.47   16.9   32.2   1425    1.7    205    7.0    29.8   0.2   0.82   4.53 5356.7     0.00   0.00    0.0  0.004  0.008  0.004  0.003  0.003  0.004
03:00:02 857.95   16.9   32.3   1430    1.7    206    7.0    29.9   0.3   0.82   4.55 5359.7     0.00   0.00    0.0  0.004  0.008  0.004  0.003  0.003  0.004
03:00:03 857.94   16.9   32.3   1430    1.6    206    7.0    29.9   0.2   0.82   4.54 5360.7     0.00   0.00    0.0  0.004  0.008  0.004  0.003  0.003  0.004
03:00:04 857.93   16.9   32.3   1430    1.6    207    7.0    29.9   0.2   0.82   4.54 5361.7     0.00   0.00    0.0  0.004  0.008  0.004  0.003  0.003  0.004
03:00:05 858.07   16.9   32.3   1429    1.7    206    7.0    29.8   0.2   0.82   4.54 5362.7     0.00   0.00    0.0  0.004  0.008  0.004  0.003  0.003  0.004
03:00:06 857.76   16.9   32.2   1432    1.7    205    7.0    29.9   0.2   0.82   4.53 5363.7     0.00   0.00    0.0  0.004  0.008  0.004  0.003  0.003  0.004
03:00:07 857.78   16.9   32.3   1431    1.6    205    7.0    29.9   0.2   0.82   4.54 5364.7     0.00   0.00    0.0  0.004  0.008  0.004  0.003  0.003  0.004
03:00:08 858.07   16.9   32.3   1429    1.7    204    7.0    29.8   0.2   0.82   4.53 5365.7     0.00   0.00    0.0  0.004  0.008  0.004  0.003  0.003  0.004
03:00:09 857.63   16.9   32.3   1433    1.7    202    7.0    29.9   0.2   0.82   4.54 5366.7     0.00   0.00    0.0  0.004  0.008  0.004  0.003  0.003  0.004
03:00:10 857.60   16.9   32.2   1433    1.6    199    7.0    29.9   0.2   0.82   4.54 5367.7     0.00   0.00    0.0  0.004  0.008  0.004  0.003  0.003  0.004
03:00:11 857.84   16.8   32.2   1431    1.7    197    7.0    29.8   0.2   0.82   4.51 5368.7     0.00   0.00    0.0  0.004  0.008  0.004  0.003  0.003  0.004
03:00:12 857.67   16.9   32.1   1433    1.7    194    7.0    29.9   0.2   0.82   4.52 5369.7     0.00   0.00    0.0  0.004  0.008  0.004  0.003  0.003  0.004
03:00:14 857.67   16.9   32.2   1432    1.7    203    7.0    29.9   0.2   0.82   4.52 5371.7     0.00   0.00    0.0  0.004  0.008  0.004  0.003  0.003  0.004
03:00:16 857.57   16.9   32.2   1433    1.7    204    7.0    29.9   0.2   0.82   4.52 5373.7     0.00   0.00    0.0  0.004  0.008  0.004  0.003  0.003  0.004
03:00:17 857.58   16.8   32.2   1433    1.8    203    7.0    29.9   0.2   0.82   4.52 5374.7     0.00   0.00    0.0  0.004  0.008  0.004  0.003  0.003  0.004
03:00:19 857.42   16.8   32.3   1435    1.8    201    7.0    29.8   0.2   0.82   4.52 5376.7     0.00   0.00    0.0  0.004  0.008  0.004  0.003  0.003  0.004
03:00:20 857.43   16.8   32.3   1435    1.8    202    7.0    29.8   0.2   0.82   4.52 5377.7     0.00   0.00    0.0  0.004  0.008  0.004  0.003  0.003  0.004
03:00:21 857.48   16.8   32.2   1434    1.8    205    7.0    29.8   0.2   0.82   4.52 5378.7     0.00   0.00    0.0  0.004  0.008  0.004  0.003  0.003  0.004
03:00:22 857.47   16.8   32.2   1435    1.8    202    7.0    29.8   0.1   0.82   4.50 5379.7     0.00   0.00    0.0  0.004  0.008  0.004  0.003  0.003  0.004
03:00:26 857.04   16.8   32.2   1439    1.7    197    7.0    29.8   0.1   0.82   4.51 5383.7     0.00   0.00    0.0  0.004  0.008  0.004  0.003  0.003  0.004
03:00:28 857.38   16.8   32.3   1435    1.8    197    7.0    29.8   0.1   0.82   4.51 5385.7     0.00   0.00    0.0  0.004  0.008  0.004  0.003  0.003  0.004
03:00:29 857.01   16.8   32.3   1439    1.8    197    7.0    29.9   0.2   0.82   4.53 5386.7     0.00   0.00    0.0  0.004  0.008  0.004  0.003  0.003  0.004
03:00:30 857.19   16.8   32.3   1437    1.8    194    7.0    29.8   0.2   0.82   4.52 5387.7     0.00   0.00    0.0  0.004  0.008  0.004  0.003  0.003  0.004
03:00:31 857.04   16.8   32.3   1439    1.7    192    7.0    29.8   0.1   0.82   4.51 5388.7     0.00   0.00    0.0  0.004  0.008  0.004  0.003  0.003  0.004
03:00:33 856.82   16.8   32.4   1441    1.7    191    7.0    29.9   0.2   0.82   4.52 5390.7     0.00   0.00    0.0  0.004  0.008  0.004  0.003  0.003  0.004
03:00:35 856.92   16.8   32.3   1440    1.7    195    7.0    29.8   0.2   0.82   4.52 5392.7     0.00   0.00    0.0  0.004  0.008  0.004  0.003  0.003  0.004
03:00:37 856.76   16.8   32.4   1442    1.7    198    7.0    29.9   0.2   0.82   4.53 5394.7     0.00   0.00    0.0  0.004  0.008  0.004  0.003  0.003  0.004
03:00:38 856.88   16.7   32.4   1440    1.7    198    7.0    29.8   0.2   0.82   4.52 5395.7     0.00   0.00    0.0  0.004  0.008  0.004  0.003  0.003  0.004
03:00:41 856.30   16.7   32.4   1446    1.6    190    7.0    29.8   0.1   0.82   4.50 5398.6     0.00   0.00    0.0  0.004  0.008  0.004  0.003  0.003  0.004
03:00:42 856.37   16.7   32.3   1445    1.6    190    7.0    29.9   0.1   0.82   4.51 5399.6     0.00   0.00    0.0  0.004  0.008  0.004  0.003  0.003  0.004
03:00:43 856.59   16.7   32.4   1443    1.6    192    7.0    29.8   0.1   0.82   4.51 5400.6     0.00   0.00    0.0  0.004  0.008  0.004  0.003  0.003  0.004
03:00:44 856.44   16.7   32.4   1445    1.6    195    7.0    29.8   0.1   0.82   4.51 5401.6     0.00   0.00    0.0  0.004  0.008  0.004  0.003  0.003  0.004
03:00:45 856.53   16.7   32.4   1444    1.6    196    7.0    29.8   0.1   0.82   4.51 5402.6     0.00   0.00    0.0  0.004  0.008  0.004  0.003  0.003  0.004
03:00:46 856.64   16.7   32.4   1443    1.6    197    7.0    29.8   0.1   0.82   4.51 5403.6     0.00   0.00    0.0  0.004  0.008  0.004  0.003  0.003  0.004
03:00:49 856.29   16.7   32.5   1446    1.6    199    6.9    29.8   0.2   0.82   4.52 5406.6     0.00   0.00    0.0  0.004  0.008  0.004  0.004  0.003  0.004
03:00:50 856.29   16.7   32.4   1446    1.6    199    6.9    29.9   0.2   0.82   4.53 5407.6     0.00   0.00    0.0  0.004  0.008  0.004  0.003  0.003  0.004
03:00:51 856.24   16.7   32.5   1447    1.6    199    7.0    29.8   0.2   0.82   4.52 5408.6     0.00   0.00    0.0  0.004  0.008  0.004  0.004  0.003  0.004
03:00:52 856.18   16.7   32.4   1447    1.6    199    6.9    29.9   0.2   0.82   4.52 5409.6     0.00   0.00    0.0  0.004  0.008  0.004  0.003  0.003  0.004
03:00:54 856.29   16.7   32.5   1446    1.6    198    6.9    29.8   0.1   0.82   4.51 5411.6     0.00   0.00    0.0  0.004  0.008  0.004  0.003  0.003  0.004
03:00:55 856.30   16.7   32.5   1446    1.6    198    6.9    29.9   0.2   0.82   4.53 5412.6     0.00   0.00    0.0  0.004  0.008  0.004  0.003  0.003  0.004
03:00:58 855.90   16.7   32.5   1450    1.5    199    6.9    29.8   0.2   0.82   4.52 5415.6     0.00   0.00    0.0  0.004  0.008  0.004  0.003  0.003  0.004
03:00:59 855.60   16.7   32.6   1453    1.5    199    6.9    29.9   0.2   0.82   4.53 5416.6     0.00   0.00    0.0  0.004  0.008  0.004  0.003  0.003  0.004
03:01:00 855.74   16.7   32.5   1452    1.5    200    6.9    29.9   0.2   0.82   4.53 5417.6     0.00   0.00    0.0  0.004  0.008  0.004  0.003  0.003  0.004
03:01:01 855.93   16.6   32.6   1450    1.5    201    6.9    29.8   0.1   0.82   4.52 5418.6     0.00   0.00    0.0  0.004  0.008  0.004  0.003  0.003  0.004
03:01:02 855.94   16.7   32.4   1450    1.5    199    6.9    29.8   0.1   0.82   4.51 5419.6     0.00   0.00    0.0  0.004  0.008  0.004  0.003  0.003  0.004
03:01:03 855.74   16.6   32.5   1452    1.5    199    6.9    29.8   0.1   0.82   4.52 5420.6     0.00   0.00    0.0  0.004  0.008  0.004  0.003  0.003  0.004
03:01:04 855.68   16.6   32.5   1452    1.5    199    6.9    29.8   0.1   0.82   4.51 5421.6     0.00   0.00    0.0  0.004  0.008  0.004  0.003  0.003  0.004
03:01:05 855.44   16.6   32.6   1455    1.5    198    6.9    29.9   0.1   0.82   4.52 5422.6     0.00   0.00    0.0  0.004  0.008  0.004  0.003  0.003  0.004
03:01:09 855.58   16.7   32.5   1453    1.5    194    6.9    29.9   0.1   0.82   4.52 5426.6     0.00   0.00    0.0  0.004  0.008  0.004  0.003  0.003  0.004
03:01:10 855.49   16.6   32.5   1454    1.5    192    6.9    29.8   0.1   0.82   4.50 5427.6     0.00   0.00    0.0  0.004  0.008  0.004  0.003  0.003  0.004
03:01:12 855.49   16.6   32.5   1454    1.5    193    6.9    29.8   0.1   0.82   4.51 5429.6     0.00   0.00    0.0  0.004  0.008  0.004  0.003  0.003  0.004
03:01:13 855.39   16.6   32.6   1455    1.5    195    6.9    29.9   0.1   0.82   4.52 5430.6     0.00   0.00    0.0  0.004  0.008  0.004  0.003  0.003  0.004
03:01:15 855.22   16.6   32.5   1457    1.5    194    6.9    29.8   0.1   0.82   4.50 5432.6     0.00   0.00    0.0  0.004  0.008  0.004  0.003  0.003  0.004
03:01:16 855.12   16.6   32.5   1458    1.5    192    6.9    29.9   0.1   0.82   4.50 5433.6     0.00   0.00    0.0  0.004  0.008  0.004  0.003  0.003  0.004
03:01:17 855.05   16.6   32.5   1459    1.5    192    6.9    29.9   0.1   0.82   4.52 5434.6     0.00   0.00    0.0  0.004  0.008  0.004  0.003  0.003  0.004
03:01:18 855.08   16.7   32.6   1458    1.5    193    6.9    29.9   0.2   0.82   4.53 5435.6     0.00   0.00    0.0  0.004  0.008  0.004  0.003  0.003  0.004
03:01:19 855.15   16.6   32.5   1458    1.5    192    6.9    29.9   0.1   0.82   4.51 5436.6     0.00   0.00    0.0  0.004  0.008  0.004  0.003  0.003  0.004
03:01:20 854.93   16.6   32.5   1460    1.6    191    6.9    29.8   0.0   0.82   4.49 5437.6     0.00   0.00    0.0  0.004  0.008  0.004  0.003  0.003  0.004
03:01:21 854.91   16.6   32.6   1460    1.5    192    6.9    29.9   0.1   0.82   4.51 5438.6     0.00   0.00    0.0  0.004  0.008  0.004  0.003  0.003  0.004
03:01:22 854.96   16.6   32.5   1459    1.6    192    6.9    29.9   0.1   0.82   4.50 5439.6     0.00   0.00    0.0  0.004  0.008  0.004  0.003  0.003  0.004
03:01:23 854.92   16.6   32.5   1460    1.5    193    6.9    29.8   0.1   0.82   4.50 5440.6     0.00   0.00    0.0  0.004  0.008  0.004  0.003  0.003  0.004
03:01:26 854.72   16.6   32.5   1462    1.5    189    6.9    29.9   0.1   0.82   4.50 5444.6     0.00   0.00    0.0  0.004  0.008  0.004  0.003  0.003  0.004
03:01:28 854.75   16.5   32.5   1462    1.6    190    6.9    29.8   0.1   0.82   4.50 5445.6     0.00   0.00    0.0  0.004  0.008  0.004  0.003  0.003  0.004
03:01:29 854.59   16.5   32.6   1463    1.6    191    6.9    29.8   0.1   0.82   4.50 5446.6     0.00   0.00    0.0  0.004  0.008  0.004  0.003  0.003  0.004
03:01:30 854.62   16.6   32.6   1463    1.6    189    6.9    29.9   0.1   0.82   4.50 5447.6     0.00   0.00    0.0  0.004  0.008  0.004  0.003  0.003  0.004
03:01:31 854.57   16.5   32.6   1463    1.6    188    6.9    29.8   0.1   0.82   4.50 5448.6     0.00   0.00    0.0  0.004  0.008  0.004  0.003  0.003  0.004
03:01:32 854.79   16.6   32.6   1461    1.6    189    6.9    29.9   0.1   0.82   4.51 5449.6     0.00   0.00    0.0  0.004  0.008  0.004  0.003  0.003  0.004
03:01:34 854.61   16.5   32.6   1463    1.6    188    6.9    29.8   0.1   0.82   4.51 5451.6     0.00   0.00    0.0  0.004  0.008  0.004  0.003  0.003  0.004
03:01:37 854.35   16.6   32.7   1465    1.6    194    6.9    29.9   0.1   0.82   4.52 5454.6     0.00   0.00    0.0  0.004  0.008  0.004  0.003  0.003  0.004
03:01:38 854.42   16.5   32.7   1465    1.6    195    6.9    29.9   0.1   0.82   4.52 5455.6     0.00   0.00    0.0  0.004  0.008  0.004  0.003  0.003  0.004
03:01:39 854.24   16.5   32.6   1467    1.6    194    6.9    29.9   0.1   0.82   4.50 5456.6     0.00   0.00    0.0  0.004  0.008  0.004  0.003  0.003  0.004
03:01:40 854.19   16.5   32.7   1467    1.5    194    6.9    29.9   0.1   0.82   4.51 5457.6     0.00   0.00    0.0  0.004  0.008  0.004  0.003  0.003  0.004
03:01:41 854.02   16.5   32.7   1469    1.6    194    6.9    29.8   0.1   0.82   4.50 5458.6     0.00   0.00    0.0  0.004  0.008  0.004  0.004  0.003  0.004
03:01:42 854.12   16.5   32.7   1468    1.5    193    6.9    29.9   0.1   0.82   4.52 5459.6     0.00   0.00    0.0  0.004  0.008  0.004  0.004  0.003  0.004
03:01:43 853.96   16.5   32.7   1469    1.5    194    6.9    29.9   0.1   0.82   4.52 5460.6     0.00   0.00    0.0  0.004  0.008  0.004  0.003  0.003  0.004
03:01:44 854.03   16.5   32.7   1469    1.5    194    6.9    29.9   0.1   0.82   4.51 5461.6     0.00   0.00    0.0  0.004  0.008  0.004  0.003  0.003  0.004
03:01:45 854.24   16.5   32.7   1467    1.5    193    6.9    29.9   0.1   0.82   4.52 5462.6     0.00   0.00    0.0  0.004  0.008  0.004  0.004  0.003  0.004
03:01:49 853.97   16.5   32.7   1469    1.4    194    6.9    29.9   0.1   0.82   4.52 5466.6     0.00   0.00    0.0  0.004  0.008  0.004  0.003  0.003  0.004
03:01:52 854.07   16.5   32.8   1468    1.5    198    6.9    29.8   0.1   0.82   4.51 5469.6     0.00   0.00    0.0  0.004  0.008  0.004  0.003  0.003  0.004
03:01:53 853.82   16.5   32.7   1471    1.6    196    6.9    29.8   0.1   0.82   4.50 5470.6     0.00   0.00    0.0  0.004  0.008  0.004  0.003  0.003  0.004
03:01:54 853.59   16.5   32.8   1473    1.5    197    6.9    29.9   0.1   0.82   4.51 5471.6     0.00   0.00    0.0  0.004  0.008  0.004  0.003  0.003  0.004
03:01:55 853.83   16.5   32.8   1471    1.5    197    6.9    29.9   0.1   0.82   4.51 5472.6     0.00   0.00    0.0  0.004  0.008  0.004  0.003  0.003  0.004
03:01:56 853.54   16.5   32.8   1474    1.5    200    6.9    29.9   0.1   0.82   4.52 5473.6     0.00   0.00    0.0  0.004  0.008  0.004  0.003  0.003  0.004
03:01:57 853.68   16.5   32.8   1472    1.5    203    6.9    29.9   0.1   0.82   4.51 5474.6     0.00   0.00    0.0  0.004  0.008  0.004  0.004  0.003  0.004
03:01:58 853.69   16.5   32.8   1472    1.5    202    6.9    29.9   0.1   0.82   4.52 5475.6     0.00   0.00    0.0  0.004  0.008  0.004  0.003  0.003  0.004
03:02:01 853.63   16.5   32.7   1473    1.4    196    6.9    29.9   0.1   0.82   4.50 5478.6     0.00   0.00    0.0  0.004  0.008  0.004  0.004  0.003  0.004
03:02:02 853.52   16.4   32.8   1474    1.4    197    6.9    29.8   0.0   0.82   4.50 5479.6     0.00   0.00    0.0  0.004  0.008  0.004  0.004  0.003  0.004
03:02:05 853.43   16.4   32.8   1475    1.4    197    6.9    29.8   0.1   0.82   4.51 5482.6     0.00   0.00    0.0  0.004  0.008  0.004  0.003  0.003  0.004
03:02:06 853.26   16.4   32.9   1476    1.4    198    6.9    29.9   0.1   0.82   4.52 5483.6     0.00   0.00    0.0  0.004  0.008  0.004  0.004  0.003  0.004
03:02:07 853.25   16.4   32.8   1476    1.4    197    6.9    29.9   0.1   0.82   4.51 5484.6     0.00   0.00    0.0  0.004  0.008  0.004  0.003  0.003  0.004
03:02:09 853.16   16.4   32.8   1477    1.5    200    6.9    29.8   0.0   0.82   4.50 5486.6     0.00   0.00    0.0  0.004  0.008  0.004  0.003  0.003  0.004
03:02:10 853.37   16.5   32.8   1475    1.5    202    6.9    29.9   0.1   0.82   4.52 5487.6     0.00   0.00    0.0  0.004  0.008  0.004  0.003  0.003  0.004
03:02:11 853.29   16.4   32.8   1476    1.6    200    6.9    29.8   0.0   0.82   4.50 5488.6     0.00   0.00    0.0  0.004  0.008  0.004  0.003  0.003  0.004
03:02:12 853.08   16.4   32.9   1478    1.6    200    6.9    29.9   0.1   0.82   4.51 5489.6     0.00   0.00    0.0  0.004  0.008  0.004  0.004  0.003  0.004
03:02:13 852.92   16.4   32.8   1480    1.6    199    6.9    29.9   0.1   0.82   4.51 5490.6     0.00   0.00    0.0  0.004  0.008  0.004  0.003  0.003  0.004
03:02:14 853.13   16.4   32.9   1478    1.6    199    6.9    29.8   0.0   0.82   4.49 5491.6     0.00   0.00    0.0  0.004  0.008  0.004  0.003  0.003  0.004
03:02:15 853.36   16.4   32.8   1475    1.6    199    6.9    29.9   0.1   0.82   4.51 5492.6     0.00   0.00    0.0  0.004  0.008  0.004  0.003  0.003  0.004
03:02:16 853.15   16.4   32.9   1477    1.6    199    6.9    29.8   0.1   0.82   4.51 5493.6     0.00   0.00    0.0  0.004  0.008  0.004  0.004  0.003  0.004
03:02:17 852.89   16.4   32.9   1480    1.6    199    6.9    29.8   0.1   0.82   4.51 5494.6     0.00   0.00    0.0  0.004  0.008  0.004  0.004  0.003  0.004
03:02:18 852.84   16.4   32.9   1481    1.6    199    6.9    29.9   0.1   0.82   4.52 5495.6     0.00   0.00    0.0  0.004  0.008  0.004  0.004  0.003  0.004
03:02:19 852.78   16.4   32.9   1481    1.6    198    6.9    29.9   0.0   0.82   4.50 5496.6     0.00   0.00    0.0  0.004  0.008  0.004  0.004  0.003  0.004
03:02:20 852.67   16.4   32.9   1482    1.6    199    6.9    29.9   0.1   0.82   4.52 5497.6     0.00   0.00    0.0  0.004  0.008  0.004  0.004  0.003  0.004
03:02:21 852.74   16.4   32.9   1482    1.6    200    6.9    29.9   0.0   0.82   4.50 5498.5     0.00   0.00    0.0  0.004  0.008  0.004  0.003  0.003  0.004
03:02:22 852.83   16.4   32.8   1481    1.6    202    6.9    29.9   0.1   0.82   4.51 5499.5     0.00   0.00    0.0  0.004  0.008  0.004  0.003  0.003  0.004
03:02:23 852.76   16.4   32.9   1481    1.6    202    6.9    29.9   0.1   0.82   4.51 5500.5     0.00   0.00    0.0  0.004  0.008  0.004  0.003  0.003  0.004
03:02:24 852.57   16.4   33.0   1483    1.6    202    6.9    29.8   0.1   0.82   4.51 5501.5     0.00   0.00    0.0  0.004  0.008  0.004  0.003  0.003  0.004
03:02:26 852.52   16.4   32.9   1484    1.6    203    6.9    29.9   0.1   0.82   4.51 5503.5     0.00   0.00    0.0  0.004  0.008  0.004  0.004  0.003  0.004
03:02:27 852.63   16.4   32.9   1483    1.5    203    6.9    29.9   0.1   0.82   4.52 5504.5     0.00   0.00    0.0  0.004  0.008  0.004  0.003  0.003  0.004
03:02:31 852.63   16.4   33.0   1483    1.5    205    6.9    29.9   0.1   0.82   4.52 5508.5     0.00   0.00    0.0  0.004  0.008  0.004  0.003  0.003  0.004
03:02:33 852.41   16.4   33.0   1485    1.5    202    6.9    29.9   0.1   0.82   4.52 5510.5     0.00   0.00    0.0  0.004  0.008  0.004  0.003  0.003  0.004
03:02:34 852.25   16.3   33.0   1486    1.5    202    6.9    29.9   0.1   0.82   4.52 5511.5     0.00   0.00    0.0  0.004  0.008  0.004  0.003  0.003  0.004
03:02:35 852.37   16.3   33.0   1485    1.5    201    6.9    29.9   0.1   0.82   4.52 5512.5     0.00   0.00    0.0  0.004  0.008  0.004  0.004  0.003  0.004
03:02:36 852.31   16.3   33.1   1486    1.5    200    6.9    29.9   0.1   0.82   4.52 5513.5     0.00   0.00    0.0  0.004  0.008  0.004  0.004  0.003  0.004
03:02:37 852.15   16.3   33.0   1487    1.5    201    6.9    29.9   0.1   0.82   4.52 5514.5     0.00   0.00    0.0  0.004  0.008  0.004  0.004  0.003  0.004
03:02:38 852.19   16.3   33.1   1487    1.5    200    6.9    29.9   0.1   0.82   4.52 5515.5     0.00   0.00    0.0  0.004  0.008  0.004  0.003  0.003  0.004
03:02:38 852.05   16.4   33.1   1488    1.5    199    6.9    29.9   0.1   0.82   4.53 5516.5     0.00   0.00    0.0  0.004  0.008  0.004  0.003  0.003  0.004
03:02:40 852.07   16.3   33.0   1488    1.5    199    6.9    29.9   0.0   0.82   4.51 5517.5     0.00   0.00    0.0  0.004  0.008  0.004  0.004  0.003  0.004
03:02:41 852.34   16.4   33.0   1485    1.5    200    6.9    29.9   0.1   0.82   4.53 5518.5     0.00   0.00    0.0  0.004  0.008  0.004  0.003  0.003  0.004
03:02:43 851.86   16.3   33.0   1490    1.6    201    6.9    29.9   0.1   0.82   4.52 5520.5     0.00   0.00    0.0  0.004  0.008  0.004  0.004  0.003  0.004
03:02:44 851.87   16.3   33.1   1490    1.5    201    6.9    29.9   0.1   0.82   4.52 5521.5     0.00   0.00    0.0  0.004  0.008  0.004  0.004  0.003  0.004
03:02:44 851.97   16.3   33.0   1489    1.6    203    6.9    29.9   0.1   0.82   4.52 5522.5     0.00   0.00    0.0  0.004  0.008  0.004  0.003  0.003  0.004
03:02:45 851.70   16.3   33.1   1492    1.6    206    6.9    29.9   0.1   0.82   4.52 5523.5     0.00   0.00    0.0  0.004  0.008  0.004  0.004  0.003  0.004
03:02:47 851.80   16.3   33.0   1491    1.6    204    6.9    29.9   0.0   0.82   4.51 5524.5     0.00   0.00    0.0  0.004  0.008  0.004  0.004  0.003  0.004
03:02:48 851.78   16.3   33.1   1491    1.6    202    6.9    29.9   0.1   0.82   4.52 5525.5     0.00   0.00    0.0  0.004  0.008  0.004  0.004  0.003  0.004
03:02:49 851.75   16.3   33.1   1491    1.6    199    6.9    29.9   0.1   0.82   4.51 5526.5     0.00   0.00    0.0  0.004  0.008  0.004  0.003  0.003  0.004
03:02:50 851.86   16.3   33.0   1490    1.6    196    6.9    29.9   0.0   0.82   4.51 5527.5     0.00   0.00    0.0  0.004  0.008  0.004  0.004  0.003  0.004
03:02:51 851.80   16.3   33.0   1491    1.7    197    6.9    29.9   0.1   0.82   4.51 5528.5     0.00   0.00    0.0  0.004  0.008  0.004  0.003  0.003  0.004
03:02:52 851.82   16.3   33.1   1491    1.7    199    6.9    29.9   0.0   0.82   4.51 5529.5     0.00   0.00    0.0  0.004  0.008  0.004  0.003  0.003  0.004
03:02:54 851.73   16.3   33.0   1492    1.7    201    6.9    29.9   0.0   0.82   4.50 5531.5     0.00   0.00    0.0  0.004  0.008  0.004  0.004  0.003  0.004
03:02:55 851.84   16.3   33.1   1491    1.7    202    6.9    29.9   0.1   0.82   4.51 5532.5     0.00   0.00    0.0  0.004  0.008  0.004  0.004  0.003  0.004
03:02:58 851.65   16.3   33.1   1492    1.6    199    6.9    29.9   0.0   0.82   4.51 5535.5     0.00   0.00    0.0  0.004  0.008  0.004  0.004  0.003  0.004
03:02:59 851.64   16.3   33.1   1493    1.7    201    6.9    29.9   0.1   0.82   4.52 5536.5     0.00   0.00    0.0  0.004  0.008  0.004  0.003  0.003  0.004
03:03:00 851.44   16.3   33.1   1494    1.7    199    6.9    29.9   0.0   0.82   4.51 5537.5     0.00   0.00    0.0  0.004  0.008  0.004  0.003  0.003  0.004
03:03:01 851.44   16.2   33.1   1495    1.7    196    6.9    29.8  -0.0   0.82   4.49 5538.5     0.00   0.00    0.0  0.004  0.008  0.004  0.004  0.003  0.004
03:03:02 851.36   16.2   33.1   1495    1.7    196    6.9    29.8  -0.0   0.82   4.49 5539.5     0.00   0.00    0.0  0.004  0.008  0.004  0.004  0.003  0.004
03:03:03 851.26   16.3   33.1   1496    1.7    196    6.9    29.9   0.0   0.82   4.51 5540.5     0.00   0.00    0.0  0.004  0.008  0.004  0.003  0.003  0.004
03:03:04 851.51   16.3   33.0   1494    1.7    197    6.9    29.9   0.0   0.82   4.50 5541.5     0.00   0.00    0.0  0.004  0.008  0.004  0.003  0.003  0.004
03:03:05 851.40   16.2   33.0   1495    1.7    198    6.9    29.9  -0.0   0.82   4.49 5542.5     0.00   0.00    0.0  0.004  0.008  0.004  0.003  0.003  0.004
03:03:06 851.29   16.3   33.1   1496    1.7    198    6.9    29.9   0.1   0.82   4.52 5543.5     0.00   0.00    0.0  0.004  0.008  0.004  0.004  0.003  0.004
03:03:08 851.01   16.2   33.1   1499    1.7    198    6.9    29.9  -0.0   0.82   4.49 5545.5     0.00   0.00    0.0  0.004  0.008  0.004  0.003  0.003  0.004
03:03:09 851.38   16.2   33.1   1495    1.7    200    6.9    29.9   0.0   0.82   4.50 5546.5     0.00   0.00    0.0  0.004  0.008  0.004  0.003  0.003  0.004
03:03:10 850.97   16.3   33.1   1499    1.7    202    6.9    29.9   0.0   0.82   4.51 5547.5     0.00   0.00    0.0  0.004  0.008  0.004  0.004  0.003  0.004
03:03:11 850.80   16.2   33.1   1501    1.7    201    6.9    29.9  -0.0   0.82   4.49 5548.5     0.00   0.00    0.0  0.004  0.008  0.004  0.003  0.003  0.004
03:03:12 850.74   16.3   33.1   1501    1.7    201    6.9    29.9   0.0   0.82   4.51 5549.5     0.00   0.00    0.0  0.004  0.008  0.004  0.004  0.003  0.004
03:03:13 850.98   16.3   33.1   1499    1.7    203    6.9    29.9   0.0   0.82   4.51 5550.5     0.00   0.00    0.0  0.004  0.008  0.004  0.004  0.003  0.004
03:03:14 850.70   16.2   33.1   1502    1.7    205    6.9    29.9  -0.0   0.82   4.50 5551.5     0.00   0.00    0.0  0.004  0.008  0.004  0.004  0.003  0.004
03:03:15 850.92   16.3   33.1   1500    1.7    205    6.9    29.9   0.0   0.82   4.51 5552.5     0.00   0.00    0.0  0.004  0.008  0.004  0.004  0.003  0.004
03:03:15 850.71   16.3   33.1   1502    1.7    203    6.9    29.9   0.0   0.82   4.51 5553.5     0.00   0.00    0.0  0.004  0.008  0.004  0.004  0.003  0.004
03:03:18 851.08   16.3   33.1   1498    1.7    203    6.9    29.9   0.0   0.82   4.51 5555.5     0.00   0.00    0.0  0.004  0.008  0.004  0.004  0.003  0.004
03:03:19 850.70   16.2   33.1   1502    1.7    201    6.9    29.9  -0.0   0.82   4.50 5556.5     0.00   0.00    0.0  0.004  0.008  0.004  0.003  0.003  0.004
03:03:21 850.66   16.2   33.1   1502    1.7    203    6.9    29.9   0.0   0.82   4.50 5558.5     0.00   0.00    0.0  0.004  0.008  0.004  0.004  0.003  0.004
03:03:22 850.55   16.2   33.1   1503    1.7    203    6.9    29.9   0.0   0.82   4.51 5559.5     0.00   0.00    0.0  0.004  0.008  0.004  0.003  0.003  0.004
03:03:23 850.88   16.2   33.1   1500    1.7    202    6.9    29.9   0.0   0.82   4.50 5560.5     0.00   0.00    0.0  0.004  0.008  0.004  0.004  0.003  0.004
03:03:24 850.62   16.2   33.1   1503    1.7    204    6.9    29.9  -0.0   0.82   4.49 5561.5     0.00   0.00    0.0  0.004  0.008  0.004  0.004  0.003  0.004
03:03:25 850.69   16.2   33.2   1502    1.7    205    6.9    29.9   0.0   0.82   4.51 5562.5     0.00   0.00    0.0  0.004  0.008  0.004  0.003  0.003  0.004
03:03:28 850.23   16.2   33.2   1507    1.6    203    6.9    29.9   0.0   0.82   4.51 5565.5     0.00   0.00    0.0  0.004  0.008  0.004  0.004  0.003  0.004
03:03:29 850.11   16.2   33.2   1508    1.6    204    6.9    29.9  -0.0   0.82   4.49 5566.5     0.00   0.00    0.0  0.004  0.008  0.004  0.003  0.003  0.004
03:03:30 850.13   16.2   33.2   1508    1.7    205    6.9    29.9   0.0   0.82   4.51 5567.5     0.00   0.00    0.0  0.004  0.008  0.004  0.004  0.003  0.004
03:03:31 850.21   16.2   33.2   1507    1.6    205    6.9    29.9   0.0   0.82   4.51 5568.5     0.00   0.00    0.0  0.004  0.008  0.004  0.003  0.003  0.004
03:03:32 850.22   16.2   33.2   1507    1.6    205    6.9    29.9  -0.0   0.82   4.49 5569.5     0.00   0.00    0.0  0.004  0.008  0.004  0.004  0.003  0.004
03:03:34 850.10   16.2   33.2   1508    1.6    205    6.9    29.9  -0.0   0.82   4.50 5571.5     0.00   0.00    0.0  0.004  0.008  0.004  0.004  0.003  0.004
03:03:35 849.95   16.2   33.2   1509    1.6    205    6.9    29.9  -0.0   0.82   4.50 5572.5     0.00   0.00    0.0  0.004  0.008  0.004  0.003  0.003  0.004
03:03:35 850.20   16.2   33.2   1507    1.6    205    6.9    29.9   0.0   0.82   4.50 5573.5     0.00   0.00    0.0  0.004  0.008  0.004  0.004  0.003  0.004
03:03:36 850.19   16.2   33.3   1507    1.6    205    6.9    29.9   0.0   0.82   4.51 5574.5     0.00   0.00    0.0  0.004  0.008  0.004  0.004  0.003  0.004
03:03:37 849.97   16.1   33.2   1509    1.6    202    6.9    29.9  -0.0   0.82   4.50 5575.5     0.00   0.00    0.0  0.004  0.008  0.004  0.004  0.003  0.004
03:03:38 850.12   16.1   33.2   1508    1.6    201    6.9    29.9  -0.0   0.82   4.49 5576.5     0.00   0.00    0.0  0.004  0.008  0.004  0.004  0.003  0.004
03:03:39 849.90   16.1   33.2   1510    1.6    202    6.9    29.9  -0.0   0.82   4.50 5577.5     0.00   0.00    0.0  0.004  0.008  0.004  0.004  0.003  0.004
03:03:42 850.02   16.1   33.3   1509    1.6    203    6.9    29.9  -0.0   0.82   4.50 5579.5     0.00   0.00    0.0  0.004  0.008  0.004  0.004  0.003  0.004
03:03:44 849.67   16.1   33.2   1512    1.6    205    6.9    29.9  -0.0   0.82   4.50 5581.5     0.00   0.00    0.0  0.004  0.008  0.004  0.004  0.003  0.004
03:03:44 849.64   16.1   33.3   1512    1.7    205    6.9    29.9  -0.0   0.82   4.50 5582.5     0.00   0.00    0.0  0.004  0.008  0.004  0.004  0.003  0.004
03:03:46 849.79   16.2   33.3   1511    1.6    207    6.9    29.9   0.0   0.82   4.51 5584.5     0.00   0.00    0.0  0.004  0.008  0.004  0.004  0.003  0.004
03:03:48 849.72   16.1   33.3   1512    1.6    206    6.9    29.9  -0.0   0.82   4.50 5585.5     0.00   0.00    0.0  0.004  0.008  0.004  0.003  0.003  0.004
03:03:48 849.71   16.1   33.3   1512    1.6    205    6.9    29.8  -0.1   0.82   4.48 5586.5     0.00   0.00    0.0  0.004  0.008  0.004  0.004  0.003  0.004
03:03:52 849.36   16.1   33.3   1515    1.6    200    6.9    30.0   0.0   0.82   4.51 5589.5     0.00   0.00    0.0  0.004  0.008  0.004  0.004  0.003  0.004
03:03:53 849.33   16.1   33.3   1516    1.6    201    6.9    29.9   0.0   0.82   4.51 5591.5     0.00   0.00    0.0  0.004  0.008  0.004  0.004  0.003  0.004
03:03:54 849.15   16.1   33.3   1517    1.6    203    6.9    29.9  -0.0   0.82   4.50 5592.5     0.00   0.00    0.0  0.004  0.008  0.004  0.003  0.003  0.004
03:03:55 849.41   16.1   33.4   1515    1.6    203    6.9    29.9   0.0   0.82   4.51 5593.5     0.00   0.00    0.0  0.004  0.008  0.004  0.003  0.003  0.004
03:03:58 849.35   16.1   33.3   1515    1.6    206    6.9    29.9  -0.0   0.82   4.51 5596.5     0.00   0.00    0.0  0.004  0.008  0.004  0.004  0.003  0.004
03:04:00 849.15   16.1   33.3   1517    1.5    208    6.9    29.9  -0.0   0.82   4.49 5597.5     0.00   0.00    0.0  0.004  0.008  0.004  0.004  0.003  0.004
03:04:00 849.14   16.1   33.4   1517    1.6    207    6.9    29.9  -0.0   0.82   4.51 5598.4     0.00   0.00    0.0  0.004  0.008  0.004  0.004  0.003  0.004
03:04:01 849.35   16.1   33.3   1515    1.6    204    6.9    29.9  -0.0   0.82   4.50 5599.4     0.00   0.00    0.0  0.004  0.008  0.004  0.003  0.003  0.004
03:04:02 849.02   16.1   33.3   1519    1.6    201    6.9    29.9  -0.0   0.82   4.49 5600.4     0.00   0.00    0.0  0.004  0.008  0.004  0.004  0.003  0.004
03:04:03 848.98   16.1   33.3   1519    1.6    205    6.9    29.9  -0.0   0.82   4.50 5601.4     0.00   0.00    0.0  0.004  0.008  0.004  0.004  0.003  0.004
03:04:04 849.07   16.1   33.3   1518    1.6    207    6.9    29.9  -0.0   0.82   4.50 5602.4     0.00   0.00    0.0  0.004  0.008  0.004  0.004  0.003  0.004
03:04:05 848.85   16.1   33.3   1520    1.6    206    6.9    29.9  -0.0   0.82   4.50 5603.4     0.00   0.00    0.0  0.004  0.008  0.004  0.004  0.003  0.004
03:04:07 849.02   16.1   33.3   1519    1.7    202    6.9    29.9  -0.0   0.82   4.50 5605.4     0.00   0.00    0.0  0.004  0.008  0.004  0.003  0.003  0.004
03:04:09 848.88   16.0   33.4   1520    1.7    199    6.9    29.9  -0.0   0.82   4.49 5607.4     0.00   0.00    0.0  0.004  0.008  0.004  0.004  0.003  0.004
03:04:10 848.63   16.0   33.3   1523    1.7    197    6.9    29.9  -0.1   0.82   4.49 5608.4     0.00   0.00    0.0  0.004  0.008  0.004  0.004  0.003  0.004
03:04:11 848.71   16.0   33.4   1522    1.8    196    6.9    29.9  -0.1   0.82   4.49 5609.4     0.00   0.00    0.0  0.004  0.008  0.004  0.004  0.003  0.004
03:04:12 848.60   16.0   33.4   1523    1.8    194    6.9    29.9  -0.1   0.82   4.49 5610.4     0.00   0.00    0.0  0.004  0.008  0.004  0.003  0.003  0.004
03:04:13 848.58   16.1   33.4   1523    1.8    193    6.9    29.9  -0.0   0.82   4.50 5611.4     0.00   0.00    0.0  0.004  0.008  0.004  0.004  0.003  0.004
03:04:14 848.78   16.1   33.4   1521    1.9    191    6.9    29.9  -0.0   0.82   4.50 5612.4     0.00   0.00    0.0  0.004  0.008  0.004  0.004  0.003  0.004
03:04:15 848.76   16.0   33.3   1521    1.9    192    6.9    29.9  -0.1   0.82   4.49 5613.4     0.00   0.00    0.0  0.004  0.008  0.004  0.004  0.003  0.004
03:04:16 848.68   16.0   33.4   1522    1.9    192    6.9    29.9  -0.1   0.82   4.49 5614.4     0.00   0.00    0.0  0.004  0.008  0.004  0.003  0.003  0.004
03:04:17 848.58   16.0   33.4   1523    1.9    195    6.9    29.9  -0.0   0.82   4.50 5615.4     0.00   0.00    0.0  0.004  0.008  0.004  0.004  0.003  0.004
03:04:18 848.60   16.0   33.4   1523    1.9    196    6.9    29.9  -0.0   0.82   4.50 5616.4     0.00   0.00    0.0  0.004  0.008  0.004  0.004  0.003  0.004
03:04:19 848.74   16.1   33.4   1521    1.9    200    6.9    29.9  -0.0   0.82   4.50 5617.4     0.00   0.00    0.0  0.004  0.008  0.004  0.004  0.003  0.004
03:04:20 848.66   16.0   33.4   1522    1.8    206    6.9    29.9  -0.0   0.82   4.49 5618.4     0.00   0.00    0.0  0.004  0.008  0.004  0.004  0.003  0.004
03:04:23 848.84   16.0   33.4   1520    1.8    209    6.9    29.9  -0.0   0.82   4.50 5621.4     0.00   0.00    0.0  0.004  0.008  0.004  0.004  0.003  0.004
03:04:24 848.71   16.0   33.5   1522    1.9    209    6.9    29.9   0.0   0.82   4.51 5622.4     0.00   0.00    0.0  0.004  0.008  0.004  0.004  0.003  0.004
03:04:26 848.98   16.0   33.5   1519    1.9    206    6.9    29.9   0.0   0.82   4.51 5624.4     0.00   0.00    0.0  0.004  0.008  0.004  0.004  0.003  0.004
03:04:27 848.93   16.0   33.5   1520    1.9    209    6.9    29.9   0.0   0.82   4.51 5625.4     0.00   0.00    0.0  0.004  0.008  0.004  0.004  0.003  0.004
03:04:28 848.94   16.0   33.5   1520    1.9    218    6.9    29.9  -0.0   0.82   4.51 5626.4     0.00   0.00    0.0  0.004  0.008  0.004  0.004  0.003  0.004
03:04:31 848.91   16.1   33.6   1520    1.9    231    6.9    29.9   0.1   0.82   4.53 5629.4     0.00   0.00    0.0  0.004  0.008  0.004  0.004  0.003  0.004
03:04:34 849.02   16.1   33.6   1519    1.9    224    6.9    29.9   0.1   0.82   4.53 5632.4     0.00   0.00    0.0  0.004  0.008  0.004  0.004  0.003  0.004
03:04:36 849.26   16.0   33.6   1516    1.9    221    6.9    29.8   0.0   0.82   4.51 5634.4     0.00   0.00    0.0  0.004  0.008  0.004  0.004  0.003  0.004
03:04:37 849.35   16.0   33.5   1515    1.9    219    6.9    29.9   0.0   0.82   4.52 5635.4     0.00   0.00    0.0  0.004  0.008  0.004  0.004  0.003  0.004
03:04:38 849.34   16.0   33.6   1516    1.9    216    6.9    29.9   0.0   0.82   4.52 5636.4     0.00   0.00    0.0  0.004  0.008  0.004  0.004  0.003  0.004
03:04:41 849.34   16.1   33.6   1515    2.0    222    6.9    29.9   0.1   0.82   4.53 5639.4     0.00   0.00    0.0  0.004  0.008  0.004  0.004  0.003  0.004
03:04:43 849.59   16.1   33.6   1513    2.0    209    6.9    29.9   0.1   0.82   4.53 5641.4     0.00   0.00    0.0  0.004  0.008  0.004  0.004  0.003  0.004
03:04:44 849.61   16.1   33.5   1513    2.0    206    6.9    29.9   0.0   0.82   4.52 5642.4     0.00   0.00    0.0  0.004  0.008  0.004  0.004  0.003  0.004
03:04:45 849.78   16.1   33.5   1511    2.0    206    6.9    29.8   0.0   0.82   4.52 5643.4     0.00   0.00    0.0  0.004  0.008  0.004  0.004  0.003  0.004
03:04:46 849.75   16.1   33.5   1511    1.9    208    6.9    29.9   0.1   0.82   4.52 5644.4     0.00   0.00    0.0  0.004  0.008  0.004  0.004  0.003  0.004
03:04:47 849.78   16.1   33.5   1511    1.9    207    6.9    29.8   0.0   0.82   4.51 5645.4     0.00   0.00    0.0  0.004  0.008  0.004  0.004  0.004  0.004
03:04:48 849.71   16.1   33.6   1512    1.9    206    6.9    29.9   0.1   0.82   4.53 5646.4     0.00   0.00    0.0  0.004  0.008  0.004  0.004  0.003  0.004
03:04:50 849.51   16.1   33.5   1514    1.8    206    6.9    29.9   0.1   0.82   4.53 5648.4     0.00   0.00    0.0  0.004  0.008  0.004  0.004  0.003  0.004
03:04:52 849.97   16.1   33.6   1509    1.8    205    6.9    29.9   0.1   0.82   4.53 5650.4     0.00   0.00    0.0  0.004  0.008  0.004  0.004  0.003  0.004
03:04:53 849.90   16.1   33.5   1510    1.7    205    6.9    29.9   0.1   0.82   4.54 5651.4     0.00   0.00    0.0  0.004  0.008  0.004  0.004  0.003  0.004
03:04:54 849.53   16.1   33.6   1514    1.7    207    6.9    29.9   0.1   0.82   4.54 5652.4     0.00   0.00    0.0  0.004  0.008  0.004  0.004  0.003  0.004
03:04:56 849.72   16.1   33.6   1512    1.7    207    6.8    29.9   0.1   0.82   4.54 5654.4     0.00   0.00    0.0  0.004  0.008  0.004  0.004  0.003  0.004
03:04:57 849.93   16.1   33.5   1510    1.7    209    6.8    29.9   0.1   0.82   4.53 5655.4     0.00   0.00    0.0  0.004  0.008  0.004  0.004  0.003  0.004
03:04:58 850.24   16.1   33.6   1506    1.7    208    6.8    29.9   0.1   0.82   4.55 5656.4     0.00   0.00    0.0  0.004  0.008  0.004  0.004  0.004  0.004
03:04:59 850.17   16.1   33.5   1507    1.7    210    6.8    29.9   0.1   0.82   4.54 5657.4     0.00   0.00    0.0  0.004  0.008  0.004  0.004  0.003  0.004
03:05:00 850.18   16.1   33.6   1507    1.7    212    6.8    29.9   0.1   0.82   4.55 5658.4     0.00   0.00    0.0  0.004  0.008  0.004  0.004  0.003  0.004
03:05:01 850.26   16.2   33.6   1506    1.7    212    6.8    29.9   0.2   0.82   4.56 5659.4     0.00   0.00    0.0  0.004  0.008  0.004  0.004  0.003  0.004
03:05:02 849.99   16.2   33.6   1509    1.7    215    6.8    29.9   0.1   0.82   4.55 5660.4     0.00   0.00    0.0  0.004  0.008  0.004  0.004  0.003  0.004
03:05:03 850.02   16.1   33.6   1509    1.7    218    6.8    29.9   0.1   0.82   4.54 5661.4     0.00   0.00    0.0  0.004  0.008  0.004  0.004  0.003  0.004
03:05:04 850.06   16.2   33.6   1508    1.7    216    6.8    29.9   0.2   0.82   4.56 5662.4     0.00   0.00    0.0  0.004  0.008  0.004  0.004  0.003  0.004
03:05:05 850.40   16.1   33.5   1505    1.7    215    6.8    29.9   0.1   0.82   4.54 5663.4     0.00   0.00    0.0  0.004  0.008  0.004  0.004  0.003  0.004
03:05:06 850.46   16.2   33.6   1504    1.7    215    6.8    29.9   0.1   0.82   4.55 5664.4     0.00   0.00    0.0  0.004  0.008  0.004  0.004  0.003  0.004
03:05:07 850.34   16.1   33.6   1505    1.6    214    6.8    29.8   0.1   0.82   4.54 5665.4     0.00   0.00    0.0  0.004  0.008  0.004  0.004  0.003  0.004
03:05:08 850.38   16.2   33.6   1505    1.6    211    6.8    29.9   0.2   0.82   4.55 5666.4     0.00   0.00    0.0  0.004  0.008  0.004  0.004  0.003  0.004
03:05:09 850.37   16.2   33.6   1505    1.7    207    6.8    29.9   0.1   0.82   4.55 5667.4     0.00   0.00    0.0  0.004  0.008  0.004  0.004  0.003  0.004
03:05:11 850.44   16.2   33.5   1504    1.7    208    6.8    29.9   0.1   0.82   4.54 5669.4     0.00   0.00    0.0  0.004  0.008  0.004  0.004  0.004  0.004
03:05:12 850.55   16.2   33.5   1503    1.6    209    6.8    29.8   0.1   0.82   4.54 5670.4     0.00   0.00    0.0  0.004  0.008  0.004  0.003  0.003  0.004
03:05:14 850.92   16.2   33.5   1500    1.7    204    6.8    29.8   0.1   0.82   4.53 5672.4     0.00   0.00    0.0  0.004  0.008  0.004  0.004  0.003  0.004
03:05:17 850.62   16.2   33.5   1503    1.7    202    6.8    29.9   0.2   0.82   4.55 5675.4     0.00   0.00    0.0  0.004  0.008  0.004  0.004  0.003  0.004
03:05:18 850.68   16.2   33.5   1502    1.7    202    6.8    29.9   0.2   0.82   4.55 5676.4     0.00   0.00    0.0  0.004  0.008  0.004  0.004  0.003  0.004
03:05:19 850.82   16.2   33.5   1501    1.7    201    6.8    29.9   0.1   0.82   4.55 5677.4     0.00   0.00    0.0  0.004  0.008  0.004  0.004  0.003  0.004
03:05:20 850.92   16.2   33.5   1500    1.7    202    6.8    29.8   0.1   0.82   4.55 5678.4     0.00   0.00    0.0  0.004  0.008  0.004  0.004  0.003  0.004
03:05:22 850.90   16.3   33.5   1500    1.7    204    6.8    29.9   0.2   0.82   4.57 5680.4     0.00   0.00    0.0  0.004  0.008  0.004  0.004  0.003  0.004
03:05:23 850.95   16.3   33.5   1499    1.7    205    6.8    29.9   0.2   0.82   4.57 5681.4     0.00   0.00    0.0  0.004  0.008  0.004  0.004  0.003  0.004
03:05:24 851.08   16.3   33.4   1498    1.7    205    6.8    29.9   0.2   0.82   4.56 5682.4     0.00   0.00    0.0  0.004  0.008  0.004  0.004  0.003  0.004
03:05:25 851.15   16.2   33.5   1497    1.7    204    6.8    29.9   0.2   0.82   4.55 5683.4     0.00   0.00    0.0  0.004  0.008  0.004  0.004  0.003  0.004
03:05:26 851.06   16.3   33.5   1498    1.7    205    6.8    29.9   0.2   0.82   4.56 5684.4     0.00   0.00    0.0  0.004  0.008  0.004  0.004  0.003  0.004
03:05:27 851.10   16.2   33.5   1498    1.8    204    6.8    29.9   0.1   0.82   4.54 5685.4     0.00   0.00    0.0  0.004  0.008  0.004  0.004  0.003  0.004
03:05:28 851.25   16.2   33.4   1496    1.7    206    6.8    29.9   0.2   0.82   4.55 5686.4     0.00   0.00    0.0  0.004  0.008  0.004  0.004  0.003  0.004
03:05:30 851.41   16.2   33.4   1495    1.9    206    6.8    29.8   0.1   0.82   4.54 5688.4     0.00   0.00    0.0  0.004  0.008  0.004  0.004  0.003  0.004
03:05:31 851.16   16.3   33.4   1497    1.9    207    6.8    29.9   0.2   0.82   4.55 5689.4     0.00   0.00    0.0  0.004  0.008  0.004  0.004  0.003  0.004
03:05:32 851.10   16.3   33.4   1498    1.9    207    6.8    29.9   0.2   0.82   4.55 5690.4     0.00   0.00    0.0  0.004  0.008  0.004  0.004  0.003  0.004
03:05:33 851.49   16.3   33.3   1494    1.9    205    6.8    29.9   0.1   0.82   4.54 5691.4     0.00   0.00    0.0  0.004  0.008  0.004  0.004  0.003  0.004
03:05:34 851.34   16.3   33.4   1496    1.9    204    6.8    29.9   0.2   0.82   4.55 5692.4     0.00   0.00    0.0  0.004  0.008  0.004  0.004  0.003  0.004
03:05:35 851.32   16.3   33.3   1496    1.9    202    6.8    29.9   0.2   0.82   4.55 5693.4     0.00   0.00    0.0  0.004  0.008  0.004  0.004  0.003  0.004
03:05:36 851.58   16.3   33.4   1493    1.9    209    6.8    29.9   0.2   0.82   4.55 5694.4     0.00   0.00    0.0  0.004  0.008  0.004  0.004  0.004  0.004
03:05:40 851.41   16.3   33.3   1495    1.9    204    6.8    29.9   0.1   0.82   4.54 5698.3     0.00   0.00    0.0  0.004  0.008  0.004  0.004  0.004  0.004
03:05:41 851.54   16.3   33.3   1494    1.9    206    6.8    29.9   0.1   0.82   4.54 5699.3     0.00   0.00    0.0  0.004  0.008  0.004  0.004  0.003  0.004
03:05:42 851.86   16.2   33.3   1490    2.0    206    6.8    29.8   0.1   0.82   4.53 5700.3     0.00   0.00    0.0  0.004  0.008  0.004  0.004  0.004  0.004
03:05:43 851.63   16.3   33.3   1493    2.0    210    6.8    29.9   0.2   0.82   4.55 5701.3     0.00   0.00    0.0  0.004  0.008  0.004  0.004  0.004  0.004
03:05:44 851.80   16.3   33.3   1491    2.0    211    6.8    29.9   0.2   0.82   4.55 5702.3     0.00   0.00    0.0  0.004  0.008  0.004  0.004  0.003  0.004
03:05:45 851.89   16.3   33.3   1490    2.1    211    6.8    29.9   0.2   0.82   4.55 5703.3     0.00   0.00    0.0  0.004  0.008  0.004  0.004  0.003  0.004
03:05:46 851.77   16.3   33.3   1491    2.0    211    6.8    29.8   0.1   0.82   4.53 5704.3     0.00   0.00    0.0  0.004  0.008  0.004  0.004  0.003  0.004
03:05:47 851.92   16.3   33.2   1490    2.1    211    6.8    29.9   0.1   0.82   4.53 5705.3     0.00   0.00    0.0  0.004  0.008  0.004  0.004  0.003  0.004
03:05:48 851.87   16.3   33.2   1490    2.0    211    6.8    29.9   0.1   0.82   4.54 5706.3     0.00   0.00    0.0  0.004  0.008  0.004  0.004  0.004  0.004
03:05:49 851.92   16.3   33.2   1490    2.0    209    6.8    29.9   0.1   0.82   4.54 5707.3     0.00   0.00    0.0  0.004  0.008  0.004  0.004  0.003  0.004
03:05:52 851.84   16.3   33.3   1490    2.0    207    6.8    29.9   0.1   0.82   4.54 5710.3     0.00   0.00    0.0  0.004  0.008  0.004  0.004  0.003  0.004
03:05:55 852.05   16.4   33.2   1488    2.1    198    6.8    29.9   0.2   0.82   4.55 5713.3     0.00   0.00    0.0  0.004  0.008  0.004  0.004  0.003  0.004
03:05:57 852.12   16.3   33.2   1488    2.2    201    6.8    29.9   0.1   0.82   4.53 5715.3     0.00   0.00    0.0  0.004  0.008  0.004  0.004  0.003  0.004
03:05:58 852.38   16.4   33.1   1485    2.2    200    6.8    29.9   0.2   0.82   4.54 5716.3     0.00   0.00    0.0  0.004  0.008  0.004  0.004  0.004  0.004
03:06:00 852.46   16.4   33.1   1484    2.2    201    6.8    29.9   0.1   0.82   4.54 5718.3     0.00   0.00    0.0  0.004  0.008  0.004  0.004  0.003  0.004
03:06:01 852.38   16.3   33.1   1485    2.3    208    6.8    29.9   0.1   0.82   4.53 5719.3     0.00   0.00    0.0  0.004  0.008  0.004  0.004  0.004  0.004
03:06:02 852.53   16.4   33.1   1484    2.3    212    6.8    29.9   0.2   0.82   4.54 5720.3     0.00   0.00    0.0  0.004  0.008  0.004  0.004  0.003  0.004
03:06:03 852.47   16.4   33.1   1484    2.3    213    6.8    29.9   0.1   0.82   4.54 5721.3     0.00   0.00    0.0  0.004  0.008  0.004  0.004  0.003  0.004
03:06:04 852.35   16.4   33.1   1485    2.3    213    6.8    29.9   0.1   0.82   4.53 5722.3     0.00   0.00    0.0  0.004  0.008  0.004  0.004  0.004  0.004
03:06:05 852.49   16.4   33.1   1484    2.3    210    6.8    29.9   0.1   0.82   4.52 5723.3     0.00   0.00    0.0  0.004  0.008  0.004  0.004  0.003  0.004
03:06:06 852.33   16.4   33.1   1486    2.3    210    6.8    29.9   0.1   0.82   4.53 5724.3     0.00   0.00    0.0  0.004  0.008  0.004  0.004  0.004  0.004
03:06:07 852.30   16.4   33.1   1486    2.3    211    6.8    29.9   0.1   0.82   4.54 5725.3     0.00   0.00    0.0  0.004  0.008  0.004  0.004  0.004  0.004
03:06:09 852.68   16.3   33.1   1482    2.3    210    6.8    29.8   0.1   0.82   4.52 5727.3     0.00   0.00    0.0  0.004  0.008  0.004  0.004  0.004  0.004
03:06:10 852.78   16.4   33.2   1481    2.3    217    6.8    29.9   0.2   0.82   4.55 5728.3     0.00   0.00    0.0  0.004  0.008  0.004  0.004  0.003  0.004
03:06:11 852.68   16.3   33.2   1482    2.4    211    6.8    29.8   0.1   0.82   4.53 5729.3     0.00   0.00    0.0  0.004  0.008  0.004  0.004  0.004  0.004
03:06:12 852.52   16.3   33.1   1484    2.4    200    6.8    29.8   0.1   0.82   4.52 5730.3     0.00   0.00    0.0  0.004  0.008  0.004  0.004  0.003  0.004
03:06:13 852.64   16.3   33.1   1483    2.5    201    6.8    29.8   0.1   0.82   4.52 5731.3     0.00   0.00    0.0  0.004  0.008  0.004  0.004  0.004  0.004
03:06:14 852.59   16.3   33.1   1483    2.5    213    6.8    29.8   0.1   0.82   4.53 5732.3     0.00   0.00    0.0  0.004  0.008  0.004  0.004  0.004  0.004
03:06:15 852.76   16.4   33.1   1481    2.4    222    6.8    29.8   0.1   0.82   4.54 5733.3     0.00   0.00    0.0  0.004  0.008  0.004  0.004  0.003  0.004
03:06:17 852.79   16.4   33.1   1481    2.4    226    6.8    29.8   0.1   0.82   4.53 5735.3     0.00   0.00    0.0  0.004  0.008  0.004  0.004  0.003  0.004
03:06:18 852.63   16.3   33.1   1483    2.4    215    6.8    29.8   0.1   0.82   4.53 5736.3     0.00   0.00    0.0  0.004  0.008  0.004  0.004  0.003  0.004
03:06:19 852.86   16.3   33.1   1480    2.5    216    6.8    29.8   0.1   0.82   4.51 5737.3     0.00   0.00    0.0  0.004  0.008  0.004  0.004  0.004  0.004
03:06:20 852.82   16.3   33.1   1481    2.5    209    6.8    29.8   0.1   0.82   4.51 5738.3     0.00   0.00    0.0  0.004  0.008  0.004  0.004  0.004  0.004
03:06:23 852.70   16.4   33.0   1482    2.3    205    6.8    29.9   0.1   0.82   4.52 5741.3     0.00   0.00    0.0  0.004  0.008  0.004  0.004  0.004  0.004
03:06:24 852.84   16.4   32.9   1481    2.3    206    6.8    29.9   0.1   0.82   4.52 5742.3     0.00   0.00    0.0  0.004  0.008  0.004  0.004  0.003  0.004
03:06:28 853.01   16.4   33.0   1479    1.8    208    6.8    29.9   0.1   0.82   4.53 5746.3     0.00   0.00    0.0  0.004  0.008  0.004  0.004  0.004  0.004
03:06:29 852.97   16.4   33.0   1479    1.7    208    6.8    29.9   0.1   0.82   4.54 5747.3     0.00   0.00    0.0  0.004  0.008  0.004  0.004  0.004  0.004
03:06:31 853.01   16.4   33.1   1479    1.5    200    6.8    29.9   0.2   0.82   4.54 5749.3     0.00   0.00    0.0  0.004  0.008  0.004  0.004  0.004  0.004
03:06:33 853.16   16.4   33.1   1477    1.3    193    6.8    29.9   0.2   0.82   4.55 5751.3     0.00   0.00    0.0  0.004  0.008  0.004  0.004  0.003  0.004
03:06:35 853.41   16.4   33.2   1475    1.2    203    6.8    29.8   0.2   0.82   4.56 5753.3     0.00   0.00    0.0  0.004  0.008  0.004  0.004  0.004  0.004
03:06:36 853.52   16.4   33.2   1474    1.2    206    6.8    29.8   0.2   0.82   4.55 5754.3     0.00   0.00    0.0  0.004  0.008  0.004  0.004  0.004  0.004
03:06:37 853.48   16.4   33.2   1474    1.2    209    6.8    29.9   0.2   0.82   4.56 5755.3     0.00   0.00    0.0  0.004  0.008  0.004  0.004  0.004  0.004
03:06:39 853.69   16.4   33.2   1472    1.1    208    6.8    29.8   0.2   0.82   4.56 5757.3     0.00   0.00    0.0  0.004  0.008  0.004  0.004  0.004  0.004
03:06:40 853.43   16.4   33.2   1475    1.1    207    6.8    29.8   0.2   0.82   4.56 5758.3     0.00   0.00    0.0  0.004  0.008  0.004  0.004  0.004  0.004
03:06:41 853.59   16.5   33.3   1473    1.1    205    6.8    29.9   0.3   0.82   4.58 5759.3     0.00   0.00    0.0  0.004  0.008  0.004  0.004  0.003  0.004
03:06:42 853.75   16.5   33.3   1472    1.1    206    6.8    29.9   0.3   0.82   4.58 5760.3     0.00   0.00    0.0  0.004  0.008  0.004  0.004  0.004  0.004
03:06:43 853.59   16.5   33.3   1473    1.1    206    6.8    29.9   0.3   0.82   4.59 5761.3     0.00   0.00    0.0  0.004  0.008  0.004  0.004  0.003  0.004
03:06:44 853.86   16.5   33.3   1470    1.2    206    6.8    29.8   0.3   0.82   4.57 5762.3     0.00   0.00    0.0  0.004  0.008  0.004  0.004  0.004  0.004
03:06:45 853.96   16.5   33.3   1469    1.2    205    6.8    29.9   0.3   0.82   4.59 5763.3     0.00   0.00    0.0  0.004  0.008  0.004  0.004  0.004  0.004
03:06:46 854.01   16.5   33.2   1469    1.2    202    6.8    29.8   0.3   0.82   4.57 5764.3     0.00   0.00    0.0  0.004  0.008  0.004  0.004  0.004  0.004
03:06:50 854.30   16.5   33.2   1466    1.2    196    6.8    29.9   0.3   0.82   4.59 5768.3     0.00   0.00    0.0  0.004  0.008  0.004  0.004  0.004  0.004
03:06:51 854.06   16.5   33.2   1468    1.2    193    6.8    29.9   0.3   0.82   4.59 5769.3     0.00   0.00    0.0  0.004  0.008  0.004  0.004  0.004  0.004
03:06:52 854.02   16.5   33.2   1469    1.2    189    6.8    29.8   0.2   0.82   4.56 5770.3     0.00   0.00    0.0  0.004  0.008  0.004  0.004  0.004  0.004
03:06:53 854.24   16.5   33.1   1467    1.2    187    6.8    29.8   0.3   0.82   4.57 5771.3     0.00   0.00    0.0  0.004  0.008  0.004  0.004  0.004  0.004
03:06:55 854.24   16.5   33.1   1467    1.3    206    6.8    29.9   0.3   0.82   4.57 5773.3     0.00   0.00    0.0  0.004  0.008  0.004  0.004  0.004  0.004
03:06:56 854.35   16.6   33.1   1466    1.4    211    6.8    29.9   0.3   0.82   4.59 5774.3     0.00   0.00    0.0  0.004  0.008  0.004  0.004  0.003  0.004
03:06:57 854.60   16.5   33.0   1463    1.4    210    6.8    29.8   0.3   0.82   4.56 5775.3     0.00   0.00    0.0  0.004  0.008  0.004  0.004  0.004  0.004
03:06:58 854.30   16.6   33.1   1466    1.5    209    6.8    29.9   0.3   0.82   4.59 5776.3     0.00   0.00    0.0  0.004  0.008  0.004  0.004  0.003  0.004
03:07:00 854.53   16.6   33.0   1464    1.6    212    6.8    29.9   0.3   0.82   4.59 5778.3     0.00   0.00    0.0  0.004  0.008  0.004  0.004  0.004  0.004
03:07:01 854.79   16.6   33.0   1461    1.6    216    6.8    29.8   0.3   0.82   4.57 5779.3     0.00   0.00    0.0  0.004  0.008  0.004  0.004  0.004  0.004
03:07:02 854.78   16.6   33.0   1461    1.6    217    6.8    29.9   0.3   0.82   4.58 5780.3     0.00   0.00    0.0  0.004  0.008  0.004  0.004  0.004  0.004
03:07:04 854.66   16.7   33.0   1462    1.7    215    6.8    30.0   0.3   0.82   4.59 5782.3     0.00   0.00    0.0  0.004  0.008  0.004  0.004  0.004  0.004
03:07:05 854.45   16.6   33.0   1465    1.7    215    6.8    29.9   0.3   0.82   4.57 5783.3     0.00   0.00    0.0  0.004  0.008  0.004  0.004  0.004  0.004
03:07:07 854.66   16.6   33.0   1462    1.7    221    6.8    29.9   0.3   0.82   4.57 5785.3     0.00   0.00    0.0  0.004  0.008  0.004  0.004  0.004  0.004
03:07:08 854.93   16.6   33.0   1460    1.7    218    6.8    29.9   0.3   0.82   4.57 5786.3     0.00   0.00    0.0  0.004  0.008  0.004  0.004  0.004  0.004
03:07:09 854.91   16.6   33.0   1460    1.7    215    6.8    29.9   0.3   0.82   4.57 5787.3     0.00   0.00    0.0  0.004  0.008  0.004  0.004  0.003  0.004
03:07:10 854.87   16.6   33.0   1460    1.7    211    6.8    29.9   0.3   0.82   4.58 5788.3     0.00   0.00    0.0  0.004  0.008  0.004  0.004  0.003  0.004
03:07:11 854.81   16.6   33.0   1461    1.8    212    6.8    29.9   0.3   0.82   4.58 5789.3     0.00   0.00    0.0  0.004  0.008  0.004  0.004  0.004  0.004
03:07:13 855.02   16.6   32.9   1459    1.8    214    6.8    29.9   0.3   0.82   4.56 5791.3     0.00   0.00    0.0  0.004  0.008  0.004  0.004  0.004  0.004
03:07:14 855.14   16.6   33.0   1458    1.8    214    6.8    29.9   0.3   0.82   4.57 5792.3     0.00   0.00    0.0  0.004  0.008  0.004  0.004  0.004  0.004
03:07:15 855.15   16.6   32.9   1458    1.9    214    6.8    29.9   0.3   0.82   4.56 5793.3     0.00   0.00    0.0  0.004  0.008  0.004  0.004  0.004  0.004
03:07:19 855.09   16.6   33.0   1458    2.1    222    6.8    29.8   0.3   0.82   4.57 5797.2     0.00   0.00    0.0  0.004  0.008  0.004  0.004  0.004  0.004
03:07:20 855.34   16.6   32.9   1456    2.1    222    6.8    29.9   0.3   0.82   4.57 5798.2     0.00   0.00    0.0  0.004  0.008  0.004  0.004  0.004  0.004
03:07:21 855.23   16.6   32.9   1457    2.1    223    6.8    29.8   0.2   0.82   4.55 5799.2     0.00   0.00    0.0  0.004  0.008  0.004  0.004  0.004  0.004
03:07:22 855.40   16.6   32.9   1455    2.1    233    6.8    29.9   0.3   0.82   4.56 5800.2     0.00   0.00    0.0  0.004  0.008  0.004  0.004  0.004  0.004
03:07:23 855.62   16.6   32.9   1453    2.1    234    6.8    29.8   0.3   0.82   4.56 5801.2     0.00   0.00    0.0  0.004  0.008  0.004  0.004  0.004  0.004
03:07:24 855.59   16.6   32.9   1453    2.1    223    6.8    29.8   0.2   0.82   4.56 5802.2     0.00   0.00    0.0  0.004  0.008  0.004  0.004  0.004  0.004
03:07:25 855.50   16.6   32.9   1454    2.1    216    6.8    29.8   0.2   0.82   4.56 5803.2     0.00   0.00    0.0  0.004  0.008  0.004  0.004  0.004  0.004
03:07:26 855.72   16.6   32.9   1452    2.1    213    6.8    29.8   0.3   0.82   4.56 5804.2     0.00   0.00    0.0  0.004  0.008  0.004  0.004  0.003  0.004
03:07:27 855.49   16.7   32.9   1454    2.1    223    6.8    29.9   0.3   0.82   4.57 5805.2     0.00   0.00    0.0  0.004  0.008  0.004  0.004  0.004  0.004
03:07:28 855.55   16.6   32.9   1454    2.1    220    6.8    29.8   0.2   0.82   4.56 5806.2     0.00   0.00    0.0  0.004  0.008  0.004  0.004  0.004  0.004
03:07:29 855.80   16.7   32.8   1451    2.1    224    6.8    29.8   0.3   0.82   4.56 5807.2     0.00   0.00    0.0  0.004  0.008  0.004  0.004  0.004  0.004
03:07:31 855.63   16.6   32.8   1453    2.2    224    6.8    29.8   0.3   0.82   4.56 5809.2     0.00   0.00    0.0  0.004  0.008  0.004  0.004  0.004  0.004
03:07:32 855.75   16.6   32.8   1452    2.2    228    6.8    29.8   0.2   0.82   4.55 5810.2     0.00   0.00    0.0  0.004  0.008  0.004  0.004  0.004  0.004
03:07:33 855.85   16.6   32.8   1451    2.2    239    6.8    29.8   0.2   0.82   4.55 5811.2     0.00   0.00    0.0  0.004  0.008  0.004  0.004  0.003  0.004
03:07:34 856.08   16.7   32.8   1448    2.2    241    6.8    29.8   0.3   0.82   4.57 5812.2     0.00   0.00    0.0  0.004  0.008  0.004  0.004  0.004  0.004
03:07:35 855.91   16.7   32.8   1450    2.1    233    6.8    29.9   0.3   0.82   4.57 5813.2     0.00   0.00    0.0  0.004  0.008  0.004  0.004  0.004  0.004
03:07:36 855.87   16.6   32.8   1450    2.1    227    6.8    29.8   0.2   0.82   4.55 5814.2     0.00   0.00    0.0  0.004  0.008  0.004  0.004  0.004  0.004
03:07:38 856.04   16.6   32.8   1449    2.0    210    6.8    29.8   0.2   0.82   4.55 5816.2     0.00   0.00    0.0  0.004  0.008  0.004  0.004  0.004  0.004
03:07:39 855.96   16.6   32.8   1449    2.0    210    6.8    29.8   0.2   0.82   4.55 5817.2     0.00   0.00    0.0  0.004  0.008  0.004  0.004  0.004  0.004
03:07:40 856.06   16.7   32.8   1448    2.1    210    6.8    29.8   0.3   0.82   4.55 5818.2     0.00   0.00    0.0  0.004  0.008  0.004  0.004  0.004  0.004
03:07:41 856.01   16.6   32.7   1449    2.1    202    6.8    29.8   0.2   0.82   4.54 5819.2     0.00   0.00    0.0  0.004  0.008  0.004  0.004  0.004  0.004
03:07:44 856.22   16.6   32.7   1447    2.1    213    6.8    29.8   0.2   0.82   4.53 5822.2     0.00   0.00    0.0  0.004  0.008  0.004  0.004  0.004  0.004
03:07:45 856.38   16.7   32.7   1445    2.1    218    6.8    29.8   0.2   0.82   4.54 5823.2     0.00   0.00    0.0  0.004  0.008  0.004  0.004  0.004  0.004
03:07:47 856.60   16.7   32.7   1443    2.1    218    6.8    29.8   0.2   0.82   4.55 5825.2     0.00   0.00    0.0  0.004  0.008  0.004  0.004  0.004  0.004
03:07:48 856.51   16.7   32.7   1444    2.1    230    6.8    29.9   0.3   0.82   4.56 5826.2     0.00   0.00    0.0  0.004  0.008  0.004  0.004  0.004  0.004
03:07:49 856.68   16.7   32.7   1442    2.1    234    6.8    29.8   0.2   0.82   4.54 5827.2     0.00   0.00    0.0  0.004  0.008  0.004  0.004  0.004  0.004
03:07:52 856.75   16.7   32.8   1442    2.2    214    6.8    29.8   0.3   0.82   4.56 5830.2     0.00   0.00    0.0  0.004  0.008  0.004  0.004  0.004  0.004
03:07:53 856.87   16.7   32.7   1440    2.2    223    6.8    29.8   0.2   0.82   4.55 5831.2     0.00   0.00    0.0  0.004  0.008  0.004  0.004  0.004  0.004
03:07:54 857.00   16.7   32.7   1439    2.2    220    6.8    29.8   0.3   0.82   4.55 5832.2     0.00   0.00    0.0  0.004  0.008  0.004  0.004  0.004  0.004
03:07:55 856.96   16.7   32.6   1440    2.1    191    6.8    29.8   0.2   0.82   4.55 5833.2     0.00   0.00    0.0  0.004  0.008  0.004  0.004  0.004  0.004
03:07:56 856.66   16.7   32.6   1442    2.1    186    6.8    29.8   0.2   0.82   4.54 5834.2     0.00   0.00    0.0  0.004  0.008  0.004  0.004  0.004  0.004
03:07:57 856.89   16.6   32.7   1440    2.1    183    6.8    29.7   0.2   0.82   4.54 5835.2     0.00   0.00    0.0  0.004  0.008  0.004  0.004  0.004  0.004
03:07:58 856.92   16.7   32.7   1440    2.1    203    6.8    29.8   0.3   0.82   4.55 5836.2     0.00   0.00    0.0  0.004  0.008  0.004  0.004  0.004  0.004
03:08:01 856.95   16.7   32.6   1440    2.4    221    6.8    29.8   0.2   0.82   4.54 5839.2     0.00   0.00    0.0  0.004  0.008  0.004  0.004  0.004  0.004
03:08:04 857.17   16.8   32.6   1437    2.7    206    6.8    29.8   0.3   0.82   4.56 5842.2     0.00   0.00    0.0  0.004  0.008  0.004  0.004  0.004  0.004
03:08:05 857.09   16.8   32.6   1438    2.8    206    6.8    29.8   0.3   0.82   4.55 5843.2     0.00   0.00    0.0  0.004  0.008  0.004  0.004  0.004  0.004
03:08:06 857.46   16.8   32.6   1435    2.9    213    6.8    29.8   0.3   0.82   4.56 5844.2     0.00   0.00    0.0  0.004  0.008  0.004  0.004  0.004  0.004
03:08:07 857.42   16.7   32.6   1435    2.9    210    6.8    29.8   0.2   0.82   4.55 5845.2     0.00   0.00    0.0  0.004  0.008  0.004  0.004  0.004  0.004
03:08:08 857.36   16.7   32.5   1436    2.9    205    6.8    29.8   0.2   0.82   4.54 5846.2     0.00   0.00    0.0  0.004  0.008  0.004  0.004  0.004  0.004
03:08:09 857.42   16.8   32.5   1435    3.0    204    6.8    29.8   0.2   0.82   4.55 5847.2     0.00   0.00    0.0  0.004  0.008  0.004  0.004  0.004  0.004
03:08:13 857.71   16.7   32.5   1432    3.2    210    6.8    29.7   0.2   0.82   4.54 5851.2     0.00   0.00    0.0  0.004  0.008  0.004  0.004  0.004  0.004
03:08:14 857.48   16.8   32.5   1434    3.3    208    6.8    29.8   0.2   0.82   4.54 5852.2     0.00   0.00    0.0  0.004  0.008  0.004  0.004  0.004  0.004
03:08:15 857.80   16.8   32.5   1431    3.3    201    6.8    29.8   0.2   0.82   4.53 5853.2     0.00   0.00    0.0  0.004  0.008  0.004  0.004  0.004  0.004
03:08:16 857.58   16.8   32.4   1433    3.3    198    6.8    29.8   0.2   0.82   4.54 5854.2     0.00   0.00    0.0  0.004  0.008  0.004  0.004  0.004  0.004
03:08:17 857.71   16.8   32.4   1432    3.3    199    6.8    29.8   0.2   0.82   4.53 5855.2     0.00   0.00    0.0  0.004  0.008  0.004  0.004  0.004  0.004
03:08:18 857.85   16.8   32.5   1431    3.4    196    6.8    29.8   0.2   0.82   4.54 5856.2     0.00   0.00    0.0  0.004  0.008  0.004  0.004  0.004  0.004
03:08:19 857.97   16.8   32.5   1430    3.5    205    6.8    29.7   0.2   0.82   4.53 5857.2     0.00   0.00    0.0  0.004  0.008  0.004  0.004  0.004  0.004
03:08:20 857.65   16.8   32.5   1433    3.5    206    6.8    29.8   0.2   0.82   4.54 5858.2     0.00   0.00    0.0  0.004  0.008  0.004  0.004  0.004  0.004
03:08:21 858.04   16.8   32.4   1429    3.6    207    6.8    29.7   0.2   0.82   4.52 5859.2     0.00   0.00    0.0  0.004  0.008  0.004  0.004  0.004  0.004
03:08:22 857.94   16.8   32.5   1430    3.4    203    6.8    29.8   0.3   0.82   4.54 5860.2     0.00   0.00    0.0  0.004  0.008  0.004  0.004  0.004  0.004
03:08:26 857.86   16.8   32.7   1431    3.4    203    6.8    29.7   0.3   0.82   4.56 5864.2     0.00   0.00    0.0  0.004  0.008  0.004  0.004  0.004  0.004
03:08:27 858.08   16.7   32.7   1428    3.3    201    6.8    29.7   0.3   0.82   4.56 5865.2     0.00   0.00    0.0  0.004  0.008  0.004  0.004  0.004  0.004
03:08:28 858.05   16.8   32.6   1429    3.1    200    6.8    29.7   0.3   0.82   4.56 5866.2     0.00   0.00    0.0  0.004  0.008  0.004  0.004  0.004  0.004
03:08:29 858.18   16.8   32.7   1428    3.1    203    6.8    29.7   0.3   0.82   4.55 5867.2     0.00   0.00    0.0  0.004  0.008  0.004  0.004  0.004  0.004
03:08:31 858.29   16.8   32.6   1426    2.8    205    6.8    29.7   0.3   0.82   4.55 5869.2     0.00   0.00    0.0  0.004  0.008  0.004  0.004  0.004  0.004
03:08:32 858.43   16.8   32.7   1425    2.8    212    6.8    29.7   0.3   0.82   4.56 5870.2     0.00   0.00    0.0  0.004  0.008  0.004  0.004  0.004  0.004
03:08:33 858.40   16.7   32.7   1425    2.6    215    6.8    29.7   0.3   0.82   4.55 5871.2     0.00   0.00    0.0  0.004  0.008  0.004  0.004  0.004  0.004
03:08:34 858.58   16.8   32.7   1423    2.6    218    6.8    29.7   0.3   0.82   4.57 5872.2     0.00   0.00    0.0  0.004  0.008  0.004  0.004  0.004  0.004
03:08:35 858.36   16.8   32.7   1426    2.6    215    6.8    29.7   0.3   0.82   4.56 5873.2     0.00   0.00    0.0  0.004  0.008  0.004  0.004  0.004  0.004
03:08:36 858.56   16.8   32.7   1424    2.5    216    6.8    29.7   0.4   0.82   4.58 5874.2     0.00   0.00    0.0  0.004  0.008  0.004  0.004  0.004  0.004
03:08:37 858.52   16.8   32.7   1424    2.4    215    6.8    29.7   0.3   0.82   4.57 5875.2     0.00   0.00    0.0  0.004  0.008  0.004  0.004  0.004  0.004
03:08:38 858.55   16.8   32.7   1424    2.4    209    6.8    29.7   0.4   0.82   4.58 5876.2     0.00   0.00    0.0  0.004  0.008  0.004  0.004  0.004  0.004
03:08:43 858.89   16.8   32.7   1420    2.3    214    6.8    29.7   0.4   0.82   4.58 5881.2     0.00   0.00    0.0  0.004  0.008  0.004  0.004  0.004  0.004
03:08:45 859.00   16.8   32.7   1419    2.4    212    6.8    29.7   0.4   0.82   4.58 5883.2     0.00   0.00    0.0  0.004  0.008  0.004  0.004  0.004  0.004
03:08:47 859.18   16.9   32.7   1418    2.5    209    6.8    29.7   0.4   0.82   4.59 5885.2     0.00   0.00    0.0  0.004  0.008  0.004  0.004  0.004  0.004
03:08:48 859.38   16.9   32.7   1416    2.6    206    6.8    29.7   0.4   0.82   4.59 5886.2     0.00   0.00    0.0  0.004  0.008  0.004  0.004  0.004  0.004
03:08:49 859.33   16.9   32.8   1416    2.7    213    6.8    29.7   0.4   0.82   4.60 5887.2     0.00   0.00    0.0  0.004  0.008  0.004  0.004  0.004  0.004
03:08:50 859.09   16.8   32.7   1418    2.8    213    6.8    29.7   0.4   0.82   4.58 5888.2     0.00   0.00    0.0  0.004  0.008  0.004  0.004  0.004  0.004
03:08:51 859.20   16.9   32.7   1417    2.9    214    6.8    29.7   0.4   0.82   4.59 5889.2     0.00   0.00    0.0  0.004  0.008  0.004  0.004  0.004  0.004
03:08:52 859.50   16.9   32.7   1414    3.0    213    6.8    29.7   0.4   0.82   4.58 5890.2     0.00   0.00    0.0  0.004  0.008  0.004  0.004  0.004  0.004
03:08:53 859.43   16.9   32.7   1415    3.2    212    6.8    29.7   0.4   0.82   4.59 5891.2     0.00   0.00    0.0  0.004  0.008  0.004  0.004  0.004  0.004
03:08:55 859.57   16.9   32.6   1414    3.3    208    6.8    29.8   0.4   0.82   4.59 5893.2     0.00   0.00    0.0  0.004  0.008  0.004  0.004  0.004  0.004
03:08:56 859.42   16.9   32.6   1415    3.3    206    6.8    29.7   0.4   0.82   4.58 5894.2     0.00   0.00    0.0  0.004  0.008  0.004  0.004  0.004  0.004
03:08:57 859.43   16.9   32.7   1415    3.4    205    6.8    29.7   0.4   0.82   4.59 5895.2     0.00   0.00    0.0  0.004  0.008  0.004  0.004  0.004  0.004
03:08:58 859.66   16.9   32.6   1413    3.4    209    6.8    29.7   0.4   0.82   4.58 5896.2     0.00   0.00    0.0  0.004  0.008  0.004  0.004  0.004  0.004
03:08:59 859.45   16.9   32.6   1415    3.4    210    6.8    29.7   0.4   0.82   4.57 5897.2     0.00   0.00    0.0  0.004  0.008  0.004  0.004  0.004  0.004
03:09:00 859.53   16.9   32.7   1414    3.3    212    6.8    29.7   0.4   0.82   4.59 5898.1     0.00   0.00    0.0  0.004  0.008  0.004  0.004  0.004  0.004
03:09:01 859.60   16.9   32.6   1413    3.3    211    6.8    29.7   0.4   0.82   4.58 5899.1     0.00   0.00    0.0  0.004  0.008  0.004  0.004  0.004  0.004
03:09:02 859.71   16.9   32.6   1412    3.3    211    6.8    29.7   0.4   0.82   4.58 5900.1     0.00   0.00    0.0  0.004  0.008  0.004  0.004  0.004  0.004
03:09:05 859.86   16.9   32.5   1411    3.1    206    6.8    29.7   0.3   0.82   4.57 5903.1     0.00   0.00    0.0  0.004  0.007  0.004  0.004  0.004  0.004
03:09:06 859.96   16.9   32.5   1410    3.0    207    6.8    29.7   0.4   0.82   4.57 5904.1     0.00   0.00    0.0  0.004  0.008  0.004  0.004  0.004  0.004
03:09:07 860.15   16.9   32.5   1408    2.9    207    6.8    29.7   0.3   0.82   4.57 5905.1     0.00   0.00    0.0  0.004  0.008  0.004  0.004  0.004  0.004
03:09:08 860.07   16.9   32.5   1409    2.9    211    6.8    29.7   0.4   0.82   4.58 5906.1     0.00   0.00    0.0  0.004  0.008  0.004  0.004  0.004  0.004
03:09:09 860.15   16.9   32.5   1408    2.9    214    6.8    29.7   0.4   0.82   4.57 5907.1     0.00   0.00    0.0  0.004  0.008  0.004  0.004  0.004  0.004
03:09:10 860.04   17.0   32.5   1409    2.9    216    6.8    29.8   0.4   0.82   4.59 5908.1     0.00   0.00    0.0  0.004  0.008  0.004  0.004  0.004  0.004
03:09:11 860.13   16.9   32.5   1408    2.8    215    6.8    29.7   0.4   0.82   4.57 5909.1     0.00   0.00    0.0  0.004  0.007  0.004  0.004  0.004  0.004
03:09:13 860.20   17.0   32.4   1407    2.8    214    6.8    29.7   0.4   0.82   4.57 5911.1     0.00   0.00    0.0  0.004  0.008  0.004  0.004  0.004  0.004
03:09:15 860.39   17.0   32.5   1406    2.7    220    6.8    29.7   0.4   0.82   4.58 5913.1     0.00   0.00    0.0  0.004  0.008  0.004  0.004  0.004  0.004
03:09:16 860.70   16.9   32.4   1402    2.8    221    6.8    29.6   0.3   0.82   4.56 5914.1     0.00   0.00    0.0  0.004  0.008  0.004  0.004  0.004  0.004
03:09:17 860.26   17.0   32.4   1407    2.8    218    6.8    29.7   0.4   0.82   4.57 5915.1     0.00   0.00    0.0  0.004  0.008  0.004  0.004  0.004  0.004
03:09:20 860.70   17.0   32.4   1402    2.9    204    6.8    29.7   0.4   0.82   4.57 5918.1     0.00   0.00    0.0  0.004  0.008  0.004  0.004  0.004  0.004
03:09:21 860.98   17.0   32.4   1400    2.9    201    6.8    29.7   0.4   0.82   4.58 5919.1     0.00   0.00    0.0  0.004  0.008  0.004  0.004  0.004  0.004
03:09:22 860.76   17.0   32.4   1402    2.9    204    6.8    29.7   0.3   0.82   4.56 5920.1     0.00   0.00    0.0  0.004  0.008  0.004  0.004  0.004  0.004
03:09:23 860.86   17.0   32.4   1401    3.0    207    6.8    29.7   0.4   0.82   4.57 5921.1     0.00   0.00    0.0  0.004  0.008  0.004  0.004  0.004  0.004
03:09:24 861.37   17.0   32.4   1396    3.0    205    6.8    29.7   0.4   0.82   4.58 5922.1     0.00   0.00    0.0  0.004  0.008  0.004  0.004  0.004  0.004
03:09:25 860.71   17.0   32.4   1402    3.1    206    6.8    29.7   0.4   0.82   4.58 5923.1     0.00   0.00    0.0  0.004  0.008  0.004  0.004  0.004  0.004
03:09:27 861.06   17.0   32.3   1399    3.2    204    6.8    29.7   0.4   0.82   4.56 5925.1     0.00   0.00    0.0  0.004  0.008  0.004  0.004  0.004  0.004
03:09:28 861.01   17.0   32.3   1399    3.2    205    6.8    29.7   0.4   0.82   4.58 5926.1     0.00   0.00    0.0  0.004  0.008  0.004  0.004  0.004  0.004
03:09:30 860.94   17.0   32.3   1400    3.2    202    6.8    29.7   0.4   0.82   4.57 5928.1     0.00   0.00    0.0  0.004  0.008  0.004  0.004  0.004  0.004
03:09:32 861.09   17.0   32.3   1399    3.1    203    6.8    29.7   0.4   0.82   4.57 5930.1     0.00   0.00    0.0  0.004  0.008  0.004  0.004  0.004  0.004
03:09:33 861.21   17.0   32.3   1397    3.1    204    6.8    29.7   0.4   0.82   4.57 5931.1     0.00   0.00    0.0  0.004  0.008  0.004  0.004  0.004  0.004
03:09:34 861.26   17.0   32.4   1397    3.1    204    6.8    29.7   0.4   0.82   4.58 5932.1     0.00   0.00    0.0  0.004  0.007  0.004  0.004  0.004  0.004
03:09:36 861.21   17.1   32.3   1397    3.1    203    6.8    29.7   0.4   0.82   4.58 5934.1     0.00   0.00    0.0  0.004  0.007  0.004  0.004  0.004  0.004
03:09:37 861.37   17.0   32.3   1396    3.0    204    6.8    29.7   0.4   0.82   4.57 5935.1     0.00   0.00    0.0  0.004  0.008  0.004  0.004  0.004  0.004
03:09:39 861.58   17.0   32.3   1394    3.1    201    6.8    29.7   0.4   0.82   4.56 5937.1     0.00   0.00    0.0  0.004  0.008  0.004  0.004  0.004  0.004
03:09:40 861.51   17.1   32.3   1395    3.1    202    6.8    29.7   0.4   0.82   4.58 5938.1     0.00   0.00    0.0  0.004  0.008  0.004  0.004  0.004  0.004
03:09:41 861.42   17.1   32.3   1395    3.1    204    6.8    29.7   0.4   0.82   4.57 5939.1     0.00   0.00    0.0  0.004  0.007  0.004  0.004  0.004  0.004
03:09:42 861.60   17.1   32.3   1394    3.0    206    6.8    29.7   0.4   0.82   4.59 5940.1     0.00   0.00    0.0  0.004  0.008  0.004  0.004  0.004  0.004
03:09:43 861.81   17.1   32.3   1392    3.1    206    6.8    29.7   0.4   0.82   4.58 5941.1     0.00   0.00    0.0  0.004  0.007  0.004  0.004  0.004  0.004
03:09:44 861.62   17.1   32.3   1393    3.0    205    6.8    29.7   0.4   0.82   4.58 5942.1     0.00   0.00    0.0  0.004  0.007  0.004  0.004  0.004  0.004
03:09:45 861.75   17.1   32.3   1392    3.1    205    6.8    29.7   0.4   0.82   4.58 5943.1     0.00   0.00    0.0  0.004  0.008  0.004  0.004  0.004  0.004
03:09:46 861.95   17.1   32.3   1390    3.0    209    6.8    29.7   0.4   0.82   4.58 5944.1     0.00   0.00    0.0  0.004  0.008  0.004  0.004  0.004  0.004
03:09:48 861.79   17.1   32.3   1392    3.0    206    6.8    29.7   0.5   0.82   4.59 5946.1     0.00   0.00    0.0  0.004  0.008  0.004  0.004  0.004  0.004
03:09:49 862.11   17.1   32.2   1389    3.0    206    6.8    29.7   0.4   0.82   4.58 5947.1     0.00   0.00    0.0  0.004  0.008  0.004  0.004  0.004  0.004
03:09:50 861.88   17.1   32.2   1391    3.0    208    6.8    29.7   0.4   0.82   4.58 5948.1     0.00   0.00    0.0  0.004  0.008  0.004  0.004  0.004  0.004
03:09:51 862.07   17.1   32.2   1389    3.0    206    6.8    29.7   0.4   0.82   4.57 5949.1     0.00   0.00    0.0  0.004  0.008  0.004  0.004  0.004  0.004
03:09:52 862.31   17.1   32.2   1387    3.0    208    6.8    29.7   0.4   0.82   4.57 5950.1     0.00   0.00    0.0  0.004  0.008  0.004  0.004  0.004  0.004
03:09:53 862.29   17.2   32.2   1387    3.0    211    6.8    29.7   0.4   0.82   4.58 5951.1     0.00   0.00    0.0  0.004  0.007  0.004  0.004  0.004  0.004
03:09:54 862.20   17.1   32.2   1388    2.9    208    6.8    29.7   0.4   0.82   4.57 5952.1     0.00   0.00    0.0  0.004  0.008  0.004  0.004  0.004  0.004
03:09:56 862.01   17.1   32.2   1390    2.9    209    6.8    29.7   0.4   0.82   4.58 5954.1     0.00   0.00    0.0  0.004  0.008  0.004  0.004  0.004  0.004
03:09:57 862.21   17.1   32.2   1388    2.9    211    6.8    29.7   0.4   0.82   4.58 5955.1     0.00   0.00    0.0  0.004  0.008  0.004  0.004  0.004  0.004
03:09:58 862.45   17.2   32.1   1385    2.9    214    6.8    29.7   0.4   0.82   4.58 5956.1     0.00   0.00    0.0  0.004  0.008  0.004  0.004  0.004  0.004
03:09:59 862.56   17.2   32.1   1384    2.9    212    6.8    29.7   0.4   0.82   4.57 5957.1     0.00   0.00    0.0  0.004  0.008  0.004  0.004  0.004  0.004
03:10:00 862.31   17.2   32.1   1387    2.9    210    6.8    29.7   0.4   0.82   4.58 5958.1     0.00   0.00    0.0  0.004  0.008  0.004  0.004  0.004  0.004
03:10:01 862.67   17.2   32.1   1383    2.9    211    6.8    29.7   0.4   0.82   4.57 5959.1     0.00   0.00    0.0  0.004  0.008  0.004  0.004  0.004  0.004
03:10:02 862.57   17.2   32.1   1384    2.9    212    6.8    29.7   0.4   0.82   4.57 5960.1     0.00   0.00    0.0  0.004  0.008  0.004  0.004  0.004  0.004
03:10:03 862.41   17.2   32.2   1386    2.9    218    6.8    29.7   0.4   0.82   4.58 5961.1     0.00   0.00    0.0  0.004  0.008  0.004  0.004  0.004  0.004
03:10:04 862.87   17.2   32.2   1381    2.9    225    6.8    29.7   0.4   0.82   4.58 5962.1     0.00   0.00    0.0  0.004  0.008  0.004  0.004  0.004  0.004
03:10:05 863.00   17.2   32.1   1380    2.9    230    6.8    29.7   0.4   0.82   4.57 5963.1     0.00   0.00    0.0  0.004  0.008  0.004  0.004  0.004  0.004
03:10:07 863.00   17.2   32.1   1380    3.0    224    6.8    29.7   0.4   0.82   4.58 5965.1     0.00   0.00    0.0  0.004  0.008  0.004  0.004  0.004  0.004
03:10:08 862.80   17.2   32.1   1382    3.0    218    6.8    29.7   0.4   0.82   4.57 5966.1     0.00   0.00    0.0  0.004  0.008  0.004  0.004  0.004  0.004
03:10:09 862.96   17.2   32.1   1380    3.0    214    6.8    29.7   0.4   0.82   4.57 5967.1     0.00   0.00    0.0  0.004  0.008  0.004  0.004  0.004  0.004
03:10:10 863.10   17.2   32.1   1379    3.1    213    6.8    29.6   0.4   0.82   4.57 5968.1     0.00   0.00    0.0  0.004  0.008  0.004  0.004  0.004  0.004
03:10:11 862.96   17.2   32.1   1380    3.0    210    6.8    29.7   0.5   0.82   4.59 5969.1     0.00   0.00    0.0  0.004  0.008  0.004  0.004  0.004  0.004
03:10:12 863.13   17.2   32.0   1379    3.1    208    6.7    29.7   0.4   0.82   4.57 5970.1     0.00   0.00    0.0  0.004  0.008  0.004  0.004  0.004  0.004
03:10:13 862.76   17.2   32.1   1382    3.1    207    6.8    29.7   0.5   0.82   4.59 5971.1     0.00   0.00    0.0  0.004  0.008  0.004  0.004  0.004  0.004
03:10:15 863.19   17.2   32.1   1378    3.1    203    6.8    29.7   0.4   0.82   4.58 5973.1     0.00   0.00    0.0  0.004  0.008  0.004  0.004  0.004  0.004
03:10:16 863.20   17.2   32.0   1378    3.1    205    6.8    29.7   0.4   0.82   4.58 5974.1     0.00   0.00    0.0  0.004  0.007  0.004  0.004  0.004  0.004
03:10:17 863.33   17.2   32.1   1376    3.1    207    6.8    29.6   0.4   0.82   4.57 5975.1     0.00   0.00    0.0  0.004  0.007  0.004  0.004  0.004  0.004
03:10:18 863.22   17.2   32.1   1378    3.1    209    6.8    29.6   0.4   0.82   4.56 5976.1     0.00   0.00    0.0  0.004  0.008  0.004  0.004  0.004  0.004
03:10:21 863.60   17.2   32.0   1374    3.0    204    6.7    29.7   0.4   0.82   4.58 5979.1     0.00   0.00    0.0  0.004  0.008  0.004  0.004  0.004  0.004
03:10:22 863.61   17.3   32.1   1374    2.9    206    6.7    29.7   0.5   0.82   4.59 5980.1     0.00   0.00    0.0  0.004  0.008  0.004  0.004  0.004  0.004
03:10:23 863.44   17.3   32.0   1375    3.0    206    6.7    29.7   0.5   0.82   4.59 5981.1     0.00   0.00    0.0  0.004  0.007  0.004  0.004  0.004  0.004
03:10:24 863.48   17.3   32.0   1375    2.9    205    6.7    29.7   0.4   0.82   4.58 5982.1     0.00   0.00    0.0  0.004  0.008  0.004  0.004  0.004  0.004
03:10:25 863.42   17.2   32.1   1376    2.9    202    6.7    29.7   0.5   0.82   4.59 5983.1     0.00   0.00    0.0  0.004  0.008  0.004  0.004  0.004  0.004
03:10:26 863.64   17.3   32.0   1373    2.8    203    6.7    29.7   0.5   0.82   4.59 5984.1     0.00   0.00    0.0  0.004  0.008  0.004  0.004  0.004  0.004
03:10:27 863.75   17.2   32.1   1372    2.8    207    6.7    29.6   0.5   0.82   4.58 5985.1     0.00   0.00    0.0  0.004  0.007  0.004  0.004  0.004  0.004
03:10:28 863.76   17.3   32.1   1372    2.8    206    6.7    29.7   0.5   0.82   4.59 5986.1     0.00   0.00    0.0  0.004  0.008  0.004  0.004  0.004  0.004
03:10:29 863.91   17.2   32.0   1371    2.8    208    6.7    29.6   0.4   0.82   4.58 5987.1     0.00   0.00    0.0  0.004  0.008  0.004  0.004  0.004  0.004
03:10:30 863.92   17.3   32.1   1371    2.8    211    6.7    29.7   0.5   0.82   4.60 5988.1     0.00   0.00    0.0  0.004  0.008  0.004  0.004  0.004  0.004
03:10:31 863.79   17.3   32.0   1372    2.8    212    6.7    29.7   0.5   0.82   4.59 5989.1     0.00   0.00    0.0  0.004  0.007  0.004  0.004  0.004  0.004
03:10:32 863.90   17.3   32.0   1371    2.7    212    6.7    29.7   0.5   0.82   4.58 5990.1     0.00   0.00    0.0  0.004  0.008  0.004  0.004  0.004  0.004
03:10:33 863.99   17.3   32.0   1370    2.8    214    6.7    29.6   0.4   0.82   4.57 5991.1     0.00   0.00    0.0  0.004  0.008  0.004  0.004  0.004  0.004
03:10:34 864.01   17.3   32.0   1370    2.8    214    6.7    29.7   0.5   0.82   4.60 5992.1     0.00   0.00    0.0  0.004  0.007  0.004  0.004  0.004  0.004
03:10:35 864.10   17.3   32.0   1369    2.8    214    6.7    29.7   0.5   0.82   4.60 5993.1     0.00   0.00    0.0  0.004  0.007  0.004  0.004  0.004  0.004
03:10:37 864.12   17.3   32.0   1369    2.9    212    6.7    29.7   0.5   0.82   4.59 5995.1     0.00   0.00    0.0  0.004  0.008  0.004  0.004  0.004  0.004
03:10:38 864.21   17.3   32.0   1368    3.0    211    6.7    29.7   0.5   0.82   4.59 5996.1     0.00   0.00    0.0  0.004  0.007  0.004  0.004  0.004  0.004
03:10:40 864.02   17.3   31.9   1370    3.1    209    6.7    29.7   0.5   0.82   4.59 5998.1     0.00   0.00    0.0  0.004  0.008  0.004  0.004  0.004  0.004
03:10:41 864.18   17.4   31.9   1368    3.1    210    6.7    29.7   0.5   0.82   4.58 5999.0     0.00   0.00    0.0  0.004  0.008  0.004  0.004  0.004  0.004
03:10:42 864.30   17.3   31.9   1367    3.1    212    6.7    29.7   0.5   0.82   4.58 6000.0     0.00   0.00    0.0  0.004  0.008  0.004  0.004  0.004  0.004
03:10:43 864.40   17.3   31.9   1366    3.1    212    6.7    29.7   0.5   0.82   4.58 6001.0     0.00   0.00    0.0  0.004  0.007  0.004  0.004  0.004  0.004
03:10:44 864.49   17.3   31.8   1365    3.1    212    6.7    29.7   0.4   0.82   4.57 6002.0     0.00   0.00    0.0  0.004  0.007  0.004  0.004  0.004  0.004
03:10:47 864.64   17.4   31.8   1364    3.1    210    6.7    29.7   0.5   0.82   4.59 6005.0     0.00   0.00    0.0  0.004  0.007  0.004  0.004  0.004  0.004
03:10:48 864.57   17.3   31.8   1364    3.0    208    6.7    29.7   0.4   0.82   4.57 6006.0     0.00   0.00    0.0  0.004  0.007  0.004  0.004  0.004  0.004
03:10:51 864.81   17.3   31.8   1362    3.0    200    6.7    29.6   0.4   0.82   4.57 6009.0     0.00   0.00    0.0  0.004  0.007  0.004  0.004  0.004  0.004
03:10:52 864.81   17.3   31.9   1362    3.1    205    6.7    29.6   0.5   0.82   4.57 6010.0     0.00   0.00    0.0  0.004  0.007  0.004  0.004  0.004  0.004
03:10:53 865.16   17.4   31.8   1358    3.1    206    6.7    29.7   0.5   0.82   4.59 6011.0     0.00   0.00    0.0  0.004  0.007  0.004  0.004  0.004  0.004
03:10:54 864.81   17.4   31.8   1362    3.1    202    6.7    29.7   0.5   0.82   4.58 6012.0     0.00   0.00    0.0  0.004  0.008  0.004  0.004  0.004  0.004
03:10:55 864.95   17.4   31.9   1361    3.1    201    6.7    29.7   0.5   0.82   4.59 6013.0     0.00   0.00    0.0  0.004  0.007  0.004  0.004  0.004  0.004
03:10:56 864.82   17.4   31.8   1362    3.1    197    6.7    29.7   0.5   0.82   4.58 6014.0     0.00   0.00    0.0  0.004  0.008  0.004  0.004  0.004  0.004
03:10:58 865.22   17.4   31.9   1358    3.1    205    6.7    29.7   0.5   0.82   4.59 6016.0     0.00   0.00    0.0  0.004  0.007  0.004  0.004  0.004  0.004
03:11:00 865.17   17.4   31.8   1358    3.1    209    6.7    29.7   0.5   0.82   4.59 6018.0     0.00   0.00    0.0  0.004  0.008  0.004  0.004  0.004  0.004
03:11:01 865.34   17.3   31.8   1357    3.2    208    6.7    29.6   0.4   0.82   4.56 6019.0     0.00   0.00    0.0  0.004  0.007  0.004  0.004  0.004  0.004
03:11:02 865.46   17.4   31.8   1356    3.2    210    6.7    29.6   0.5   0.82   4.57 6020.0     0.00   0.00    0.0  0.004  0.007  0.004  0.004  0.004  0.004
03:11:03 865.56   17.4   31.8   1355    3.2    207    6.7    29.6   0.5   0.82   4.57 6021.0     0.00   0.00    0.0  0.004  0.008  0.004  0.004  0.004  0.004
03:11:04 865.52   17.4   31.8   1355    3.2    209    6.7    29.6   0.5   0.82   4.58 6022.0     0.00   0.00    0.0  0.004  0.007  0.004  0.004  0.004  0.004
03:11:05 865.60   17.4   31.8   1354    3.1    210    6.7    29.6   0.5   0.82   4.58 6023.0     0.00   0.00    0.0  0.004  0.007  0.004  0.004  0.004  0.004
03:11:07 865.45   17.4   31.8   1356    3.1    208    6.7    29.7   0.5   0.82   4.59 6025.0     0.00   0.00    0.0  0.004  0.008  0.004  0.004  0.004  0.004
03:11:09 865.54   17.4   31.7   1355    3.1    212    6.7    29.6   0.5   0.82   4.57 6027.0     0.00   0.00    0.0  0.004  0.007  0.004  0.004  0.004  0.004
03:11:11 865.90   17.4   31.8   1351    3.1    209    6.7    29.6   0.5   0.82   4.58 6029.0     0.00   0.00    0.0  0.004  0.007  0.004  0.004  0.004  0.004
03:11:12 865.76   17.5   31.8   1353    3.2    206    6.7    29.7   0.5   0.82   4.59 6030.0     0.00   0.00    0.0  0.004  0.007  0.004  0.004  0.004  0.004
03:11:13 865.61   17.5   31.7   1354    3.1    205    6.7    29.7   0.5   0.82   4.59 6031.0     0.00   0.00    0.0  0.004  0.008  0.004  0.004  0.004  0.004
03:11:14 865.83   17.4   31.8   1352    3.1    203    6.7    29.6   0.5   0.82   4.58 6032.0     0.00   0.00    0.0  0.004  0.008  0.004  0.004  0.004  0.004
03:11:16 865.85   17.4   31.8   1352    3.0    202    6.7    29.6   0.5   0.82   4.59 6034.0     0.00   0.00    0.0  0.004  0.007  0.004  0.004  0.004  0.004
03:11:18 865.98   17.5   31.7   1350    3.1    198    6.7    29.7   0.5   0.82   4.59 6036.0     0.00   0.00    0.0  0.004  0.007  0.004  0.004  0.004  0.004
03:11:19 866.12   17.4   31.7   1349    3.1    201    6.7    29.6   0.5   0.82   4.58 6037.0     0.00   0.00    0.0  0.004  0.007  0.004  0.004  0.004  0.004
03:11:21 866.15   17.5   31.7   1349    3.2    204    6.7    29.7   0.5   0.82   4.60 6039.0     0.00   0.00    0.0  0.004  0.007  0.004  0.004  0.004  0.004
03:11:22 866.14   17.5   31.7   1349    3.2    203    6.7    29.6   0.5   0.82   4.58 6040.0     0.00   0.00    0.0  0.004  0.007  0.004  0.004  0.004  0.004
03:11:23 866.45   17.5   31.7   1346    3.2    203    6.7    29.6   0.5   0.82   4.59 6041.0     0.00   0.00    0.0  0.004  0.008  0.004  0.004  0.004  0.004
03:11:24 866.30   17.5   31.7   1347    3.2    205    6.7    29.6   0.5   0.82   4.59 6042.0     0.00   0.00    0.0  0.004  0.007  0.004  0.004  0.004  0.004
03:11:25 866.42   17.5   31.7   1346    3.2    206    6.7    29.6   0.5   0.82   4.59 6043.0     0.00   0.00    0.0  0.004  0.007  0.004  0.004  0.004  0.004
03:11:26 866.45   17.5   31.7   1346    3.2    208    6.7    29.6   0.5   0.82   4.59 6044.0     0.00   0.00    0.0  0.004  0.008  0.004  0.004  0.004  0.004
03:11:27 866.66   17.5   31.7   1344    3.2    209    6.7    29.6   0.5   0.82   4.59 6045.0     0.00   0.00    0.0  0.004  0.008  0.004  0.004  0.004  0.004
03:11:28 866.66   17.5   31.7   1344    3.2    208    6.7    29.6   0.5   0.82   4.59 6046.0     0.00   0.00    0.0  0.004  0.007  0.004  0.004  0.004  0.004
03:11:30 866.87   17.4   31.7   1342    3.2    206    6.7    29.5   0.5   0.82   4.57 6048.0     0.00   0.00    0.0  0.004  0.007  0.004  0.004  0.004  0.004
03:11:32 866.73   17.5   31.7   1343    3.2    206    6.7    29.6   0.6   0.82   4.60 6050.0     0.00   0.00    0.0  0.004  0.007  0.004  0.004  0.004  0.004
03:11:33 866.62   17.5   31.7   1344    3.2    205    6.7    29.6   0.5   0.82   4.59 6051.0     0.00   0.00    0.0  0.004  0.007  0.004  0.004  0.004  0.004
03:11:35 866.89   17.5   31.7   1341    3.2    202    6.7    29.6   0.5   0.82   4.59 6053.0     0.00   0.00    0.0  0.004  0.007  0.004  0.004  0.004  0.004
03:11:36 866.70   17.5   31.8   1343    3.2    203    6.7    29.6   0.6   0.82   4.60 6054.0     0.00   0.00    0.0  0.004  0.007  0.004  0.004  0.004  0.004
03:11:40 866.93   17.5   31.8   1341    3.1    203    6.7    29.6   0.5   0.82   4.59 6058.0     0.00   0.00    0.0  0.004  0.007  0.004  0.004  0.004  0.004
03:11:41 867.30   17.5   31.8   1337    3.1    202    6.7    29.6   0.6   0.82   4.60 6059.0     0.00   0.00    0.0  0.004  0.007  0.004  0.004  0.004  0.004
03:11:43 867.36   17.5   31.7   1337    3.1    200    6.7    29.6   0.5   0.82   4.59 6061.0     0.00   0.00    0.0  0.004  0.007  0.004  0.004  0.004  0.004
03:11:45 867.23   17.6   31.7   1338    3.1    200    6.7    29.6   0.6   0.82   4.61 6063.0     0.00   0.00    0.0  0.004  0.007  0.004  0.004  0.004  0.004
03:11:46 867.44   17.5   31.7   1336    3.1    201    6.7    29.6   0.6   0.82   4.60 6064.0     0.00   0.00    0.0  0.004  0.007  0.004  0.004  0.004  0.004
03:11:47 867.38   17.6   31.7   1337    3.1    201    6.7    29.6   0.6   0.82   4.60 6065.0     0.00   0.00    0.0  0.004  0.007  0.004  0.004  0.004  0.004
03:11:49 867.43   17.5   31.6   1336    3.0    200    6.7    29.6   0.5   0.82   4.59 6067.0     0.00   0.00    0.0  0.004  0.007  0.004  0.004  0.004  0.004
03:11:50 867.67   17.6   31.6   1334    3.0    201    6.7    29.6   0.6   0.82   4.60 6068.0     0.00   0.00    0.0  0.004  0.007  0.004  0.004  0.004  0.004
03:11:51 867.56   17.6   31.7   1335    3.0    202    6.7    29.6   0.6   0.82   4.60 6069.0     0.00   0.00    0.0  0.004  0.007  0.004  0.004  0.004  0.004
03:11:52 867.47   17.6   31.7   1336    2.9    203    6.7    29.7   0.6   0.82   4.61 6070.0     0.00   0.00    0.0  0.004  0.007  0.004  0.004  0.004  0.004
03:11:53 867.55   17.5   31.7   1335    3.0    202    6.7    29.5   0.5   0.82   4.59 6071.0     0.00   0.00    0.0  0.004  0.007  0.004  0.004  0.004  0.004
03:11:54 867.54   17.5   31.7   1335    3.0    202    6.7    29.6   0.5   0.82   4.59 6072.0     0.00   0.00    0.0  0.004  0.007  0.004  0.004  0.004  0.004
03:11:55 867.75   17.5   31.8   1333    3.0    205    6.7    29.5   0.6   0.82   4.59 6073.0     0.00   0.00    0.0  0.004  0.007  0.004  0.004  0.004  0.004
03:11:57 867.53   17.5   31.8   1335    3.1    203    6.7    29.6   0.6   0.82   4.60 6075.0     0.00   0.00    0.0  0.004  0.007  0.004  0.004  0.004  0.004
03:11:59 867.59   17.5   31.8   1335    3.2    205    6.7    29.5   0.6   0.82   4.60 6077.0     0.00   0.00    0.0  0.004  0.007  0.004  0.004  0.004  0.004
03:12:00 867.76   17.6   31.7   1333    3.3    206    6.7    29.6   0.6   0.82   4.60 6078.0     0.00   0.00    0.0  0.004  0.007  0.004  0.004  0.004  0.004
03:12:01 867.85   17.5   31.8   1332    3.3    207    6.7    29.5   0.5   0.82   4.59 6079.0     0.00   0.00    0.0  0.004  0.007  0.004  0.004  0.004  0.004
03:12:02 867.86   17.5   31.8   1332    3.2    206    6.7    29.5   0.6   0.82   4.60 6080.0     0.00   0.00    0.0  0.004  0.007  0.004  0.004  0.004  0.004
03:12:03 867.72   17.5   31.8   1333    3.2    205    6.7    29.6   0.6   0.82   4.61 6081.0     0.00   0.00    0.0  0.004  0.007  0.004  0.004  0.004  0.004
03:12:04 867.84   17.5   31.9   1332    3.1    206    6.7    29.5   0.6   0.82   4.61 6082.0     0.00   0.00    0.0  0.004  0.007  0.004  0.004  0.004  0.004
03:12:05 867.96   17.4   31.9   1331    3.0    206    6.7    29.4   0.6   0.82   4.59 6083.0     0.00   0.00    0.0  0.004  0.007  0.004  0.004  0.004  0.004
03:12:06 867.87   17.4   32.0   1332    3.0    205    6.7    29.4   0.6   0.82   4.60 6084.0     0.00   0.00    0.0  0.004  0.007  0.004  0.004  0.004  0.004
03:12:08 867.83   17.4   32.0   1332    2.9    204    6.7    29.5   0.6   0.82   4.61 6086.0     0.00   0.00    0.0  0.004  0.007  0.004  0.004  0.004  0.004
03:12:09 868.02   17.5   32.0   1330    2.9    206    6.7    29.5   0.6   0.82   4.62 6087.0     0.00   0.00    0.0  0.004  0.007  0.004  0.004  0.004  0.004
03:12:10 868.12   17.5   31.9   1329    2.8    206    6.7    29.5   0.6   0.82   4.61 6088.0     0.00   0.00    0.0  0.004  0.007  0.004  0.004  0.004  0.004
03:12:11 867.94   17.5   31.9   1331    2.9    207    6.7    29.5   0.6   0.82   4.62 6089.0     0.00   0.00    0.0  0.004  0.007  0.004  0.004  0.004  0.004
03:12:13 868.37   17.6   31.7   1327    3.0    205    6.7    29.6   0.6   0.82   4.60 6091.0     0.00   0.00    0.0  0.004  0.007  0.004  0.004  0.004  0.004
03:12:14 867.97   17.6   31.7   1331    3.0    204    6.7    29.6   0.6   0.82   4.60 6092.0     0.00   0.00    0.0  0.004  0.007  0.004  0.004  0.004  0.004
03:12:15 868.11   17.6   31.8   1329    3.0    202    6.7    29.6   0.6   0.82   4.62 6093.0     0.00   0.00    0.0  0.004  0.007  0.004  0.004  0.004  0.004
03:12:16 868.15   17.6   31.8   1329    3.0    202    6.7    29.6   0.6   0.82   4.62 6094.0     0.00   0.00    0.0  0.004  0.007  0.004  0.004  0.004  0.004
03:12:17 868.33   17.6   31.9   1327    3.0    203    6.7    29.5   0.7   0.82   4.63 6095.0     0.00   0.00    0.0  0.004  0.007  0.004  0.004  0.004  0.004
03:12:19 868.45   17.5   31.9   1326    3.0    201    6.7    29.4   0.6   0.82   4.61 6097.0     0.00   0.00    0.0  0.004  0.007  0.004  0.004  0.004  0.004
03:12:20 868.23   17.5   31.9   1328    3.0    206    6.7    29.5   0.6   0.82   4.62 6097.9     0.00   0.00    0.0  0.004  0.007  0.004  0.004  0.004  0.004
03:12:21 868.32   17.5   31.9   1327    3.0    208    6.7    29.5   0.7   0.82   4.62 6098.9     0.00   0.00    0.0  0.004  0.007  0.004  0.004  0.004  0.004
03:12:24 868.49   17.5   32.0   1326    3.0    204    6.7    29.5   0.7   0.82   4.64 6101.9     0.00   0.00    0.0  0.004  0.007  0.004  0.004  0.004  0.004
03:12:25 868.38   17.5   32.1   1327    2.9    204    6.7    29.5   0.7   0.82   4.63 6102.9     0.00   0.00    0.0  0.004  0.007  0.004  0.004  0.004  0.004
03:12:26 868.56   17.5   32.0   1325    3.0    205    6.7    29.4   0.7   0.82   4.63 6103.9     0.00   0.00    0.0  0.004  0.007  0.004  0.004  0.004  0.004
03:12:27 868.60   17.5   32.0   1325    2.9    207    6.7    29.4   0.6   0.82   4.62 6104.9     0.00   0.00    0.0  0.004  0.007  0.004  0.004  0.004  0.004
03:12:28 868.47   17.4   32.1   1326    2.9    209    6.7    29.4   0.7   0.82   4.63 6105.9     0.00   0.00    0.0  0.004  0.007  0.004  0.004  0.004  0.004
03:12:29 868.42   17.5   32.1   1326    2.9    209    6.7    29.4   0.7   0.82   4.63 6106.9     0.00   0.00    0.0  0.004  0.007  0.004  0.004  0.004  0.004
03:12:31 868.93   17.5   32.0   1321    2.9    205    6.7    29.4   0.7   0.82   4.62 6108.9     0.00   0.00    0.0  0.004  0.007  0.004  0.004  0.004  0.004
03:12:32 868.60   17.5   32.1   1325    2.9    203    6.7    29.5   0.7   0.82   4.64 6109.9     0.00   0.00    0.0  0.004  0.007  0.004  0.004  0.004  0.004
03:12:34 868.35   17.5   32.1   1327    3.0    207    6.7    29.5   0.7   0.82   4.64 6111.9     0.00   0.00    0.0  0.004  0.007  0.004  0.004  0.004  0.004
03:12:35 868.88   17.5   32.0   1322    3.0    207    6.7    29.4   0.7   0.82   4.62 6112.9     0.00   0.00    0.0  0.004  0.007  0.004  0.004  0.004  0.004
03:12:36 868.68   17.5   32.1   1324    3.0    206    6.7    29.4   0.7   0.82   4.63 6113.9     0.00   0.00    0.0  0.004  0.007  0.004  0.004  0.004  0.004
03:12:37 868.82   17.5   32.1   1322    3.0    206    6.7    29.4   0.7   0.82   4.64 6114.9     0.00   0.00    0.0  0.004  0.007  0.004  0.004  0.004  0.004
03:12:39 868.76   17.5   32.2   1323    2.9    204    6.7    29.4   0.7   0.82   4.64 6116.9     0.00   0.00    0.0  0.004  0.007  0.004  0.004  0.004  0.004
03:12:40 868.73   17.5   32.2   1323    2.9    200    6.7    29.4   0.7   0.82   4.63 6117.9     0.00   0.00    0.0  0.004  0.007  0.004  0.004  0.004  0.004
03:12:41 868.95   17.4   32.2   1321    2.8    202    6.7    29.3   0.7   0.82   4.63 6118.9     0.00   0.00    0.0  0.004  0.007  0.004  0.004  0.004  0.004
03:12:42 868.73   17.5   32.2   1323    2.8    205    6.7    29.4   0.7   0.82   4.64 6119.9     0.00   0.00    0.0  0.004  0.007  0.004  0.004  0.004  0.004
03:12:44 868.75   17.4   32.3   1323    2.8    206    6.7    29.3   0.7   0.82   4.64 6121.9     0.00   0.00    0.0  0.004  0.007  0.004  0.004  0.004  0.004
03:12:46 869.01   17.4   32.3   1321    2.7    204    6.7    29.3   0.7   0.82   4.65 6123.9     0.00   0.00    0.0  0.004  0.007  0.004  0.004  0.004  0.004
03:12:48 868.90   17.4   32.4   1322    2.7    198    6.7    29.3   0.8   0.82   4.65 6125.9     0.00   0.00    0.0  0.004  0.007  0.004  0.004  0.004  0.004
03:12:49 869.24   17.4   32.4   1318    2.7    199    6.7    29.3   0.8   0.82   4.66 6126.9     0.00   0.00    0.0  0.004  0.007  0.004  0.004  0.004  0.004
03:12:51 869.11   17.4   32.5   1320    2.7    202    6.7    29.2   0.7   0.82   4.64 6128.9     0.00   0.00    0.0  0.004  0.007  0.004  0.004  0.004  0.004
03:12:52 869.23   17.4   32.5   1318    2.7    201    6.7    29.3   0.8   0.82   4.67 6129.9     0.00   0.00    0.0  0.004  0.007  0.004  0.004  0.004  0.004
03:12:53 869.18   17.4   32.5   1319    2.7    199    6.7    29.2   0.8   0.82   4.66 6130.9     0.00   0.00    0.0  0.004  0.007  0.004  0.004  0.004  0.004
03:12:54 869.30   17.4   32.5   1318    2.7    199    6.7    29.3   0.8   0.82   4.66 6131.9     0.00   0.00    0.0  0.004  0.007  0.004  0.004  0.004  0.004
03:12:55 869.28   17.3   32.6   1318    2.7    197    6.7    29.2   0.8   0.82   4.66 6132.9     0.00   0.00    0.0  0.004  0.007  0.004  0.004  0.004  0.004
03:12:56 869.14   17.4   32.6   1319    2.7    200    6.7    29.3   0.8   0.82   4.68 6133.9     0.00   0.00    0.0  0.004  0.007  0.004  0.004  0.004  0.004
03:12:58 869.45   17.3   32.7   1316    2.7    201    6.7    29.2   0.8   0.82   4.67 6135.9     0.00   0.00    0.0  0.004  0.007  0.004  0.004  0.004  0.004
03:12:59 869.54   17.3   32.6   1315    2.7    198    6.7    29.1   0.7   0.82   4.65 6136.9     0.00   0.00    0.0  0.004  0.007  0.004  0.004  0.004  0.004
03:13:06 869.78   16.2   35.9   1313    2.6    194    6.7    28.0   1.1   0.83   4.78 6143.9     0.00   0.00    0.0  0.004  0.007  0.004  0.004  0.004  0.004
03:13:07 869.58   16.0   36.5   1315    2.4    190    6.7    27.8   1.2   0.83   4.81 6144.9     0.00   0.00    0.0  0.004  0.007  0.004  0.004  0.004  0.004
03:13:08 869.68   15.7   37.0   1314    2.3    193    6.7    27.5   1.1   0.83   4.76 6145.9     0.00   0.00    0.0  0.004  0.007  0.004  0.004  0.004  0.004
03:13:09 869.98   15.8   37.4   1311    2.3    192    6.7    27.5   1.3   0.83   4.82 6146.9     0.00   0.00    0.0  0.004  0.007  0.004  0.004  0.004  0.004
03:13:10 869.95   15.6   38.3   1311    2.2    194    6.7    27.3   1.5   0.83   4.90 6147.9     0.00   0.00    0.0  0.004  0.007  0.004  0.004  0.004  0.004
03:13:11 869.70   15.5   38.7   1314    2.2    189    6.7    27.3   1.5   0.83   4.92 6148.9     0.00   0.00    0.0  0.004  0.007  0.004  0.004  0.004  0.004
03:13:12 869.80   15.3   39.0   1313    2.0    185    6.7    27.0   1.4   0.83   4.87 6149.9     0.00   0.00    0.0  0.004  0.007  0.004  0.004  0.004  0.004
03:13:13 869.79   15.1   39.7   1313    1.9    183    6.7    26.8   1.5   0.83   4.90 6150.9     0.00   0.00    0.0  0.004  0.007  0.004  0.004  0.004  0.004
03:13:14 869.72   15.2   39.6   1314    1.8    181    6.7    26.9   1.6   0.83   4.93 6151.9     0.00   0.00    0.0  0.004  0.007  0.004  0.004  0.004  0.004
03:13:15 870.07   14.9   40.2   1310    1.7    186    6.7    26.5   1.5   0.83   4.89 6152.9     0.00   0.00    0.0  0.004  0.007  0.004  0.004  0.004  0.004
03:13:16 869.73   14.7   40.7   1313    1.5    185    6.7    26.4   1.5   0.83   4.92 6153.9     0.00   0.00    0.0  0.004  0.007  0.004  0.004  0.004  0.004
03:13:17 869.83   15.0   40.6   1313    1.5    182    6.7    26.7   1.7   0.83   5.00 6154.9     0.00   0.00    0.0  0.004  0.007  0.004  0.004  0.004  0.004
03:13:18 869.64   14.6   41.3   1314    1.5    190    6.7    26.3   1.6   0.83   4.94 6155.9     0.00   0.00    0.0  0.004  0.007  0.004  0.004  0.004  0.004
03:13:20 870.02   14.7   41.7   1311    1.4    195    6.7    26.4   1.8   0.83   5.03 6157.9     0.00   0.00    0.0  0.004  0.007  0.004  0.004  0.004  0.004
03:13:22 869.73   14.9   41.7   1313    1.4    192    6.7    26.6   2.0   0.84   5.08 6159.9     0.00   0.00    0.0  0.004  0.007  0.004  0.004  0.004  0.004
03:13:23 869.78   14.7   42.4   1313    1.3    191    6.7    26.4   2.0   0.84   5.10 6160.9     0.00   0.00    0.0  0.004  0.007  0.004  0.004  0.004  0.004
03:13:24 869.79   14.5   42.9   1313    1.4    188    6.7    26.2   2.1   0.84   5.13 6161.9     0.00   0.00    0.0  0.004  0.007  0.004  0.004  0.004  0.004
03:13:25 870.12   14.4   43.3   1310    1.3    183    6.7    26.0   2.1   0.84   5.11 6162.9     0.00   0.00    0.0  0.004  0.007  0.004  0.004  0.004  0.004
03:13:26 869.99   14.5   43.0   1311    1.3    186    6.7    26.1   2.0   0.84   5.10 6163.9     0.00   0.00    0.0  0.004  0.007  0.004  0.004  0.004  0.004
03:13:27 869.91   14.3   43.4   1312    1.3    187    6.7    26.0   2.1   0.84   5.11 6164.9     0.00   0.00    0.0  0.004  0.007  0.004  0.004  0.004  0.004
