    Time  Press    Temp     Rh    Alt  Speed    Dir   Batt  P.Temp  Dew   S.H.   M.R.     Et    Ozone O3Curr O3Temp   AD1    AD2    AD3    AD4    AD5    AD6
            hPa      °C     %      m    mps    deg      v     °C     °C          g/kg      s      ppb     µA     °C     v      v      v      v      v      v 
--------------------------------------------------------------------------------------------------------------------------------------------------------------
23:26:57 871.08   20.6   26.4   1312    2.7    335    8.6    32.4   0.7   0.82   4.63    1.0     0.00   0.00    0.0  0.000  0.000  0.017  0.004  0.000  0.013
23:26:59 871.03   21.3   26.4   1312    2.1    352    8.6    33.1   1.2   0.83   4.81    3.0     0.00   0.00    0.0  0.000  0.000  0.017  0.005  0.000  0.013
23:27:00 871.13   21.5   26.4   1311    1.7    353    8.6    33.3   1.4   0.83   4.88    4.0     0.00   0.00    0.0  0.000  0.000  0.017  0.004  0.000  0.013
23:27:01 871.02   21.6   26.4   1312    1.6    357    8.5    33.5   1.6   0.83   4.93    5.0     0.00   0.00    0.0  0.000  0.000  0.017  0.004  0.000  0.013
23:27:06 870.97   21.0   25.5   1313    2.9    357    8.5    32.8   0.6   0.82   4.58   10.0     0.00   0.00    0.0  0.000  0.000  0.017  0.004  0.000  0.013
23:27:07 871.30   19.4   25.7   1310    3.1    359    8.5    31.1  -0.8   0.80   4.12   11.0     0.00   0.00    0.0  0.000  0.000  0.017  0.004  0.000  0.013
23:27:08 870.97   19.4   25.8   1313    3.2    354    8.5    31.2  -0.6   0.81   4.16   12.0     0.00   0.00    0.0  0.000  0.000  0.017  0.004  0.000  0.013
23:27:09 870.99   18.8   25.4   1313    3.2    353    8.5    30.6  -1.3   0.80   3.93   13.0     0.00   0.00    0.0  0.000  0.000  0.017  0.004  0.000  0.013
23:27:10 871.22   18.8   25.8   1310    2.9    350    8.5    30.5  -1.2   0.80   3.97   14.0     0.00   0.00    0.0  0.000  0.000  0.017  0.004  0.000  0.013
23:27:11 871.02   18.6   25.5   1312    2.8    333    8.5    30.4  -1.5   0.80   3.89   15.0     0.00   0.00    0.0  0.000  0.000  0.017  0.005  0.000  0.013
23:27:13 870.96   18.9   26.1   1313    3.5    345    8.5    30.7  -0.9   0.80   4.08   17.0     0.00   0.00    0.0  0.000  0.000  0.017  0.004  0.000  0.013
23:27:16 871.06   19.7   26.5   1312    3.3    356    8.5    31.5   0.0   0.81   4.40   20.0     0.00   0.00    0.0  0.000  0.000  0.017  0.004  0.000  0.013
23:27:17 871.05   18.9   26.1   1312    3.8    348    8.5    30.6  -1.0   0.80   4.06   21.0     0.00   0.00    0.0  0.000  0.000  0.017  0.004  0.000  0.013
23:27:18 870.90   18.4   25.9   1313    4.8    325    8.5    30.1  -1.4   0.80   3.90   22.0     0.00   0.00    0.0  0.000  0.000  0.017  0.004  0.000  0.013
23:27:19 870.94   19.4   26.7   1313    4.6    348    8.5    31.2  -0.2   0.81   4.33   23.0     0.00   0.00    0.0  0.000  0.000  0.017  0.004  0.000  0.013
23:27:21 871.10   20.4   26.8   1311    3.5    343    8.5    32.2   0.7   0.82   4.64   25.0     0.00   0.00    0.0  0.000  0.000  0.017  0.004  0.000  0.013
23:27:23 870.94   19.4   26.3   1313    4.4      3    8.5    31.2  -0.4   0.81   4.25   27.0     0.00   0.00    0.0  0.000  0.000  0.017  0.004  0.000  0.013
23:27:25 871.02   19.0   26.2   1312    5.9    345    8.5    30.7  -0.8   0.80   4.11   29.0     0.00   0.00    0.0  0.000  0.000  0.017  0.004  0.000  0.013
23:27:26 871.05   18.9   26.3   1312    5.1     16    8.5    30.6  -0.8   0.80   4.10   30.0     0.00   0.00    0.0  0.000  0.000  0.017  0.004  0.000  0.013
23:27:27 870.92   19.6   26.9   1313    4.7    355    8.5    31.4   0.1   0.82   4.43   31.0     0.00   0.00    0.0  0.000  0.000  0.017  0.004  0.000  0.013
23:27:28 870.97   18.4   26.0   1313    4.9    360    8.5    30.1  -1.4   0.80   3.91   32.0     0.00   0.00    0.0  0.000  0.000  0.017  0.004  0.000  0.013
23:27:29 870.88   18.5   26.6   1314    5.7    356    8.5    30.3  -1.0   0.80   4.04   33.0     0.00   0.00    0.0  0.000  0.000  0.017  0.004  0.000  0.013
23:27:30 870.94   19.3   27.1   1313    5.1    351    8.5    31.1  -0.1   0.81   4.37   34.0     0.00   0.00    0.0  0.000  0.000  0.017  0.004  0.000  0.013
23:27:31 870.87   18.1   26.3   1314    4.7    340    8.5    29.9  -1.5   0.80   3.88   35.0     0.00   0.00    0.0  0.000  0.000  0.017  0.004  0.000  0.013
23:27:33 871.03   19.0   27.0   1312    4.2    340    8.5    30.7  -0.4   0.81   4.25   37.0     0.00   0.00    0.0  0.000  0.000  0.017  0.004  0.000  0.013
23:27:34 870.82   19.8   27.3   1314    3.9    347    8.5    31.6   0.4   0.82   4.53   38.0     0.00   0.00    0.0  0.000  0.000  0.017  0.004  0.000  0.013
23:27:35 870.80   18.4   26.5   1314    4.9    347    8.5    30.1  -1.2   0.80   3.99   39.0     0.00   0.00    0.0  0.000  0.000  0.017  0.004  0.000  0.013
23:27:36 870.87   19.5   27.3   1314    5.7    336    8.5    31.3   0.2   0.82   4.47   40.0     0.00   0.00    0.0  0.000  0.000  0.017  0.004  0.000  0.013
23:27:37 871.02   18.7   26.9   1312    5.1    354    8.5    30.4  -0.7   0.81   4.15   41.0     0.00   0.00    0.0  0.000  0.000  0.017  0.004  0.000  0.013
23:27:38 871.21   19.8   27.3   1310    5.0    354    8.5    31.6   0.5   0.82   4.55   42.0     0.00   0.00    0.0  0.000  0.000  0.017  0.004  0.000  0.012
23:27:39 871.06   20.2   27.3   1312    4.3    355    8.5    32.0   0.8   0.82   4.66   43.0     0.00   0.00    0.0  0.000  0.000  0.017  0.004  0.000  0.013
23:27:41 871.09   20.4   27.2   1312    3.3    345    8.5    32.2   0.9   0.82   4.71   45.0     0.00   0.00    0.0  0.000  0.000  0.017  0.004  0.000  0.012
23:27:43 870.94   19.6   26.8   1313    3.3    342    8.5    31.4   0.0   0.81   4.40   47.0     0.00   0.00    0.0  0.000  0.000  0.017  0.004  0.000  0.013
23:27:44 871.14   18.7   26.1   1311    3.8    333    8.5    30.5  -1.1   0.80   4.02   48.0     0.00   0.00    0.0  0.000  0.000  0.017  0.004  0.000  0.012
23:27:46 870.99   19.1   26.5   1313    4.3    333    8.5    30.9  -0.5   0.81   4.21   50.0     0.00   0.00    0.0  0.000  0.000  0.016  0.004  0.000  0.012
23:27:47 871.11   19.7   26.5   1311    3.6    329    8.5    31.5   0.0   0.81   4.40   51.0     0.00   0.00    0.0  0.000  0.000  0.016  0.004  0.000  0.012
23:27:48 870.83   19.8   26.7   1314    3.8    350    8.5    31.6   0.1   0.82   4.44   52.0     0.00   0.00    0.0  0.000  0.000  0.016  0.004  0.000  0.012
23:27:49 870.85   19.6   26.8   1314    3.9    353    8.5    31.4   0.0   0.81   4.40   53.0     0.00   0.00    0.0  0.000  0.000  0.016  0.004  0.000  0.012
23:27:50 871.04   19.0   26.4   1312    4.5    355    8.5    30.7  -0.7   0.81   4.14   54.0     0.00   0.00    0.0  0.000  0.000  0.016  0.004  0.000  0.012
23:27:51 870.94   19.1   26.6   1313    4.7    358    8.5    30.8  -0.5   0.81   4.20   55.0     0.00   0.00    0.0  0.000  0.000  0.016  0.004  0.000  0.012
23:27:52 871.13   19.7   26.9   1311    4.4    347    8.5    31.5   0.2   0.82   4.45   56.0     0.00   0.00    0.0  0.000  0.000  0.016  0.004  0.000  0.012
23:27:53 871.02   19.5   26.7   1312    3.7    334    8.5    31.3  -0.1   0.81   4.36   57.0     0.00   0.00    0.0  0.000  0.000  0.016  0.004  0.000  0.012
23:27:55 870.85   19.1   26.4   1314    3.2    336    8.5    30.9  -0.6   0.81   4.20   59.0     0.00   0.00    0.0  0.000  0.000  0.016  0.004  0.000  0.012
23:27:56 870.85   19.0   26.6   1314    2.6    343    8.5    30.8  -0.6   0.81   4.18   59.9     0.00   0.00    0.0  0.000  0.000  0.016  0.004  0.000  0.012
23:27:57 870.84   19.0   26.4   1314    2.6    340    8.5    30.8  -0.6   0.81   4.17   60.9     0.00   0.00    0.0  0.000  0.000  0.016  0.004  0.000  0.012
23:28:03 870.95   19.4   26.9   1313    4.2    324    8.5    31.1  -0.1   0.81   4.35   66.9     0.00   0.00    0.0  0.000  0.000  0.016  0.004  0.000  0.012
23:28:05 870.96   18.9   26.9   1313    3.4    318    8.5    30.6  -0.5   0.81   4.21   68.9     0.00   0.00    0.0  0.000  0.000  0.016  0.004  0.000  0.012
23:28:08 870.86   18.9   27.0   1314    3.1    326    8.5    30.7  -0.4   0.81   4.24   72.0     0.00   0.00    0.0  0.000  0.000  0.016  0.004  0.000  0.012
23:28:10 870.92   19.5   27.4   1313    3.2    321    8.5    31.3   0.2   0.82   4.47   73.9     0.00   0.00    0.0  0.000  0.000  0.016  0.004  0.000  0.012
23:28:11 871.23   19.3   27.3   1310    3.4    342    8.5    31.0  -0.0   0.81   4.39   74.9     0.00   0.00    0.0  0.000  0.000  0.016  0.004  0.000  0.012
23:28:12 871.21   19.4   27.2   1310    2.7    341    8.5    31.2   0.1   0.82   4.41   75.9     0.00   0.00    0.0  0.000  0.000  0.016  0.004  0.000  0.012
23:28:14 871.14   18.9   27.1   1311    3.3    332    8.5    30.6  -0.4   0.81   4.25   77.9     0.00   0.00    0.0  0.000  0.000  0.016  0.004  0.000  0.012
23:28:15 871.33   19.4   27.3   1309    3.2    323    8.5    31.2   0.2   0.82   4.44   78.9     0.00   0.00    0.0  0.000  0.000  0.016  0.004  0.000  0.012
23:28:17 871.42   19.3   27.5   1308    2.6    329    8.5    31.0   0.1   0.82   4.43   80.9     0.00   0.00    0.0  0.000  0.000  0.016  0.004  0.000  0.012
23:28:18 871.16   19.6   27.4   1311    2.1    333    8.5    31.3   0.3   0.82   4.50   81.9     0.00   0.00    0.0  0.000  0.000  0.016  0.004  0.000  0.012
23:28:19 870.92   19.8   27.8   1313    2.4    344    8.5    31.6   0.7   0.82   4.64   82.9     0.00   0.00    0.0  0.000  0.000  0.016  0.004  0.000  0.012
23:28:21 871.11   20.1   27.5   1311    2.1    342    8.5    31.8   0.8   0.82   4.66   84.9     0.00   0.00    0.0  0.000  0.000  0.016  0.004  0.000  0.012
23:28:22 870.92   19.3   27.1   1313    2.2    335    8.5    31.1  -0.0   0.81   4.38   85.9     0.00   0.00    0.0  0.000  0.000  0.016  0.004  0.000  0.012
23:28:23 871.26   20.0   27.5   1310    2.1    337    8.5    31.8   0.7   0.82   4.63   86.9     0.00   0.00    0.0  0.000  0.000  0.016  0.004  0.000  0.012
23:28:24 870.94   19.3   27.1   1313    2.1    341    8.5    31.1  -0.1   0.81   4.36   87.9     0.00   0.00    0.0  0.000  0.000  0.016  0.004  0.000  0.012
23:28:25 871.07   18.6   26.7   1312    2.1    328    8.5    30.3  -0.9   0.80   4.09   88.9     0.00   0.00    0.0  0.000  0.000  0.016  0.004  0.000  0.012
23:28:26 871.06   18.1   26.7   1312    2.6    326    8.5    29.8  -1.3   0.80   3.95   90.1     0.00   0.00    0.0  0.000  0.000  0.016  0.004  0.000  0.012
23:28:28 871.14   18.4   26.9   1311    2.5    345    8.5    30.1  -0.9   0.80   4.06   91.9     0.00   0.00    0.0  0.000  0.000  0.016  0.004  0.000  0.012
23:28:29 871.09   18.9   27.4   1312    2.5    336    8.5    30.6  -0.3   0.81   4.29   92.9     0.00   0.00    0.0  0.000  0.000  0.016  0.004  0.000  0.012
23:28:30 871.12   18.8   27.5   1311    2.2    340    8.5    30.6  -0.3   0.81   4.29   93.9     0.00   0.00    0.0  0.000  0.000  0.016  0.004  0.000  0.012
23:28:33 871.10   18.6   27.8   1311    2.5    322    8.5    30.3  -0.4   0.81   4.27   96.9     0.00   0.00    0.0  0.000  0.000  0.016  0.004  0.000  0.012
23:28:35 871.10   19.5   28.3   1311    2.6    348    8.5    31.2   0.6   0.82   4.60   98.9     0.00   0.00    0.0  0.000  0.000  0.016  0.004  0.000  0.012
23:28:37 871.18   19.5   28.4   1311    2.3    356    8.5    31.3   0.7   0.82   4.64  100.9     0.00   0.00    0.0  0.000  0.000  0.016  0.004  0.000  0.012
23:28:39 871.08   19.8   28.4   1312    2.5      3    8.5    31.6   1.0   0.83   4.72  102.9     0.00   0.00    0.0  0.000  0.000  0.016  0.004  0.000  0.012
23:28:43 871.02   18.6   28.2   1312    2.9    354    8.5    30.4  -0.1   0.81   4.35  106.9     0.00   0.00    0.0  0.000  0.000  0.016  0.004  0.000  0.012
23:28:44 871.23   18.9   28.3   1310    3.5    343    8.5    30.6   0.2   0.82   4.46  107.9     0.00   0.00    0.0  0.000  0.000  0.016  0.004  0.000  0.012
23:28:46 871.23   18.4   28.0   1310    3.5      3    8.5    30.1  -0.4   0.81   4.26  109.9     0.00   0.00    0.0  0.000  0.000  0.016  0.004  0.000  0.012
23:28:47 870.72   18.0   27.7   1315    3.3    354    8.5    29.7  -0.9   0.80   4.08  110.9     0.00   0.00    0.0  0.000  0.000  0.016  0.004  0.000  0.012
23:28:49 871.16   19.0   29.0   1311    3.1      1    8.5    30.8   0.6   0.82   4.59  112.9     0.00   0.00    0.0  0.000  0.000  0.016  0.004  0.000  0.012
23:28:50 871.18   18.5   28.7   1311    3.2    343    8.5    30.2   0.0   0.81   4.40  113.9     0.00   0.00    0.0  0.000  0.000  0.016  0.004  0.000  0.012
23:28:51 870.92   18.4   28.3   1313    3.2    350    8.5    30.1  -0.2   0.81   4.30  114.9     0.00   0.00    0.0  0.000  0.000  0.016  0.004  0.000  0.012
23:28:52 871.12   18.3   28.4   1311    3.3    357    8.5    30.0  -0.3   0.81   4.28  115.9     0.00   0.00    0.0  0.000  0.000  0.016  0.004  0.000  0.012
23:28:53 871.30   18.3   28.7   1309    3.1     14    8.5    30.0  -0.1   0.81   4.34  116.9     0.00   0.00    0.0  0.000  0.000  0.016  0.004  0.000  0.012
23:28:54 871.15   19.0   29.4   1311    3.0     16    8.5    30.7   0.8   0.82   4.65  117.9     0.00   0.00    0.0  0.000  0.000  0.016  0.004  0.000  0.012
23:28:56 871.03   18.6   28.9   1312    2.6    359    8.5    30.4   0.2   0.82   4.47  119.9     0.00   0.00    0.0  0.000  0.000  0.016  0.004  0.000  0.012
23:28:57 871.14   18.6   28.8   1311    2.5    353    8.5    30.3   0.2   0.82   4.45  120.9     0.00   0.00    0.0  0.000  0.000  0.016  0.004  0.000  0.012
23:28:58 871.33   18.9   29.4   1309    2.5    352    8.5    30.7   0.7   0.82   4.63  121.9     0.00   0.00    0.0  0.000  0.000  0.016  0.004  0.000  0.012
23:28:59 871.22   19.4   29.5   1310    2.6    351    8.5    31.1   1.2   0.83   4.78  122.9     0.00   0.00    0.0  0.000  0.000  0.016  0.004  0.000  0.012
23:29:00 871.28   19.5   29.5   1310    2.4    352    8.5    31.2   1.3   0.83   4.81  123.9     0.00   0.00    0.0  0.000  0.000  0.015  0.004  0.000  0.012
23:29:01 870.95   19.3   29.5   1313    2.4      4    8.5    31.1   1.1   0.83   4.76  124.9     0.00   0.00    0.0  0.000  0.000  0.016  0.004  0.000  0.012
23:29:02 871.23   19.6   29.9   1310    2.4     11    8.5    31.4   1.6   0.83   4.93  125.9     0.00   0.00    0.0  0.000  0.000  0.015  0.004  0.000  0.012
23:29:04 871.23   19.7   29.3   1310    2.1      8    8.5    31.5   1.4   0.83   4.85  127.9     0.00   0.00    0.0  0.000  0.000  0.015  0.004  0.000  0.012
23:29:06 871.01   19.5   28.9   1312    2.1    354    8.5    31.3   1.0   0.83   4.73  129.9     0.00   0.00    0.0  0.000  0.000  0.015  0.004  0.000  0.012
23:29:07 871.08   19.7   29.1   1312    1.9    349    8.5    31.5   1.2   0.83   4.81  130.9     0.00   0.00    0.0  0.000  0.000  0.015  0.004  0.000  0.012
23:29:08 871.24   19.8   29.0   1310    1.9    358    8.5    31.5   1.3   0.83   4.83  131.9     0.00   0.00    0.0  0.000  0.000  0.015  0.004  0.000  0.012
23:29:09 871.13   19.7   29.0   1311    2.3    345    8.5    31.4   1.2   0.83   4.78  132.9     0.00   0.00    0.0  0.000  0.000  0.015  0.004  0.000  0.012
23:29:10 870.85   19.8   29.0   1314    2.6    349    8.5    31.6   1.3   0.83   4.82  133.9     0.00   0.00    0.0  0.000  0.000  0.015  0.004  0.000  0.012
23:29:11 871.28   19.8   29.0   1310    2.6    344    8.5    31.5   1.3   0.83   4.82  134.9     0.00   0.00    0.0  0.000  0.000  0.015  0.004  0.000  0.012
23:29:12 871.09   19.7   28.7   1312    2.4    354    8.5    31.5   1.0   0.83   4.74  135.9     0.00   0.00    0.0  0.000  0.000  0.015  0.004  0.000  0.012
23:29:13 870.92   19.5   28.6   1313    2.6      3    8.5    31.3   0.8   0.82   4.67  136.9     0.00   0.00    0.0  0.000  0.000  0.015  0.004  0.000  0.012
23:29:15 870.94   19.1   28.5   1313    2.0    359    8.5    30.9   0.5   0.82   4.55  138.9     0.00   0.00    0.0  0.000  0.000  0.015  0.004  0.000  0.012
23:29:16 870.89   19.5   28.8   1314    2.2    356    8.5    31.3   0.9   0.82   4.70  139.9     0.00   0.00    0.0  0.000  0.000  0.015  0.004  0.000  0.012
23:29:17 870.80   19.8   29.4   1314    2.2    348    8.5    31.7   1.5   0.83   4.91  140.9     0.00   0.00    0.0  0.000  0.000  0.015  0.004  0.000  0.012
23:29:18 870.95   19.2   28.3   1313    2.4      4    8.5    31.0   0.4   0.82   4.54  141.9     0.00   0.00    0.0  0.000  0.000  0.015  0.004  0.000  0.012
23:29:20 871.28   18.6   28.4   1310    3.0    357    8.5    30.3  -0.1   0.81   4.37  143.9     0.00   0.00    0.0  0.000  0.000  0.015  0.004  0.000  0.011
23:29:21 871.19   18.4   28.6   1311    3.2    354    8.5    30.1  -0.2   0.81   4.34  144.9     0.00   0.00    0.0  0.000  0.000  0.015  0.004  0.000  0.011
23:29:22 871.12   18.7   28.7   1311    2.9      2    8.5    30.4   0.2   0.82   4.46  145.9     0.00   0.00    0.0  0.000  0.000  0.015  0.004  0.000  0.011
23:29:23 870.95   17.9   28.1   1313    2.9     21    8.5    29.6  -0.8   0.80   4.13  146.9     0.00   0.00    0.0  0.000  0.000  0.015  0.004  0.000  0.011
23:29:24 871.10   18.1   28.2   1311    2.8     28    8.5    29.9  -0.5   0.81   4.21  147.9     0.00   0.00    0.0  0.000  0.000  0.015  0.004  0.000  0.011
23:29:25 871.37   18.4   29.0   1309    2.9     16    8.5    30.1   0.1   0.82   4.41  148.9     0.00   0.00    0.0  0.000  0.000  0.015  0.004  0.000  0.011
23:29:26 870.95   18.7   29.1   1313    3.3     17    8.5    30.4   0.4   0.82   4.51  149.9     0.00   0.00    0.0  0.000  0.000  0.015  0.004  0.000  0.011
23:29:27 871.14   18.7   29.3   1311    3.8     10    8.5    30.4   0.5   0.82   4.55  150.9     0.00   0.00    0.0  0.000  0.000  0.015  0.004  0.000  0.011
23:29:28 871.22   18.9   29.4   1310    4.0     11    8.5    30.6   0.7   0.82   4.61  151.9     0.00   0.00    0.0  0.000  0.000  0.015  0.004  0.000  0.011
23:29:29 871.20   18.1   28.5   1311    3.7    358    8.5    29.8  -0.4   0.81   4.24  152.9     0.00   0.00    0.0  0.000  0.000  0.015  0.004  0.000  0.011
23:29:30 871.26   18.9   29.8   1310    3.4    356    8.5    30.7   0.9   0.82   4.70  153.9     0.00   0.00    0.0  0.000  0.000  0.015  0.004  0.000  0.011
23:29:34 871.15   19.1   29.4   1311    2.6    343    8.5    30.9   0.9   0.82   4.70  157.9     0.00   0.00    0.0  0.000  0.000  0.015  0.004  0.000  0.011
23:29:35 871.06   18.9   29.5   1312    2.2    344    8.5    30.7   0.7   0.82   4.64  158.9     0.00   0.00    0.0  0.000  0.000  0.015  0.004  0.000  0.011
23:29:36 871.21   18.9   29.2   1310    2.2    343    8.5    30.6   0.6   0.82   4.58  159.9     0.00   0.00    0.0  0.000  0.000  0.015  0.004  0.000  0.011
23:29:37 871.12   18.9   29.4   1311    2.5    355    8.5    30.6   0.7   0.82   4.63  160.8     0.00   0.00    0.0  0.000  0.000  0.015  0.004  0.000  0.011
23:29:41 870.88   18.8   29.0   1314    2.1    359    8.5    30.6   0.4   0.82   4.54  164.8     0.00   0.00    0.0  0.000  0.000  0.015  0.004  0.000  0.011
23:29:42 871.04   19.3   29.5   1312    1.9      2    8.5    31.0   1.0   0.83   4.74  165.8     0.00   0.00    0.0  0.000  0.000  0.015  0.004  0.000  0.011
23:29:43 871.22   19.9   29.8   1310    1.7    351    8.5    31.6   1.7   0.83   4.98  166.8     0.00   0.00    0.0  0.000  0.000  0.015  0.004  0.000  0.011
23:29:44 871.14   18.5   28.7   1311    1.5    317    8.5    30.2   0.0   0.81   4.40  167.8     0.00   0.00    0.0  0.000  0.000  0.015  0.004  0.000  0.011
23:29:45 871.12   18.9   28.9   1311    1.9    326    8.5    30.6   0.5   0.82   4.55  168.8     0.00   0.00    0.0  0.000  0.000  0.015  0.004  0.000  0.011
23:29:46 871.21   18.5   28.7   1310    2.5    338    8.5    30.2   0.0   0.81   4.40  169.8     0.00   0.00    0.0  0.000  0.000  0.015  0.004  0.000  0.011
23:29:47 871.23   18.7   28.6   1310    2.6    326    8.5    30.4   0.1   0.82   4.44  170.8     0.00   0.00    0.0  0.000  0.000  0.015  0.004  0.000  0.011
23:29:49 871.18   18.6   28.8   1311    2.8    339    8.5    30.3   0.1   0.82   4.44  172.8     0.00   0.00    0.0  0.000  0.000  0.015  0.004  0.000  0.011
23:29:50 871.20   18.4   28.9   1311    2.7      0    8.4    30.1   0.1   0.82   4.41  173.8     0.00   0.00    0.0  0.000  0.000  0.015  0.004  0.000  0.011
23:29:51 871.15   18.4   29.1   1311    2.8    334    8.4    30.1   0.1   0.82   4.42  174.8     0.00   0.00    0.0  0.000  0.000  0.015  0.004  0.000  0.011
23:29:52 871.13   18.5   29.2   1311    3.2    346    8.4    30.2   0.2   0.82   4.47  175.8     0.00   0.00    0.0  0.000  0.000  0.015  0.004  0.000  0.011
23:29:53 871.22   18.6   29.3   1310    2.9    341    8.5    30.3   0.3   0.82   4.50  176.8     0.00   0.00    0.0  0.000  0.000  0.015  0.004  0.000  0.011
23:29:54 871.10   18.8   29.4   1311    2.6    340    8.4    30.5   0.6   0.82   4.60  177.8     0.00   0.00    0.0  0.000  0.000  0.015  0.004  0.000  0.011
23:29:55 871.11   19.0   29.6   1311    2.4    335    8.4    30.7   0.9   0.82   4.68  178.8     0.00   0.00    0.0  0.000  0.000  0.015  0.004  0.000  0.011
23:29:59 871.23   19.7   30.3   1310    2.1    352    8.4    31.5   1.9   0.83   5.03  182.8     0.00   0.00    0.0  0.000  0.000  0.015  0.004  0.000  0.011
23:30:00 871.01   19.9   29.9   1312    2.0    360    8.4    31.7   1.8   0.83   5.00  183.8     0.00   0.00    0.0  0.000  0.000  0.015  0.004  0.000  0.011
23:30:01 871.28   19.5   29.5   1310    1.8    352    8.4    31.2   1.2   0.83   4.81  184.8     0.00   0.00    0.0  0.000  0.000  0.015  0.004  0.000  0.011
23:30:02 871.15   19.6   29.6   1311    1.4    351    8.4    31.4   1.4   0.83   4.86  185.8     0.00   0.00    0.0  0.000  0.000  0.015  0.004  0.000  0.011
23:30:03 871.16   19.8   29.7   1311    1.5    356    8.4    31.5   1.6   0.83   4.93  186.8     0.00   0.00    0.0  0.000  0.000  0.015  0.004  0.000  0.011
23:30:04 870.99   19.1   29.0   1313    1.8      4    8.4    30.9   0.7   0.82   4.62  187.8     0.00   0.00    0.0  0.000  0.000  0.015  0.004  0.000  0.011
23:30:05 871.25   19.6   29.4   1310    1.8    356    8.4    31.4   1.3   0.83   4.83  188.8     0.00   0.00    0.0  0.000  0.000  0.015  0.004  0.000  0.011
23:30:06 871.22   19.2   29.1   1310    1.7    352    8.4    30.9   0.8   0.82   4.65  189.8     0.00   0.00    0.0  0.000  0.000  0.015  0.004  0.000  0.011
23:30:07 870.93   19.1   28.9   1313    1.6    349    8.4    30.9   0.6   0.82   4.60  190.8     0.00   0.00    0.0  0.000  0.000  0.015  0.004  0.000  0.011
23:30:08 871.08   18.9   28.9   1312    1.6    340    8.4    30.6   0.4   0.82   4.54  191.8     0.00   0.00    0.0  0.000  0.000  0.015  0.004  0.000  0.011
23:30:09 871.07   18.5   28.7   1312    1.9    332    8.4    30.2   0.0   0.81   4.40  192.8     0.00   0.00    0.0  0.000  0.000  0.015  0.004  0.000  0.011
23:30:10 871.08   18.7   29.0   1312    2.1    330    8.4    30.5   0.4   0.82   4.52  193.8     0.00   0.00    0.0  0.000  0.000  0.015  0.004  0.000  0.011
23:30:11 870.99   19.1   29.3   1313    2.6    340    8.4    30.8   0.8   0.82   4.67  194.8     0.00   0.00    0.0  0.000  0.000  0.015  0.004  0.000  0.011
23:30:12 870.97   19.3   29.6   1313    2.7    349    8.4    31.0   1.1   0.83   4.77  195.8     0.00   0.00    0.0  0.000  0.000  0.015  0.004  0.000  0.011
23:30:13 870.91   19.0   29.2   1313    2.8    352    8.4    30.7   0.7   0.82   4.62  196.8     0.00   0.00    0.0  0.000  0.000  0.015  0.004  0.000  0.011
23:30:14 871.30   18.9   29.3   1310    2.7      4    8.4    30.6   0.7   0.82   4.61  197.8     0.00   0.00    0.0  0.000  0.000  0.015  0.004  0.000  0.011
23:30:15 871.22   19.3   29.3   1310    2.5      1    8.4    31.1   1.0   0.83   4.73  198.8     0.00   0.00    0.0  0.000  0.000  0.015  0.004  0.000  0.011
23:30:18 871.30   18.2   28.8   1310    3.1     12    8.4    29.9  -0.1   0.81   4.34  201.8     0.00   0.00    0.0  0.000  0.000  0.015  0.004  0.000  0.011
23:30:19 870.99   18.6   29.2   1313    3.2    359    8.4    30.4   0.4   0.82   4.52  202.8     0.00   0.00    0.0  0.000  0.000  0.015  0.004  0.000  0.011
23:30:20 871.14   18.6   29.2   1311    2.6    350    8.4    30.3   0.3   0.82   4.50  203.8     0.00   0.00    0.0  0.000  0.000  0.015  0.004  0.000  0.011
23:30:21 871.17   18.9   29.5   1311    2.6    354    8.4    30.6   0.7   0.82   4.63  204.8     0.00   0.00    0.0  0.000  0.000  0.015  0.004  0.000  0.011
23:30:22 871.01   19.0   29.9   1312    2.3    350    8.4    30.7   1.0   0.83   4.72  205.8     0.00   0.00    0.0  0.000  0.000  0.015  0.004  0.000  0.011
23:30:23 871.09   19.3   29.9   1312    2.1    344    8.4    31.1   1.3   0.83   4.83  206.8     0.00   0.00    0.0  0.000  0.000  0.015  0.004  0.000  0.011
23:30:24 871.05   19.0   29.4   1312    1.7    359    8.4    30.7   0.8   0.82   4.65  207.8     0.00   0.00    0.0  0.000  0.000  0.015  0.004  0.000  0.011
23:30:25 871.24   19.0   29.4   1310    1.7      1    8.4    30.7   0.8   0.82   4.64  208.8     0.00   0.00    0.0  0.000  0.000  0.015  0.004  0.000  0.011
23:30:27 871.25   19.0   29.4   1310    1.6    350    8.4    30.8   0.8   0.82   4.66  210.8     0.00   0.00    0.0  0.000  0.000  0.015  0.004  0.000  0.011
23:30:28 870.82   19.3   29.6   1314    1.7    341    8.4    31.1   1.1   0.83   4.77  211.8     0.00   0.00    0.0  0.000  0.000  0.015  0.004  0.000  0.011
23:30:29 871.04   19.2   29.2   1312    1.6    336    8.4    30.9   0.9   0.82   4.68  212.8     0.00   0.00    0.0  0.000  0.000  0.015  0.004  0.000  0.011
23:30:31 871.05   18.6   29.0   1312    1.3    322    8.4    30.3   0.3   0.82   4.48  214.8     0.00   0.00    0.0  0.000  0.000  0.015  0.004  0.000  0.011
23:30:32 871.28   18.9   29.2   1310    1.6    339    8.4    30.7   0.7   0.82   4.61  215.8     0.00   0.00    0.0  0.000  0.000  0.015  0.004  0.000  0.011
23:30:33 871.03   18.8   29.2   1312    2.1    326    8.4    30.5   0.5   0.82   4.57  216.8     0.00   0.00    0.0  0.000  0.000  0.014  0.004  0.000  0.011
23:30:34 871.30   18.3   29.0   1309    2.6    339    8.4    30.0   0.0   0.81   4.40  217.8     0.00   0.00    0.0  0.000  0.000  0.015  0.004  0.000  0.011
23:30:35 871.33   18.7   29.4   1309    2.8    360    8.4    30.4   0.5   0.82   4.57  218.8     0.00   0.00    0.0  0.000  0.000  0.015  0.004  0.000  0.011
23:30:36 871.26   18.3   28.9   1310    2.7      4    8.4    30.0  -0.1   0.81   4.37  219.8     0.00   0.00    0.0  0.000  0.000  0.014  0.004  0.000  0.011
23:30:37 871.28   17.8   28.5   1310    2.7    354    8.4    29.4  -0.7   0.81   4.14  220.8     0.00   0.00    0.0  0.000  0.000  0.014  0.004  0.000  0.011
23:30:40 871.25   18.1   28.9   1310    2.4    350    8.4    29.8  -0.2   0.81   4.32  223.8     0.00   0.00    0.0  0.000  0.000  0.014  0.004  0.000  0.011
23:30:42 871.09   18.3   29.4   1312    2.3    357    8.4    30.1   0.2   0.82   4.46  225.8     0.00   0.00    0.0  0.000  0.000  0.014  0.004  0.000  0.011
23:30:43 871.21   18.6   29.5   1310    2.1    353    8.4    30.3   0.5   0.82   4.54  226.8     0.00   0.00    0.0  0.000  0.000  0.014  0.004  0.000  0.011
23:30:44 870.84   17.9   29.0   1314    1.9    356    8.4    29.6  -0.3   0.81   4.27  227.8     0.00   0.00    0.0  0.000  0.000  0.014  0.004  0.000  0.011
23:30:45 870.95   18.2   29.2   1313    1.9      0    8.4    29.9  -0.0   0.81   4.38  228.8     0.00   0.00    0.0  0.000  0.000  0.014  0.004  0.000  0.011
23:30:46 870.98   18.4   29.3   1313    2.4    342    8.4    30.1   0.2   0.82   4.47  229.8     0.00   0.00    0.0  0.000  0.000  0.014  0.004  0.000  0.011
23:30:47 870.85   18.2   29.4   1314    2.5    339    8.4    30.0   0.1   0.82   4.43  230.8     0.00   0.00    0.0  0.000  0.000  0.014  0.004  0.000  0.011
23:30:48 871.08   17.8   28.8   1312    2.6    344    8.4    29.5  -0.5   0.81   4.20  231.8     0.00   0.00    0.0  0.000  0.000  0.014  0.004  0.000  0.011
23:30:49 871.32   17.8   28.9   1309    2.8    354    8.4    29.5  -0.4   0.81   4.23  232.8     0.00   0.00    0.0  0.000  0.000  0.014  0.004  0.000  0.011
23:30:50 871.10   17.6   28.9   1312    2.9    355    8.4    29.3  -0.6   0.81   4.18  233.8     0.00   0.00    0.0  0.000  0.000  0.014  0.004  0.000  0.011
23:30:51 870.92   17.9   29.3   1313    2.8      2    8.4    29.6  -0.3   0.81   4.30  234.8     0.00   0.00    0.0  0.000  0.000  0.014  0.004  0.000  0.011
23:30:52 871.05   17.9   29.3   1312    2.8     13    8.4    29.6  -0.2   0.81   4.32  235.8     0.00   0.00    0.0  0.000  0.000  0.014  0.004  0.000  0.011
23:30:55 871.17   18.0   29.4   1311    2.3      7    8.4    29.7  -0.1   0.81   4.36  238.8     0.00   0.00    0.0  0.000  0.000  0.014  0.004  0.000  0.011
23:30:56 871.35   18.2   29.8   1309    2.3    355    8.4    29.9   0.3   0.82   4.49  239.8     0.00   0.00    0.0  0.000  0.000  0.014  0.004  0.000  0.011
23:30:57 871.12   18.1   29.5   1311    2.1    352    8.4    29.9   0.1   0.82   4.42  240.8     0.00   0.00    0.0  0.000  0.000  0.014  0.004  0.000  0.011
23:30:58 871.35   18.3   29.4   1309    2.0    343    8.4    30.0   0.2   0.82   4.45  241.8     0.00   0.00    0.0  0.000  0.000  0.014  0.004  0.000  0.011
23:31:00 871.03   18.2   29.3   1312    1.7    359    8.4    29.9   0.1   0.82   4.42  243.8     0.00   0.00    0.0  0.000  0.000  0.014  0.004  0.000  0.011
23:31:01 870.94   18.5   29.7   1313    1.6    354    8.4    30.3   0.5   0.82   4.57  244.8     0.00   0.00    0.0  0.000  0.000  0.014  0.004  0.000  0.011
23:31:02 871.02   18.5   29.6   1312    1.4    333    8.4    30.2   0.4   0.82   4.54  245.8     0.00   0.00    0.0  0.000  0.000  0.014  0.004  0.000  0.011
23:31:03 871.07   18.4   29.5   1312    1.3    337    8.4    30.1   0.3   0.82   4.49  246.8     0.00   0.00    0.0  0.000  0.000  0.014  0.004  0.000  0.011
23:31:04 870.93   18.7   29.7   1313    1.2    346    8.4    30.4   0.6   0.82   4.60  247.8     0.00   0.00    0.0  0.000  0.000  0.014  0.004  0.000  0.011
23:31:05 870.94   18.4   29.3   1313    1.2    336    8.4    30.1   0.2   0.82   4.47  248.8     0.00   0.00    0.0  0.000  0.000  0.014  0.004  0.000  0.011
23:31:06 871.08   18.6   29.6   1312    1.4    343    8.4    30.4   0.6   0.82   4.59  249.8     0.00   0.00    0.0  0.000  0.000  0.014  0.004  0.000  0.011
23:31:09 870.92   18.5   29.6   1313    2.3    340    8.4    30.3   0.5   0.82   4.55  252.8     0.00   0.00    0.0  0.000  0.000  0.014  0.004  0.000  0.011
23:31:10 871.14   18.1   29.0   1311    2.4    345    8.4    29.9  -0.1   0.81   4.34  253.8     0.00   0.00    0.0  0.000  0.000  0.014  0.004  0.000  0.011
23:31:11 871.07   18.3   29.3   1312    2.4    360    8.4    30.0   0.1   0.82   4.44  254.8     0.00   0.00    0.0  0.000  0.000  0.014  0.004  0.000  0.011
23:31:13 871.18   18.3   29.5   1311    2.3      8    8.4    30.0   0.2   0.82   4.46  256.8     0.00   0.00    0.0  0.000  0.000  0.014  0.004  0.000  0.011
23:31:15 871.12   18.0   28.7   1311    2.4    352    8.4    29.7  -0.4   0.81   4.24  258.8     0.00   0.00    0.0  0.000  0.000  0.014  0.004  0.000  0.011
23:31:16 870.95   18.3   29.0   1313    2.4    346    8.4    30.1   0.0   0.81   4.40  259.8     0.00   0.00    0.0  0.000  0.000  0.014  0.004  0.000  0.011
23:31:17 871.15   18.0   29.0   1311    2.5    348    8.4    29.7  -0.2   0.81   4.31  260.8     0.00   0.00    0.0  0.000  0.000  0.014  0.004  0.000  0.011
23:31:18 870.92   18.1   28.7   1313    2.4    354    8.4    29.9  -0.3   0.81   4.29  261.8     0.00   0.00    0.0  0.000  0.000  0.014  0.004  0.000  0.011
23:31:19 870.74   18.3   28.9   1315    2.4      6    8.4    30.0  -0.1   0.81   4.37  262.8     0.00   0.00    0.0  0.000  0.000  0.014  0.004  0.000  0.011
23:31:20 871.19   18.2   29.1   1311    2.4      6    8.4    29.9  -0.0   0.81   4.39  263.7     0.00   0.00    0.0  0.000  0.000  0.014  0.004  0.000  0.011
23:31:21 871.06   18.6   29.5   1312    2.5      6    8.4    30.4   0.5   0.82   4.57  264.7     0.00   0.00    0.0  0.000  0.000  0.014  0.004  0.000  0.010
23:31:22 871.31   18.6   29.2   1309    2.5    357    8.4    30.3   0.3   0.82   4.49  265.7     0.00   0.00    0.0  0.000  0.000  0.014  0.004  0.000  0.011
23:31:23 871.08   18.7   29.4   1312    2.4    358    8.4    30.4   0.5   0.82   4.57  266.7     0.00   0.00    0.0  0.000  0.000  0.014  0.004  0.000  0.011
23:31:24 870.88   18.7   29.3   1314    2.4      0    8.4    30.4   0.5   0.82   4.55  267.7     0.00   0.00    0.0  0.000  0.000  0.014  0.004  0.000  0.011
23:31:25 870.95   18.6   29.1   1313    2.4      6    8.4    30.3   0.2   0.82   4.47  268.7     0.00   0.00    0.0  0.000  0.000  0.014  0.004  0.000  0.010
23:31:26 871.14   18.6   29.3   1311    2.6     16    8.4    30.3   0.4   0.82   4.52  269.7     0.00   0.00    0.0  0.000  0.000  0.014  0.004  0.000  0.010
23:31:28 871.05   18.4   28.8   1312    2.8    360    8.4    30.1  -0.0   0.81   4.38  271.7     0.00   0.00    0.0  0.000  0.000  0.014  0.004  0.000  0.011
23:31:29 871.16   18.4   28.8   1311    2.9     20    8.4    30.2   0.0   0.81   4.40  272.7     0.00   0.00    0.0  0.000  0.000  0.014  0.004  0.000  0.010
23:31:30 871.07   18.5   29.0   1312    2.7     16    8.4    30.2   0.2   0.82   4.45  273.7     0.00   0.00    0.0  0.000  0.000  0.014  0.004  0.000  0.011
23:31:31 870.91   18.7   28.9   1313    2.5      9    8.4    30.4   0.3   0.82   4.48  274.7     0.00   0.00    0.0  0.000  0.000  0.014  0.004  0.000  0.010
23:31:33 871.25   18.6   29.4   1310    2.7      0    8.4    30.4   0.5   0.82   4.55  276.7     0.00   0.00    0.0  0.000  0.000  0.014  0.004  0.000  0.010
23:31:34 870.91   18.7   29.3   1313    2.5    356    8.4    30.4   0.4   0.82   4.54  277.7     0.00   0.00    0.0  0.000  0.000  0.014  0.004  0.000  0.010
23:31:37 871.05   18.4   29.3   1312    2.7     16    8.4    30.2   0.3   0.82   4.48  280.7     0.00   0.00    0.0  0.000  0.000  0.014  0.004  0.000  0.010
23:31:39 870.99   18.4   29.1   1313    2.8      7    8.4    30.1   0.1   0.82   4.44  282.7     0.00   0.00    0.0  0.000  0.000  0.014  0.004  0.000  0.010
23:31:40 871.22   18.5   29.1   1310    2.7      6    8.4    30.2   0.2   0.82   4.45  283.7     0.00   0.00    0.0  0.000  0.000  0.014  0.004  0.000  0.010
23:31:44 871.18   18.5   29.4   1311    2.4      2    8.4    30.2   0.3   0.82   4.50  287.7     0.00   0.00    0.0  0.000  0.000  0.014  0.004  0.000  0.010
23:31:46 871.17   19.4   30.8   1311    2.1    350    8.4    31.1   1.7   0.83   4.99  289.7     0.00   0.00    0.0  0.000  0.000  0.014  0.004  0.000  0.010
23:31:47 871.08   18.2   28.9   1312    2.0    345    8.4    29.9  -0.2   0.81   4.33  290.7     0.00   0.00    0.0  0.000  0.000  0.014  0.004  0.000  0.010
23:31:48 871.25   18.3   28.6   1310    1.9    355    8.4    30.0  -0.2   0.81   4.33  291.7     0.00   0.00    0.0  0.000  0.000  0.014  0.004  0.000  0.010
23:31:49 871.02   18.4   28.9   1312    2.1    356    8.4    30.1  -0.0   0.81   4.39  292.7     0.00   0.00    0.0  0.000  0.000  0.014  0.004  0.000  0.010
23:31:50 871.15   17.9   28.6   1311    2.3    343    8.4    29.6  -0.5   0.81   4.21  293.7     0.00   0.00    0.0  0.000  0.000  0.014  0.004  0.000  0.010
23:31:51 871.16   18.4   28.9   1311    2.3    348    8.4    30.1   0.0   0.81   4.40  294.7     0.00   0.00    0.0  0.000  0.000  0.014  0.004  0.000  0.010
23:31:52 871.01   18.1   28.9   1312    2.4    341    8.4    29.9  -0.2   0.81   4.32  295.7     0.00   0.00    0.0  0.000  0.000  0.014  0.004  0.000  0.010
23:31:54 871.14   18.5   29.0   1311    2.8    350    8.4    30.2   0.2   0.82   4.44  297.7     0.00   0.00    0.0  0.000  0.000  0.014  0.004  0.000  0.010
23:31:55 870.88   18.4   28.9   1314    2.8    349    8.4    30.2   0.1   0.82   4.41  298.7     0.00   0.00    0.0  0.000  0.000  0.014  0.004  0.000  0.010
23:31:56 871.28   18.5   29.0   1310    2.4    355    8.4    30.2   0.2   0.82   4.46  299.7     0.00   0.00    0.0  0.000  0.000  0.014  0.004  0.000  0.010
23:31:58 870.89   19.0   29.5   1314    2.4    351    8.4    30.8   0.9   0.82   4.69  301.7     0.00   0.00    0.0  0.000  0.000  0.014  0.004  0.000  0.010
23:31:59 871.15   18.8   29.1   1311    2.4    356    8.4    30.5   0.5   0.82   4.54  302.7     0.00   0.00    0.0  0.000  0.000  0.014  0.004  0.000  0.010
23:32:00 871.10   18.8   29.1   1311    2.4    346    8.4    30.6   0.5   0.82   4.55  303.7     0.00   0.00    0.0  0.000  0.000  0.014  0.004  0.000  0.010
23:32:01 871.26   19.0   29.3   1310    2.3    354    8.4    30.7   0.7   0.82   4.62  304.7     0.00   0.00    0.0  0.000  0.000  0.014  0.004  0.000  0.010
23:32:02 871.36   19.2   29.2   1309    2.2    360    8.4    30.9   0.8   0.82   4.67  305.7     0.00   0.00    0.0  0.000  0.000  0.014  0.004  0.000  0.010
23:32:03 870.96   19.3   29.5   1313    2.1      1    8.4    31.1   1.1   0.83   4.76  306.7     0.00   0.00    0.0  0.000  0.000  0.014  0.004  0.000  0.010
23:32:04 871.20   19.5   29.6   1311    2.0    357    8.4    31.2   1.3   0.83   4.82  307.7     0.00   0.00    0.0  0.000  0.000  0.014  0.004  0.000  0.010
23:32:05 871.08   19.5   29.3   1312    2.0    358    8.4    31.3   1.2   0.83   4.80  308.7     0.00   0.00    0.0  0.000  0.000  0.014  0.004  0.000  0.010
23:32:06 871.09   20.0   29.4   1312    2.1    345    8.4    31.7   1.6   0.83   4.95  309.7     0.00   0.00    0.0  0.000  0.000  0.014  0.004  0.000  0.010
23:32:07 870.90   19.6   28.8   1313    1.9    346    8.4    31.4   1.1   0.83   4.75  310.7     0.00   0.00    0.0  0.000  0.000  0.014  0.004  0.000  0.010
23:32:08 870.92   20.0   29.1   1313    2.0    354    8.4    31.8   1.5   0.83   4.90  311.7     0.00   0.00    0.0  0.000  0.000  0.014  0.004  0.000  0.010
23:32:09 871.06   19.7   28.9   1312    1.9    354    8.4    31.5   1.2   0.83   4.79  312.7     0.00   0.00    0.0  0.000  0.000  0.014  0.004  0.000  0.010
23:32:10 871.14   19.9   28.8   1311    1.9    340    8.4    31.6   1.3   0.83   4.82  313.7     0.00   0.00    0.0  0.000  0.000  0.014  0.004  0.000  0.010
23:32:12 871.27   20.2   29.0   1310    1.7    335    8.4    32.0   1.7   0.83   4.96  315.7     0.00   0.00    0.0  0.000  0.000  0.014  0.004  0.000  0.010
23:32:13 871.15   20.3   29.1   1311    1.7    346    8.4    32.1   1.8   0.83   5.01  316.7     0.00   0.00    0.0  0.000  0.000  0.014  0.004  0.000  0.010
23:32:17 871.21   19.5   27.6   1310    1.8    313    8.4    31.2   0.3   0.82   4.50  320.7     0.00   0.00    0.0  0.000  0.000  0.014  0.004  0.000  0.010
23:32:18 870.94   18.9   27.8   1313    1.8    305    8.4    30.7  -0.1   0.81   4.37  321.7     0.00   0.00    0.0  0.000  0.000  0.014  0.004  0.000  0.010
23:32:19 871.07   19.5   28.5   1312    2.0    344    8.4    31.3   0.8   0.82   4.67  322.7     0.00   0.00    0.0  0.000  0.000  0.014  0.004  0.000  0.010
23:32:20 870.99   19.2   28.4   1313    1.9    330    8.4    31.0   0.5   0.82   4.57  323.7     0.00   0.00    0.0  0.000  0.000  0.014  0.004  0.000  0.010
23:32:21 871.34   19.7   28.7   1309    2.0    315    8.4    31.5   1.1   0.83   4.76  324.7     0.00   0.00    0.0  0.000  0.000  0.014  0.004  0.000  0.010
23:32:22 871.05   19.6   28.8   1312    2.1    300    8.4    31.4   1.1   0.83   4.75  325.7     0.00   0.00    0.0  0.000  0.000  0.014  0.004  0.000  0.010
23:32:23 870.97   19.6   28.7   1313    2.1    319    8.4    31.4   1.0   0.83   4.73  326.7     0.00   0.00    0.0  0.000  0.000  0.014  0.004  0.000  0.010
23:32:25 871.03   19.4   28.3   1312    2.8    318    8.4    31.2   0.6   0.82   4.59  328.7     0.00   0.00    0.0  0.000  0.000  0.014  0.004  0.000  0.010
23:32:26 871.02   19.1   28.2   1312    3.1    300    8.4    30.9   0.3   0.82   4.50  329.7     0.00   0.00    0.0  0.000  0.000  0.014  0.004  0.000  0.010
23:32:27 871.21   19.3   28.4   1310    3.0    298    8.4    31.1   0.6   0.82   4.58  330.7     0.00   0.00    0.0  0.000  0.000  0.014  0.004  0.000  0.010
23:32:28 871.11   19.5   28.7   1311    3.1    326    8.4    31.3   0.9   0.82   4.70  331.7     0.00   0.00    0.0  0.000  0.000  0.014  0.004  0.000  0.010
23:32:29 871.18   19.0   28.5   1311    3.1    295    8.4    30.8   0.4   0.82   4.51  332.7     0.00   0.00    0.0  0.000  0.000  0.014  0.004  0.000  0.010
23:32:30 870.96   18.6   27.7   1313    3.4    307    8.4    30.4  -0.3   0.81   4.28  333.7     0.00   0.00    0.0  0.000  0.000  0.014  0.004  0.000  0.010
23:32:32 871.16   18.6   28.2   1311    4.7    327    8.4    30.3  -0.1   0.81   4.34  335.7     0.00   0.00    0.0  0.000  0.000  0.014  0.004  0.000  0.010
23:32:33 871.12   17.9   27.7   1311    4.3    299    8.4    29.6  -1.0   0.80   4.04  336.7     0.00   0.00    0.0  0.000  0.000  0.014  0.004  0.000  0.010
23:32:34 870.95   17.8   27.9   1313    4.2    294    8.4    29.5  -1.0   0.80   4.04  337.7     0.00   0.00    0.0  0.000  0.000  0.013  0.004  0.000  0.010
23:32:35 870.88   18.3   28.5   1314    4.4    305    8.4    30.0  -0.3   0.81   4.30  338.7     0.00   0.00    0.0  0.000  0.000  0.014  0.004  0.000  0.010
23:32:36 871.24   17.9   28.5   1310    4.1    307    8.4    29.6  -0.6   0.81   4.18  339.7     0.00   0.00    0.0  0.000  0.000  0.014  0.004  0.000  0.010
23:32:37 871.07   18.1   28.5   1312    4.0    292    8.4    29.8  -0.4   0.81   4.24  340.7     0.00   0.00    0.0  0.000  0.000  0.013  0.004  0.000  0.010
23:32:38 871.09   18.8   29.2   1312    4.0    318    8.4    30.5   0.5   0.82   4.56  341.7     0.00   0.00    0.0  0.000  0.000  0.013  0.004  0.000  0.010
23:32:39 871.27   18.9   29.4   1310    3.7    318    8.4    30.6   0.7   0.82   4.62  342.7     0.00   0.00    0.0  0.000  0.000  0.013  0.004  0.000  0.010
23:32:40 870.89   17.9   28.5   1314    3.3    284    8.4    29.6  -0.6   0.81   4.18  343.7     0.00   0.00    0.0  0.000  0.000  0.013  0.004  0.000  0.010
23:32:42 870.97   18.6   29.4   1313    3.5    309    8.4    30.3   0.4   0.82   4.53  345.7     0.00   0.00    0.0  0.000  0.000  0.013  0.004  0.000  0.010
23:32:43 871.09   19.0   29.6   1312    3.1    321    8.4    30.7   0.8   0.82   4.67  346.7     0.00   0.00    0.0  0.000  0.000  0.013  0.004  0.000  0.010
23:32:44 871.20   18.6   29.3   1310    2.9    312    8.4    30.3   0.4   0.82   4.51  347.7     0.00   0.00    0.0  0.000  0.000  0.013  0.004  0.000  0.010
23:32:46 870.96   17.8   28.7   1313    3.4    299    8.4    29.5  -0.6   0.81   4.19  349.7     0.00   0.00    0.0  0.000  0.000  0.013  0.004  0.000  0.010
23:32:47 870.94   17.9   28.9   1313    3.7    289    8.4    29.7  -0.4   0.81   4.26  350.7     0.00   0.00    0.0  0.000  0.000  0.013  0.004  0.000  0.010
23:32:48 871.20   18.0   29.1   1311    3.8    278    8.4    29.7  -0.2   0.81   4.31  351.7     0.00   0.00    0.0  0.000  0.000  0.013  0.004  0.000  0.010
23:32:49 871.31   18.0   29.1   1309    3.5    302    8.4    29.7  -0.2   0.81   4.32  352.7     0.00   0.00    0.0  0.000  0.000  0.013  0.004  0.000  0.010
23:32:51 871.11   18.8   29.7   1311    3.0    330    8.4    30.6   0.8   0.82   4.65  354.7     0.00   0.00    0.0  0.000  0.000  0.013  0.004  0.000  0.010
23:32:53 871.23   18.8   29.6   1310    2.3    310    8.4    30.5   0.7   0.82   4.62  356.7     0.00   0.00    0.0  0.000  0.000  0.013  0.004  0.000  0.010
23:32:54 871.19   18.4   29.2   1311    2.5    313    8.4    30.2   0.2   0.82   4.47  357.7     0.00   0.00    0.0  0.000  0.000  0.013  0.004  0.000  0.010
23:32:55 871.04   18.8   29.2   1312    2.5    316    8.4    30.5   0.5   0.82   4.56  358.7     0.00   0.00    0.0  0.000  0.000  0.013  0.004  0.000  0.010
23:32:56 871.27   18.6   29.2   1310    2.2    320    8.4    30.3   0.4   0.82   4.51  359.7     0.00   0.00    0.0  0.000  0.000  0.013  0.004  0.000  0.010
23:32:58 871.27   18.0   28.7   1310    2.3    330    8.4    29.7  -0.4   0.81   4.26  361.7     0.00   0.00    0.0  0.000  0.000  0.013  0.004  0.000  0.010
23:32:59 871.21   18.3   28.8   1310    2.3    308    8.4    30.1  -0.0   0.81   4.38  362.7     0.00   0.00    0.0  0.000  0.000  0.013  0.004  0.000  0.010
23:33:00 871.06   18.7   29.2   1312    2.1    329    8.4    30.4   0.4   0.82   4.53  363.6     0.00   0.00    0.0  0.000  0.000  0.013  0.004  0.000  0.010
23:33:03 870.93   18.1   28.3   1313    2.5    298    8.4    29.8  -0.5   0.81   4.20  366.6     0.00   0.00    0.0  0.000  0.000  0.013  0.004  0.000  0.010
23:33:04 870.92   17.8   28.4   1313    3.2    305    8.4    29.5  -0.7   0.81   4.14  367.6     0.00   0.00    0.0  0.000  0.000  0.013  0.004  0.000  0.010
23:33:06 871.04   17.7   28.6   1312    3.9    295    8.4    29.4  -0.7   0.81   4.15  369.6     0.00   0.00    0.0  0.000  0.000  0.013  0.004  0.000  0.010
23:33:07 870.92   17.6   28.6   1313    3.8    306    8.4    29.3  -0.8   0.80   4.11  370.6     0.00   0.00    0.0  0.000  0.000  0.013  0.004  0.000  0.010
23:33:09 870.94   17.5   28.6   1313    3.8    300    8.4    29.2  -0.9   0.80   4.08  372.6     0.00   0.00    0.0  0.000  0.000  0.013  0.004  0.000  0.010
23:33:10 870.80   17.6   28.8   1314    3.7    297    8.4    29.3  -0.7   0.81   4.14  373.6     0.00   0.00    0.0  0.000  0.000  0.013  0.004  0.000  0.010
23:33:11 870.81   17.4   28.9   1314    3.3    278    8.4    29.1  -0.8   0.80   4.11  374.6     0.00   0.00    0.0  0.000  0.000  0.013  0.004  0.000  0.010
23:33:12 870.90   17.8   29.5   1313    3.2    288    8.4    29.5  -0.2   0.81   4.32  375.6     0.00   0.00    0.0  0.000  0.000  0.013  0.004  0.000  0.010
23:33:13 870.79   18.2   29.7   1315    3.3    313    8.4    30.0   0.3   0.82   4.48  376.6     0.00   0.00    0.0  0.000  0.000  0.013  0.004  0.000  0.010
23:33:14 870.82   17.7   29.2   1314    3.0    279    8.4    29.4  -0.4   0.81   4.25  377.6     0.00   0.00    0.0  0.000  0.000  0.013  0.004  0.000  0.010
23:33:16 870.83   18.4   29.8   1314    3.1    317    8.4    30.2   0.5   0.82   4.56  379.6     0.00   0.00    0.0  0.000  0.000  0.013  0.004  0.000  0.010
23:33:17 870.75   17.4   28.9   1315    3.1    310    8.4    29.1  -0.9   0.80   4.09  380.6     0.00   0.00    0.0  0.000  0.000  0.013  0.004  0.000  0.010
23:33:18 870.74   18.0   29.5   1315    3.0    309    8.4    29.7  -0.0   0.81   4.39  381.6     0.00   0.00    0.0  0.000  0.000  0.013  0.004  0.000  0.010
23:33:19 870.82   17.7   29.0   1314    3.1    322    8.4    29.4  -0.5   0.81   4.22  382.6     0.00   0.00    0.0  0.000  0.000  0.013  0.004  0.000  0.010
23:33:21 870.86   18.0   29.3   1314    3.0    326    8.4    29.7  -0.1   0.81   4.35  384.6     0.00   0.00    0.0  0.000  0.000  0.013  0.004  0.000  0.010
23:33:22 870.55   18.2   29.5   1317    3.0    327    8.4    29.9   0.1   0.82   4.43  385.6     0.00   0.00    0.0  0.000  0.000  0.013  0.004  0.000  0.010
23:33:23 870.64   18.1   29.4   1316    3.0    321    8.4    29.8   0.0   0.81   4.40  386.6     0.00   0.00    0.0  0.000  0.000  0.013  0.004  0.000  0.010
23:33:24 870.65   17.7   29.2   1316    3.0    335    8.4    29.4  -0.4   0.81   4.24  387.6     0.00   0.00    0.0  0.000  0.000  0.013  0.004  0.000  0.010
23:33:25 870.69   18.0   29.4   1316    2.9    334    8.4    29.7  -0.1   0.81   4.37  388.6     0.00   0.00    0.0  0.000  0.000  0.013  0.004  0.000  0.010
23:33:26 870.56   18.3   29.5   1317    2.8    314    8.4    30.0   0.2   0.82   4.46  389.6     0.00   0.00    0.0  0.000  0.000  0.013  0.004  0.000  0.010
23:33:28 870.63   17.8   29.2   1316    3.3    317    8.4    29.6  -0.3   0.81   4.27  391.6     0.00   0.00    0.0  0.000  0.000  0.013  0.004  0.000  0.010
23:33:30 870.51   18.2   29.5   1317    3.7    332    8.4    30.0   0.2   0.82   4.45  393.6     0.00   0.00    0.0  0.000  0.000  0.013  0.004  0.000  0.010
23:33:32 870.41   18.6   30.0   1318    3.7    336    8.3    30.4   0.8   0.82   4.65  395.6     0.00   0.00    0.0  0.000  0.000  0.013  0.004  0.000  0.010
23:33:33 870.45   18.4   29.7   1318    3.7    344    8.4    30.2   0.5   0.82   4.55  396.6     0.00   0.00    0.0  0.000  0.000  0.013  0.004  0.000  0.010
23:33:35 870.32   18.6   29.6   1319    3.2    339    8.3    30.4   0.5   0.82   4.57  398.6     0.00   0.00    0.0  0.000  0.000  0.013  0.004  0.000  0.010
23:33:36 870.15   18.4   29.4   1321    3.6      3    8.3    30.3   0.3   0.82   4.49  399.6     0.00   0.00    0.0  0.000  0.000  0.013  0.004  0.000  0.010
23:33:37 870.52   18.4   29.3   1317    4.0      6    8.3    30.2   0.2   0.82   4.47  400.6     0.00   0.00    0.0  0.000  0.000  0.013  0.004  0.000  0.010
23:33:40 870.02   17.7   29.0   1322    4.5    329    8.3    29.5  -0.6   0.81   4.20  403.6     0.00   0.00    0.0  0.000  0.000  0.013  0.004  0.000  0.010
23:33:41 869.93   17.6   29.0   1323    4.9    326    8.3    29.4  -0.6   0.81   4.19  404.6     0.00   0.00    0.0  0.000  0.000  0.013  0.004  0.000  0.010
23:33:42 870.02   17.7   29.2   1322    4.9    332    8.3    29.5  -0.4   0.81   4.25  405.6     0.00   0.00    0.0  0.000  0.000  0.013  0.004  0.000  0.010
23:33:43 869.97   17.5   29.0   1323    4.9    320    8.3    29.3  -0.7   0.81   4.15  406.6     0.00   0.00    0.0  0.000  0.000  0.013  0.004  0.000  0.010
23:33:44 870.10   17.5   29.0   1321    5.0    325    8.3    29.3  -0.7   0.81   4.16  407.6     0.00   0.00    0.0  0.000  0.000  0.013  0.004  0.000  0.010
23:33:46 870.00   17.6   29.2   1322    5.3    338    8.3    29.4  -0.5   0.81   4.20  409.6     0.00   0.00    0.0  0.000  0.000  0.013  0.004  0.000  0.010
23:33:48 869.96   17.4   29.1   1323    5.0    332    8.3    29.2  -0.7   0.81   4.14  411.6     0.00   0.00    0.0  0.000  0.000  0.013  0.004  0.000  0.010
23:33:49 870.03   17.4   29.2   1322    5.0    325    8.3    29.2  -0.7   0.81   4.16  412.6     0.00   0.00    0.0  0.000  0.000  0.013  0.004  0.000  0.010
23:33:50 869.82   17.4   29.2   1324    5.0    325    8.3    29.2  -0.7   0.81   4.16  413.6     0.00   0.00    0.0  0.000  0.000  0.013  0.004  0.000  0.009
23:33:51 869.86   17.4   29.2   1324    5.0    320    8.3    29.2  -0.6   0.81   4.17  414.6     0.00   0.00    0.0  0.000  0.000  0.013  0.004  0.000  0.009
23:33:52 869.88   17.4   29.3   1323    4.8    321    8.3    29.2  -0.7   0.81   4.16  415.6     0.00   0.00    0.0  0.000  0.000  0.013  0.004  0.000  0.009
23:33:53 869.75   17.4   29.4   1325    4.8    311    8.3    29.2  -0.6   0.81   4.19  416.6     0.00   0.00    0.0  0.000  0.000  0.013  0.004  0.000  0.009
23:33:54 869.61   17.5   29.3   1326    4.7    312    8.3    29.3  -0.6   0.81   4.20  417.6     0.00   0.00    0.0  0.000  0.000  0.013  0.004  0.000  0.009
23:33:55 869.73   17.5   29.4   1325    4.5    316    8.3    29.3  -0.5   0.81   4.21  418.6     0.00   0.00    0.0  0.000  0.000  0.013  0.004  0.000  0.009
23:33:56 869.62   17.4   29.4   1326    4.3    308    8.3    29.2  -0.6   0.81   4.19  419.6     0.00   0.00    0.0  0.000  0.000  0.013  0.004  0.000  0.009
23:33:57 869.65   17.5   29.5   1326    4.2    328    8.3    29.3  -0.5   0.81   4.23  420.6     0.00   0.00    0.0  0.000  0.000  0.013  0.004  0.000  0.009
23:33:58 869.90   17.4   29.6   1323    4.1    299    8.3    29.2  -0.5   0.81   4.22  421.6     0.00   0.00    0.0  0.000  0.000  0.013  0.004  0.000  0.009
23:33:59 869.76   17.4   29.6   1325    4.0    294    8.3    29.2  -0.5   0.81   4.22  422.6     0.00   0.00    0.0  0.000  0.000  0.013  0.004  0.000  0.009
23:34:00 869.43   17.4   29.7   1328    4.1    299    8.3    29.3  -0.4   0.81   4.25  423.6     0.00   0.00    0.0  0.000  0.000  0.013  0.004  0.000  0.009
23:34:01 869.34   17.4   29.8   1329    4.1    298    8.3    29.3  -0.4   0.81   4.26  424.6     0.00   0.00    0.0  0.000  0.000  0.013  0.004  0.000  0.009
23:34:02 869.43   17.5   29.8   1328    4.0    305    8.3    29.3  -0.3   0.81   4.28  425.6     0.00   0.00    0.0  0.000  0.000  0.013  0.004  0.000  0.009
23:34:03 869.66   17.4   29.7   1326    4.1    320    8.3    29.3  -0.4   0.81   4.25  426.6     0.00   0.00    0.0  0.000  0.000  0.013  0.004  0.000  0.009
23:34:04 869.48   17.4   29.7   1327    4.2    324    8.3    29.3  -0.4   0.81   4.26  427.6     0.00   0.00    0.0  0.000  0.000  0.013  0.004  0.000  0.009
23:34:05 869.50   17.4   29.8   1327    4.2    305    8.3    29.3  -0.4   0.81   4.27  428.6     0.00   0.00    0.0  0.000  0.000  0.013  0.004  0.000  0.009
23:34:07 869.59   17.4   30.0   1326    3.9    345    8.3    29.2  -0.3   0.81   4.29  430.6     0.00   0.00    0.0  0.000  0.000  0.012  0.004  0.000  0.009
23:34:09 869.66   17.5   30.0   1326    4.3    337    8.3    29.3  -0.2   0.81   4.31  432.6     0.00   0.00    0.0  0.000  0.000  0.012  0.004  0.000  0.009
23:34:10 869.36   17.5   30.1   1329    4.3    322    8.3    29.3  -0.2   0.81   4.32  433.6     0.00   0.00    0.0  0.000  0.000  0.012  0.004  0.000  0.009
23:34:11 869.60   17.5   30.1   1326    4.5    295    8.3    29.4  -0.1   0.81   4.35  434.6     0.00   0.00    0.0  0.000  0.000  0.013  0.004  0.000  0.009
23:34:12 869.18   17.4   30.2   1330    4.6    337    8.3    29.3  -0.2   0.81   4.33  435.6     0.00   0.00    0.0  0.000  0.000  0.012  0.004  0.000  0.009
23:34:13 869.02   17.5   30.1   1332    4.4    337    8.3    29.4  -0.2   0.81   4.34  436.6     0.00   0.00    0.0  0.000  0.000  0.012  0.004  0.000  0.009
23:34:14 869.09   17.5   30.1   1331    4.4    339    8.3    29.4  -0.2   0.81   4.34  437.6     0.00   0.00    0.0  0.000  0.000  0.012  0.004  0.000  0.009
23:34:15 868.90   17.5   30.0   1333    4.3    338    8.3    29.4  -0.2   0.81   4.33  438.6     0.00   0.00    0.0  0.000  0.000  0.013  0.004  0.000  0.009
23:34:17 869.12   17.6   29.8   1331    3.8    345    8.3    29.4  -0.3   0.81   4.31  440.6     0.00   0.00    0.0  0.000  0.000  0.012  0.004  0.000  0.009
23:34:20 869.26   17.7   29.6   1330    3.9    339    8.3    29.6  -0.3   0.81   4.31  443.6     0.00   0.00    0.0  0.000  0.000  0.012  0.004  0.000  0.009
23:34:21 869.02   17.6   29.6   1332    3.9    328    8.3    29.5  -0.3   0.81   4.28  444.6     0.00   0.00    0.0  0.000  0.000  0.012  0.004  0.000  0.009
23:34:22 868.79   17.6   29.5   1334    3.8    341    8.3    29.6  -0.4   0.81   4.27  445.6     0.00   0.00    0.0  0.000  0.000  0.012  0.004  0.000  0.009
23:34:23 868.83   17.6   29.4   1334    3.9    339    8.3    29.6  -0.4   0.81   4.26  446.6     0.00   0.00    0.0  0.000  0.000  0.012  0.004  0.000  0.009
23:34:24 868.87   17.6   29.3   1333    3.8    346    8.3    29.5  -0.5   0.81   4.24  447.6     0.00   0.00    0.0  0.000  0.000  0.012  0.004  0.000  0.009
23:34:25 869.02   17.6   29.3   1332    3.9    340    8.3    29.5  -0.5   0.81   4.24  448.6     0.00   0.00    0.0  0.000  0.000  0.012  0.004  0.000  0.009
23:34:29 868.78   17.7   29.3   1334    4.4    333    8.3    29.6  -0.4   0.81   4.25  452.6     0.00   0.00    0.0  0.000  0.000  0.012  0.004  0.000  0.009
23:34:30 868.50   17.6   29.3   1337    3.9    332    8.3    29.6  -0.4   0.81   4.25  453.6     0.00   0.00    0.0  0.000  0.000  0.012  0.004  0.000  0.009
23:34:31 868.56   17.5   29.3   1336    3.7    326    8.3    29.4  -0.6   0.81   4.20  454.6     0.00   0.00    0.0  0.000  0.000  0.012  0.004  0.000  0.009
23:34:32 868.50   17.5   29.4   1337    3.8    331    8.3    29.5  -0.5   0.81   4.24  455.6     0.00   0.00    0.0  0.000  0.000  0.012  0.004  0.000  0.009
23:34:35 868.72   17.4   29.5   1335    4.0    330    8.3    29.4  -0.5   0.81   4.23  458.6     0.00   0.00    0.0  0.000  0.000  0.012  0.004  0.000  0.009
23:34:36 868.54   17.5   29.6   1337    3.6    333    8.3    29.5  -0.4   0.81   4.27  459.6     0.00   0.00    0.0  0.000  0.000  0.012  0.004  0.000  0.009
23:34:37 868.48   17.6   29.6   1337    3.6    334    8.3    29.5  -0.3   0.81   4.28  460.6     0.00   0.00    0.0  0.000  0.000  0.012  0.004  0.000  0.009
23:34:38 868.61   17.5   29.6   1336    3.6    323    8.3    29.4  -0.4   0.81   4.25  461.6     0.00   0.00    0.0  0.000  0.000  0.012  0.004  0.000  0.009
23:34:39 868.41   17.5   29.6   1338    3.6    314    8.3    29.4  -0.4   0.81   4.25  462.6     0.00   0.00    0.0  0.000  0.000  0.012  0.004  0.000  0.009
23:34:40 868.67   17.6   29.7   1335    3.7    318    8.3    29.5  -0.3   0.81   4.29  463.6     0.00   0.00    0.0  0.000  0.000  0.012  0.004  0.000  0.009
23:34:43 868.34   17.6   29.9   1339    4.2    329    8.3    29.6  -0.2   0.81   4.33  466.5     0.00   0.00    0.0  0.000  0.000  0.012  0.004  0.000  0.009
23:34:44 868.36   17.5   29.8   1338    4.1    335    8.3    29.5  -0.3   0.81   4.30  467.5     0.00   0.00    0.0  0.000  0.000  0.012  0.004  0.000  0.009
23:34:45 868.38   17.5   29.8   1338    4.5    337    8.3    29.5  -0.3   0.81   4.29  468.5     0.00   0.00    0.0  0.000  0.000  0.012  0.004  0.000  0.009
23:34:46 868.29   17.5   29.8   1339    4.3    348    8.3    29.4  -0.4   0.81   4.28  469.5     0.00   0.00    0.0  0.000  0.000  0.012  0.004  0.000  0.009
23:34:47 868.23   17.5   29.8   1340    4.3    340    8.3    29.4  -0.4   0.81   4.27  470.5     0.00   0.00    0.0  0.000  0.000  0.012  0.004  0.000  0.009
23:34:48 868.47   17.5   29.8   1337    4.4    327    8.3    29.4  -0.4   0.81   4.28  471.5     0.00   0.00    0.0  0.000  0.000  0.012  0.004  0.000  0.009
23:34:51 868.12   17.5   29.9   1341    5.2    328    8.3    29.4  -0.3   0.81   4.29  474.5     0.00   0.00    0.0  0.000  0.000  0.012  0.004  0.000  0.009
23:34:52 868.19   17.5   29.9   1340    5.2    335    8.3    29.4  -0.3   0.81   4.29  475.5     0.00   0.00    0.0  0.000  0.000  0.012  0.004  0.000  0.009
23:34:54 868.18   17.5   30.1   1340    5.0    345    8.3    29.4  -0.2   0.81   4.33  477.5     0.00   0.00    0.0  0.000  0.000  0.012  0.004  0.000  0.009
23:34:59 867.75   17.3   30.0   1344    4.5    315    8.3    29.4  -0.3   0.81   4.28  482.5     0.00   0.00    0.0  0.000  0.000  0.012  0.004  0.000  0.009
23:35:00 868.17   17.3   30.0   1340    4.1    313    8.3    29.2  -0.4   0.81   4.25  483.5     0.00   0.00    0.0  0.000  0.000  0.012  0.004  0.000  0.009
23:35:01 867.97   17.3   30.1   1342    4.2    321    8.3    29.3  -0.4   0.81   4.27  484.5     0.00   0.00    0.0  0.000  0.000  0.012  0.004  0.000  0.009
23:35:02 868.03   17.3   30.1   1342    4.3    322    8.3    29.2  -0.4   0.81   4.26  485.5     0.00   0.00    0.0  0.000  0.000  0.012  0.004  0.000  0.009
23:35:03 867.67   17.2   30.1   1345    4.3    322    8.3    29.2  -0.5   0.81   4.24  486.5     0.00   0.00    0.0  0.000  0.000  0.012  0.004  0.000  0.009
23:35:04 867.84   17.3   30.2   1344    4.5    329    8.3    29.3  -0.4   0.81   4.28  487.5     0.00   0.00    0.0  0.000  0.000  0.012  0.004  0.000  0.009
23:35:05 867.81   17.3   30.2   1344    4.3    327    8.3    29.3  -0.3   0.81   4.29  488.5     0.00   0.00    0.0  0.000  0.000  0.012  0.004  0.000  0.009
23:35:06 867.87   17.3   30.3   1343    4.1    316    8.3    29.3  -0.3   0.81   4.30  489.5     0.00   0.00    0.0  0.000  0.000  0.012  0.004  0.000  0.009
23:35:07 867.58   17.3   30.3   1346    4.6    331    8.3    29.3  -0.3   0.81   4.30  490.5     0.00   0.00    0.0  0.000  0.000  0.012  0.004  0.000  0.009
23:35:09 867.95   17.3   30.3   1342    4.7    322    8.3    29.2  -0.3   0.81   4.30  492.5     0.00   0.00    0.0  0.000  0.000  0.012  0.004  0.000  0.009
23:35:10 867.55   17.3   30.4   1346    4.7    318    8.3    29.3  -0.3   0.81   4.31  493.5     0.00   0.00    0.0  0.000  0.000  0.012  0.004  0.000  0.009
23:35:12 867.54   17.2   30.4   1346    5.3    313    8.3    29.2  -0.3   0.81   4.29  495.5     0.00   0.00    0.0  0.000  0.000  0.012  0.004  0.000  0.009
23:35:13 867.37   17.3   30.6   1348    5.5    314    8.3    29.3  -0.2   0.81   4.35  496.5     0.00   0.00    0.0  0.000  0.000  0.012  0.004  0.000  0.009
23:35:16 867.29   17.2   30.5   1349    5.5    287    8.3    29.3  -0.3   0.81   4.32  499.5     0.00   0.00    0.0  0.000  0.000  0.012  0.004  0.000  0.009
23:35:17 867.66   17.4   30.8   1345    5.2    311    8.3    29.4   0.0   0.82   4.42  500.5     0.00   0.00    0.0  0.000  0.000  0.012  0.004  0.000  0.009
23:35:18 867.45   17.5   30.8   1347    5.0    318    8.3    29.5   0.1   0.82   4.46  501.5     0.00   0.00    0.0  0.000  0.000  0.012  0.003  0.000  0.009
23:35:19 867.31   17.4   30.7   1349    5.0    311    8.3    29.5   0.0   0.82   4.43  502.5     0.00   0.00    0.0  0.000  0.000  0.012  0.004  0.000  0.009
23:35:20 867.59   17.5   30.7   1346    5.2    316    8.3    29.5   0.1   0.82   4.44  503.5     0.00   0.00    0.0  0.000  0.000  0.012  0.004  0.000  0.009
23:35:21 867.45   17.4   30.6   1347    5.3    322    8.3    29.4  -0.1   0.81   4.39  504.5     0.00   0.00    0.0  0.000  0.000  0.012  0.003  0.000  0.009
23:35:22 867.58   17.3   30.5   1346    5.4    332    8.3    29.4  -0.2   0.81   4.35  505.5     0.00   0.00    0.0  0.000  0.000  0.012  0.004  0.000  0.009
23:35:23 867.42   17.3   30.5   1348    5.5    336    8.3    29.3  -0.2   0.81   4.33  506.5     0.00   0.00    0.0  0.000  0.000  0.012  0.004  0.000  0.009
23:35:24 867.14   17.2   30.6   1350    6.0    338    8.3    29.3  -0.2   0.81   4.34  507.5     0.00   0.00    0.0  0.000  0.000  0.012  0.003  0.000  0.009
23:35:25 866.98   17.3   30.7   1352    6.0    339    8.3    29.4  -0.1   0.81   4.39  508.5     0.00   0.00    0.0  0.000  0.000  0.012  0.003  0.000  0.009
23:35:26 867.15   17.3   30.7   1350    5.9    342    8.3    29.4  -0.1   0.81   4.38  509.5     0.00   0.00    0.0  0.000  0.000  0.012  0.004  0.000  0.009
23:35:27 867.18   17.3   30.8   1350    6.0    340    8.3    29.4  -0.0   0.82   4.41  510.5     0.00   0.00    0.0  0.000  0.000  0.012  0.003  0.000  0.009
23:35:28 867.27   17.3   30.7   1349    5.9    334    8.3    29.4  -0.1   0.81   4.38  511.5     0.00   0.00    0.0  0.000  0.000  0.012  0.004  0.000  0.009
23:35:33 866.74   17.7   30.9   1354    5.1    343    8.3    29.8   0.4   0.82   4.53  516.5     0.00   0.00    0.0  0.000  0.000  0.012  0.004  0.000  0.009
23:35:34 866.68   17.6   30.8   1355    4.9    338    8.2    29.7   0.2   0.82   4.49  517.5     0.00   0.00    0.0  0.000  0.000  0.012  0.004  0.000  0.009
23:35:35 867.06   17.6   30.8   1351    4.8    345    8.2    29.7   0.2   0.82   4.48  518.5     0.00   0.00    0.0  0.000  0.000  0.012  0.003  0.000  0.009
23:35:36 866.79   17.6   30.9   1354    5.0    346    8.2    29.7   0.3   0.82   4.50  519.5     0.00   0.00    0.0  0.000  0.000  0.012  0.003  0.000  0.009
23:35:37 866.64   17.6   30.8   1355    5.1    349    8.2    29.7   0.2   0.82   4.49  520.5     0.00   0.00    0.0  0.000  0.000  0.012  0.003  0.000  0.009
23:35:41 866.78   17.4   30.7   1354    6.0     10    8.2    29.5   0.0   0.82   4.42  524.5     0.00   0.00    0.0  0.000  0.000  0.012  0.003  0.000  0.009
23:35:42 866.53   17.2   30.6   1356    6.2    341    8.2    29.4  -0.2   0.81   4.35  525.5     0.00   0.00    0.0  0.000  0.000  0.012  0.003  0.000  0.009
23:35:43 866.61   17.4   30.8   1356    5.8    354    8.2    29.5  -0.0   0.82   4.41  526.5     0.00   0.00    0.0  0.000  0.000  0.012  0.004  0.000  0.009
23:35:44 866.67   17.4   30.9   1355    5.5    334    8.2    29.5   0.0   0.82   4.43  527.5     0.00   0.00    0.0  0.000  0.000  0.012  0.003  0.000  0.009
23:35:45 866.54   17.3   30.7   1356    5.6    336    8.2    29.4  -0.1   0.81   4.38  528.5     0.00   0.00    0.0  0.000  0.000  0.012  0.004  0.000  0.009
23:35:46 866.76   17.2   30.6   1354    6.5     10    8.2    29.3  -0.2   0.81   4.33  529.5     0.00   0.00    0.0  0.000  0.000  0.012  0.003  0.000  0.009
23:35:47 866.74   17.2   30.9   1354    7.0    303    8.2    29.3  -0.1   0.81   4.39  530.5     0.00   0.00    0.0  0.000  0.000  0.012  0.003  0.000  0.009
23:35:48 866.40   17.3   30.8   1358    6.9    327    8.2    29.4  -0.1   0.81   4.40  531.5     0.00   0.00    0.0  0.000  0.000  0.012  0.003  0.000  0.009
23:35:50 866.65   17.2   30.8   1355    5.9    328    8.2    29.3  -0.1   0.81   4.36  533.5     0.00   0.00    0.0  0.000  0.000  0.012  0.003  0.000  0.009
23:35:51 866.49   17.3   30.9   1357    5.3    321    8.2    29.4  -0.0   0.82   4.41  534.5     0.00   0.00    0.0  0.000  0.000  0.012  0.003  0.000  0.009
23:35:52 866.64   17.2   30.8   1355    4.5    311    8.2    29.3  -0.2   0.81   4.35  535.5     0.00   0.00    0.0  0.000  0.000  0.012  0.003  0.000  0.009
23:35:53 866.34   17.0   30.6   1358    4.7    296    8.2    29.2  -0.4   0.81   4.28  536.5     0.00   0.00    0.0  0.000  0.000  0.012  0.003  0.000  0.009
23:35:54 866.23   16.9   30.7   1359    5.3    306    8.2    29.1  -0.4   0.81   4.27  537.5     0.00   0.00    0.0  0.000  0.000  0.012  0.003  0.000  0.009
23:35:55 866.73   17.0   30.8   1354    5.3    312    8.2    29.1  -0.3   0.81   4.30  538.5     0.00   0.00    0.0  0.000  0.000  0.012  0.003  0.000  0.009
23:35:56 866.38   16.9   30.9   1358    5.6    293    8.2    29.1  -0.3   0.81   4.29  539.5     0.00   0.00    0.0  0.000  0.000  0.012  0.003  0.000  0.009
23:35:57 866.23   16.9   30.9   1359    5.6    341    8.2    29.1  -0.4   0.81   4.29  540.5     0.00   0.00    0.0  0.000  0.000  0.012  0.003  0.000  0.009
23:35:58 866.22   17.0   31.0   1359    6.0    312    8.2    29.2  -0.2   0.81   4.35  541.5     0.00   0.00    0.0  0.000  0.000  0.012  0.003  0.000  0.009
23:35:59 866.42   17.0   31.1   1357    6.4    310    8.2    29.2  -0.2   0.81   4.35  542.5     0.00   0.00    0.0  0.000  0.000  0.012  0.003  0.000  0.009
23:36:00 866.14   17.0   31.1   1360    6.4    315    8.2    29.2  -0.2   0.81   4.36  543.5     0.00   0.00    0.0  0.000  0.000  0.012  0.003  0.000  0.009
23:36:01 866.28   17.0   31.1   1359    6.4    306    8.2    29.1  -0.2   0.81   4.34  544.5     0.00   0.00    0.0  0.000  0.000  0.012  0.003  0.000  0.009
23:36:02 866.22   17.0   31.0   1359    6.6    309    8.2    29.2  -0.2   0.81   4.35  545.5     0.00   0.00    0.0  0.000  0.000  0.012  0.003  0.000  0.009
23:36:03 866.12   17.0   31.1   1360    6.5    356    8.2    29.2  -0.2   0.81   4.36  546.5     0.00   0.00    0.0  0.000  0.000  0.012  0.003  0.000  0.009
23:36:05 866.00   16.9   31.1   1362    6.2    315    8.2    29.1  -0.2   0.81   4.35  549.5     0.00   0.00    0.0  0.000  0.000  0.012  0.003  0.000  0.009
23:36:07 865.96   16.9   31.1   1362    6.6    314    8.2    29.1  -0.2   0.81   4.34  550.5     0.00   0.00    0.0  0.000  0.000  0.012  0.003  0.000  0.009
23:36:08 866.18   16.9   31.2   1360    6.2    309    8.2    29.1  -0.2   0.81   4.34  551.5     0.00   0.00    0.0  0.000  0.000  0.012  0.004  0.000  0.008
23:36:09 866.03   16.9   31.2   1361    6.4    288    8.2    29.1  -0.2   0.81   4.33  552.5     0.00   0.00    0.0  0.000  0.000  0.012  0.003  0.000  0.009
23:36:13 866.04   16.8   31.1   1361    6.4    312    8.2    29.0  -0.3   0.81   4.30  556.5     0.00   0.00    0.0  0.000  0.000  0.012  0.003  0.000  0.008
23:36:14 866.01   16.8   31.2   1361    6.2    315    8.2    28.9  -0.3   0.81   4.30  557.5     0.00   0.00    0.0  0.000  0.000  0.012  0.003  0.000  0.009
23:36:16 865.96   16.8   31.2   1362    6.2    313    8.2    29.0  -0.3   0.81   4.32  559.5     0.00   0.00    0.0  0.000  0.000  0.012  0.003  0.000  0.008
23:36:17 865.89   16.8   31.3   1363    6.1    327    8.2    29.0  -0.2   0.81   4.35  560.5     0.00   0.00    0.0  0.000  0.000  0.012  0.003  0.000  0.008
23:36:18 865.98   16.9   31.3   1362    6.1    308    8.2    29.1  -0.2   0.81   4.35  561.5     0.00   0.00    0.0  0.000  0.000  0.012  0.003  0.000  0.008
23:36:20 865.80   17.0   31.4   1364    6.4    286    8.2    29.2  -0.0   0.82   4.42  563.5     0.00   0.00    0.0  0.000  0.000  0.012  0.003  0.000  0.008
23:36:21 865.73   17.0   31.4   1364    6.5    301    8.2    29.2  -0.1   0.81   4.39  564.5     0.00   0.00    0.0  0.000  0.000  0.012  0.003  0.000  0.008
23:36:22 865.60   17.0   31.5   1365    6.4    328    8.2    29.2  -0.0   0.82   4.41  565.5     0.00   0.00    0.0  0.000  0.000  0.012  0.003  0.000  0.008
23:36:23 865.67   16.9   31.2   1365    5.9    325    8.2    29.1  -0.2   0.81   4.36  566.4     0.00   0.00    0.0  0.000  0.000  0.011  0.003  0.000  0.008
23:36:25 865.71   17.1   31.5   1364    6.3    323    8.2    29.3   0.1   0.82   4.45  568.4     0.00   0.00    0.0  0.000  0.000  0.012  0.003  0.000  0.008
23:36:27 865.45   17.1   31.5   1367    7.1    332    8.2    29.3   0.1   0.82   4.45  570.4     0.00   0.00    0.0  0.000  0.000  0.011  0.003  0.000  0.008
23:36:29 865.44   16.8   31.2   1367    6.7    338    8.2    29.1  -0.3   0.81   4.33  572.4     0.00   0.00    0.0  0.000  0.000  0.011  0.003  0.000  0.008
23:36:32 865.36   16.9   31.2   1368    5.0    273    8.2    29.1  -0.2   0.81   4.34  575.4     0.00   0.00    0.0  0.000  0.000  0.011  0.003  0.000  0.008
23:36:32 865.13   16.7   31.2   1370    5.3    292    8.2    29.0  -0.4   0.81   4.28  576.4     0.00   0.00    0.0  0.000  0.000  0.011  0.003  0.000  0.008
23:36:34 865.18   16.7   31.2   1370    5.3    289    8.2    28.9  -0.4   0.81   4.28  577.4     0.00   0.00    0.0  0.000  0.000  0.011  0.003  0.000  0.008
23:36:35 864.98   16.7   31.2   1372    5.2    291    8.2    29.0  -0.4   0.81   4.28  578.4     0.00   0.00    0.0  0.000  0.000  0.011  0.003  0.000  0.008
23:36:36 865.01   16.7   31.3   1371    5.0    290    8.2    29.0  -0.4   0.81   4.30  579.4     0.00   0.00    0.0  0.000  0.000  0.011  0.003  0.000  0.008
23:36:37 865.14   16.7   31.3   1370    4.8    294    8.2    29.0  -0.3   0.81   4.30  580.4     0.00   0.00    0.0  0.000  0.000  0.011  0.003  0.000  0.008
23:36:38 865.04   16.7   31.2   1371    4.6    296    8.2    28.9  -0.4   0.81   4.28  581.4     0.00   0.00    0.0  0.000  0.000  0.011  0.003  0.000  0.008
23:36:39 865.17   16.7   31.3   1370    4.4    303    8.2    29.0  -0.3   0.81   4.30  582.4     0.00   0.00    0.0  0.000  0.000  0.011  0.003  0.000  0.008
23:36:40 865.02   16.7   31.3   1371    4.4    304    8.2    28.9  -0.4   0.81   4.29  583.4     0.00   0.00    0.0  0.000  0.000  0.011  0.003  0.000  0.008
23:36:42 865.11   16.7   31.3   1370    4.6    299    8.2    29.0  -0.3   0.81   4.30  585.4     0.00   0.00    0.0  0.000  0.000  0.011  0.003  0.000  0.008
23:36:43 865.06   16.7   31.4   1371    4.5    301    8.2    29.0  -0.3   0.81   4.31  586.4     0.00   0.00    0.0  0.000  0.000  0.011  0.003  0.000  0.008
23:36:44 865.05   16.7   31.3   1371    4.8    304    8.2    28.9  -0.4   0.81   4.29  587.4     0.00   0.00    0.0  0.000  0.000  0.011  0.003  0.000  0.008
23:36:45 865.13   16.7   31.3   1370    4.8    310    8.2    29.0  -0.3   0.81   4.31  588.4     0.00   0.00    0.0  0.000  0.000  0.011  0.003  0.000  0.008
23:36:50 864.98   16.7   31.5   1372    5.4    300    8.2    28.9  -0.3   0.81   4.31  593.4     0.00   0.00    0.0  0.000  0.000  0.011  0.003  0.000  0.008
23:36:51 864.74   16.7   31.4   1374    5.4    300    8.2    29.0  -0.3   0.81   4.32  594.4     0.00   0.00    0.0  0.000  0.000  0.011  0.003  0.000  0.008
23:36:52 864.72   16.7   31.4   1374    5.4    298    8.2    29.0  -0.3   0.81   4.32  595.4     0.00   0.00    0.0  0.000  0.000  0.011  0.003  0.000  0.008
23:36:53 864.93   16.7   31.4   1372    5.4    296    8.2    28.9  -0.3   0.81   4.30  596.4     0.00   0.00    0.0  0.000  0.000  0.011  0.003  0.000  0.008
23:36:54 864.94   16.6   31.4   1372    5.4    294    8.2    28.9  -0.4   0.81   4.29  597.4     0.00   0.00    0.0  0.000  0.000  0.011  0.003  0.000  0.008
23:36:56 864.46   16.6   31.5   1377    5.3    292    8.2    28.9  -0.3   0.81   4.30  599.4     0.00   0.00    0.0  0.000  0.000  0.011  0.003  0.000  0.008
23:36:57 864.49   16.6   31.5   1376    5.2    288    8.2    29.0  -0.3   0.81   4.31  600.4     0.00   0.00    0.0  0.000  0.000  0.011  0.003  0.000  0.008
23:36:58 864.83   16.7   31.5   1373    5.2    288    8.2    29.0  -0.3   0.81   4.32  601.4     0.00   0.00    0.0  0.000  0.000  0.011  0.003  0.000  0.008
23:36:59 864.53   16.6   31.5   1376    5.3    278    8.2    28.9  -0.3   0.81   4.31  602.4     0.00   0.00    0.0  0.000  0.000  0.011  0.003  0.000  0.008
23:37:00 864.43   16.6   31.5   1377    5.1    288    8.2    29.0  -0.3   0.81   4.32  603.4     0.00   0.00    0.0  0.000  0.000  0.011  0.003  0.000  0.008
23:37:01 864.43   16.6   31.5   1377    5.1    276    8.2    29.0  -0.3   0.81   4.32  604.4     0.00   0.00    0.0  0.000  0.000  0.011  0.003  0.000  0.008
23:37:03 864.56   16.6   31.5   1376    4.9    290    8.2    28.9  -0.3   0.81   4.31  606.4     0.00   0.00    0.0  0.000  0.000  0.011  0.003  0.000  0.008
23:37:05 864.40   16.7   31.5   1377    4.8    270    8.2    29.0  -0.3   0.81   4.33  608.4     0.00   0.00    0.0  0.000  0.000  0.011  0.003  0.000  0.008
23:37:06 864.53   16.6   31.5   1376    4.6    287    8.2    28.9  -0.3   0.81   4.31  609.4     0.00   0.00    0.0  0.000  0.000  0.011  0.003  0.000  0.008
23:37:07 864.30   16.6   31.5   1378    4.6    281    8.2    29.0  -0.3   0.81   4.32  610.4     0.00   0.00    0.0  0.000  0.000  0.011  0.003  0.000  0.008
23:37:08 864.33   16.6   31.5   1378    4.6    285    8.2    29.0  -0.3   0.81   4.31  611.4     0.00   0.00    0.0  0.000  0.000  0.011  0.003  0.000  0.008
23:37:09 864.37   16.7   31.5   1378    4.6    295    8.2    29.0  -0.3   0.81   4.32  612.4     0.00   0.00    0.0  0.000  0.000  0.011  0.003  0.000  0.008
23:37:11 864.39   16.6   31.6   1377    4.8    293    8.2    29.0  -0.3   0.81   4.33  614.4     0.00   0.00    0.0  0.000  0.000  0.011  0.003  0.000  0.008
23:37:14 864.33   16.7   31.5   1378    4.6    296    8.2    29.0  -0.3   0.81   4.33  617.4     0.00   0.00    0.0  0.000  0.000  0.011  0.003  0.000  0.008
23:37:15 864.25   16.6   31.6   1379    4.5    300    8.2    29.0  -0.3   0.81   4.33  618.4     0.00   0.00    0.0  0.000  0.000  0.011  0.003  0.000  0.008
23:37:16 864.28   16.6   31.6   1379    4.9    293    8.2    29.0  -0.3   0.81   4.33  619.4     0.00   0.00    0.0  0.000  0.000  0.011  0.003  0.000  0.008
23:37:17 864.12   16.6   31.6   1380    4.9    296    8.2    29.0  -0.3   0.81   4.33  620.4     0.00   0.00    0.0  0.000  0.000  0.011  0.003  0.000  0.008
23:37:18 864.10   16.7   31.6   1380    5.0    292    8.2    29.0  -0.2   0.81   4.34  621.4     0.00   0.00    0.0  0.000  0.000  0.011  0.003  0.000  0.008
23:37:19 863.98   16.6   31.6   1381    4.8    297    8.2    29.0  -0.3   0.81   4.33  622.4     0.00   0.00    0.0  0.000  0.000  0.011  0.003  0.000  0.008
23:37:20 863.97   16.6   31.6   1382    4.9    309    8.2    29.0  -0.3   0.81   4.33  623.4     0.00   0.00    0.0  0.000  0.000  0.011  0.003  0.000  0.008
23:37:21 864.17   16.7   31.6   1380    5.0    311    8.2    29.0  -0.2   0.81   4.34  624.4     0.00   0.00    0.0  0.000  0.000  0.011  0.003  0.000  0.008
23:37:24 863.97   16.6   31.5   1382    4.6    318    8.2    29.0  -0.3   0.81   4.32  627.4     0.00   0.00    0.0  0.000  0.000  0.011  0.003  0.000  0.008
23:37:25 863.73   16.6   31.6   1384    4.6    318    8.2    29.0  -0.3   0.81   4.33  628.4     0.00   0.00    0.0  0.000  0.000  0.011  0.003  0.000  0.008
23:37:26 863.70   16.6   31.6   1384    4.5    287    8.2    29.0  -0.3   0.81   4.33  629.4     0.00   0.00    0.0  0.001  0.000  0.011  0.003  0.000  0.008
23:37:27 863.91   16.6   31.7   1382    4.2    291    8.2    29.0  -0.2   0.81   4.34  630.4     0.00   0.00    0.0  0.000  0.000  0.011  0.003  0.000  0.008
23:37:31 863.45   16.7   31.8   1387    4.1    308    8.2    29.1  -0.2   0.81   4.37  634.4     0.00   0.00    0.0  0.001  0.000  0.011  0.003  0.000  0.008
23:37:32 863.61   16.6   31.5   1385    4.4    319    8.2    29.0  -0.4   0.81   4.30  635.4     0.00   0.00    0.0  0.000  0.000  0.011  0.003  0.000  0.008
23:37:33 863.43   16.7   32.0   1387    4.4    305    8.2    29.1  -0.1   0.82   4.41  636.4     0.00   0.00    0.0  0.000  0.000  0.011  0.003  0.000  0.008
23:37:34 863.30   16.7   31.9   1388    4.2    266    8.2    29.1  -0.1   0.82   4.41  637.4     0.00   0.00    0.0  0.000  0.000  0.011  0.003  0.000  0.008
23:37:35 863.49   16.7   31.8   1386    3.8    266    8.1    29.1  -0.1   0.81   4.39  638.4     0.00   0.00    0.0  0.000  0.000  0.011  0.003  0.000  0.008
23:37:36 863.47   16.7   31.8   1387    3.8    269    8.2    29.1  -0.2   0.81   4.37  639.4     0.00   0.00    0.0  0.000  0.000  0.011  0.003  0.000  0.008
23:37:37 863.37   16.6   31.8   1387    3.8    265    8.1    29.0  -0.2   0.81   4.35  640.4     0.00   0.00    0.0  0.001  0.000  0.011  0.003  0.000  0.008
23:37:38 863.39   16.6   31.8   1387    4.0    256    8.1    29.1  -0.2   0.81   4.37  641.4     0.00   0.00    0.0  0.001  0.000  0.011  0.003  0.000  0.008
23:37:39 863.44   16.6   31.8   1387    3.9    261    8.1    29.0  -0.2   0.81   4.35  642.4     0.00   0.00    0.0  0.000  0.000  0.011  0.003  0.000  0.008
23:37:40 863.25   16.6   31.7   1389    3.8    258    8.1    29.0  -0.2   0.81   4.35  643.4     0.00   0.00    0.0  0.000  0.000  0.011  0.003  0.000  0.008
23:37:42 863.56   16.7   31.8   1386    3.6    294    8.1    29.1  -0.1   0.81   4.38  645.4     0.00   0.00    0.0  0.001  0.000  0.011  0.004  0.000  0.008
23:37:43 863.24   16.7   31.8   1389    3.6    291    8.1    29.1  -0.1   0.81   4.38  646.4     0.00   0.00    0.0  0.001  0.000  0.011  0.003  0.000  0.008
23:37:44 863.24   16.7   31.9   1389    3.6    299    8.1    29.2  -0.1   0.81   4.40  647.4     0.00   0.00    0.0  0.001  0.000  0.011  0.003  0.000  0.008
23:37:45 863.21   16.7   31.8   1389    3.6    314    8.1    29.2  -0.1   0.81   4.39  648.4     0.00   0.00    0.0  0.001  0.000  0.011  0.003  0.000  0.008
23:37:47 863.22   16.6   31.6   1389    3.7    298    8.1    29.0  -0.3   0.81   4.33  650.4     0.00   0.00    0.0  0.001  0.000  0.011  0.003  0.000  0.008
23:37:50 863.00   16.6   31.5   1391    4.0    300    8.1    29.0  -0.4   0.81   4.30  653.4     0.00   0.00    0.0  0.001  0.000  0.011  0.003  0.000  0.008
23:37:51 863.16   16.6   31.5   1389    4.0    310    8.1    29.0  -0.4   0.81   4.30  654.4     0.00   0.00    0.0  0.001  0.000  0.011  0.003  0.000  0.008
23:37:52 863.12   16.5   31.5   1390    4.0    301    8.1    29.0  -0.4   0.81   4.29  655.4     0.00   0.00    0.0  0.001  0.000  0.011  0.003  0.000  0.008
23:37:55 863.08   16.6   31.6   1390    4.2    289    8.1    29.0  -0.3   0.81   4.32  658.4     0.00   0.00    0.0  0.001  0.000  0.011  0.003  0.000  0.008
23:37:56 862.69   16.6   31.7   1394    4.5    289    8.1    29.1  -0.3   0.81   4.33  659.4     0.00   0.00    0.0  0.001  0.000  0.011  0.003  0.000  0.008
23:37:58 862.80   16.5   31.7   1393    4.0    305    8.1    29.0  -0.3   0.81   4.33  661.4     0.00   0.00    0.0  0.001  0.000  0.011  0.003  0.000  0.008
23:37:59 862.86   16.5   31.7   1393    3.8    322    8.1    29.0  -0.3   0.81   4.32  662.4     0.00   0.00    0.0  0.001  0.000  0.011  0.003  0.000  0.008
23:38:00 863.01   16.6   31.6   1391    3.8    307    8.1    29.0  -0.3   0.81   4.32  663.4     0.00   0.00    0.0  0.001  0.000  0.011  0.003  0.000  0.008
23:38:02 862.75   16.6   31.8   1394    4.1    313    8.1    29.1  -0.2   0.81   4.35  665.4     0.00   0.00    0.0  0.001  0.000  0.011  0.003  0.000  0.008
23:38:03 862.93   16.6   31.7   1392    4.7    307    8.1    29.1  -0.2   0.81   4.35  666.4     0.00   0.00    0.0  0.001  0.000  0.011  0.003  0.000  0.008
23:38:04 862.54   16.6   31.8   1396    4.9    305    8.1    29.1  -0.2   0.81   4.35  667.4     0.00   0.00    0.0  0.001  0.000  0.011  0.003  0.000  0.008
23:38:05 862.53   16.5   31.8   1396    4.9    267    8.1    29.0  -0.3   0.81   4.33  668.3     0.00   0.00    0.0  0.001  0.000  0.011  0.003  0.000  0.008
23:38:06 862.29   16.6   31.9   1398    4.7    264    8.1    29.1  -0.2   0.81   4.37  669.3     0.00   0.00    0.0  0.001  0.000  0.011  0.003  0.000  0.008
23:38:07 862.23   16.5   31.9   1399    4.7    278    8.1    29.1  -0.2   0.81   4.35  670.3     0.00   0.00    0.0  0.001  0.000  0.011  0.003  0.000  0.008
23:38:08 862.37   16.5   31.9   1397    4.9    312    8.1    29.0  -0.2   0.81   4.36  671.3     0.00   0.00    0.0  0.001  0.000  0.011  0.003  0.000  0.008
23:38:09 862.65   16.6   31.9   1395    5.0    296    8.1    29.1  -0.2   0.81   4.36  672.3     0.00   0.00    0.0  0.000  0.000  0.011  0.003  0.000  0.008
23:38:10 862.34   16.6   32.0   1398    4.5    260    8.1    29.1  -0.2   0.81   4.38  673.3     0.00   0.00    0.0  0.001  0.000  0.011  0.003  0.000  0.008
23:38:11 862.29   16.6   32.0   1398    4.3    269    8.1    29.1  -0.1   0.81   4.39  674.3     0.00   0.00    0.0  0.001  0.000  0.011  0.003  0.000  0.008
23:38:13 862.41   16.6   32.0   1397    3.9    230    8.1    29.1  -0.2   0.81   4.37  676.3     0.00   0.00    0.0  0.001  0.000  0.011  0.003  0.000  0.008
23:38:14 862.51   16.6   32.0   1396    3.8    223    8.1    29.1  -0.1   0.81   4.40  677.3     0.00   0.00    0.0  0.001  0.000  0.011  0.003  0.000  0.008
23:38:15 862.64   16.6   32.0   1395    3.6    228    8.1    29.1  -0.1   0.81   4.39  678.3     0.00   0.00    0.0  0.001  0.000  0.011  0.003  0.000  0.008
23:38:16 862.36   16.6   31.9   1397    3.6    229    8.1    29.1  -0.1   0.81   4.39  679.3     0.00   0.00    0.0  0.001  0.000  0.011  0.003  0.000  0.008
23:38:18 862.49   16.5   31.9   1396    3.6    266    8.1    29.0  -0.3   0.81   4.33  681.3     0.00   0.00    0.0  0.001  0.000  0.011  0.003  0.000  0.008
23:38:19 862.22   16.5   31.7   1399    3.7    289    8.1    29.0  -0.4   0.81   4.31  682.3     0.00   0.00    0.0  0.001  0.000  0.011  0.003  0.000  0.008
23:38:20 862.20   16.5   31.7   1399    3.9    287    8.1    29.1  -0.3   0.81   4.32  683.3     0.00   0.00    0.0  0.001  0.000  0.011  0.004  0.000  0.008
23:38:21 862.28   16.5   31.7   1398    3.9    287    8.1    29.0  -0.4   0.81   4.31  684.3     0.00   0.00    0.0  0.001  0.000  0.011  0.003  0.000  0.008
23:38:22 862.38   16.5   31.8   1397    3.9    277    8.1    29.0  -0.3   0.81   4.32  685.3     0.00   0.00    0.0  0.001  0.000  0.011  0.003  0.000  0.008
23:38:23 862.32   16.5   31.9   1398    4.2    275    8.1    29.0  -0.3   0.81   4.33  686.3     0.00   0.00    0.0  0.001  0.000  0.011  0.003  0.000  0.008
23:38:25 862.46   16.5   31.8   1396    4.6    293    8.1    29.0  -0.3   0.81   4.32  688.3     0.00   0.00    0.0  0.001  0.000  0.011  0.003  0.000  0.008
23:38:27 861.96   16.4   31.8   1401    4.7    302    8.1    29.0  -0.4   0.81   4.31  690.3     0.00   0.00    0.0  0.001  0.000  0.011  0.003  0.000  0.008
23:38:28 862.11   16.5   31.8   1400    4.9    310    8.1    29.0  -0.4   0.81   4.31  691.3     0.00   0.00    0.0  0.001  0.000  0.011  0.003  0.000  0.008
23:38:29 861.95   16.5   31.8   1401    5.0    296    8.1    29.0  -0.3   0.81   4.32  692.3     0.00   0.00    0.0  0.001  0.000  0.011  0.003  0.000  0.008
23:38:31 861.90   16.5   32.0   1402    5.4    276    8.1    29.1  -0.2   0.81   4.36  694.3     0.00   0.00    0.0  0.001  0.000  0.011  0.003  0.000  0.008
23:38:32 861.92   16.5   31.9   1402    5.1    271    8.1    29.0  -0.3   0.81   4.33  695.3     0.00   0.00    0.0  0.001  0.000  0.011  0.003  0.000  0.008
23:38:34 861.62   16.5   32.0   1405    5.2    300    8.1    29.1  -0.2   0.81   4.36  697.3     0.00   0.00    0.0  0.001  0.000  0.011  0.003  0.000  0.008
23:38:35 861.68   16.5   32.1   1404    5.7    281    8.1    29.0  -0.2   0.81   4.36  698.3     0.00   0.00    0.0  0.001  0.000  0.011  0.003  0.000  0.008
23:38:36 861.84   16.5   32.1   1403    4.9    315    8.1    29.0  -0.2   0.81   4.37  699.3     0.00   0.00    0.0  0.001  0.000  0.011  0.003  0.000  0.008
23:38:37 861.80   16.4   32.0   1403    4.9    305    8.1    29.0  -0.3   0.81   4.34  700.3     0.00   0.00    0.0  0.001  0.000  0.011  0.003  0.000  0.008
23:38:38 861.73   16.5   32.0   1404    4.6    298    8.1    29.1  -0.2   0.81   4.35  701.3     0.00   0.00    0.0  0.001  0.000  0.011  0.003  0.000  0.008
23:38:39 861.76   16.5   32.0   1403    4.3    300    8.1    29.1  -0.3   0.81   4.35  702.3     0.00   0.00    0.0  0.001  0.000  0.011  0.003  0.000  0.008
23:38:42 861.59   16.4   31.9   1405    3.6    293    8.1    29.0  -0.4   0.81   4.31  705.3     0.00   0.00    0.0  0.001  0.000  0.011  0.003  0.000  0.008
23:38:43 861.49   16.5   31.9   1406    3.6    279    8.1    29.1  -0.3   0.81   4.34  706.3     0.00   0.00    0.0  0.001  0.000  0.011  0.003  0.000  0.008
23:38:44 861.45   16.5   32.0   1406    3.6    290    8.1    29.1  -0.3   0.81   4.35  707.3     0.00   0.00    0.0  0.001  0.000  0.011  0.003  0.000  0.008
23:38:45 861.54   16.5   31.9   1406    3.7    311    8.1    29.1  -0.3   0.81   4.33  708.3     0.00   0.00    0.0  0.001  0.000  0.011  0.003  0.000  0.008
23:38:48 861.58   16.5   32.0   1405    3.8    319    8.1    29.1  -0.2   0.81   4.35  711.3     0.00   0.00    0.0  0.001  0.000  0.011  0.003  0.000  0.008
23:38:50 861.25   16.5   32.0   1408    3.6    326    8.1    29.2  -0.2   0.81   4.36  713.3     0.00   0.00    0.0  0.001  0.000  0.011  0.003  0.000  0.008
23:38:51 861.29   16.5   31.9   1408    3.6    323    8.1    29.2  -0.2   0.81   4.36  714.3     0.00   0.00    0.0  0.001  0.000  0.011  0.003  0.000  0.008
23:38:56 861.09   16.5   31.8   1410    4.0    324    8.1    29.1  -0.4   0.81   4.31  719.3     0.00   0.00    0.0  0.001  0.000  0.011  0.003  0.000  0.008
23:38:57 861.30   16.5   31.8   1408    3.9    313    8.1    29.1  -0.4   0.81   4.31  720.3     0.00   0.00    0.0  0.001  0.000  0.011  0.003  0.000  0.008
23:38:58 861.02   16.4   31.9   1411    3.9    311    8.1    29.1  -0.3   0.81   4.32  721.3     0.00   0.00    0.0  0.001  0.000  0.011  0.003  0.000  0.008
23:38:59 861.19   16.5   31.9   1409    4.0    309    8.1    29.1  -0.3   0.81   4.33  722.3     0.00   0.00    0.0  0.001  0.000  0.011  0.003  0.000  0.008
23:39:00 861.23   16.4   31.8   1409    4.0    313    8.1    29.0  -0.4   0.81   4.30  723.3     0.00   0.00    0.0  0.001  0.000  0.011  0.003  0.000  0.008
23:39:00 860.93   16.4   31.8   1412    4.1    306    8.1    29.1  -0.3   0.81   4.32  724.3     0.00   0.00    0.0  0.001  0.000  0.011  0.003  0.000  0.008
23:39:02 860.90   16.5   31.9   1412    4.1    305    8.1    29.1  -0.3   0.81   4.35  725.3     0.00   0.00    0.0  0.001  0.000  0.011  0.004  0.000  0.008
23:39:03 860.85   16.4   31.9   1412    4.0    308    8.1    29.1  -0.3   0.81   4.33  726.3     0.00   0.00    0.0  0.001  0.000  0.011  0.003  0.000  0.008
23:39:04 860.81   16.4   31.8   1413    3.9    306    8.1    29.1  -0.3   0.81   4.32  727.3     0.00   0.00    0.0  0.001  0.000  0.011  0.003  0.000  0.008
23:39:05 860.68   16.4   31.9   1414    3.9    311    8.1    29.1  -0.4   0.81   4.31  728.3     0.00   0.00    0.0  0.001  0.000  0.011  0.003  0.000  0.008
23:39:06 860.90   16.4   31.9   1412    3.9    302    8.1    29.1  -0.4   0.81   4.31  729.3     0.00   0.00    0.0  0.001  0.000  0.011  0.003  0.000  0.008
23:39:07 860.87   16.4   31.8   1412    3.9    305    8.1    29.1  -0.4   0.81   4.31  730.3     0.00   0.00    0.0  0.001  0.000  0.011  0.003  0.000  0.008
23:39:09 860.81   16.4   31.9   1413    3.9    305    8.1    29.1  -0.3   0.81   4.33  732.3     0.00   0.00    0.0  0.001  0.000  0.011  0.003  0.000  0.008
23:39:11 860.57   16.4   31.9   1415    3.9    308    8.1    29.1  -0.3   0.81   4.33  734.3     0.00   0.00    0.0  0.001  0.000  0.011  0.003  0.000  0.008
23:39:12 860.62   16.5   31.9   1415    3.7    305    8.1    29.2  -0.3   0.81   4.34  735.3     0.00   0.00    0.0  0.001  0.000  0.011  0.003  0.000  0.008
23:39:13 860.65   16.4   31.9   1414    3.3    320    8.1    29.1  -0.4   0.81   4.31  736.3     0.00   0.00    0.0  0.001  0.000  0.011  0.003  0.000  0.008
23:39:14 860.52   16.4   31.9   1416    3.2    305    8.1    29.1  -0.3   0.81   4.32  737.3     0.00   0.00    0.0  0.001  0.000  0.011  0.003  0.000  0.008
23:39:15 860.67   16.4   31.9   1414    3.1    314    8.1    29.1  -0.4   0.81   4.32  738.3     0.00   0.00    0.0  0.001  0.000  0.011  0.003  0.000  0.008
23:39:16 860.73   16.4   31.9   1414    3.2    305    8.1    29.1  -0.3   0.81   4.32  739.3     0.00   0.00    0.0  0.001  0.000  0.011  0.003  0.000  0.008
23:39:17 860.53   16.4   31.9   1415    3.3    324    8.1    29.1  -0.4   0.81   4.31  740.3     0.00   0.00    0.0  0.001  0.000  0.011  0.003  0.000  0.008
23:39:18 860.49   16.4   31.9   1416    3.2    297    8.1    29.1  -0.4   0.81   4.30  741.3     0.00   0.00    0.0  0.001  0.000  0.011  0.003  0.000  0.008
23:39:19 860.50   16.3   31.8   1416    3.5    302    8.1    29.0  -0.4   0.81   4.29  742.3     0.00   0.00    0.0  0.001  0.000  0.011  0.003  0.000  0.008
23:39:20 860.48   16.3   31.9   1416    3.8    321    8.1    29.0  -0.4   0.81   4.30  743.3     0.00   0.00    0.0  0.001  0.000  0.011  0.003  0.000  0.008
23:39:26 860.35   16.4   32.1   1417    4.2    278    8.1    29.1  -0.3   0.81   4.35  749.3     0.00   0.00    0.0  0.001  0.000  0.011  0.003  0.000  0.008
23:39:26 860.16   16.4   32.1   1419    4.8    276    8.1    29.1  -0.3   0.81   4.34  750.3     0.00   0.00    0.0  0.001  0.000  0.011  0.003  0.000  0.008
23:39:27 860.08   16.4   32.1   1420    5.0    287    8.1    29.1  -0.3   0.81   4.34  751.3     0.00   0.00    0.0  0.001  0.000  0.011  0.003  0.000  0.008
23:39:28 860.00   16.4   32.1   1421    4.7    303    8.1    29.1  -0.3   0.81   4.34  752.3     0.00   0.00    0.0  0.001  0.000  0.011  0.003  0.000  0.008
23:39:33 860.04   16.2   32.0   1420    5.0    259    8.1    28.9  -0.5   0.81   4.27  757.3     0.00   0.00    0.0  0.001  0.000  0.011  0.003  0.000  0.008
23:39:34 860.01   16.2   32.0   1421    4.6    269    8.1    28.9  -0.5   0.81   4.28  758.3     0.00   0.00    0.0  0.001  0.000  0.011  0.003  0.000  0.008
23:39:36 859.88   16.2   32.0   1422    4.3    288    8.1    28.9  -0.5   0.81   4.27  759.3     0.00   0.00    0.0  0.001  0.000  0.011  0.003  0.000  0.008
23:39:38 860.12   16.2   32.0   1420    3.5    261    8.1    28.9  -0.5   0.81   4.27  761.3     0.00   0.00    0.0  0.001  0.000  0.011  0.004  0.000  0.008
23:39:40 859.94   16.2   32.0   1421    3.3    264    8.1    29.0  -0.5   0.81   4.28  764.3     0.00   0.00    0.0  0.001  0.000  0.011  0.003  0.000  0.008
23:39:41 859.87   16.2   32.1   1422    3.1    285    8.1    28.9  -0.5   0.81   4.28  765.3     0.00   0.00    0.0  0.001  0.000  0.011  0.004  0.000  0.008
23:39:42 859.76   16.2   32.1   1423    3.1    289    8.1    28.9  -0.5   0.81   4.28  766.3     0.00   0.00    0.0  0.001  0.000  0.011  0.003  0.000  0.008
23:39:43 859.61   16.2   32.1   1425    3.0    264    8.1    28.9  -0.5   0.81   4.28  767.3     0.00   0.00    0.0  0.001  0.000  0.011  0.003  0.000  0.008
23:39:45 859.77   16.1   32.0   1423    2.9    287    8.1    28.9  -0.5   0.81   4.26  768.3     0.00   0.00    0.0  0.001  0.000  0.011  0.003  0.000  0.008
23:39:46 859.61   16.2   32.1   1425    3.1    309    8.1    29.0  -0.4   0.81   4.30  770.2     0.00   0.00    0.0  0.001  0.000  0.011  0.004  0.000  0.008
23:39:47 859.73   16.2   32.2   1423    3.2    321    8.1    28.9  -0.5   0.81   4.29  771.2     0.00   0.00    0.0  0.001  0.000  0.011  0.004  0.000  0.008
23:39:49 859.53   16.3   32.4   1425    3.7    299    8.1    29.1  -0.2   0.81   4.39  773.2     0.00   0.00    0.0  0.001  0.000  0.011  0.004  0.000  0.008
23:39:50 859.54   16.3   32.5   1425    4.0    267    8.1    29.1  -0.2   0.81   4.38  774.2     0.00   0.00    0.0  0.001  0.000  0.011  0.003  0.000  0.008
23:39:51 859.59   16.3   32.5   1425    3.8    285    8.1    29.1  -0.2   0.81   4.38  775.2     0.00   0.00    0.0  0.001  0.000  0.011  0.003  0.000  0.008
23:39:53 859.63   16.3   32.4   1424    3.7    273    8.1    29.1  -0.2   0.81   4.36  777.2     0.00   0.00    0.0  0.001  0.000  0.011  0.004  0.000  0.008
23:39:56 859.47   16.2   32.5   1426    4.2    288    8.1    29.0  -0.2   0.81   4.37  780.2     0.00   0.00    0.0  0.001  0.000  0.011  0.003  0.000  0.008
23:39:57 859.36   16.3   32.4   1427    4.9    311    8.1    29.1  -0.2   0.81   4.36  781.2     0.00   0.00    0.0  0.001  0.000  0.011  0.003  0.000  0.008
23:39:58 859.31   16.3   32.6   1428    5.0    281    8.1    29.1  -0.2   0.81   4.39  782.2     0.00   0.00    0.0  0.001  0.000  0.011  0.003  0.000  0.008
23:40:00 859.30   16.2   32.4   1428    4.6    290    8.1    29.1  -0.3   0.81   4.35  784.2     0.00   0.00    0.0  0.001  0.000  0.011  0.003  0.000  0.008
23:40:02 859.64   16.2   32.4   1424    4.6    307    8.1    28.9  -0.3   0.81   4.33  786.2     0.00   0.00    0.0  0.001  0.000  0.011  0.004  0.000  0.008
23:40:03 859.52   16.3   32.3   1425    4.4    291    8.1    29.0  -0.3   0.81   4.35  787.2     0.00   0.00    0.0  0.001  0.000  0.011  0.003  0.000  0.008
23:40:04 859.35   16.3   32.4   1427    4.0    301    8.1    29.1  -0.2   0.81   4.37  788.2     0.00   0.00    0.0  0.001  0.000  0.011  0.003  0.000  0.008
23:40:05 859.39   16.3   32.5   1427    3.9    309    8.1    29.1  -0.2   0.81   4.38  789.2     0.00   0.00    0.0  0.001  0.000  0.011  0.003  0.000  0.008
23:40:06 859.45   16.3   32.4   1426    3.9    335    8.1    29.2  -0.2   0.81   4.39  790.2     0.00   0.00    0.0  0.001  0.000  0.011  0.003  0.000  0.008
23:40:07 859.45   16.3   32.3   1426    3.7    341    8.1    29.1  -0.3   0.81   4.36  791.2     0.00   0.00    0.0  0.001  0.000  0.011  0.003  0.000  0.008
23:40:08 859.33   16.3   32.3   1427    3.4    311    8.1    29.1  -0.3   0.81   4.34  792.2     0.00   0.00    0.0  0.001  0.000  0.011  0.004  0.000  0.008
23:40:12 859.05   16.3   32.5   1430    4.9    356    8.1    29.2  -0.2   0.81   4.40  796.2     0.00   0.00    0.0  0.001  0.000  0.011  0.003  0.000  0.008
23:40:13 858.87   16.3   32.4   1432    4.6    357    8.1    29.2  -0.2   0.81   4.39  797.2     0.00   0.00    0.0  0.001  0.000  0.011  0.003  0.000  0.008
23:40:14 858.84   16.3   32.3   1432    5.0    351    8.1    29.1  -0.3   0.81   4.34  798.2     0.00   0.00    0.0  0.001  0.000  0.011  0.004  0.000  0.008
23:40:15 858.97   16.2   32.3   1431    5.7    352    8.1    29.1  -0.3   0.81   4.33  799.2     0.00   0.00    0.0  0.001  0.000  0.010  0.003  0.000  0.008
23:40:17 858.72   16.3   32.4   1433    6.6    356    8.1    29.1  -0.2   0.81   4.37  801.2     0.00   0.00    0.0  0.001  0.000  0.011  0.003  0.000  0.008
23:40:18 858.79   16.3   32.4   1433    6.5    350    8.1    29.1  -0.3   0.81   4.36  802.2     0.00   0.00    0.0  0.001  0.000  0.011  0.004  0.000  0.008
23:40:19 858.69   16.3   32.4   1434    6.0     11    8.1    29.1  -0.3   0.81   4.36  803.2     0.00   0.00    0.0  0.001  0.000  0.010  0.003  0.000  0.008
23:40:23 858.62   16.2   32.5   1434    4.8    350    8.1    29.1  -0.2   0.81   4.37  807.2     0.00   0.00    0.0  0.001  0.000  0.011  0.003  0.000  0.008
23:40:25 858.41   16.3   32.4   1436    4.5    358    8.1    29.3  -0.2   0.81   4.39  809.2     0.00   0.00    0.0  0.001  0.000  0.010  0.003  0.000  0.008
23:40:28 858.37   16.3   32.2   1437    4.4    352    8.1    29.2  -0.3   0.81   4.35  812.2     0.00   0.00    0.0  0.001  0.000  0.010  0.003  0.000  0.008
23:40:31 858.25   16.3   32.2   1438    4.5    355    8.1    29.2  -0.3   0.81   4.34  815.2     0.00   0.00    0.0  0.001  0.000  0.010  0.004  0.000  0.008
23:40:33 858.17   16.2   32.2   1439    4.7    354    8.1    29.1  -0.4   0.81   4.32  817.2     0.00   0.00    0.0  0.001  0.000  0.010  0.003  0.000  0.008
23:40:34 858.14   16.2   32.2   1439    4.4    357    8.1    29.1  -0.4   0.81   4.31  818.2     0.00   0.00    0.0  0.001  0.000  0.011  0.003  0.000  0.008
23:40:35 858.21   16.2   32.2   1438    4.4    358    8.1    29.1  -0.4   0.81   4.31  819.2     0.00   0.00    0.0  0.001  0.000  0.010  0.003  0.000  0.008
23:40:39 857.95   16.2   32.3   1441    3.8    346    8.1    29.2  -0.3   0.81   4.35  823.2     0.00   0.00    0.0  0.001  0.000  0.010  0.003  0.000  0.008
23:40:40 858.11   16.2   32.3   1439    3.8    346    8.1    29.1  -0.4   0.81   4.33  824.2     0.00   0.00    0.0  0.001  0.000  0.010  0.003  0.000  0.008
23:40:41 858.20   16.1   32.5   1438    3.6    334    8.1    29.1  -0.3   0.81   4.34  825.2     0.00   0.00    0.0  0.001  0.000  0.010  0.003  0.000  0.008
23:40:44 857.87   16.1   32.5   1442    3.3    347    8.1    29.1  -0.3   0.81   4.34  828.2     0.00   0.00    0.0  0.001  0.000  0.010  0.003  0.000  0.008
23:40:45 857.88   15.9   32.3   1442    3.0      3    8.1    28.9  -0.6   0.81   4.25  829.2     0.00   0.00    0.0  0.001  0.000  0.010  0.004  0.000  0.008
23:40:46 857.84   16.0   32.4   1442    2.9      6    8.1    29.0  -0.5   0.81   4.28  830.2     0.00   0.00    0.0  0.001  0.000  0.010  0.003  0.000  0.008
23:40:47 857.92   16.1   32.3   1441    2.8      7    8.1    29.1  -0.4   0.81   4.31  831.2     0.00   0.00    0.0  0.001  0.000  0.010  0.003  0.000  0.008
23:40:51 857.57   16.0   32.3   1445    3.0     26    8.1    29.0  -0.5   0.81   4.27  835.2     0.00   0.00    0.0  0.001  0.000  0.010  0.004  0.000  0.008
23:40:52 857.53   16.0   32.4   1445    3.0     42    8.1    29.0  -0.4   0.81   4.30  836.2     0.00   0.00    0.0  0.001  0.000  0.010  0.003  0.000  0.008
23:40:54 857.56   16.0   32.2   1445    2.6     50    8.1    28.9  -0.6   0.81   4.24  838.2     0.00   0.00    0.0  0.001  0.000  0.010  0.004  0.000  0.008
23:40:55 857.66   16.0   32.2   1444    2.5     62    8.1    29.0  -0.6   0.81   4.26  839.2     0.00   0.00    0.0  0.001  0.000  0.010  0.003  0.000  0.008
23:40:56 857.37   15.9   32.3   1447    2.2     43    8.1    28.9  -0.6   0.81   4.26  840.2     0.00   0.00    0.0  0.001  0.000  0.010  0.004  0.000  0.008
23:40:57 857.40   16.0   32.2   1446    2.0     33    8.1    29.0  -0.5   0.81   4.28  841.2     0.00   0.00    0.0  0.001  0.000  0.010  0.004  0.000  0.008
23:40:58 857.43   16.0   32.2   1446    1.8     28    8.1    28.9  -0.6   0.81   4.25  842.2     0.00   0.00    0.0  0.001  0.000  0.010  0.003  0.000  0.008
23:40:59 857.40   15.9   32.3   1446    1.4     19    8.1    28.9  -0.6   0.81   4.23  843.2     0.00   0.00    0.0  0.001  0.000  0.010  0.004  0.000  0.008
23:41:01 857.49   15.9   32.4   1446    1.4      3    8.1    28.9  -0.6   0.81   4.26  845.2     0.00   0.00    0.0  0.001  0.000  0.010  0.004  0.000  0.008
23:41:02 857.48   15.9   32.4   1446    1.2    350    8.1    28.8  -0.6   0.81   4.24  846.2     0.00   0.00    0.0  0.001  0.000  0.010  0.004  0.000  0.008
23:41:03 857.68   15.9   32.4   1444    1.2    346    8.1    28.8  -0.6   0.81   4.25  847.2     0.00   0.00    0.0  0.001  0.000  0.010  0.004  0.000  0.008
23:41:04 857.47   16.0   32.4   1446    1.3    343    8.1    29.0  -0.5   0.81   4.29  848.2     0.00   0.00    0.0  0.001  0.000  0.010  0.004  0.000  0.008
23:41:06 857.32   16.0   32.3   1447    1.8    351    8.1    29.0  -0.6   0.81   4.25  850.2     0.00   0.00    0.0  0.001  0.000  0.010  0.004  0.000  0.008
23:41:08 857.30   16.0   32.2   1447    2.4    355    8.1    29.0  -0.6   0.81   4.25  852.2     0.00   0.00    0.0  0.001  0.000  0.010  0.004  0.000  0.008
23:41:09 857.50   16.0   32.3   1445    2.7    351    8.1    29.0  -0.5   0.81   4.28  853.2     0.00   0.00    0.0  0.001  0.000  0.010  0.004  0.000  0.008
23:41:11 857.43   15.9   32.4   1446    3.3    356    8.1    28.9  -0.6   0.81   4.26  855.2     0.00   0.00    0.0  0.001  0.000  0.010  0.004  0.000  0.008
23:41:12 857.30   15.9   32.4   1447    3.5    359    8.1    28.9  -0.6   0.81   4.26  856.2     0.00   0.00    0.0  0.001  0.000  0.010  0.004  0.000  0.008
23:41:13 857.35   16.0   32.4   1447    3.7      0    8.1    29.0  -0.5   0.81   4.28  857.2     0.00   0.00    0.0  0.001  0.000  0.010  0.004  0.000  0.008
23:41:14 857.30   16.0   32.4   1447    3.8      2    8.1    29.0  -0.5   0.81   4.28  858.2     0.00   0.00    0.0  0.001  0.000  0.010  0.004  0.000  0.008
23:41:15 857.20   15.9   32.4   1448    3.8    360    8.1    28.9  -0.6   0.81   4.26  859.2     0.00   0.00    0.0  0.001  0.000  0.010  0.004  0.000  0.008
23:41:17 857.22   15.9   32.5   1448    3.8      1    8.1    28.9  -0.5   0.81   4.27  861.2     0.00   0.00    0.0  0.001  0.000  0.010  0.004  0.000  0.008
23:41:19 856.91   15.9   32.4   1451    3.6    359    8.1    28.9  -0.6   0.81   4.26  863.2     0.00   0.00    0.0  0.001  0.000  0.010  0.004  0.000  0.008
23:41:20 856.77   15.9   32.5   1453    3.5    357    8.1    29.0  -0.6   0.81   4.27  864.2     0.00   0.00    0.0  0.001  0.000  0.010  0.004  0.000  0.008
23:41:21 856.70   15.9   32.5   1453    3.4      1    8.1    29.0  -0.5   0.81   4.29  865.2     0.00   0.00    0.0  0.001  0.000  0.010  0.004  0.000  0.008
23:41:22 856.82   15.9   32.6   1452    3.3      1    8.1    29.0  -0.5   0.81   4.29  866.2     0.00   0.00    0.0  0.001  0.000  0.010  0.004  0.000  0.008
23:41:23 856.69   16.0   32.6   1453    3.2      4    8.1    29.0  -0.5   0.81   4.30  867.2     0.00   0.00    0.0  0.001  0.000  0.010  0.004  0.000  0.008
23:41:24 856.94   16.0   32.6   1451    3.1      4    8.1    29.1  -0.4   0.81   4.32  868.2     0.00   0.00    0.0  0.001  0.000  0.010  0.004  0.000  0.008
23:41:25 856.88   15.9   32.4   1452    3.0      6    8.1    29.0  -0.5   0.81   4.27  869.2     0.00   0.00    0.0  0.001  0.000  0.010  0.004  0.000  0.008
23:41:28 856.47   15.9   32.5   1456    3.1    359    8.1    28.9  -0.6   0.81   4.27  872.1     0.00   0.00    0.0  0.001  0.000  0.010  0.004  0.000  0.008
23:41:29 856.35   15.9   32.5   1457    3.2      1    8.1    29.0  -0.6   0.81   4.27  873.1     0.00   0.00    0.0  0.001  0.000  0.010  0.004  0.000  0.008
23:41:30 856.82   15.8   32.5   1452    3.2      2    8.1    28.9  -0.6   0.81   4.25  874.1     0.00   0.00    0.0  0.001  0.000  0.010  0.004  0.000  0.008
23:41:31 856.58   15.8   32.5   1455    3.2    359    8.1    28.9  -0.6   0.81   4.26  875.1     0.00   0.00    0.0  0.001  0.001  0.010  0.004  0.000  0.008
23:41:32 856.57   15.8   32.5   1455    3.2    358    8.1    28.9  -0.6   0.81   4.26  876.1     0.00   0.00    0.0  0.001  0.000  0.010  0.004  0.000  0.008
23:41:33 856.58   15.9   32.5   1455    3.2    356    8.1    28.9  -0.5   0.81   4.27  877.1     0.00   0.00    0.0  0.001  0.000  0.010  0.004  0.000  0.008
23:41:34 856.65   15.8   32.6   1454    3.0    354    8.1    28.9  -0.5   0.81   4.27  878.1     0.00   0.00    0.0  0.001  0.000  0.010  0.004  0.000  0.008
23:41:36 856.54   15.8   32.5   1455    2.9    359    8.1    28.9  -0.6   0.81   4.24  880.1     0.00   0.00    0.0  0.001  0.000  0.010  0.004  0.000  0.008
23:41:39 856.38   15.8   32.5   1456    2.8      1    8.1    28.9  -0.6   0.81   4.25  883.1     0.00   0.00    0.0  0.001  0.001  0.010  0.004  0.000  0.008
23:41:40 856.50   15.8   32.6   1455    2.9    360    8.1    28.9  -0.6   0.81   4.26  884.1     0.00   0.00    0.0  0.001  0.001  0.010  0.004  0.000  0.008
23:41:41 856.36   15.8   32.6   1457    3.3    353    8.1    28.9  -0.6   0.81   4.26  885.1     0.00   0.00    0.0  0.001  0.000  0.010  0.004  0.000  0.008
23:41:42 856.29   15.8   32.5   1457    3.4    354    8.1    28.9  -0.6   0.81   4.26  886.1     0.00   0.00    0.0  0.001  0.001  0.010  0.004  0.000  0.008
23:41:45 856.28   15.9   32.4   1458    4.4    351    8.1    29.0  -0.6   0.81   4.27  889.1     0.00   0.00    0.0  0.001  0.000  0.010  0.004  0.000  0.008
23:41:48 856.19   15.9   32.5   1458    4.5    348    8.1    29.0  -0.5   0.81   4.27  892.1     0.00   0.00    0.0  0.001  0.001  0.010  0.004  0.000  0.008
23:41:50 856.09   15.9   32.8   1459    4.6    348    8.1    29.0  -0.4   0.81   4.31  894.1     0.00   0.00    0.0  0.001  0.000  0.010  0.004  0.000  0.008
23:41:51 855.90   15.8   32.8   1461    4.6    353    8.1    29.0  -0.5   0.81   4.30  895.1     0.00   0.00    0.0  0.001  0.000  0.010  0.004  0.000  0.008
23:41:54 855.96   15.9   32.8   1461    5.0    358    8.1    29.0  -0.5   0.81   4.30  898.1     0.00   0.00    0.0  0.001  0.000  0.010  0.004  0.000  0.008
23:41:55 855.81   15.9   32.7   1462    5.0    353    8.1    29.0  -0.5   0.81   4.30  899.1     0.00   0.00    0.0  0.001  0.000  0.010  0.004  0.000  0.008
23:41:56 855.66   15.8   32.7   1464    4.8    351    8.1    29.0  -0.5   0.81   4.29  900.1     0.00   0.00    0.0  0.001  0.000  0.010  0.004  0.000  0.008
23:41:57 855.79   15.9   32.8   1462    4.6    346    8.1    29.0  -0.5   0.81   4.31  901.1     0.00   0.00    0.0  0.001  0.000  0.010  0.004  0.000  0.008
23:41:59 855.84   15.8   32.7   1462    4.4    360    8.1    29.0  -0.5   0.81   4.29  903.1     0.00   0.00    0.0  0.001  0.000  0.010  0.004  0.000  0.008
23:42:02 855.80   15.8   32.7   1462    3.6    358    8.1    29.0  -0.5   0.81   4.28  906.1     0.00   0.00    0.0  0.001  0.000  0.010  0.004  0.000  0.008
23:42:08 855.59   16.0   32.7   1464    3.5    352    8.1    29.2  -0.4   0.81   4.34  912.1     0.00   0.00    0.0  0.001  0.000  0.010  0.004  0.000  0.008
23:42:09 855.39   16.0   32.5   1466    3.9    351    8.1    29.2  -0.4   0.81   4.32  913.1     0.00   0.00    0.0  0.001  0.001  0.010  0.004  0.000  0.008
23:42:10 855.67   16.0   32.5   1464    4.1    354    8.1    29.1  -0.5   0.81   4.30  914.1     0.00   0.00    0.0  0.001  0.001  0.010  0.004  0.000  0.008
23:42:11 855.51   16.0   32.5   1465    4.3    350    8.1    29.2  -0.4   0.81   4.31  915.1     0.00   0.00    0.0  0.001  0.000  0.010  0.004  0.000  0.008
23:42:12 855.37   15.9   32.5   1466    4.5    347    8.1    29.1  -0.5   0.81   4.30  916.1     0.00   0.00    0.0  0.001  0.001  0.010  0.004  0.000  0.008
23:42:13 855.25   15.9   32.4   1468    4.4    349    8.1    29.1  -0.6   0.81   4.27  917.1     0.00   0.00    0.0  0.001  0.001  0.010  0.004  0.000  0.008
23:42:15 855.52   15.9   32.4   1465    4.1    345    8.1    29.1  -0.5   0.81   4.27  919.1     0.00   0.00    0.0  0.001  0.001  0.010  0.004  0.000  0.008
23:42:16 855.24   15.9   32.5   1468    4.2    353    8.1    29.1  -0.5   0.81   4.29  920.1     0.00   0.00    0.0  0.001  0.001  0.010  0.004  0.000  0.008
23:42:17 855.40   16.0   32.4   1466    4.2    356    8.1    29.2  -0.5   0.81   4.29  921.1     0.00   0.00    0.0  0.001  0.001  0.010  0.004  0.000  0.008
23:42:18 855.29   16.0   32.4   1467    3.9    353    8.1    29.2  -0.5   0.81   4.28  922.1     0.00   0.00    0.0  0.001  0.001  0.010  0.004  0.000  0.007
23:42:19 855.01   16.0   32.3   1470    3.8    355    8.1    29.2  -0.5   0.81   4.28  923.1     0.00   0.00    0.0  0.001  0.001  0.010  0.004  0.000  0.008
23:42:20 855.23   15.8   32.2   1468    3.8    360    8.1    29.0  -0.7   0.81   4.22  924.1     0.00   0.00    0.0  0.001  0.001  0.010  0.004  0.000  0.008
23:42:21 855.08   16.0   32.2   1469    4.1    355    8.1    29.2  -0.6   0.81   4.26  925.1     0.00   0.00    0.0  0.001  0.001  0.010  0.004  0.000  0.008
23:42:22 855.08   16.0   32.1   1469    3.9    354    8.1    29.2  -0.6   0.81   4.25  926.1     0.00   0.00    0.0  0.001  0.001  0.010  0.004  0.000  0.008
23:42:23 855.16   15.9   32.0   1469    3.9    359    8.1    29.1  -0.7   0.81   4.21  927.1     0.00   0.00    0.0  0.001  0.001  0.010  0.004  0.000  0.007
23:42:24 855.08   16.0   32.0   1469    3.9    354    8.1    29.2  -0.6   0.81   4.25  928.1     0.00   0.00    0.0  0.001  0.001  0.010  0.004  0.000  0.008
23:42:25 854.94   15.9   31.8   1471    3.9    358    8.1    29.1  -0.8   0.81   4.18  929.1     0.00   0.00    0.0  0.001  0.001  0.010  0.004  0.000  0.008
23:42:26 855.03   15.8   31.8   1470    3.9    360    8.1    29.0  -0.9   0.81   4.14  930.1     0.00   0.00    0.0  0.001  0.001  0.010  0.004  0.000  0.008
23:42:28 855.16   15.8   31.7   1469    3.9    360    8.1    29.0  -0.9   0.81   4.14  932.1     0.00   0.00    0.0  0.001  0.001  0.010  0.004  0.000  0.008
23:42:29 855.01   15.9   31.8   1470    3.9      1    8.1    29.2  -0.8   0.81   4.19  933.1     0.00   0.00    0.0  0.001  0.001  0.010  0.004  0.000  0.007
23:42:31 854.77   15.9   31.8   1472    3.9    359    8.1    29.2  -0.8   0.81   4.18  935.1     0.00   0.00    0.0  0.001  0.001  0.010  0.004  0.000  0.008
23:42:32 854.69   15.9   31.8   1473    3.9    359    8.1    29.2  -0.8   0.81   4.19  936.1     0.00   0.00    0.0  0.001  0.001  0.010  0.004  0.000  0.008
23:42:33 854.81   15.9   31.7   1472    3.8    359    8.1    29.2  -0.9   0.81   4.17  937.1     0.00   0.00    0.0  0.001  0.001  0.010  0.004  0.000  0.008
23:42:34 854.76   15.9   31.6   1473    3.9      2    8.1    29.1  -0.9   0.81   4.15  938.1     0.00   0.00    0.0  0.001  0.001  0.010  0.004  0.000  0.008
23:42:35 854.90   15.8   31.6   1471    4.1      1    8.1    29.1  -1.0   0.81   4.13  939.1     0.00   0.00    0.0  0.001  0.001  0.010  0.004  0.000  0.007
23:42:36 854.72   15.8   31.5   1473    4.1      5    8.1    29.1  -1.0   0.80   4.12  940.1     0.00   0.00    0.0  0.001  0.001  0.010  0.004  0.000  0.008
23:42:37 854.65   15.8   31.5   1474    4.1      6    8.1    29.1  -1.0   0.80   4.10  941.1     0.00   0.00    0.0  0.001  0.001  0.010  0.004  0.000  0.007
23:42:38 854.71   15.8   31.4   1473    4.1      4    8.1    29.1  -1.1   0.80   4.10  942.1     0.00   0.00    0.0  0.001  0.001  0.010  0.004  0.000  0.007
23:42:39 854.74   15.8   31.3   1473    4.1      4    8.1    29.1  -1.1   0.80   4.07  943.1     0.00   0.00    0.0  0.001  0.001  0.010  0.004  0.000  0.008
23:42:41 854.65   15.8   31.1   1474    4.1      6    8.1    29.1  -1.2   0.80   4.05  945.1     0.00   0.00    0.0  0.001  0.001  0.010  0.004  0.000  0.008
23:42:42 854.49   15.8   31.1   1475    4.0      5    8.1    29.1  -1.2   0.80   4.04  946.1     0.00   0.00    0.0  0.001  0.001  0.010  0.004  0.000  0.008
23:42:43 854.58   15.8   31.0   1474    3.9      6    8.1    29.1  -1.3   0.80   4.03  947.1     0.00   0.00    0.0  0.001  0.001  0.010  0.004  0.000  0.008
23:42:44 854.64   15.8   30.8   1474    3.9      7    8.1    29.1  -1.3   0.80   4.01  948.1     0.00   0.00    0.0  0.001  0.001  0.010  0.004  0.000  0.008
23:42:46 854.48   15.9   30.8   1475    3.8      5    8.1    29.2  -1.2   0.80   4.04  950.1     0.00   0.00    0.0  0.001  0.001  0.010  0.004  0.000  0.007
23:42:47 854.48   16.0   30.9   1475    3.9      5    8.1    29.3  -1.2   0.80   4.06  951.1     0.00   0.00    0.0  0.001  0.001  0.010  0.004  0.000  0.008
23:42:48 854.59   15.9   30.9   1474    3.7      1    8.1    29.2  -1.2   0.80   4.06  952.1     0.00   0.00    0.0  0.001  0.001  0.010  0.004  0.000  0.007
23:42:49 854.24   16.0   31.0   1478    3.8      4    8.1    29.3  -1.1   0.80   4.07  953.1     0.00   0.00    0.0  0.001  0.001  0.010  0.004  0.000  0.007
23:42:50 854.28   15.8   30.7   1477    4.2    359    8.1    29.1  -1.3   0.80   4.01  954.1     0.00   0.00    0.0  0.001  0.001  0.010  0.004  0.000  0.008
23:42:52 854.09   16.0   31.1   1479    4.8      6    8.1    29.3  -1.1   0.80   4.09  956.1     0.00   0.00    0.0  0.001  0.001  0.010  0.004  0.000  0.008
23:42:53 854.41   16.0   30.9   1476    4.8      4    8.1    29.3  -1.1   0.80   4.08  957.1     0.00   0.00    0.0  0.001  0.001  0.010  0.004  0.000  0.007
23:42:55 854.24   16.1   31.1   1478    5.1      3    8.1    29.4  -1.0   0.80   4.13  959.1     0.00   0.00    0.0  0.001  0.001  0.010  0.004  0.000  0.007
23:42:56 853.99   15.9   31.1   1480    5.3      2    8.1    29.2  -1.2   0.80   4.06  960.1     0.00   0.00    0.0  0.001  0.001  0.010  0.004  0.000  0.008
23:42:57 854.01   15.9   31.1   1480    5.2      3    8.1    29.2  -1.1   0.80   4.08  961.1     0.00   0.00    0.0  0.001  0.001  0.010  0.004  0.000  0.008
23:42:58 854.19   15.9   31.1   1478    5.1    360    8.1    29.2  -1.1   0.80   4.07  962.1     0.00   0.00    0.0  0.001  0.001  0.010  0.004  0.000  0.008
23:42:59 853.92   15.9   31.1   1481    5.0      2    8.1    29.2  -1.2   0.80   4.07  963.1     0.00   0.00    0.0  0.001  0.001  0.010  0.004  0.000  0.008
23:43:00 853.93   15.9   31.1   1481    5.0    359    8.1    29.3  -1.1   0.80   4.08  964.1     0.00   0.00    0.0  0.001  0.001  0.010  0.004  0.000  0.008
23:43:01 853.90   15.8   31.1   1481    4.6      1    8.1    29.2  -1.2   0.80   4.05  965.1     0.00   0.00    0.0  0.001  0.001  0.010  0.004  0.000  0.008
23:43:02 854.08   15.9   31.1   1479    4.4    357    8.1    29.2  -1.2   0.80   4.07  966.1     0.00   0.00    0.0  0.001  0.001  0.010  0.004  0.000  0.007
23:43:03 853.93   15.9   31.1   1481    4.3    356    8.1    29.2  -1.1   0.80   4.08  967.1     0.00   0.00    0.0  0.001  0.001  0.010  0.004  0.000  0.008
23:43:06 853.81   15.8   31.1   1482    3.7      1    8.1    29.2  -1.2   0.80   4.06  970.1     0.00   0.00    0.0  0.001  0.001  0.010  0.004  0.000  0.008
23:43:10 853.88   15.9   31.0   1481    3.5    353    8.1    29.3  -1.1   0.80   4.07  974.0     0.00   0.00    0.0  0.001  0.001  0.010  0.004  0.000  0.008
23:43:11 853.80   15.9   31.0   1482    3.3    350    8.1    29.3  -1.2   0.80   4.06  975.0     0.00   0.00    0.0  0.001  0.001  0.010  0.004  0.000  0.008
23:43:15 853.74   15.8   30.8   1483    2.9    353    8.1    29.2  -1.3   0.80   4.02  979.0     0.00   0.00    0.0  0.001  0.001  0.010  0.004  0.000  0.007
23:43:17 853.66   15.8   30.7   1484    2.7    352    8.1    29.2  -1.4   0.80   4.00  981.0     0.00   0.00    0.0  0.001  0.001  0.010  0.004  0.000  0.008
23:43:21 853.40   15.8   31.1   1486    3.6    359    8.1    29.2  -1.2   0.80   4.06  985.0     0.00   0.00    0.0  0.001  0.001  0.010  0.004  0.000  0.008
23:43:22 853.70   15.7   31.1   1483    3.9    356    8.1    29.1  -1.3   0.80   4.03  986.0     0.00   0.00    0.0  0.001  0.001  0.010  0.004  0.000  0.007
23:43:26 853.50   15.7   31.3   1485    3.6    354    8.1    29.1  -1.2   0.80   4.05  990.0     0.00   0.00    0.0  0.001  0.001  0.010  0.004  0.000  0.008
23:43:27 853.41   15.7   31.5   1486    3.3    359    8.1    29.1  -1.1   0.80   4.09  991.0     0.00   0.00    0.0  0.001  0.001  0.010  0.004  0.000  0.007
23:43:28 853.46   15.7   31.4   1485    3.2    355    8.1    29.1  -1.1   0.80   4.09  992.0     0.00   0.00    0.0  0.001  0.001  0.010  0.004  0.000  0.008
23:43:30 853.23   15.8   31.3   1488    3.0      2    8.1    29.2  -1.1   0.80   4.08  994.0     0.00   0.00    0.0  0.001  0.001  0.010  0.004  0.000  0.007
23:43:31 853.09   15.7   31.5   1489    3.2    356    8.1    29.1  -1.1   0.80   4.08  995.0     0.00   0.00    0.0  0.001  0.001  0.010  0.004  0.000  0.007
23:43:32 853.29   15.7   31.4   1487    3.4    349    8.1    29.1  -1.2   0.80   4.07  996.0     0.00   0.00    0.0  0.001  0.001  0.010  0.004  0.000  0.007
23:43:34 853.05   15.7   31.3   1490    3.3    356    8.1    29.1  -1.2   0.80   4.05  998.0     0.00   0.00    0.0  0.001  0.001  0.010  0.004  0.000  0.008
23:43:35 853.06   15.8   31.1   1489    3.0    356    8.1    29.2  -1.2   0.80   4.05  999.0     0.00   0.00    0.0  0.001  0.001  0.010  0.004  0.000  0.007
23:43:38 853.16   15.7   30.8   1488    2.8      3    8.1    29.1  -1.4   0.80   3.98 1002.0     0.00   0.00    0.0  0.001  0.001  0.010  0.004  0.000  0.007
23:43:39 853.13   15.8   30.8   1489    2.7      1    8.1    29.2  -1.4   0.80   3.99 1003.0     0.00   0.00    0.0  0.001  0.001  0.010  0.004  0.000  0.007
23:43:40 852.95   15.8   30.7   1491    2.7    360    8.1    29.2  -1.4   0.80   4.00 1004.0     0.00   0.00    0.0  0.001  0.001  0.010  0.004  0.000  0.007
23:43:41 852.88   15.8   30.7   1491    2.7      0    8.1    29.2  -1.4   0.80   3.98 1005.0     0.00   0.00    0.0  0.001  0.001  0.010  0.004  0.000  0.008
23:43:42 853.07   15.7   30.7   1489    2.8      3    8.1    29.2  -1.5   0.80   3.97 1006.0     0.00   0.00    0.0  0.001  0.001  0.010  0.004  0.000  0.008
23:43:43 852.87   15.8   30.7   1491    3.0      4    8.1    29.2  -1.4   0.80   3.98 1007.0     0.00   0.00    0.0  0.001  0.001  0.010  0.004  0.000  0.007
23:43:44 852.94   15.7   30.7   1491    3.1      4    8.1    29.1  -1.5   0.80   3.96 1008.0     0.00   0.00    0.0  0.001  0.001  0.010  0.004  0.000  0.007
23:43:45 852.80   15.7   30.6   1492    3.0      6    8.1    29.2  -1.5   0.80   3.97 1009.0     0.00   0.00    0.0  0.002  0.001  0.010  0.004  0.000  0.008
23:43:46 852.92   15.7   30.7   1491    3.0      4    8.1    29.1  -1.5   0.80   3.97 1010.0     0.00   0.00    0.0  0.001  0.001  0.010  0.004  0.000  0.008
23:43:47 852.97   15.7   30.8   1490    3.0      4    8.1    29.2  -1.4   0.80   3.99 1011.0     0.00   0.00    0.0  0.001  0.001  0.010  0.004  0.000  0.007
23:43:49 852.95   15.7   31.0   1491    3.0      3    8.1    29.1  -1.3   0.80   4.01 1013.0     0.00   0.00    0.0  0.001  0.001  0.010  0.004  0.000  0.008
23:43:50 852.81   15.7   31.0   1492    2.9      5    8.1    29.2  -1.3   0.80   4.01 1014.0     0.00   0.00    0.0  0.001  0.001  0.010  0.004  0.000  0.008
23:43:52 852.79   15.6   31.3   1492    2.9      5    8.1    29.1  -1.3   0.80   4.04 1016.0     0.00   0.00    0.0  0.001  0.001  0.010  0.004  0.000  0.008
23:43:53 852.77   15.6   31.5   1492    3.0      1    8.1    29.1  -1.2   0.80   4.07 1017.0     0.00   0.00    0.0  0.001  0.001  0.010  0.004  0.000  0.008
23:43:54 852.68   15.6   31.5   1493    3.3      3    8.1    29.0  -1.2   0.80   4.05 1018.0     0.00   0.00    0.0  0.001  0.001  0.010  0.004  0.000  0.007
23:43:55 852.54   15.6   31.7   1495    3.4      0    8.1    29.0  -1.1   0.80   4.08 1019.0     0.00   0.00    0.0  0.001  0.001  0.010  0.004  0.000  0.008
23:43:56 852.61   15.6   31.9   1494    3.4    355    8.1    29.0  -1.1   0.80   4.10 1020.0     0.00   0.00    0.0  0.001  0.001  0.010  0.004  0.000  0.008
23:43:57 852.85   15.6   32.0   1492    3.5    354    8.1    29.0  -1.0   0.80   4.12 1021.0     0.00   0.00    0.0  0.002  0.001  0.010  0.004  0.000  0.008
23:43:58 852.53   15.6   32.1   1495    3.6    358    8.1    29.0  -1.0   0.80   4.13 1022.0     0.00   0.00    0.0  0.001  0.001  0.010  0.004  0.000  0.007
23:43:59 852.67   15.5   32.2   1493    3.5    359    8.1    29.0  -1.0   0.81   4.13 1023.0     0.00   0.00    0.0  0.001  0.001  0.010  0.004  0.000  0.008
23:44:01 852.46   15.5   32.4   1495    3.4      1    8.1    29.0  -0.9   0.81   4.17 1025.0     0.00   0.00    0.0  0.001  0.001  0.010  0.004  0.000  0.008
23:44:02 852.53   15.5   32.5   1495    3.3    353    8.1    29.0  -0.9   0.81   4.18 1026.0     0.00   0.00    0.0  0.001  0.001  0.010  0.004  0.000  0.008
23:44:03 852.54   15.5   32.6   1495    3.2    354    8.1    29.0  -0.9   0.81   4.18 1027.0     0.00   0.00    0.0  0.001  0.001  0.010  0.004  0.000  0.007
23:44:05 852.48   15.5   32.6   1495    3.2    357    8.1    29.0  -0.8   0.81   4.19 1029.0     0.00   0.00    0.0  0.001  0.001  0.010  0.004  0.000  0.007
23:44:07 852.28   15.5   32.8   1497    3.2    345    8.1    29.0  -0.8   0.81   4.21 1031.0     0.00   0.00    0.0  0.001  0.001  0.010  0.004  0.000  0.007
23:44:08 852.26   15.5   32.8   1497    3.2    351    8.1    28.9  -0.8   0.81   4.21 1032.0     0.00   0.00    0.0  0.002  0.001  0.010  0.004  0.000  0.008
23:44:11 852.15   15.5   33.0   1498    3.4    359    8.1    29.0  -0.7   0.81   4.25 1035.0     0.00   0.00    0.0  0.001  0.001  0.010  0.004  0.000  0.007
23:44:12 852.27   15.5   32.9   1497    3.4    359    8.1    28.9  -0.8   0.81   4.22 1036.0     0.00   0.00    0.0  0.001  0.001  0.010  0.004  0.000  0.008
23:44:13 852.14   15.5   33.0   1499    3.5      1    8.1    29.0  -0.7   0.81   4.24 1037.0     0.00   0.00    0.0  0.002  0.001  0.010  0.004  0.000  0.008
23:44:15 852.28   15.5   33.0   1497    3.4    359    8.1    29.0  -0.6   0.81   4.26 1039.0     0.00   0.00    0.0  0.001  0.001  0.010  0.004  0.000  0.008
23:44:16 852.32   15.5   33.0   1497    3.4      2    8.1    29.0  -0.7   0.81   4.25 1040.0     0.00   0.00    0.0  0.002  0.001  0.010  0.004  0.000  0.007
23:44:18 852.38   15.5   33.0   1496    3.6      2    8.1    29.0  -0.6   0.81   4.26 1042.0     0.00   0.00    0.0  0.002  0.001  0.010  0.004  0.000  0.007
23:44:19 852.48   15.6   32.9   1495    3.6      4    8.1    29.0  -0.6   0.81   4.25 1043.0     0.00   0.00    0.0  0.002  0.001  0.010  0.004  0.000  0.007
23:44:25 852.63   15.7   32.4   1494    5.8     15    8.0    29.2  -0.7   0.81   4.22 1049.0     0.00   0.00    0.0  0.002  0.001  0.010  0.004  0.000  0.007
23:44:28 852.61   15.7   32.0   1494    6.6      5    8.0    29.1  -0.9   0.81   4.15 1052.0     0.00   0.00    0.0  0.002  0.001  0.010  0.004  0.000  0.007
23:44:29 852.71   15.7   31.9   1493    6.2    358    8.0    29.2  -0.9   0.81   4.16 1053.0     0.00   0.00    0.0  0.002  0.001  0.010  0.004  0.000  0.007
23:44:32 853.12   15.6   31.8   1489    4.4      6    8.0    29.0  -1.1   0.80   4.10 1056.0     0.00   0.00    0.0  0.002  0.001  0.010  0.004  0.000  0.007
23:44:33 852.96   15.6   32.0   1490    4.0      4    8.0    29.1  -1.0   0.81   4.14 1057.0     0.00   0.00    0.0  0.001  0.001  0.010  0.004  0.000  0.007
23:44:34 853.07   15.6   32.1   1489    3.8      2    8.0    29.0  -1.0   0.81   4.14 1058.0     0.00   0.00    0.0  0.002  0.001  0.010  0.004  0.000  0.007
23:44:35 853.06   15.6   32.1   1489    3.6      4    8.0    29.0  -1.0   0.81   4.14 1059.0     0.00   0.00    0.0  0.002  0.001  0.010  0.004  0.000  0.007
23:44:36 853.22   15.6   32.2   1488    3.3      4    8.0    29.0  -0.9   0.81   4.16 1060.0     0.00   0.00    0.0  0.001  0.001  0.010  0.004  0.000  0.007
23:44:38 853.23   15.7   32.3   1488    3.0    359    8.0    29.1  -0.8   0.81   4.19 1062.0     0.00   0.00    0.0  0.002  0.001  0.010  0.004  0.000  0.007
23:44:39 853.57   15.6   32.2   1484    3.0    360    8.0    29.0  -0.9   0.81   4.17 1063.0     0.00   0.00    0.0  0.002  0.001  0.010  0.004  0.000  0.007
23:44:40 853.51   15.6   32.3   1485    3.1    360    8.0    29.0  -0.9   0.81   4.17 1064.0     0.00   0.00    0.0  0.002  0.001  0.010  0.004  0.000  0.007
23:44:41 853.70   15.6   32.4   1483    3.3      1    8.0    28.9  -0.9   0.81   4.18 1065.0     0.00   0.00    0.0  0.002  0.001  0.010  0.004  0.000  0.007
23:44:42 853.61   15.7   32.4   1484    3.5    358    8.0    29.0  -0.8   0.81   4.21 1066.0     0.00   0.00    0.0  0.002  0.001  0.010  0.004  0.000  0.007
23:44:43 853.43   15.6   32.6   1486    3.6    359    8.0    29.0  -0.7   0.81   4.22 1067.0     0.00   0.00    0.0  0.002  0.001  0.010  0.004  0.000  0.007
23:44:44 853.64   15.7   32.6   1484    3.6    356    8.0    29.0  -0.7   0.81   4.23 1068.0     0.00   0.00    0.0  0.001  0.001  0.010  0.004  0.000  0.007
23:44:46 853.82   15.6   32.7   1482    3.6    359    8.0    28.9  -0.7   0.81   4.23 1070.0     0.00   0.00    0.0  0.002  0.001  0.010  0.004  0.000  0.008
23:44:47 853.81   15.6   32.8   1482    3.6      0    8.0    28.9  -0.7   0.81   4.23 1071.0     0.00   0.00    0.0  0.002  0.001  0.010  0.004  0.000  0.007
23:44:48 854.01   15.6   32.8   1480    3.9      2    8.0    28.9  -0.6   0.81   4.25 1072.0     0.00   0.00    0.0  0.002  0.001  0.010  0.004  0.000  0.007
23:44:49 854.02   15.6   32.9   1480    3.9    357    8.0    28.9  -0.6   0.81   4.27 1072.9     0.00   0.00    0.0  0.002  0.001  0.010  0.004  0.000  0.007
23:44:50 854.13   15.5   33.1   1479    4.2      2    8.0    28.8  -0.6   0.81   4.26 1073.9     0.00   0.00    0.0  0.002  0.001  0.010  0.004  0.000  0.007
23:44:51 854.24   15.6   33.1   1478    4.6      1    8.0    28.9  -0.5   0.81   4.29 1074.9     0.00   0.00    0.0  0.002  0.001  0.010  0.004  0.000  0.007
23:44:52 854.16   15.6   33.3   1479    4.8    359    8.0    28.9  -0.5   0.81   4.31 1075.9     0.00   0.00    0.0  0.002  0.001  0.010  0.004  0.000  0.007
23:44:53 854.23   15.7   33.2   1478    5.0      3    8.0    29.0  -0.5   0.81   4.31 1076.9     0.00   0.00    0.0  0.002  0.001  0.010  0.004  0.000  0.007
23:44:54 854.24   15.6   33.2   1478    5.1     11    8.0    28.9  -0.5   0.81   4.30 1077.9     0.00   0.00    0.0  0.002  0.001  0.010  0.004  0.000  0.007
23:44:58 854.49   15.7   33.3   1475    4.5      8    8.0    29.0  -0.3   0.81   4.36 1081.9     0.00   0.00    0.0  0.002  0.001  0.010  0.004  0.000  0.007
23:44:59 854.65   15.7   33.3   1474    4.7      9    8.0    28.9  -0.4   0.81   4.33 1082.9     0.00   0.00    0.0  0.002  0.001  0.010  0.004  0.000  0.007
23:45:00 854.69   15.7   33.3   1473    4.7      9    8.0    29.0  -0.4   0.81   4.34 1083.9     0.00   0.00    0.0  0.002  0.001  0.010  0.004  0.000  0.007
23:45:01 854.84   15.7   33.3   1472    4.7      4    8.0    29.0  -0.3   0.81   4.35 1084.9     0.00   0.00    0.0  0.002  0.001  0.010  0.004  0.000  0.007
23:45:02 854.77   15.7   33.3   1472    5.0      5    8.0    29.0  -0.3   0.81   4.35 1085.9     0.00   0.00    0.0  0.002  0.001  0.010  0.004  0.000  0.007
23:45:03 854.98   15.7   33.4   1470    5.1      4    8.0    28.9  -0.3   0.81   4.35 1086.9     0.00   0.00    0.0  0.002  0.001  0.010  0.004  0.000  0.007
23:45:04 854.89   15.7   33.4   1471    5.1      1    8.0    29.0  -0.3   0.81   4.37 1087.9     0.00   0.00    0.0  0.002  0.001  0.010  0.004  0.000  0.007
23:45:06 855.21   15.7   33.3   1468    4.8    358    8.0    29.0  -0.3   0.81   4.36 1089.9     0.00   0.00    0.0  0.002  0.001  0.010  0.004  0.000  0.007
23:45:07 855.24   15.8   33.3   1468    4.6    357    8.0    29.0  -0.3   0.81   4.37 1090.9     0.00   0.00    0.0  0.002  0.001  0.010  0.004  0.000  0.007
23:45:08 855.54   15.8   33.3   1465    4.4    355    8.0    28.9  -0.3   0.81   4.36 1091.9     0.00   0.00    0.0  0.002  0.001  0.010  0.004  0.000  0.007
23:45:12 855.61   15.8   33.3   1464    4.4    351    8.0    28.9  -0.3   0.81   4.35 1095.9     0.00   0.00    0.0  0.002  0.001  0.010  0.004  0.000  0.007
23:45:14 855.69   15.8   33.2   1463    4.1    349    8.0    28.9  -0.3   0.81   4.35 1097.9     0.00   0.00    0.0  0.002  0.001  0.010  0.004  0.000  0.007
23:45:15 855.93   15.8   33.2   1461    4.3    345    8.0    28.9  -0.3   0.81   4.35 1098.9     0.00   0.00    0.0  0.002  0.001  0.010  0.004  0.000  0.007
23:45:16 855.98   15.8   33.2   1460    4.3    345    8.0    28.9  -0.3   0.81   4.35 1099.9     0.00   0.00    0.0  0.002  0.001  0.010  0.004  0.000  0.007
23:45:17 855.90   15.8   33.2   1461    4.4    344    8.0    28.9  -0.3   0.81   4.34 1100.9     0.00   0.00    0.0  0.002  0.001  0.010  0.004  0.000  0.007
23:45:20 856.18   15.8   33.1   1458    4.7    346    8.0    28.9  -0.3   0.81   4.35 1103.9     0.00   0.00    0.0  0.002  0.001  0.010  0.004  0.000  0.007
23:45:21 856.26   15.8   33.1   1458    4.6    343    8.0    28.9  -0.3   0.81   4.35 1104.9     0.00   0.00    0.0  0.002  0.001  0.010  0.004  0.000  0.007
23:45:23 856.54   15.8   33.2   1455    4.4    343    8.0    28.9  -0.3   0.81   4.35 1106.9     0.00   0.00    0.0  0.002  0.001  0.010  0.004  0.000  0.007
23:45:29 857.00   15.9   32.9   1450    3.8    348    8.0    29.0  -0.3   0.81   4.34 1112.9     0.00   0.00    0.0  0.002  0.001  0.010  0.004  0.000  0.007
23:45:30 856.84   15.9   32.9   1452    3.7    344    8.0    29.0  -0.3   0.81   4.34 1113.9     0.00   0.00    0.0  0.002  0.001  0.010  0.004  0.000  0.007
23:45:33 857.51   15.9   32.8   1445    3.6    359    8.0    28.9  -0.4   0.81   4.33 1116.9     0.00   0.00    0.0  0.002  0.001  0.010  0.004  0.000  0.007
23:45:34 857.78   16.0   32.9   1443    3.6    358    8.0    28.9  -0.3   0.81   4.35 1117.9     0.00   0.00    0.0  0.002  0.001  0.010  0.004  0.000  0.007
23:45:35 857.95   16.0   32.8   1441    3.6    358    8.0    28.9  -0.3   0.81   4.34 1118.9     0.00   0.00    0.0  0.002  0.001  0.010  0.004  0.000  0.007
23:45:36 857.71   16.0   32.7   1443    3.6      2    8.0    29.0  -0.3   0.81   4.35 1119.9     0.00   0.00    0.0  0.002  0.001  0.010  0.004  0.000  0.007
23:45:37 857.87   16.0   32.8   1442    3.9      4    8.0    29.0  -0.3   0.81   4.35 1120.9     0.00   0.00    0.0  0.002  0.001  0.010  0.004  0.000  0.007
23:45:38 857.97   16.0   32.8   1441    4.0      1    8.0    28.9  -0.3   0.81   4.34 1121.9     0.00   0.00    0.0  0.002  0.001  0.010  0.004  0.000  0.007
23:45:39 857.78   16.0   32.8   1443    4.1      2    8.0    29.0  -0.3   0.81   4.35 1122.9     0.00   0.00    0.0  0.002  0.001  0.010  0.004  0.000  0.007
23:45:42 858.29   16.1   32.8   1438    4.6      0    8.0    29.0  -0.3   0.81   4.36 1125.9     0.00   0.00    0.0  0.002  0.001  0.010  0.004  0.000  0.007
23:45:43 858.24   16.0   32.8   1438    4.7      3    8.0    29.0  -0.3   0.81   4.35 1126.9     0.00   0.00    0.0  0.002  0.001  0.010  0.004  0.000  0.007
23:45:44 858.47   16.0   32.8   1436    4.9      2    8.0    28.9  -0.3   0.81   4.35 1127.9     0.00   0.00    0.0  0.002  0.001  0.010  0.004  0.000  0.007
23:45:45 858.51   16.1   32.8   1435    5.0      3    8.0    28.9  -0.3   0.81   4.35 1128.9     0.00   0.00    0.0  0.002  0.001  0.010  0.004  0.000  0.007
23:45:46 858.62   16.0   32.7   1434    5.0      4    8.0    28.9  -0.3   0.81   4.34 1129.9     0.00   0.00    0.0  0.002  0.001  0.010  0.004  0.000  0.007
23:45:49 858.55   16.0   32.7   1435    5.5      8    8.0    28.9  -0.3   0.81   4.34 1132.9     0.00   0.00    0.0  0.002  0.001  0.010  0.004  0.000  0.007
23:45:52 858.69   16.1   32.7   1434    5.8     10    8.0    28.9  -0.3   0.81   4.35 1135.9     0.00   0.00    0.0  0.002  0.001  0.010  0.004  0.000  0.007
23:45:53 858.92   16.1   32.7   1431    5.7      8    8.0    29.0  -0.3   0.81   4.35 1136.9     0.00   0.00    0.0  0.002  0.001  0.010  0.004  0.000  0.007
23:45:54 859.17   16.1   32.7   1429    5.6      8    8.0    28.9  -0.3   0.81   4.35 1137.9     0.00   0.00    0.0  0.002  0.001  0.010  0.004  0.000  0.007
23:45:55 859.12   16.1   32.7   1429    5.4     10    8.0    28.9  -0.3   0.81   4.36 1138.9     0.00   0.00    0.0  0.002  0.001  0.010  0.004  0.000  0.007
23:45:56 859.32   16.1   32.7   1427    5.3      9    8.0    28.9  -0.3   0.81   4.35 1139.9     0.00   0.00    0.0  0.002  0.001  0.010  0.004  0.000  0.007
23:45:58 859.40   16.1   32.7   1427    5.0      5    8.0    28.9  -0.2   0.81   4.36 1141.9     0.00   0.00    0.0  0.002  0.001  0.010  0.004  0.000  0.007
23:46:00 859.39   16.1   32.7   1427    4.8      2    8.0    28.9  -0.3   0.81   4.36 1143.9     0.00   0.00    0.0  0.002  0.001  0.010  0.004  0.000  0.007
23:46:01 859.41   16.1   32.7   1427    4.8      1    8.0    28.9  -0.3   0.81   4.36 1144.9     0.00   0.00    0.0  0.002  0.001  0.010  0.004  0.000  0.007
23:46:04 859.51   16.2   32.7   1426    4.8      4    8.0    29.0  -0.2   0.81   4.38 1147.9     0.00   0.00    0.0  0.002  0.001  0.010  0.004  0.000  0.007
23:46:05 859.76   16.2   32.7   1423    4.7    359    8.0    29.0  -0.2   0.81   4.38 1148.9     0.00   0.00    0.0  0.002  0.001  0.010  0.004  0.000  0.007
23:46:06 859.93   16.3   32.7   1421    4.8    344    8.0    29.0  -0.1   0.82   4.41 1149.9     0.00   0.00    0.0  0.002  0.001  0.010  0.004  0.000  0.007
23:46:07 859.85   16.3   32.7   1422    4.7      5    8.0    29.0  -0.1   0.82   4.41 1150.9     0.00   0.00    0.0  0.002  0.001  0.010  0.004  0.000  0.007
23:46:12 860.44   16.3   32.5   1416    4.2      5    8.0    29.0  -0.1   0.81   4.40 1155.9     0.00   0.00    0.0  0.002  0.001  0.010  0.004  0.000  0.007
23:46:13 860.83   16.4   32.5   1413    4.1      3    8.0    29.1  -0.1   0.81   4.40 1156.9     0.00   0.00    0.0  0.002  0.001  0.010  0.004  0.000  0.007
23:46:14 860.71   16.4   32.4   1414    4.0      1    8.0    29.1  -0.1   0.81   4.40 1157.9     0.00   0.00    0.0  0.002  0.001  0.010  0.004  0.000  0.007
23:46:15 861.00   16.4   32.5   1411    4.0      3    8.0    29.1  -0.1   0.82   4.41 1158.9     0.00   0.00    0.0  0.002  0.001  0.010  0.004  0.000  0.007
23:46:16 860.67   16.4   32.4   1414    3.9    360    8.0    29.1  -0.1   0.81   4.40 1159.9     0.00   0.00    0.0  0.002  0.001  0.010  0.004  0.000  0.007
23:46:17 860.82   16.4   32.4   1413    4.1      5    8.0    29.1  -0.1   0.81   4.39 1160.9     0.00   0.00    0.0  0.002  0.001  0.010  0.004  0.000  0.007
23:46:18 861.01   16.4   32.4   1411    4.4    353    8.0    29.0  -0.1   0.81   4.39 1161.9     0.00   0.00    0.0  0.002  0.001  0.010  0.004  0.000  0.007
23:46:19 861.01   16.4   32.4   1411    4.5    356    8.0    29.1  -0.1   0.82   4.41 1162.9     0.00   0.00    0.0  0.002  0.001  0.010  0.004  0.000  0.007
23:46:23 861.34   16.5   32.3   1407    4.6      1    8.0    29.1  -0.1   0.81   4.40 1166.9     0.00   0.00    0.0  0.002  0.001  0.010  0.004  0.000  0.007
23:46:24 861.45   16.4   32.2   1406    4.8      5    8.0    29.1  -0.2   0.81   4.38 1167.9     0.00   0.00    0.0  0.002  0.001  0.010  0.004  0.000  0.007
23:46:26 861.68   16.5   32.3   1404    5.3      6    8.0    29.1  -0.1   0.82   4.41 1169.9     0.00   0.00    0.0  0.002  0.001  0.010  0.004  0.000  0.007
23:46:27 861.76   16.5   32.3   1403    5.4     11    8.0    29.1  -0.1   0.81   4.40 1170.9     0.00   0.00    0.0  0.002  0.001  0.009  0.004  0.000  0.007
23:46:28 861.76   16.5   32.3   1403    5.6      8    8.0    29.1  -0.1   0.81   4.40 1171.9     0.00   0.00    0.0  0.002  0.001  0.010  0.004  0.000  0.007
23:46:29 861.68   16.5   32.2   1404    5.8      9    8.0    29.1  -0.1   0.81   4.39 1172.9     0.00   0.00    0.0  0.002  0.001  0.010  0.004  0.000  0.007
23:46:30 861.89   16.5   32.3   1402    6.0      3    8.0    29.1  -0.1   0.82   4.41 1173.9     0.00   0.00    0.0  0.002  0.001  0.010  0.004  0.000  0.007
23:46:32 861.95   16.5   32.3   1401    6.2     12    8.0    29.0  -0.1   0.81   4.39 1175.8     0.00   0.00    0.0  0.002  0.001  0.009  0.004  0.000  0.007
23:46:33 861.97   16.5   32.3   1401    5.9     10    8.0    29.0  -0.1   0.81   4.39 1176.8     0.00   0.00    0.0  0.002  0.001  0.010  0.004  0.000  0.007
23:46:34 862.16   16.5   32.3   1399    5.5     20    8.0    29.0  -0.1   0.81   4.39 1177.8     0.00   0.00    0.0  0.002  0.001  0.009  0.004  0.000  0.007
23:46:36 862.35   16.5   32.3   1398    5.0      1    8.0    29.0  -0.1   0.81   4.39 1179.8     0.00   0.00    0.0  0.002  0.001  0.009  0.004  0.000  0.007
23:46:38 862.58   16.4   32.3   1395    5.0      9    8.0    28.9  -0.1   0.81   4.38 1181.8     0.00   0.00    0.0  0.002  0.001  0.009  0.004  0.000  0.007
23:46:39 862.47   16.5   32.3   1396    4.8      9    8.0    29.0  -0.1   0.81   4.40 1182.8     0.00   0.00    0.0  0.002  0.001  0.010  0.004  0.000  0.007
23:46:40 862.52   16.5   32.2   1396    4.6      8    8.0    29.0  -0.1   0.81   4.40 1183.8     0.00   0.00    0.0  0.002  0.001  0.009  0.004  0.000  0.007
23:46:43 862.64   16.5   32.3   1395    4.6      2    8.0    29.0  -0.1   0.81   4.40 1186.8     0.00   0.00    0.0  0.002  0.001  0.009  0.004  0.000  0.007
23:46:45 863.19   16.5   32.2   1389    4.5      8    8.0    29.0  -0.1   0.81   4.40 1188.8     0.00   0.00    0.0  0.002  0.001  0.010  0.004  0.000  0.007
23:46:46 863.33   16.5   32.2   1388    4.6      8    8.0    29.0  -0.1   0.81   4.40 1189.8     0.00   0.00    0.0  0.002  0.001  0.009  0.004  0.000  0.007
23:46:47 863.24   16.5   32.2   1389    4.5     12    8.0    28.9  -0.1   0.81   4.38 1190.8     0.00   0.00    0.0  0.002  0.001  0.009  0.004  0.000  0.007
23:46:48 863.15   16.5   32.2   1390    4.3      7    8.0    29.0  -0.1   0.81   4.40 1191.8     0.00   0.00    0.0  0.002  0.001  0.010  0.004  0.000  0.007
23:46:49 863.17   16.6   32.2   1389    4.2      7    8.0    29.0  -0.1   0.82   4.41 1192.8     0.00   0.00    0.0  0.002  0.001  0.009  0.004  0.000  0.007
23:46:50 863.26   16.5   32.2   1389    4.2    360    8.0    29.0  -0.1   0.81   4.40 1193.8     0.00   0.00    0.0  0.002  0.001  0.009  0.004  0.000  0.007
23:46:53 863.54   16.5   32.1   1386    4.3    350    8.0    28.9  -0.1   0.81   4.38 1196.8     0.00   0.00    0.0  0.002  0.001  0.009  0.004  0.000  0.007
23:46:54 863.90   16.6   32.2   1382    4.3    355    8.0    28.9  -0.1   0.81   4.39 1197.8     0.00   0.00    0.0  0.002  0.001  0.009  0.004  0.000  0.007
23:46:55 864.00   16.6   32.2   1381    4.7    349    8.0    29.0  -0.1   0.82   4.41 1198.8     0.00   0.00    0.0  0.002  0.001  0.009  0.004  0.000  0.007
23:46:58 864.13   16.6   32.2   1380    4.9    343    8.0    29.0  -0.0   0.82   4.42 1201.8     0.00   0.00    0.0  0.002  0.001  0.009  0.004  0.000  0.007
23:46:59 863.98   16.6   32.2   1382    4.9    352    7.9    28.9  -0.1   0.82   4.41 1202.8     0.00   0.00    0.0  0.002  0.001  0.009  0.004  0.000  0.007
23:47:00 863.98   16.7   32.2   1381    4.6    346    8.0    29.0  -0.0   0.82   4.43 1203.8     0.00   0.00    0.0  0.002  0.001  0.009  0.004  0.000  0.007
23:47:02 864.12   16.6   32.2   1380    4.5    346    8.0    29.0  -0.0   0.82   4.42 1205.8     0.00   0.00    0.0  0.002  0.001  0.009  0.004  0.000  0.007
23:47:04 864.39   16.7   32.1   1377    4.2    347    8.0    29.0  -0.1   0.82   4.41 1207.8     0.00   0.00    0.0  0.002  0.001  0.009  0.004  0.000  0.007
23:47:05 864.36   16.6   32.1   1378    4.4    346    7.9    28.9  -0.1   0.82   4.41 1208.8     0.00   0.00    0.0  0.002  0.001  0.009  0.004  0.000  0.007
23:47:06 864.49   16.6   32.2   1376    4.3    351    8.0    29.0  -0.0   0.82   4.42 1209.8     0.00   0.00    0.0  0.002  0.001  0.009  0.004  0.000  0.007
23:47:11 864.86   16.9   32.3   1373    3.5    359    7.9    29.1   0.2   0.82   4.50 1214.8     0.00   0.00    0.0  0.002  0.002  0.009  0.004  0.000  0.007
23:47:12 864.98   16.9   32.3   1372    3.4    352    7.9    29.1   0.2   0.82   4.50 1215.8     0.00   0.00    0.0  0.002  0.001  0.009  0.004  0.000  0.007
23:47:13 865.44   16.9   32.3   1367    3.8    353    7.9    29.1   0.2   0.82   4.50 1216.8     0.00   0.00    0.0  0.002  0.001  0.009  0.004  0.000  0.007
23:47:14 865.42   16.9   32.3   1367    4.8    355    7.9    29.1   0.2   0.82   4.49 1217.8     0.00   0.00    0.0  0.002  0.001  0.009  0.004  0.000  0.007
23:47:17 865.62   16.9   32.0   1365    5.5    353    7.9    29.1   0.1   0.82   4.45 1220.8     0.00   0.00    0.0  0.002  0.001  0.009  0.004  0.000  0.007
23:47:21 865.98   16.9   32.1   1362    4.1      2    7.9    29.1   0.2   0.82   4.49 1224.8     0.00   0.00    0.0  0.002  0.002  0.009  0.004  0.000  0.007
23:47:22 866.05   17.0   32.1   1361    4.1    358    7.9    29.2   0.3   0.82   4.51 1225.8     0.00   0.00    0.0  0.002  0.001  0.009  0.004  0.000  0.007
23:47:23 865.91   17.0   32.0   1362    4.7      0    7.9    29.1   0.2   0.82   4.48 1226.8     0.00   0.00    0.0  0.002  0.002  0.009  0.004  0.000  0.007
23:47:24 865.90   16.9   31.9   1363    4.7    356    7.9    29.1   0.1   0.82   4.45 1227.8     0.00   0.00    0.0  0.002  0.002  0.009  0.004  0.000  0.007
23:47:28 866.42   16.9   31.8   1357    4.8      5    7.9    29.0   0.0   0.82   4.42 1231.8     0.00   0.00    0.0  0.002  0.002  0.009  0.004  0.000  0.007
23:47:29 866.57   16.9   31.8   1356    4.5    359    7.9    29.0   0.0   0.82   4.42 1232.8     0.00   0.00    0.0  0.002  0.001  0.009  0.004  0.000  0.007
23:47:30 866.38   16.9   31.8   1358    4.2      6    7.9    29.0   0.0   0.82   4.42 1233.8     0.00   0.00    0.0  0.002  0.002  0.009  0.004  0.000  0.007
23:47:31 866.70   16.9   31.8   1355    4.0    353    7.9    29.0   0.1   0.82   4.44 1234.8     0.00   0.00    0.0  0.002  0.002  0.009  0.004  0.000  0.007
23:47:36 867.12   17.1   32.0   1351    3.9    355    7.9    29.2   0.3   0.82   4.51 1239.8     0.00   0.00    0.0  0.002  0.002  0.009  0.004  0.000  0.007
23:47:37 867.16   17.1   32.0   1350    3.8    354    7.9    29.2   0.3   0.82   4.52 1240.8     0.00   0.00    0.0  0.002  0.002  0.009  0.004  0.000  0.007
23:47:40 867.64   17.1   31.7   1345    3.8    358    7.9    29.1   0.2   0.82   4.47 1243.8     0.00   0.00    0.0  0.002  0.002  0.009  0.004  0.000  0.007
23:47:41 867.66   17.0   31.6   1345    3.6    360    7.9    29.1   0.1   0.82   4.44 1244.8     0.00   0.00    0.0  0.002  0.002  0.009  0.004  0.000  0.007
23:47:42 867.79   17.0   31.5   1344    3.8    358    7.9    29.0   0.0   0.82   4.42 1245.8     0.00   0.00    0.0  0.002  0.002  0.009  0.004  0.000  0.007
23:47:43 867.67   17.0   31.5   1345    4.0    358    7.9    29.0  -0.0   0.82   4.41 1246.8     0.00   0.00    0.0  0.002  0.002  0.009  0.004  0.000  0.007
23:47:45 867.76   17.0   31.5   1344    4.0    358    7.9    29.0  -0.0   0.82   4.41 1248.8     0.00   0.00    0.0  0.002  0.002  0.009  0.004  0.000  0.007
23:47:46 868.00   17.0   31.6   1342    3.9      1    7.9    29.0   0.1   0.82   4.43 1249.8     0.00   0.00    0.0  0.002  0.002  0.009  0.004  0.000  0.007
23:47:48 868.12   17.0   31.5   1341    3.6    359    7.9    29.0   0.0   0.82   4.42 1251.8     0.00   0.00    0.0  0.002  0.002  0.009  0.004  0.000  0.007
23:47:49 868.26   17.0   31.5   1339    3.6    358    7.9    29.0   0.0   0.82   4.41 1252.8     0.00   0.00    0.0  0.002  0.002  0.009  0.004  0.000  0.007
23:47:50 868.32   17.0   31.5   1339    3.4    356    7.9    29.0   0.0   0.82   4.42 1253.8     0.00   0.00    0.0  0.002  0.002  0.009  0.004  0.000  0.007
23:47:54 868.49   17.0   31.5   1337    3.6    346    7.9    29.0   0.1   0.82   4.43 1257.8     0.00   0.00    0.0  0.002  0.002  0.009  0.004  0.000  0.007
23:47:58 868.90   17.2   31.8   1333    5.0    344    7.9    29.1   0.3   0.82   4.51 1261.8     0.00   0.00    0.0  0.002  0.002  0.009  0.004  0.000  0.007
23:47:59 868.86   17.2   31.6   1334    5.1    347    7.9    29.1   0.2   0.82   4.48 1262.8     0.00   0.00    0.0  0.002  0.002  0.009  0.004  0.000  0.007
23:48:00 868.86   17.1   31.6   1334    5.3    345    7.9    29.0   0.2   0.82   4.45 1263.8     0.00   0.00    0.0  0.002  0.002  0.009  0.004  0.000  0.007
23:48:02 869.24   17.1   31.2   1330    5.4    343    7.9    29.0  -0.0   0.81   4.40 1265.8     0.00   0.00    0.0  0.002  0.002  0.009  0.004  0.000  0.007
23:48:04 869.51   17.3   31.6   1327    4.7    346    7.9    29.1   0.3   0.82   4.50 1267.8     0.00   0.00    0.0  0.002  0.002  0.009  0.004  0.000  0.007
23:48:05 869.54   17.2   31.1   1327    4.2    337    7.9    29.1   0.0   0.82   4.41 1268.8     0.00   0.00    0.0  0.002  0.002  0.009  0.004  0.000  0.007
23:48:06 869.62   17.2   31.2   1326    3.9    346    7.9    29.0   0.0   0.82   4.41 1269.8     0.00   0.00    0.0  0.002  0.002  0.009  0.004  0.000  0.007
23:48:07 869.43   17.2   31.1   1328    3.8    350    7.9    29.0  -0.0   0.81   4.39 1270.8     0.00   0.00    0.0  0.002  0.002  0.009  0.004  0.000  0.007
23:48:08 869.63   17.2   31.1   1326    3.8    352    7.9    29.0  -0.0   0.81   4.39 1271.8     0.00   0.00    0.0  0.002  0.002  0.009  0.004  0.000  0.007
23:48:13 870.09   17.4   31.6   1322    4.7    350    7.9    29.2   0.4   0.82   4.54 1276.7     0.00   0.00    0.0  0.002  0.002  0.009  0.004  0.000  0.007
23:48:14 870.13   17.5   31.9   1321    4.6    347    7.9    29.3   0.7   0.82   4.62 1277.7     0.00   0.00    0.0  0.002  0.002  0.009  0.004  0.000  0.007
23:48:15 870.30   17.6   31.9   1319    4.2    343    7.9    29.4   0.7   0.82   4.63 1278.7     0.00   0.00    0.0  0.002  0.002  0.009  0.004  0.000  0.007
23:48:17 870.25   17.5   31.1   1320    4.0    331    7.9    29.2   0.2   0.82   4.47 1280.7     0.00   0.00    0.0  0.002  0.002  0.009  0.004  0.000  0.007
23:48:18 870.33   17.4   31.2   1319    3.9    340    7.9    29.2   0.2   0.82   4.48 1281.7     0.00   0.00    0.0  0.002  0.002  0.009  0.004  0.000  0.007
23:48:20 870.44   17.4   30.9   1318    3.8    345    7.9    29.2   0.1   0.82   4.43 1283.7     0.00   0.00    0.0  0.002  0.002  0.009  0.004  0.000  0.007
23:48:22 870.66   17.5   31.3   1316    3.6    349    7.9    29.2   0.4   0.82   4.51 1285.7     0.00   0.00    0.0  0.002  0.002  0.009  0.004  0.000  0.007
23:48:23 870.67   17.5   31.3   1316    3.5    346    7.9    29.2   0.3   0.82   4.51 1286.7     0.00   0.00    0.0  0.002  0.002  0.009  0.004  0.000  0.007
23:48:24 870.69   17.6   31.9   1316    3.3    351    7.9    29.4   0.7   0.82   4.64 1287.7     0.00   0.00    0.0  0.002  0.002  0.009  0.004  0.000  0.007
23:48:28 870.78   17.7   31.4   1315    3.3    345    7.9    29.4   0.5   0.82   4.57 1291.7     0.00   0.00    0.0  0.002  0.002  0.009  0.004  0.000  0.007
23:48:29 870.83   17.8   31.4   1314    3.1    339    7.9    29.5   0.6   0.82   4.60 1292.7     0.00   0.00    0.0  0.002  0.002  0.009  0.004  0.000  0.007
23:48:31 870.94   17.6   31.3   1313    3.2    340    7.9    29.3   0.4   0.82   4.53 1294.7     0.00   0.00    0.0  0.002  0.002  0.009  0.004  0.000  0.007
23:48:32 870.92   17.5   31.0   1313    3.2    341    7.9    29.2   0.2   0.82   4.47 1295.7     0.00   0.00    0.0  0.002  0.002  0.009  0.004  0.000  0.007
23:48:33 871.12   17.6   31.3   1311    3.5    324    7.9    29.3   0.5   0.82   4.55 1296.6     0.00   0.00    0.0  0.002  0.002  0.009  0.004  0.000  0.007
23:48:50 871.16   17.6   31.4   1311    0.0    283    7.9    29.3   0.5   0.82   4.56 1314.1     0.00   0.00    0.0  0.002  0.002  0.009  0.004  0.000  0.007
23:48:51 871.22   18.0   31.3   1310   38.5    326    7.6    29.7   0.8   0.82   4.64 1315.1     0.00   0.00    0.0  0.002  0.002  0.009  0.004  0.000  0.007
23:48:52 871.06   17.9   31.5   1312    2.8    340    7.6    29.6   0.8   0.82   4.66 1316.1     0.00   0.00    0.0  0.002  0.002  0.009  0.004  0.000  0.007
23:48:54 870.92   17.6   30.8   1313    3.2    322    7.6    29.4   0.3   0.82   4.48 1318.1     0.00   0.00    0.0  0.002  0.002  0.009  0.004  0.000  0.007
23:48:55 870.89   17.6   30.7   1314    3.3    322    7.6    29.3   0.2   0.82   4.46 1319.1     0.00   0.00    0.0  0.002  0.002  0.009  0.004  0.000  0.007
23:48:56 870.81   17.8   30.8   1314    3.3    331    7.6    29.5   0.3   0.82   4.50 1320.1     0.00   0.00    0.0  0.002  0.002  0.009  0.004  0.000  0.007
23:48:57 870.85   17.6   30.4   1314    3.2    327    7.6    29.3   0.0   0.81   4.40 1321.1     0.00   0.00    0.0  0.002  0.002  0.009  0.004  0.000  0.007
23:48:58 870.91   17.7   30.8   1313    3.1    326    7.6    29.4   0.2   0.82   4.47 1322.1     0.00   0.00    0.0  0.002  0.002  0.009  0.004  0.000  0.007
23:48:59 871.03   17.6   30.5   1312    3.2    327    7.6    29.3   0.0   0.81   4.40 1323.1     0.00   0.00    0.0  0.002  0.002  0.009  0.004  0.000  0.007
23:49:01 870.96   17.6   30.5   1313    2.9    325    7.6    29.3   0.0   0.81   4.40 1325.1     0.00   0.00    0.0  0.002  0.002  0.009  0.004  0.000  0.007
23:49:02 871.09   17.6   30.4   1312    2.8    325    7.6    29.3   0.0   0.81   4.40 1326.1     0.00   0.00    0.0  0.002  0.002  0.009  0.004  0.000  0.007
23:49:04 871.05   17.6   30.8   1312    2.7    333    7.6    29.3   0.2   0.82   4.47 1328.1     0.00   0.00    0.0  0.002  0.002  0.009  0.004  0.000  0.007
23:49:06 871.10   17.7   30.7   1312    2.8    330    7.6    29.4   0.3   0.82   4.48 1330.1     0.00   0.00    0.0  0.002  0.002  0.009  0.004  0.000  0.007
23:49:09 870.84   17.4   30.3   1314    2.9    312    7.6    29.1  -0.2   0.81   4.33 1333.1     0.00   0.00    0.0  0.002  0.002  0.009  0.004  0.000  0.007
23:49:10 870.81   17.4   30.3   1314    2.8    318    7.6    29.2  -0.1   0.81   4.35 1334.1     0.00   0.00    0.0  0.002  0.002  0.009  0.004  0.000  0.007
23:49:12 870.92   17.4   30.4   1313    2.9    339    7.6    29.1  -0.1   0.81   4.35 1336.1     0.00   0.00    0.0  0.002  0.002  0.009  0.004  0.000  0.007
23:49:13 870.63   17.5   30.7   1316    2.9    325    7.6    29.2   0.1   0.82   4.43 1337.1     0.00   0.00    0.0  0.002  0.002  0.009  0.004  0.000  0.007
23:49:14 870.70   17.5   30.8   1315    2.8    335    7.6    29.3   0.1   0.82   4.44 1338.1     0.00   0.00    0.0  0.002  0.002  0.009  0.004  0.000  0.007
23:49:15 870.52   17.4   30.5   1317    2.7    321    7.6    29.2  -0.1   0.81   4.37 1339.1     0.00   0.00    0.0  0.002  0.002  0.009  0.004  0.000  0.007
23:49:16 870.61   17.4   30.4   1316    2.8    307    7.6    29.1  -0.1   0.81   4.35 1340.1     0.00   0.00    0.0  0.002  0.002  0.009  0.004  0.000  0.007
23:49:17 870.56   17.4   30.5   1317    2.8    312    7.6    29.2  -0.1   0.81   4.37 1341.1     0.00   0.00    0.0  0.002  0.002  0.009  0.004  0.000  0.007
23:49:18 870.39   17.4   30.5   1319    2.7    308    7.6    29.2  -0.1   0.81   4.37 1342.1     0.00   0.00    0.0  0.002  0.002  0.009  0.004  0.000  0.007
23:49:19 870.61   17.4   30.5   1316    2.6    306    7.6    29.2  -0.1   0.81   4.37 1343.1     0.00   0.00    0.0  0.002  0.002  0.009  0.004  0.000  0.007
23:49:23 870.28   17.3   30.2   1320    2.4    319    7.6    29.0  -0.3   0.81   4.29 1347.1     0.00   0.00    0.0  0.002  0.002  0.009  0.004  0.000  0.007
23:49:25 870.29   17.4   30.5   1320    2.4    337    7.6    29.1  -0.1   0.81   4.36 1349.1     0.00   0.00    0.0  0.002  0.002  0.009  0.004  0.000  0.007
23:49:26 870.14   17.3   30.5   1321    2.4    341    7.6    29.1  -0.2   0.81   4.34 1350.1     0.00   0.00    0.0  0.002  0.002  0.009  0.004  0.000  0.007
23:49:28 870.14   17.3   30.5   1321    2.4    339    7.6    29.1  -0.2   0.81   4.34 1352.1     0.00   0.00    0.0  0.002  0.002  0.009  0.004  0.000  0.007
23:49:29 870.23   17.3   30.4   1320    2.3    340    7.6    29.1  -0.2   0.81   4.33 1353.1     0.00   0.00    0.0  0.002  0.002  0.009  0.004  0.000  0.007
23:49:30 870.23   17.3   30.4   1320    2.4    335    7.6    29.1  -0.2   0.81   4.32 1354.1     0.00   0.00    0.0  0.002  0.002  0.009  0.004  0.000  0.007
23:49:31 870.07   17.3   30.3   1322    2.3    328    7.6    29.1  -0.3   0.81   4.31 1355.1     0.00   0.00    0.0  0.002  0.002  0.009  0.004  0.000  0.007
23:49:33 870.25   17.3   30.3   1320    2.3    322    7.6    29.1  -0.2   0.81   4.31 1357.1     0.00   0.00    0.0  0.002  0.002  0.009  0.004  0.000  0.007
23:49:34 869.91   17.3   30.3   1323    2.3    318    7.6    29.1  -0.3   0.81   4.30 1358.1     0.00   0.00    0.0  0.002  0.002  0.009  0.004  0.000  0.007
23:49:37 869.75   17.2   30.4   1325    2.4    331    7.6    29.1  -0.3   0.81   4.31 1361.1     0.00   0.00    0.0  0.002  0.002  0.009  0.004  0.000  0.007
23:49:38 869.73   17.2   30.5   1325    2.3    335    7.6    29.1  -0.3   0.81   4.31 1362.1     0.00   0.00    0.0  0.002  0.002  0.009  0.004  0.000  0.007
23:49:39 869.52   17.2   30.4   1327    2.3    335    7.6    29.1  -0.3   0.81   4.30 1363.1     0.00   0.00    0.0  0.002  0.002  0.009  0.004  0.000  0.007
23:49:40 869.61   17.3   30.6   1326    2.3    335    7.6    29.1  -0.2   0.81   4.33 1364.1     0.00   0.00    0.0  0.002  0.002  0.009  0.004  0.000  0.007
23:49:41 869.72   17.3   30.5   1325    2.3    329    7.6    29.1  -0.2   0.81   4.32 1365.1     0.00   0.00    0.0  0.002  0.002  0.009  0.004  0.000  0.007
23:49:42 869.46   17.3   30.5   1328    2.3    323    7.6    29.1  -0.2   0.81   4.32 1366.1     0.00   0.00    0.0  0.002  0.002  0.009  0.004  0.000  0.007
23:49:44 869.43   17.2   30.6   1328    2.3    319    7.6    29.1  -0.2   0.81   4.33 1368.1     0.00   0.00    0.0  0.002  0.002  0.009  0.004  0.000  0.007
23:49:45 869.44   17.2   30.6   1328    2.4    312    7.6    29.1  -0.2   0.81   4.33 1369.1     0.00   0.00    0.0  0.002  0.002  0.009  0.004  0.000  0.007
23:49:46 869.37   17.2   30.5   1329    2.5    316    7.6    29.1  -0.2   0.81   4.32 1370.1     0.00   0.00    0.0  0.002  0.002  0.009  0.004  0.000  0.007
23:49:48 869.12   17.2   30.7   1331    2.7    315    7.6    29.1  -0.2   0.81   4.34 1372.1     0.00   0.00    0.0  0.002  0.002  0.009  0.004  0.000  0.007
23:49:49 869.08   17.2   30.7   1331    2.7    302    7.6    29.1  -0.1   0.81   4.35 1373.1     0.00   0.00    0.0  0.002  0.002  0.009  0.004  0.000  0.007
23:49:51 869.22   17.2   30.7   1330    3.0    291    7.6    29.1  -0.2   0.81   4.34 1375.1     0.00   0.00    0.0  0.002  0.002  0.009  0.004  0.000  0.007
23:49:53 869.31   17.2   30.8   1329    3.0    275    7.6    29.1  -0.2   0.81   4.35 1377.1     0.00   0.00    0.0  0.002  0.002  0.009  0.004  0.000  0.007
23:49:54 869.04   17.2   30.7   1332    3.0    289    7.6    29.0  -0.2   0.81   4.34 1378.1     0.00   0.00    0.0  0.003  0.002  0.009  0.004  0.000  0.007
23:49:55 868.87   17.2   30.9   1333    3.0    286    7.6    29.1  -0.1   0.81   4.37 1379.1     0.00   0.00    0.0  0.002  0.002  0.009  0.004  0.000  0.007
23:49:58 868.71   17.1   30.8   1335    3.0    267    7.6    29.0  -0.2   0.81   4.32 1382.1     0.00   0.00    0.0  0.002  0.002  0.009  0.004  0.000  0.007
23:49:59 868.85   17.1   30.9   1334    3.0    283    7.6    29.0  -0.2   0.81   4.33 1383.1     0.00   0.00    0.0  0.002  0.002  0.009  0.004  0.000  0.007
23:50:00 868.93   17.1   30.9   1333    3.1    286    7.6    29.0  -0.1   0.81   4.36 1384.1     0.00   0.00    0.0  0.002  0.002  0.009  0.004  0.000  0.007
23:50:01 868.74   17.1   30.9   1335    3.1    297    7.6    29.0  -0.2   0.81   4.34 1385.1     0.00   0.00    0.0  0.002  0.002  0.009  0.004  0.000  0.007
23:50:02 868.84   17.1   31.0   1334    3.2    301    7.6    29.0  -0.2   0.81   4.34 1386.1     0.00   0.00    0.0  0.002  0.002  0.009  0.004  0.000  0.007
23:50:03 868.58   17.1   30.8   1336    3.1    290    7.6    29.0  -0.2   0.81   4.33 1387.1     0.00   0.00    0.0  0.003  0.002  0.009  0.004  0.000  0.007
23:50:04 868.52   17.1   30.9   1337    3.2    290    7.6    29.0  -0.2   0.81   4.35 1388.1     0.00   0.00    0.0  0.003  0.002  0.009  0.004  0.000  0.007
23:50:05 868.46   17.1   31.1   1337    3.3    286    7.6    29.0  -0.1   0.81   4.36 1389.1     0.00   0.00    0.0  0.002  0.002  0.009  0.004  0.000  0.007
23:50:06 868.68   17.1   31.1   1335    3.3    287    7.6    29.0  -0.1   0.81   4.35 1390.1     0.00   0.00    0.0  0.002  0.002  0.009  0.004  0.000  0.007
23:50:07 868.55   17.1   31.0   1337    3.3    287    7.6    29.0  -0.1   0.81   4.36 1391.1     0.00   0.00    0.0  0.002  0.002  0.009  0.004  0.000  0.007
23:50:08 868.47   17.1   31.1   1337    3.4    281    7.6    29.0  -0.1   0.81   4.37 1392.1     0.00   0.00    0.0  0.003  0.002  0.009  0.004  0.000  0.007
23:50:11 868.17   17.1   31.2   1340    3.2    259    7.6    29.0  -0.1   0.81   4.38 1395.1     0.00   0.00    0.0  0.002  0.002  0.009  0.004  0.000  0.007
23:50:12 868.08   17.1   31.1   1341    3.2    261    7.6    29.1  -0.1   0.81   4.38 1396.1     0.00   0.00    0.0  0.003  0.002  0.009  0.004  0.000  0.007
23:50:13 868.18   17.0   31.1   1340    3.4    266    7.6    29.0  -0.1   0.81   4.36 1397.1     0.00   0.00    0.0  0.003  0.002  0.009  0.004  0.000  0.007
23:50:14 868.19   17.1   31.1   1340    3.5    268    7.6    29.0  -0.1   0.81   4.37 1398.1     0.00   0.00    0.0  0.002  0.002  0.009  0.004  0.000  0.007
23:50:15 868.05   17.0   31.1   1341    3.5    278    7.6    29.0  -0.1   0.81   4.36 1399.1     0.00   0.00    0.0  0.003  0.002  0.009  0.004  0.000  0.007
23:50:16 867.99   17.1   31.1   1342    3.6    282    7.6    29.0  -0.1   0.81   4.36 1400.1     0.00   0.00    0.0  0.002  0.002  0.009  0.004  0.000  0.007
23:50:17 867.95   17.0   31.1   1342    3.5    263    7.6    29.0  -0.2   0.81   4.35 1401.1     0.00   0.00    0.0  0.002  0.002  0.009  0.004  0.000  0.007
23:50:20 867.90   17.0   31.2   1343    3.3    301    7.6    29.0  -0.1   0.81   4.37 1404.1     0.00   0.00    0.0  0.002  0.002  0.009  0.004  0.000  0.007
23:50:22 867.78   17.0   31.2   1344    3.1    281    7.6    29.0  -0.1   0.81   4.38 1406.0     0.00   0.00    0.0  0.002  0.002  0.009  0.004  0.000  0.007
23:50:23 867.66   17.1   31.2   1345    3.3    284    7.6    29.1  -0.1   0.81   4.38 1407.0     0.00   0.00    0.0  0.002  0.002  0.009  0.004  0.000  0.007
23:50:24 867.56   17.1   31.3   1346    3.5    272    7.6    29.1  -0.1   0.81   4.39 1408.0     0.00   0.00    0.0  0.003  0.002  0.009  0.004  0.000  0.007
23:50:26 867.45   17.0   31.3   1347    3.2    266    7.6    29.1  -0.1   0.81   4.38 1410.0     0.00   0.00    0.0  0.003  0.002  0.009  0.004  0.000  0.007
23:50:27 867.32   17.0   31.3   1349    3.2    278    7.6    29.1  -0.1   0.81   4.38 1411.0     0.00   0.00    0.0  0.003  0.002  0.009  0.004  0.000  0.007
23:50:28 867.70   17.0   31.3   1345    3.0    292    7.6    29.0  -0.1   0.81   4.38 1412.0     0.00   0.00    0.0  0.003  0.002  0.009  0.004  0.000  0.007
23:50:29 867.54   17.1   31.2   1346    2.9    302    7.6    29.1  -0.0   0.81   4.39 1413.0     0.00   0.00    0.0  0.003  0.002  0.009  0.004  0.000  0.007
23:50:30 867.23   17.0   31.2   1349    2.8    297    7.6    29.1  -0.1   0.81   4.38 1414.0     0.00   0.00    0.0  0.003  0.002  0.009  0.004  0.000  0.007
23:50:31 867.13   17.0   31.3   1350    2.7    281    7.6    29.1  -0.1   0.81   4.38 1415.0     0.00   0.00    0.0  0.002  0.002  0.009  0.004  0.000  0.007
23:50:32 867.39   17.1   31.3   1348    2.7    285    7.6    29.1  -0.1   0.81   4.39 1416.0     0.00   0.00    0.0  0.003  0.002  0.009  0.004  0.000  0.007
23:50:33 867.04   17.0   31.3   1351    2.9    286    7.6    29.1  -0.1   0.81   4.38 1417.0     0.00   0.00    0.0  0.002  0.002  0.009  0.004  0.000  0.007
23:50:34 867.15   17.0   31.3   1350    3.2    294    7.6    29.1  -0.1   0.81   4.39 1418.0     0.00   0.00    0.0  0.002  0.002  0.009  0.004  0.000  0.007
23:50:37 867.09   17.1   31.4   1351    3.7    347    7.6    29.1   0.0   0.82   4.42 1421.0     0.00   0.00    0.0  0.003  0.002  0.009  0.004  0.000  0.007
23:50:39 867.06   17.0   31.4   1351    3.1    298    7.6    29.1  -0.0   0.82   4.41 1423.0     0.00   0.00    0.0  0.003  0.002  0.009  0.004  0.000  0.007
23:50:40 866.81   17.0   31.4   1354    3.1    317    7.6    29.1  -0.0   0.82   4.41 1424.0     0.00   0.00    0.0  0.002  0.002  0.009  0.004  0.000  0.007
23:50:41 866.76   17.0   31.4   1354    3.3    332    7.6    29.1  -0.1   0.81   4.39 1425.0     0.00   0.00    0.0  0.002  0.002  0.009  0.004  0.000  0.007
23:50:44 866.78   17.1   31.4   1354    3.6    336    7.6    29.2   0.0   0.82   4.42 1428.0     0.00   0.00    0.0  0.003  0.002  0.009  0.004  0.000  0.007
23:50:45 866.82   17.0   31.3   1354    3.4    333    7.6    29.1  -0.1   0.81   4.39 1429.0     0.00   0.00    0.0  0.003  0.002  0.009  0.004  0.000  0.007
23:50:47 866.61   17.0   31.3   1356    3.1    340    7.6    29.2  -0.0   0.81   4.40 1431.0     0.00   0.00    0.0  0.003  0.002  0.009  0.004  0.000  0.007
23:50:48 866.50   17.0   31.4   1357    3.1    343    7.6    29.1  -0.0   0.81   4.40 1432.0     0.00   0.00    0.0  0.003  0.002  0.009  0.004  0.000  0.007
23:50:50 866.24   16.9   31.3   1359    3.3    334    7.6    29.1  -0.2   0.81   4.36 1434.0     0.00   0.00    0.0  0.003  0.002  0.009  0.004  0.000  0.007
23:50:53 866.28   16.8   31.2   1359    3.9    325    7.6    29.0  -0.3   0.81   4.32 1437.0     0.00   0.00    0.0  0.003  0.002  0.009  0.004  0.000  0.007
23:50:54 866.11   16.8   31.2   1361    3.6    325    7.6    29.0  -0.2   0.81   4.33 1438.0     0.00   0.00    0.0  0.003  0.002  0.009  0.004  0.000  0.007
23:50:55 866.19   16.9   31.3   1360    3.4    306    7.6    29.0  -0.2   0.81   4.34 1439.0     0.00   0.00    0.0  0.003  0.002  0.009  0.004  0.000  0.007
23:50:56 866.17   16.9   31.3   1360    3.2    300    7.6    29.1  -0.2   0.81   4.36 1440.0     0.00   0.00    0.0  0.003  0.002  0.009  0.004  0.000  0.007
23:50:58 865.93   16.8   31.5   1362    3.0    291    7.6    29.0  -0.2   0.81   4.36 1442.0     0.00   0.00    0.0  0.003  0.002  0.009  0.004  0.000  0.007
23:50:59 865.94   16.9   31.5   1362    3.0    288    7.6    29.1  -0.1   0.81   4.38 1443.0     0.00   0.00    0.0  0.003  0.002  0.009  0.004  0.000  0.007
23:51:00 865.66   16.8   31.5   1365    3.0    299    7.6    29.0  -0.1   0.81   4.37 1444.0     0.00   0.00    0.0  0.003  0.002  0.009  0.004  0.000  0.007
23:51:01 865.79   16.8   31.5   1364    3.0    301    7.6    29.0  -0.1   0.81   4.37 1445.0     0.00   0.00    0.0  0.003  0.002  0.009  0.004  0.000  0.007
23:51:02 865.76   16.8   31.5   1364    3.2    305    7.6    29.0  -0.2   0.81   4.36 1446.0     0.00   0.00    0.0  0.003  0.002  0.009  0.004  0.000  0.007
23:51:03 865.84   16.9   31.5   1363    3.3    300    7.6    29.1  -0.1   0.81   4.38 1447.0     0.00   0.00    0.0  0.003  0.002  0.009  0.004  0.000  0.007
23:51:04 865.77   16.8   31.5   1364    3.4    298    7.6    29.0  -0.1   0.81   4.38 1448.0     0.00   0.00    0.0  0.003  0.002  0.009  0.004  0.000  0.007
23:51:05 865.79   16.8   31.5   1364    3.5    299    7.6    29.0  -0.2   0.81   4.36 1449.0     0.00   0.00    0.0  0.003  0.002  0.009  0.004  0.000  0.007
23:51:07 865.87   16.8   31.5   1363    3.7    303    7.6    29.0  -0.2   0.81   4.36 1451.0     0.00   0.00    0.0  0.003  0.002  0.009  0.004  0.000  0.007
23:51:08 865.75   16.8   31.5   1364    3.6    297    7.6    29.0  -0.1   0.81   4.37 1452.0     0.00   0.00    0.0  0.003  0.002  0.009  0.004  0.000  0.007
23:51:11 865.43   16.8   31.6   1367    3.6    312    7.6    29.0  -0.1   0.81   4.37 1455.0     0.00   0.00    0.0  0.003  0.002  0.009  0.004  0.000  0.007
23:51:13 865.49   16.8   31.8   1367    3.9    329    7.6    29.1  -0.0   0.82   4.42 1457.0     0.00   0.00    0.0  0.003  0.002  0.009  0.004  0.000  0.007
23:51:17 865.06   16.9   31.8   1371    4.2    333    7.6    29.1   0.0   0.82   4.42 1461.0     0.00   0.00    0.0  0.003  0.002  0.009  0.004  0.000  0.007
23:51:18 865.05   16.9   31.8   1371    4.3    324    7.6    29.1   0.0   0.82   4.43 1462.0     0.00   0.00    0.0  0.003  0.002  0.009  0.004  0.000  0.007
23:51:20 864.91   16.8   31.8   1372    4.3    320    7.6    29.1   0.0   0.82   4.43 1464.0     0.00   0.00    0.0  0.003  0.002  0.009  0.004  0.000  0.007
23:51:23 864.85   16.8   31.9   1373    3.9    310    7.6    29.1   0.0   0.82   4.43 1467.0     0.00   0.00    0.0  0.003  0.002  0.009  0.004  0.000  0.007
23:51:27 864.55   16.7   31.9   1376    4.4    311    7.6    29.0  -0.1   0.81   4.40 1471.0     0.00   0.00    0.0  0.003  0.002  0.009  0.004  0.000  0.007
23:51:28 864.57   16.7   31.9   1376    4.4    315    7.6    29.0  -0.0   0.82   4.41 1472.0     0.00   0.00    0.0  0.003  0.002  0.009  0.004  0.000  0.007
23:51:29 864.61   16.8   31.9   1375    4.4    312    7.6    29.1  -0.0   0.82   4.42 1473.0     0.00   0.00    0.0  0.003  0.002  0.009  0.004  0.000  0.007
23:51:31 864.44   16.7   31.9   1377    4.2    328    7.6    29.1  -0.0   0.82   4.42 1475.0     0.00   0.00    0.0  0.003  0.002  0.009  0.004  0.000  0.007
23:51:32 864.63   16.7   31.9   1375    4.5    333    7.6    29.0  -0.0   0.82   4.41 1476.0     0.00   0.00    0.0  0.003  0.002  0.009  0.004  0.000  0.007
23:51:34 864.43   16.7   31.9   1377    4.2    336    7.6    29.1  -0.0   0.82   4.41 1478.0     0.00   0.00    0.0  0.003  0.002  0.009  0.004  0.000  0.007
23:51:37 864.32   16.8   32.1   1378    4.6    328    7.6    29.1   0.1   0.82   4.45 1481.0     0.00   0.00    0.0  0.003  0.002  0.009  0.004  0.000  0.007
23:51:38 864.12   16.7   32.1   1380    4.6    328    7.6    29.1   0.0   0.82   4.44 1482.0     0.00   0.00    0.0  0.003  0.002  0.009  0.004  0.000  0.007
23:51:39 864.15   16.7   31.9   1380    4.7    323    7.6    29.1  -0.0   0.82   4.41 1483.0     0.00   0.00    0.0  0.003  0.002  0.009  0.004  0.000  0.007
23:51:40 864.01   16.7   32.0   1381    4.8    335    7.6    29.1  -0.0   0.82   4.42 1484.0     0.00   0.00    0.0  0.003  0.002  0.009  0.004  0.000  0.007
23:51:41 864.13   16.7   32.1   1380    5.0    320    7.6    29.1   0.0   0.82   4.44 1485.0     0.00   0.00    0.0  0.003  0.002  0.009  0.004  0.000  0.007
23:51:42 863.91   16.7   32.0   1382    5.0    324    7.6    29.1  -0.0   0.82   4.42 1486.0     0.00   0.00    0.0  0.003  0.002  0.009  0.004  0.000  0.007
23:51:44 864.00   16.7   32.2   1381    5.0    326    7.6    29.1   0.1   0.82   4.46 1488.0     0.00   0.00    0.0  0.003  0.002  0.009  0.004  0.000  0.007
23:51:46 863.72   16.7   32.2   1384    4.7    328    7.6    29.1   0.0   0.82   4.44 1490.0     0.00   0.00    0.0  0.003  0.002  0.009  0.004  0.000  0.007
23:51:47 863.57   16.7   32.3   1385    4.7    333    7.6    29.1   0.1   0.82   4.46 1491.0     0.00   0.00    0.0  0.003  0.002  0.009  0.004  0.000  0.007
23:51:48 863.31   16.8   32.3   1388    4.9    325    7.6    29.2   0.2   0.82   4.48 1492.0     0.00   0.00    0.0  0.003  0.002  0.009  0.004  0.000  0.007
23:51:49 863.50   16.7   32.2   1386    4.9    328    7.6    29.1   0.1   0.82   4.45 1493.0     0.00   0.00    0.0  0.003  0.002  0.009  0.004  0.000  0.007
23:51:50 863.55   16.7   32.3   1386    5.1    335    7.6    29.1   0.1   0.82   4.46 1494.0     0.00   0.00    0.0  0.003  0.002  0.009  0.004  0.000  0.007
23:51:51 863.39   16.7   32.3   1387    5.0    338    7.6    29.1   0.1   0.82   4.46 1495.0     0.00   0.00    0.0  0.003  0.002  0.009  0.004  0.000  0.007
23:51:52 863.44   16.7   32.3   1387    4.8    341    7.6    29.1   0.1   0.82   4.47 1496.0     0.00   0.00    0.0  0.003  0.002  0.009  0.004  0.000  0.007
23:51:53 863.28   16.7   32.4   1388    4.9    345    7.6    29.1   0.1   0.82   4.47 1497.0     0.00   0.00    0.0  0.003  0.002  0.009  0.004  0.000  0.007
23:51:55 863.35   16.7   32.3   1388    4.9    347    7.6    29.1   0.1   0.82   4.47 1499.0     0.00   0.00    0.0  0.003  0.002  0.009  0.004  0.000  0.007
23:51:56 863.21   16.7   32.3   1389    4.9    352    7.6    29.2   0.1   0.82   4.46 1500.0     0.00   0.00    0.0  0.003  0.002  0.009  0.004  0.000  0.007
23:51:58 863.31   16.7   32.3   1388    4.6    354    7.6    29.2   0.1   0.82   4.48 1502.0     0.00   0.00    0.0  0.003  0.002  0.009  0.004  0.000  0.007
23:52:00 863.00   16.7   32.2   1391    3.9      1    7.6    29.2   0.1   0.82   4.46 1503.9     0.00   0.00    0.0  0.003  0.003  0.009  0.004  0.000  0.007
23:52:01 862.88   16.7   32.3   1392    3.8      2    7.6    29.2   0.1   0.82   4.46 1504.9     0.00   0.00    0.0  0.003  0.002  0.009  0.004  0.000  0.007
23:52:02 863.09   16.7   32.3   1390    3.9      0    7.6    29.2   0.1   0.82   4.47 1505.9     0.00   0.00    0.0  0.003  0.002  0.009  0.004  0.000  0.007
23:52:03 863.10   16.7   32.2   1390    3.9     10    7.6    29.1   0.0   0.82   4.44 1506.9     0.00   0.00    0.0  0.003  0.002  0.009  0.004  0.000  0.007
23:52:04 862.88   16.7   32.3   1392    4.1      1    7.6    29.2   0.1   0.82   4.46 1507.9     0.00   0.00    0.0  0.003  0.003  0.009  0.004  0.000  0.007
23:52:06 862.69   16.7   32.3   1394    4.6      5    7.6    29.2   0.1   0.82   4.46 1509.9     0.00   0.00    0.0  0.003  0.002  0.009  0.004  0.000  0.007
23:52:09 862.80   16.6   32.1   1393    5.1      1    7.6    29.1  -0.1   0.81   4.40 1512.9     0.00   0.00    0.0  0.003  0.002  0.009  0.004  0.000  0.007
23:52:10 862.52   16.6   31.9   1396    5.0    356    7.6    29.1  -0.2   0.81   4.36 1513.9     0.00   0.00    0.0  0.003  0.002  0.009  0.004  0.000  0.007
23:52:12 862.36   16.5   32.1   1397    4.6    354    7.6    29.0  -0.1   0.81   4.39 1515.9     0.00   0.00    0.0  0.003  0.002  0.009  0.004  0.000  0.007
23:52:13 862.43   16.5   31.8   1397    4.6    344    7.6    29.0  -0.3   0.81   4.33 1516.9     0.00   0.00    0.0  0.003  0.002  0.009  0.004  0.000  0.007
23:52:14 862.35   16.5   31.9   1398    4.4    345    7.6    29.0  -0.3   0.81   4.35 1517.9     0.00   0.00    0.0  0.003  0.002  0.009  0.004  0.000  0.007
23:52:15 862.22   16.5   31.8   1399    4.5    334    7.6    29.1  -0.3   0.81   4.34 1518.9     0.00   0.00    0.0  0.003  0.002  0.009  0.004  0.000  0.007
23:52:18 862.18   16.5   32.0   1399    5.0    342    7.6    29.0  -0.2   0.81   4.37 1521.9     0.00   0.00    0.0  0.003  0.002  0.009  0.004  0.000  0.007
23:52:19 862.07   16.6   32.2   1400    5.0    335    7.6    29.1  -0.1   0.82   4.41 1522.9     0.00   0.00    0.0  0.003  0.002  0.009  0.004  0.000  0.007
23:52:20 862.55   16.5   32.1   1396    5.3    341    7.5    29.0  -0.2   0.81   4.38 1523.9     0.00   0.00    0.0  0.003  0.002  0.009  0.004  0.000  0.007
23:52:21 862.01   16.5   32.1   1401    5.3    340    7.5    29.1  -0.2   0.81   4.38 1524.9     0.00   0.00    0.0  0.003  0.002  0.009  0.004  0.000  0.007
23:52:22 861.77   16.5   32.3   1403    5.0    343    7.5    29.1  -0.1   0.82   4.41 1525.9     0.00   0.00    0.0  0.003  0.002  0.009  0.004  0.000  0.007
23:52:24 861.84   16.5   32.2   1403    4.6    348    7.5    29.1  -0.1   0.82   4.41 1527.9     0.00   0.00    0.0  0.003  0.002  0.009  0.004  0.000  0.007
23:52:25 861.84   16.5   32.3   1403    4.8    348    7.5    29.1  -0.1   0.82   4.41 1528.9     0.00   0.00    0.0  0.003  0.002  0.009  0.004  0.000  0.007
23:52:27 861.99   16.5   32.2   1401    4.9    350    7.5    29.1  -0.1   0.81   4.39 1530.9     0.00   0.00    0.0  0.003  0.002  0.009  0.004  0.000  0.007
23:52:29 861.69   16.5   32.2   1404    4.9    340    7.5    29.1  -0.2   0.81   4.38 1532.9     0.00   0.00    0.0  0.003  0.002  0.009  0.004  0.000  0.007
23:52:31 861.47   16.5   32.2   1406    5.1    345    7.5    29.1  -0.1   0.81   4.39 1534.9     0.00   0.00    0.0  0.003  0.002  0.009  0.004  0.000  0.007
23:52:32 861.63   16.4   32.0   1405    4.9    338    7.5    29.0  -0.3   0.81   4.34 1535.9     0.00   0.00    0.0  0.003  0.002  0.009  0.004  0.000  0.007
23:52:34 861.16   16.4   32.0   1409    5.3    346    7.5    29.0  -0.3   0.81   4.32 1537.9     0.00   0.00    0.0  0.003  0.003  0.009  0.004  0.000  0.007
23:52:35 861.00   16.4   32.1   1411    5.3    345    7.5    29.0  -0.3   0.81   4.34 1538.9     0.00   0.00    0.0  0.003  0.002  0.009  0.004  0.000  0.007
23:52:36 861.08   16.4   32.2   1410    5.1    345    7.5    29.0  -0.2   0.81   4.36 1539.9     0.00   0.00    0.0  0.003  0.002  0.009  0.004  0.000  0.007
23:52:37 861.20   16.4   32.2   1409    5.1    346    7.5    29.0  -0.3   0.81   4.35 1540.9     0.00   0.00    0.0  0.003  0.002  0.009  0.004  0.000  0.007
23:52:39 860.85   16.4   32.3   1412    5.0    347    7.5    29.0  -0.2   0.81   4.37 1542.9     0.00   0.00    0.0  0.003  0.003  0.009  0.004  0.000  0.007
23:52:40 860.97   16.4   32.2   1411    4.9    344    7.5    29.0  -0.2   0.81   4.36 1543.9     0.00   0.00    0.0  0.003  0.002  0.009  0.004  0.000  0.007
23:52:43 860.70   16.3   32.2   1414    4.8    338    7.5    29.0  -0.3   0.81   4.34 1546.9     0.00   0.00    0.0  0.003  0.003  0.009  0.004  0.000  0.007
23:52:46 860.68   16.3   32.1   1414    4.8    333    7.5    29.0  -0.4   0.81   4.32 1549.9     0.00   0.00    0.0  0.003  0.003  0.009  0.004  0.000  0.007
23:52:47 860.64   16.3   32.1   1414    4.9    325    7.5    29.0  -0.3   0.81   4.34 1550.9     0.00   0.00    0.0  0.003  0.002  0.009  0.004  0.000  0.007
23:52:48 860.60   16.3   32.2   1415    4.9    330    7.5    29.0  -0.3   0.81   4.33 1551.9     0.00   0.00    0.0  0.003  0.002  0.009  0.004  0.000  0.007
23:52:49 860.51   16.3   32.1   1416    4.9    326    7.5    29.0  -0.4   0.81   4.31 1552.9     0.00   0.00    0.0  0.003  0.003  0.009  0.004  0.000  0.007
23:52:50 860.54   16.2   32.0   1415    5.2    336    7.5    28.9  -0.4   0.81   4.29 1553.9     0.00   0.00    0.0  0.003  0.002  0.009  0.004  0.000  0.007
23:52:51 860.45   16.3   32.1   1416    5.2    337    7.5    29.0  -0.3   0.81   4.33 1554.9     0.00   0.00    0.0  0.003  0.003  0.009  0.004  0.000  0.007
23:52:53 860.37   16.3   32.1   1417    5.2    332    7.5    29.0  -0.4   0.81   4.31 1556.9     0.00   0.00    0.0  0.003  0.002  0.009  0.004  0.000  0.007
23:52:55 860.25   16.2   32.1   1418    4.9    346    7.5    28.9  -0.4   0.81   4.30 1558.9     0.00   0.00    0.0  0.003  0.003  0.009  0.004  0.000  0.007
23:52:56 860.26   16.3   32.2   1418    5.0    333    7.5    29.0  -0.3   0.81   4.33 1559.9     0.00   0.00    0.0  0.003  0.002  0.009  0.004  0.000  0.007
23:52:57 860.04   16.2   32.2   1420    4.8    329    7.5    29.0  -0.4   0.81   4.31 1560.9     0.00   0.00    0.0  0.003  0.002  0.009  0.004  0.000  0.007
23:52:58 860.00   16.2   32.2   1421    4.8    334    7.5    28.9  -0.4   0.81   4.30 1561.9     0.00   0.00    0.0  0.003  0.003  0.009  0.004  0.000  0.007
23:52:59 860.04   16.2   32.2   1420    5.0    333    7.5    28.9  -0.4   0.81   4.30 1562.9     0.00   0.00    0.0  0.003  0.003  0.009  0.004  0.000  0.007
23:53:00 859.95   16.2   32.2   1421    5.0    339    7.5    28.9  -0.4   0.81   4.30 1563.9     0.00   0.00    0.0  0.003  0.002  0.009  0.004  0.000  0.007
23:53:02 860.02   16.2   32.2   1421    5.0    333    7.5    29.0  -0.4   0.81   4.32 1565.9     0.00   0.00    0.0  0.003  0.003  0.009  0.004  0.000  0.007
23:53:04 859.73   16.2   32.2   1423    4.9    342    7.5    29.0  -0.4   0.81   4.31 1567.9     0.00   0.00    0.0  0.003  0.003  0.009  0.004  0.000  0.007
23:53:05 859.83   16.2   32.1   1422    5.1    337    7.5    28.9  -0.4   0.81   4.29 1568.9     0.00   0.00    0.0  0.003  0.003  0.009  0.004  0.000  0.007
23:53:06 859.62   16.2   32.3   1425    5.1    340    7.5    29.0  -0.4   0.81   4.32 1569.9     0.00   0.00    0.0  0.003  0.003  0.009  0.004  0.000  0.007
23:53:07 859.61   16.2   32.2   1425    5.1    337    7.5    29.0  -0.4   0.81   4.31 1570.9     0.00   0.00    0.0  0.003  0.003  0.009  0.004  0.000  0.007
23:53:08 859.61   16.2   32.1   1425    5.3    351    7.5    28.9  -0.5   0.81   4.28 1571.9     0.00   0.00    0.0  0.003  0.003  0.009  0.004  0.000  0.007
23:53:09 859.56   16.2   32.2   1425    5.7    353    7.5    29.0  -0.4   0.81   4.31 1572.9     0.00   0.00    0.0  0.003  0.002  0.009  0.004  0.000  0.007
23:53:10 859.74   16.2   32.1   1423    5.8    345    7.5    28.9  -0.5   0.81   4.29 1573.9     0.00   0.00    0.0  0.003  0.002  0.009  0.004  0.000  0.007
23:53:11 859.56   16.2   32.2   1425    5.8    353    7.5    28.9  -0.4   0.81   4.30 1574.9     0.00   0.00    0.0  0.003  0.002  0.009  0.004  0.000  0.007
23:53:14 859.42   16.2   32.2   1426    5.3    351    7.5    29.0  -0.4   0.81   4.31 1577.9     0.00   0.00    0.0  0.003  0.003  0.009  0.004  0.000  0.007
23:53:15 859.66   16.1   32.1   1424    5.2    355    7.5    28.9  -0.5   0.81   4.28 1578.9     0.00   0.00    0.0  0.003  0.003  0.009  0.004  0.000  0.007
23:53:17 859.34   16.3   32.8   1427    4.8    359    7.5    29.1  -0.1   0.82   4.43 1580.9     0.00   0.00    0.0  0.003  0.003  0.009  0.004  0.000  0.007
23:53:18 859.10   16.2   32.3   1430    4.8    352    7.5    29.0  -0.4   0.81   4.32 1581.9     0.00   0.00    0.0  0.003  0.003  0.009  0.004  0.000  0.007
23:53:19 859.18   16.1   32.2   1429    4.8    357    7.5    29.0  -0.5   0.81   4.29 1582.9     0.00   0.00    0.0  0.003  0.003  0.009  0.004  0.000  0.007
23:53:20 859.18   16.1   32.2   1429    5.0    352    7.5    28.9  -0.5   0.81   4.28 1583.9     0.00   0.00    0.0  0.003  0.002  0.009  0.004  0.000  0.007
23:53:21 858.99   16.1   32.3   1431    5.1    355    7.5    28.9  -0.4   0.81   4.30 1584.9     0.00   0.00    0.0  0.003  0.003  0.009  0.004  0.000  0.007
23:53:23 858.99   16.1   32.3   1431    4.9    355    7.5    29.0  -0.4   0.81   4.30 1586.9     0.00   0.00    0.0  0.003  0.003  0.009  0.004  0.000  0.007
23:53:25 858.83   16.1   32.5   1432    4.8    356    7.5    29.0  -0.4   0.81   4.33 1588.9     0.00   0.00    0.0  0.003  0.003  0.009  0.004  0.000  0.007
23:53:26 858.75   16.1   32.5   1433    4.8    354    7.5    29.0  -0.3   0.81   4.33 1589.9     0.00   0.00    0.0  0.003  0.003  0.009  0.004  0.000  0.007
23:53:27 858.94   16.2   32.5   1431    4.9    350    7.5    29.0  -0.3   0.81   4.36 1590.9     0.00   0.00    0.0  0.003  0.002  0.009  0.004  0.000  0.007
23:53:28 858.78   16.1   32.5   1433    5.0    350    7.5    29.0  -0.3   0.81   4.34 1591.9     0.00   0.00    0.0  0.003  0.003  0.009  0.004  0.000  0.007
23:53:29 858.74   16.2   32.4   1433    5.0    353    7.5    29.0  -0.3   0.81   4.34 1592.9     0.00   0.00    0.0  0.003  0.003  0.009  0.004  0.000  0.007
23:53:31 858.52   16.1   32.6   1435    5.0    337    7.5    29.0  -0.3   0.81   4.34 1594.9     0.00   0.00    0.0  0.003  0.002  0.009  0.004  0.000  0.007
23:53:32 858.43   16.1   32.5   1436    5.0    333    7.5    29.0  -0.4   0.81   4.33 1595.9     0.00   0.00    0.0  0.003  0.003  0.009  0.004  0.000  0.007
23:53:33 858.30   16.1   32.4   1438    5.1    334    7.5    29.0  -0.4   0.81   4.30 1596.9     0.00   0.00    0.0  0.003  0.003  0.009  0.004  0.000  0.007
23:53:34 858.62   16.1   32.4   1434    5.1    344    7.5    29.0  -0.4   0.81   4.31 1597.9     0.00   0.00    0.0  0.003  0.003  0.009  0.004  0.000  0.007
23:53:35 858.37   16.1   32.4   1437    4.9    337    7.5    29.0  -0.4   0.81   4.31 1598.9     0.00   0.00    0.0  0.003  0.003  0.009  0.004  0.000  0.007
23:53:36 858.30   16.1   32.4   1438    4.7    328    7.5    29.0  -0.4   0.81   4.31 1599.9     0.00   0.00    0.0  0.003  0.003  0.009  0.004  0.000  0.007
23:53:38 858.18   16.1   32.4   1439    4.6    324    7.5    29.0  -0.4   0.81   4.31 1601.9     0.00   0.00    0.0  0.003  0.002  0.009  0.004  0.000  0.007
23:53:39 858.21   16.1   32.4   1438    4.6    328    7.5    29.0  -0.4   0.81   4.31 1602.9     0.00   0.00    0.0  0.003  0.003  0.009  0.004  0.000  0.007
23:53:41 858.07   16.1   32.4   1440    4.5    335    7.5    29.0  -0.4   0.81   4.31 1604.8     0.00   0.00    0.0  0.003  0.002  0.009  0.004  0.000  0.007
23:53:44 857.81   16.0   32.5   1442    3.9    346    7.5    29.0  -0.5   0.81   4.30 1607.8     0.00   0.00    0.0  0.003  0.003  0.009  0.004  0.000  0.007
23:53:45 857.94   16.0   32.5   1441    4.0    345    7.5    28.9  -0.5   0.81   4.30 1608.8     0.00   0.00    0.0  0.003  0.003  0.009  0.004  0.000  0.007
23:53:46 858.19   16.0   32.4   1439    4.1    332    7.5    29.0  -0.4   0.81   4.30 1609.8     0.00   0.00    0.0  0.003  0.003  0.009  0.004  0.000  0.007
23:53:47 857.74   16.0   32.6   1443    3.8    343    7.5    28.9  -0.4   0.81   4.30 1610.8     0.00   0.00    0.0  0.003  0.003  0.009  0.004  0.000  0.007
23:53:50 857.67   16.0   32.5   1444    4.4    343    7.5    29.0  -0.5   0.81   4.30 1613.8     0.00   0.00    0.0  0.003  0.003  0.009  0.004  0.000  0.007
23:53:51 857.55   16.0   32.5   1445    4.6    347    7.5    28.9  -0.5   0.81   4.29 1614.8     0.00   0.00    0.0  0.003  0.003  0.009  0.004  0.000  0.007
23:53:52 857.59   16.0   32.5   1445    4.6    351    7.5    29.0  -0.4   0.81   4.31 1615.8     0.00   0.00    0.0  0.003  0.003  0.009  0.004  0.000  0.007
23:53:53 857.39   16.0   32.6   1447    4.6    345    7.5    29.0  -0.4   0.81   4.31 1616.8     0.00   0.00    0.0  0.003  0.003  0.009  0.004  0.000  0.007
23:53:54 857.43   16.0   32.5   1446    4.6    347    7.5    29.0  -0.4   0.81   4.30 1617.8     0.00   0.00    0.0  0.003  0.003  0.009  0.004  0.000  0.007
23:53:55 857.20   16.0   32.4   1448    4.6    344    7.5    29.0  -0.5   0.81   4.28 1618.8     0.00   0.00    0.0  0.003  0.003  0.009  0.004  0.000  0.007
23:53:56 857.12   16.0   32.3   1449    4.6    345    7.5    29.0  -0.6   0.81   4.27 1619.8     0.00   0.00    0.0  0.003  0.003  0.009  0.004  0.000  0.007
23:53:57 857.32   16.0   32.4   1447    4.7    346    7.5    29.0  -0.5   0.81   4.28 1620.8     0.00   0.00    0.0  0.003  0.003  0.009  0.004  0.000  0.007
23:53:58 857.06   16.0   32.4   1450    4.7    345    7.5    29.0  -0.5   0.81   4.28 1621.8     0.00   0.00    0.0  0.003  0.003  0.009  0.004  0.000  0.007
23:53:59 857.29   16.0   32.4   1448    4.8    336    7.5    29.0  -0.5   0.81   4.29 1622.8     0.00   0.00    0.0  0.003  0.003  0.009  0.004  0.000  0.007
23:54:00 857.12   16.0   32.4   1449    4.6    337    7.5    29.0  -0.5   0.81   4.27 1623.8     0.00   0.00    0.0  0.003  0.003  0.009  0.004  0.000  0.007
23:54:01 857.26   15.9   32.4   1448    4.7    340    7.5    28.9  -0.5   0.81   4.28 1624.8     0.00   0.00    0.0  0.003  0.003  0.009  0.004  0.000  0.007
23:54:02 857.01   15.9   32.5   1450    4.7    335    7.5    29.0  -0.5   0.81   4.29 1625.8     0.00   0.00    0.0  0.003  0.003  0.009  0.004  0.000  0.007
23:54:04 856.96   16.0   32.5   1451    4.4    326    7.5    29.0  -0.5   0.81   4.29 1627.8     0.00   0.00    0.0  0.003  0.003  0.009  0.004  0.000  0.007
23:54:05 856.78   15.9   32.4   1453    4.4    339    7.5    29.0  -0.5   0.81   4.28 1628.8     0.00   0.00    0.0  0.003  0.003  0.009  0.004  0.000  0.007
23:54:06 856.73   15.9   32.4   1453    4.4    329    7.5    29.0  -0.5   0.81   4.27 1629.8     0.00   0.00    0.0  0.003  0.003  0.009  0.004  0.000  0.007
23:54:07 856.79   15.9   32.5   1452    4.1    324    7.5    29.0  -0.5   0.81   4.29 1630.8     0.00   0.00    0.0  0.003  0.003  0.009  0.004  0.000  0.007
23:54:08 856.76   15.9   32.5   1453    4.0    322    7.5    29.0  -0.5   0.81   4.28 1631.8     0.00   0.00    0.0  0.003  0.003  0.009  0.004  0.000  0.007
23:54:09 856.75   15.9   32.6   1453    4.0    342    7.5    29.0  -0.5   0.81   4.30 1632.8     0.00   0.00    0.0  0.003  0.003  0.009  0.004  0.000  0.007
23:54:12 856.56   15.9   32.6   1455    4.2    342    7.5    29.0  -0.5   0.81   4.28 1635.8     0.00   0.00    0.0  0.003  0.003  0.009  0.004  0.000  0.007
23:54:13 856.66   15.9   32.6   1454    4.1    339    7.5    29.0  -0.5   0.81   4.29 1636.8     0.00   0.00    0.0  0.003  0.003  0.009  0.004  0.000  0.007
23:54:15 856.51   15.9   32.7   1455    4.2    347    7.5    29.0  -0.5   0.81   4.30 1638.8     0.00   0.00    0.0  0.003  0.003  0.009  0.004  0.000  0.007
23:54:16 856.40   15.9   32.7   1456    4.4    346    7.5    29.0  -0.5   0.81   4.31 1639.8     0.00   0.00    0.0  0.003  0.003  0.009  0.004  0.000  0.007
23:54:17 856.38   15.9   32.8   1457    4.5    349    7.5    29.0  -0.4   0.81   4.31 1640.8     0.00   0.00    0.0  0.003  0.003  0.009  0.004  0.000  0.007
23:54:18 856.34   15.9   32.7   1457    4.6    347    7.5    29.0  -0.4   0.81   4.31 1641.8     0.00   0.00    0.0  0.003  0.003  0.009  0.004  0.000  0.007
23:54:19 856.26   15.9   32.8   1458    4.5    343    7.5    29.0  -0.4   0.81   4.31 1642.8     0.00   0.00    0.0  0.003  0.003  0.009  0.004  0.000  0.007
23:54:20 856.52   15.9   32.8   1455    4.5    347    7.5    29.0  -0.4   0.81   4.32 1643.8     0.00   0.00    0.0  0.003  0.003  0.009  0.004  0.000  0.007
23:54:21 856.32   15.9   32.7   1457    4.6    356    7.5    29.0  -0.4   0.81   4.31 1644.8     0.00   0.00    0.0  0.003  0.003  0.009  0.004  0.000  0.007
23:54:22 856.17   15.8   32.6   1459    4.5    352    7.5    28.9  -0.5   0.81   4.28 1645.8     0.00   0.00    0.0  0.003  0.003  0.009  0.004  0.000  0.007
23:54:24 856.28   15.9   32.7   1458    4.2    345    7.5    29.0  -0.5   0.81   4.30 1647.8     0.00   0.00    0.0  0.003  0.003  0.009  0.004  0.000  0.007
23:54:26 855.88   15.8   32.7   1462    4.3    353    7.5    29.0  -0.5   0.81   4.29 1649.8     0.00   0.00    0.0  0.003  0.003  0.009  0.004  0.000  0.007
23:54:27 856.38   15.8   32.6   1457    4.3    349    7.5    28.9  -0.5   0.81   4.28 1650.8     0.00   0.00    0.0  0.003  0.003  0.009  0.004  0.000  0.007
23:54:28 855.96   15.8   32.7   1461    4.4    351    7.5    29.0  -0.5   0.81   4.29 1651.8     0.00   0.00    0.0  0.003  0.003  0.009  0.004  0.000  0.007
23:54:29 855.62   15.9   32.6   1464    4.7    351    7.5    29.1  -0.5   0.81   4.30 1652.8     0.00   0.00    0.0  0.003  0.003  0.009  0.004  0.000  0.007
23:54:30 855.78   15.8   32.7   1462    4.8    351    7.5    28.9  -0.5   0.81   4.27 1653.8     0.00   0.00    0.0  0.003  0.003  0.009  0.004  0.000  0.007
23:54:31 855.69   15.9   32.7   1463    4.8    355    7.5    29.0  -0.5   0.81   4.29 1654.8     0.00   0.00    0.0  0.003  0.003  0.009  0.004  0.000  0.007
23:54:32 855.68   15.9   32.6   1463    4.9    348    7.5    29.0  -0.5   0.81   4.29 1655.8     0.00   0.00    0.0  0.003  0.003  0.009  0.004  0.000  0.007
23:54:33 855.59   15.8   32.6   1464    5.0    348    7.5    29.0  -0.6   0.81   4.26 1656.8     0.00   0.00    0.0  0.003  0.003  0.009  0.004  0.000  0.007
23:54:36 855.18   15.8   32.7   1468    4.9    346    7.5    29.0  -0.6   0.81   4.27 1659.8     0.00   0.00    0.0  0.003  0.003  0.009  0.004  0.000  0.007
23:54:37 855.41   15.8   32.7   1466    4.7    348    7.5    29.0  -0.5   0.81   4.28 1660.8     0.00   0.00    0.0  0.003  0.003  0.009  0.004  0.000  0.007
23:54:38 855.22   15.8   32.6   1468    4.6    345    7.5    29.0  -0.5   0.81   4.28 1661.8     0.00   0.00    0.0  0.003  0.003  0.009  0.004  0.000  0.007
23:54:39 855.42   15.8   32.6   1466    4.6    352    7.5    29.0  -0.6   0.81   4.26 1662.8     0.00   0.00    0.0  0.003  0.003  0.009  0.004  0.000  0.007
23:54:40 855.26   15.8   32.6   1468    4.5    355    7.5    29.0  -0.5   0.81   4.28 1663.8     0.00   0.00    0.0  0.003  0.003  0.009  0.004  0.000  0.007
23:54:41 855.12   15.8   32.5   1469    4.4    350    7.5    29.1  -0.6   0.81   4.27 1664.8     0.00   0.00    0.0  0.003  0.003  0.009  0.004  0.000  0.007
23:54:42 854.97   15.8   32.4   1471    4.6    352    7.5    29.1  -0.6   0.81   4.25 1665.8     0.00   0.00    0.0  0.003  0.003  0.009  0.004  0.000  0.007
23:54:43 854.87   15.9   32.3   1472    4.6    354    7.5    29.1  -0.7   0.81   4.24 1666.8     0.00   0.00    0.0  0.003  0.003  0.009  0.004  0.000  0.007
23:54:44 855.06   15.9   32.3   1470    4.8    354    7.5    29.1  -0.6   0.81   4.24 1667.8     0.00   0.00    0.0  0.003  0.003  0.009  0.004  0.000  0.007
23:54:46 854.69   15.9   32.0   1473    5.0    352    7.5    29.2  -0.8   0.81   4.21 1669.8     0.00   0.00    0.0  0.003  0.003  0.009  0.004  0.000  0.007
23:54:47 854.88   15.9   31.9   1471    5.2    354    7.5    29.2  -0.8   0.81   4.19 1670.8     0.00   0.00    0.0  0.003  0.003  0.009  0.004  0.000  0.007
23:54:48 854.70   15.9   31.7   1473    5.5    356    7.5    29.2  -0.9   0.81   4.16 1671.8     0.00   0.00    0.0  0.003  0.003  0.009  0.004  0.000  0.007
23:54:49 854.80   15.9   31.6   1472    5.5    354    7.5    29.2  -0.9   0.81   4.17 1672.8     0.00   0.00    0.0  0.003  0.003  0.009  0.004  0.000  0.007
23:54:50 855.01   15.9   31.4   1470    5.2    353    7.5    29.2  -1.0   0.81   4.14 1673.8     0.00   0.00    0.0  0.003  0.003  0.009  0.004  0.000  0.007
23:54:51 854.59   16.0   31.4   1474    5.1    350    7.5    29.2  -1.0   0.81   4.14 1674.8     0.00   0.00    0.0  0.003  0.003  0.009  0.004  0.000  0.007
23:54:53 854.76   15.9   31.1   1473    5.1    353    7.5    29.2  -1.1   0.80   4.08 1676.8     0.00   0.00    0.0  0.003  0.003  0.009  0.004  0.000  0.007
23:54:56 854.44   15.9   31.1   1476    5.1    355    7.5    29.2  -1.2   0.80   4.07 1679.8     0.00   0.00    0.0  0.003  0.003  0.009  0.004  0.000  0.007
23:54:57 854.44   15.9   31.1   1476    5.1    354    7.5    29.2  -1.1   0.80   4.09 1680.8     0.00   0.00    0.0  0.003  0.003  0.009  0.004  0.000  0.007
23:54:58 854.21   15.9   30.9   1478    4.8    349    7.5    29.2  -1.2   0.80   4.04 1681.8     0.00   0.00    0.0  0.003  0.003  0.009  0.004  0.000  0.007
23:55:00 854.58   15.9   30.9   1474    5.0    346    7.5    29.1  -1.2   0.80   4.04 1683.8     0.00   0.00    0.0  0.003  0.003  0.009  0.004  0.000  0.007
23:55:04 853.88   15.9   30.8   1481    4.4    354    7.5    29.2  -1.3   0.80   4.02 1687.8     0.00   0.00    0.0  0.003  0.003  0.009  0.004  0.000  0.007
23:55:06 853.95   15.9   30.7   1481    4.0    349    7.5    29.2  -1.3   0.80   4.01 1689.8     0.00   0.00    0.0  0.003  0.003  0.009  0.004  0.000  0.007
23:55:08 853.91   15.9   30.6   1481    3.6    350    7.5    29.2  -1.4   0.80   4.00 1691.8     0.00   0.00    0.0  0.003  0.003  0.009  0.004  0.000  0.007
23:55:09 853.86   15.9   30.5   1482    3.5    350    7.5    29.3  -1.4   0.80   4.00 1692.8     0.00   0.00    0.0  0.003  0.003  0.009  0.004  0.000  0.007
23:55:10 853.91   15.9   30.6   1481    3.6    348    7.5    29.2  -1.4   0.80   4.00 1693.8     0.00   0.00    0.0  0.003  0.003  0.009  0.004  0.000  0.007
23:55:13 853.73   15.8   30.6   1483    3.4    357    7.5    29.2  -1.4   0.80   3.99 1696.8     0.00   0.00    0.0  0.003  0.003  0.009  0.004  0.000  0.007
23:55:14 853.78   15.8   30.7   1482    3.5    357    7.5    29.2  -1.4   0.80   4.00 1697.8     0.00   0.00    0.0  0.003  0.003  0.009  0.005  0.000  0.007
23:55:16 853.41   15.9   30.9   1486    3.7    353    7.5    29.2  -1.3   0.80   4.03 1699.8     0.00   0.00    0.0  0.003  0.003  0.009  0.004  0.000  0.007
23:55:17 853.52   15.8   31.0   1485    3.8    359    7.5    29.2  -1.3   0.80   4.03 1700.8     0.00   0.00    0.0  0.003  0.003  0.009  0.004  0.000  0.007
23:55:18 853.41   15.8   31.0   1486    3.8    359    7.5    29.2  -1.2   0.80   4.05 1701.8     0.00   0.00    0.0  0.003  0.003  0.009  0.004  0.000  0.007
23:55:19 853.35   15.8   31.1   1487    4.0    358    7.5    29.2  -1.2   0.80   4.07 1702.8     0.00   0.00    0.0  0.003  0.003  0.009  0.005  0.000  0.007
23:55:20 853.52   15.8   31.2   1485    4.4    356    7.5    29.2  -1.2   0.80   4.07 1703.8     0.00   0.00    0.0  0.003  0.003  0.009  0.004  0.000  0.007
23:55:21 853.34   15.9   31.3   1487    5.0    359    7.5    29.3  -1.1   0.80   4.11 1704.8     0.00   0.00    0.0  0.003  0.003  0.009  0.005  0.000  0.007
23:55:22 853.28   15.9   31.3   1487    5.5    360    7.5    29.3  -1.1   0.80   4.10 1705.8     0.00   0.00    0.0  0.003  0.003  0.009  0.004  0.000  0.007
23:55:23 853.24   15.8   31.3   1488    5.5    358    7.5    29.2  -1.1   0.80   4.09 1706.7     0.00   0.00    0.0  0.003  0.003  0.009  0.004  0.000  0.007
23:55:26 853.25   15.9   31.2   1488    5.2      1    7.5    29.3  -1.1   0.80   4.09 1709.7     0.00   0.00    0.0  0.003  0.003  0.009  0.005  0.000  0.007
23:55:29 853.11   15.8   31.0   1489    5.0    353    7.5    29.3  -1.2   0.80   4.06 1712.7     0.00   0.00    0.0  0.003  0.003  0.009  0.004  0.000  0.007
23:55:30 853.06   15.8   31.1   1489    4.8    357    7.5    29.3  -1.2   0.80   4.07 1713.7     0.00   0.00    0.0  0.003  0.003  0.009  0.004  0.000  0.007
23:55:35 852.74   15.8   31.0   1493    5.0    356    7.5    29.2  -1.3   0.80   4.03 1718.7     0.00   0.00    0.0  0.003  0.003  0.009  0.005  0.000  0.007
23:55:36 852.62   15.8   31.0   1494    4.9      1    7.5    29.3  -1.2   0.80   4.05 1719.7     0.00   0.00    0.0  0.003  0.003  0.009  0.005  0.000  0.007
23:55:37 852.67   15.8   30.9   1493    4.8    353    7.5    29.3  -1.3   0.80   4.02 1720.7     0.00   0.00    0.0  0.003  0.003  0.009  0.004  0.000  0.007
23:55:39 852.62   15.7   31.0   1494    4.9    356    7.5    29.2  -1.3   0.80   4.03 1722.7     0.00   0.00    0.0  0.003  0.003  0.009  0.004  0.000  0.007
23:55:40 852.56   15.8   31.0   1494    4.9    354    7.5    29.2  -1.3   0.80   4.03 1723.7     0.00   0.00    0.0  0.003  0.003  0.009  0.005  0.000  0.007
23:55:41 852.60   15.7   31.0   1494    5.0    358    7.5    29.2  -1.3   0.80   4.03 1724.7     0.00   0.00    0.0  0.003  0.003  0.009  0.004  0.000  0.007
23:55:43 852.29   15.7   31.2   1497    4.6      0    7.5    29.2  -1.3   0.80   4.04 1726.7     0.00   0.00    0.0  0.003  0.003  0.009  0.005  0.000  0.007
23:55:44 852.28   15.8   31.1   1497    4.6    358    7.5    29.3  -1.3   0.80   4.05 1727.7     0.00   0.00    0.0  0.003  0.003  0.009  0.004  0.000  0.007
23:55:45 852.13   15.7   31.2   1499    4.4    356    7.5    29.2  -1.3   0.80   4.04 1728.7     0.00   0.00    0.0  0.003  0.003  0.009  0.005  0.000  0.007
23:55:46 851.98   15.7   31.2   1500    4.0    357    7.5    29.3  -1.2   0.80   4.05 1729.7     0.00   0.00    0.0  0.003  0.003  0.009  0.005  0.000  0.007
23:55:47 852.10   15.7   31.3   1499    4.0    353    7.5    29.3  -1.2   0.80   4.07 1730.7     0.00   0.00    0.0  0.003  0.003  0.009  0.005  0.000  0.007
23:55:49 852.05   15.7   31.4   1500    4.1    358    7.5    29.2  -1.2   0.80   4.05 1732.7     0.00   0.00    0.0  0.003  0.003  0.009  0.004  0.000  0.007
23:55:50 852.04   15.7   31.5   1500    4.3    355    7.5    29.2  -1.1   0.80   4.09 1733.7     0.00   0.00    0.0  0.003  0.003  0.009  0.004  0.000  0.007
23:55:55 852.09   15.7   31.8   1499    4.4    354    7.5    29.2  -1.0   0.80   4.13 1738.7     0.00   0.00    0.0  0.003  0.003  0.009  0.004  0.000  0.007
23:55:56 851.96   15.6   31.9   1500    4.5    358    7.5    29.2  -1.0   0.81   4.13 1739.7     0.00   0.00    0.0  0.003  0.003  0.009  0.005  0.000  0.007
23:55:57 851.83   15.5   32.0   1502    4.6    360    7.5    29.1  -1.1   0.80   4.11 1740.7     0.00   0.00    0.0  0.003  0.003  0.009  0.005  0.000  0.007
23:55:58 851.84   15.7   32.1   1502    4.5    357    7.5    29.2  -0.9   0.81   4.16 1741.7     0.00   0.00    0.0  0.003  0.003  0.009  0.005  0.000  0.007
23:55:59 851.60   15.6   32.1   1504    4.7    357    7.5    29.2  -1.0   0.81   4.14 1742.7     0.00   0.00    0.0  0.003  0.003  0.009  0.005  0.000  0.007
23:56:00 851.54   15.6   32.2   1505    4.8    353    7.5    29.2  -0.9   0.81   4.16 1743.7     0.00   0.00    0.0  0.003  0.003  0.009  0.005  0.000  0.007
23:56:01 851.54   15.6   32.2   1505    4.8    358    7.5    29.1  -1.0   0.81   4.15 1744.7     0.00   0.00    0.0  0.003  0.003  0.009  0.004  0.000  0.007
23:56:02 851.64   15.6   32.3   1504    4.4    351    7.5    29.1  -0.9   0.81   4.17 1745.7     0.00   0.00    0.0  0.003  0.003  0.009  0.005  0.000  0.007
23:56:03 851.42   15.5   32.3   1506    4.4    353    7.5    29.1  -0.9   0.81   4.16 1746.7     0.00   0.00    0.0  0.003  0.003  0.009  0.005  0.000  0.007
23:56:04 851.27   15.5   32.5   1507    4.7    351    7.5    29.1  -0.9   0.81   4.18 1747.7     0.00   0.00    0.0  0.003  0.003  0.009  0.005  0.000  0.007
23:56:06 851.24   15.5   32.7   1508    4.6    351    7.5    29.1  -0.8   0.81   4.21 1749.7     0.00   0.00    0.0  0.003  0.003  0.009  0.005  0.000  0.007
23:56:07 851.17   15.5   32.8   1508    4.4    352    7.5    29.1  -0.8   0.81   4.21 1750.7     0.00   0.00    0.0  0.003  0.003  0.009  0.004  0.000  0.007
23:56:08 851.35   15.5   32.9   1506    4.2    350    7.5    29.1  -0.7   0.81   4.23 1751.7     0.00   0.00    0.0  0.003  0.003  0.009  0.004  0.000  0.007
23:56:09 851.25   15.5   32.9   1507    4.0    352    7.5    29.1  -0.7   0.81   4.24 1752.7     0.00   0.00    0.0  0.003  0.003  0.009  0.005  0.000  0.007
23:56:10 851.22   15.5   33.0   1508    4.0    352    7.5    29.0  -0.7   0.81   4.23 1753.7     0.00   0.00    0.0  0.003  0.003  0.009  0.005  0.000  0.007
23:56:12 851.22   15.5   33.1   1508    3.9    353    7.5    29.0  -0.7   0.81   4.25 1755.7     0.00   0.00    0.0  0.003  0.003  0.009  0.005  0.000  0.007
23:56:13 851.25   15.5   33.1   1507    3.8    351    7.5    29.1  -0.7   0.81   4.26 1756.7     0.00   0.00    0.0  0.003  0.003  0.009  0.005  0.000  0.007
23:56:16 851.00   15.4   33.2   1510    3.5    350    7.5    29.0  -0.7   0.81   4.26 1759.7     0.00   0.00    0.0  0.003  0.003  0.009  0.005  0.000  0.007
23:56:17 850.99   15.5   33.2   1510    3.3    349    7.5    29.1  -0.6   0.81   4.27 1760.7     0.00   0.00    0.0  0.003  0.003  0.009  0.005  0.000  0.007
23:56:18 851.02   15.4   33.2   1510    3.0    349    7.5    29.1  -0.6   0.81   4.27 1761.7     0.00   0.00    0.0  0.003  0.003  0.009  0.005  0.000  0.007
23:56:22 850.92   15.4   33.4   1511    2.8    336    7.5    29.1  -0.6   0.81   4.29 1765.7     0.00   0.00    0.0  0.003  0.003  0.009  0.005  0.000  0.007
23:56:23 850.73   15.3   33.3   1513    2.8    350    7.5    29.0  -0.7   0.81   4.23 1766.7     0.00   0.00    0.0  0.003  0.003  0.009  0.005  0.000  0.007
23:56:24 850.79   15.4   33.4   1512    2.7    352    7.5    29.0  -0.7   0.81   4.26 1767.7     0.00   0.00    0.0  0.003  0.003  0.009  0.005  0.000  0.007
23:56:25 850.95   15.3   33.4   1511    2.7    350    7.5    29.0  -0.6   0.81   4.27 1768.7     0.00   0.00    0.0  0.003  0.003  0.009  0.005  0.000  0.007
23:56:26 850.78   15.4   33.2   1512    2.7    351    7.5    29.0  -0.7   0.81   4.24 1769.7     0.00   0.00    0.0  0.003  0.003  0.009  0.005  0.000  0.007
23:56:27 850.70   15.4   33.3   1513    2.9    353    7.5    29.0  -0.7   0.81   4.25 1770.7     0.00   0.00    0.0  0.003  0.003  0.009  0.005  0.000  0.007
23:56:28 850.75   15.4   33.3   1512    2.9    355    7.5    29.0  -0.6   0.81   4.27 1771.7     0.00   0.00    0.0  0.003  0.003  0.009  0.005  0.000  0.007
23:56:29 850.70   15.4   33.3   1513    2.9    353    7.5    29.0  -0.7   0.81   4.26 1772.7     0.00   0.00    0.0  0.003  0.003  0.009  0.005  0.000  0.007
23:56:30 850.81   15.4   33.4   1512    3.0    349    7.5    29.0  -0.6   0.81   4.28 1773.7     0.00   0.00    0.0  0.003  0.003  0.009  0.004  0.000  0.007
23:56:31 850.67   15.4   33.4   1513    3.2    352    7.5    29.0  -0.6   0.81   4.27 1774.7     0.00   0.00    0.0  0.003  0.003  0.009  0.005  0.000  0.007
23:56:33 850.69   15.4   33.4   1513    3.2    352    7.5    29.0  -0.6   0.81   4.28 1776.7     0.00   0.00    0.0  0.003  0.003  0.009  0.005  0.000  0.007
23:56:35 850.54   15.3   33.4   1515    3.2    355    7.5    29.0  -0.6   0.81   4.27 1778.7     0.00   0.00    0.0  0.003  0.003  0.009  0.004  0.000  0.007
23:56:36 850.54   15.4   33.5   1515    3.0    349    7.5    29.0  -0.6   0.81   4.28 1779.7     0.00   0.00    0.0  0.003  0.003  0.009  0.005  0.000  0.007
23:56:38 850.45   15.3   33.4   1515    3.2    351    7.5    29.0  -0.6   0.81   4.27 1781.7     0.00   0.00    0.0  0.003  0.003  0.009  0.005  0.000  0.007
23:56:39 850.42   15.4   33.4   1516    3.1    349    7.5    29.0  -0.6   0.81   4.28 1782.7     0.00   0.00    0.0  0.003  0.003  0.009  0.005  0.000  0.007
23:56:40 850.50   15.3   33.4   1515    3.3    347    7.5    29.0  -0.6   0.81   4.27 1783.7     0.00   0.00    0.0  0.003  0.003  0.009  0.005  0.000  0.007
23:56:42 850.63   15.3   33.4   1514    3.5    348    7.5    29.0  -0.6   0.81   4.26 1785.7     0.00   0.00    0.0  0.003  0.003  0.009  0.005  0.000  0.007
23:56:47 850.11   15.3   33.7   1519    3.9    353    7.5    29.0  -0.6   0.81   4.30 1790.7     0.00   0.00    0.0  0.003  0.003  0.009  0.005  0.000  0.007
23:56:49 850.07   15.3   33.7   1519    4.2    349    7.5    29.0  -0.6   0.81   4.30 1792.7     0.00   0.00    0.0  0.003  0.003  0.009  0.005  0.000  0.007
23:56:50 849.96   15.3   33.6   1520    4.2    350    7.5    29.0  -0.6   0.81   4.28 1793.7     0.00   0.00    0.0  0.003  0.003  0.009  0.005  0.000  0.007
23:56:51 850.17   15.3   33.6   1518    4.2    353    7.5    29.0  -0.6   0.81   4.29 1794.7     0.00   0.00    0.0  0.003  0.003  0.009  0.005  0.000  0.007
23:56:52 850.04   15.3   33.7   1520    4.3    352    7.5    29.0  -0.6   0.81   4.30 1795.7     0.00   0.00    0.0  0.003  0.003  0.008  0.005  0.000  0.007
23:56:53 849.96   15.3   33.6   1520    4.3    355    7.5    29.0  -0.6   0.81   4.28 1796.7     0.00   0.00    0.0  0.003  0.003  0.009  0.005  0.000  0.007
23:56:54 850.20   15.3   33.6   1518    4.4    356    7.5    29.0  -0.6   0.81   4.28 1797.7     0.00   0.00    0.0  0.003  0.003  0.009  0.005  0.000  0.007
23:56:56 849.90   15.3   33.7   1521    4.3    354    7.5    29.0  -0.6   0.81   4.29 1799.7     0.00   0.00    0.0  0.003  0.003  0.009  0.005  0.000  0.007
23:56:57 849.95   15.3   33.7   1520    4.4    357    7.5    29.0  -0.6   0.81   4.29 1800.7     0.00   0.00    0.0  0.003  0.003  0.008  0.005  0.000  0.007
23:56:58 849.92   15.3   33.6   1521    4.4    358    7.5    29.0  -0.6   0.81   4.28 1801.7     0.00   0.00    0.0  0.003  0.003  0.009  0.005  0.000  0.007
23:57:01 849.93   15.3   33.7   1521    4.2      3    7.5    29.0  -0.6   0.81   4.28 1804.7     0.00   0.00    0.0  0.003  0.003  0.009  0.004  0.000  0.007
23:57:02 849.88   15.2   33.7   1521    4.3    359    7.5    28.9  -0.6   0.81   4.27 1805.7     0.00   0.00    0.0  0.003  0.003  0.008  0.005  0.000  0.007
23:57:03 849.67   15.2   33.6   1523    4.2      3    7.5    29.0  -0.6   0.81   4.27 1806.7     0.00   0.00    0.0  0.003  0.003  0.009  0.005  0.000  0.007
23:57:04 849.75   15.2   33.7   1522    4.2      7    7.5    29.0  -0.6   0.81   4.27 1807.6     0.00   0.00    0.0  0.003  0.003  0.009  0.005  0.000  0.007
23:57:05 849.53   15.2   33.7   1525    4.2      8    7.5    29.0  -0.6   0.81   4.27 1808.6     0.00   0.00    0.0  0.003  0.003  0.009  0.005  0.000  0.007
23:57:06 849.37   15.3   33.8   1526    4.3      7    7.5    29.0  -0.6   0.81   4.30 1809.6     0.00   0.00    0.0  0.003  0.003  0.009  0.005  0.000  0.007
23:57:07 849.66   15.2   33.6   1523    4.3      3    7.5    29.0  -0.7   0.81   4.27 1810.6     0.00   0.00    0.0  0.003  0.003  0.008  0.005  0.000  0.007
23:57:09 849.51   15.2   33.7   1525    4.3      2    7.5    28.9  -0.7   0.81   4.26 1812.6     0.00   0.00    0.0  0.003  0.003  0.008  0.005  0.000  0.007
23:57:10 849.31   15.2   33.8   1527    4.3      3    7.5    29.0  -0.6   0.81   4.28 1813.6     0.00   0.00    0.0  0.003  0.003  0.009  0.005  0.000  0.007
23:57:11 849.35   15.2   33.8   1526    4.3     12    7.5    28.9  -0.6   0.81   4.27 1814.6     0.00   0.00    0.0  0.003  0.003  0.009  0.005  0.000  0.007
23:57:12 849.60   15.2   33.8   1524    4.0    358    7.5    28.9  -0.6   0.81   4.28 1815.6     0.00   0.00    0.0  0.003  0.003  0.008  0.005  0.000  0.007
23:57:13 849.33   15.2   33.9   1527    4.0      7    7.5    29.0  -0.6   0.81   4.30 1816.6     0.00   0.00    0.0  0.003  0.003  0.009  0.005  0.000  0.007
23:57:14 849.28   15.2   33.8   1527    4.1    360    7.5    29.0  -0.6   0.81   4.29 1817.6     0.00   0.00    0.0  0.003  0.003  0.009  0.005  0.000  0.007
23:57:16 849.32   15.2   33.9   1527    4.1      2    7.5    28.9  -0.6   0.81   4.28 1819.6     0.00   0.00    0.0  0.003  0.003  0.009  0.005  0.000  0.007
23:57:19 849.05   15.1   33.9   1529    4.0      5    7.5    28.9  -0.6   0.81   4.27 1822.6     0.00   0.00    0.0  0.003  0.003  0.008  0.005  0.000  0.007
23:57:20 849.32   15.2   33.8   1527    3.9      1    7.5    29.0  -0.6   0.81   4.30 1823.6     0.00   0.00    0.0  0.003  0.003  0.009  0.005  0.000  0.007
23:57:21 848.81   15.2   33.9   1532    3.9      3    7.5    29.0  -0.6   0.81   4.29 1824.6     0.00   0.00    0.0  0.003  0.003  0.008  0.005  0.000  0.007
23:57:22 849.21   15.1   33.8   1528    3.9      2    7.5    28.9  -0.7   0.81   4.27 1825.6     0.00   0.00    0.0  0.003  0.003  0.008  0.005  0.000  0.007
23:57:23 849.07   15.2   33.8   1529    3.9      1    7.5    29.0  -0.6   0.81   4.29 1826.6     0.00   0.00    0.0  0.003  0.003  0.008  0.005  0.000  0.007
23:57:24 848.94   15.2   33.8   1530    3.7      5    7.5    29.0  -0.6   0.81   4.28 1827.6     0.00   0.00    0.0  0.003  0.003  0.008  0.005  0.000  0.007
23:57:25 848.98   15.2   33.9   1530    3.5      5    7.5    29.0  -0.6   0.81   4.29 1828.6     0.00   0.00    0.0  0.003  0.003  0.008  0.005  0.000  0.007
23:57:26 848.97   15.2   33.8   1530    3.3      4    7.5    29.0  -0.6   0.81   4.28 1829.6     0.00   0.00    0.0  0.003  0.003  0.008  0.005  0.000  0.007
23:57:27 848.72   15.1   33.8   1533    3.3      3    7.5    28.9  -0.7   0.81   4.26 1830.6     0.00   0.00    0.0  0.003  0.003  0.008  0.005  0.000  0.007
23:57:28 848.82   15.2   33.8   1532    3.2      3    7.5    29.0  -0.6   0.81   4.28 1831.6     0.00   0.00    0.0  0.003  0.003  0.008  0.005  0.000  0.007
23:57:29 848.81   15.2   33.9   1532    3.3      3    7.5    29.0  -0.6   0.81   4.30 1832.6     0.00   0.00    0.0  0.003  0.003  0.008  0.005  0.000  0.007
23:57:30 848.78   15.2   33.9   1532    3.3      3    7.5    29.0  -0.6   0.81   4.29 1833.6     0.00   0.00    0.0  0.003  0.003  0.009  0.005  0.000  0.007
23:57:33 848.89   15.2   33.7   1531    3.6      0    7.5    29.0  -0.7   0.81   4.26 1836.6     0.00   0.00    0.0  0.003  0.003  0.008  0.005  0.000  0.007
23:57:35 848.71   15.1   33.7   1533    3.7      1    7.5    29.0  -0.7   0.81   4.26 1838.6     0.00   0.00    0.0  0.003  0.003  0.008  0.005  0.000  0.007
23:57:36 848.69   15.1   33.8   1533    3.6      1    7.5    29.0  -0.7   0.81   4.26 1839.6     0.00   0.00    0.0  0.003  0.003  0.008  0.005  0.000  0.007
23:57:37 848.68   15.2   33.7   1533    3.6    358    7.5    29.0  -0.7   0.81   4.26 1840.6     0.00   0.00    0.0  0.003  0.003  0.008  0.005  0.000  0.007
23:57:38 848.74   15.1   33.8   1533    3.9    358    7.5    28.9  -0.7   0.81   4.25 1841.6     0.00   0.00    0.0  0.003  0.003  0.008  0.005  0.000  0.007
23:57:40 848.68   15.1   33.8   1533    4.0    353    7.5    28.9  -0.7   0.81   4.26 1843.6     0.00   0.00    0.0  0.003  0.003  0.008  0.005  0.000  0.007
23:57:41 848.65   15.1   33.9   1533    3.9      3    7.5    28.9  -0.7   0.81   4.26 1844.6     0.00   0.00    0.0  0.003  0.003  0.008  0.005  0.000  0.007
23:57:43 848.45   15.1   33.9   1535    3.6    354    7.5    29.0  -0.6   0.81   4.28 1846.6     0.00   0.00    0.0  0.003  0.003  0.008  0.005  0.000  0.007
23:57:44 848.29   15.1   33.9   1537    3.5    353    7.5    29.0  -0.7   0.81   4.27 1847.6     0.00   0.00    0.0  0.003  0.003  0.008  0.005  0.000  0.007
23:57:45 848.28   15.1   33.9   1537    3.3    348    7.5    29.0  -0.7   0.81   4.26 1848.6     0.00   0.00    0.0  0.003  0.003  0.008  0.005  0.000  0.007
23:57:46 848.03   15.1   34.0   1540    3.2    351    7.5    29.0  -0.7   0.81   4.27 1849.6     0.00   0.00    0.0  0.003  0.003  0.008  0.005  0.000  0.007
23:57:48 848.25   15.1   33.9   1537    3.3    350    7.5    28.9  -0.7   0.81   4.26 1851.6     0.00   0.00    0.0  0.003  0.003  0.008  0.005  0.000  0.007
23:57:49 848.31   15.1   33.9   1537    3.5    352    7.5    29.0  -0.7   0.81   4.27 1852.6     0.00   0.00    0.0  0.003  0.003  0.008  0.005  0.000  0.007
23:57:50 848.34   15.1   33.9   1537    3.7    356    7.5    28.9  -0.7   0.81   4.26 1853.6     0.00   0.00    0.0  0.003  0.003  0.009  0.005  0.000  0.007
23:57:51 848.20   15.1   33.9   1538    3.6    355    7.5    29.0  -0.7   0.81   4.27 1854.6     0.00   0.00    0.0  0.003  0.003  0.008  0.005  0.000  0.007
23:57:52 848.39   15.1   33.9   1536    3.5    349    7.5    29.0  -0.7   0.81   4.27 1855.6     0.00   0.00    0.0  0.003  0.003  0.008  0.005  0.000  0.007
23:57:54 848.09   15.1   33.9   1539    3.6    349    7.5    29.0  -0.7   0.81   4.27 1857.6     0.00   0.00    0.0  0.003  0.003  0.008  0.005  0.000  0.007
23:57:55 847.96   15.0   33.9   1540    3.6    354    7.5    29.0  -0.7   0.81   4.26 1858.6     0.00   0.00    0.0  0.003  0.003  0.008  0.005  0.000  0.007
23:57:58 847.96   15.1   34.1   1540    4.0    357    7.5    29.0  -0.6   0.81   4.30 1861.6     0.00   0.00    0.0  0.003  0.003  0.008  0.005  0.000  0.007
23:57:59 847.91   15.1   34.0   1541    4.0    350    7.5    29.0  -0.6   0.81   4.28 1862.6     0.00   0.00    0.0  0.003  0.003  0.008  0.005  0.000  0.007
23:58:02 847.92   15.0   33.8   1541    4.1    352    7.5    28.9  -0.8   0.81   4.24 1865.6     0.00   0.00    0.0  0.003  0.003  0.008  0.005  0.000  0.007
23:58:03 847.93   15.1   33.9   1541    4.2    351    7.5    29.0  -0.7   0.81   4.27 1866.6     0.00   0.00    0.0  0.003  0.003  0.008  0.005  0.000  0.007
23:58:04 847.98   15.1   33.9   1540    4.2    354    7.5    29.0  -0.7   0.81   4.27 1867.6     0.00   0.00    0.0  0.003  0.003  0.008  0.005  0.000  0.007
23:58:05 847.94   15.1   33.8   1540    4.2    357    7.5    29.0  -0.7   0.81   4.25 1868.6     0.00   0.00    0.0  0.003  0.003  0.008  0.005  0.000  0.007
23:58:07 847.83   15.1   34.0   1542    4.0    350    7.5    29.0  -0.7   0.81   4.27 1870.6     0.00   0.00    0.0  0.003  0.003  0.008  0.005  0.000  0.007
23:58:10 847.62   15.1   33.9   1544    3.8    352    7.5    29.0  -0.7   0.81   4.27 1873.6     0.00   0.00    0.0  0.003  0.003  0.008  0.005  0.000  0.007
23:58:11 847.83   15.0   33.9   1542    3.8    359    7.5    28.9  -0.7   0.81   4.25 1874.6     0.00   0.00    0.0  0.003  0.003  0.008  0.005  0.000  0.007
23:58:12 847.89   15.0   33.9   1541    3.7    359    7.5    28.9  -0.7   0.81   4.25 1875.6     0.00   0.00    0.0  0.003  0.003  0.008  0.005  0.000  0.007
23:58:13 847.77   15.0   33.9   1542    3.8    358    7.5    28.9  -0.7   0.81   4.25 1876.6     0.00   0.00    0.0  0.003  0.003  0.008  0.005  0.000  0.007
23:58:14 847.42   15.0   33.9   1546    3.7    358    7.5    29.0  -0.7   0.81   4.24 1877.6     0.00   0.00    0.0  0.003  0.003  0.008  0.005  0.000  0.007
23:58:15 847.68   15.1   33.8   1543    3.6    358    7.5    29.0  -0.7   0.81   4.25 1878.6     0.00   0.00    0.0  0.003  0.003  0.008  0.005  0.000  0.007
23:58:16 847.73   15.0   33.9   1543    3.5    357    7.5    29.0  -0.7   0.81   4.25 1879.6     0.00   0.00    0.0  0.003  0.003  0.008  0.005  0.000  0.007
23:58:18 847.36   15.0   33.9   1546    3.5    357    7.5    29.0  -0.8   0.81   4.24 1881.6     0.00   0.00    0.0  0.003  0.003  0.008  0.005  0.000  0.007
23:58:19 847.49   15.0   33.8   1545    3.6    353    7.5    29.0  -0.7   0.81   4.25 1882.6     0.00   0.00    0.0  0.003  0.003  0.008  0.005  0.000  0.007
23:58:20 847.45   15.0   33.8   1545    3.8    350    7.5    29.0  -0.7   0.81   4.25 1883.6     0.00   0.00    0.0  0.003  0.003  0.008  0.005  0.000  0.007
23:58:21 847.42   15.0   33.9   1546    3.9    352    7.5    28.9  -0.7   0.81   4.24 1884.6     0.00   0.00    0.0  0.003  0.003  0.008  0.005  0.000  0.007
23:58:22 847.64   15.0   33.9   1543    3.9    346    7.5    28.9  -0.7   0.81   4.24 1885.6     0.00   0.00    0.0  0.003  0.003  0.008  0.005  0.000  0.007
23:58:25 847.51   15.0   33.9   1545    3.8    352    7.5    28.9  -0.8   0.81   4.24 1888.6     0.00   0.00    0.0  0.003  0.003  0.008  0.005  0.000  0.007
23:58:28 847.19   15.0   34.0   1548    3.9    354    7.5    29.0  -0.7   0.81   4.28 1891.6     0.00   0.00    0.0  0.003  0.003  0.008  0.005  0.000  0.007
23:58:30 847.31   15.0   33.9   1547    4.0    354    7.5    29.0  -0.7   0.81   4.25 1893.6     0.00   0.00    0.0  0.003  0.003  0.008  0.005  0.000  0.007
23:58:31 847.06   15.0   33.8   1549    4.2    355    7.5    29.0  -0.8   0.81   4.23 1894.6     0.00   0.00    0.0  0.003  0.003  0.008  0.005  0.000  0.007
23:58:32 847.08   15.0   34.0   1549    4.5    354    7.5    29.0  -0.7   0.81   4.27 1895.6     0.00   0.00    0.0  0.003  0.003  0.008  0.005  0.000  0.007
23:58:33 847.10   15.0   34.0   1549    4.9    348    7.5    29.0  -0.7   0.81   4.26 1896.6     0.00   0.00    0.0  0.003  0.003  0.008  0.005  0.000  0.007
23:58:34 847.16   15.0   34.0   1548    5.2    352    7.5    29.0  -0.7   0.81   4.26 1897.6     0.00   0.00    0.0  0.003  0.003  0.008  0.005  0.000  0.007
23:58:35 847.21   15.0   34.1   1548    5.3    354    7.5    29.0  -0.7   0.81   4.26 1898.6     0.00   0.00    0.0  0.003  0.003  0.008  0.005  0.000  0.007
23:58:36 846.96   14.9   34.1   1550    5.3    354    7.5    28.9  -0.7   0.81   4.25 1899.6     0.00   0.00    0.0  0.003  0.003  0.008  0.005  0.000  0.007
23:58:40 846.96   15.0   34.0   1550    4.6    347    7.5    29.0  -0.7   0.81   4.26 1903.6     0.00   0.00    0.0  0.003  0.003  0.008  0.005  0.000  0.007
23:58:41 846.80   14.9   34.0   1552    4.4    356    7.5    29.0  -0.7   0.81   4.25 1904.6     0.00   0.00    0.0  0.003  0.003  0.008  0.005  0.000  0.007
23:58:42 846.79   14.9   34.1   1552    3.9    351    7.5    29.0  -0.7   0.81   4.25 1905.6     0.00   0.00    0.0  0.003  0.003  0.008  0.005  0.000  0.007
23:58:43 846.84   15.0   34.1   1551    3.9    353    7.5    29.0  -0.7   0.81   4.27 1906.6     0.00   0.00    0.0  0.003  0.003  0.008  0.005  0.000  0.007
23:58:44 846.86   15.0   34.1   1551    4.0    354    7.5    29.0  -0.7   0.81   4.27 1907.6     0.00   0.00    0.0  0.003  0.003  0.008  0.005  0.000  0.007
23:58:45 846.79   15.0   34.1   1552    4.0    351    7.5    29.0  -0.7   0.81   4.27 1908.6     0.00   0.00    0.0  0.003  0.003  0.008  0.005  0.000  0.007
23:58:47 846.78   14.9   34.0   1552    4.0    349    7.5    28.9  -0.8   0.81   4.23 1910.5     0.00   0.00    0.0  0.003  0.003  0.008  0.005  0.000  0.007
23:58:48 846.72   14.9   34.0   1553    4.0    350    7.5    28.9  -0.8   0.81   4.24 1911.5     0.00   0.00    0.0  0.003  0.003  0.008  0.005  0.000  0.007
23:58:49 846.62   14.9   34.0   1554    4.0    350    7.5    29.0  -0.8   0.81   4.24 1912.5     0.00   0.00    0.0  0.003  0.003  0.008  0.005  0.000  0.007
23:58:50 846.82   15.0   34.1   1552    4.0    349    7.5    29.0  -0.7   0.81   4.26 1913.5     0.00   0.00    0.0  0.003  0.003  0.008  0.005  0.000  0.007
23:58:51 846.66   14.9   34.1   1553    4.0    349    7.5    28.9  -0.8   0.81   4.25 1914.5     0.00   0.00    0.0  0.003  0.003  0.008  0.005  0.000  0.007
23:58:52 846.47   14.9   33.9   1555    3.9    352    7.5    29.0  -0.8   0.81   4.23 1915.5     0.00   0.00    0.0  0.003  0.003  0.008  0.005  0.000  0.007
23:58:53 846.47   14.9   34.0   1555    3.8    354    7.5    28.9  -0.8   0.81   4.23 1916.5     0.00   0.00    0.0  0.003  0.003  0.008  0.005  0.000  0.007
23:58:54 846.38   14.9   34.1   1556    3.8    351    7.5    29.0  -0.7   0.81   4.25 1917.5     0.00   0.00    0.0  0.003  0.003  0.008  0.005  0.000  0.007
23:58:55 846.56   14.9   34.0   1554    3.8    351    7.5    29.0  -0.8   0.81   4.24 1918.5     0.00   0.00    0.0  0.003  0.003  0.008  0.005  0.000  0.007
23:58:56 846.39   14.9   34.0   1556    3.8    350    7.5    29.0  -0.8   0.81   4.24 1919.5     0.00   0.00    0.0  0.003  0.003  0.008  0.005  0.000  0.007
23:58:58 846.52   14.9   34.0   1555    3.8    342    7.5    29.0  -0.8   0.81   4.24 1921.5     0.00   0.00    0.0  0.003  0.003  0.008  0.005  0.000  0.007
23:59:01 846.49   14.9   33.9   1555    3.7    345    7.5    29.0  -0.8   0.81   4.23 1924.5     0.00   0.00    0.0  0.003  0.003  0.008  0.005  0.000  0.007
23:59:02 846.36   14.9   33.9   1556    3.6    346    7.5    28.9  -0.8   0.81   4.22 1925.5     0.00   0.00    0.0  0.003  0.003  0.008  0.005  0.000  0.007
23:59:04 846.13   14.9   33.8   1559    3.8    345    7.5    29.0  -0.9   0.81   4.21 1927.5     0.00   0.00    0.0  0.003  0.003  0.008  0.005  0.000  0.007
23:59:05 846.22   14.8   33.8   1558    3.8    347    7.5    28.9  -0.9   0.81   4.19 1928.5     0.00   0.00    0.0  0.003  0.003  0.008  0.005  0.000  0.007
23:59:06 846.41   14.9   33.8   1556    3.8    347    7.5    28.9  -0.9   0.81   4.20 1929.5     0.00   0.00    0.0  0.003  0.003  0.008  0.005  0.000  0.007
23:59:07 846.21   14.9   33.9   1558    3.8    347    7.5    29.0  -0.9   0.81   4.21 1930.5     0.00   0.00    0.0  0.003  0.003  0.008  0.005  0.000  0.007
23:59:08 846.45   14.9   33.9   1555    3.8    347    7.5    28.9  -0.9   0.81   4.21 1931.5     0.00   0.00    0.0  0.003  0.003  0.008  0.005  0.000  0.007
23:59:09 846.18   14.9   33.9   1558    3.8    347    7.5    29.0  -0.8   0.81   4.22 1932.5     0.00   0.00    0.0  0.003  0.003  0.008  0.005  0.000  0.007
23:59:10 846.12   14.9   34.0   1559    3.8    349    7.5    28.9  -0.8   0.81   4.22 1933.5     0.00   0.00    0.0  0.003  0.003  0.008  0.005  0.000  0.007
23:59:12 845.86   14.9   33.9   1561    3.9    346    7.5    29.0  -0.8   0.81   4.22 1935.5     0.00   0.00    0.0  0.003  0.003  0.008  0.005  0.000  0.007
23:59:13 845.88   14.9   33.8   1561    4.0    346    7.5    29.0  -0.9   0.81   4.21 1936.5     0.00   0.00    0.0  0.003  0.003  0.008  0.005  0.000  0.007
23:59:15 846.20   14.9   33.7   1558    4.0    349    7.5    29.0  -0.9   0.81   4.19 1938.5     0.00   0.00    0.0  0.003  0.003  0.008  0.005  0.000  0.007
23:59:16 845.96   14.9   33.7   1560    3.8    346    7.5    29.0  -0.9   0.81   4.20 1939.5     0.00   0.00    0.0  0.003  0.003  0.008  0.005  0.000  0.007
23:59:17 845.66   14.9   33.6   1563    3.7    349    7.5    29.0  -1.0   0.81   4.18 1940.5     0.00   0.00    0.0  0.003  0.003  0.008  0.005  0.000  0.007
23:59:20 845.74   15.0   33.7   1562    3.9    347    7.5    29.1  -0.8   0.81   4.23 1943.5     0.00   0.00    0.0  0.003  0.003  0.008  0.005  0.000  0.007
23:59:21 845.88   15.0   33.6   1561    3.8    349    7.5    29.1  -0.9   0.81   4.20 1944.5     0.00   0.00    0.0  0.003  0.003  0.008  0.005  0.000  0.007
23:59:22 845.85   15.0   33.6   1561    3.6    347    7.5    29.1  -0.9   0.81   4.20 1945.5     0.00   0.00    0.0  0.003  0.003  0.008  0.005  0.000  0.007
23:59:23 845.78   14.9   33.6   1562    3.6    348    7.5    29.1  -0.9   0.81   4.19 1946.5     0.00   0.00    0.0  0.003  0.003  0.008  0.005  0.000  0.007
23:59:25 845.61   14.9   33.6   1564    4.0    343    7.3    29.1  -0.9   0.81   4.19 1948.5     0.00   0.00    0.0  0.003  0.003  0.008  0.005  0.000  0.007
23:59:26 845.46   15.0   33.7   1565    3.9    341    7.5    29.1  -0.9   0.81   4.22 1949.5     0.00   0.00    0.0  0.003  0.003  0.008  0.005  0.000  0.007
23:59:27 845.48   14.9   33.7   1565    4.1    343    7.5    29.1  -0.9   0.81   4.20 1950.5     0.00   0.00    0.0  0.003  0.003  0.008  0.005  0.000  0.007
23:59:28 845.41   15.0   33.9   1566    4.2    347    7.3    29.1  -0.8   0.81   4.24 1951.5     0.00   0.00    0.0  0.003  0.003  0.008  0.005  0.000  0.007
23:59:30 845.30   15.0   34.0   1567    4.6    350    7.3    29.2  -0.7   0.81   4.27 1953.5     0.00   0.00    0.0  0.003  0.003  0.008  0.005  0.000  0.007
23:59:31 845.57   15.0   34.2   1564    4.6    350    7.3    29.2  -0.6   0.81   4.30 1954.5     0.00   0.00    0.0  0.003  0.003  0.008  0.005  0.000  0.007
23:59:32 845.54   15.0   34.2   1564    4.8    351    7.3    29.2  -0.6   0.81   4.30 1955.5     0.00   0.00    0.0  0.003  0.003  0.008  0.005  0.000  0.007
23:59:33 845.24   15.0   34.1   1567    5.0    352    7.3    29.2  -0.7   0.81   4.29 1956.5     0.00   0.00    0.0  0.003  0.003  0.008  0.005  0.000  0.007
23:59:34 845.36   14.9   33.7   1566    5.2    350    7.3    29.0  -0.9   0.81   4.20 1957.5     0.00   0.00    0.0  0.003  0.003  0.008  0.005  0.000  0.007
23:59:35 845.05   14.9   33.8   1569    5.5    349    7.3    29.1  -0.9   0.81   4.20 1958.5     0.00   0.00    0.0  0.003  0.003  0.008  0.005  0.000  0.007
23:59:36 845.03   14.9   33.7   1570    5.5    347    7.3    29.1  -0.9   0.81   4.21 1959.5     0.00   0.00    0.0  0.003  0.003  0.008  0.005  0.000  0.007
23:59:37 845.41   14.8   33.9   1566    5.4    343    7.3    29.0  -0.9   0.81   4.20 1960.5     0.00   0.00    0.0  0.003  0.003  0.008  0.005  0.000  0.007
23:59:38 845.04   14.9   34.0   1569    4.9    341    7.3    29.1  -0.8   0.81   4.22 1961.5     0.00   0.00    0.0  0.003  0.003  0.008  0.005  0.000  0.007
23:59:39 844.91   14.9   34.1   1571    4.7    344    7.3    29.1  -0.8   0.81   4.24 1962.5     0.00   0.00    0.0  0.003  0.003  0.008  0.005  0.000  0.007
23:59:40 845.01   14.8   33.9   1570    4.5    346    7.3    29.0  -0.9   0.81   4.21 1963.5     0.00   0.00    0.0  0.003  0.003  0.008  0.005  0.000  0.007
23:59:41 845.08   14.8   33.9   1569    4.4    350    7.3    29.0  -0.9   0.81   4.20 1964.5     0.00   0.00    0.0  0.003  0.003  0.008  0.005  0.000  0.007
23:59:42 845.01   14.8   33.8   1570    4.1    352    7.3    29.0  -0.9   0.81   4.19 1965.5     0.00   0.00    0.0  0.003  0.003  0.008  0.005  0.000  0.007
23:59:46 844.92   14.8   33.9   1571    3.3    350    7.3    29.0  -0.9   0.81   4.21 1969.5     0.00   0.00    0.0  0.003  0.003  0.008  0.005  0.000  0.007
23:59:47 844.72   14.8   33.8   1573    3.3    349    7.3    29.1  -0.9   0.81   4.20 1970.5     0.00   0.00    0.0  0.003  0.003  0.008  0.005  0.000  0.007
23:59:49 844.80   14.8   33.7   1572    3.1    350    7.3    29.0  -1.0   0.81   4.17 1972.5     0.00   0.00    0.0  0.003  0.003  0.008  0.005  0.000  0.007
23:59:51 844.78   14.8   33.7   1572    3.0    350    7.3    29.1  -1.0   0.81   4.17 1974.5     0.00   0.00    0.0  0.003  0.003  0.008  0.005  0.000  0.007
23:59:52 844.85   14.8   33.6   1571    3.0    350    7.3    29.0  -1.0   0.81   4.16 1975.5     0.00   0.00    0.0  0.003  0.003  0.008  0.005  0.000  0.007
23:59:56 844.52   14.9   33.3   1575    3.3    348    7.3    29.1  -1.1   0.81   4.13 1979.5     0.00   0.00    0.0  0.003  0.003  0.008  0.005  0.000  0.007
23:59:57 844.65   14.9   33.2   1573    3.3    347    7.3    29.1  -1.1   0.80   4.13 1980.5     0.00   0.00    0.0  0.003  0.003  0.008  0.005  0.000  0.007
23:59:58 844.85   14.9   33.2   1571    3.3    345    7.3    29.1  -1.1   0.80   4.13 1981.5     0.00   0.00    0.0  0.003  0.003  0.008  0.005  0.000  0.007
23:59:59 844.56   14.9   33.1   1574    3.4    346    7.3    29.2  -1.1   0.80   4.12 1982.5     0.00   0.00    0.0  0.003  0.003  0.008  0.005  0.000  0.007
00:00:01 844.35   14.9   33.2   1576    3.4    345    7.3    29.1  -1.1   0.80   4.12 1984.5     0.00   0.00    0.0  0.003  0.003  0.008  0.005  0.000  0.007
00:00:04 844.58   14.9   33.6   1574    3.6    342    7.3    29.1  -1.0   0.81   4.17 1987.5     0.00   0.00    0.0  0.003  0.003  0.008  0.005  0.000  0.007
00:00:05 844.27   14.8   33.7   1577    3.6    338    7.3    29.1  -1.0   0.81   4.18 1988.5     0.00   0.00    0.0  0.003  0.003  0.008  0.005  0.000  0.007
00:00:06 844.36   14.8   33.8   1576    3.6    340    7.3    29.1  -0.9   0.81   4.19 1989.5     0.00   0.00    0.0  0.003  0.003  0.008  0.005  0.000  0.007
00:00:08 844.35   14.8   33.9   1576    3.8    337    7.3    29.1  -0.9   0.81   4.21 1991.5     0.00   0.00    0.0  0.003  0.003  0.008  0.005  0.000  0.007
00:00:09 844.29   14.8   33.9   1577    4.1    341    7.3    29.1  -0.9   0.81   4.20 1992.5     0.00   0.00    0.0  0.003  0.003  0.008  0.005  0.000  0.007
00:00:10 844.37   14.8   34.0   1576    4.4    342    7.3    29.1  -0.9   0.81   4.22 1993.5     0.00   0.00    0.0  0.003  0.003  0.008  0.005  0.000  0.007
00:00:11 844.23   14.8   34.1   1578    4.4    341    7.3    29.1  -0.8   0.81   4.24 1994.5     0.00   0.00    0.0  0.003  0.003  0.008  0.005  0.000  0.007
00:00:13 844.28   14.8   34.0   1577    4.6    338    7.3    29.0  -0.9   0.81   4.21 1996.5     0.00   0.00    0.0  0.003  0.003  0.008  0.005  0.000  0.007
00:00:15 844.20   14.8   34.0   1578    4.3    335    7.3    29.1  -0.9   0.81   4.21 1998.5     0.00   0.00    0.0  0.003  0.003  0.008  0.005  0.000  0.007
00:00:16 844.32   14.8   34.0   1577    4.2    335    7.3    29.1  -0.9   0.81   4.22 1999.5     0.00   0.00    0.0  0.003  0.003  0.008  0.005  0.000  0.007
00:00:17 844.05   14.8   34.1   1579    4.0    335    7.3    29.1  -0.8   0.81   4.23 2000.5     0.00   0.00    0.0  0.003  0.003  0.008  0.005  0.000  0.007
00:00:18 844.04   14.8   34.0   1579    4.0    340    7.3    29.1  -0.9   0.81   4.21 2001.5     0.00   0.00    0.0  0.003  0.003  0.008  0.005  0.000  0.007
00:00:19 844.11   14.8   34.1   1579    4.0    340    7.3    29.1  -0.8   0.81   4.24 2002.5     0.00   0.00    0.0  0.003  0.003  0.008  0.005  0.000  0.007
00:00:20 844.21   14.8   33.9   1578    3.9    342    7.3    29.1  -0.9   0.81   4.20 2003.5     0.00   0.00    0.0  0.003  0.003  0.008  0.005  0.001  0.007
00:00:21 844.22   14.8   33.9   1578    3.9    345    7.3    29.1  -0.9   0.81   4.20 2004.5     0.00   0.00    0.0  0.003  0.003  0.008  0.005  0.001  0.007
00:00:22 844.17   14.8   34.0   1578    3.9    345    7.3    29.1  -0.9   0.81   4.21 2005.5     0.00   0.00    0.0  0.003  0.003  0.008  0.005  0.001  0.007
00:00:25 844.07   14.8   34.1   1579    3.8    349    7.3    29.0  -0.9   0.81   4.21 2008.5     0.00   0.00    0.0  0.003  0.003  0.008  0.005  0.000  0.007
00:00:26 843.96   14.8   34.1   1580    3.6    343    7.3    29.1  -0.9   0.81   4.23 2009.5     0.00   0.00    0.0  0.003  0.003  0.008  0.005  0.001  0.007
00:00:27 844.03   14.8   34.1   1580    3.5    343    7.3    29.1  -0.9   0.81   4.22 2010.4     0.00   0.00    0.0  0.003  0.003  0.008  0.005  0.000  0.007
00:00:28 843.99   14.8   34.1   1580    3.4    341    7.3    29.1  -0.8   0.81   4.23 2011.4     0.00   0.00    0.0  0.003  0.003  0.008  0.005  0.000  0.007
00:00:30 843.82   14.8   34.1   1582    3.3    340    7.3    29.1  -0.9   0.81   4.22 2013.4     0.00   0.00    0.0  0.003  0.003  0.008  0.005  0.000  0.007
00:00:31 843.81   14.7   34.1   1582    3.3    339    7.3    29.0  -0.9   0.81   4.21 2014.4     0.00   0.00    0.0  0.003  0.003  0.008  0.005  0.000  0.007
00:00:32 843.87   14.8   34.0   1581    3.3    336    7.3    29.1  -0.9   0.81   4.21 2015.4     0.00   0.00    0.0  0.003  0.003  0.008  0.005  0.000  0.007
00:00:33 843.95   14.8   34.0   1580    3.5    332    7.3    29.1  -0.9   0.81   4.22 2016.4     0.00   0.00    0.0  0.003  0.003  0.008  0.005  0.000  0.007
00:00:34 843.81   14.8   34.1   1582    3.6    334    7.3    29.1  -0.9   0.81   4.22 2017.4     0.00   0.00    0.0  0.003  0.003  0.008  0.005  0.001  0.007
00:00:35 843.84   14.8   34.0   1581    3.6    338    7.3    29.1  -0.9   0.81   4.21 2018.4     0.00   0.00    0.0  0.003  0.003  0.008  0.005  0.000  0.007
00:00:36 843.91   14.8   34.0   1581    3.7    329    7.3    29.1  -0.9   0.81   4.20 2019.4     0.00   0.00    0.0  0.003  0.003  0.008  0.005  0.001  0.007
00:00:37 843.90   14.8   34.0   1581    3.7    332    7.3    29.1  -0.9   0.81   4.22 2020.4     0.00   0.00    0.0  0.003  0.003  0.008  0.005  0.000  0.007
00:00:39 843.95   14.7   34.0   1580    3.7    331    7.3    29.0  -0.9   0.81   4.20 2022.4     0.00   0.00    0.0  0.003  0.003  0.008  0.005  0.001  0.007
00:00:42 843.54   14.7   34.1   1584    3.7    331    7.3    29.1  -0.9   0.81   4.21 2025.4     0.00   0.00    0.0  0.003  0.003  0.008  0.005  0.001  0.007
00:00:43 843.73   14.8   34.1   1583    3.7    332    7.3    29.1  -0.9   0.81   4.23 2026.4     0.00   0.00    0.0  0.003  0.003  0.008  0.005  0.001  0.007
00:00:44 843.76   14.8   34.1   1582    3.7    337    7.3    29.1  -0.9   0.81   4.21 2027.4     0.00   0.00    0.0  0.003  0.003  0.008  0.005  0.001  0.007
00:00:45 843.61   14.8   34.1   1584    3.6    332    7.3    29.1  -0.9   0.81   4.22 2028.4     0.00   0.00    0.0  0.003  0.003  0.008  0.005  0.001  0.007
00:00:46 843.57   14.8   34.0   1584    3.6    331    7.3    29.1  -0.9   0.81   4.21 2029.4     0.00   0.00    0.0  0.003  0.003  0.008  0.005  0.001  0.007
00:00:47 843.70   14.8   34.0   1583    3.5    335    7.3    29.1  -0.9   0.81   4.22 2030.4     0.00   0.00    0.0  0.003  0.003  0.008  0.005  0.001  0.007
00:00:50 843.59   14.8   34.0   1584    3.6    338    7.3    29.1  -0.9   0.81   4.21 2033.4     0.00   0.00    0.0  0.003  0.003  0.008  0.005  0.001  0.007
00:00:51 843.42   14.8   34.0   1586    3.6    339    7.3    29.1  -0.9   0.81   4.20 2034.4     0.00   0.00    0.0  0.003  0.003  0.008  0.005  0.001  0.007
00:00:52 843.40   14.8   34.0   1586    3.7    340    7.3    29.1  -0.9   0.81   4.22 2035.4     0.00   0.00    0.0  0.003  0.003  0.008  0.005  0.001  0.007
00:00:53 843.45   14.7   34.0   1585    3.8    339    7.3    29.1  -0.9   0.81   4.20 2036.4     0.00   0.00    0.0  0.003  0.003  0.008  0.005  0.001  0.007
00:00:54 843.40   14.7   34.1   1586    3.8    332    7.3    29.1  -0.9   0.81   4.21 2037.4     0.00   0.00    0.0  0.003  0.003  0.008  0.005  0.001  0.007
00:00:55 843.41   14.7   34.1   1586    3.8    334    7.3    29.1  -0.9   0.81   4.20 2038.4     0.00   0.00    0.0  0.003  0.003  0.008  0.005  0.001  0.007
00:00:56 843.43   14.8   34.0   1586    3.8    325    7.3    29.1  -0.9   0.81   4.21 2039.4     0.00   0.00    0.0  0.003  0.003  0.008  0.005  0.001  0.007
00:00:57 843.45   14.8   34.1   1585    3.8    325    7.3    29.1  -0.9   0.81   4.22 2040.4     0.00   0.00    0.0  0.003  0.003  0.008  0.005  0.001  0.007
00:01:00 843.46   14.8   34.1   1585    3.5    289    7.3    29.1  -0.9   0.81   4.23 2043.4     0.00   0.00    0.0  0.003  0.003  0.008  0.005  0.001  0.007
00:01:02 843.35   14.8   34.1   1586    3.5    323    7.3    29.1  -0.9   0.81   4.22 2045.4     0.00   0.00    0.0  0.003  0.003  0.008  0.005  0.001  0.007
00:01:04 843.28   14.7   34.1   1587    3.2    319    7.3    29.1  -0.9   0.81   4.22 2047.4     0.00   0.00    0.0  0.003  0.003  0.008  0.005  0.001  0.007
00:01:09 843.14   14.7   34.1   1588    3.2    327    7.3    29.1  -0.9   0.81   4.21 2052.4     0.00   0.00    0.0  0.003  0.003  0.008  0.005  0.001  0.007
00:01:10 843.01   14.8   34.0   1590    3.2    321    7.3    29.2  -0.9   0.81   4.21 2053.4     0.00   0.00    0.0  0.003  0.003  0.008  0.005  0.001  0.007
00:01:11 842.95   14.7   34.0   1590    3.2    321    7.3    29.1  -0.9   0.81   4.21 2054.4     0.00   0.00    0.0  0.003  0.003  0.008  0.005  0.001  0.007
00:01:14 843.07   14.7   34.0   1589    3.2    327    7.3    29.1  -0.9   0.81   4.20 2057.4     0.00   0.00    0.0  0.003  0.003  0.008  0.005  0.001  0.007
00:01:15 843.10   14.8   34.0   1589    3.3    332    7.3    29.2  -0.9   0.81   4.20 2058.4     0.00   0.00    0.0  0.003  0.003  0.008  0.005  0.001  0.007
00:01:16 843.28   14.7   34.0   1587    3.3    334    7.3    29.1  -1.0   0.81   4.19 2059.4     0.00   0.00    0.0  0.003  0.003  0.008  0.005  0.001  0.007
00:01:17 843.08   14.7   34.0   1589    3.4    336    7.3    29.1  -1.0   0.81   4.19 2060.4     0.00   0.00    0.0  0.003  0.003  0.008  0.005  0.001  0.007
00:01:18 842.99   14.7   34.0   1590    3.4    337    7.3    29.1  -1.0   0.81   4.20 2061.4     0.00   0.00    0.0  0.003  0.003  0.008  0.005  0.001  0.007
00:01:19 843.10   14.8   34.0   1589    3.5    323    7.3    29.2  -0.9   0.81   4.20 2062.4     0.00   0.00    0.0  0.003  0.003  0.008  0.005  0.001  0.007
00:01:21 843.03   14.7   34.0   1590    3.8    331    7.3    29.1  -0.9   0.81   4.20 2064.4     0.00   0.00    0.0  0.003  0.003  0.008  0.005  0.001  0.007
00:01:22 843.08   14.7   34.0   1589    4.1    331    7.3    29.1  -1.0   0.81   4.19 2065.4     0.00   0.00    0.0  0.003  0.003  0.008  0.005  0.001  0.007
00:01:23 842.98   14.7   34.0   1590    4.1    338    7.3    29.1  -0.9   0.81   4.20 2066.4     0.00   0.00    0.0  0.003  0.003  0.008  0.005  0.001  0.007
00:01:25 842.70   14.7   34.1   1593    4.1    330    7.3    29.1  -0.9   0.81   4.21 2068.4     0.00   0.00    0.0  0.003  0.003  0.008  0.005  0.001  0.007
00:01:27 842.65   14.7   34.1   1593    4.4    326    7.3    29.1  -0.9   0.81   4.20 2070.4     0.00   0.00    0.0  0.003  0.003  0.008  0.005  0.001  0.007
00:01:28 842.85   14.7   34.2   1591    4.3    329    7.3    29.1  -0.9   0.81   4.20 2071.4     0.00   0.00    0.0  0.003  0.003  0.008  0.005  0.001  0.007
00:01:29 842.76   14.7   34.1   1592    4.2    331    7.3    29.1  -0.9   0.81   4.21 2072.4     0.00   0.00    0.0  0.003  0.003  0.008  0.005  0.001  0.007
00:01:31 842.60   14.7   34.1   1594    4.0    329    7.3    29.2  -0.9   0.81   4.22 2074.4     0.00   0.00    0.0  0.003  0.003  0.008  0.005  0.001  0.007
00:01:32 842.73   14.7   34.1   1593    3.9    330    7.3    29.1  -0.9   0.81   4.20 2075.4     0.00   0.00    0.0  0.003  0.003  0.008  0.005  0.001  0.007
00:01:33 842.52   14.7   34.2   1595    3.9    325    7.3    29.2  -0.9   0.81   4.22 2076.4     0.00   0.00    0.0  0.003  0.003  0.008  0.005  0.001  0.007
00:01:34 842.80   14.7   34.1   1592    3.9    329    7.3    29.1  -0.9   0.81   4.21 2077.4     0.00   0.00    0.0  0.003  0.003  0.008  0.005  0.001  0.007
00:01:35 842.76   14.7   34.1   1592    3.9    331    7.3    29.1  -0.9   0.81   4.21 2078.4     0.00   0.00    0.0  0.003  0.003  0.008  0.005  0.001  0.007
00:01:38 842.56   14.7   34.2   1594    3.8    322    7.3    29.1  -0.9   0.81   4.22 2081.4     0.00   0.00    0.0  0.003  0.003  0.008  0.005  0.001  0.007
00:01:39 842.36   14.7   34.2   1596    3.8    329    7.3    29.1  -0.9   0.81   4.20 2082.4     0.00   0.00    0.0  0.003  0.003  0.008  0.005  0.001  0.007
00:01:41 842.60   14.7   34.1   1594    3.8    334    7.3    29.1  -0.9   0.81   4.20 2084.4     0.00   0.00    0.0  0.003  0.003  0.008  0.005  0.001  0.007
00:01:42 842.44   14.7   34.2   1595    3.8    328    7.3    29.2  -0.9   0.81   4.22 2085.4     0.00   0.00    0.0  0.003  0.003  0.008  0.005  0.001  0.007
00:01:43 842.78   14.7   34.1   1592    3.8    334    7.3    29.1  -1.0   0.81   4.20 2086.4     0.00   0.00    0.0  0.003  0.003  0.008  0.005  0.001  0.007
00:01:44 842.56   14.6   34.1   1594    3.9    334    7.3    29.1  -1.0   0.81   4.19 2087.4     0.00   0.00    0.0  0.003  0.003  0.008  0.005  0.001  0.007
00:01:45 842.48   14.7   34.2   1595    4.0    335    7.3    29.1  -0.9   0.81   4.21 2088.4     0.00   0.00    0.0  0.003  0.003  0.008  0.005  0.001  0.007
00:01:46 842.43   14.7   34.2   1596    4.0    333    7.3    29.1  -0.9   0.81   4.21 2089.4     0.00   0.00    0.0  0.003  0.003  0.008  0.005  0.001  0.007
00:01:48 842.34   14.7   34.2   1596    4.1    336    7.3    29.1  -0.9   0.81   4.20 2091.4     0.00   0.00    0.0  0.003  0.003  0.008  0.005  0.001  0.007
00:01:49 842.23   14.6   34.2   1598    4.2    336    7.3    29.1  -1.0   0.81   4.20 2092.4     0.00   0.00    0.0  0.003  0.003  0.008  0.005  0.001  0.007
00:01:50 842.47   14.7   34.1   1595    4.2    329    7.3    29.1  -0.9   0.81   4.20 2093.4     0.00   0.00    0.0  0.003  0.003  0.008  0.005  0.001  0.007
00:01:54 842.26   14.6   34.4   1597    4.1    331    7.3    29.0  -0.9   0.81   4.20 2097.4     0.00   0.00    0.0  0.003  0.003  0.008  0.005  0.001  0.007
00:01:56 842.17   14.6   34.3   1598    4.1    336    7.3    29.1  -0.9   0.81   4.22 2099.4     0.00   0.00    0.0  0.003  0.003  0.008  0.005  0.001  0.007
00:01:57 842.16   14.6   34.5   1598    4.2    331    7.3    29.1  -0.9   0.81   4.23 2100.4     0.00   0.00    0.0  0.003  0.003  0.008  0.005  0.001  0.007
00:01:58 842.04   14.6   34.4   1599    4.1    338    7.3    29.1  -0.9   0.81   4.23 2101.4     0.00   0.00    0.0  0.003  0.003  0.008  0.005  0.001  0.007
00:01:59 842.06   14.6   34.4   1599    4.2    340    7.3    29.1  -0.9   0.81   4.22 2102.4     0.00   0.00    0.0  0.003  0.003  0.008  0.005  0.001  0.007
00:02:00 841.90   14.6   34.4   1601    4.3    343    7.3    29.1  -0.9   0.81   4.23 2103.4     0.00   0.00    0.0  0.003  0.003  0.008  0.005  0.001  0.007
00:02:01 842.02   14.6   34.4   1600    4.6    337    7.3    29.1  -0.9   0.81   4.23 2104.4     0.00   0.00    0.0  0.003  0.003  0.008  0.005  0.001  0.007
00:02:02 841.79   14.6   34.4   1602    4.6    337    7.3    29.2  -0.9   0.81   4.22 2105.4     0.00   0.00    0.0  0.003  0.003  0.008  0.005  0.001  0.007
00:02:03 841.99   14.6   34.4   1600    4.8    333    7.3    29.1  -0.9   0.81   4.22 2106.4     0.00   0.00    0.0  0.003  0.003  0.008  0.005  0.001  0.007
00:02:05 841.85   14.6   34.4   1601    4.8    333    7.3    29.1  -0.9   0.81   4.22 2108.4     0.00   0.00    0.0  0.003  0.003  0.008  0.005  0.001  0.007
00:02:07 841.93   14.6   34.4   1601    4.9    336    7.3    29.1  -0.9   0.81   4.21 2110.4     0.00   0.00    0.0  0.003  0.003  0.008  0.005  0.001  0.007
00:02:08 841.82   14.6   34.4   1602    4.8    331    7.3    29.1  -0.9   0.81   4.21 2111.3     0.00   0.00    0.0  0.003  0.003  0.008  0.005  0.001  0.007
00:02:10 841.80   14.6   34.4   1602    4.6    317    7.3    29.1  -0.9   0.81   4.23 2113.4     0.00   0.00    0.0  0.003  0.003  0.008  0.005  0.001  0.007
00:02:11 841.89   14.6   34.4   1601    4.6    313    7.3    29.1  -0.9   0.81   4.22 2114.3     0.00   0.00    0.0  0.003  0.003  0.008  0.005  0.001  0.007
00:02:13 841.77   14.6   34.5   1602    4.3    319    7.3    29.1  -0.9   0.81   4.22 2116.3     0.00   0.00    0.0  0.003  0.003  0.008  0.005  0.001  0.007
00:02:14 841.72   14.5   34.5   1603    4.2    321    7.3    29.0  -0.9   0.81   4.22 2118.4     0.00   0.00    0.0  0.003  0.003  0.008  0.005  0.001  0.007
00:02:16 841.65   14.5   34.5   1603    4.2    324    7.3    29.0  -0.9   0.81   4.21 2119.3     0.00   0.00    0.0  0.003  0.003  0.008  0.005  0.001  0.007
00:02:17 841.50   14.5   34.5   1605    4.1    314    7.3    29.1  -0.9   0.81   4.22 2120.3     0.00   0.00    0.0  0.003  0.003  0.008  0.005  0.001  0.007
00:02:18 841.51   14.5   34.6   1605    3.9    323    7.3    29.1  -0.9   0.81   4.22 2121.3     0.00   0.00    0.0  0.003  0.003  0.008  0.005  0.001  0.007
00:02:22 841.56   14.5   34.6   1604    4.1    326    7.3    29.1  -0.9   0.81   4.23 2125.3     0.00   0.00    0.0  0.003  0.003  0.008  0.005  0.001  0.007
00:02:26 841.48   14.5   34.6   1605    4.4    338    7.3    29.0  -0.9   0.81   4.22 2129.3     0.00   0.00    0.0  0.003  0.003  0.008  0.005  0.001  0.007
00:02:27 841.31   14.5   34.7   1607    4.4    330    7.3    29.1  -0.9   0.81   4.23 2130.3     0.00   0.00    0.0  0.003  0.003  0.008  0.005  0.001  0.007
00:02:28 841.24   14.5   34.7   1607    4.4    336    7.3    29.1  -0.8   0.81   4.24 2131.3     0.00   0.00    0.0  0.003  0.003  0.008  0.005  0.001  0.007
00:02:29 841.13   14.5   34.7   1609    4.7    336    7.3    29.0  -0.9   0.81   4.22 2132.3     0.00   0.00    0.0  0.003  0.004  0.008  0.005  0.001  0.007
00:02:30 841.41   14.5   34.7   1606    4.6    320    7.3    29.0  -0.9   0.81   4.23 2133.3     0.00   0.00    0.0  0.003  0.003  0.008  0.005  0.001  0.007
00:02:35 841.00   14.5   35.0   1610    4.9    332    7.3    29.1  -0.8   0.81   4.26 2138.3     0.00   0.00    0.0  0.003  0.003  0.008  0.005  0.001  0.007
00:02:36 841.10   14.4   35.0   1609    4.8    332    7.3    29.0  -0.8   0.81   4.25 2139.3     0.00   0.00    0.0  0.003  0.003  0.008  0.005  0.001  0.007
00:02:37 840.99   14.5   35.0   1610    4.7    332    7.3    29.1  -0.8   0.81   4.27 2140.3     0.00   0.00    0.0  0.003  0.003  0.008  0.005  0.001  0.007
00:02:38 840.75   14.4   35.0   1612    4.9    338    7.3    29.0  -0.8   0.81   4.25 2141.3     0.00   0.00    0.0  0.003  0.003  0.008  0.005  0.001  0.007
00:02:39 841.02   14.5   35.0   1610    5.1    329    7.3    29.0  -0.8   0.81   4.26 2142.3     0.00   0.00    0.0  0.003  0.003  0.008  0.005  0.001  0.007
00:02:41 840.98   14.5   35.0   1610    4.8    340    7.3    29.1  -0.8   0.81   4.27 2144.3     0.00   0.00    0.0  0.003  0.003  0.008  0.005  0.001  0.007
00:02:47 840.93   14.5   34.6   1611    3.7    335    7.3    29.0  -1.0   0.81   4.20 2150.3     0.00   0.00    0.0  0.003  0.004  0.008  0.005  0.001  0.007
00:02:48 840.90   14.4   34.6   1611    3.8    329    7.3    29.0  -1.0   0.81   4.21 2151.3     0.00   0.00    0.0  0.003  0.003  0.008  0.005  0.001  0.007
00:02:49 840.61   14.5   34.6   1614    3.6    338    7.3    29.1  -0.9   0.81   4.21 2152.3     0.00   0.00    0.0  0.003  0.004  0.008  0.005  0.001  0.007
00:02:50 840.72   14.4   34.6   1613    3.5    311    7.3    29.1  -1.0   0.81   4.20 2153.3     0.00   0.00    0.0  0.003  0.004  0.008  0.005  0.001  0.007
00:02:54 840.48   14.5   34.6   1615    3.4    330    7.3    29.2  -0.9   0.81   4.23 2157.3     0.00   0.00    0.0  0.003  0.003  0.008  0.005  0.001  0.007
00:02:55 840.46   14.5   34.6   1615    3.6    320    7.3    29.1  -0.9   0.81   4.21 2158.3     0.00   0.00    0.0  0.003  0.003  0.008  0.005  0.001  0.007
00:02:56 840.37   14.5   34.7   1616    3.6    338    7.3    29.1  -0.9   0.81   4.22 2159.3     0.00   0.00    0.0  0.003  0.003  0.008  0.005  0.001  0.007
00:02:57 840.50   14.5   34.6   1615    3.7    334    7.3    29.1  -0.9   0.81   4.22 2160.3     0.00   0.00    0.0  0.003  0.004  0.008  0.005  0.001  0.007
00:03:00 840.44   14.4   34.7   1616    3.8    342    7.3    29.0  -1.0   0.81   4.21 2163.3     0.00   0.00    0.0  0.003  0.004  0.008  0.005  0.001  0.007
00:03:01 840.32   14.4   34.8   1617    3.9    332    7.3    29.1  -0.9   0.81   4.22 2164.3     0.00   0.00    0.0  0.003  0.003  0.008  0.005  0.001  0.007
00:03:02 840.24   14.4   34.8   1618    3.8    340    7.3    29.0  -0.9   0.81   4.21 2165.3     0.00   0.00    0.0  0.003  0.003  0.008  0.005  0.001  0.007
00:03:03 840.25   14.4   34.8   1617    3.9    335    7.3    29.1  -0.9   0.81   4.22 2166.3     0.00   0.00    0.0  0.003  0.003  0.008  0.005  0.001  0.007
00:03:05 840.02   14.4   34.9   1620    4.0    338    7.3    29.1  -0.9   0.81   4.23 2168.3     0.00   0.00    0.0  0.003  0.004  0.008  0.005  0.001  0.007
00:03:06 839.95   14.4   34.8   1620    4.0    344    7.3    29.1  -0.9   0.81   4.23 2169.3     0.00   0.00    0.0  0.003  0.004  0.008  0.005  0.001  0.007
00:03:07 840.00   14.4   34.8   1620    4.2    350    7.3    29.1  -0.9   0.81   4.22 2170.3     0.00   0.00    0.0  0.003  0.004  0.008  0.005  0.001  0.007
00:03:08 839.90   14.4   34.9   1621    4.5    352    7.3    29.1  -0.9   0.81   4.23 2171.3     0.00   0.00    0.0  0.003  0.004  0.008  0.005  0.001  0.007
00:03:10 839.94   14.4   34.8   1621    4.8    350    7.3    29.0  -1.0   0.81   4.21 2173.3     0.00   0.00    0.0  0.003  0.004  0.008  0.005  0.001  0.007
00:03:11 839.94   14.4   34.9   1621    5.0    349    7.3    29.1  -0.9   0.81   4.23 2174.3     0.00   0.00    0.0  0.003  0.004  0.008  0.005  0.001  0.007
00:03:12 839.88   14.3   34.9   1621    5.3    351    7.3    29.0  -0.9   0.81   4.22 2175.3     0.00   0.00    0.0  0.003  0.004  0.008  0.005  0.001  0.007
00:03:15 839.55   14.3   35.0   1625    5.3    340    7.3    29.1  -0.9   0.81   4.23 2178.3     0.00   0.00    0.0  0.003  0.004  0.008  0.005  0.001  0.007
00:03:16 839.58   14.3   35.1   1624    5.0    343    7.3    29.0  -0.9   0.81   4.23 2179.3     0.00   0.00    0.0  0.003  0.004  0.008  0.005  0.001  0.007
00:03:17 839.58   14.3   35.1   1624    4.8    340    7.3    29.1  -0.9   0.81   4.25 2180.3     0.00   0.00    0.0  0.003  0.004  0.008  0.005  0.001  0.007
00:03:19 839.36   14.3   35.1   1626    4.2    336    7.3    29.1  -0.9   0.81   4.24 2182.3     0.00   0.00    0.0  0.003  0.003  0.008  0.005  0.001  0.007
00:03:20 839.32   14.3   35.1   1627    3.9    345    7.3    29.0  -0.9   0.81   4.23 2183.3     0.00   0.00    0.0  0.004  0.004  0.008  0.005  0.001  0.007
00:03:21 839.32   14.3   35.1   1627    3.8    346    7.3    29.1  -0.9   0.81   4.23 2184.3     0.00   0.00    0.0  0.003  0.004  0.008  0.005  0.001  0.007
00:03:22 839.43   14.4   35.1   1626    3.9    342    7.3    29.1  -0.8   0.81   4.25 2185.3     0.00   0.00    0.0  0.003  0.004  0.008  0.005  0.001  0.007
00:03:23 839.51   14.3   35.1   1625    3.7    341    7.3    29.0  -0.9   0.81   4.24 2186.3     0.00   0.00    0.0  0.003  0.004  0.008  0.005  0.001  0.007
00:03:24 839.43   14.3   35.1   1626    3.5    343    7.3    29.1  -0.9   0.81   4.24 2187.3     0.00   0.00    0.0  0.003  0.003  0.008  0.005  0.001  0.007
00:03:25 839.30   14.3   35.1   1627    3.4    344    7.3    29.1  -0.9   0.81   4.24 2188.3     0.00   0.00    0.0  0.003  0.004  0.008  0.005  0.001  0.007
00:03:26 839.24   14.3   35.2   1628    3.3    333    7.3    29.1  -0.9   0.81   4.25 2189.3     0.00   0.00    0.0  0.003  0.003  0.008  0.005  0.001  0.007
00:03:27 839.32   14.3   35.1   1627    3.1    338    7.3    29.1  -0.9   0.81   4.23 2190.3     0.00   0.00    0.0  0.003  0.004  0.008  0.005  0.001  0.007
00:03:28 839.33   14.3   35.1   1627    3.0    335    7.3    29.1  -0.9   0.81   4.25 2191.3     0.00   0.00    0.0  0.004  0.003  0.008  0.005  0.001  0.007
00:03:31 839.27   14.3   35.2   1627    3.2    336    7.3    29.1  -0.9   0.81   4.25 2194.3     0.00   0.00    0.0  0.004  0.003  0.008  0.005  0.001  0.007
00:03:32 839.36   14.3   35.2   1626    3.1    342    7.3    29.0  -0.9   0.81   4.25 2195.3     0.00   0.00    0.0  0.003  0.004  0.008  0.005  0.001  0.007
00:03:33 839.29   14.4   35.2   1627    3.1    338    7.3    29.1  -0.8   0.81   4.26 2196.3     0.00   0.00    0.0  0.003  0.004  0.008  0.005  0.001  0.007
00:03:35 839.19   14.3   35.1   1628    3.2    349    7.3    29.1  -0.9   0.81   4.25 2198.3     0.00   0.00    0.0  0.003  0.004  0.008  0.005  0.001  0.007
00:03:39 839.33   14.4   34.6   1627    3.2    349    7.3    29.2  -1.0   0.81   4.21 2202.3     0.00   0.00    0.0  0.003  0.004  0.008  0.005  0.001  0.007
00:03:40 839.03   14.4   34.5   1630    3.1    344    7.3    29.2  -1.0   0.81   4.19 2203.3     0.00   0.00    0.0  0.004  0.004  0.008  0.005  0.001  0.007
00:03:41 838.90   14.4   34.4   1631    3.2    349    7.3    29.2  -1.1   0.81   4.18 2204.3     0.00   0.00    0.0  0.003  0.004  0.008  0.005  0.001  0.007
00:03:43 838.93   14.4   34.2   1631    3.6    353    7.3    29.2  -1.2   0.81   4.14 2206.3     0.00   0.00    0.0  0.004  0.003  0.008  0.005  0.001  0.007
00:03:44 839.19   14.5   34.0   1628    3.8    350    7.3    29.2  -1.2   0.81   4.13 2207.3     0.00   0.00    0.0  0.003  0.004  0.008  0.005  0.001  0.007
00:03:45 838.60   14.4   34.0   1634    3.9    352    7.3    29.2  -1.3   0.80   4.11 2208.3     0.00   0.00    0.0  0.004  0.004  0.008  0.005  0.001  0.007
00:03:46 838.81   14.4   33.8   1632    4.7    353    7.3    29.2  -1.3   0.80   4.10 2209.3     0.00   0.00    0.0  0.003  0.004  0.008  0.005  0.001  0.007
00:03:48 838.51   14.3   33.7   1635    4.8    349    7.3    29.2  -1.4   0.80   4.05 2211.3     0.00   0.00    0.0  0.004  0.004  0.008  0.005  0.001  0.007
00:03:48 838.82   14.4   33.6   1632    4.7      1    7.3    29.2  -1.4   0.80   4.06 2212.2     0.00   0.00    0.0  0.004  0.004  0.008  0.005  0.001  0.007
00:03:50 839.05   14.5   33.6   1629    4.7    357    7.3    29.3  -1.3   0.80   4.08 2213.2     0.00   0.00    0.0  0.004  0.004  0.008  0.005  0.001  0.007
00:03:50 838.66   14.4   33.4   1633    4.8    358    7.3    29.2  -1.5   0.80   4.04 2214.2     0.00   0.00    0.0  0.004  0.004  0.008  0.005  0.001  0.007
00:03:51 838.58   14.4   33.4   1634    5.0    355    7.3    29.3  -1.5   0.80   4.04 2215.2     0.00   0.00    0.0  0.004  0.004  0.008  0.005  0.001  0.007
00:03:53 838.38   14.4   33.3   1636    4.8    354    7.3    29.2  -1.5   0.80   4.02 2217.2     0.00   0.00    0.0  0.004  0.004  0.008  0.005  0.001  0.007
00:03:54 838.35   14.4   33.4   1637    4.7    355    7.3    29.2  -1.5   0.80   4.03 2218.2     0.00   0.00    0.0  0.004  0.004  0.008  0.005  0.001  0.007
00:03:55 838.27   14.5   33.3   1637    4.7    350    7.3    29.3  -1.5   0.80   4.04 2219.2     0.00   0.00    0.0  0.004  0.004  0.008  0.005  0.001  0.007
00:03:57 838.25   14.4   33.1   1638    4.2    350    7.3    29.3  -1.6   0.80   4.00 2221.2     0.00   0.00    0.0  0.003  0.004  0.008  0.005  0.001  0.007
00:03:58 838.33   14.4   33.1   1637    4.0    349    7.3    29.3  -1.6   0.80   3.99 2222.2     0.00   0.00    0.0  0.003  0.004  0.008  0.005  0.001  0.007
00:03:59 838.24   14.4   32.9   1638    3.9    356    7.3    29.3  -1.7   0.80   3.97 2223.2     0.00   0.00    0.0  0.004  0.004  0.008  0.005  0.001  0.007
00:04:00 838.42   14.4   32.9   1636    3.7    353    7.3    29.3  -1.6   0.80   3.98 2224.2     0.00   0.00    0.0  0.004  0.004  0.008  0.005  0.001  0.007
00:04:02 838.13   14.4   32.8   1639    3.7    356    7.3    29.3  -1.7   0.80   3.96 2226.2     0.00   0.00    0.0  0.004  0.004  0.008  0.005  0.001  0.007
00:04:04 838.03   14.5   32.7   1640    3.8    355    7.3    29.4  -1.7   0.80   3.96 2228.2     0.00   0.00    0.0  0.004  0.004  0.008  0.005  0.001  0.007
00:04:05 837.88   14.4   32.8   1641    3.9    357    7.3    29.3  -1.7   0.80   3.95 2229.2     0.00   0.00    0.0  0.004  0.004  0.008  0.005  0.001  0.007
00:04:07 837.92   14.4   32.8   1641    3.9    355    7.3    29.3  -1.7   0.80   3.96 2230.2     0.00   0.00    0.0  0.004  0.004  0.008  0.005  0.001  0.007
00:04:07 837.97   14.4   32.7   1640    3.9    356    7.3    29.3  -1.7   0.80   3.95 2231.2     0.00   0.00    0.0  0.004  0.004  0.008  0.005  0.001  0.007
00:04:08 837.90   14.4   32.8   1641    3.9    352    7.3    29.3  -1.7   0.80   3.97 2232.2     0.00   0.00    0.0  0.004  0.004  0.008  0.005  0.001  0.007
00:04:09 837.86   14.4   32.9   1641    3.9    354    7.3    29.3  -1.7   0.80   3.98 2233.2     0.00   0.00    0.0  0.003  0.004  0.008  0.005  0.001  0.007
00:04:11 837.95   14.4   32.9   1641    4.1    345    7.3    29.3  -1.7   0.80   3.96 2235.2     0.00   0.00    0.0  0.004  0.004  0.008  0.005  0.001  0.007
00:04:12 837.84   14.3   33.0   1642    4.3    348    7.3    29.2  -1.7   0.80   3.96 2236.2     0.00   0.00    0.0  0.004  0.004  0.008  0.005  0.001  0.007
00:04:13 837.96   14.3   32.9   1641    4.8    344    7.3    29.2  -1.8   0.80   3.95 2237.2     0.00   0.00    0.0  0.004  0.004  0.008  0.005  0.001  0.007
00:04:14 837.97   14.4   32.9   1640    4.9    346    7.3    29.3  -1.6   0.80   3.99 2238.2     0.00   0.00    0.0  0.004  0.004  0.008  0.005  0.001  0.007
00:04:15 837.75   14.3   32.9   1643    4.8    340    7.3    29.3  -1.7   0.80   3.96 2239.2     0.00   0.00    0.0  0.004  0.004  0.008  0.005  0.001  0.007
00:04:17 837.64   14.3   33.0   1644    3.8    338    7.3    29.3  -1.7   0.80   3.96 2241.2     0.00   0.00    0.0  0.003  0.004  0.008  0.005  0.001  0.007
00:04:18 837.77   14.4   32.9   1642    3.8    335    7.3    29.3  -1.7   0.80   3.96 2242.2     0.00   0.00    0.0  0.004  0.004  0.008  0.005  0.001  0.007
00:04:20 837.97   14.4   32.8   1640    3.6    344    7.3    29.3  -1.7   0.80   3.97 2244.2     0.00   0.00    0.0  0.004  0.004  0.008  0.005  0.001  0.007
00:04:21 837.79   14.4   32.8   1642    3.6    343    7.3    29.3  -1.7   0.80   3.96 2245.2     0.00   0.00    0.0  0.004  0.004  0.008  0.005  0.001  0.007
00:04:22 837.80   14.4   32.8   1642    3.6    338    7.3    29.3  -1.7   0.80   3.97 2246.2     0.00   0.00    0.0  0.004  0.004  0.008  0.005  0.001  0.007
00:04:23 837.82   14.3   32.8   1642    3.7    340    7.3    29.2  -1.8   0.80   3.93 2247.2     0.00   0.00    0.0  0.004  0.004  0.008  0.005  0.001  0.007
00:04:24 837.85   14.4   32.8   1642    3.7    339    7.3    29.3  -1.7   0.80   3.96 2248.2     0.00   0.00    0.0  0.004  0.004  0.008  0.005  0.001  0.007
00:04:25 837.81   14.4   32.8   1642    3.7    327    7.3    29.3  -1.7   0.80   3.96 2249.2     0.00   0.00    0.0  0.004  0.004  0.008  0.005  0.001  0.007
00:04:29 837.62   14.4   32.9   1644    3.5    335    7.3    29.3  -1.7   0.80   3.97 2253.2     0.00   0.00    0.0  0.004  0.004  0.008  0.005  0.001  0.007
00:04:30 837.63   14.4   32.9   1644    3.5    339    7.3    29.3  -1.7   0.80   3.96 2254.2     0.00   0.00    0.0  0.004  0.004  0.008  0.005  0.001  0.007
00:04:31 837.81   14.4   32.8   1642    3.4    350    7.3    29.3  -1.7   0.80   3.96 2255.2     0.00   0.00    0.0  0.004  0.004  0.008  0.005  0.001  0.007
00:04:32 837.87   14.3   32.9   1641    3.3    345    7.3    29.2  -1.7   0.80   3.95 2256.2     0.00   0.00    0.0  0.004  0.004  0.008  0.005  0.001  0.007
00:04:33 837.72   14.3   32.9   1643    3.3    337    7.3    29.3  -1.7   0.80   3.95 2257.2     0.00   0.00    0.0  0.004  0.004  0.008  0.005  0.001  0.007
00:04:34 837.61   14.5   32.9   1644    3.3    340    7.3    29.4  -1.6   0.80   3.99 2258.2     0.00   0.00    0.0  0.004  0.004  0.008  0.005  0.001  0.007
00:04:38 837.57   14.3   32.9   1644    3.7    343    7.3    29.2  -1.8   0.80   3.94 2262.2     0.00   0.00    0.0  0.004  0.004  0.008  0.005  0.001  0.007
00:04:39 837.83   14.4   32.9   1642    3.9    346    7.3    29.3  -1.7   0.80   3.96 2263.2     0.00   0.00    0.0  0.004  0.004  0.008  0.005  0.001  0.007
00:04:40 837.59   14.4   32.9   1644    4.2    340    7.3    29.3  -1.7   0.80   3.96 2264.2     0.00   0.00    0.0  0.004  0.004  0.008  0.005  0.001  0.007
00:04:41 837.83   14.4   33.0   1642    4.2    333    7.3    29.3  -1.7   0.80   3.97 2265.2     0.00   0.00    0.0  0.004  0.004  0.008  0.005  0.001  0.007
00:04:42 837.76   14.3   32.9   1642    4.3    330    7.3    29.3  -1.7   0.80   3.96 2266.2     0.00   0.00    0.0  0.004  0.004  0.008  0.005  0.001  0.007
00:04:46 837.49   14.3   33.0   1645    3.9    341    7.3    29.3  -1.7   0.80   3.96 2270.2     0.00   0.00    0.0  0.004  0.004  0.008  0.005  0.001  0.007
00:04:47 837.65   14.4   33.0   1644    4.0    341    7.3    29.3  -1.7   0.80   3.98 2271.2     0.00   0.00    0.0  0.004  0.004  0.008  0.005  0.001  0.007
00:04:48 837.46   14.3   33.0   1646    4.1    342    7.3    29.2  -1.7   0.80   3.96 2272.2     0.00   0.00    0.0  0.004  0.004  0.008  0.005  0.001  0.007
00:04:49 837.46   14.3   33.0   1646    4.2    342    7.3    29.3  -1.7   0.80   3.97 2273.2     0.00   0.00    0.0  0.004  0.004  0.008  0.005  0.001  0.007
00:04:50 837.46   14.3   33.0   1646    4.2    344    7.3    29.2  -1.8   0.80   3.95 2274.2     0.00   0.00    0.0  0.004  0.004  0.008  0.005  0.001  0.007
00:04:51 837.40   14.3   33.0   1646    4.2    347    7.3    29.2  -1.7   0.80   3.95 2275.2     0.00   0.00    0.0  0.004  0.004  0.008  0.005  0.001  0.007
00:04:52 837.48   14.3   33.0   1645    4.4    343    7.3    29.3  -1.7   0.80   3.97 2276.2     0.00   0.00    0.0  0.004  0.004  0.008  0.005  0.001  0.007
00:04:55 837.47   14.3   33.1   1645    4.4    342    7.3    29.3  -1.7   0.80   3.97 2279.2     0.00   0.00    0.0  0.004  0.004  0.008  0.005  0.001  0.007
00:04:56 837.43   14.4   33.1   1646    4.4    340    7.3    29.3  -1.6   0.80   3.99 2280.2     0.00   0.00    0.0  0.004  0.004  0.008  0.005  0.001  0.007
00:04:57 837.32   14.3   33.2   1647    4.3    337    7.3    29.3  -1.7   0.80   3.98 2281.2     0.00   0.00    0.0  0.004  0.004  0.008  0.005  0.001  0.007
00:04:58 837.36   14.3   33.2   1647    4.4    338    7.3    29.3  -1.6   0.80   3.99 2282.2     0.00   0.00    0.0  0.004  0.004  0.008  0.005  0.001  0.007
00:04:59 837.49   14.3   33.1   1645    4.4    345    7.3    29.2  -1.7   0.80   3.96 2283.2     0.00   0.00    0.0  0.004  0.004  0.008  0.005  0.001  0.007
00:05:00 837.32   14.3   33.1   1647    4.3    343    7.3    29.3  -1.7   0.80   3.98 2284.2     0.00   0.00    0.0  0.004  0.004  0.008  0.005  0.001  0.007
00:05:02 837.28   14.3   33.1   1647    4.0    341    7.3    29.3  -1.7   0.80   3.98 2286.2     0.00   0.00    0.0  0.004  0.004  0.008  0.005  0.001  0.007
00:05:03 837.31   14.3   33.0   1647    4.0    349    7.3    29.2  -1.8   0.80   3.95 2287.2     0.00   0.00    0.0  0.004  0.004  0.008  0.005  0.001  0.007
00:05:04 837.25   14.4   33.0   1648    3.9    345    7.3    29.3  -1.7   0.80   3.97 2288.2     0.00   0.00    0.0  0.004  0.004  0.008  0.005  0.001  0.007
00:05:07 837.12   14.3   33.2   1649    4.1    345    7.3    29.3  -1.6   0.80   3.99 2291.2     0.00   0.00    0.0  0.004  0.004  0.008  0.005  0.001  0.007
00:05:10 837.10   14.2   33.7   1649    4.4    348    7.3    29.1  -1.6   0.80   4.02 2294.2     0.00   0.00    0.0  0.004  0.004  0.008  0.005  0.001  0.007
00:05:12 836.96   14.1   34.1   1651    4.7    345    7.3    29.1  -1.4   0.80   4.05 2296.2     0.00   0.00    0.0  0.004  0.004  0.008  0.005  0.001  0.007
00:05:13 836.95   14.1   34.2   1651    4.7    343    7.3    29.1  -1.4   0.80   4.07 2297.2     0.00   0.00    0.0  0.004  0.004  0.008  0.005  0.001  0.007
00:05:14 836.97   14.1   34.4   1650    4.6    343    7.3    29.1  -1.3   0.80   4.09 2298.2     0.00   0.00    0.0  0.004  0.004  0.008  0.005  0.001  0.007
00:05:17 836.91   14.1   34.8   1651    4.4    341    7.3    29.1  -1.2   0.81   4.14 2301.2     0.00   0.00    0.0  0.004  0.004  0.008  0.005  0.001  0.007
00:05:18 836.82   14.1   34.9   1652    4.2    342    7.3    29.1  -1.2   0.81   4.16 2302.2     0.00   0.00    0.0  0.004  0.004  0.008  0.005  0.001  0.007
00:05:20 836.65   14.1   35.1   1654    4.1    343    7.3    29.1  -1.1   0.81   4.18 2304.2     0.00   0.00    0.0  0.004  0.004  0.008  0.005  0.001  0.007
00:05:21 836.84   14.0   35.2   1652    3.9    343    7.3    29.0  -1.1   0.81   4.18 2305.2     0.00   0.00    0.0  0.004  0.004  0.008  0.005  0.001  0.007
00:05:23 836.57   14.0   35.3   1654    3.9    341    7.3    29.0  -1.1   0.81   4.19 2307.2     0.00   0.00    0.0  0.004  0.004  0.008  0.005  0.001  0.007
00:05:24 836.63   14.0   35.4   1654    3.9    335    7.3    29.0  -1.0   0.81   4.20 2308.2     0.00   0.00    0.0  0.004  0.004  0.008  0.005  0.001  0.007
00:05:25 836.61   14.1   35.4   1654    3.8    341    7.3    29.1  -1.0   0.81   4.21 2309.2     0.00   0.00    0.0  0.004  0.004  0.008  0.005  0.001  0.007
00:05:26 836.73   14.0   35.5   1653    3.9    345    7.3    29.0  -1.0   0.81   4.22 2310.2     0.00   0.00    0.0  0.004  0.004  0.008  0.005  0.001  0.007
00:05:27 836.41   14.0   35.6   1656    3.8    346    7.3    29.0  -1.0   0.81   4.21 2311.2     0.00   0.00    0.0  0.004  0.004  0.008  0.005  0.002  0.007
00:05:28 836.68   14.0   35.6   1653    3.8    343    7.3    29.0  -1.0   0.81   4.22 2312.2     0.00   0.00    0.0  0.004  0.004  0.008  0.005  0.001  0.007
00:05:30 836.40   14.0   35.7   1656    4.0    340    7.3    29.0  -0.9   0.81   4.23 2314.1     0.00   0.00    0.0  0.004  0.004  0.008  0.005  0.001  0.007
00:05:31 836.42   14.0   35.7   1656    4.0    336    7.3    29.0  -1.0   0.81   4.23 2315.1     0.00   0.00    0.0  0.004  0.004  0.008  0.005  0.001  0.007
00:05:33 836.39   14.0   35.7   1656    3.9    329    7.3    29.0  -0.9   0.81   4.24 2317.1     0.00   0.00    0.0  0.004  0.004  0.008  0.005  0.001  0.007
00:05:36 836.29   14.0   35.8   1657    3.5    342    7.3    29.1  -0.9   0.81   4.25 2320.1     0.00   0.00    0.0  0.004  0.004  0.008  0.005  0.001  0.007
00:05:38 836.25   14.0   35.9   1658    3.3    333    7.3    29.0  -0.9   0.81   4.25 2322.1     0.00   0.00    0.0  0.004  0.004  0.008  0.005  0.001  0.007
00:05:39 836.30   14.0   35.8   1657    3.5    337    7.3    29.0  -0.9   0.81   4.25 2323.1     0.00   0.00    0.0  0.004  0.004  0.008  0.005  0.001  0.007
00:05:40 836.35   14.0   35.9   1657    3.5    329    7.3    29.0  -0.9   0.81   4.26 2324.1     0.00   0.00    0.0  0.004  0.004  0.008  0.005  0.001  0.007
00:05:41 836.26   14.0   35.9   1658    3.5    330    7.3    29.0  -0.9   0.81   4.25 2325.1     0.00   0.00    0.0  0.004  0.004  0.008  0.005  0.001  0.007
00:05:42 836.39   14.0   35.8   1656    3.4    332    7.3    29.0  -0.9   0.81   4.25 2326.1     0.00   0.00    0.0  0.004  0.004  0.008  0.005  0.001  0.007
00:05:43 836.29   14.0   35.9   1657    3.3    329    7.3    29.0  -0.9   0.81   4.25 2327.1     0.00   0.00    0.0  0.004  0.004  0.008  0.005  0.001  0.007
00:05:46 836.30   13.9   35.9   1657    3.3    333    7.3    29.0  -0.9   0.81   4.24 2330.1     0.00   0.00    0.0  0.004  0.004  0.008  0.005  0.001  0.007
00:05:47 836.16   13.9   35.9   1659    3.3    334    7.3    29.0  -0.9   0.81   4.24 2331.1     0.00   0.00    0.0  0.004  0.004  0.008  0.005  0.001  0.007
00:05:48 836.17   14.0   35.8   1659    3.3    336    7.3    29.0  -0.9   0.81   4.24 2332.1     0.00   0.00    0.0  0.004  0.004  0.008  0.005  0.001  0.007
00:05:49 835.98   14.0   35.8   1660    3.3    334    7.3    29.1  -0.9   0.81   4.25 2333.1     0.00   0.00    0.0  0.004  0.004  0.008  0.005  0.001  0.007
00:05:51 836.05   14.0   35.8   1660    3.4    332    7.3    29.1  -0.9   0.81   4.25 2335.1     0.00   0.00    0.0  0.004  0.004  0.008  0.005  0.001  0.007
00:05:52 836.33   14.0   35.9   1657    3.5    338    7.3    29.0  -0.9   0.81   4.25 2336.1     0.00   0.00    0.0  0.004  0.004  0.008  0.005  0.001  0.007
00:05:53 836.22   14.0   35.9   1658    3.5    336    7.3    29.0  -0.9   0.81   4.25 2337.1     0.00   0.00    0.0  0.004  0.004  0.008  0.005  0.001  0.007
00:05:54 836.02   14.0   35.8   1660    3.5    335    7.3    29.1  -0.9   0.81   4.26 2338.1     0.00   0.00    0.0  0.004  0.004  0.008  0.005  0.001  0.007
00:05:55 836.19   14.0   35.8   1658    3.4    337    7.3    29.0  -0.9   0.81   4.24 2339.1     0.00   0.00    0.0  0.004  0.004  0.008  0.005  0.001  0.007
00:05:56 836.06   14.0   35.7   1660    3.3    335    7.3    29.0  -0.9   0.81   4.24 2340.1     0.00   0.00    0.0  0.004  0.004  0.008  0.005  0.001  0.007
00:05:57 836.23   14.0   35.8   1658    3.3    334    7.3    29.1  -0.9   0.81   4.25 2341.1     0.00   0.00    0.0  0.004  0.004  0.008  0.005  0.001  0.007
00:05:58 836.25   14.0   35.8   1658    3.3    337    7.3    29.0  -0.9   0.81   4.23 2342.1     0.00   0.00    0.0  0.004  0.004  0.008  0.005  0.001  0.007
00:05:59 836.07   14.0   35.8   1660    3.3    335    7.3    29.1  -0.9   0.81   4.26 2343.1     0.00   0.00    0.0  0.004  0.004  0.008  0.005  0.001  0.007
00:06:00 836.11   14.0   35.8   1659    3.2    327    7.3    29.1  -0.9   0.81   4.25 2344.1     0.00   0.00    0.0  0.004  0.004  0.008  0.005  0.001  0.007
00:06:01 836.08   14.0   35.7   1659    3.3    327    7.3    29.1  -0.9   0.81   4.25 2345.1     0.00   0.00    0.0  0.004  0.004  0.008  0.005  0.001  0.007
00:06:03 836.01   14.0   35.8   1660    3.4    336    7.3    29.1  -0.9   0.81   4.25 2347.1     0.00   0.00    0.0  0.004  0.004  0.008  0.005  0.001  0.007
00:06:04 836.16   14.0   35.8   1659    3.3    335    7.3    29.1  -0.9   0.81   4.25 2348.1     0.00   0.00    0.0  0.004  0.004  0.008  0.005  0.001  0.007
00:06:08 836.05   14.0   35.8   1660    3.2    334    7.3    29.1  -0.9   0.81   4.26 2352.1     0.00   0.00    0.0  0.004  0.004  0.008  0.005  0.001  0.007
00:06:11 835.63   14.0   35.8   1664    3.1    324    7.3    29.1  -0.9   0.81   4.26 2355.1     0.00   0.00    0.0  0.004  0.004  0.008  0.005  0.001  0.007
00:06:12 835.65   14.0   35.8   1664    3.0    328    7.3    29.1  -0.9   0.81   4.25 2356.1     0.00   0.00    0.0  0.004  0.004  0.008  0.005  0.001  0.007
00:06:13 835.75   14.0   35.8   1663    3.0    327    7.3    29.1  -0.9   0.81   4.27 2357.1     0.00   0.00    0.0  0.004  0.004  0.008  0.005  0.001  0.007
00:06:14 835.74   14.0   35.7   1663    2.9    331    7.3    29.2  -0.9   0.81   4.26 2358.1     0.00   0.00    0.0  0.004  0.004  0.008  0.005  0.001  0.007
00:06:15 835.72   14.1   35.8   1663    2.9    329    7.3    29.2  -0.8   0.81   4.27 2359.1     0.00   0.00    0.0  0.004  0.004  0.008  0.005  0.001  0.007
00:06:16 835.88   14.0   35.7   1661    2.9    336    7.3    29.1  -0.9   0.81   4.24 2360.1     0.00   0.00    0.0  0.004  0.004  0.008  0.005  0.001  0.007
00:06:17 835.65   14.0   35.7   1664    3.0    338    7.3    29.1  -0.9   0.81   4.24 2361.1     0.00   0.00    0.0  0.004  0.004  0.008  0.005  0.001  0.007
00:06:18 835.58   14.0   35.7   1664    3.1    337    7.3    29.1  -0.9   0.81   4.24 2362.1     0.00   0.00    0.0  0.004  0.004  0.008  0.005  0.002  0.007
00:06:21 835.63   14.0   35.9   1664    3.6    335    7.3    29.1  -0.9   0.81   4.26 2365.1     0.00   0.00    0.0  0.004  0.004  0.008  0.005  0.002  0.007
00:06:22 835.77   14.0   35.8   1663    3.8    331    7.3    29.1  -0.9   0.81   4.26 2366.1     0.00   0.00    0.0  0.004  0.004  0.008  0.005  0.001  0.007
00:06:25 835.53   14.0   35.8   1665    3.6    333    7.3    29.1  -0.9   0.81   4.25 2369.1     0.00   0.00    0.0  0.004  0.004  0.008  0.005  0.001  0.007
00:06:26 835.66   14.0   35.9   1664    3.6    332    7.3    29.1  -0.9   0.81   4.26 2370.1     0.00   0.00    0.0  0.004  0.004  0.008  0.005  0.001  0.007
00:06:27 835.72   14.0   35.8   1663    3.6    327    7.3    29.1  -0.9   0.81   4.25 2371.1     0.00   0.00    0.0  0.004  0.004  0.008  0.005  0.002  0.007
00:06:28 835.57   14.0   35.8   1665    3.6    333    7.3    29.1  -0.9   0.81   4.26 2372.1     0.00   0.00    0.0  0.004  0.004  0.008  0.005  0.002  0.007
00:06:30 835.46   14.0   35.9   1666    3.5    331    7.3    29.1  -0.9   0.81   4.26 2374.1     0.00   0.00    0.0  0.004  0.004  0.008  0.005  0.002  0.007
00:06:31 835.47   14.0   35.8   1666    3.4    336    7.3    29.1  -0.9   0.81   4.26 2375.1     0.00   0.00    0.0  0.004  0.004  0.008  0.005  0.001  0.007
00:06:32 835.54   14.0   35.8   1665    3.3    331    7.3    29.2  -0.8   0.81   4.27 2376.1     0.00   0.00    0.0  0.004  0.004  0.008  0.005  0.002  0.007
00:06:33 835.53   14.0   35.8   1665    3.3    328    7.3    29.1  -0.9   0.81   4.26 2377.1     0.00   0.00    0.0  0.004  0.004  0.008  0.005  0.002  0.007
00:06:34 835.57   14.0   35.9   1665    3.2    337    7.3    29.1  -0.9   0.81   4.26 2378.1     0.00   0.00    0.0  0.004  0.004  0.008  0.005  0.002  0.007
00:06:35 835.41   14.0   35.8   1666    3.2    333    7.3    29.1  -0.9   0.81   4.25 2379.1     0.00   0.00    0.0  0.004  0.004  0.008  0.005  0.001  0.007
00:06:37 835.43   14.0   35.8   1666    3.3    331    7.3    29.1  -0.9   0.81   4.25 2381.1     0.00   0.00    0.0  0.004  0.004  0.008  0.005  0.002  0.007
00:06:38 835.29   14.0   35.9   1667    3.3    328    7.3    29.2  -0.9   0.81   4.27 2382.1     0.00   0.00    0.0  0.004  0.004  0.008  0.005  0.002  0.007
00:06:39 835.49   14.0   35.9   1665    3.3    327    7.3    29.1  -0.9   0.81   4.26 2383.1     0.00   0.00    0.0  0.004  0.004  0.008  0.005  0.002  0.007
00:06:40 835.37   14.0   35.9   1667    3.3    331    7.3    29.1  -0.9   0.81   4.25 2384.1     0.00   0.00    0.0  0.004  0.004  0.008  0.005  0.002  0.007
00:06:41 835.28   14.0   35.9   1667    3.3    329    7.3    29.1  -0.9   0.81   4.26 2385.1     0.00   0.00    0.0  0.004  0.004  0.008  0.005  0.002  0.007
00:06:42 835.47   14.0   35.9   1666    3.3    325    7.3    29.1  -0.9   0.81   4.26 2386.1     0.00   0.00    0.0  0.004  0.004  0.008  0.005  0.002  0.007
00:06:44 835.24   14.0   35.9   1668    3.5    319    7.3    29.1  -0.9   0.81   4.26 2388.1     0.00   0.00    0.0  0.004  0.004  0.008  0.005  0.002  0.007
00:06:45 835.18   14.0   35.9   1668    3.4    322    7.3    29.1  -0.9   0.81   4.26 2389.1     0.00   0.00    0.0  0.004  0.004  0.008  0.005  0.002  0.007
00:06:48 834.98   14.0   35.9   1671    3.4    316    7.3    29.1  -0.9   0.81   4.25 2392.1     0.00   0.00    0.0  0.004  0.004  0.008  0.005  0.002  0.007
00:06:49 835.28   14.0   35.8   1668    3.5    312    7.3    29.2  -0.9   0.81   4.26 2393.1     0.00   0.00    0.0  0.004  0.004  0.008  0.005  0.002  0.007
00:06:50 835.42   14.0   35.9   1666    3.6    315    7.3    29.2  -0.9   0.81   4.27 2394.1     0.00   0.00    0.0  0.004  0.004  0.008  0.005  0.002  0.007
00:06:51 835.29   14.0   35.9   1667    3.6    312    7.3    29.1  -0.9   0.81   4.26 2395.1     0.00   0.00    0.0  0.004  0.004  0.008  0.005  0.002  0.007
00:06:52 835.18   14.0   36.0   1668    3.6    314    7.3    29.1  -0.9   0.81   4.26 2396.1     0.00   0.00    0.0  0.004  0.004  0.008  0.005  0.002  0.007
00:06:54 834.96   14.0   35.9   1671    3.6    315    7.3    29.1  -0.9   0.81   4.26 2398.1     0.00   0.00    0.0  0.004  0.004  0.008  0.005  0.002  0.007
00:06:55 835.10   13.9   35.9   1669    3.6    321    7.3    29.1  -0.9   0.81   4.25 2399.1     0.00   0.00    0.0  0.004  0.004  0.008  0.005  0.002  0.007
00:06:56 835.05   14.0   35.9   1670    3.6    318    7.3    29.2  -0.8   0.81   4.27 2400.1     0.00   0.00    0.0  0.004  0.004  0.008  0.005  0.002  0.007
00:06:57 834.98   14.0   35.9   1670    3.6    318    7.3    29.1  -0.9   0.81   4.26 2401.1     0.00   0.00    0.0  0.004  0.004  0.008  0.005  0.002  0.007
00:06:58 834.99   14.0   35.9   1670    3.6    314    7.3    29.2  -0.9   0.81   4.26 2402.1     0.00   0.00    0.0  0.004  0.004  0.008  0.005  0.002  0.007
00:06:59 834.89   13.9   35.9   1671    3.5    321    7.3    29.1  -0.9   0.81   4.25 2403.1     0.00   0.00    0.0  0.004  0.004  0.008  0.005  0.002  0.007
00:07:01 834.87   14.0   35.9   1672    3.4    309    7.3    29.2  -0.9   0.81   4.27 2405.1     0.00   0.00    0.0  0.004  0.004  0.008  0.005  0.001  0.007
00:07:02 834.90   14.0   35.9   1671    3.4    315    7.3    29.2  -0.9   0.81   4.26 2406.1     0.00   0.00    0.0  0.004  0.004  0.008  0.005  0.002  0.007
00:07:03 835.14   14.0   35.9   1669    3.5    312    7.3    29.1  -0.9   0.81   4.26 2407.1     0.00   0.00    0.0  0.004  0.004  0.008  0.005  0.002  0.007
00:07:04 834.91   14.0   35.9   1671    3.4    310    7.3    29.1  -0.9   0.81   4.26 2408.1     0.00   0.00    0.0  0.004  0.004  0.008  0.005  0.002  0.007
00:07:08 834.95   13.9   35.9   1671    3.3    296    7.3    29.1  -0.9   0.81   4.26 2412.1     0.00   0.00    0.0  0.004  0.004  0.008  0.005  0.002  0.007
00:07:10 835.03   13.9   35.9   1670    3.3    312    7.3    29.1  -0.9   0.81   4.25 2414.1     0.00   0.00    0.0  0.004  0.004  0.008  0.005  0.002  0.007
00:07:11 834.84   13.9   36.0   1672    3.2    316    7.3    29.1  -0.9   0.81   4.26 2415.0     0.00   0.00    0.0  0.004  0.004  0.008  0.005  0.002  0.007
00:07:12 834.71   13.9   36.0   1673    3.3    311    7.3    29.1  -0.9   0.81   4.26 2416.0     0.00   0.00    0.0  0.004  0.004  0.008  0.005  0.002  0.007
00:07:13 834.79   13.9   35.9   1672    3.4    313    7.3    29.1  -0.9   0.81   4.25 2417.0     0.00   0.00    0.0  0.004  0.004  0.008  0.005  0.002  0.007
00:07:14 834.96   13.9   35.9   1671    3.4    309    7.3    29.1  -0.9   0.81   4.25 2418.0     0.00   0.00    0.0  0.004  0.004  0.008  0.005  0.002  0.007
00:07:17 834.75   13.9   35.9   1673    3.4    308    7.3    29.1  -0.9   0.81   4.24 2421.0     0.00   0.00    0.0  0.004  0.004  0.008  0.005  0.002  0.007
00:07:19 834.52   14.0   35.9   1675    3.5    308    7.3    29.2  -0.9   0.81   4.26 2423.0     0.00   0.00    0.0  0.004  0.004  0.008  0.005  0.002  0.007
00:07:20 834.57   14.0   35.8   1675    3.5    306    7.3    29.2  -0.9   0.81   4.26 2424.0     0.00   0.00    0.0  0.004  0.004  0.008  0.005  0.002  0.007
00:07:21 834.76   14.0   35.8   1673    3.4    304    7.3    29.2  -0.9   0.81   4.25 2425.0     0.00   0.00    0.0  0.004  0.004  0.008  0.005  0.002  0.007
00:07:22 834.87   14.0   35.9   1672    3.5    306    7.3    29.2  -0.9   0.81   4.26 2426.0     0.00   0.00    0.0  0.004  0.004  0.008  0.005  0.002  0.007
00:07:26 834.54   14.0   35.9   1675    3.5    310    7.3    29.2  -0.9   0.81   4.26 2430.0     0.00   0.00    0.0  0.004  0.004  0.008  0.005  0.002  0.007
00:07:29 834.58   13.9   35.9   1674    3.5    296    7.3    29.1  -0.9   0.81   4.26 2433.0     0.00   0.00    0.0  0.004  0.004  0.008  0.005  0.002  0.007
00:07:30 834.64   13.9   35.9   1674    3.5    289    7.3    29.1  -0.9   0.81   4.25 2434.0     0.00   0.00    0.0  0.004  0.004  0.008  0.005  0.002  0.007
00:07:32 834.42   13.9   35.9   1676    3.6    309    7.3    29.1  -1.0   0.81   4.24 2436.0     0.00   0.00    0.0  0.004  0.004  0.008  0.005  0.002  0.007
00:07:33 834.46   13.9   36.0   1676    3.6    320    7.3    29.1  -0.9   0.81   4.26 2437.0     0.00   0.00    0.0  0.004  0.004  0.008  0.005  0.002  0.007
00:07:34 834.50   13.9   36.0   1675    3.6    311    7.3    29.1  -0.9   0.81   4.25 2438.0     0.00   0.00    0.0  0.004  0.004  0.008  0.005  0.002  0.007
00:07:35 834.39   13.9   36.0   1676    3.5    315    7.3    29.1  -0.9   0.81   4.24 2439.0     0.00   0.00    0.0  0.004  0.004  0.008  0.005  0.002  0.007
00:07:36 834.42   13.9   35.9   1676    3.5    317    7.3    29.2  -0.9   0.81   4.26 2440.0     0.00   0.00    0.0  0.004  0.004  0.008  0.005  0.002  0.007
00:07:39 834.17   13.9   36.0   1679    3.2    318    7.3    29.1  -0.9   0.81   4.25 2443.0     0.00   0.00    0.0  0.004  0.004  0.008  0.005  0.002  0.007
00:07:40 834.22   13.9   36.1   1678    3.2    309    7.3    29.1  -0.9   0.81   4.26 2444.0     0.00   0.00    0.0  0.004  0.004  0.008  0.005  0.002  0.007
00:07:41 834.31   13.9   36.0   1677    3.1    315    7.3    29.1  -0.9   0.81   4.25 2445.0     0.00   0.00    0.0  0.004  0.004  0.008  0.005  0.002  0.007
00:07:42 833.99   13.9   36.0   1680    3.2    306    7.3    29.1  -0.9   0.81   4.25 2446.0     0.00   0.00    0.0  0.004  0.004  0.008  0.005  0.002  0.007
00:07:43 834.26   13.9   36.0   1678    3.2    301    7.3    29.1  -0.9   0.81   4.24 2447.0     0.00   0.00    0.0  0.004  0.004  0.008  0.005  0.002  0.007
00:07:44 833.88   13.9   36.0   1682    3.3    293    7.3    29.2  -0.9   0.81   4.26 2448.0     0.00   0.00    0.0  0.004  0.004  0.008  0.005  0.002  0.007
00:07:45 834.14   13.8   36.0   1679    3.4    304    7.3    29.1  -1.0   0.81   4.24 2449.0     0.00   0.00    0.0  0.004  0.004  0.008  0.005  0.002  0.007
00:07:46 834.11   13.9   36.0   1679    3.4    313    7.3    29.2  -0.9   0.81   4.25 2450.0     0.00   0.00    0.0  0.004  0.004  0.008  0.005  0.002  0.007
00:07:47 834.12   13.9   36.1   1679    3.6    318    7.3    29.1  -0.9   0.81   4.26 2451.0     0.00   0.00    0.0  0.004  0.004  0.008  0.005  0.002  0.007
00:07:48 833.83   13.9   36.1   1682    3.8    301    7.3    29.2  -0.9   0.81   4.26 2452.0     0.00   0.00    0.0  0.004  0.004  0.008  0.005  0.002  0.007
00:07:49 833.78   13.9   36.1   1683    3.8    308    7.3    29.2  -0.9   0.81   4.27 2453.0     0.00   0.00    0.0  0.004  0.004  0.008  0.005  0.002  0.007
00:07:50 833.68   13.9   36.2   1684    3.9    313    7.3    29.2  -0.9   0.81   4.27 2454.0     0.00   0.00    0.0  0.004  0.004  0.008  0.005  0.002  0.007
00:07:51 833.97   13.8   36.1   1681    3.8    317    7.3    29.1  -1.0   0.81   4.24 2455.0     0.00   0.00    0.0  0.004  0.004  0.008  0.005  0.002  0.007
00:07:52 833.59   13.9   36.2   1685    3.8    321    7.3    29.2  -0.9   0.81   4.27 2456.0     0.00   0.00    0.0  0.004  0.004  0.008  0.005  0.002  0.007
00:07:53 833.60   13.8   36.1   1684    3.8    322    7.3    29.2  -0.9   0.81   4.26 2457.0     0.00   0.00    0.0  0.004  0.004  0.008  0.005  0.002  0.007
00:07:54 833.58   13.8   36.2   1685    3.8    322    7.3    29.1  -0.9   0.81   4.26 2458.0     0.00   0.00    0.0  0.004  0.004  0.008  0.005  0.002  0.007
00:07:55 833.59   13.8   36.2   1684    3.9    332    7.3    29.1  -0.9   0.81   4.24 2459.0     0.00   0.00    0.0  0.004  0.004  0.008  0.005  0.002  0.007
00:07:58 833.57   13.8   36.2   1685    3.9    326    7.3    29.1  -0.9   0.81   4.26 2462.0     0.00   0.00    0.0  0.004  0.004  0.008  0.005  0.002  0.007
00:08:01 833.51   13.8   36.1   1685    3.8    322    7.3    29.2  -0.9   0.81   4.26 2465.0     0.00   0.00    0.0  0.004  0.004  0.008  0.005  0.002  0.007
00:08:03 833.44   13.8   36.2   1686    3.9    326    7.3    29.2  -0.9   0.81   4.26 2467.0     0.00   0.00    0.0  0.004  0.004  0.008  0.005  0.002  0.007
00:08:04 833.43   13.8   36.2   1686    3.9    324    7.3    29.2  -0.9   0.81   4.27 2468.0     0.00   0.00    0.0  0.004  0.004  0.008  0.005  0.002  0.007
00:08:05 833.25   13.8   36.2   1688    3.9    320    7.3    29.2  -0.9   0.81   4.26 2469.0     0.00   0.00    0.0  0.004  0.004  0.008  0.005  0.002  0.007
00:08:07 833.29   13.8   36.2   1688    3.9    322    7.3    29.1  -0.9   0.81   4.25 2471.0     0.00   0.00    0.0  0.004  0.004  0.008  0.005  0.002  0.007
00:08:08 832.94   13.8   36.2   1691    3.8    320    7.3    29.1  -0.9   0.81   4.25 2472.0     0.00   0.00    0.0  0.004  0.004  0.008  0.005  0.002  0.007
00:08:09 833.28   13.8   36.2   1688    3.8    326    7.3    29.1  -0.9   0.81   4.25 2473.0     0.00   0.00    0.0  0.004  0.004  0.008  0.005  0.002  0.007
00:08:10 833.04   13.7   36.2   1690    3.8    322    7.3    29.1  -1.0   0.81   4.24 2474.0     0.00   0.00    0.0  0.004  0.004  0.008  0.005  0.002  0.007
00:08:11 833.13   13.8   36.2   1689    3.8    330    7.3    29.1  -0.9   0.81   4.25 2475.0     0.00   0.00    0.0  0.004  0.004  0.008  0.005  0.002  0.007
00:08:12 832.99   13.8   36.2   1691    3.9    324    7.3    29.2  -0.9   0.81   4.26 2476.0     0.00   0.00    0.0  0.004  0.004  0.008  0.005  0.002  0.007
00:08:13 832.95   13.8   36.2   1691    3.8    315    7.3    29.2  -0.9   0.81   4.26 2477.0     0.00   0.00    0.0  0.004  0.004  0.008  0.005  0.002  0.007
00:08:14 832.90   13.7   36.2   1692    3.6    321    7.3    29.1  -1.0   0.81   4.25 2478.0     0.00   0.00    0.0  0.004  0.004  0.008  0.005  0.002  0.007
00:08:15 833.02   13.8   36.2   1690    3.7    309    7.3    29.2  -0.9   0.81   4.26 2479.0     0.00   0.00    0.0  0.004  0.004  0.008  0.005  0.002  0.007
00:08:16 833.02   13.7   36.3   1690    3.6    306    7.3    29.1  -0.9   0.81   4.25 2480.0     0.00   0.00    0.0  0.004  0.004  0.008  0.005  0.002  0.007
00:08:18 832.87   13.8   36.2   1692    3.9    318    7.3    29.1  -0.9   0.81   4.25 2482.0     0.00   0.00    0.0  0.004  0.004  0.008  0.005  0.002  0.007
00:08:19 832.75   13.8   36.2   1693    4.0    299    7.3    29.2  -0.9   0.81   4.26 2483.0     0.00   0.00    0.0  0.004  0.004  0.008  0.005  0.002  0.007
00:08:20 832.74   13.8   36.3   1693    3.8    290    7.3    29.2  -0.9   0.81   4.26 2484.0     0.00   0.00    0.0  0.004  0.004  0.008  0.005  0.002  0.007
00:08:21 832.57   13.8   36.3   1695    3.6    317    7.3    29.2  -0.9   0.81   4.26 2485.0     0.00   0.00    0.0  0.004  0.004  0.008  0.005  0.002  0.007
00:08:22 832.48   13.7   36.3   1696    3.6    310    7.3    29.1  -1.0   0.81   4.24 2486.0     0.00   0.00    0.0  0.004  0.004  0.008  0.005  0.002  0.007
00:08:23 832.48   13.7   36.3   1696    3.5    305    7.3    29.1  -1.0   0.81   4.24 2487.0     0.00   0.00    0.0  0.004  0.004  0.008  0.005  0.002  0.007
00:08:25 832.39   13.7   36.3   1697    3.5    311    7.3    29.1  -1.0   0.81   4.24 2489.0     0.00   0.00    0.0  0.004  0.004  0.008  0.005  0.002  0.007
00:08:29 832.28   13.7   36.3   1698    3.5    317    7.3    29.2  -1.0   0.81   4.25 2493.0     0.00   0.00    0.0  0.004  0.004  0.008  0.005  0.002  0.007
00:08:30 832.38   13.7   36.3   1697    3.4    320    7.3    29.1  -1.0   0.81   4.24 2494.0     0.00   0.00    0.0  0.004  0.004  0.008  0.005  0.002  0.007
00:08:31 832.45   13.7   36.2   1696    3.5    314    7.3    29.2  -1.0   0.81   4.25 2495.0     0.00   0.00    0.0  0.004  0.004  0.008  0.005  0.002  0.007
00:08:32 832.21   13.7   36.3   1698    3.5    315    7.3    29.2  -1.0   0.81   4.25 2496.0     0.00   0.00    0.0  0.004  0.004  0.008  0.005  0.002  0.007
00:08:33 832.39   13.7   36.3   1697    3.5    323    7.3    29.2  -1.0   0.81   4.24 2497.0     0.00   0.00    0.0  0.004  0.004  0.008  0.005  0.002  0.007
00:08:34 832.16   13.7   36.2   1699    3.5    323    7.3    29.2  -1.0   0.81   4.25 2498.0     0.00   0.00    0.0  0.004  0.004  0.008  0.005  0.002  0.007
00:08:35 832.27   13.7   36.3   1698    3.5    321    7.3    29.2  -1.0   0.81   4.25 2499.0     0.00   0.00    0.0  0.004  0.004  0.008  0.005  0.002  0.007
00:08:38 832.21   13.7   36.3   1698    3.5    325    7.3    29.1  -1.0   0.81   4.23 2502.0     0.00   0.00    0.0  0.004  0.004  0.008  0.005  0.002  0.007
00:08:40 831.90   13.7   36.2   1702    3.5    323    7.3    29.2  -1.0   0.81   4.25 2504.0     0.00   0.00    0.0  0.004  0.004  0.008  0.005  0.002  0.007
00:08:41 832.15   13.7   36.2   1699    3.6    319    7.3    29.2  -1.0   0.81   4.23 2505.0     0.00   0.00    0.0  0.004  0.004  0.008  0.005  0.002  0.007
00:08:43 831.73   13.6   36.2   1703    3.6    315    7.3    29.2  -1.0   0.81   4.22 2507.0     0.00   0.00    0.0  0.004  0.004  0.008  0.005  0.002  0.007
00:08:44 831.97   13.7   36.3   1701    3.7    311    7.3    29.2  -1.0   0.81   4.23 2508.0     0.00   0.00    0.0  0.004  0.004  0.008  0.005  0.002  0.007
00:08:46 831.77   13.7   36.3   1703    3.6    317    7.3    29.2  -1.0   0.81   4.24 2510.0     0.00   0.00    0.0  0.004  0.004  0.008  0.005  0.002  0.007
00:08:47 831.89   13.7   36.2   1702    3.5    318    7.3    29.2  -1.0   0.81   4.23 2511.0     0.00   0.00    0.0  0.004  0.004  0.008  0.005  0.002  0.007
00:08:48 831.68   13.6   36.2   1704    3.5    321    7.3    29.2  -1.1   0.81   4.22 2512.0     0.00   0.00    0.0  0.004  0.004  0.008  0.005  0.002  0.007
00:08:49 831.77   13.7   36.3   1703    3.5    323    7.3    29.2  -1.0   0.81   4.24 2513.0     0.00   0.00    0.0  0.004  0.004  0.008  0.005  0.002  0.007
00:08:51 831.72   13.7   36.1   1703    3.3    317    7.3    29.2  -1.0   0.81   4.22 2515.0     0.00   0.00    0.0  0.004  0.004  0.008  0.005  0.002  0.007
00:08:52 831.69   13.6   36.1   1704    3.3    317    7.3    29.1  -1.1   0.81   4.20 2515.9     0.00   0.00    0.0  0.004  0.004  0.008  0.005  0.002  0.007
00:08:54 831.68   13.7   36.2   1704    3.5    316    7.3    29.2  -1.0   0.81   4.22 2517.9     0.00   0.00    0.0  0.004  0.004  0.008  0.005  0.002  0.007
00:08:55 831.74   13.7   36.1   1703    3.5    313    7.3    29.2  -1.0   0.81   4.23 2518.9     0.00   0.00    0.0  0.004  0.004  0.008  0.005  0.002  0.007
00:08:56 831.61   13.6   36.2   1705    3.5    320    7.3    29.2  -1.0   0.81   4.22 2519.9     0.00   0.00    0.0  0.004  0.004  0.008  0.005  0.002  0.007
00:08:57 831.60   13.6   36.1   1705    3.5    319    7.3    29.2  -1.1   0.81   4.21 2520.9     0.00   0.00    0.0  0.004  0.004  0.008  0.005  0.002  0.007
00:08:59 831.49   13.7   36.0   1706    3.5    316    7.3    29.2  -1.1   0.81   4.21 2522.9     0.00   0.00    0.0  0.004  0.004  0.008  0.005  0.002  0.007
00:09:00 831.50   13.7   36.1   1706    3.4    312    7.3    29.2  -1.1   0.81   4.21 2523.9     0.00   0.00    0.0  0.004  0.004  0.008  0.005  0.002  0.007
00:09:01 831.30   13.6   36.2   1708    3.4    316    7.3    29.2  -1.1   0.81   4.21 2524.9     0.00   0.00    0.0  0.004  0.004  0.008  0.005  0.002  0.007
00:09:02 831.42   13.7   36.1   1706    3.4    317    7.3    29.2  -1.1   0.81   4.21 2525.9     0.00   0.00    0.0  0.004  0.004  0.008  0.005  0.002  0.007
00:09:05 831.36   13.6   35.9   1707    3.6    321    7.3    29.2  -1.2   0.81   4.17 2528.9     0.00   0.00    0.0  0.004  0.004  0.008  0.005  0.002  0.007
00:09:07 831.07   13.6   35.8   1710    3.7    326    7.3    29.2  -1.2   0.81   4.16 2530.9     0.00   0.00    0.0  0.004  0.004  0.008  0.005  0.002  0.007
00:09:08 831.08   13.6   35.8   1710    3.7    329    7.3    29.2  -1.2   0.81   4.16 2531.9     0.00   0.00    0.0  0.004  0.004  0.008  0.005  0.002  0.007
00:09:09 831.06   13.6   35.8   1710    3.7    331    7.3    29.2  -1.2   0.81   4.16 2532.9     0.00   0.00    0.0  0.004  0.004  0.008  0.005  0.002  0.007
00:09:10 831.18   13.6   35.8   1709    3.6    329    7.3    29.2  -1.2   0.81   4.16 2533.9     0.00   0.00    0.0  0.004  0.004  0.008  0.005  0.002  0.007
00:09:14 830.99   13.6   35.9   1711    3.5    323    7.3    29.2  -1.2   0.81   4.17 2537.9     0.00   0.00    0.0  0.004  0.004  0.008  0.005  0.002  0.007
00:09:15 830.88   13.6   36.0   1712    3.5    323    7.3    29.2  -1.1   0.81   4.19 2538.9     0.00   0.00    0.0  0.004  0.004  0.008  0.005  0.002  0.007
00:09:16 830.92   13.6   36.0   1712    3.4    329    7.3    29.2  -1.2   0.81   4.18 2539.9     0.00   0.00    0.0  0.004  0.004  0.008  0.005  0.002  0.007
00:09:17 830.90   13.6   36.0   1712    3.4    323    7.3    29.2  -1.2   0.81   4.17 2540.9     0.00   0.00    0.0  0.004  0.004  0.008  0.005  0.002  0.007
00:09:19 830.78   13.6   36.0   1713    3.4    321    7.3    29.2  -1.1   0.81   4.19 2542.9     0.00   0.00    0.0  0.004  0.004  0.008  0.005  0.002  0.007
00:09:21 830.68   13.5   36.1   1714    3.7    303    7.3    29.1  -1.2   0.81   4.17 2544.9     0.00   0.00    0.0  0.004  0.004  0.008  0.005  0.002  0.007
00:09:22 830.76   13.6   36.0   1713    3.7    287    7.3    29.2  -1.2   0.81   4.18 2545.9     0.00   0.00    0.0  0.004  0.004  0.008  0.005  0.002  0.007
00:09:23 830.65   13.5   36.1   1714    3.8    307    7.3    29.1  -1.2   0.81   4.17 2546.9     0.00   0.00    0.0  0.004  0.004  0.008  0.005  0.002  0.007
00:09:25 830.72   13.6   36.1   1714    3.7    298    7.3    29.2  -1.2   0.81   4.19 2548.9     0.00   0.00    0.0  0.004  0.004  0.008  0.005  0.002  0.007
00:09:26 830.63   13.6   36.2   1714    3.6    297    7.3    29.2  -1.1   0.81   4.20 2549.9     0.00   0.00    0.0  0.004  0.004  0.008  0.005  0.002  0.007
00:09:27 830.83   13.6   36.0   1712    3.5    309    7.3    29.2  -1.2   0.81   4.17 2550.9     0.00   0.00    0.0  0.004  0.004  0.008  0.005  0.002  0.007
00:09:28 830.66   13.6   35.9   1714    3.5    308    7.3    29.2  -1.2   0.81   4.17 2551.9     0.00   0.00    0.0  0.004  0.004  0.008  0.005  0.002  0.007
00:09:30 830.67   13.5   36.0   1714    3.4    323    7.3    29.1  -1.2   0.81   4.17 2553.9     0.00   0.00    0.0  0.004  0.004  0.008  0.005  0.002  0.007
00:09:31 830.68   13.6   36.0   1714    3.5    330    7.3    29.2  -1.2   0.81   4.18 2554.9     0.00   0.00    0.0  0.004  0.004  0.008  0.005  0.002  0.007
00:09:33 830.65   13.6   36.1   1714    3.5    308    7.3    29.2  -1.2   0.81   4.17 2556.9     0.00   0.00    0.0  0.004  0.004  0.008  0.005  0.002  0.007
00:09:35 830.47   13.5   36.1   1716    3.5    315    7.3    29.2  -1.2   0.81   4.17 2558.9     0.00   0.00    0.0  0.004  0.004  0.008  0.005  0.002  0.007
00:09:36 830.49   13.5   36.0   1716    3.5    321    7.3    29.2  -1.2   0.81   4.17 2559.9     0.00   0.00    0.0  0.004  0.004  0.008  0.005  0.002  0.007
00:09:39 830.40   13.6   36.1   1717    3.6    324    7.3    29.2  -1.2   0.81   4.19 2562.9     0.00   0.00    0.0  0.004  0.004  0.008  0.005  0.002  0.007
00:09:40 830.41   13.6   36.0   1717    3.7    322    7.3    29.2  -1.2   0.81   4.18 2563.9     0.00   0.00    0.0  0.004  0.004  0.008  0.005  0.002  0.007
00:09:41 830.56   13.6   36.0   1715    3.8    319    7.3    29.2  -1.2   0.81   4.17 2564.9     0.00   0.00    0.0  0.004  0.004  0.008  0.005  0.002  0.007
00:09:42 830.39   13.6   36.0   1717    3.8    324    7.3    29.2  -1.2   0.81   4.17 2565.9     0.00   0.00    0.0  0.004  0.004  0.008  0.005  0.002  0.007
00:09:43 830.32   13.5   36.1   1718    3.9    324    7.3    29.2  -1.2   0.81   4.17 2566.9     0.00   0.00    0.0  0.004  0.004  0.008  0.005  0.002  0.007
00:09:45 830.42   13.6   36.1   1717    3.8    324    7.3    29.2  -1.2   0.81   4.18 2568.9     0.00   0.00    0.0  0.004  0.004  0.008  0.005  0.002  0.007
00:09:47 830.24   13.5   36.1   1718    3.7    327    7.3    29.2  -1.2   0.81   4.17 2570.9     0.00   0.00    0.0  0.004  0.004  0.008  0.005  0.002  0.007
00:09:48 830.24   13.6   36.0   1718    3.7    329    7.3    29.2  -1.2   0.81   4.17 2571.9     0.00   0.00    0.0  0.004  0.004  0.008  0.005  0.002  0.007
00:09:50 830.48   13.6   36.1   1716    3.8    338    7.3    29.2  -1.2   0.81   4.18 2573.9     0.00   0.00    0.0  0.004  0.004  0.008  0.005  0.002  0.007
00:09:51 830.13   13.5   36.1   1720    3.8    336    7.3    29.2  -1.2   0.81   4.18 2574.9     0.00   0.00    0.0  0.004  0.004  0.008  0.005  0.002  0.007
00:09:52 830.26   13.6   36.1   1718    4.0    333    7.3    29.2  -1.2   0.81   4.19 2575.9     0.00   0.00    0.0  0.004  0.004  0.008  0.005  0.002  0.007
00:09:53 830.33   13.6   36.1   1718    4.3    336    7.3    29.2  -1.1   0.81   4.19 2576.9     0.00   0.00    0.0  0.004  0.004  0.008  0.005  0.002  0.007
00:09:54 829.98   13.5   36.2   1721    4.3    338    7.3    29.2  -1.2   0.81   4.19 2577.9     0.00   0.00    0.0  0.004  0.004  0.008  0.005  0.002  0.007
00:09:55 830.32   13.5   36.1   1718    4.4    340    7.3    29.2  -1.2   0.81   4.18 2578.9     0.00   0.00    0.0  0.004  0.004  0.008  0.005  0.002  0.007
00:09:56 830.03   13.5   36.1   1721    4.6    335    7.3    29.2  -1.2   0.81   4.18 2579.9     0.00   0.00    0.0  0.004  0.004  0.008  0.005  0.002  0.007
00:09:57 830.40   13.6   36.2   1717    4.7    343    7.3    29.2  -1.1   0.81   4.20 2580.9     0.00   0.00    0.0  0.004  0.004  0.008  0.005  0.002  0.007
00:09:59 830.21   13.6   36.2   1719    5.0    335    7.3    29.2  -1.1   0.81   4.19 2582.9     0.00   0.00    0.0  0.004  0.004  0.008  0.005  0.002  0.007
00:10:00 830.37   13.5   36.2   1717    5.1    345    7.3    29.2  -1.1   0.81   4.19 2583.9     0.00   0.00    0.0  0.004  0.004  0.008  0.005  0.002  0.007
00:10:01 830.32   13.6   36.2   1718    5.2    335    7.3    29.2  -1.1   0.81   4.21 2584.9     0.00   0.00    0.0  0.004  0.004  0.008  0.005  0.002  0.007
00:10:02 830.49   13.6   36.1   1716    5.2    342    7.3    29.2  -1.1   0.81   4.19 2585.9     0.00   0.00    0.0  0.004  0.004  0.008  0.005  0.002  0.007
00:10:04 830.28   13.6   36.2   1718    5.4    340    7.3    29.2  -1.1   0.81   4.19 2587.9     0.00   0.00    0.0  0.004  0.004  0.008  0.005  0.002  0.007
00:10:05 830.42   13.5   36.2   1717    5.4    342    7.3    29.2  -1.1   0.81   4.19 2588.9     0.00   0.00    0.0  0.004  0.004  0.008  0.005  0.002  0.007
00:10:07 830.34   13.5   36.2   1717    5.4    334    7.3    29.2  -1.1   0.81   4.19 2590.9     0.00   0.00    0.0  0.004  0.004  0.008  0.005  0.002  0.007
00:10:08 830.72   13.5   36.3   1714    5.6    335    7.3    29.1  -1.1   0.81   4.19 2591.9     0.00   0.00    0.0  0.004  0.004  0.008  0.005  0.002  0.007
00:10:11 830.48   13.5   36.3   1716    5.3    336    7.3    29.2  -1.1   0.81   4.21 2594.9     0.00   0.00    0.0  0.004  0.004  0.008  0.005  0.002  0.007
00:10:12 830.62   13.6   36.3   1715    5.1    339    7.3    29.2  -1.1   0.81   4.21 2595.9     0.00   0.00    0.0  0.004  0.004  0.008  0.005  0.002  0.007
00:10:13 830.40   13.5   36.3   1717    4.8    339    7.3    29.2  -1.1   0.81   4.20 2596.9     0.00   0.00    0.0  0.004  0.004  0.008  0.005  0.002  0.007
00:10:14 830.66   13.5   36.3   1714    4.6    335    7.3    29.2  -1.1   0.81   4.20 2597.9     0.00   0.00    0.0  0.004  0.004  0.008  0.005  0.002  0.007
00:10:16 830.60   13.6   36.3   1715    4.4    343    7.3    29.2  -1.1   0.81   4.20 2599.9     0.00   0.00    0.0  0.004  0.004  0.008  0.005  0.002  0.007
00:10:17 830.81   13.5   36.3   1713    4.5    343    7.3    29.1  -1.1   0.81   4.20 2600.9     0.00   0.00    0.0  0.004  0.004  0.008  0.005  0.002  0.007
00:10:18 830.89   13.5   36.3   1712    4.4    339    7.3    29.1  -1.1   0.81   4.20 2601.9     0.00   0.00    0.0  0.004  0.004  0.008  0.005  0.002  0.007
00:10:19 830.98   13.6   36.3   1711    4.4    336    7.3    29.1  -1.1   0.81   4.21 2602.9     0.00   0.00    0.0  0.004  0.004  0.008  0.005  0.002  0.007
00:10:20 830.73   13.5   36.4   1713    4.4    338    7.3    29.1  -1.1   0.81   4.21 2603.9     0.00   0.00    0.0  0.004  0.004  0.008  0.005  0.002  0.007
00:10:21 830.80   13.5   36.4   1713    4.3    338    7.3    29.1  -1.1   0.81   4.20 2604.9     0.00   0.00    0.0  0.004  0.004  0.008  0.005  0.002  0.007
00:10:22 830.95   13.6   36.4   1711    4.2    334    7.3    29.1  -1.1   0.81   4.22 2605.9     0.00   0.00    0.0  0.004  0.004  0.008  0.005  0.002  0.007
00:10:23 830.84   13.6   36.3   1712    4.2    336    7.3    29.2  -1.1   0.81   4.22 2606.9     0.00   0.00    0.0  0.004  0.004  0.008  0.005  0.002  0.007
00:10:25 830.87   13.6   36.3   1712    4.0    332    7.3    29.2  -1.0   0.81   4.22 2608.9     0.00   0.00    0.0  0.004  0.004  0.008  0.005  0.002  0.007
00:10:26 831.04   13.6   36.3   1710    4.0    340    7.3    29.2  -1.1   0.81   4.22 2609.9     0.00   0.00    0.0  0.004  0.004  0.008  0.005  0.002  0.007
00:10:27 831.14   13.6   36.2   1709    3.9    337    7.3    29.1  -1.1   0.81   4.21 2610.9     0.00   0.00    0.0  0.004  0.004  0.008  0.005  0.002  0.007
00:10:28 831.02   13.6   36.2   1710    4.0    332    7.3    29.2  -1.1   0.81   4.20 2611.9     0.00   0.00    0.0  0.004  0.004  0.008  0.005  0.002  0.007
00:10:32 831.27   13.6   36.2   1708    4.5    332    7.3    29.2  -1.1   0.81   4.22 2615.9     0.00   0.00    0.0  0.004  0.004  0.008  0.005  0.002  0.007
00:10:33 831.36   13.6   36.1   1707    4.6    334    7.3    29.1  -1.1   0.81   4.20 2616.8     0.00   0.00    0.0  0.004  0.004  0.008  0.005  0.002  0.007
00:10:34 831.06   13.6   36.1   1710    4.4    329    7.3    29.2  -1.1   0.81   4.20 2617.8     0.00   0.00    0.0  0.004  0.004  0.008  0.005  0.002  0.007
00:10:35 831.18   13.6   36.2   1709    4.3    327    7.3    29.2  -1.1   0.81   4.21 2618.9     0.00   0.00    0.0  0.004  0.004  0.008  0.005  0.002  0.007
00:10:36 831.19   13.6   36.2   1709    4.2    327    7.3    29.2  -1.1   0.81   4.20 2619.8     0.00   0.00    0.0  0.004  0.004  0.008  0.005  0.002  0.007
00:10:37 831.35   13.6   36.1   1707    4.1    329    7.3    29.2  -1.1   0.81   4.21 2620.8     0.00   0.00    0.0  0.004  0.004  0.008  0.005  0.002  0.007
00:10:38 831.48   13.6   36.1   1706    4.1    330    7.3    29.1  -1.1   0.81   4.20 2621.8     0.00   0.00    0.0  0.004  0.004  0.008  0.005  0.002  0.007
00:10:40 831.56   13.6   36.2   1705    4.1    333    7.3    29.1  -1.1   0.81   4.19 2623.8     0.00   0.00    0.0  0.004  0.004  0.008  0.005  0.002  0.007
00:10:41 831.39   13.6   36.1   1707    4.2    337    7.3    29.1  -1.1   0.81   4.19 2624.8     0.00   0.00    0.0  0.004  0.004  0.008  0.005  0.002  0.007
00:10:42 831.53   13.6   36.1   1705    4.2    338    7.3    29.2  -1.1   0.81   4.20 2625.8     0.00   0.00    0.0  0.004  0.004  0.008  0.005  0.002  0.007
00:10:43 831.46   13.6   36.2   1706    4.2    338    7.3    29.1  -1.1   0.81   4.20 2626.8     0.00   0.00    0.0  0.004  0.004  0.008  0.005  0.002  0.007
00:10:44 831.31   13.6   36.2   1708    4.2    340    7.3    29.1  -1.1   0.81   4.19 2627.8     0.00   0.00    0.0  0.004  0.004  0.008  0.005  0.002  0.007
00:10:45 831.56   13.6   36.1   1705    4.2    341    7.3    29.1  -1.1   0.81   4.20 2628.8     0.00   0.00    0.0  0.004  0.004  0.008  0.005  0.002  0.007
00:10:46 831.41   13.7   36.1   1707    4.2    339    7.3    29.2  -1.0   0.81   4.22 2629.8     0.00   0.00    0.0  0.004  0.004  0.008  0.005  0.002  0.007
00:10:47 831.54   13.7   36.1   1705    4.0    342    7.3    29.2  -1.1   0.81   4.21 2630.8     0.00   0.00    0.0  0.004  0.004  0.008  0.005  0.002  0.007
00:10:49 831.61   13.6   36.1   1705    4.0    340    7.3    29.1  -1.1   0.81   4.20 2632.8     0.00   0.00    0.0  0.004  0.004  0.008  0.005  0.002  0.007
00:10:50 831.67   13.7   36.1   1704    4.0    341    7.3    29.2  -1.1   0.81   4.21 2633.8     0.00   0.00    0.0  0.004  0.004  0.008  0.005  0.002  0.007
00:10:52 832.11   13.7   36.0   1700    3.9    346    7.2    29.2  -1.1   0.81   4.21 2635.8     0.00   0.00    0.0  0.004  0.004  0.008  0.005  0.002  0.007
00:10:53 831.68   13.7   36.0   1704    3.9    342    7.2    29.2  -1.1   0.81   4.20 2636.8     0.00   0.00    0.0  0.004  0.004  0.008  0.005  0.002  0.007
00:10:54 831.86   13.7   36.0   1702    4.0    342    7.2    29.2  -1.1   0.81   4.21 2637.8     0.00   0.00    0.0  0.004  0.004  0.008  0.005  0.002  0.007
00:10:55 832.05   13.7   36.0   1700    4.1    343    7.2    29.2  -1.1   0.81   4.20 2638.8     0.00   0.00    0.0  0.004  0.004  0.008  0.005  0.002  0.007
00:10:56 831.95   13.7   36.0   1701    4.2    343    7.3    29.2  -1.1   0.81   4.20 2639.8     0.00   0.00    0.0  0.004  0.004  0.008  0.005  0.002  0.007
00:10:57 832.02   13.7   36.0   1700    4.6    349    7.3    29.2  -1.1   0.81   4.21 2640.8     0.00   0.00    0.0  0.004  0.004  0.008  0.005  0.002  0.007
00:10:58 832.03   13.7   36.0   1700    4.6    347    7.2    29.2  -1.0   0.81   4.22 2641.8     0.00   0.00    0.0  0.004  0.004  0.008  0.005  0.002  0.007
00:11:00 832.23   13.7   36.0   1698    4.8    349    7.2    29.2  -1.1   0.81   4.21 2643.8     0.00   0.00    0.0  0.004  0.004  0.008  0.005  0.002  0.007
00:11:02 832.18   13.7   36.0   1699    4.8    346    7.2    29.2  -1.1   0.81   4.21 2645.8     0.00   0.00    0.0  0.004  0.004  0.008  0.005  0.002  0.007
00:11:04 832.30   13.7   35.9   1698    4.6    344    7.2    29.2  -1.1   0.81   4.20 2647.8     0.00   0.00    0.0  0.004  0.004  0.008  0.005  0.002  0.007
00:11:05 832.48   13.7   35.9   1696    4.6    342    7.2    29.2  -1.1   0.81   4.21 2648.8     0.00   0.00    0.0  0.004  0.004  0.008  0.005  0.002  0.007
00:11:06 832.40   13.7   35.9   1697    4.6    346    7.2    29.2  -1.1   0.81   4.20 2649.8     0.00   0.00    0.0  0.004  0.004  0.008  0.005  0.002  0.007
00:11:07 832.32   13.7   35.9   1697    4.6    347    7.2    29.2  -1.1   0.81   4.21 2650.8     0.00   0.00    0.0  0.004  0.004  0.008  0.005  0.002  0.007
00:11:09 832.46   13.8   35.9   1696    4.5    344    7.2    29.2  -1.1   0.81   4.20 2652.8     0.00   0.00    0.0  0.004  0.004  0.008  0.005  0.002  0.007
00:11:10 832.51   13.7   35.8   1695    4.5    345    7.2    29.2  -1.1   0.81   4.19 2653.8     0.00   0.00    0.0  0.004  0.004  0.008  0.005  0.002  0.007
00:11:12 832.85   13.8   35.8   1692    4.4    344    7.2    29.2  -1.1   0.81   4.20 2655.8     0.00   0.00    0.0  0.004  0.004  0.008  0.005  0.002  0.007
00:11:16 832.73   13.8   35.9   1693    4.6    346    7.2    29.2  -1.0   0.81   4.22 2659.8     0.00   0.00    0.0  0.004  0.004  0.008  0.005  0.002  0.007
00:11:17 832.94   13.8   35.8   1691    4.6    340    7.2    29.2  -1.1   0.81   4.20 2660.8     0.00   0.00    0.0  0.004  0.004  0.008  0.005  0.002  0.007
00:11:18 832.98   13.8   35.9   1691    4.4    340    7.2    29.2  -1.1   0.81   4.21 2661.8     0.00   0.00    0.0  0.004  0.004  0.008  0.005  0.002  0.007
00:11:25 833.29   13.8   35.7   1688    3.5    338    7.2    29.2  -1.1   0.81   4.20 2668.8     0.00   0.00    0.0  0.004  0.004  0.008  0.005  0.002  0.007
00:11:27 833.52   13.9   35.7   1685    3.2    338    7.2    29.2  -1.1   0.81   4.20 2670.8     0.00   0.00    0.0  0.004  0.004  0.008  0.005  0.002  0.007
00:11:28 833.44   13.9   35.7   1686    3.1    333    7.2    29.2  -1.0   0.81   4.21 2671.8     0.00   0.00    0.0  0.004  0.004  0.008  0.005  0.002  0.007
00:11:31 833.86   13.9   35.7   1682    3.0    332    7.2    29.2  -1.0   0.81   4.21 2674.8     0.00   0.00    0.0  0.004  0.004  0.008  0.005  0.002  0.007
00:11:32 833.81   13.9   35.7   1682    3.0    325    7.2    29.2  -1.0   0.81   4.21 2675.8     0.00   0.00    0.0  0.004  0.004  0.008  0.005  0.002  0.007
00:11:36 834.19   13.9   35.5   1678    3.0    346    7.2    29.2  -1.1   0.81   4.19 2679.8     0.00   0.00    0.0  0.004  0.004  0.008  0.005  0.002  0.007
00:11:37 834.43   13.9   35.5   1676    3.0    341    7.2    29.2  -1.1   0.81   4.20 2680.8     0.00   0.00    0.0  0.004  0.004  0.008  0.005  0.002  0.007
00:11:38 834.20   13.9   35.6   1678    3.0    340    7.2    29.2  -1.0   0.81   4.21 2681.8     0.00   0.00    0.0  0.004  0.004  0.008  0.005  0.002  0.007
00:11:39 834.53   13.9   35.6   1675    3.2    340    7.2    29.2  -1.0   0.81   4.21 2682.8     0.00   0.00    0.0  0.004  0.004  0.008  0.005  0.002  0.007
00:11:40 834.53   14.0   35.6   1675    3.3    339    7.2    29.2  -1.0   0.81   4.22 2683.8     0.00   0.00    0.0  0.004  0.004  0.008  0.005  0.002  0.007
00:11:41 834.62   14.0   35.5   1674    3.4    338    7.2    29.2  -1.0   0.81   4.21 2684.8     0.00   0.00    0.0  0.004  0.004  0.008  0.005  0.002  0.007
00:11:42 834.70   14.0   35.5   1673    3.4    341    7.2    29.2  -1.0   0.81   4.21 2685.8     0.00   0.00    0.0  0.004  0.004  0.008  0.005  0.002  0.007
00:11:43 834.74   14.0   35.6   1673    3.6    336    7.2    29.2  -1.0   0.81   4.21 2686.8     0.00   0.00    0.0  0.004  0.004  0.008  0.005  0.002  0.007
00:11:45 834.69   14.0   35.6   1673    3.9    330    7.2    29.2  -1.0   0.81   4.22 2688.8     0.00   0.00    0.0  0.004  0.004  0.008  0.005  0.002  0.007
00:11:48 834.77   14.0   35.6   1673    4.2    333    7.2    29.2  -1.0   0.81   4.23 2691.8     0.00   0.00    0.0  0.004  0.004  0.008  0.005  0.002  0.007
00:11:49 834.87   14.0   35.6   1672    4.2    335    7.2    29.1  -1.0   0.81   4.21 2692.8     0.00   0.00    0.0  0.004  0.004  0.008  0.005  0.002  0.007
00:11:52 835.16   14.0   35.5   1669    4.2    340    7.2    29.2  -1.0   0.81   4.22 2695.8     0.00   0.00    0.0  0.004  0.004  0.008  0.005  0.002  0.007
00:11:53 835.21   14.0   35.5   1668    4.2    337    7.2    29.2  -1.0   0.81   4.23 2696.8     0.00   0.00    0.0  0.004  0.004  0.008  0.005  0.002  0.007
00:11:54 835.24   14.0   35.5   1668    4.3    338    7.2    29.2  -1.0   0.81   4.22 2697.8     0.00   0.00    0.0  0.004  0.004  0.008  0.005  0.002  0.007
00:11:57 835.43   14.0   35.4   1666    4.4    339    7.2    29.2  -1.0   0.81   4.21 2700.8     0.00   0.00    0.0  0.004  0.004  0.008  0.005  0.002  0.007
00:11:58 835.59   14.1   35.4   1664    4.4    337    7.2    29.2  -1.0   0.81   4.23 2701.8     0.00   0.00    0.0  0.004  0.004  0.008  0.005  0.002  0.007
00:11:59 835.79   14.1   35.4   1662    4.4    336    7.2    29.2  -1.0   0.81   4.21 2702.8     0.00   0.00    0.0  0.004  0.004  0.008  0.005  0.002  0.007
00:12:00 835.34   14.1   35.4   1667    4.4    336    7.2    29.2  -1.0   0.81   4.23 2703.8     0.00   0.00    0.0  0.004  0.004  0.008  0.005  0.002  0.007
00:12:01 835.61   14.1   35.4   1664    4.4    335    7.2    29.2  -1.0   0.81   4.22 2704.8     0.00   0.00    0.0  0.004  0.004  0.008  0.005  0.002  0.007
00:12:02 835.73   14.1   35.3   1663    4.4    333    7.2    29.2  -1.0   0.81   4.22 2705.8     0.00   0.00    0.0  0.004  0.004  0.008  0.005  0.002  0.007
00:12:03 835.81   14.1   35.3   1662    4.2    332    7.2    29.2  -1.0   0.81   4.21 2706.8     0.00   0.00    0.0  0.004  0.004  0.008  0.005  0.002  0.007
00:12:04 835.71   14.1   35.3   1663    4.2    331    7.2    29.2  -1.0   0.81   4.22 2707.8     0.00   0.00    0.0  0.004  0.004  0.008  0.005  0.002  0.007
00:12:05 835.84   14.1   35.3   1662    4.2    338    7.2    29.2  -1.0   0.81   4.22 2708.8     0.00   0.00    0.0  0.004  0.004  0.008  0.005  0.002  0.007
00:12:06 835.86   14.1   35.2   1662    4.1    338    7.2    29.2  -1.0   0.81   4.21 2709.8     0.00   0.00    0.0  0.004  0.004  0.008  0.005  0.002  0.007
00:12:07 835.72   14.1   35.3   1663    4.0    334    7.2    29.2  -1.0   0.81   4.22 2710.8     0.00   0.00    0.0  0.004  0.004  0.008  0.005  0.002  0.007
00:12:11 835.95   14.1   35.3   1661    3.8    325    7.2    29.2  -1.0   0.81   4.23 2714.8     0.00   0.00    0.0  0.004  0.004  0.008  0.005  0.002  0.007
00:12:12 836.18   14.2   35.3   1658    3.8    324    7.2    29.2  -0.9   0.81   4.24 2715.8     0.00   0.00    0.0  0.004  0.004  0.008  0.005  0.002  0.007
00:12:13 836.25   14.1   35.2   1658    3.8    328    7.2    29.2  -1.0   0.81   4.22 2716.8     0.00   0.00    0.0  0.004  0.004  0.008  0.005  0.002  0.007
00:12:15 836.32   14.2   35.2   1657    3.7    343    7.2    29.2  -1.0   0.81   4.22 2718.7     0.00   0.00    0.0  0.004  0.004  0.008  0.005  0.002  0.007
00:12:16 836.46   14.1   35.2   1656    3.6    325    7.2    29.2  -1.0   0.81   4.21 2719.7     0.00   0.00    0.0  0.004  0.004  0.008  0.005  0.002  0.007
00:12:18 836.52   14.2   35.1   1655    3.4    326    7.2    29.3  -1.0   0.81   4.22 2721.7     0.00   0.00    0.0  0.004  0.004  0.008  0.005  0.002  0.007
00:12:20 836.77   14.2   34.9   1652    3.5    330    7.2    29.3  -1.0   0.81   4.20 2723.7     0.00   0.00    0.0  0.004  0.004  0.008  0.005  0.002  0.007
00:12:21 836.78   14.2   34.7   1652    3.5    330    7.2    29.3  -1.1   0.81   4.17 2724.7     0.00   0.00    0.0  0.004  0.004  0.008  0.005  0.002  0.007
00:12:24 836.90   14.3   34.2   1651    3.6    333    7.2    29.3  -1.2   0.81   4.14 2727.7     0.00   0.00    0.0  0.004  0.004  0.008  0.005  0.002  0.007
00:12:25 837.03   14.3   34.1   1650    3.6    333    7.2    29.3  -1.2   0.80   4.13 2728.7     0.00   0.00    0.0  0.004  0.004  0.008  0.005  0.002  0.007
00:12:26 836.83   14.4   34.0   1652    3.7    336    7.2    29.4  -1.3   0.80   4.12 2729.7     0.00   0.00    0.0  0.004  0.004  0.008  0.005  0.002  0.007
00:12:27 836.99   14.4   33.9   1650    3.6    334    7.2    29.4  -1.3   0.80   4.10 2730.7     0.00   0.00    0.0  0.004  0.004  0.008  0.005  0.002  0.007
00:12:28 837.09   14.4   33.8   1649    3.6    343    7.2    29.3  -1.4   0.80   4.08 2731.7     0.00   0.00    0.0  0.004  0.004  0.008  0.005  0.002  0.007
00:12:32 837.57   14.5   33.2   1644    3.6    335    7.2    29.5  -1.5   0.80   4.05 2735.7     0.00   0.00    0.0  0.004  0.004  0.008  0.005  0.002  0.007
00:12:33 837.54   14.5   33.0   1645    3.4    334    7.2    29.4  -1.6   0.80   4.01 2736.7     0.00   0.00    0.0  0.004  0.004  0.008  0.005  0.002  0.007
00:12:34 837.49   14.5   32.9   1645    3.4    338    7.2    29.5  -1.6   0.80   4.00 2737.7     0.00   0.00    0.0  0.004  0.004  0.008  0.005  0.002  0.007
00:12:35 837.64   14.5   32.8   1644    3.5    340    7.2    29.4  -1.6   0.80   3.98 2738.7     0.00   0.00    0.0  0.004  0.005  0.008  0.005  0.002  0.007
00:12:36 837.52   14.5   32.7   1645    3.5    338    7.2    29.5  -1.7   0.80   3.98 2739.7     0.00   0.00    0.0  0.004  0.004  0.008  0.005  0.002  0.007
00:12:38 837.66   14.5   32.5   1643    3.2    335    7.2    29.4  -1.8   0.80   3.93 2741.7     0.00   0.00    0.0  0.004  0.004  0.008  0.005  0.002  0.007
00:12:40 837.68   14.5   32.4   1643    3.3    338    7.2    29.5  -1.8   0.80   3.95 2743.7     0.00   0.00    0.0  0.004  0.004  0.008  0.005  0.002  0.007
00:12:42 837.95   14.5   32.4   1641    3.3    336    7.2    29.5  -1.8   0.80   3.94 2745.7     0.00   0.00    0.0  0.004  0.004  0.008  0.005  0.002  0.007
00:12:43 838.10   14.5   32.3   1639    3.5    336    7.2    29.4  -1.8   0.80   3.93 2746.7     0.00   0.00    0.0  0.004  0.004  0.008  0.005  0.002  0.007
00:12:46 838.04   14.6   32.2   1640    3.6    339    7.2    29.5  -1.8   0.80   3.92 2749.7     0.00   0.00    0.0  0.004  0.004  0.008  0.005  0.002  0.007
00:12:48 838.31   14.6   32.2   1637    3.8    337    7.2    29.4  -1.8   0.80   3.92 2751.7     0.00   0.00    0.0  0.004  0.005  0.008  0.005  0.002  0.007
00:12:50 838.26   14.6   32.3   1637    3.9    329    7.2    29.5  -1.8   0.80   3.94 2753.7     0.00   0.00    0.0  0.004  0.004  0.008  0.005  0.002  0.007
00:12:51 838.21   14.6   32.3   1638    3.9    336    7.2    29.4  -1.8   0.80   3.93 2754.7     0.00   0.00    0.0  0.004  0.004  0.008  0.005  0.002  0.007
00:12:52 838.37   14.6   32.4   1636    4.0    339    7.2    29.5  -1.7   0.80   3.96 2755.7     0.00   0.00    0.0  0.004  0.005  0.008  0.006  0.002  0.007
00:12:55 838.57   14.6   32.2   1634    3.6    333    7.2    29.4  -1.8   0.80   3.93 2758.7     0.00   0.00    0.0  0.004  0.005  0.008  0.006  0.002  0.007
00:12:57 838.62   14.5   32.3   1634    3.8    349    7.2    29.4  -1.8   0.80   3.93 2760.7     0.00   0.00    0.0  0.004  0.005  0.008  0.005  0.002  0.007
00:12:58 838.65   14.6   32.4   1634    3.6    350    7.2    29.4  -1.7   0.80   3.95 2761.7     0.00   0.00    0.0  0.004  0.004  0.008  0.005  0.002  0.007
00:12:59 838.65   14.6   32.3   1633    3.5    349    7.2    29.5  -1.7   0.80   3.95 2762.7     0.00   0.00    0.0  0.004  0.005  0.008  0.006  0.002  0.007
00:13:02 838.74   14.6   32.3   1633    4.1    350    7.2    29.4  -1.8   0.80   3.93 2765.7     0.00   0.00    0.0  0.004  0.005  0.008  0.005  0.002  0.007
00:13:03 838.98   14.6   32.2   1630    4.5    343    7.2    29.4  -1.8   0.80   3.94 2766.7     0.00   0.00    0.0  0.004  0.005  0.008  0.006  0.003  0.007
00:13:04 838.69   14.5   32.4   1633    5.0    350    7.2    29.4  -1.8   0.80   3.93 2767.7     0.00   0.00    0.0  0.004  0.005  0.008  0.006  0.002  0.007
00:13:05 838.89   14.6   32.4   1631    5.2    350    7.2    29.4  -1.7   0.80   3.96 2768.7     0.00   0.00    0.0  0.004  0.005  0.008  0.005  0.002  0.007
00:13:06 838.87   14.6   32.4   1631    5.2    355    7.2    29.4  -1.7   0.80   3.95 2769.7     0.00   0.00    0.0  0.004  0.005  0.008  0.005  0.002  0.007
00:13:08 839.09   14.6   32.5   1629    5.2    349    7.2    29.4  -1.7   0.80   3.96 2771.7     0.00   0.00    0.0  0.004  0.004  0.008  0.006  0.002  0.007
00:13:09 838.93   14.6   32.5   1631    5.1    347    7.2    29.4  -1.7   0.80   3.98 2772.7     0.00   0.00    0.0  0.004  0.005  0.008  0.005  0.003  0.007
00:13:10 838.91   14.7   32.5   1631    5.1    348    7.2    29.5  -1.6   0.80   3.99 2773.7     0.00   0.00    0.0  0.004  0.005  0.008  0.006  0.003  0.007
00:13:12 839.15   14.6   32.5   1628    5.0    346    7.2    29.4  -1.6   0.80   3.98 2775.7     0.00   0.00    0.0  0.004  0.005  0.008  0.006  0.002  0.007
00:13:13 839.02   14.7   32.5   1630    4.8    349    7.2    29.5  -1.6   0.80   3.99 2776.7     0.00   0.00    0.0  0.004  0.005  0.008  0.006  0.003  0.007
00:13:14 838.93   14.6   32.5   1631    4.8    348    7.2    29.4  -1.6   0.80   3.98 2777.7     0.00   0.00    0.0  0.004  0.005  0.008  0.006  0.002  0.007
00:13:15 839.01   14.6   32.5   1630    4.5    349    7.2    29.4  -1.7   0.80   3.97 2778.7     0.00   0.00    0.0  0.004  0.005  0.008  0.005  0.002  0.007
00:13:16 839.26   14.7   32.4   1627    4.1    348    7.2    29.5  -1.6   0.80   3.98 2779.7     0.00   0.00    0.0  0.004  0.005  0.008  0.006  0.003  0.007
00:13:17 839.07   14.7   32.4   1629    4.1    342    7.2    29.5  -1.6   0.80   3.98 2780.7     0.00   0.00    0.0  0.004  0.005  0.008  0.006  0.003  0.007
00:13:18 839.07   14.7   32.4   1629    4.0    344    7.2    29.5  -1.6   0.80   3.98 2781.7     0.00   0.00    0.0  0.004  0.005  0.008  0.006  0.003  0.007
00:13:19 839.16   14.7   32.3   1628    3.9    338    7.2    29.5  -1.7   0.80   3.96 2782.7     0.00   0.00    0.0  0.004  0.005  0.008  0.006  0.003  0.007
00:13:22 839.46   14.7   32.2   1625    3.5    347    7.2    29.5  -1.7   0.80   3.95 2785.7     0.00   0.00    0.0  0.004  0.005  0.008  0.006  0.002  0.007
00:13:24 839.58   14.7   32.2   1624    3.9    345    7.2    29.5  -1.7   0.80   3.96 2787.7     0.00   0.00    0.0  0.004  0.005  0.008  0.006  0.003  0.007
00:13:25 839.66   14.7   32.2   1623    3.8    338    7.2    29.4  -1.7   0.80   3.95 2788.7     0.00   0.00    0.0  0.004  0.005  0.008  0.006  0.003  0.007
00:13:26 839.64   14.7   32.2   1624    3.8    339    7.2    29.4  -1.7   0.80   3.96 2789.7     0.00   0.00    0.0  0.004  0.005  0.008  0.006  0.003  0.007
00:13:27 839.73   14.7   32.2   1623    3.7    337    7.2    29.4  -1.7   0.80   3.95 2790.7     0.00   0.00    0.0  0.004  0.005  0.008  0.006  0.002  0.007
00:13:31 839.86   14.8   32.0   1621    3.3    341    7.2    29.5  -1.7   0.80   3.95 2794.7     0.00   0.00    0.0  0.004  0.005  0.008  0.006  0.003  0.007
00:13:32 840.04   14.8   32.0   1619    3.2    342    7.2    29.5  -1.7   0.80   3.94 2795.7     0.00   0.00    0.0  0.004  0.005  0.008  0.006  0.003  0.007
00:13:33 840.06   14.8   31.9   1619    3.2    336    7.2    29.5  -1.8   0.80   3.93 2796.7     0.00   0.00    0.0  0.004  0.005  0.008  0.006  0.003  0.007
00:13:35 840.20   14.7   31.9   1618    3.2    342    7.2    29.4  -1.8   0.80   3.92 2798.7     0.00   0.00    0.0  0.004  0.005  0.008  0.006  0.003  0.007
00:13:36 840.24   14.8   32.0   1618    3.0    325    7.2    29.5  -1.7   0.80   3.96 2799.7     0.00   0.00    0.0  0.004  0.005  0.008  0.006  0.003  0.007
00:13:37 840.19   14.8   32.1   1618    3.4    331    7.2    29.5  -1.7   0.80   3.97 2800.7     0.00   0.00    0.0  0.004  0.005  0.008  0.006  0.003  0.007
00:13:41 840.40   14.6   32.1   1616    3.1    331    7.2    29.3  -1.8   0.80   3.91 2804.7     0.00   0.00    0.0  0.004  0.005  0.008  0.006  0.003  0.007
00:13:43 840.71   14.7   32.0   1613    2.8    343    7.2    29.4  -1.8   0.80   3.93 2806.7     0.00   0.00    0.0  0.004  0.005  0.008  0.006  0.003  0.007
00:13:45 841.18   14.9   31.9   1608    2.8    344    7.2    29.5  -1.7   0.80   3.96 2808.7     0.00   0.00    0.0  0.004  0.005  0.008  0.006  0.003  0.007
00:13:46 841.17   14.9   31.8   1608    3.1    346    7.2    29.4  -1.8   0.80   3.93 2809.7     0.00   0.00    0.0  0.004  0.005  0.008  0.006  0.003  0.007
00:13:47 841.19   14.9   31.7   1608    3.2    345    7.2    29.5  -1.7   0.80   3.94 2810.7     0.00   0.00    0.0  0.004  0.005  0.008  0.006  0.003  0.007
00:13:48 841.36   14.8   31.7   1606    3.2    353    7.2    29.4  -1.8   0.80   3.91 2811.7     0.00   0.00    0.0  0.005  0.005  0.008  0.006  0.003  0.007
00:13:49 841.07   14.9   31.8   1609    3.3    350    7.2    29.5  -1.7   0.80   3.95 2812.7     0.00   0.00    0.0  0.004  0.005  0.008  0.006  0.003  0.007
00:13:51 841.49   15.0   31.7   1605    3.3    347    7.2    29.5  -1.7   0.80   3.95 2814.7     0.00   0.00    0.0  0.005  0.005  0.008  0.006  0.003  0.007
00:13:53 841.79   14.9   31.6   1602    3.4      0    7.2    29.4  -1.8   0.80   3.91 2816.7     0.00   0.00    0.0  0.004  0.005  0.008  0.006  0.003  0.007
00:13:55 841.83   15.0   31.6   1602    3.4    357    7.2    29.5  -1.7   0.80   3.94 2818.7     0.00   0.00    0.0  0.004  0.005  0.008  0.006  0.003  0.007
00:13:56 841.92   15.0   31.6   1601    3.6    355    7.2    29.5  -1.7   0.80   3.94 2819.6     0.00   0.00    0.0  0.004  0.005  0.008  0.006  0.003  0.007
00:13:57 841.74   15.0   31.7   1602    3.9    360    7.2    29.5  -1.7   0.80   3.94 2820.6     0.00   0.00    0.0  0.005  0.005  0.008  0.006  0.003  0.007
00:13:58 841.85   14.9   31.7   1601    4.0      2    7.2    29.5  -1.7   0.80   3.95 2821.6     0.00   0.00    0.0  0.004  0.005  0.008  0.006  0.003  0.007
00:13:59 841.98   15.0   31.8   1600    4.4    357    7.2    29.5  -1.6   0.80   3.97 2822.6     0.00   0.00    0.0  0.005  0.005  0.008  0.006  0.003  0.007
00:14:00 841.91   15.0   31.8   1601    4.8    354    7.2    29.5  -1.6   0.80   3.97 2823.6     0.00   0.00    0.0  0.004  0.005  0.008  0.006  0.003  0.007
00:14:03 842.12   15.0   31.9   1599    5.0    356    7.2    29.5  -1.6   0.80   3.97 2826.6     0.00   0.00    0.0  0.005  0.005  0.008  0.006  0.003  0.007
00:14:04 842.41   15.0   31.9   1596    4.9    358    7.2    29.5  -1.6   0.80   3.98 2827.6     0.00   0.00    0.0  0.004  0.005  0.008  0.006  0.003  0.007
00:14:05 842.14   15.0   31.9   1598    4.7    360    7.2    29.5  -1.6   0.80   3.98 2828.6     0.00   0.00    0.0  0.005  0.005  0.008  0.006  0.003  0.007
00:14:07 842.32   15.0   31.8   1597    4.4    357    7.2    29.4  -1.6   0.80   3.97 2830.6     0.00   0.00    0.0  0.004  0.005  0.008  0.006  0.003  0.007
00:14:08 842.49   15.0   31.9   1595    4.4    359    7.2    29.5  -1.5   0.80   4.00 2831.6     0.00   0.00    0.0  0.004  0.005  0.008  0.006  0.003  0.007
00:14:10 842.67   15.1   32.0   1593    4.8    359    7.2    29.6  -1.4   0.80   4.03 2833.6     0.00   0.00    0.0  0.004  0.005  0.008  0.006  0.003  0.007
00:14:11 842.61   15.1   32.1   1594    5.1    357    7.2    29.6  -1.4   0.80   4.04 2834.6     0.00   0.00    0.0  0.004  0.005  0.008  0.006  0.003  0.007
00:14:13 842.80   15.2   32.2   1592    6.0    360    7.2    29.6  -1.3   0.80   4.08 2836.6     0.00   0.00    0.0  0.004  0.005  0.008  0.006  0.003  0.007
00:14:14 842.50   15.1   32.2   1595    6.7    356    7.2    29.6  -1.3   0.80   4.06 2837.6     0.00   0.00    0.0  0.005  0.005  0.008  0.006  0.003  0.007
00:14:16 842.87   15.0   32.1   1591    8.1      1    7.2    29.5  -1.4   0.80   4.02 2839.6     0.00   0.00    0.0  0.005  0.005  0.008  0.006  0.003  0.007
00:14:18 843.05   15.0   32.2   1589    6.9      6    7.2    29.4  -1.5   0.80   4.02 2841.6     0.00   0.00    0.0  0.005  0.005  0.008  0.006  0.003  0.007
00:14:19 843.06   15.1   32.2   1589    6.5      4    7.2    29.5  -1.4   0.80   4.04 2842.6     0.00   0.00    0.0  0.005  0.005  0.008  0.006  0.003  0.007
00:14:22 843.36   15.0   32.3   1586    5.9    350    7.2    29.3  -1.5   0.80   4.02 2845.6     0.00   0.00    0.0  0.005  0.005  0.008  0.006  0.003  0.007
00:14:25 843.80   15.2   32.0   1582    3.7      0    7.2    29.5  -1.4   0.80   4.04 2848.6     0.00   0.00    0.0  0.004  0.005  0.008  0.006  0.003  0.007
00:14:26 843.78   15.2   32.0   1582    3.7      2    7.2    29.5  -1.4   0.80   4.04 2849.6     0.00   0.00    0.0  0.005  0.005  0.008  0.006  0.003  0.007
00:14:27 843.88   15.0   31.9   1581    3.3    353    7.2    29.3  -1.6   0.80   3.98 2850.6     0.00   0.00    0.0  0.005  0.005  0.008  0.006  0.003  0.007
00:14:28 843.77   15.0   31.9   1582    2.9    342    7.2    29.3  -1.6   0.80   3.96 2851.6     0.00   0.00    0.0  0.005  0.005  0.008  0.006  0.003  0.007
00:14:29 843.82   15.3   31.7   1582    2.7    347    7.2    29.7  -1.4   0.80   4.05 2852.6     0.00   0.00    0.0  0.005  0.005  0.008  0.006  0.003  0.007
00:14:33 844.64   15.3   31.5   1573    2.3      8    7.2    29.6  -1.5   0.80   4.01 2856.6     0.00   0.00    0.0  0.005  0.005  0.008  0.006  0.003  0.007
00:14:35 844.62   15.3   31.4   1574    2.8    359    7.2    29.6  -1.5   0.80   3.99 2858.6     0.00   0.00    0.0  0.005  0.005  0.008  0.006  0.003  0.007
00:14:36 844.82   15.3   31.3   1572    3.3    358    7.2    29.5  -1.6   0.80   3.97 2859.6     0.00   0.00    0.0  0.005  0.005  0.008  0.006  0.003  0.007
00:14:37 844.75   15.3   31.4   1572    3.9    358    7.2    29.5  -1.6   0.80   3.98 2860.6     0.00   0.00    0.0  0.005  0.005  0.008  0.006  0.003  0.007
00:14:38 844.82   15.3   31.5   1572    4.7    356    7.2    29.5  -1.5   0.80   3.99 2861.6     0.00   0.00    0.0  0.005  0.005  0.008  0.006  0.003  0.007
00:14:39 844.90   15.2   31.5   1571    5.3    359    7.2    29.5  -1.5   0.80   3.99 2862.6     0.00   0.00    0.0  0.005  0.005  0.008  0.006  0.003  0.007
00:14:41 844.92   15.2   31.7   1571    6.1      9    7.2    29.4  -1.5   0.80   3.99 2864.6     0.00   0.00    0.0  0.005  0.005  0.008  0.006  0.003  0.007
00:14:43 844.99   15.2   31.8   1570    6.0     12    7.2    29.5  -1.4   0.80   4.03 2866.6     0.00   0.00    0.0  0.005  0.005  0.008  0.006  0.003  0.007
00:14:45 845.28   15.3   31.7   1567    4.9     11    7.2    29.5  -1.4   0.80   4.02 2868.6     0.00   0.00    0.0  0.005  0.005  0.008  0.006  0.003  0.007
00:14:47 845.71   15.4   31.7   1563    4.4      8    7.2    29.6  -1.3   0.80   4.07 2870.6     0.00   0.00    0.0  0.005  0.005  0.008  0.006  0.003  0.007
00:14:49 845.72   15.3   31.5   1562    3.7    359    7.2    29.5  -1.5   0.80   4.01 2872.6     0.00   0.00    0.0  0.005  0.005  0.008  0.006  0.003  0.007
00:14:53 846.37   15.4   31.3   1556    3.3    356    7.2    29.5  -1.5   0.80   3.99 2876.6     0.00   0.00    0.0  0.005  0.005  0.008  0.006  0.003  0.007
00:14:54 846.38   15.5   31.3   1556    3.3    358    7.2    29.6  -1.4   0.80   4.02 2877.6     0.00   0.00    0.0  0.005  0.005  0.008  0.006  0.003  0.007
00:14:56 846.60   15.4   31.2   1554    3.5      1    7.2    29.5  -1.5   0.80   4.00 2879.6     0.00   0.00    0.0  0.005  0.005  0.008  0.006  0.003  0.007
00:14:57 846.66   15.5   31.2   1553    3.3    358    7.2    29.6  -1.4   0.80   4.01 2880.6     0.00   0.00    0.0  0.005  0.005  0.008  0.006  0.003  0.007
00:14:58 846.65   15.5   31.3   1553    3.3      4    7.2    29.6  -1.4   0.80   4.02 2881.6     0.00   0.00    0.0  0.005  0.005  0.008  0.006  0.003  0.007
00:14:59 846.77   15.4   31.3   1552    3.3     12    7.2    29.4  -1.5   0.80   3.99 2882.6     0.00   0.00    0.0  0.005  0.005  0.008  0.006  0.003  0.007
00:15:00 846.78   15.4   31.4   1552    3.0    351    7.2    29.5  -1.4   0.80   4.02 2883.6     0.00   0.00    0.0  0.005  0.005  0.008  0.006  0.003  0.007
00:15:04 847.22   15.7   31.5   1548    4.6    358    7.2    29.7  -1.2   0.80   4.10 2887.6     0.00   0.00    0.0  0.005  0.005  0.008  0.006  0.003  0.007
00:15:05 847.06   15.7   31.4   1549    5.0    353    7.2    29.7  -1.2   0.80   4.09 2888.6     0.00   0.00    0.0  0.005  0.005  0.008  0.006  0.003  0.007
00:15:07 847.36   15.5   31.3   1546    4.6     14    7.2    29.5  -1.4   0.80   4.03 2890.6     0.00   0.00    0.0  0.005  0.005  0.008  0.006  0.003  0.007
00:15:10 847.75   15.6   31.3   1542    4.7      8    7.2    29.5  -1.4   0.80   4.03 2893.6     0.00   0.00    0.0  0.005  0.005  0.008  0.006  0.003  0.007
00:15:11 847.64   15.6   31.4   1543    5.3      5    7.2    29.5  -1.3   0.80   4.05 2894.6     0.00   0.00    0.0  0.005  0.005  0.008  0.006  0.003  0.007
00:15:12 847.76   15.6   31.4   1542    5.8    352    7.2    29.6  -1.2   0.80   4.07 2895.6     0.00   0.00    0.0  0.005  0.005  0.008  0.006  0.003  0.007
00:15:13 847.80   15.5   31.2   1542    6.7      6    7.2    29.5  -1.4   0.80   4.02 2896.6     0.00   0.00    0.0  0.005  0.005  0.008  0.006  0.003  0.007
00:15:14 847.73   15.5   31.3   1542    6.7      4    7.2    29.5  -1.4   0.80   4.02 2897.6     0.00   0.00    0.0  0.005  0.005  0.008  0.006  0.003  0.007
00:15:16 847.85   15.5   31.3   1541    6.0      8    7.2    29.4  -1.4   0.80   4.01 2899.6     0.00   0.00    0.0  0.005  0.005  0.008  0.006  0.003  0.007
00:15:18 848.01   15.5   31.2   1540    4.5      5    7.2    29.5  -1.4   0.80   4.02 2901.6     0.00   0.00    0.0  0.005  0.005  0.008  0.006  0.003  0.007
00:15:22 848.64   15.7   30.9   1533    2.9    345    7.2    29.5  -1.4   0.80   4.01 2905.6     0.00   0.00    0.0  0.005  0.005  0.008  0.006  0.003  0.007
00:15:23 848.91   15.5   30.9   1531    2.6    358    7.2    29.3  -1.6   0.80   3.95 2906.6     0.00   0.00    0.0  0.005  0.005  0.008  0.006  0.003  0.007
00:15:24 848.68   15.6   30.9   1533    2.5      2    7.2    29.5  -1.5   0.80   3.98 2907.6     0.00   0.00    0.0  0.005  0.005  0.008  0.006  0.003  0.007
00:15:25 848.49   15.5   30.8   1535    2.3    355    7.2    29.4  -1.6   0.80   3.95 2908.6     0.00   0.00    0.0  0.005  0.005  0.008  0.006  0.003  0.007
00:15:27 849.14   15.6   30.7   1528    2.0    335    7.1    29.4  -1.6   0.80   3.95 2910.6     0.00   0.00    0.0  0.005  0.005  0.008  0.006  0.003  0.007
00:15:28 849.23   15.8   30.6   1527    1.9    333    7.1    29.6  -1.4   0.80   4.00 2911.6     0.00   0.00    0.0  0.005  0.005  0.008  0.006  0.003  0.007
00:15:29 849.29   15.8   30.4   1527    1.8    331    7.2    29.6  -1.5   0.80   3.97 2912.6     0.00   0.00    0.0  0.005  0.005  0.008  0.006  0.003  0.007
00:15:30 849.22   15.8   30.3   1528    1.8    333    7.2    29.6  -1.6   0.80   3.95 2913.6     0.00   0.00    0.0  0.005  0.005  0.008  0.006  0.003  0.007
00:15:32 849.43   15.7   30.0   1525    1.8    337    7.1    29.5  -1.8   0.80   3.89 2915.6     0.00   0.00    0.0  0.005  0.005  0.008  0.006  0.003  0.007
00:15:33 849.59   15.8   30.0   1524    1.9    332    7.1    29.6  -1.7   0.80   3.90 2916.6     0.00   0.00    0.0  0.005  0.005  0.008  0.006  0.003  0.007
00:15:34 849.74   15.8   29.9   1522    1.8    335    7.1    29.6  -1.7   0.80   3.89 2917.6     0.00   0.00    0.0  0.005  0.005  0.008  0.006  0.003  0.007
00:15:35 849.62   15.8   29.8   1524    1.9    343    7.1    29.6  -1.8   0.80   3.88 2918.6     0.00   0.00    0.0  0.005  0.005  0.008  0.006  0.003  0.007
00:15:36 849.75   15.8   29.7   1522    1.9    348    7.1    29.6  -1.9   0.79   3.86 2919.6     0.00   0.00    0.0  0.005  0.005  0.008  0.006  0.003  0.007
00:15:38 850.11   15.8   29.8   1519    2.0    346    7.1    29.6  -1.8   0.80   3.88 2921.5     0.00   0.00    0.0  0.005  0.005  0.008  0.006  0.003  0.007
00:15:40 850.01   15.8   29.7   1520    2.3    348    7.1    29.5  -1.9   0.79   3.86 2923.5     0.00   0.00    0.0  0.005  0.005  0.008  0.006  0.003  0.007
00:15:41 850.16   15.9   29.7   1518    2.3    348    7.1    29.6  -1.8   0.80   3.88 2924.5     0.00   0.00    0.0  0.005  0.005  0.008  0.006  0.003  0.007
00:15:45 850.48   15.8   29.5   1515    2.5    353    7.1    29.5  -1.9   0.79   3.84 2928.5     0.00   0.00    0.0  0.005  0.005  0.008  0.006  0.003  0.007
00:15:46 850.76   16.0   29.5   1512    2.5    352    7.1    29.6  -1.8   0.79   3.88 2929.5     0.00   0.00    0.0  0.005  0.005  0.008  0.006  0.003  0.007
00:15:47 850.84   15.9   29.6   1511    2.6    352    7.1    29.5  -1.9   0.79   3.85 2930.5     0.00   0.00    0.0  0.005  0.005  0.008  0.006  0.003  0.007
00:15:48 850.98   15.9   29.5   1510    2.6    349    7.1    29.6  -1.8   0.79   3.87 2931.5     0.00   0.00    0.0  0.005  0.005  0.008  0.006  0.003  0.007
00:15:49 851.21   15.9   29.5   1508    2.6    344    7.1    29.6  -1.8   0.79   3.87 2932.5     0.00   0.00    0.0  0.005  0.005  0.008  0.006  0.003  0.007
00:15:52 851.38   15.9   29.7   1506    2.8    348    7.1    29.5  -1.8   0.80   3.88 2935.5     0.00   0.00    0.0  0.005  0.005  0.008  0.006  0.003  0.007
00:15:53 851.50   15.9   29.7   1505    2.9    347    7.1    29.5  -1.8   0.80   3.88 2936.5     0.00   0.00    0.0  0.005  0.005  0.008  0.006  0.003  0.007
00:15:54 851.53   15.9   29.8   1505    2.9    354    7.1    29.5  -1.8   0.80   3.88 2937.5     0.00   0.00    0.0  0.005  0.005  0.008  0.006  0.003  0.007
00:15:55 851.45   16.0   29.8   1505    3.0    349    7.1    29.6  -1.6   0.80   3.92 2938.5     0.00   0.00    0.0  0.005  0.005  0.008  0.006  0.003  0.007
00:15:56 851.47   16.0   29.8   1505    3.1    354    7.1    29.5  -1.7   0.80   3.91 2939.5     0.00   0.00    0.0  0.005  0.005  0.008  0.006  0.003  0.007
00:16:01 852.27   16.0   29.8   1497    3.3    353    7.1    29.5  -1.6   0.80   3.92 2944.5     0.00   0.00    0.0  0.005  0.005  0.008  0.006  0.003  0.007
00:16:03 852.17   16.0   29.9   1498    3.3    352    7.1    29.5  -1.6   0.80   3.94 2946.5     0.00   0.00    0.0  0.005  0.005  0.008  0.006  0.003  0.007
00:16:05 852.51   16.0   29.9   1495    3.4    352    7.1    29.5  -1.6   0.80   3.94 2948.5     0.00   0.00    0.0  0.005  0.005  0.008  0.006  0.003  0.007
00:16:06 852.33   16.0   30.0   1497    3.3    348    7.1    29.5  -1.6   0.80   3.94 2949.5     0.00   0.00    0.0  0.005  0.005  0.008  0.006  0.003  0.007
00:16:07 852.70   16.0   30.0   1493    3.3    349    7.1    29.5  -1.5   0.80   3.95 2950.5     0.00   0.00    0.0  0.005  0.005  0.008  0.006  0.003  0.007
00:16:08 852.69   16.0   29.9   1493    3.5    350    7.1    29.4  -1.6   0.80   3.93 2951.5     0.00   0.00    0.0  0.005  0.005  0.008  0.006  0.003  0.007
00:16:09 852.81   16.0   29.9   1492    3.6    350    7.1    29.5  -1.6   0.80   3.93 2952.5     0.00   0.00    0.0  0.005  0.005  0.008  0.006  0.003  0.007
00:16:10 852.89   16.0   29.9   1491    3.7    350    7.1    29.4  -1.6   0.80   3.92 2953.5     0.00   0.00    0.0  0.005  0.005  0.008  0.006  0.003  0.007
00:16:11 852.98   16.0   29.9   1490    3.8    351    7.1    29.5  -1.6   0.80   3.93 2954.5     0.00   0.00    0.0  0.005  0.005  0.008  0.006  0.003  0.007
00:16:15 853.32   16.1   29.9   1487    3.6    351    7.1    29.5  -1.5   0.80   3.95 2958.5     0.00   0.00    0.0  0.005  0.005  0.008  0.006  0.003  0.007
00:16:16 853.41   16.1   29.9   1486    3.5    351    7.1    29.5  -1.5   0.80   3.97 2959.5     0.00   0.00    0.0  0.005  0.005  0.008  0.006  0.003  0.007
00:16:17 853.27   16.1   29.9   1487    3.6    350    7.1    29.6  -1.4   0.80   3.98 2960.5     0.00   0.00    0.0  0.005  0.005  0.008  0.006  0.003  0.007
00:16:18 853.43   16.1   29.9   1486    3.6    348    7.1    29.5  -1.5   0.80   3.94 2961.5     0.00   0.00    0.0  0.005  0.005  0.008  0.006  0.003  0.007
00:16:19 853.50   16.1   29.8   1485    3.5    351    7.1    29.5  -1.5   0.80   3.96 2962.5     0.00   0.00    0.0  0.005  0.005  0.008  0.006  0.003  0.007
00:16:20 853.60   16.1   29.9   1484    3.5    354    7.1    29.5  -1.5   0.80   3.95 2963.5     0.00   0.00    0.0  0.005  0.005  0.008  0.006  0.003  0.007
00:16:21 853.73   16.1   30.0   1483    3.5    355    7.1    29.5  -1.4   0.80   3.98 2964.5     0.00   0.00    0.0  0.005  0.005  0.008  0.006  0.003  0.007
00:16:23 853.99   16.2   29.8   1480    3.2    350    7.1    29.5  -1.5   0.80   3.97 2966.5     0.00   0.00    0.0  0.005  0.005  0.008  0.006  0.003  0.007
00:16:24 854.10   16.2   29.8   1479    3.2    351    7.1    29.5  -1.5   0.80   3.95 2967.5     0.00   0.00    0.0  0.005  0.005  0.008  0.006  0.003  0.007
00:16:25 854.05   16.2   29.7   1479    3.1    349    7.1    29.6  -1.5   0.80   3.96 2968.5     0.00   0.00    0.0  0.005  0.005  0.008  0.006  0.003  0.007
00:16:26 853.95   16.2   29.7   1480    3.2    352    7.1    29.5  -1.5   0.80   3.95 2969.5     0.00   0.00    0.0  0.005  0.005  0.008  0.006  0.003  0.007
00:16:27 854.19   16.1   29.7   1478    3.3    354    7.1    29.5  -1.6   0.80   3.94 2970.5     0.00   0.00    0.0  0.005  0.005  0.008  0.006  0.003  0.007
00:16:30 854.50   16.2   29.6   1475    3.4    354    7.1    29.5  -1.5   0.80   3.95 2973.5     0.00   0.00    0.0  0.005  0.005  0.008  0.006  0.003  0.007
00:16:31 854.37   16.2   29.7   1476    3.4    354    7.1    29.5  -1.5   0.80   3.95 2974.5     0.00   0.00    0.0  0.005  0.005  0.008  0.006  0.003  0.007
00:16:32 854.39   16.2   29.6   1476    3.5    357    7.1    29.5  -1.6   0.80   3.93 2975.5     0.00   0.00    0.0  0.005  0.005  0.008  0.006  0.003  0.007
00:16:33 854.61   16.3   29.6   1474    3.6    356    7.1    29.6  -1.5   0.80   3.96 2976.5     0.00   0.00    0.0  0.005  0.005  0.008  0.006  0.003  0.007
00:16:37 855.02   16.2   29.6   1470    3.5      1    7.1    29.5  -1.5   0.80   3.95 2980.5     0.00   0.00    0.0  0.005  0.006  0.008  0.006  0.003  0.007
00:16:38 855.13   16.3   29.6   1469    3.4      0    7.1    29.5  -1.5   0.80   3.96 2981.5     0.00   0.00    0.0  0.005  0.005  0.008  0.006  0.003  0.007
00:16:39 855.33   16.3   29.6   1467    3.3      3    7.1    29.5  -1.5   0.80   3.95 2982.5     0.00   0.00    0.0  0.005  0.005  0.008  0.006  0.003  0.007
00:16:40 855.20   16.3   29.6   1468    3.2    360    7.1    29.6  -1.4   0.80   3.97 2983.5     0.00   0.00    0.0  0.005  0.005  0.008  0.006  0.003  0.007
00:16:44 855.58   16.4   29.6   1464    3.3    358    7.1    29.6  -1.4   0.80   3.98 2987.5     0.00   0.00    0.0  0.005  0.005  0.008  0.006  0.003  0.007
00:16:45 855.47   16.3   29.7   1465    3.3    355    7.1    29.5  -1.5   0.80   3.96 2988.5     0.00   0.00    0.0  0.005  0.005  0.008  0.006  0.003  0.007
00:16:46 855.92   16.3   29.6   1461    3.4    358    7.1    29.5  -1.4   0.80   3.97 2989.5     0.00   0.00    0.0  0.005  0.005  0.008  0.006  0.003  0.007
00:16:48 855.83   16.4   29.8   1462    3.2    349    7.1    29.5  -1.3   0.80   4.01 2991.5     0.00   0.00    0.0  0.005  0.006  0.008  0.006  0.003  0.007
00:16:50 856.14   16.5   29.7   1459    3.3    344    7.1    29.6  -1.3   0.80   4.02 2993.5     0.00   0.00    0.0  0.005  0.006  0.008  0.006  0.003  0.007
00:16:51 856.06   16.2   29.6   1459    3.2      1    7.1    29.3  -1.6   0.80   3.93 2994.5     0.00   0.00    0.0  0.005  0.005  0.008  0.006  0.003  0.007
00:16:52 856.28   16.3   29.6   1457    3.3    353    7.1    29.5  -1.4   0.80   3.97 2995.5     0.00   0.00    0.0  0.005  0.006  0.008  0.006  0.003  0.007
00:16:53 856.27   16.4   29.7   1457    3.4    344    7.1    29.5  -1.3   0.80   4.01 2996.5     0.00   0.00    0.0  0.005  0.005  0.008  0.006  0.003  0.007
00:16:54 856.30   16.4   29.7   1457    3.5    355    7.1    29.5  -1.4   0.80   3.98 2997.5     0.00   0.00    0.0  0.005  0.006  0.008  0.006  0.003  0.007
00:16:55 856.62   16.4   29.6   1454    3.5    356    7.1    29.5  -1.4   0.80   3.99 2998.5     0.00   0.00    0.0  0.005  0.006  0.008  0.006  0.003  0.007
00:16:56 856.59   16.4   29.6   1454    3.3    348    7.1    29.5  -1.3   0.80   4.00 2999.5     0.00   0.00    0.0  0.005  0.006  0.008  0.006  0.003  0.007
00:16:57 856.57   16.4   29.6   1454    3.2    355    7.1    29.5  -1.3   0.80   3.99 3000.5     0.00   0.00    0.0  0.005  0.006  0.008  0.006  0.003  0.007
00:16:58 856.85   16.4   29.7   1452    3.2    347    7.1    29.5  -1.3   0.80   4.01 3001.5     0.00   0.00    0.0  0.005  0.005  0.008  0.006  0.003  0.007
00:16:59 856.78   16.4   29.7   1452    3.5    348    7.1    29.5  -1.3   0.80   4.01 3002.5     0.00   0.00    0.0  0.005  0.006  0.008  0.006  0.003  0.007
00:17:01 856.95   16.5   29.7   1451    3.3    343    7.1    29.5  -1.3   0.80   4.02 3004.5     0.00   0.00    0.0  0.005  0.006  0.008  0.006  0.003  0.007
00:17:02 857.09   16.5   29.7   1449    3.3    341    7.1    29.5  -1.2   0.80   4.03 3005.5     0.00   0.00    0.0  0.005  0.006  0.008  0.006  0.003  0.007
00:17:03 856.91   16.5   29.7   1451    3.3    335    7.1    29.6  -1.2   0.80   4.04 3006.5     0.00   0.00    0.0  0.005  0.006  0.008  0.006  0.003  0.007
00:17:04 857.34   16.5   29.6   1447    3.3    342    7.1    29.5  -1.3   0.80   4.01 3007.5     0.00   0.00    0.0  0.005  0.006  0.008  0.006  0.003  0.007
00:17:05 857.35   16.5   29.6   1447    3.1    338    7.1    29.5  -1.3   0.80   4.01 3008.5     0.00   0.00    0.0  0.005  0.006  0.008  0.006  0.003  0.007
00:17:06 857.44   16.5   29.6   1446    3.1    335    7.1    29.5  -1.3   0.80   4.01 3009.5     0.00   0.00    0.0  0.005  0.006  0.008  0.006  0.003  0.007
00:17:09 857.69   16.6   29.5   1443    2.8    346    7.1    29.6  -1.2   0.80   4.02 3012.5     0.00   0.00    0.0  0.005  0.006  0.008  0.006  0.003  0.007
00:17:10 857.86   16.6   29.5   1442    2.7    341    7.1    29.6  -1.2   0.80   4.02 3013.5     0.00   0.00    0.0  0.005  0.006  0.008  0.006  0.003  0.007
00:17:11 857.85   16.6   29.4   1442    2.6    344    7.1    29.6  -1.3   0.80   4.02 3014.5     0.00   0.00    0.0  0.005  0.006  0.008  0.006  0.003  0.007
00:17:12 858.01   16.7   29.4   1440    2.5    340    7.1    29.6  -1.2   0.80   4.04 3015.5     0.00   0.00    0.0  0.005  0.006  0.008  0.006  0.003  0.007
00:17:13 857.90   16.5   29.4   1441    2.4    357    7.1    29.4  -1.4   0.80   3.97 3016.5     0.00   0.00    0.0  0.005  0.006  0.008  0.006  0.003  0.007
00:17:14 858.09   16.6   29.4   1439    2.5    356    7.1    29.5  -1.3   0.80   4.01 3017.5     0.00   0.00    0.0  0.005  0.006  0.008  0.006  0.003  0.007
00:17:19 858.60   16.7   29.1   1434    2.4    358    7.1    29.6  -1.4   0.80   3.98 3022.4     0.00   0.00    0.0  0.005  0.006  0.008  0.006  0.003  0.007
00:17:21 858.58   16.6   29.1   1434    2.6    358    7.1    29.5  -1.4   0.80   3.96 3024.4     0.00   0.00    0.0  0.005  0.006  0.008  0.006  0.003  0.007
00:17:22 858.49   16.7   29.0   1435    2.6    359    7.1    29.6  -1.4   0.80   3.98 3025.4     0.00   0.00    0.0  0.005  0.006  0.008  0.006  0.003  0.008
00:17:23 858.68   16.7   28.9   1434    2.4    353    7.1    29.6  -1.4   0.80   3.96 3026.4     0.00   0.00    0.0  0.005  0.006  0.008  0.006  0.003  0.007
00:17:27 859.08   16.8   28.9   1430    2.9      4    7.1    29.6  -1.4   0.80   3.98 3030.4     0.00   0.00    0.0  0.005  0.006  0.008  0.006  0.003  0.007
00:17:29 859.25   16.7   28.8   1428    3.0      5    7.1    29.6  -1.4   0.80   3.95 3032.4     0.00   0.00    0.0  0.005  0.006  0.008  0.006  0.003  0.008
00:17:33 859.59   16.9   29.3   1424    3.8     12    7.1    29.7  -1.1   0.80   4.08 3036.4     0.00   0.00    0.0  0.005  0.006  0.009  0.006  0.003  0.007
00:17:34 859.50   17.0   29.3   1425    3.9      8    7.1    29.8  -1.0   0.80   4.09 3037.4     0.00   0.00    0.0  0.005  0.006  0.008  0.006  0.003  0.007
00:17:35 859.64   16.9   29.1   1424    3.8      5    7.1    29.7  -1.1   0.80   4.06 3038.4     0.00   0.00    0.0  0.005  0.006  0.008  0.006  0.003  0.008
00:17:37 859.84   17.0   29.2   1422    2.8    360    7.1    29.8  -1.1   0.80   4.07 3040.4     0.00   0.00    0.0  0.005  0.006  0.008  0.006  0.003  0.007
00:17:38 860.02   16.9   29.2   1420    2.8    354    7.1    29.7  -1.1   0.80   4.05 3041.4     0.00   0.00    0.0  0.005  0.006  0.008  0.006  0.003  0.008
00:17:39 859.84   16.9   29.2   1422    3.3    354    7.1    29.7  -1.2   0.80   4.04 3042.4     0.00   0.00    0.0  0.005  0.006  0.009  0.006  0.003  0.007
00:17:41 860.11   16.9   29.2   1419    4.4     10    7.1    29.7  -1.1   0.80   4.05 3044.4     0.00   0.00    0.0  0.005  0.006  0.008  0.006  0.003  0.008
00:17:44 860.62   17.2   29.4   1414    4.7     14    7.1    29.9  -0.8   0.81   4.16 3047.4     0.00   0.00    0.0  0.005  0.006  0.009  0.006  0.003  0.007
00:17:45 860.50   17.3   29.5   1416    4.6     18    7.1    30.1  -0.6   0.81   4.24 3048.4     0.00   0.00    0.0  0.005  0.006  0.008  0.006  0.003  0.008
00:17:46 860.91   17.4   29.5   1411    4.4     13    7.1    30.1  -0.5   0.81   4.25 3049.4     0.00   0.00    0.0  0.005  0.006  0.008  0.006  0.003  0.008
00:17:47 860.76   17.4   29.3   1413    3.9      9    7.1    30.1  -0.6   0.81   4.22 3050.4     0.00   0.00    0.0  0.005  0.006  0.008  0.006  0.003  0.007
00:17:49 861.20   17.4   29.1   1409    3.1      6    7.1    30.1  -0.8   0.81   4.17 3052.4     0.00   0.00    0.0  0.005  0.006  0.008  0.006  0.003  0.008
00:17:50 861.12   17.3   28.9   1409    2.9      3    7.1    29.9  -1.0   0.80   4.11 3053.4     0.00   0.00    0.0  0.005  0.006  0.008  0.006  0.003  0.007
00:17:51 861.30   17.2   28.9   1408    2.8      1    7.1    29.8  -1.0   0.80   4.09 3054.4     0.00   0.00    0.0  0.005  0.006  0.008  0.006  0.003  0.008
00:17:52 861.21   17.2   28.9   1408    2.7    358    7.1    29.8  -1.0   0.80   4.08 3055.4     0.00   0.00    0.0  0.005  0.006  0.009  0.006  0.003  0.008
00:17:53 861.34   17.2   28.7   1407    2.3      3    7.1    29.8  -1.1   0.80   4.04 3056.4     0.00   0.00    0.0  0.005  0.006  0.008  0.006  0.003  0.008
00:17:54 861.39   17.0   28.7   1407    2.3      2    7.1    29.7  -1.3   0.80   4.00 3057.4     0.00   0.00    0.0  0.005  0.006  0.009  0.006  0.003  0.007
00:17:55 861.57   17.2   28.5   1405    2.0    359    7.1    29.8  -1.2   0.80   4.03 3058.4     0.00   0.00    0.0  0.005  0.006  0.009  0.006  0.003  0.008
00:17:58 861.73   17.3   28.3   1403    1.5      7    7.1    29.9  -1.3   0.80   4.00 3061.4     0.00   0.00    0.0  0.005  0.006  0.009  0.006  0.003  0.008
00:17:59 861.92   17.2   28.2   1401    1.5      0    7.1    29.8  -1.3   0.80   3.97 3062.4     0.00   0.00    0.0  0.005  0.006  0.009  0.006  0.003  0.008
00:18:00 862.19   17.2   28.2   1399    1.4    357    7.1    29.8  -1.3   0.80   3.97 3063.4     0.00   0.00    0.0  0.005  0.006  0.009  0.006  0.003  0.008
00:18:01 862.05   17.2   28.0   1400    1.3    351    7.1    29.8  -1.4   0.80   3.95 3064.4     0.00   0.00    0.0  0.005  0.006  0.008  0.006  0.003  0.008
00:18:02 862.07   17.1   28.3   1400    1.2    339    7.1    29.7  -1.4   0.80   3.96 3065.4     0.00   0.00    0.0  0.005  0.006  0.009  0.006  0.003  0.008
00:18:03 862.36   17.3   28.2   1397    1.3    336    7.1    29.8  -1.3   0.80   4.00 3066.4     0.00   0.00    0.0  0.005  0.006  0.009  0.006  0.003  0.008
00:18:05 862.55   17.2   28.1   1395    2.1    348    7.1    29.7  -1.4   0.80   3.95 3068.4     0.00   0.00    0.0  0.005  0.006  0.009  0.006  0.003  0.008
00:18:06 862.42   17.2   28.2   1396    2.3    347    7.1    29.7  -1.4   0.80   3.96 3069.4     0.00   0.00    0.0  0.005  0.006  0.009  0.006  0.003  0.008
00:18:07 862.61   17.2   28.1   1395    2.7    344    7.1    29.7  -1.4   0.80   3.95 3070.4     0.00   0.00    0.0  0.005  0.006  0.008  0.006  0.003  0.008
00:18:09 862.75   17.1   28.2   1393    3.5    345    7.1    29.6  -1.4   0.80   3.96 3072.4     0.00   0.00    0.0  0.005  0.006  0.009  0.006  0.003  0.008
00:18:10 862.98   17.2   28.3   1391    3.5    341    7.1    29.6  -1.3   0.80   3.97 3073.4     0.00   0.00    0.0  0.005  0.006  0.009  0.006  0.003  0.007
00:18:12 863.00   17.1   28.5   1391    3.9      4    7.1    29.6  -1.3   0.80   3.97 3075.4     0.00   0.00    0.0  0.005  0.006  0.009  0.006  0.003  0.008
00:18:13 863.07   17.1   28.6   1390    4.2    358    7.1    29.6  -1.2   0.80   4.01 3076.4     0.00   0.00    0.0  0.005  0.006  0.009  0.006  0.003  0.008
00:18:14 863.12   17.1   28.6   1390    4.4    350    7.1    29.6  -1.2   0.80   4.01 3077.4     0.00   0.00    0.0  0.005  0.006  0.009  0.006  0.003  0.008
00:18:18 863.65   17.2   28.7   1384    3.9    342    7.1    29.6  -1.1   0.80   4.04 3081.4     0.00   0.00    0.0  0.005  0.006  0.009  0.006  0.003  0.008
00:18:19 863.84   17.2   28.7   1383    3.7    340    7.1    29.6  -1.1   0.80   4.04 3082.4     0.00   0.00    0.0  0.005  0.006  0.009  0.006  0.003  0.008
00:18:19 863.93   17.2   28.6   1382    3.3    337    7.1    29.6  -1.1   0.80   4.03 3083.4     0.00   0.00    0.0  0.005  0.006  0.008  0.006  0.003  0.008
00:18:24 864.04   17.2   29.0   1380    2.5    329    7.1    29.6  -0.9   0.80   4.10 3087.4     0.00   0.00    0.0  0.005  0.006  0.008  0.006  0.003  0.008
00:18:25 864.01   17.2   29.2   1381    2.4    317    7.1    29.5  -0.9   0.80   4.11 3088.4     0.00   0.00    0.0  0.005  0.006  0.009  0.006  0.003  0.008
00:18:28 864.27   17.3   29.7   1378    2.6    336    7.1    29.6  -0.6   0.81   4.23 3091.4     0.00   0.00    0.0  0.005  0.006  0.009  0.006  0.003  0.008
00:18:29 864.23   17.4   29.7   1379    3.0    335    7.1    29.8  -0.5   0.81   4.27 3092.4     0.00   0.00    0.0  0.005  0.006  0.009  0.006  0.003  0.008
00:18:30 864.58   17.4   29.6   1375    3.2    340    7.1    29.7  -0.5   0.81   4.24 3093.4     0.00   0.00    0.0  0.005  0.006  0.009  0.006  0.003  0.008
00:18:32 864.80   17.4   29.3   1373    3.7    340    7.1    29.8  -0.6   0.81   4.21 3095.4     0.00   0.00    0.0  0.005  0.006  0.009  0.006  0.003  0.008
00:18:33 864.79   17.5   29.3   1373    3.8    336    7.1    29.8  -0.6   0.81   4.21 3096.4     0.00   0.00    0.0  0.005  0.006  0.009  0.006  0.003  0.008
00:18:34 865.08   17.4   29.3   1370    4.0    345    7.1    29.6  -0.7   0.81   4.18 3097.4     0.00   0.00    0.0  0.005  0.006  0.009  0.006  0.003  0.008
00:18:35 865.24   17.4   29.2   1369    4.0    345    7.1    29.7  -0.6   0.81   4.20 3098.4     0.00   0.00    0.0  0.005  0.006  0.009  0.006  0.004  0.008
00:18:36 865.19   17.5   29.1   1369    3.9    354    7.1    29.8  -0.7   0.81   4.19 3099.4     0.00   0.00    0.0  0.005  0.006  0.009  0.006  0.003  0.008
00:18:37 865.59   17.5   29.1   1365    3.8    354    7.1    29.7  -0.7   0.81   4.18 3100.4     0.00   0.00    0.0  0.005  0.006  0.008  0.006  0.004  0.008
00:18:38 865.31   17.5   29.1   1368    3.6    357    7.1    29.8  -0.6   0.81   4.19 3101.4     0.00   0.00    0.0  0.005  0.006  0.009  0.006  0.003  0.008
00:18:41 865.43   17.8   29.0   1367    3.7      2    7.1    30.1  -0.4   0.81   4.28 3104.4     0.00   0.00    0.0  0.005  0.006  0.009  0.006  0.003  0.008
00:18:43 865.74   17.6   28.8   1364    3.9      9    7.1    29.8  -0.7   0.81   4.16 3106.4     0.00   0.00    0.0  0.005  0.006  0.009  0.006  0.003  0.008
00:18:44 865.90   17.5   28.7   1362    4.1     10    7.1    29.7  -0.8   0.80   4.12 3107.4     0.00   0.00    0.0  0.005  0.006  0.009  0.006  0.004  0.008
00:18:45 865.95   17.6   28.7   1362    4.0      2    7.1    29.8  -0.8   0.81   4.15 3108.4     0.00   0.00    0.0  0.005  0.006  0.009  0.006  0.004  0.008
00:18:46 866.09   17.4   28.5   1360    3.9      5    7.1    29.6  -1.0   0.80   4.08 3109.4     0.00   0.00    0.0  0.005  0.006  0.009  0.006  0.003  0.008
00:18:47 866.22   17.6   28.5   1359    3.6    355    7.1    29.7  -0.9   0.80   4.10 3110.4     0.00   0.00    0.0  0.005  0.006  0.009  0.006  0.003  0.008
00:18:48 866.35   17.7   28.5   1358    3.2    355    7.1    29.8  -0.8   0.81   4.13 3111.4     0.00   0.00    0.0  0.005  0.006  0.009  0.006  0.003  0.008
00:18:49 866.20   17.6   28.6   1359    3.1    355    7.1    29.8  -0.8   0.81   4.14 3112.4     0.00   0.00    0.0  0.005  0.006  0.009  0.006  0.003  0.008
00:18:52 866.62   17.6   28.5   1355    2.6    333    7.1    29.8  -0.8   0.80   4.12 3115.4     0.00   0.00    0.0  0.005  0.006  0.009  0.006  0.003  0.008
00:18:55 866.59   17.8   28.9   1355    2.9    322    7.1    30.0  -0.4   0.81   4.25 3118.4     0.00   0.00    0.0  0.005  0.006  0.009  0.006  0.003  0.008
00:18:56 866.89   17.8   29.0   1352    3.2    335    7.1    29.9  -0.4   0.81   4.25 3119.4     0.00   0.00    0.0  0.005  0.006  0.009  0.006  0.003  0.008
00:18:57 866.86   17.8   29.0   1353    3.5    344    7.1    29.9  -0.5   0.81   4.25 3120.4     0.00   0.00    0.0  0.005  0.006  0.009  0.006  0.003  0.008
00:19:00 867.38   17.8   29.2   1348    3.6    350    7.1    29.8  -0.4   0.81   4.27 3123.3     0.00   0.00    0.0  0.005  0.006  0.008  0.006  0.004  0.008
00:19:01 867.32   17.7   29.1   1348    3.6    356    7.1    29.8  -0.5   0.81   4.24 3124.3     0.00   0.00    0.0  0.005  0.006  0.009  0.006  0.003  0.008
00:19:02 867.44   17.9   28.9   1347    3.7    357    7.1    29.9  -0.4   0.81   4.26 3125.3     0.00   0.00    0.0  0.005  0.006  0.009  0.006  0.004  0.008
00:19:05 867.74   17.9   28.7   1344    4.7      4    7.1    29.9  -0.5   0.81   4.24 3128.3     0.00   0.00    0.0  0.005  0.006  0.009  0.007  0.004  0.008
00:19:07 867.73   17.7   28.5   1344    5.5     16    7.1    29.8  -0.7   0.81   4.15 3130.3     0.00   0.00    0.0  0.005  0.006  0.009  0.006  0.003  0.008
00:19:11 868.23   17.7   28.3   1339    4.4     30    7.1    29.7  -0.9   0.80   4.11 3134.3     0.00   0.00    0.0  0.005  0.006  0.009  0.006  0.004  0.008
00:19:16 868.73   17.7   28.2   1334    2.7    353    7.1    29.6  -0.9   0.80   4.08 3139.3     0.00   0.00    0.0  0.005  0.006  0.009  0.006  0.004  0.008
00:19:23 869.43   17.8   28.3   1327    4.0      5    7.1    29.7  -0.7   0.81   4.14 3146.3     0.00   0.00    0.0  0.005  0.006  0.009  0.006  0.004  0.008
00:19:24 869.15   17.9   28.2   1330    3.8      8    7.1    29.7  -0.8   0.81   4.13 3147.3     0.00   0.00    0.0  0.005  0.006  0.009  0.006  0.004  0.008
00:19:29 869.55   17.9   27.9   1326    2.6      6    7.1    29.7  -0.9   0.80   4.08 3152.3     0.00   0.00    0.0  0.005  0.006  0.009  0.007  0.004  0.008
00:19:30 869.82   18.0   27.8   1324    2.6      5    7.1    29.8  -0.9   0.80   4.09 3153.3     0.00   0.00    0.0  0.005  0.006  0.009  0.007  0.004  0.008
00:19:32 869.96   18.1   27.6   1322    2.5    360    7.1    29.9  -0.9   0.80   4.08 3155.3     0.00   0.00    0.0  0.005  0.006  0.009  0.006  0.004  0.008
00:19:33 870.13   18.0   27.5   1321    2.5    359    7.1    29.8  -1.0   0.80   4.06 3156.3     0.00   0.00    0.0  0.005  0.006  0.009  0.007  0.004  0.008
00:19:34 870.06   18.1   27.5   1321    2.5    356    7.1    29.9  -1.0   0.80   4.06 3157.3     0.00   0.00    0.0  0.005  0.006  0.009  0.007  0.004  0.008
00:19:35 870.23   18.0   27.4   1320    2.6    357    7.1    29.8  -1.1   0.80   4.03 3158.3     0.00   0.00    0.0  0.005  0.006  0.009  0.006  0.004  0.008
00:19:36 870.13   18.0   27.3   1321    2.7    357    7.1    29.8  -1.1   0.80   4.02 3159.3     0.00   0.00    0.0  0.005  0.006  0.009  0.006  0.004  0.008
00:19:37 870.28   18.0   27.3   1319    2.7    359    7.1    29.8  -1.1   0.80   4.01 3160.3     0.00   0.00    0.0  0.005  0.006  0.009  0.007  0.004  0.008
00:19:39 870.37   18.0   27.2   1318    2.6      4    7.1    29.7  -1.2   0.80   3.99 3162.3     0.00   0.00    0.0  0.005  0.006  0.009  0.007  0.004  0.008
00:19:45 870.94   18.3   26.8   1313    2.1     13    7.1    30.0  -1.1   0.80   4.01 3168.3     0.00   0.00    0.0  0.005  0.006  0.009  0.007  0.004  0.008
00:19:46 870.67   18.2   26.7   1315    2.1     31    7.1    29.9  -1.2   0.80   3.97 3169.3     0.00   0.00    0.0  0.005  0.006  0.009  0.007  0.004  0.008
00:19:47 870.66   18.7   27.6   1315    1.9     28    7.1    30.5  -0.3   0.81   4.29 3170.3     0.00   0.00    0.0  0.005  0.006  0.009  0.007  0.004  0.008
00:19:48 870.70   18.0   26.6   1315    2.0     88    7.1    29.8  -1.4   0.80   3.90 3171.3     0.00   0.00    0.0  0.005  0.006  0.009  0.006  0.004  0.008
00:19:49 870.68   17.8   26.7   1315    1.9     66    7.1    29.5  -1.6   0.79   3.85 3172.3     0.00   0.00    0.0  0.005  0.006  0.009  0.007  0.004  0.008
00:19:51 870.75   17.7   27.0   1314    1.8    119    7.1    29.5  -1.5   0.80   3.88 3174.3     0.00   0.00    0.0  0.005  0.006  0.009  0.006  0.004  0.008
00:19:52 870.65   17.7   27.0   1315    1.7    119    7.1    29.5  -1.5   0.80   3.89 3175.3     0.00   0.00    0.0  0.005  0.006  0.009  0.007  0.004  0.008
00:19:53 870.65   17.7   27.1   1315    1.7    108    7.1    29.5  -1.4   0.80   3.91 3176.3     0.00   0.00    0.0  0.005  0.006  0.009  0.007  0.004  0.008
00:19:55 870.69   17.8   27.5   1315    1.7     94    7.1    29.6  -1.2   0.80   3.99 3178.3     0.00   0.00    0.0  0.005  0.006  0.009  0.006  0.004  0.008
00:19:56 870.90   17.9   27.8   1313    1.7     95    7.1    29.6  -1.0   0.80   4.06 3179.3     0.00   0.00    0.0  0.005  0.006  0.009  0.007  0.004  0.008
00:19:57 870.72   18.1   28.2   1315    1.7     98    7.1    29.9  -0.6   0.81   4.20 3180.3     0.00   0.00    0.0  0.006  0.006  0.009  0.006  0.004  0.008
00:19:58 870.90   18.0   27.9   1313    1.7     92    7.1    29.7  -0.8   0.80   4.12 3181.3     0.00   0.00    0.0  0.005  0.006  0.009  0.007  0.004  0.008
00:20:00 870.85   18.3   28.2   1313    0.0    283    7.1    30.0  -0.4   0.81   4.24 3183.6     0.00   0.00    0.0  0.006  0.006  0.009  0.007  0.004  0.008
00:20:01 870.96   18.6   28.8   1312    0.4     87    7.5    30.4   0.2   0.82   4.47 3184.6     0.00   0.00    0.0  0.006  0.006  0.009  0.007  0.004  0.008
00:20:02 870.89   18.7   29.1   1313    2.4     65    7.5    30.5   0.4   0.82   4.53 3185.6     0.00   0.00    0.0  0.006  0.006  0.009  0.007  0.004  0.008
00:20:04 870.93   18.8   28.8   1313    3.0     67    7.5    30.5   0.3   0.82   4.50 3187.6     0.00   0.00    0.0  0.006  0.006  0.009  0.007  0.004  0.008
00:25:00 870.74   19.0   29.2   1315    0.0      0    7.3    30.8   0.7   0.82   4.63 3188.7     0.00   0.00    0.0 -32768.000 -32768.000 -32768.000 -32768.000 -32768.000 -32768.000
00:25:01 871.00   19.1   26.6   1312   38.5    320    7.8    30.9  -0.5   0.81   4.22 3484.7     0.00   0.00    0.0  0.005  0.005  0.007  0.006  0.003  0.007
00:25:05 870.84   18.3   25.9   1314    3.6    347    7.6    30.0  -1.6   0.79   3.85 3488.7     0.00   0.00    0.0  0.005  0.005  0.008  0.006  0.003  0.007
00:25:07 870.69   18.4   26.4   1315    3.2    339    7.6    30.1  -1.2   0.80   3.97 3490.7     0.00   0.00    0.0  0.005  0.005  0.008  0.006  0.003  0.007
00:25:09 870.78   18.4   26.4   1314    3.5    336    7.6    30.2  -1.1   0.80   4.00 3492.7     0.00   0.00    0.0  0.005  0.005  0.008  0.006  0.003  0.007
00:25:10 870.89   18.5   26.7   1313    3.7    334    7.6    30.3  -0.9   0.80   4.06 3493.7     0.00   0.00    0.0  0.005  0.005  0.008  0.006  0.003  0.007
00:25:12 870.57   18.7   26.9   1316    3.6    354    7.6    30.5  -0.7   0.81   4.14 3495.7     0.00   0.00    0.0  0.005  0.005  0.008  0.006  0.003  0.007
00:25:13 870.76   18.5   26.6   1314    3.7      3    7.6    30.2  -1.0   0.80   4.04 3496.7     0.00   0.00    0.0  0.005  0.005  0.008  0.006  0.003  0.007
00:25:14 870.72   18.5   26.8   1315    3.7      1    7.6    30.2  -1.0   0.80   4.06 3497.7     0.00   0.00    0.0  0.005  0.005  0.008  0.006  0.003  0.007
00:25:15 870.83   18.6   26.9   1314    3.5    356    7.6    30.3  -0.8   0.80   4.11 3498.7     0.00   0.00    0.0  0.005  0.005  0.007  0.006  0.003  0.007
00:25:16 870.81   18.6   26.8   1314    3.5    337    7.6    30.4  -0.8   0.80   4.11 3499.7     0.00   0.00    0.0  0.005  0.005  0.008  0.006  0.003  0.007
00:25:17 870.87   18.6   26.8   1313    3.5    330    7.6    30.3  -0.8   0.80   4.10 3500.7     0.00   0.00    0.0  0.005  0.005  0.007  0.006  0.003  0.007
00:25:19 870.65   18.7   27.0   1315    3.4    334    7.6    30.5  -0.7   0.81   4.15 3502.7     0.00   0.00    0.0  0.005  0.005  0.008  0.006  0.003  0.007
00:25:20 870.60   18.6   27.1   1316    3.3    337    7.6    30.3  -0.7   0.81   4.14 3503.7     0.00   0.00    0.0  0.005  0.005  0.008  0.006  0.003  0.007
00:25:21 870.39   18.7   27.1   1318    3.2    341    7.6    30.5  -0.6   0.81   4.18 3504.7     0.00   0.00    0.0  0.005  0.005  0.008  0.006  0.003  0.007
00:25:23 870.47   18.4   26.9   1317    3.5    357    7.6    30.2  -1.0   0.80   4.05 3506.7     0.00   0.00    0.0  0.005  0.005  0.008  0.006  0.003  0.007
00:25:24 870.48   18.6   27.2   1317    3.8    344    7.6    30.4  -0.6   0.81   4.17 3507.7     0.00   0.00    0.0  0.005  0.005  0.008  0.006  0.003  0.007
00:25:25 870.46   18.4   26.9   1317    3.8    341    7.6    30.2  -1.0   0.80   4.05 3508.7     0.00   0.00    0.0  0.005  0.005  0.008  0.006  0.003  0.007
00:25:26 870.38   18.5   27.1   1318    3.9    344    7.6    30.3  -0.7   0.81   4.14 3509.7     0.00   0.00    0.0  0.005  0.005  0.008  0.006  0.003  0.007
00:25:27 870.39   18.3   26.9   1318    3.9    338    7.6    30.1  -1.0   0.80   4.04 3510.7     0.00   0.00    0.0  0.005  0.005  0.008  0.006  0.003  0.007
00:25:28 870.52   18.2   26.8   1317    3.9    349    7.6    30.0  -1.1   0.80   4.00 3511.7     0.00   0.00    0.0  0.005  0.005  0.008  0.006  0.003  0.007
00:25:30 870.16   18.6   27.4   1320    4.0    350    7.6    30.4  -0.5   0.81   4.22 3513.7     0.00   0.00    0.0  0.005  0.005  0.008  0.006  0.003  0.007
00:25:32 869.86   18.5   27.3   1323    3.4    334    7.6    30.4  -0.6   0.81   4.17 3515.7     0.00   0.00    0.0  0.005  0.005  0.007  0.006  0.003  0.007
00:25:33 870.05   18.7   27.6   1321    3.4    344    7.6    30.6  -0.3   0.81   4.29 3516.7     0.00   0.00    0.0  0.005  0.005  0.008  0.006  0.003  0.007
00:25:34 870.01   18.8   27.6   1322    3.3    340    7.6    30.6  -0.3   0.81   4.31 3517.7     0.00   0.00    0.0  0.005  0.005  0.007  0.006  0.003  0.007
00:25:37 869.75   17.9   26.8   1324    4.0    339    7.6    29.7  -1.5   0.80   3.89 3520.7     0.00   0.00    0.0  0.005  0.005  0.007  0.006  0.003  0.007
00:25:38 869.78   17.8   26.9   1324    4.2    347    7.6    29.6  -1.5   0.80   3.88 3521.7     0.00   0.00    0.0  0.005  0.005  0.007  0.006  0.003  0.007
00:25:40 869.65   17.9   27.2   1325    4.6    325    7.6    29.7  -1.3   0.80   3.96 3523.7     0.00   0.00    0.0  0.005  0.005  0.007  0.006  0.003  0.007
00:25:42 869.56   17.8   27.4   1326    4.5    331    7.6    29.6  -1.3   0.80   3.96 3525.7     0.00   0.00    0.0  0.005  0.005  0.007  0.006  0.003  0.007
00:25:43 869.46   17.8   27.4   1327    4.4    336    7.6    29.7  -1.2   0.80   3.99 3526.7     0.00   0.00    0.0  0.005  0.005  0.008  0.006  0.003  0.007
00:25:44 869.43   17.7   27.4   1327    4.2    341    7.6    29.6  -1.2   0.80   3.97 3527.7     0.00   0.00    0.0  0.005  0.005  0.007  0.006  0.003  0.007
00:25:46 869.34   17.7   27.5   1328    4.3    343    7.6    29.6  -1.3   0.80   3.96 3529.7     0.00   0.00    0.0  0.005  0.005  0.008  0.006  0.003  0.007
00:25:48 869.35   17.8   27.6   1328    4.1    343    7.6    29.7  -1.1   0.80   4.00 3531.7     0.00   0.00    0.0  0.005  0.005  0.008  0.006  0.003  0.007
00:25:51 868.97   17.7   27.6   1332    4.0    351    7.6    29.6  -1.2   0.80   3.98 3534.7     0.00   0.00    0.0  0.005  0.005  0.008  0.006  0.003  0.007
00:25:52 869.03   17.7   27.7   1331    4.2    347    7.6    29.6  -1.2   0.80   3.99 3535.7     0.00   0.00    0.0  0.005  0.005  0.007  0.006  0.003  0.007
00:25:55 868.79   17.6   27.8   1334    4.7    354    7.6    29.6  -1.1   0.80   4.00 3538.7     0.00   0.00    0.0  0.005  0.005  0.007  0.006  0.003  0.007
00:25:56 868.75   17.6   27.8   1334    4.6      8    7.6    29.5  -1.2   0.80   3.99 3539.7     0.00   0.00    0.0  0.005  0.005  0.007  0.006  0.003  0.007
00:25:57 868.47   17.7   28.0   1337    4.5    347    7.6    29.7  -1.0   0.80   4.07 3540.7     0.00   0.00    0.0  0.005  0.005  0.007  0.006  0.003  0.007
00:25:58 868.64   17.6   27.9   1335    4.6    354    7.6    29.5  -1.2   0.80   4.00 3541.7     0.00   0.00    0.0  0.005  0.005  0.007  0.006  0.003  0.007
00:25:59 868.38   17.7   28.0   1338    4.7    346    7.6    29.7  -1.0   0.80   4.05 3542.7     0.00   0.00    0.0  0.005  0.005  0.007  0.006  0.003  0.007
00:26:00 868.30   17.6   27.9   1339    4.7    351    7.6    29.6  -1.1   0.80   4.01 3543.7     0.00   0.00    0.0  0.005  0.005  0.007  0.006  0.003  0.007
00:26:01 868.51   17.6   28.0   1336    4.6    324    7.6    29.6  -1.1   0.80   4.02 3544.7     0.00   0.00    0.0  0.005  0.005  0.007  0.006  0.003  0.007
00:26:02 868.55   17.7   28.1   1336    4.4    336    7.6    29.6  -1.0   0.80   4.06 3545.7     0.00   0.00    0.0  0.005  0.005  0.007  0.006  0.003  0.007
00:26:03 868.51   17.7   28.1   1337    4.6    356    7.6    29.6  -1.0   0.80   4.06 3546.7     0.00   0.00    0.0  0.005  0.005  0.008  0.006  0.003  0.007
00:26:04 868.35   17.7   28.0   1338    4.0    343    7.6    29.7  -1.0   0.80   4.07 3547.7     0.00   0.00    0.0  0.005  0.005  0.007  0.006  0.003  0.007
00:26:05 868.34   17.6   28.0   1338    4.0    356    7.6    29.5  -1.1   0.80   4.03 3548.7     0.00   0.00    0.0  0.005  0.005  0.007  0.006  0.003  0.007
00:26:06 868.19   17.7   28.1   1340    4.2    353    7.6    29.7  -1.0   0.80   4.07 3549.7     0.00   0.00    0.0  0.005  0.005  0.007  0.006  0.003  0.007
00:26:07 868.15   17.6   27.9   1340    4.2    353    7.6    29.6  -1.1   0.80   4.03 3550.7     0.00   0.00    0.0  0.005  0.005  0.007  0.006  0.003  0.007
00:26:08 868.02   17.6   27.9   1341    4.1      0    7.6    29.6  -1.1   0.80   4.01 3551.7     0.00   0.00    0.0  0.005  0.005  0.007  0.006  0.003  0.007
00:26:09 868.08   17.7   28.1   1341    4.1    354    7.6    29.7  -1.0   0.80   4.06 3552.7     0.00   0.00    0.0  0.005  0.005  0.007  0.006  0.003  0.007
00:26:10 867.78   17.7   28.0   1344    4.2    356    7.6    29.7  -1.0   0.80   4.05 3553.7     0.00   0.00    0.0  0.005  0.005  0.007  0.006  0.003  0.007
00:26:11 868.00   17.6   28.0   1341    4.2    358    7.6    29.6  -1.1   0.80   4.04 3554.7     0.00   0.00    0.0  0.005  0.005  0.007  0.006  0.003  0.007
00:26:12 867.89   17.6   28.0   1343    4.3    357    7.6    29.6  -1.1   0.80   4.03 3555.7     0.00   0.00    0.0  0.005  0.005  0.007  0.006  0.003  0.007
00:26:15 867.63   17.6   28.0   1345    4.6    358    7.6    29.6  -1.1   0.80   4.03 3558.7     0.00   0.00    0.0  0.005  0.005  0.007  0.006  0.003  0.007
00:26:16 867.34   17.6   28.1   1348    4.7      1    7.6    29.7  -1.0   0.80   4.05 3559.7     0.00   0.00    0.0  0.005  0.005  0.007  0.006  0.003  0.007
00:26:17 867.59   17.7   28.1   1346    4.6    359    7.6    29.7  -0.9   0.80   4.08 3560.7     0.00   0.00    0.0  0.005  0.005  0.007  0.006  0.003  0.007
00:26:18 867.37   17.7   28.1   1348    4.4      1    7.6    29.7  -1.0   0.80   4.07 3561.7     0.00   0.00    0.0  0.005  0.005  0.007  0.006  0.003  0.007
00:26:19 867.46   17.7   28.0   1347    4.4      7    7.6    29.7  -1.0   0.80   4.06 3562.7     0.00   0.00    0.0  0.005  0.005  0.007  0.006  0.003  0.007
00:26:20 867.49   17.7   28.0   1346    3.9    355    7.6    29.8  -1.0   0.80   4.07 3563.7     0.00   0.00    0.0  0.005  0.005  0.007  0.006  0.003  0.007
00:26:22 867.17   17.7   28.2   1350    4.0    359    7.6    29.8  -1.0   0.80   4.08 3565.7     0.00   0.00    0.0  0.005  0.005  0.007  0.006  0.003  0.007
00:26:24 867.22   17.7   28.0   1349    3.9    349    7.6    29.8  -1.0   0.80   4.06 3567.7     0.00   0.00    0.0  0.005  0.005  0.007  0.006  0.003  0.007
00:26:25 867.04   17.6   27.9   1351    3.6    357    7.6    29.7  -1.1   0.80   4.03 3568.7     0.00   0.00    0.0  0.005  0.005  0.007  0.006  0.003  0.007
00:26:26 867.11   17.5   28.0   1350    3.6    355    7.6    29.6  -1.2   0.80   4.01 3569.7     0.00   0.00    0.0  0.005  0.005  0.007  0.006  0.003  0.007
00:26:28 867.13   17.8   28.1   1350    3.9      6    7.6    29.9  -0.9   0.80   4.11 3571.7     0.00   0.00    0.0  0.005  0.005  0.007  0.006  0.003  0.007
00:26:29 866.96   17.8   28.1   1352    4.0    354    7.6    29.9  -0.9   0.80   4.11 3572.7     0.00   0.00    0.0  0.005  0.005  0.007  0.006  0.003  0.007
00:26:32 866.49   17.9   28.0   1356    4.3    358    7.6    30.0  -0.9   0.80   4.11 3575.6     0.00   0.00    0.0  0.005  0.005  0.007  0.006  0.003  0.007
00:26:33 866.49   17.8   28.0   1356    4.4    359    7.6    30.0  -0.9   0.80   4.10 3576.6     0.00   0.00    0.0  0.005  0.005  0.007  0.006  0.003  0.007
00:26:35 866.63   17.8   28.0   1355    4.4      2    7.6    30.0  -0.9   0.80   4.10 3578.6     0.00   0.00    0.0  0.005  0.005  0.007  0.006  0.003  0.007
00:26:36 866.33   17.9   28.0   1358    4.7    357    7.5    30.0  -0.9   0.80   4.12 3579.6     0.00   0.00    0.0  0.005  0.005  0.007  0.006  0.003  0.007
00:26:39 866.25   17.8   28.1   1359    4.7    360    7.5    30.0  -0.9   0.80   4.11 3582.6     0.00   0.00    0.0  0.005  0.005  0.007  0.006  0.003  0.007
00:26:40 866.26   17.8   28.1   1359    4.4    351    7.5    30.0  -0.9   0.80   4.12 3583.6     0.00   0.00    0.0  0.005  0.005  0.007  0.006  0.003  0.007
00:26:43 866.12   17.8   28.0   1360    4.0    345    7.5    30.0  -0.9   0.80   4.09 3586.6     0.00   0.00    0.0  0.005  0.005  0.007  0.006  0.003  0.007
00:26:45 865.56   17.8   28.1   1366    4.2    358    7.5    30.0  -0.9   0.80   4.11 3588.6     0.00   0.00    0.0  0.005  0.005  0.007  0.006  0.003  0.007
00:26:46 865.52   17.8   28.1   1366    4.0      2    7.5    30.1  -0.8   0.80   4.13 3589.6     0.00   0.00    0.0  0.005  0.005  0.007  0.006  0.003  0.007
00:26:47 865.96   17.9   28.2   1362    3.8    356    7.5    30.1  -0.8   0.81   4.14 3590.6     0.00   0.00    0.0  0.005  0.005  0.007  0.006  0.003  0.007
00:26:48 865.83   17.8   28.0   1363    3.5    357    7.5    30.1  -0.9   0.80   4.10 3591.6     0.00   0.00    0.0  0.005  0.005  0.007  0.006  0.003  0.007
00:26:49 866.12   18.0   28.0   1360    3.5      8    7.5    30.2  -0.8   0.81   4.14 3592.6     0.00   0.00    0.0  0.005  0.005  0.007  0.006  0.003  0.007
00:26:51 865.36   17.8   28.1   1368    4.4    358    7.5    30.1  -0.9   0.80   4.11 3594.6     0.00   0.00    0.0  0.005  0.005  0.007  0.006  0.003  0.007
00:26:53 865.39   17.9   28.2   1367    4.5      7    7.5    30.2  -0.7   0.81   4.16 3596.6     0.00   0.00    0.0  0.005  0.005  0.007  0.006  0.003  0.007
00:26:54 865.30   17.9   28.1   1368    4.6      1    7.5    30.1  -0.8   0.81   4.13 3597.6     0.00   0.00    0.0  0.005  0.005  0.007  0.006  0.003  0.007
00:26:55 865.33   18.1   28.3   1368    4.9      7    7.5    30.3  -0.5   0.81   4.23 3598.6     0.00   0.00    0.0  0.005  0.005  0.007  0.006  0.003  0.007
00:26:56 865.28   18.0   28.1   1368    4.9      8    7.5    30.3  -0.7   0.81   4.18 3599.6     0.00   0.00    0.0  0.005  0.005  0.007  0.006  0.003  0.007
00:26:58 865.29   17.7   27.9   1368    4.8      5    7.5    30.0  -1.0   0.80   4.05 3601.6     0.00   0.00    0.0  0.005  0.005  0.007  0.006  0.003  0.007
00:27:01 864.85   17.6   27.9   1373    4.2    346    7.5    29.9  -1.1   0.80   4.02 3604.6     0.00   0.00    0.0  0.005  0.005  0.007  0.006  0.003  0.007
00:27:02 864.98   17.5   27.9   1371    4.0    338    7.5    29.8  -1.2   0.80   3.99 3605.6     0.00   0.00    0.0  0.005  0.005  0.007  0.006  0.003  0.007
00:27:03 864.83   17.4   27.8   1373    3.9    336    7.5    29.7  -1.4   0.80   3.94 3606.6     0.00   0.00    0.0  0.005  0.005  0.007  0.006  0.003  0.007
00:27:04 865.03   17.4   27.8   1371    3.8    329    7.5    29.7  -1.4   0.80   3.95 3607.6     0.00   0.00    0.0  0.005  0.005  0.007  0.006  0.003  0.007
00:27:05 864.85   17.2   27.9   1373    3.8    341    7.5    29.5  -1.5   0.80   3.91 3608.6     0.00   0.00    0.0  0.005  0.005  0.007  0.006  0.003  0.007
00:27:06 864.99   17.3   27.9   1371    3.7    349    7.5    29.6  -1.4   0.80   3.94 3609.6     0.00   0.00    0.0  0.005  0.005  0.007  0.006  0.003  0.007
00:27:07 864.65   17.4   28.0   1374    3.6    330    7.5    29.7  -1.3   0.80   3.98 3610.6     0.00   0.00    0.0  0.005  0.005  0.007  0.006  0.003  0.007
00:27:08 864.66   17.3   28.1   1374    3.4    321    7.5    29.7  -1.3   0.80   3.99 3611.6     0.00   0.00    0.0  0.005  0.005  0.007  0.006  0.003  0.007
00:27:09 864.48   17.3   28.2   1376    3.4    315    7.5    29.6  -1.3   0.80   3.99 3612.6     0.00   0.00    0.0  0.005  0.005  0.007  0.006  0.003  0.007
00:27:10 864.83   17.4   28.2   1373    3.5    300    7.5    29.7  -1.2   0.80   4.01 3613.6     0.00   0.00    0.0  0.005  0.005  0.007  0.006  0.003  0.007
00:27:11 864.34   17.2   28.1   1378    4.1    275    7.5    29.6  -1.3   0.80   3.96 3614.6     0.00   0.00    0.0  0.005  0.005  0.007  0.006  0.003  0.007
00:27:12 864.36   17.3   28.1   1377    4.2    285    7.5    29.6  -1.3   0.80   3.96 3615.6     0.00   0.00    0.0  0.005  0.005  0.007  0.006  0.003  0.007
00:27:13 864.11   17.2   28.1   1380    4.4    286    7.5    29.5  -1.4   0.80   3.94 3616.6     0.00   0.00    0.0  0.005  0.005  0.007  0.006  0.003  0.007
00:27:14 864.33   17.2   28.1   1378    4.3    290    7.5    29.5  -1.4   0.80   3.94 3617.6     0.00   0.00    0.0  0.005  0.005  0.007  0.006  0.003  0.007
00:27:15 864.46   17.1   28.0   1376    4.2    298    7.5    29.5  -1.5   0.80   3.92 3618.6     0.00   0.00    0.0  0.005  0.005  0.007  0.006  0.003  0.007
00:27:16 864.22   17.1   28.1   1379    4.2    309    7.5    29.5  -1.4   0.80   3.93 3619.6     0.00   0.00    0.0  0.005  0.005  0.007  0.006  0.003  0.007
00:27:17 864.06   17.1   28.2   1380    4.2    305    7.5    29.5  -1.4   0.80   3.94 3620.6     0.00   0.00    0.0  0.005  0.005  0.007  0.006  0.003  0.007
00:27:18 864.13   17.1   28.1   1380    4.4    318    7.5    29.5  -1.5   0.80   3.92 3621.6     0.00   0.00    0.0  0.005  0.005  0.007  0.006  0.003  0.007
00:27:19 864.21   17.2   28.2   1379    4.4    324    7.5    29.5  -1.4   0.80   3.95 3622.6     0.00   0.00    0.0  0.005  0.005  0.007  0.006  0.003  0.007
00:27:20 864.02   17.1   28.2   1381    4.4    330    7.5    29.5  -1.4   0.80   3.93 3623.6     0.00   0.00    0.0  0.005  0.005  0.007  0.006  0.003  0.007
00:27:21 863.95   17.1   28.2   1381    4.4    327    7.5    29.5  -1.4   0.80   3.94 3624.6     0.00   0.00    0.0  0.005  0.005  0.007  0.006  0.003  0.007
00:27:24 863.92   17.1   28.4   1382    4.1    316    7.5    29.5  -1.3   0.80   3.97 3627.6     0.00   0.00    0.0  0.005  0.005  0.007  0.006  0.003  0.007
00:27:28 863.61   17.2   28.7   1385    4.4    311    7.5    29.7  -1.1   0.80   4.06 3631.6     0.00   0.00    0.0  0.005  0.005  0.007  0.006  0.003  0.007
00:27:29 863.35   17.2   28.6   1387    4.7    291    7.5    29.7  -1.1   0.80   4.04 3632.6     0.00   0.00    0.0  0.005  0.005  0.007  0.006  0.003  0.007
00:27:30 863.52   17.2   28.7   1386    4.4    317    7.5    29.7  -1.1   0.80   4.05 3633.6     0.00   0.00    0.0  0.005  0.005  0.007  0.006  0.003  0.007
00:27:31 863.42   17.2   28.6   1387    4.3    314    7.5    29.6  -1.2   0.80   4.03 3634.6     0.00   0.00    0.0  0.005  0.005  0.007  0.006  0.003  0.007
00:27:32 863.31   17.3   28.7   1388    4.4    346    7.5    29.7  -1.1   0.80   4.06 3635.6     0.00   0.00    0.0  0.005  0.005  0.007  0.006  0.003  0.007
00:27:33 863.33   17.3   28.8   1388    4.2    331    7.5    29.8  -1.0   0.80   4.09 3636.6     0.00   0.00    0.0  0.005  0.005  0.007  0.006  0.003  0.007
00:27:35 863.18   17.1   28.5   1389    4.2    334    7.5    29.6  -1.2   0.80   4.01 3638.6     0.00   0.00    0.0  0.005  0.005  0.007  0.006  0.003  0.007
00:27:36 863.28   17.2   28.6   1388    4.4    343    7.5    29.6  -1.2   0.80   4.02 3639.6     0.00   0.00    0.0  0.005  0.005  0.007  0.006  0.003  0.007
00:27:37 863.03   17.1   28.6   1390    4.4    314    7.5    29.6  -1.2   0.80   4.01 3640.6     0.00   0.00    0.0  0.005  0.005  0.007  0.006  0.003  0.007
00:27:38 863.01   17.1   28.7   1391    4.9    357    7.5    29.6  -1.2   0.80   4.01 3641.6     0.00   0.00    0.0  0.005  0.005  0.007  0.006  0.003  0.007
00:27:39 863.02   17.1   28.7   1391    5.6    349    7.5    29.5  -1.2   0.80   4.00 3642.6     0.00   0.00    0.0  0.005  0.005  0.007  0.006  0.003  0.007
00:27:40 862.73   17.1   28.7   1393    4.5    287    7.5    29.6  -1.1   0.80   4.03 3643.6     0.00   0.00    0.0  0.005  0.005  0.007  0.006  0.003  0.007
00:27:41 863.03   17.1   28.7   1390    4.5    305    7.5    29.6  -1.1   0.80   4.03 3644.6     0.00   0.00    0.0  0.005  0.005  0.007  0.006  0.003  0.007
00:27:43 863.01   17.1   28.8   1391    4.4    282    7.5    29.5  -1.2   0.80   4.02 3646.6     0.00   0.00    0.0  0.005  0.005  0.007  0.006  0.003  0.007
00:27:45 862.50   17.0   28.7   1396    4.8    282    7.5    29.5  -1.2   0.80   4.00 3648.6     0.00   0.00    0.0  0.005  0.005  0.007  0.006  0.003  0.007
00:27:46 862.34   17.1   28.8   1397    4.8    260    7.5    29.6  -1.2   0.80   4.03 3649.6     0.00   0.00    0.0  0.005  0.005  0.007  0.006  0.003  0.007
00:27:47 862.65   17.1   28.8   1394    4.5    257    7.5    29.6  -1.1   0.80   4.04 3650.6     0.00   0.00    0.0  0.005  0.005  0.007  0.006  0.003  0.007
00:27:48 862.53   17.1   28.8   1395    4.2    305    7.5    29.6  -1.2   0.80   4.03 3651.6     0.00   0.00    0.0  0.005  0.005  0.007  0.006  0.003  0.007
00:27:49 862.43   17.1   28.8   1396    4.3    319    7.5    29.6  -1.1   0.80   4.03 3652.6     0.00   0.00    0.0  0.005  0.005  0.007  0.006  0.003  0.007
00:27:51 862.43   16.9   28.9   1396    4.1    270    7.5    29.5  -1.2   0.80   4.00 3654.6     0.00   0.00    0.0  0.005  0.005  0.007  0.006  0.003  0.006
00:27:52 862.43   17.0   28.9   1396    3.9    286    7.5    29.6  -1.1   0.80   4.04 3655.6     0.00   0.00    0.0  0.005  0.005  0.007  0.006  0.003  0.007
00:27:56 861.95   17.0   28.8   1401    4.3    330    7.5    29.6  -1.2   0.80   4.01 3659.6     0.00   0.00    0.0  0.005  0.005  0.007  0.006  0.003  0.007
00:27:57 862.03   17.1   28.8   1400    4.3    328    7.5    29.7  -1.1   0.80   4.05 3660.6     0.00   0.00    0.0  0.005  0.005  0.007  0.006  0.003  0.007
00:27:58 861.96   17.1   28.8   1401    4.6    310    7.5    29.6  -1.1   0.80   4.04 3661.6     0.00   0.00    0.0  0.005  0.005  0.007  0.006  0.003  0.007
00:27:59 862.14   17.1   28.9   1399    4.7    322    7.5    29.6  -1.1   0.80   4.04 3662.6     0.00   0.00    0.0  0.005  0.005  0.007  0.006  0.003  0.007
00:28:01 861.90   17.1   28.9   1402    4.8    320    7.5    29.7  -1.1   0.80   4.05 3664.6     0.00   0.00    0.0  0.005  0.005  0.007  0.006  0.003  0.007
00:28:03 861.78   17.0   28.8   1403    4.5    325    7.5    29.6  -1.2   0.80   4.03 3666.6     0.00   0.00    0.0  0.005  0.005  0.007  0.006  0.003  0.007
00:28:04 861.59   17.0   28.9   1405    4.6    322    7.5    29.7  -1.2   0.80   4.03 3667.6     0.00   0.00    0.0  0.005  0.005  0.007  0.006  0.003  0.006
00:28:06 861.53   17.1   28.9   1405    4.6    337    7.5    29.7  -1.1   0.80   4.05 3669.6     0.00   0.00    0.0  0.005  0.005  0.007  0.006  0.003  0.007
00:28:07 861.64   17.0   28.9   1404    4.6    329    7.5    29.7  -1.2   0.80   4.03 3670.6     0.00   0.00    0.0  0.005  0.005  0.007  0.006  0.003  0.007
00:28:08 861.48   17.0   28.9   1406    4.6    328    7.5    29.6  -1.2   0.80   4.03 3671.6     0.00   0.00    0.0  0.005  0.005  0.007  0.005  0.003  0.007
00:28:09 861.34   17.0   28.9   1407    5.0    305    7.5    29.6  -1.2   0.80   4.02 3672.6     0.00   0.00    0.0  0.005  0.005  0.007  0.006  0.003  0.006
00:28:13 860.97   17.0   29.1   1411    5.4    321    7.5    29.6  -1.1   0.80   4.05 3676.5     0.00   0.00    0.0  0.005  0.005  0.007  0.006  0.003  0.006
00:28:15 861.11   16.9   29.1   1409    5.1    360    7.5    29.5  -1.2   0.80   4.03 3678.5     0.00   0.00    0.0  0.005  0.005  0.007  0.006  0.003  0.007
00:28:16 860.83   16.9   29.1   1412    4.6    342    7.5    29.6  -1.2   0.80   4.03 3679.5     0.00   0.00    0.0  0.005  0.005  0.007  0.006  0.003  0.007
00:28:17 860.78   16.8   29.1   1413    4.4    342    7.5    29.5  -1.2   0.80   4.02 3680.5     0.00   0.00    0.0  0.005  0.005  0.007  0.006  0.003  0.007
00:28:24 860.38   16.6   29.2   1417    3.4    346    7.5    29.4  -1.3   0.80   3.98 3687.5     0.00   0.00    0.0  0.005  0.005  0.007  0.006  0.003  0.006
00:28:25 860.41   16.7   29.1   1416    3.1    354    7.5    29.4  -1.3   0.80   3.98 3688.5     0.00   0.00    0.0  0.005  0.005  0.007  0.006  0.003  0.006
00:28:29 860.17   16.7   29.1   1419    3.6    331    7.5    29.5  -1.3   0.80   3.98 3692.5     0.00   0.00    0.0  0.005  0.005  0.007  0.006  0.003  0.006
00:28:30 860.09   16.9   29.0   1419    3.5    344    7.5    29.6  -1.2   0.80   4.01 3693.5     0.00   0.00    0.0  0.005  0.005  0.007  0.005  0.003  0.006
00:28:31 860.02   16.9   28.9   1420    3.5    339    7.5    29.6  -1.3   0.80   4.00 3694.5     0.00   0.00    0.0  0.005  0.005  0.007  0.005  0.003  0.006
00:28:32 859.91   16.9   29.0   1421    3.6    341    7.5    29.6  -1.3   0.80   4.01 3695.5     0.00   0.00    0.0  0.005  0.005  0.007  0.005  0.003  0.006
00:28:33 860.07   16.8   29.1   1420    3.6    340    7.5    29.6  -1.2   0.80   4.01 3696.5     0.00   0.00    0.0  0.005  0.005  0.007  0.006  0.003  0.007
00:28:37 859.53   16.7   29.0   1425    4.2    311    7.5    29.5  -1.4   0.80   3.98 3700.5     0.00   0.00    0.0  0.005  0.005  0.007  0.006  0.003  0.006
00:28:38 859.70   16.7   29.0   1423    4.2    316    7.5    29.5  -1.4   0.80   3.97 3701.5     0.00   0.00    0.0  0.005  0.005  0.007  0.006  0.003  0.006
00:28:39 859.55   16.8   29.1   1425    4.2    304    7.5    29.6  -1.3   0.80   4.00 3702.5     0.00   0.00    0.0  0.005  0.005  0.007  0.006  0.003  0.006
00:28:41 859.72   16.7   29.1   1423    4.0    313    7.5    29.5  -1.3   0.80   4.00 3704.5     0.00   0.00    0.0  0.005  0.005  0.007  0.006  0.003  0.006
00:28:42 859.47   16.7   29.2   1426    4.0    316    7.5    29.5  -1.3   0.80   4.00 3705.5     0.00   0.00    0.0  0.005  0.005  0.007  0.006  0.003  0.006
00:28:44 859.23   16.7   29.1   1428    3.6    316    7.5    29.6  -1.3   0.80   3.99 3707.5     0.00   0.00    0.0  0.005  0.005  0.007  0.006  0.003  0.006
00:28:45 859.15   16.7   29.2   1429    3.6    328    7.5    29.5  -1.3   0.80   3.99 3708.5     0.00   0.00    0.0  0.005  0.005  0.007  0.006  0.003  0.006
00:28:46 859.48   16.7   29.1   1426    3.7    329    7.5    29.5  -1.3   0.80   3.99 3709.5     0.00   0.00    0.0  0.005  0.005  0.007  0.006  0.003  0.007
00:28:48 859.17   16.7   29.2   1429    3.9    340    7.5    29.5  -1.3   0.80   4.00 3711.5     0.00   0.00    0.0  0.005  0.005  0.007  0.005  0.003  0.006
00:28:49 859.29   16.7   29.1   1427    3.7    328    7.5    29.6  -1.3   0.80   3.99 3712.5     0.00   0.00    0.0  0.005  0.005  0.007  0.006  0.003  0.007
00:28:51 859.03   16.6   29.1   1430    4.2    328    7.5    29.5  -1.4   0.80   3.97 3714.5     0.00   0.00    0.0  0.005  0.005  0.007  0.006  0.003  0.006
00:28:52 858.82   16.6   29.1   1432    4.3    321    7.5    29.5  -1.4   0.80   3.95 3715.5     0.00   0.00    0.0  0.005  0.005  0.007  0.006  0.003  0.006
00:28:53 858.79   16.7   29.2   1432    4.8    323    7.5    29.5  -1.3   0.80   3.98 3716.5     0.00   0.00    0.0  0.005  0.005  0.007  0.006  0.003  0.007
00:28:54 858.80   16.6   29.2   1432    4.7    339    7.5    29.5  -1.4   0.80   3.98 3717.5     0.00   0.00    0.0  0.005  0.005  0.007  0.005  0.003  0.006
00:28:55 858.97   16.7   29.3   1431    4.6    333    7.5    29.6  -1.2   0.80   4.02 3718.5     0.00   0.00    0.0  0.005  0.005  0.007  0.006  0.003  0.006
00:28:56 858.70   16.7   29.4   1433    4.2    332    7.5    29.5  -1.3   0.80   4.01 3719.5     0.00   0.00    0.0  0.005  0.005  0.007  0.006  0.003  0.006
00:28:57 858.55   16.8   29.5   1435    3.9    334    7.5    29.7  -1.1   0.80   4.06 3720.5     0.00   0.00    0.0  0.005  0.005  0.007  0.006  0.003  0.006
00:29:00 858.27   16.7   29.4   1438    3.8    358    7.5    29.6  -1.2   0.80   4.03 3723.5     0.00   0.00    0.0  0.005  0.005  0.007  0.006  0.003  0.006
00:29:01 858.16   16.7   29.4   1439    3.8    355    7.5    29.7  -1.2   0.80   4.05 3724.5     0.00   0.00    0.0  0.005  0.005  0.007  0.006  0.003  0.006
00:29:02 858.53   16.8   29.5   1435    4.1    359    7.5    29.7  -1.1   0.80   4.06 3725.5     0.00   0.00    0.0  0.005  0.005  0.007  0.006  0.003  0.006
00:29:03 858.03   16.8   29.5   1440    4.5    346    7.5    29.7  -1.1   0.80   4.07 3726.5     0.00   0.00    0.0  0.005  0.005  0.007  0.006  0.003  0.006
00:29:04 858.06   16.7   29.5   1440    4.8    343    7.5    29.7  -1.1   0.80   4.06 3727.5     0.00   0.00    0.0  0.005  0.005  0.007  0.005  0.003  0.006
00:29:05 858.34   16.7   29.5   1437    4.9    335    7.5    29.6  -1.2   0.80   4.05 3728.5     0.00   0.00    0.0  0.005  0.005  0.007  0.006  0.003  0.006
00:29:06 857.89   16.7   29.3   1441    4.9    313    7.5    29.7  -1.2   0.80   4.02 3729.5     0.00   0.00    0.0  0.005  0.005  0.007  0.006  0.003  0.006
00:29:08 858.00   16.7   29.4   1440    4.5    342    7.5    29.6  -1.2   0.80   4.02 3731.5     0.00   0.00    0.0  0.005  0.005  0.007  0.006  0.003  0.006
00:29:09 857.81   16.8   29.6   1442    4.0    326    7.5    29.8  -1.1   0.80   4.08 3732.5     0.00   0.00    0.0  0.005  0.005  0.007  0.006  0.003  0.006
00:29:10 857.93   16.7   29.6   1441    3.7    345    7.5    29.6  -1.1   0.80   4.05 3733.5     0.00   0.00    0.0  0.005  0.005  0.007  0.005  0.003  0.006
00:29:11 858.03   16.8   29.6   1440    3.7    340    7.5    29.7  -1.1   0.80   4.08 3734.5     0.00   0.00    0.0  0.005  0.005  0.007  0.005  0.003  0.006
00:29:12 857.83   16.8   29.5   1442    3.5    347    7.5    29.7  -1.1   0.80   4.06 3735.5     0.00   0.00    0.0  0.005  0.005  0.007  0.005  0.003  0.006
00:29:13 857.89   16.8   29.4   1441    3.4    348    7.5    29.8  -1.2   0.80   4.05 3736.5     0.00   0.00    0.0  0.005  0.005  0.007  0.006  0.003  0.006
00:29:14 857.71   16.7   29.3   1443    3.4    343    7.5    29.7  -1.2   0.80   4.03 3737.5     0.00   0.00    0.0  0.005  0.005  0.007  0.006  0.003  0.006
00:29:15 857.60   16.7   29.4   1444    3.3    345    7.5    29.7  -1.2   0.80   4.03 3738.5     0.00   0.00    0.0  0.005  0.005  0.007  0.006  0.003  0.006
00:29:17 857.62   16.7   29.3   1444    3.5    342    7.5    29.7  -1.3   0.80   4.02 3740.5     0.00   0.00    0.0  0.005  0.005  0.007  0.006  0.003  0.006
00:29:18 857.44   16.6   29.3   1446    3.8    347    7.5    29.6  -1.3   0.80   3.99 3741.5     0.00   0.00    0.0  0.005  0.005  0.007  0.006  0.003  0.006
00:29:20 857.40   16.6   29.3   1446    3.9    344    7.5    29.6  -1.4   0.80   3.98 3743.5     0.00   0.00    0.0  0.005  0.005  0.007  0.006  0.003  0.006
00:29:21 857.27   16.6   29.4   1447    4.1    341    7.5    29.6  -1.3   0.80   4.00 3744.5     0.00   0.00    0.0  0.005  0.005  0.007  0.006  0.003  0.006
00:29:22 857.24   16.5   29.4   1448    4.1    329    7.5    29.6  -1.3   0.80   3.99 3745.5     0.00   0.00    0.0  0.005  0.005  0.007  0.005  0.003  0.006
00:29:24 857.38   16.6   29.5   1446    4.1    342    7.5    29.6  -1.3   0.80   4.01 3747.5     0.00   0.00    0.0  0.005  0.005  0.007  0.005  0.003  0.006
00:29:27 857.18   16.5   29.5   1448    3.9    344    7.5    29.6  -1.3   0.80   4.01 3750.5     0.00   0.00    0.0  0.005  0.005  0.007  0.006  0.003  0.006
00:29:28 857.16   16.5   29.4   1449    4.0    357    7.5    29.6  -1.4   0.80   3.99 3751.5     0.00   0.00    0.0  0.005  0.005  0.007  0.006  0.003  0.006
00:29:30 856.83   16.5   29.2   1452    4.2    356    7.5    29.5  -1.5   0.80   3.95 3753.5     0.00   0.00    0.0  0.005  0.005  0.007  0.006  0.003  0.006
00:29:31 856.80   16.5   29.3   1452    4.1    349    7.5    29.6  -1.4   0.80   3.96 3754.5     0.00   0.00    0.0  0.005  0.005  0.007  0.006  0.003  0.006
00:29:31 856.54   16.5   29.3   1455    3.8    360    7.5    29.6  -1.4   0.80   3.96 3755.5     0.00   0.00    0.0  0.005  0.005  0.007  0.006  0.003  0.006
00:29:33 856.48   16.5   29.3   1455    3.8      2    7.5    29.6  -1.4   0.80   3.96 3756.5     0.00   0.00    0.0  0.005  0.005  0.007  0.006  0.003  0.006
00:29:34 856.62   16.5   29.4   1454    3.6    355    7.5    29.6  -1.4   0.80   3.98 3757.5     0.00   0.00    0.0  0.005  0.005  0.007  0.006  0.003  0.006
00:29:35 856.62   16.5   29.4   1454    3.2    343    7.5    29.6  -1.3   0.80   4.00 3758.5     0.00   0.00    0.0  0.005  0.005  0.007  0.006  0.003  0.006
00:29:36 856.42   16.5   29.2   1456    2.9    359    7.5    29.6  -1.5   0.80   3.95 3759.5     0.00   0.00    0.0  0.005  0.005  0.007  0.006  0.003  0.006
00:29:37 856.52   16.5   29.3   1455    3.0    357    7.5    29.6  -1.4   0.80   3.99 3760.5     0.00   0.00    0.0  0.005  0.005  0.007  0.006  0.003  0.006
00:29:38 856.74   16.5   29.2   1453    3.0      0    7.5    29.6  -1.5   0.80   3.95 3761.5     0.00   0.00    0.0  0.005  0.005  0.007  0.006  0.003  0.006
00:29:39 856.40   16.5   29.2   1456    3.2      0    7.5    29.7  -1.5   0.80   3.96 3762.5     0.00   0.00    0.0  0.005  0.005  0.007  0.006  0.003  0.006
00:29:40 856.49   16.5   29.1   1455    3.2    345    7.5    29.6  -1.5   0.80   3.93 3763.5     0.00   0.00    0.0  0.005  0.005  0.007  0.005  0.003  0.006
00:29:41 856.36   16.4   29.1   1457    3.1    349    7.5    29.5  -1.6   0.80   3.91 3764.5     0.00   0.00    0.0  0.005  0.005  0.007  0.006  0.003  0.006
00:29:42 856.48   16.5   29.0   1455    3.1    348    7.5    29.6  -1.6   0.80   3.92 3765.5     0.00   0.00    0.0  0.005  0.005  0.007  0.006  0.003  0.006
00:29:44 856.29   16.5   29.0   1457    3.2    357    7.5    29.7  -1.5   0.80   3.93 3767.5     0.00   0.00    0.0  0.005  0.005  0.007  0.006  0.003  0.006
00:29:47 856.09   16.5   29.0   1459    3.2    357    7.5    29.7  -1.6   0.80   3.93 3770.5     0.00   0.00    0.0  0.005  0.005  0.007  0.005  0.003  0.006
00:29:48 855.99   16.5   28.9   1460    3.4      4    7.5    29.7  -1.6   0.80   3.92 3771.5     0.00   0.00    0.0  0.005  0.005  0.007  0.006  0.003  0.006
00:29:49 855.87   16.4   28.9   1461    3.4      2    7.5    29.6  -1.7   0.80   3.90 3772.5     0.00   0.00    0.0  0.005  0.005  0.007  0.005  0.003  0.006
00:29:50 855.86   16.4   28.9   1461    3.6      3    7.5    29.6  -1.7   0.80   3.88 3773.5     0.00   0.00    0.0  0.005  0.005  0.007  0.006  0.003  0.006
00:29:51 856.28   16.5   29.0   1457    3.8    357    7.5    29.6  -1.6   0.80   3.92 3774.5     0.00   0.00    0.0  0.005  0.005  0.007  0.006  0.003  0.006
00:29:52 856.10   16.5   29.0   1459    3.8    349    7.5    29.6  -1.6   0.80   3.92 3775.5     0.00   0.00    0.0  0.005  0.005  0.007  0.005  0.003  0.006
00:29:53 855.73   16.4   29.0   1463    3.8    346    7.5    29.6  -1.6   0.80   3.91 3776.5     0.00   0.00    0.0  0.005  0.005  0.007  0.006  0.003  0.006
00:29:54 856.01   16.4   29.1   1460    3.8    350    7.5    29.5  -1.6   0.80   3.90 3777.5     0.00   0.00    0.0  0.005  0.005  0.007  0.006  0.003  0.006
00:29:55 855.85   16.4   29.1   1462    3.7    350    7.5    29.6  -1.6   0.80   3.92 3778.4     0.00   0.00    0.0  0.005  0.005  0.007  0.006  0.003  0.006
00:29:56 855.90   16.4   29.1   1461    3.7    350    7.5    29.6  -1.6   0.80   3.92 3779.4     0.00   0.00    0.0  0.005  0.005  0.007  0.006  0.003  0.006
00:29:57 855.71   16.4   29.1   1463    3.8    348    7.5    29.6  -1.6   0.80   3.91 3780.4     0.00   0.00    0.0  0.005  0.005  0.007  0.006  0.003  0.006
00:29:58 855.76   16.4   29.1   1462    3.8    348    7.5    29.5  -1.6   0.80   3.91 3781.4     0.00   0.00    0.0  0.005  0.005  0.007  0.006  0.003  0.006
00:29:59 855.50   16.4   29.1   1465    3.9    347    7.5    29.6  -1.6   0.80   3.92 3782.4     0.00   0.00    0.0  0.005  0.005  0.007  0.006  0.003  0.006
00:30:00 855.55   16.3   29.1   1465    3.9    352    7.5    29.5  -1.7   0.80   3.90 3783.4     0.00   0.00    0.0  0.005  0.005  0.007  0.006  0.003  0.006
00:30:01 855.68   16.4   29.1   1463    3.8    349    7.5    29.6  -1.6   0.80   3.93 3784.4     0.00   0.00    0.0  0.005  0.005  0.007  0.006  0.003  0.006
00:30:02 855.57   16.4   29.1   1464    3.8    349    7.5    29.6  -1.6   0.80   3.92 3785.4     0.00   0.00    0.0  0.005  0.005  0.007  0.006  0.003  0.006
00:30:03 855.57   16.4   29.2   1464    3.9    346    7.5    29.6  -1.6   0.80   3.92 3786.4     0.00   0.00    0.0  0.005  0.005  0.007  0.005  0.003  0.006
00:30:04 855.61   16.4   29.1   1464    3.8    355    7.5    29.6  -1.6   0.80   3.91 3787.4     0.00   0.00    0.0  0.005  0.005  0.007  0.006  0.003  0.006
00:30:08 855.30   16.4   29.2   1467    4.1    348    7.5    29.6  -1.5   0.80   3.93 3791.4     0.00   0.00    0.0  0.005  0.005  0.007  0.006  0.003  0.006
00:30:09 855.35   16.3   29.2   1467    4.1    349    7.5    29.5  -1.6   0.80   3.91 3792.4     0.00   0.00    0.0  0.005  0.005  0.007  0.006  0.003  0.006
00:30:10 855.11   16.3   29.2   1469    4.1    346    7.5    29.5  -1.7   0.80   3.90 3793.4     0.00   0.00    0.0  0.005  0.005  0.007  0.005  0.003  0.006
00:30:12 855.17   16.3   29.3   1468    4.2    348    7.5    29.6  -1.6   0.80   3.92 3795.4     0.00   0.00    0.0  0.005  0.005  0.007  0.006  0.003  0.006
00:30:15 855.01   16.4   29.4   1470    4.2    347    7.5    29.6  -1.5   0.80   3.95 3798.4     0.00   0.00    0.0  0.005  0.005  0.007  0.005  0.003  0.006
00:30:18 854.80   16.3   29.5   1472    4.2    348    7.5    29.6  -1.5   0.80   3.95 3801.4     0.00   0.00    0.0  0.005  0.005  0.007  0.006  0.003  0.006
00:30:21 854.65   16.2   29.6   1473    4.4    352    7.5    29.5  -1.5   0.80   3.94 3804.4     0.00   0.00    0.0  0.005  0.005  0.007  0.005  0.003  0.006
00:30:22 854.67   16.2   29.6   1473    4.5    348    7.5    29.5  -1.5   0.80   3.95 3805.4     0.00   0.00    0.0  0.005  0.005  0.007  0.005  0.003  0.006
00:30:26 854.27   16.3   30.1   1477    4.3    312    7.5    29.7  -1.2   0.80   4.06 3809.4     0.00   0.00    0.0  0.005  0.005  0.007  0.005  0.003  0.006
00:30:27 854.45   16.3   30.0   1475    4.3    307    7.5    29.7  -1.2   0.80   4.04 3810.4     0.00   0.00    0.0  0.005  0.005  0.007  0.005  0.003  0.006
00:30:29 854.19   16.3   30.0   1478    4.0    319    7.5    29.7  -1.2   0.80   4.04 3812.4     0.00   0.00    0.0  0.005  0.005  0.007  0.005  0.003  0.006
00:30:31 854.18   16.3   30.0   1478    3.8    290    7.5    29.6  -1.3   0.80   4.03 3814.4     0.00   0.00    0.0  0.005  0.005  0.007  0.006  0.003  0.006
00:30:32 854.19   16.4   30.0   1478    3.7    278    7.5    29.7  -1.2   0.80   4.05 3815.4     0.00   0.00    0.0  0.005  0.005  0.007  0.006  0.003  0.006
00:30:33 853.91   16.3   30.1   1481    3.6    287    7.5    29.7  -1.2   0.80   4.05 3816.4     0.00   0.00    0.0  0.005  0.005  0.007  0.006  0.003  0.006
00:30:34 854.02   16.3   30.1   1480    3.5    273    7.5    29.7  -1.2   0.80   4.05 3817.4     0.00   0.00    0.0  0.005  0.005  0.007  0.006  0.003  0.006
00:30:35 853.84   16.3   30.2   1482    3.5    270    7.5    29.7  -1.1   0.80   4.07 3818.4     0.00   0.00    0.0  0.005  0.005  0.007  0.006  0.003  0.006
00:30:36 854.00   16.3   30.2   1480    3.3    272    7.5    29.7  -1.2   0.80   4.06 3819.4     0.00   0.00    0.0  0.005  0.005  0.007  0.006  0.003  0.006
00:30:38 853.72   16.3   30.3   1483    3.2    252    7.5    29.6  -1.2   0.80   4.07 3821.4     0.00   0.00    0.0  0.005  0.005  0.007  0.006  0.003  0.006
00:30:39 853.72   16.2   30.4   1483    3.3    264    7.5    29.6  -1.2   0.80   4.07 3822.4     0.00   0.00    0.0  0.005  0.005  0.007  0.005  0.003  0.006
00:30:40 853.51   16.2   30.5   1485    3.3    283    7.5    29.6  -1.2   0.80   4.07 3823.4     0.00   0.00    0.0  0.005  0.005  0.007  0.006  0.003  0.006
00:30:41 853.83   16.2   30.3   1482    3.2    268    7.5    29.6  -1.2   0.80   4.06 3824.4     0.00   0.00    0.0  0.005  0.005  0.007  0.005  0.003  0.006
00:30:42 853.58   16.2   30.4   1484    3.0    265    7.5    29.6  -1.2   0.80   4.07 3825.4     0.00   0.00    0.0  0.005  0.005  0.007  0.006  0.003  0.006
00:30:43 853.64   16.2   30.5   1483    3.1    269    7.5    29.6  -1.2   0.80   4.07 3826.4     0.00   0.00    0.0  0.005  0.005  0.007  0.006  0.003  0.006
00:30:44 853.45   16.2   30.3   1485    3.1    260    7.5    29.6  -1.2   0.80   4.05 3827.4     0.00   0.00    0.0  0.005  0.005  0.007  0.006  0.003  0.006
00:30:45 853.49   16.2   30.4   1485    3.1    261    7.5    29.5  -1.2   0.80   4.05 3828.4     0.00   0.00    0.0  0.005  0.005  0.007  0.005  0.003  0.006
00:30:47 853.29   16.2   30.5   1487    3.1    267    7.5    29.6  -1.1   0.80   4.08 3830.4     0.00   0.00    0.0  0.005  0.005  0.007  0.006  0.003  0.006
00:30:48 853.48   16.1   30.5   1485    3.1    285    7.5    29.5  -1.2   0.80   4.04 3831.4     0.00   0.00    0.0  0.005  0.005  0.007  0.005  0.003  0.006
00:30:49 853.18   16.2   30.4   1488    3.1    283    7.5    29.6  -1.2   0.80   4.06 3832.4     0.00   0.00    0.0  0.005  0.005  0.007  0.005  0.003  0.006
00:30:50 853.23   16.1   30.4   1488    3.0    280    7.5    29.5  -1.3   0.80   4.04 3833.4     0.00   0.00    0.0  0.005  0.005  0.007  0.005  0.003  0.006
00:30:52 853.06   16.0   30.3   1489    3.1    257    7.5    29.5  -1.3   0.80   4.01 3835.4     0.00   0.00    0.0  0.005  0.005  0.007  0.005  0.003  0.006
00:30:53 853.17   16.1   30.3   1488    3.1    259    7.5    29.5  -1.3   0.80   4.02 3836.4     0.00   0.00    0.0  0.005  0.005  0.007  0.006  0.003  0.006
00:30:54 852.86   16.1   30.6   1491    3.1    250    7.5    29.6  -1.2   0.80   4.06 3837.4     0.00   0.00    0.0  0.005  0.005  0.007  0.006  0.003  0.006
00:30:55 853.05   16.1   30.6   1489    3.2    251    7.5    29.5  -1.2   0.80   4.07 3838.4     0.00   0.00    0.0  0.005  0.005  0.007  0.005  0.003  0.006
00:30:56 852.94   16.1   30.6   1490    3.2    263    7.5    29.6  -1.2   0.80   4.07 3839.4     0.00   0.00    0.0  0.005  0.005  0.007  0.005  0.003  0.006
00:30:58 852.68   16.1   30.6   1493    3.4    280    7.5    29.5  -1.2   0.80   4.06 3841.4     0.00   0.00    0.0  0.005  0.005  0.007  0.005  0.003  0.006
00:30:59 852.91   16.1   30.6   1491    3.4    283    7.5    29.5  -1.2   0.80   4.07 3842.4     0.00   0.00    0.0  0.005  0.005  0.007  0.006  0.003  0.006
00:31:01 852.76   16.1   30.6   1492    3.4    276    7.5    29.6  -1.2   0.80   4.07 3844.4     0.00   0.00    0.0  0.005  0.005  0.007  0.006  0.003  0.006
00:31:05 852.25   16.1   30.7   1497    3.2    259    7.5    29.6  -1.2   0.80   4.07 3848.4     0.00   0.00    0.0  0.005  0.005  0.007  0.006  0.003  0.006
00:31:06 852.20   16.1   30.6   1498    3.1    262    7.5    29.6  -1.2   0.80   4.07 3849.4     0.00   0.00    0.0  0.005  0.005  0.007  0.005  0.003  0.006
00:31:07 852.36   16.1   30.5   1496    3.1    259    7.5    29.6  -1.2   0.80   4.05 3850.4     0.00   0.00    0.0  0.005  0.005  0.007  0.006  0.003  0.006
00:31:08 852.14   16.1   30.5   1498    3.1    262    7.5    29.6  -1.2   0.80   4.05 3851.4     0.00   0.00    0.0  0.005  0.005  0.007  0.006  0.003  0.006
00:31:14 851.93   16.0   30.3   1500    3.1    277    7.5    29.6  -1.4   0.80   4.01 3857.4     0.00   0.00    0.0  0.005  0.005  0.007  0.006  0.003  0.006
00:31:15 852.02   16.0   30.3   1500    3.1    273    7.5    29.6  -1.4   0.80   4.01 3858.4     0.00   0.00    0.0  0.005  0.005  0.007  0.006  0.003  0.006
00:31:16 852.02   16.0   30.3   1500    3.0    271    7.5    29.5  -1.4   0.80   4.00 3859.4     0.00   0.00    0.0  0.005  0.005  0.007  0.006  0.003  0.006
00:31:20 851.74   16.0   30.2   1502    3.1    279    7.5    29.5  -1.4   0.80   3.98 3863.4     0.00   0.00    0.0  0.005  0.005  0.007  0.006  0.003  0.006
00:31:21 851.53   16.0   30.2   1504    3.0    281    7.5    29.6  -1.5   0.80   3.98 3864.4     0.00   0.00    0.0  0.005  0.005  0.007  0.005  0.003  0.006
00:31:22 851.66   16.0   30.2   1503    3.0    277    7.5    29.6  -1.4   0.80   3.98 3865.4     0.00   0.00    0.0  0.005  0.005  0.007  0.006  0.003  0.006
00:31:23 851.55   16.0   30.3   1504    2.9    271    7.5    29.6  -1.4   0.80   3.98 3866.4     0.00   0.00    0.0  0.005  0.005  0.007  0.006  0.003  0.006
00:31:24 851.48   16.0   30.3   1505    2.8    272    7.5    29.6  -1.4   0.80   3.99 3867.4     0.00   0.00    0.0  0.005  0.005  0.007  0.006  0.003  0.006
00:31:26 851.23   16.0   30.4   1507    2.7    271    7.5    29.6  -1.4   0.80   4.01 3869.4     0.00   0.00    0.0  0.005  0.005  0.007  0.005  0.003  0.006
00:31:27 851.40   16.0   30.4   1506    2.7    275    7.5    29.6  -1.4   0.80   4.00 3870.4     0.00   0.00    0.0  0.005  0.005  0.007  0.005  0.003  0.006
00:31:28 851.05   15.9   30.4   1509    2.8    270    7.5    29.6  -1.4   0.80   3.99 3871.4     0.00   0.00    0.0  0.005  0.005  0.007  0.005  0.003  0.006
00:31:29 851.36   15.9   30.4   1506    2.8    272    7.5    29.5  -1.4   0.80   3.99 3872.4     0.00   0.00    0.0  0.005  0.005  0.007  0.005  0.003  0.006
00:31:31 851.04   15.9   30.5   1509    2.8    278    7.5    29.5  -1.4   0.80   3.99 3874.4     0.00   0.00    0.0  0.005  0.005  0.007  0.006  0.004  0.006
00:31:32 851.21   15.9   30.5   1508    2.8    276    7.5    29.5  -1.4   0.80   4.00 3875.4     0.00   0.00    0.0  0.005  0.005  0.007  0.006  0.003  0.006
00:31:33 850.94   15.9   30.5   1510    2.7    282    7.5    29.5  -1.4   0.80   4.00 3876.4     0.00   0.00    0.0  0.005  0.005  0.007  0.006  0.003  0.006
00:31:35 850.78   15.9   30.5   1512    2.7    291    7.5    29.5  -1.4   0.80   3.99 3878.4     0.00   0.00    0.0  0.005  0.005  0.007  0.006  0.003  0.006
00:31:36 850.73   15.9   30.6   1512    2.7    281    7.5    29.6  -1.4   0.80   4.02 3879.3     0.00   0.00    0.0  0.005  0.005  0.007  0.005  0.003  0.006
00:31:37 850.70   15.9   30.7   1513    2.7    266    7.5    29.6  -1.3   0.80   4.03 3880.3     0.00   0.00    0.0  0.005  0.005  0.007  0.005  0.003  0.006
00:31:39 850.79   15.9   30.5   1512    2.7    271    7.5    29.5  -1.4   0.80   3.99 3882.3     0.00   0.00    0.0  0.005  0.005  0.007  0.006  0.003  0.006
00:31:41 850.76   15.8   30.4   1512    2.8    284    7.5    29.5  -1.5   0.80   3.98 3884.3     0.00   0.00    0.0  0.005  0.005  0.007  0.006  0.003  0.006
00:31:43 850.76   15.9   30.5   1512    2.7    288    7.5    29.5  -1.4   0.80   3.99 3886.3     0.00   0.00    0.0  0.005  0.005  0.007  0.005  0.003  0.006
00:31:44 850.43   15.9   30.5   1515    2.7    293    7.5    29.6  -1.4   0.80   3.99 3887.3     0.00   0.00    0.0  0.005  0.005  0.007  0.006  0.004  0.006
00:31:45 850.19   15.8   30.4   1518    2.6    289    7.5    29.6  -1.5   0.80   3.98 3888.3     0.00   0.00    0.0  0.005  0.005  0.007  0.005  0.003  0.006
00:31:46 850.12   15.9   30.5   1519    2.7    280    7.5    29.6  -1.4   0.80   4.00 3889.3     0.00   0.00    0.0  0.005  0.005  0.007  0.006  0.003  0.006
00:31:48 850.35   15.8   30.4   1516    2.6    279    7.5    29.5  -1.6   0.80   3.95 3891.3     0.00   0.00    0.0  0.005  0.005  0.007  0.005  0.003  0.006
00:31:50 850.22   15.8   30.4   1518    2.7    278    7.5    29.5  -1.5   0.80   3.97 3893.3     0.00   0.00    0.0  0.005  0.005  0.007  0.006  0.003  0.006
00:31:51 850.08   15.8   30.5   1519    2.7    285    7.5    29.6  -1.4   0.80   3.99 3894.3     0.00   0.00    0.0  0.005  0.005  0.007  0.005  0.004  0.006
00:31:52 849.86   15.8   30.5   1521    2.7    301    7.5    29.5  -1.5   0.80   3.97 3895.3     0.00   0.00    0.0  0.005  0.005  0.007  0.006  0.003  0.006
00:31:53 850.36   15.8   30.4   1516    2.8    300    7.5    29.5  -1.5   0.80   3.97 3896.3     0.00   0.00    0.0  0.005  0.005  0.007  0.006  0.003  0.006
00:31:54 849.95   15.8   30.6   1520    2.7    298    7.5    29.5  -1.5   0.80   3.98 3897.3     0.00   0.00    0.0  0.005  0.005  0.007  0.006  0.003  0.006
00:31:55 850.11   15.8   30.6   1519    2.8    288    7.5    29.5  -1.5   0.80   3.99 3898.3     0.00   0.00    0.0  0.005  0.005  0.007  0.006  0.003  0.006
00:31:56 849.89   15.8   30.6   1521    2.7    279    7.5    29.5  -1.5   0.80   3.98 3899.3     0.00   0.00    0.0  0.005  0.005  0.007  0.006  0.003  0.006
00:31:57 850.01   15.8   30.6   1520    2.7    290    7.5    29.5  -1.5   0.80   3.98 3900.3     0.00   0.00    0.0  0.005  0.005  0.007  0.006  0.003  0.006
00:32:01 849.53   15.8   30.4   1524    2.8    284    7.5    29.6  -1.5   0.80   3.98 3904.3     0.00   0.00    0.0  0.005  0.005  0.007  0.006  0.003  0.006
00:32:02 849.80   15.8   30.4   1522    2.8    285    7.5    29.5  -1.5   0.80   3.96 3905.3     0.00   0.00    0.0  0.005  0.005  0.007  0.006  0.004  0.006
00:32:04 849.50   15.8   30.3   1525    3.0    292    7.5    29.6  -1.6   0.80   3.94 3907.3     0.00   0.00    0.0  0.005  0.005  0.007  0.006  0.004  0.006
00:32:05 849.56   15.8   30.3   1524    2.9    277    7.5    29.6  -1.6   0.80   3.95 3908.3     0.00   0.00    0.0  0.005  0.005  0.007  0.005  0.004  0.006
00:32:06 849.48   15.8   30.2   1525    2.9    287    7.5    29.6  -1.6   0.80   3.94 3909.3     0.00   0.00    0.0  0.005  0.005  0.007  0.006  0.003  0.006
00:32:08 849.35   15.8   30.2   1526    2.9    275    7.5    29.6  -1.6   0.80   3.95 3911.3     0.00   0.00    0.0  0.005  0.005  0.007  0.006  0.003  0.006
00:32:09 849.44   15.8   30.1   1525    3.0    280    7.5    29.6  -1.6   0.80   3.93 3912.3     0.00   0.00    0.0  0.005  0.005  0.007  0.006  0.003  0.006
00:32:10 849.29   15.8   30.1   1527    3.0    288    7.5    29.6  -1.7   0.80   3.91 3913.3     0.00   0.00    0.0  0.005  0.005  0.007  0.006  0.003  0.006
00:32:11 849.39   15.8   30.1   1526    3.1    277    7.5    29.6  -1.7   0.80   3.91 3914.3     0.00   0.00    0.0  0.005  0.005  0.007  0.006  0.003  0.006
00:32:12 849.34   15.8   30.1   1526    3.2    278    7.5    29.6  -1.7   0.80   3.92 3915.3     0.00   0.00    0.0  0.005  0.005  0.007  0.006  0.004  0.006
00:32:15 849.12   15.8   30.0   1529    3.1    279    7.5    29.6  -1.7   0.80   3.90 3918.3     0.00   0.00    0.0  0.005  0.005  0.007  0.005  0.003  0.006
00:32:16 848.85   15.8   30.0   1531    3.0    266    7.5    29.6  -1.7   0.80   3.90 3919.3     0.00   0.00    0.0  0.005  0.005  0.007  0.006  0.003  0.006
00:32:18 848.87   15.7   30.0   1531    2.8    295    7.5    29.6  -1.8   0.80   3.89 3921.3     0.00   0.00    0.0  0.005  0.005  0.007  0.006  0.004  0.006
00:32:19 849.02   15.7   30.0   1530    2.8    286    7.5    29.6  -1.8   0.80   3.89 3922.3     0.00   0.00    0.0  0.005  0.005  0.007  0.005  0.003  0.006
00:32:21 848.52   15.7   30.1   1535    2.8    283    7.5    29.6  -1.7   0.80   3.91 3924.3     0.00   0.00    0.0  0.005  0.005  0.007  0.006  0.003  0.006
00:32:22 848.88   15.6   30.2   1531    2.8    294    7.5    29.5  -1.8   0.80   3.88 3925.3     0.00   0.00    0.0  0.005  0.005  0.007  0.006  0.004  0.006
00:32:23 848.62   15.6   30.4   1534    2.9    281    7.5    29.5  -1.7   0.80   3.92 3926.3     0.00   0.00    0.0  0.005  0.005  0.007  0.006  0.003  0.006
00:32:24 848.63   15.6   30.4   1533    3.0    287    7.5    29.5  -1.6   0.80   3.93 3927.3     0.00   0.00    0.0  0.005  0.005  0.007  0.005  0.003  0.006
00:32:25 848.54   15.7   30.5   1534    3.0    272    7.5    29.6  -1.6   0.80   3.95 3928.3     0.00   0.00    0.0  0.005  0.005  0.007  0.005  0.003  0.006
00:32:26 848.57   15.6   30.5   1534    3.1    274    7.5    29.5  -1.7   0.80   3.93 3929.3     0.00   0.00    0.0  0.005  0.005  0.007  0.006  0.004  0.006
00:32:29 848.35   15.6   30.6   1536    3.0    276    7.5    29.5  -1.6   0.80   3.95 3932.3     0.00   0.00    0.0  0.005  0.005  0.007  0.006  0.003  0.006
00:32:30 848.43   15.6   30.6   1535    2.9    277    7.5    29.5  -1.6   0.80   3.94 3933.3     0.00   0.00    0.0  0.005  0.005  0.007  0.005  0.004  0.006
00:32:31 848.64   15.6   30.6   1533    2.9    285    7.5    29.5  -1.6   0.80   3.95 3934.3     0.00   0.00    0.0  0.005  0.005  0.007  0.006  0.004  0.006
00:32:32 848.30   15.7   30.6   1537    2.8    289    7.5    29.6  -1.6   0.80   3.96 3935.3     0.00   0.00    0.0  0.005  0.005  0.007  0.006  0.003  0.006
00:32:34 848.21   15.6   30.5   1538    2.8    308    7.5    29.6  -1.6   0.80   3.94 3937.3     0.00   0.00    0.0  0.005  0.005  0.007  0.006  0.003  0.006
00:32:36 848.33   15.7   30.5   1536    2.7    289    7.5    29.6  -1.6   0.80   3.95 3939.3     0.00   0.00    0.0  0.005  0.005  0.007  0.006  0.004  0.006
00:32:37 847.94   15.7   30.5   1540    2.6    287    7.5    29.6  -1.6   0.80   3.95 3940.3     0.00   0.00    0.0  0.005  0.005  0.007  0.005  0.003  0.006
00:32:39 848.02   15.6   30.4   1539    2.8    292    7.5    29.6  -1.7   0.80   3.93 3942.3     0.00   0.00    0.0  0.005  0.005  0.007  0.006  0.004  0.006
00:32:40 847.96   15.7   30.4   1540    2.8    282    7.5    29.6  -1.6   0.80   3.94 3943.3     0.00   0.00    0.0  0.005  0.005  0.007  0.006  0.004  0.006
00:32:42 847.87   15.7   30.6   1541    2.8    282    7.5    29.6  -1.5   0.80   3.97 3945.3     0.00   0.00    0.0  0.005  0.005  0.007  0.006  0.004  0.006
00:32:43 848.03   15.7   30.6   1539    2.8    322    7.5    29.6  -1.6   0.80   3.96 3946.3     0.00   0.00    0.0  0.005  0.005  0.007  0.006  0.004  0.006
00:32:45 847.75   15.5   30.8   1542    2.8    308    7.5    29.5  -1.6   0.80   3.96 3948.3     0.00   0.00    0.0  0.005  0.005  0.007  0.005  0.004  0.006
00:32:46 847.94   15.6   30.7   1540    2.9    324    7.5    29.5  -1.6   0.80   3.96 3949.3     0.00   0.00    0.0  0.005  0.005  0.007  0.005  0.004  0.006
00:32:47 847.90   15.6   30.5   1541    2.8    341    7.5    29.5  -1.6   0.80   3.94 3950.3     0.00   0.00    0.0  0.005  0.005  0.007  0.006  0.003  0.006
00:32:49 847.47   15.5   30.7   1545    2.6    318    7.5    29.5  -1.7   0.80   3.93 3952.3     0.00   0.00    0.0  0.005  0.005  0.007  0.005  0.004  0.006
00:32:50 847.78   15.6   30.8   1542    2.7    310    7.5    29.6  -1.5   0.80   3.97 3953.3     0.00   0.00    0.0  0.005  0.005  0.007  0.006  0.003  0.006
00:32:51 847.71   15.6   30.8   1543    3.2    338    7.5    29.6  -1.6   0.80   3.97 3954.3     0.00   0.00    0.0  0.005  0.005  0.007  0.005  0.003  0.006
00:32:52 847.43   15.6   30.7   1545    3.1    337    7.5    29.6  -1.6   0.80   3.96 3955.3     0.00   0.00    0.0  0.005  0.005  0.007  0.005  0.004  0.006
00:32:53 847.54   15.6   30.7   1544    3.1    340    7.5    29.6  -1.6   0.80   3.96 3956.3     0.00   0.00    0.0  0.005  0.005  0.007  0.006  0.004  0.006
00:32:54 847.73   15.6   30.6   1542    3.1    335    7.5    29.6  -1.6   0.80   3.95 3957.3     0.00   0.00    0.0  0.005  0.005  0.007  0.006  0.004  0.006
00:32:55 847.29   15.6   30.6   1547    3.0    331    7.3    29.6  -1.6   0.80   3.95 3958.3     0.00   0.00    0.0  0.005  0.005  0.007  0.006  0.004  0.006
00:32:56 847.44   15.6   30.6   1545    2.8    303    7.5    29.6  -1.6   0.80   3.96 3959.3     0.00   0.00    0.0  0.005  0.005  0.007  0.005  0.003  0.006
00:32:57 847.17   15.6   30.6   1548    2.7    269    7.3    29.6  -1.6   0.80   3.96 3960.3     0.00   0.00    0.0  0.005  0.005  0.007  0.006  0.004  0.006
00:32:58 847.15   15.6   30.6   1548    2.6    309    7.5    29.6  -1.6   0.80   3.95 3961.3     0.00   0.00    0.0  0.005  0.005  0.007  0.006  0.004  0.006
00:33:01 847.31   15.6   30.4   1547    3.2    315    7.3    29.6  -1.7   0.80   3.92 3964.3     0.00   0.00    0.0  0.005  0.005  0.007  0.005  0.004  0.006
00:33:03 847.09   15.6   30.5   1549    3.3    306    7.3    29.6  -1.7   0.80   3.92 3966.3     0.00   0.00    0.0  0.005  0.005  0.007  0.005  0.004  0.006
00:33:06 847.11   15.6   30.6   1549    3.4    285    7.3    29.6  -1.6   0.80   3.95 3969.3     0.00   0.00    0.0  0.005  0.005  0.007  0.005  0.004  0.006
00:33:09 846.83   15.6   30.6   1551    3.3    277    7.3    29.6  -1.6   0.80   3.94 3972.3     0.00   0.00    0.0  0.005  0.005  0.007  0.006  0.004  0.006
00:33:12 846.60   15.5   30.8   1554    3.5    294    7.3    29.6  -1.6   0.80   3.94 3975.3     0.00   0.00    0.0  0.005  0.005  0.007  0.006  0.004  0.006
00:33:13 846.69   15.5   30.7   1553    3.5    309    7.3    29.5  -1.7   0.80   3.93 3976.3     0.00   0.00    0.0  0.005  0.005  0.007  0.005  0.003  0.006
00:33:15 846.50   15.5   30.8   1555    3.6    309    7.3    29.6  -1.6   0.80   3.96 3978.3     0.00   0.00    0.0  0.005  0.005  0.007  0.005  0.004  0.006
00:33:16 846.41   15.5   30.7   1556    3.5    314    7.3    29.6  -1.6   0.80   3.95 3979.3     0.00   0.00    0.0  0.005  0.005  0.007  0.005  0.004  0.006
00:33:16 846.40   15.4   30.8   1556    3.5    323    7.3    29.5  -1.7   0.80   3.93 3980.2     0.00   0.00    0.0  0.005  0.005  0.007  0.006  0.003  0.006
00:33:18 846.70   15.5   30.7   1553    3.4    311    7.3    29.6  -1.6   0.80   3.94 3981.3     0.00   0.00    0.0  0.005  0.005  0.007  0.005  0.004  0.006
00:33:18 846.30   15.5   30.7   1557    3.2    329    7.3    29.6  -1.7   0.80   3.93 3982.2     0.00   0.00    0.0  0.005  0.005  0.007  0.006  0.004  0.006
00:33:20 846.18   15.4   30.7   1558    3.2    305    7.3    29.5  -1.7   0.80   3.92 3983.2     0.00   0.00    0.0  0.005  0.005  0.007  0.005  0.004  0.006
00:33:21 846.13   15.5   30.8   1558    3.1    291    7.3    29.6  -1.6   0.80   3.96 3984.2     0.00   0.00    0.0  0.005  0.005  0.007  0.005  0.004  0.006
00:33:22 846.13   15.5   30.7   1558    3.1    287    7.3    29.6  -1.7   0.80   3.94 3985.2     0.00   0.00    0.0  0.005  0.005  0.007  0.005  0.003  0.006
00:33:23 846.17   15.5   30.7   1558    3.1    286    7.3    29.6  -1.6   0.80   3.94 3986.2     0.00   0.00    0.0  0.005  0.005  0.007  0.005  0.004  0.006
00:33:24 846.21   15.5   30.7   1558    3.2    282    7.3    29.6  -1.7   0.80   3.93 3987.2     0.00   0.00    0.0  0.005  0.005  0.007  0.005  0.004  0.006
00:33:27 846.17   15.5   30.8   1558    3.3    271    7.3    29.6  -1.7   0.80   3.94 3990.2     0.00   0.00    0.0  0.005  0.005  0.007  0.006  0.004  0.006
00:33:29 845.98   15.5   30.9   1560    3.2    283    7.3    29.6  -1.6   0.80   3.95 3992.2     0.00   0.00    0.0  0.005  0.005  0.007  0.005  0.004  0.006
00:33:32 845.76   15.4   30.9   1562    3.0    275    7.3    29.6  -1.6   0.80   3.95 3995.2     0.00   0.00    0.0  0.005  0.005  0.007  0.005  0.004  0.006
00:33:33 845.60   15.4   30.8   1564    3.0    304    7.3    29.6  -1.7   0.80   3.93 3996.2     0.00   0.00    0.0  0.005  0.005  0.007  0.005  0.004  0.006
00:33:36 845.59   15.4   30.8   1564    3.0    291    7.3    29.6  -1.7   0.80   3.93 3999.2     0.00   0.00    0.0  0.005  0.005  0.007  0.005  0.004  0.006
00:33:37 845.22   15.4   30.9   1568    2.9    287    7.3    29.6  -1.6   0.80   3.96 4000.2     0.00   0.00    0.0  0.005  0.005  0.007  0.005  0.004  0.006
00:33:38 845.58   15.4   30.9   1564    2.8    284    7.3    29.6  -1.7   0.80   3.93 4001.2     0.00   0.00    0.0  0.005  0.005  0.007  0.005  0.004  0.006
00:33:40 845.12   15.4   30.9   1569    2.8    295    7.3    29.6  -1.7   0.80   3.93 4003.2     0.00   0.00    0.0  0.005  0.005  0.007  0.005  0.004  0.006
00:33:41 845.30   15.3   30.8   1567    2.8    315    7.3    29.5  -1.7   0.80   3.91 4004.2     0.00   0.00    0.0  0.005  0.005  0.007  0.005  0.004  0.006
00:33:43 845.21   15.3   30.9   1568    2.8    334    7.3    29.4  -1.8   0.80   3.90 4006.2     0.00   0.00    0.0  0.005  0.005  0.007  0.005  0.004  0.006
00:33:45 845.21   15.4   31.1   1568    3.0    290    7.3    29.6  -1.6   0.80   3.97 4009.2     0.00   0.00    0.0  0.005  0.005  0.007  0.005  0.004  0.006
00:33:46 845.15   15.3   31.0   1568    3.1    282    7.3    29.5  -1.7   0.80   3.94 4010.2     0.00   0.00    0.0  0.005  0.005  0.007  0.006  0.004  0.006
00:33:49 845.00   15.2   30.9   1570    3.1    321    7.3    29.4  -1.8   0.80   3.90 4012.2     0.00   0.00    0.0  0.005  0.005  0.007  0.005  0.004  0.006
00:33:49 844.74   15.3   31.2   1572    2.9    298    7.3    29.5  -1.6   0.80   3.96 4013.2     0.00   0.00    0.0  0.005  0.005  0.007  0.005  0.004  0.006
00:33:50 844.94   15.4   31.2   1570    2.8    303    7.3    29.6  -1.6   0.80   3.98 4014.2     0.00   0.00    0.0  0.005  0.005  0.007  0.005  0.004  0.006
00:33:51 844.67   15.2   31.2   1573    2.9    316    7.3    29.5  -1.7   0.80   3.93 4015.2     0.00   0.00    0.0  0.005  0.005  0.007  0.005  0.004  0.006
00:33:53 844.67   15.4   31.1   1573    2.9    319    7.3    29.7  -1.5   0.80   3.99 4016.2     0.00   0.00    0.0  0.005  0.005  0.007  0.005  0.004  0.006
00:33:54 844.59   15.4   31.1   1574    2.8    333    7.3    29.7  -1.5   0.80   3.99 4017.2     0.00   0.00    0.0  0.005  0.005  0.007  0.005  0.004  0.006
00:33:54 844.65   15.4   31.1   1573    2.8    322    7.3    29.7  -1.5   0.80   3.99 4018.2     0.00   0.00    0.0  0.005  0.005  0.007  0.005  0.004  0.006
00:33:57 844.59   15.4   31.0   1574    3.0    337    7.3    29.7  -1.6   0.80   3.96 4020.2     0.00   0.00    0.0  0.005  0.005  0.007  0.005  0.004  0.006
00:33:58 844.76   15.4   31.0   1572    3.2    335    7.3    29.7  -1.6   0.80   3.96 4021.2     0.00   0.00    0.0  0.005  0.005  0.007  0.005  0.004  0.006
00:33:59 844.33   15.4   31.0   1576    3.2    343    7.3    29.7  -1.6   0.80   3.96 4023.2     0.00   0.00    0.0  0.005  0.005  0.007  0.006  0.004  0.006
00:34:01 844.12   15.4   31.0   1579    3.3    337    7.3    29.7  -1.6   0.80   3.96 4024.2     0.00   0.00    0.0  0.005  0.005  0.007  0.005  0.004  0.006
00:34:04 844.34   15.4   30.9   1576    2.8    340    7.3    29.7  -1.6   0.80   3.95 4027.2     0.00   0.00    0.0  0.005  0.005  0.007  0.006  0.004  0.006
00:34:04 844.20   15.4   30.8   1578    2.8    340    7.3    29.7  -1.7   0.80   3.93 4028.2     0.00   0.00    0.0  0.005  0.005  0.007  0.005  0.004  0.006
00:34:05 844.06   15.4   30.8   1579    2.7    343    7.3    29.7  -1.7   0.80   3.94 4029.2     0.00   0.00    0.0  0.005  0.005  0.007  0.006  0.004  0.006
00:34:07 844.12   15.4   30.9   1579    2.7    317    7.3    29.7  -1.7   0.80   3.94 4030.2     0.00   0.00    0.0  0.005  0.005  0.007  0.005  0.004  0.006
00:34:07 843.98   15.4   30.9   1580    2.6    325    7.3    29.7  -1.7   0.80   3.94 4031.2     0.00   0.00    0.0  0.005  0.005  0.007  0.005  0.004  0.006
00:34:08 843.93   15.4   30.7   1580    2.6    338    7.3    29.7  -1.8   0.80   3.92 4032.2     0.00   0.00    0.0  0.005  0.005  0.007  0.005  0.004  0.006
00:34:10 844.20   15.4   30.7   1578    2.7    340    7.3    29.7  -1.8   0.80   3.91 4033.2     0.00   0.00    0.0  0.005  0.005  0.007  0.005  0.004  0.006
00:34:11 844.04   15.4   30.7   1579    2.7    344    7.3    29.7  -1.8   0.80   3.91 4034.2     0.00   0.00    0.0  0.005  0.005  0.007  0.005  0.004  0.006
00:34:11 843.98   15.4   30.8   1580    2.8    341    7.3    29.7  -1.7   0.80   3.93 4035.2     0.00   0.00    0.0  0.005  0.005  0.007  0.005  0.004  0.006
00:34:13 843.83   15.4   30.8   1582    2.8    339    7.3    29.7  -1.7   0.80   3.93 4036.2     0.00   0.00    0.0  0.005  0.005  0.007  0.005  0.004  0.006
00:34:15 843.73   15.4   30.9   1582    3.0    345    7.3    29.8  -1.6   0.80   3.95 4038.2     0.00   0.00    0.0  0.005  0.005  0.007  0.005  0.004  0.006
00:34:15 843.68   15.4   30.9   1583    2.8    344    7.3    29.7  -1.7   0.80   3.94 4039.2     0.00   0.00    0.0  0.005  0.005  0.007  0.006  0.004  0.006
00:34:17 843.46   15.3   30.7   1585    2.6    352    7.3    29.7  -1.8   0.80   3.91 4041.2     0.00   0.00    0.0  0.005  0.005  0.007  0.005  0.004  0.006
00:34:18 843.62   15.3   30.6   1584    2.6    357    7.3    29.7  -1.9   0.80   3.89 4042.2     0.00   0.00    0.0  0.005  0.005  0.007  0.006  0.004  0.006
00:34:19 843.43   15.4   30.6   1585    2.4      3    7.3    29.8  -1.8   0.80   3.89 4043.2     0.00   0.00    0.0  0.005  0.005  0.007  0.006  0.004  0.006
00:34:20 843.49   15.3   30.4   1585    2.4      2    7.3    29.7  -1.9   0.79   3.86 4044.2     0.00   0.00    0.0  0.005  0.005  0.007  0.005  0.004  0.006
00:34:22 843.40   15.4   30.8   1586    2.6    358    7.3    29.8  -1.7   0.80   3.93 4046.2     0.00   0.00    0.0  0.005  0.005  0.007  0.005  0.004  0.006
00:34:24 843.42   15.3   30.7   1586    2.8    359    7.3    29.7  -1.8   0.80   3.90 4048.2     0.00   0.00    0.0  0.005  0.005  0.007  0.006  0.004  0.006
00:34:25 843.37   15.3   30.8   1586    3.2    358    7.3    29.7  -1.8   0.80   3.91 4049.2     0.00   0.00    0.0  0.005  0.005  0.007  0.005  0.004  0.006
00:34:27 843.32   15.3   31.0   1587    4.1      3    7.3    29.7  -1.7   0.80   3.93 4051.2     0.00   0.00    0.0  0.005  0.005  0.007  0.005  0.004  0.006
00:34:30 843.06   15.3   31.3   1589    5.0    351    7.3    29.7  -1.6   0.80   3.97 4054.2     0.00   0.00    0.0  0.005  0.005  0.007  0.005  0.004  0.006
00:34:32 842.76   15.2   31.4   1592    5.0    356    7.3    29.7  -1.6   0.80   3.98 4056.2     0.00   0.00    0.0  0.005  0.005  0.007  0.005  0.004  0.006
00:34:33 842.74   15.2   31.5   1592    4.7    349    7.3    29.7  -1.6   0.80   3.99 4057.2     0.00   0.00    0.0  0.005  0.005  0.007  0.005  0.004  0.006
00:34:34 842.83   15.1   31.5   1592    4.6    356    7.3    29.6  -1.6   0.80   3.96 4058.2     0.00   0.00    0.0  0.005  0.005  0.007  0.005  0.004  0.006
00:34:35 842.85   15.2   31.6   1591    4.9    351    7.3    29.7  -1.5   0.80   4.00 4059.2     0.00   0.00    0.0  0.005  0.005  0.007  0.006  0.004  0.006
00:34:37 842.49   15.2   31.6   1595    5.0    349    7.3    29.7  -1.5   0.80   4.00 4061.2     0.00   0.00    0.0  0.005  0.005  0.007  0.005  0.004  0.006
00:34:38 842.56   15.1   31.7   1594    4.9    346    7.3    29.6  -1.5   0.80   4.00 4062.2     0.00   0.00    0.0  0.005  0.005  0.007  0.005  0.004  0.006
00:34:39 842.47   15.2   31.7   1595    4.4    355    7.3    29.6  -1.5   0.80   4.00 4063.2     0.00   0.00    0.0  0.005  0.005  0.007  0.005  0.004  0.006
00:34:40 842.48   15.2   31.7   1595    4.5    359    7.3    29.7  -1.5   0.80   4.01 4064.2     0.00   0.00    0.0  0.005  0.005  0.007  0.005  0.004  0.006
00:34:41 842.54   15.1   31.8   1594    4.4    350    7.3    29.6  -1.5   0.80   4.01 4065.2     0.00   0.00    0.0  0.005  0.005  0.007  0.005  0.004  0.006
00:34:44 842.27   15.0   31.7   1597    3.5    339    7.3    29.5  -1.7   0.80   3.95 4068.2     0.00   0.00    0.0  0.005  0.005  0.007  0.005  0.004  0.006
00:34:45 842.07   15.2   31.6   1599    3.3    338    7.3    29.7  -1.5   0.80   4.00 4069.2     0.00   0.00    0.0  0.005  0.005  0.007  0.005  0.004  0.006
00:34:46 842.04   15.2   31.6   1599    3.3    331    7.3    29.7  -1.6   0.80   3.99 4070.2     0.00   0.00    0.0  0.005  0.005  0.007  0.006  0.004  0.006
00:34:48 842.16   15.1   31.5   1598    2.9    343    7.3    29.6  -1.6   0.80   3.97 4072.2     0.00   0.00    0.0  0.005  0.005  0.007  0.005  0.004  0.006
00:34:49 842.00   15.2   31.4   1600    2.8    343    7.3    29.7  -1.6   0.80   3.98 4073.2     0.00   0.00    0.0  0.005  0.005  0.007  0.006  0.004  0.006
00:34:50 842.03   15.2   31.3   1600    2.5    342    7.3    29.7  -1.6   0.80   3.97 4074.2     0.00   0.00    0.0  0.005  0.005  0.007  0.005  0.004  0.006
00:34:51 842.03   15.2   31.3   1600    2.4    346    7.3    29.7  -1.7   0.80   3.95 4075.2     0.00   0.00    0.0  0.005  0.005  0.007  0.005  0.004  0.006
00:34:53 842.07   15.2   31.2   1599    2.4    344    7.3    29.7  -1.7   0.80   3.95 4077.2     0.00   0.00    0.0  0.005  0.005  0.007  0.005  0.004  0.006
00:34:58 841.88   15.1   31.4   1601    2.7    340    7.3    29.6  -1.7   0.80   3.95 4082.2     0.00   0.00    0.0  0.005  0.005  0.007  0.005  0.004  0.006
00:34:59 841.81   15.0   31.3   1602    2.7    344    7.3    29.5  -1.8   0.80   3.90 4083.2     0.00   0.00    0.0  0.005  0.005  0.007  0.005  0.004  0.006
00:35:00 841.81   14.9   31.3   1602    2.7    351    7.3    29.4  -1.9   0.79   3.87 4084.1     0.00   0.00    0.0  0.005  0.005  0.007  0.005  0.004  0.006
00:35:03 841.68   15.0   31.1   1603    2.8    347    7.3    29.6  -1.9   0.80   3.88 4087.1     0.00   0.00    0.0  0.005  0.005  0.007  0.006  0.004  0.006
00:35:04 841.72   15.1   31.2   1603    2.9    351    7.3    29.7  -1.8   0.80   3.93 4088.1     0.00   0.00    0.0  0.005  0.005  0.007  0.005  0.004  0.006
00:35:05 841.54   15.0   31.3   1604    3.0    348    7.3    29.6  -1.8   0.80   3.91 4089.1     0.00   0.00    0.0  0.005  0.005  0.007  0.005  0.004  0.006
00:35:06 841.47   15.0   31.3   1605    3.1    350    7.3    29.6  -1.8   0.80   3.92 4090.1     0.00   0.00    0.0  0.005  0.005  0.007  0.005  0.004  0.006
00:35:07 841.44   15.0   31.3   1605    3.2    352    7.3    29.6  -1.8   0.80   3.92 4091.1     0.00   0.00    0.0  0.005  0.005  0.007  0.005  0.004  0.006
00:35:08 841.33   15.1   31.4   1607    3.2    352    7.3    29.6  -1.8   0.80   3.93 4092.1     0.00   0.00    0.0  0.005  0.005  0.007  0.005  0.004  0.006
00:35:09 841.52   15.0   31.4   1605    3.3    353    7.3    29.6  -1.8   0.80   3.93 4093.1     0.00   0.00    0.0  0.005  0.005  0.007  0.005  0.004  0.006
00:35:13 841.22   15.1   31.4   1608    3.5    346    7.3    29.7  -1.7   0.80   3.93 4097.1     0.00   0.00    0.0  0.005  0.005  0.007  0.005  0.004  0.006
00:35:14 841.09   15.1   31.5   1609    3.4    343    7.3    29.7  -1.7   0.80   3.96 4098.1     0.00   0.00    0.0  0.005  0.005  0.007  0.005  0.004  0.006
00:35:15 841.44   15.1   31.4   1605    3.5    340    7.3    29.7  -1.7   0.80   3.95 4099.1     0.00   0.00    0.0  0.005  0.005  0.007  0.005  0.004  0.006
00:35:16 841.19   15.1   31.5   1608    3.7    344    7.3    29.7  -1.7   0.80   3.96 4100.1     0.00   0.00    0.0  0.005  0.005  0.007  0.005  0.004  0.006
00:35:17 841.22   15.1   31.5   1608    3.8    341    7.3    29.7  -1.7   0.80   3.97 4101.1     0.00   0.00    0.0  0.005  0.005  0.007  0.005  0.004  0.006
00:35:18 841.15   15.1   31.6   1608    3.6    340    7.3    29.7  -1.6   0.80   3.97 4102.1     0.00   0.00    0.0  0.005  0.005  0.007  0.005  0.004  0.006
00:35:21 841.01   15.1   31.7   1610    3.9    351    7.3    29.7  -1.6   0.80   3.98 4105.1     0.00   0.00    0.0  0.005  0.005  0.007  0.005  0.004  0.006
00:35:22 841.24   15.1   31.5   1607    4.0    348    7.3    29.7  -1.6   0.80   3.98 4106.1     0.00   0.00    0.0  0.005  0.005  0.007  0.005  0.004  0.006
00:35:23 840.84   15.0   31.5   1611    4.4    351    7.3    29.6  -1.7   0.80   3.94 4107.1     0.00   0.00    0.0  0.005  0.005  0.007  0.005  0.004  0.006
00:35:25 840.85   15.0   31.5   1611    4.4    349    7.3    29.7  -1.7   0.80   3.95 4109.1     0.00   0.00    0.0  0.005  0.005  0.007  0.005  0.004  0.006
00:35:26 841.09   15.0   31.6   1609    4.4    352    7.3    29.6  -1.7   0.80   3.96 4110.1     0.00   0.00    0.0  0.005  0.005  0.007  0.005  0.004  0.006
00:35:30 840.82   15.1   31.8   1612    4.3    354    7.3    29.7  -1.6   0.80   4.00 4114.1     0.00   0.00    0.0  0.005  0.005  0.007  0.005  0.004  0.006
00:35:32 840.94   15.1   31.6   1610    3.9    348    7.3    29.7  -1.6   0.80   3.97 4116.1     0.00   0.00    0.0  0.005  0.005  0.007  0.005  0.004  0.006
00:35:34 840.71   15.0   31.6   1613    3.5    354    7.3    29.6  -1.7   0.80   3.94 4118.1     0.00   0.00    0.0  0.005  0.005  0.007  0.005  0.004  0.006
00:35:35 840.74   15.0   31.6   1613    3.2    358    7.3    29.7  -1.7   0.80   3.95 4119.1     0.00   0.00    0.0  0.005  0.005  0.007  0.005  0.004  0.006
00:35:36 840.76   15.0   31.5   1612    3.2    351    7.3    29.6  -1.8   0.80   3.93 4120.1     0.00   0.00    0.0  0.005  0.005  0.007  0.005  0.004  0.006
00:35:37 840.59   15.1   31.5   1614    3.0    352    7.3    29.7  -1.7   0.80   3.94 4121.1     0.00   0.00    0.0  0.005  0.005  0.007  0.005  0.004  0.006
00:35:38 840.88   15.0   31.4   1611    3.1    348    7.3    29.7  -1.8   0.80   3.93 4122.1     0.00   0.00    0.0  0.005  0.005  0.007  0.005  0.004  0.006
00:35:39 840.84   15.0   31.3   1611    3.3    354    7.3    29.6  -1.8   0.80   3.91 4123.1     0.00   0.00    0.0  0.005  0.005  0.007  0.005  0.004  0.006
00:35:40 840.45   15.0   31.3   1615    3.3    359    7.3    29.6  -1.9   0.80   3.89 4124.1     0.00   0.00    0.0  0.005  0.005  0.007  0.005  0.004  0.006
00:35:41 840.63   14.9   31.3   1614    3.2     10    7.3    29.5  -1.9   0.79   3.88 4125.1     0.00   0.00    0.0  0.005  0.005  0.007  0.005  0.004  0.006
00:35:42 840.63   15.0   31.4   1614    3.1      7    7.3    29.6  -1.8   0.80   3.91 4126.1     0.00   0.00    0.0  0.005  0.005  0.007  0.005  0.004  0.006
00:35:43 840.68   15.0   31.3   1613    3.2     11    7.3    29.6  -1.9   0.80   3.90 4127.1     0.00   0.00    0.0  0.005  0.005  0.007  0.005  0.004  0.006
00:35:44 840.49   15.0   31.2   1615    3.0     11    7.3    29.7  -1.8   0.80   3.90 4128.1     0.00   0.00    0.0  0.005  0.005  0.007  0.005  0.004  0.006
00:35:45 840.43   15.0   31.2   1616    2.8      7    7.3    29.7  -1.9   0.80   3.89 4129.1     0.00   0.00    0.0  0.005  0.005  0.007  0.005  0.004  0.006
00:35:46 840.80   15.0   31.2   1612    2.9     12    7.3    29.7  -1.9   0.80   3.90 4130.1     0.00   0.00    0.0  0.005  0.005  0.007  0.005  0.004  0.006
00:35:47 840.59   15.0   31.2   1614    2.8      0    7.3    29.6  -1.9   0.80   3.88 4131.1     0.00   0.00    0.0  0.005  0.005  0.007  0.005  0.004  0.006
00:35:48 840.48   15.0   31.2   1615    2.8      7    7.3    29.7  -1.9   0.80   3.90 4132.1     0.00   0.00    0.0  0.005  0.005  0.007  0.005  0.004  0.006
00:35:49 840.67   15.0   31.2   1613    2.8      5    7.3    29.7  -1.9   0.80   3.90 4133.1     0.00   0.00    0.0  0.005  0.005  0.007  0.005  0.004  0.006
00:35:50 840.54   15.0   31.2   1615    2.8      3    7.3    29.7  -1.8   0.80   3.91 4134.1     0.00   0.00    0.0  0.005  0.005  0.007  0.005  0.004  0.006
00:35:52 840.39   15.1   31.0   1616    2.8      7    7.3    29.8  -1.9   0.80   3.90 4136.1     0.00   0.00    0.0  0.005  0.005  0.007  0.005  0.004  0.006
00:35:53 840.59   15.0   31.0   1614    2.6      7    7.3    29.7  -1.9   0.80   3.88 4137.1     0.00   0.00    0.0  0.005  0.005  0.007  0.005  0.004  0.006
00:35:54 840.69   15.0   30.9   1613    2.6      8    7.3    29.7  -2.0   0.79   3.86 4138.1     0.00   0.00    0.0  0.005  0.005  0.007  0.005  0.004  0.006
00:35:55 840.54   15.1   30.9   1615    2.6      4    7.3    29.7  -2.0   0.79   3.87 4139.1     0.00   0.00    0.0  0.005  0.005  0.007  0.005  0.004  0.006
00:35:56 840.54   15.0   30.9   1615    2.6      1    7.3    29.7  -2.0   0.79   3.86 4140.1     0.00   0.00    0.0  0.005  0.005  0.007  0.005  0.004  0.006
00:35:58 840.68   15.1   30.8   1613    2.5      6    7.3    29.8  -2.0   0.79   3.86 4142.1     0.00   0.00    0.0  0.005  0.005  0.007  0.005  0.004  0.006
00:35:59 840.48   15.0   30.8   1615    2.5      5    7.3    29.7  -2.1   0.79   3.84 4143.1     0.00   0.00    0.0  0.005  0.005  0.007  0.005  0.004  0.006
00:36:01 840.33   15.0   30.6   1617    2.4      5    7.3    29.7  -2.1   0.79   3.82 4145.1     0.00   0.00    0.0  0.005  0.005  0.007  0.005  0.004  0.006
00:36:02 840.28   15.1   30.6   1617    2.4      3    7.3    29.8  -2.0   0.79   3.84 4146.1     0.00   0.00    0.0  0.005  0.005  0.007  0.005  0.004  0.006
00:36:03 840.25   15.1   30.7   1617    2.4      2    7.3    29.8  -2.0   0.79   3.84 4147.1     0.00   0.00    0.0  0.005  0.005  0.007  0.005  0.004  0.006
00:36:04 840.25   15.0   30.6   1617    2.4      3    7.3    29.7  -2.1   0.79   3.83 4148.1     0.00   0.00    0.0  0.005  0.005  0.007  0.005  0.004  0.006
00:36:07 840.16   15.1   30.7   1618    2.7    352    7.3    29.8  -2.0   0.79   3.85 4151.1     0.00   0.00    0.0  0.005  0.005  0.007  0.005  0.004  0.006
00:36:10 840.27   15.0   30.8   1617    2.9      4    7.3    29.7  -2.0   0.79   3.84 4154.1     0.00   0.00    0.0  0.005  0.005  0.007  0.005  0.004  0.006
00:36:11 840.30   15.1   30.8   1617    2.9      8    7.3    29.8  -2.0   0.79   3.85 4155.1     0.00   0.00    0.0  0.005  0.005  0.007  0.005  0.004  0.006
00:36:12 840.21   15.0   30.8   1618    2.9      1    7.3    29.7  -2.1   0.79   3.83 4156.1     0.00   0.00    0.0  0.005  0.005  0.007  0.005  0.004  0.006
00:36:14 840.25   15.0   30.8   1617    2.7    357    7.3    29.7  -2.0   0.79   3.84 4158.1     0.00   0.00    0.0  0.005  0.005  0.007  0.005  0.004  0.006
00:36:17 839.95   15.1   31.0   1620    2.8    358    7.3    29.8  -1.9   0.80   3.89 4161.1     0.00   0.00    0.0  0.005  0.005  0.007  0.005  0.004  0.006
00:36:18 840.08   15.0   30.9   1619    2.7    357    7.3    29.7  -2.0   0.79   3.86 4162.1     0.00   0.00    0.0  0.005  0.005  0.007  0.005  0.004  0.006
00:36:19 839.84   15.0   31.0   1622    2.6    358    7.3    29.8  -1.9   0.80   3.88 4163.1     0.00   0.00    0.0  0.005  0.005  0.007  0.005  0.004  0.006
00:36:20 839.69   15.0   31.0   1623    2.6    357    7.3    29.7  -2.0   0.79   3.86 4164.1     0.00   0.00    0.0  0.005  0.005  0.007  0.005  0.004  0.006
00:36:23 839.76   14.9   31.3   1622    3.3    352    7.3    29.7  -1.9   0.80   3.89 4167.1     0.00   0.00    0.0  0.005  0.005  0.007  0.005  0.004  0.006
00:36:25 839.61   15.1   31.4   1624    3.7    355    7.3    29.8  -1.8   0.80   3.93 4169.1     0.00   0.00    0.0  0.005  0.005  0.007  0.005  0.004  0.006
00:36:26 839.67   15.0   31.4   1623    3.7    350    7.3    29.8  -1.8   0.80   3.93 4170.1     0.00   0.00    0.0  0.005  0.005  0.007  0.005  0.004  0.006
00:36:28 839.63   15.0   31.5   1624    4.0    356    7.3    29.8  -1.7   0.80   3.95 4172.1     0.00   0.00    0.0  0.005  0.005  0.007  0.005  0.004  0.006
00:36:30 839.66   15.0   31.5   1623    3.7    355    7.3    29.7  -1.8   0.80   3.93 4174.1     0.00   0.00    0.0  0.005  0.005  0.007  0.005  0.004  0.006
00:36:33 839.17   14.9   31.6   1628    4.0    354    7.3    29.7  -1.7   0.80   3.94 4177.1     0.00   0.00    0.0  0.005  0.005  0.007  0.005  0.004  0.006
00:36:34 839.23   14.9   31.7   1628    4.4    359    7.3    29.7  -1.8   0.80   3.93 4178.1     0.00   0.00    0.0  0.005  0.005  0.007  0.005  0.004  0.006
00:36:35 839.36   15.0   31.7   1626    4.7    359    7.3    29.7  -1.7   0.80   3.96 4179.1     0.00   0.00    0.0  0.005  0.005  0.007  0.005  0.004  0.006
00:36:36 839.17   15.0   31.8   1628    4.6    359    7.3    29.8  -1.6   0.80   3.99 4180.1     0.00   0.00    0.0  0.005  0.005  0.007  0.005  0.004  0.006
00:36:40 839.04   14.9   32.1   1630    5.7    355    7.3    29.7  -1.6   0.80   4.00 4184.1     0.00   0.00    0.0  0.005  0.005  0.007  0.005  0.004  0.006
00:36:45 838.63   15.0   32.3   1634    5.5      2    7.3    29.8  -1.5   0.80   4.04 4189.0     0.00   0.00    0.0  0.005  0.005  0.007  0.005  0.004  0.006
00:36:46 838.45   14.9   32.3   1636    5.5      4    7.3    29.8  -1.5   0.80   4.03 4190.0     0.00   0.00    0.0  0.005  0.005  0.006  0.005  0.004  0.006
00:36:47 838.61   15.0   32.3   1634    5.8      5    7.3    29.8  -1.4   0.80   4.06 4191.0     0.00   0.00    0.0  0.005  0.005  0.007  0.005  0.004  0.006
00:36:48 838.68   15.0   32.5   1633    5.8      4    7.3    29.9  -1.3   0.80   4.08 4192.0     0.00   0.00    0.0  0.005  0.005  0.006  0.005  0.004  0.006
00:36:49 838.62   15.0   32.3   1634    5.5      3    7.3    29.9  -1.4   0.80   4.07 4193.0     0.00   0.00    0.0  0.005  0.005  0.007  0.005  0.004  0.006
00:36:51 838.45   15.0   32.3   1636    4.4      2    7.3    29.9  -1.4   0.80   4.05 4195.0     0.00   0.00    0.0  0.005  0.005  0.006  0.005  0.004  0.006
00:36:52 838.33   15.0   32.2   1637    4.2      6    7.3    29.9  -1.5   0.80   4.04 4196.0     0.00   0.00    0.0  0.005  0.005  0.007  0.005  0.004  0.006
00:36:53 838.16   14.9   32.2   1638    4.1     12    7.3    29.8  -1.5   0.80   4.02 4197.0     0.00   0.00    0.0  0.005  0.005  0.007  0.005  0.004  0.006
00:36:54 838.24   15.0   32.1   1638    4.0      3    7.3    29.9  -1.4   0.80   4.05 4198.0     0.00   0.00    0.0  0.005  0.005  0.007  0.005  0.004  0.006
00:36:57 838.38   14.7   31.6   1636    3.4      8    7.3    29.5  -2.0   0.79   3.87 4201.0     0.00   0.00    0.0  0.005  0.005  0.007  0.005  0.004  0.006
00:36:58 838.16   14.8   31.6   1639    3.2     10    7.3    29.7  -1.9   0.80   3.90 4202.0     0.00   0.00    0.0  0.005  0.005  0.006  0.005  0.004  0.006
00:37:00 838.47   14.8   31.5   1635    2.7     22    7.3    29.7  -1.9   0.80   3.90 4204.0     0.00   0.00    0.0  0.005  0.005  0.007  0.005  0.004  0.006
00:37:01 838.22   14.8   31.4   1638    2.5     22    7.3    29.7  -2.0   0.79   3.87 4205.0     0.00   0.00    0.0  0.005  0.005  0.007  0.005  0.004  0.006
00:37:02 838.31   14.9   31.3   1637    2.4     22    7.3    29.8  -1.9   0.80   3.90 4206.0     0.00   0.00    0.0  0.005  0.005  0.006  0.005  0.004  0.006
00:37:03 838.16   14.9   31.2   1639    2.3     21    7.3    29.8  -2.0   0.79   3.86 4207.0     0.00   0.00    0.0  0.005  0.005  0.007  0.005  0.004  0.006
00:37:04 838.35   14.8   31.1   1637    2.1     16    7.3    29.7  -2.1   0.79   3.83 4208.0     0.00   0.00    0.0  0.005  0.005  0.007  0.005  0.004  0.006
00:37:05 838.01   14.9   31.0   1640    2.0     17    7.3    29.8  -2.1   0.79   3.84 4209.0     0.00   0.00    0.0  0.005  0.005  0.007  0.005  0.004  0.006
00:37:06 838.19   14.8   30.9   1638    1.8     15    7.3    29.7  -2.2   0.79   3.80 4210.0     0.00   0.00    0.0  0.005  0.005  0.007  0.005  0.004  0.006
00:37:08 837.76   14.5   31.2   1643    1.6    357    7.3    29.4  -2.3   0.79   3.77 4212.0     0.00   0.00    0.0  0.005  0.005  0.006  0.005  0.004  0.006
00:37:09 838.20   14.5   31.3   1638    1.6    350    7.3    29.4  -2.2   0.79   3.78 4213.0     0.00   0.00    0.0  0.005  0.005  0.007  0.005  0.004  0.006
00:37:10 838.09   14.8   31.2   1639    1.6    351    7.3    29.7  -2.1   0.79   3.85 4214.0     0.00   0.00    0.0  0.005  0.005  0.007  0.005  0.004  0.006
00:37:11 838.04   14.9   31.0   1640    1.6    350    7.3    29.8  -2.1   0.79   3.84 4215.0     0.00   0.00    0.0  0.005  0.005  0.007  0.005  0.004  0.006
00:37:12 838.13   14.5   31.1   1639    1.6    358    7.3    29.4  -2.4   0.79   3.75 4216.0     0.00   0.00    0.0  0.005  0.005  0.007  0.005  0.004  0.006
00:37:13 838.04   14.5   31.3   1640    1.7     11    7.3    29.4  -2.3   0.79   3.77 4217.0     0.00   0.00    0.0  0.005  0.005  0.007  0.005  0.004  0.006
00:37:15 838.13   14.5   31.5   1639    2.3    348    7.3    29.4  -2.2   0.79   3.81 4219.0     0.00   0.00    0.0  0.005  0.005  0.007  0.005  0.004  0.006
00:37:17 837.98   14.5   31.6   1640    2.4    351    7.3    29.4  -2.1   0.79   3.82 4221.0     0.00   0.00    0.0  0.005  0.005  0.007  0.005  0.004  0.006
00:37:19 837.80   14.7   31.4   1642    2.6    358    7.3    29.6  -2.0   0.79   3.85 4223.0     0.00   0.00    0.0  0.005  0.005  0.007  0.005  0.004  0.006
00:37:20 838.24   14.8   31.4   1638    2.7    358    7.3    29.7  -2.0   0.79   3.87 4224.0     0.00   0.00    0.0  0.005  0.005  0.007  0.005  0.004  0.006
00:37:21 838.21   14.6   31.5   1638    2.5    353    7.3    29.5  -2.1   0.79   3.84 4225.0     0.00   0.00    0.0  0.005  0.005  0.007  0.005  0.004  0.006
00:37:22 838.01   14.8   31.5   1640    2.4    341    7.3    29.7  -1.9   0.80   3.89 4226.0     0.00   0.00    0.0  0.005  0.005  0.007  0.005  0.004  0.006
00:37:23 838.19   14.9   31.4   1638    2.3    337    7.3    29.7  -1.9   0.80   3.89 4227.0     0.00   0.00    0.0  0.005  0.005  0.007  0.005  0.004  0.006
00:37:27 838.11   14.8   31.3   1639    2.2    335    7.3    29.7  -2.0   0.79   3.85 4231.0     0.00   0.00    0.0  0.005  0.005  0.007  0.005  0.004  0.006
00:37:29 838.22   14.8   31.2   1638    2.3    334    7.3    29.7  -2.0   0.79   3.85 4233.0     0.00   0.00    0.0  0.005  0.005  0.007  0.005  0.004  0.006
00:37:30 838.17   14.8   31.1   1638    2.3    336    7.3    29.7  -2.1   0.79   3.83 4234.0     0.00   0.00    0.0  0.005  0.005  0.007  0.005  0.004  0.006
00:37:31 838.06   14.8   31.3   1640    2.6    333    7.3    29.7  -2.0   0.79   3.85 4235.0     0.00   0.00    0.0  0.005  0.005  0.007  0.005  0.004  0.006
00:37:33 838.04   14.7   31.4   1640    2.7    333    7.3    29.6  -2.0   0.79   3.86 4237.0     0.00   0.00    0.0  0.005  0.005  0.007  0.005  0.004  0.006
00:37:34 837.90   14.8   31.4   1641    2.8    333    7.3    29.7  -2.0   0.79   3.87 4238.0     0.00   0.00    0.0  0.005  0.005  0.007  0.005  0.004  0.006
00:37:35 838.05   14.7   31.4   1640    2.9    337    7.3    29.6  -2.0   0.79   3.85 4239.0     0.00   0.00    0.0  0.005  0.005  0.007  0.005  0.004  0.006
00:37:36 837.93   14.7   31.5   1641    3.1    333    7.3    29.7  -2.0   0.79   3.87 4240.0     0.00   0.00    0.0  0.005  0.005  0.007  0.005  0.004  0.006
00:37:37 838.11   14.7   31.5   1639    3.2    329    7.3    29.6  -2.0   0.79   3.87 4241.0     0.00   0.00    0.0  0.005  0.005  0.007  0.005  0.004  0.006
00:37:38 838.10   14.8   31.6   1639    3.2    323    7.3    29.7  -1.9   0.80   3.89 4242.0     0.00   0.00    0.0  0.005  0.005  0.007  0.006  0.004  0.006
00:37:39 837.86   14.7   31.6   1642    3.2    330    7.3    29.6  -1.9   0.80   3.89 4243.0     0.00   0.00    0.0  0.005  0.005  0.007  0.005  0.004  0.006
00:37:40 837.86   14.6   31.6   1641    3.3    324    7.3    29.6  -2.0   0.79   3.86 4244.0     0.00   0.00    0.0  0.005  0.005  0.007  0.006  0.004  0.006
00:37:41 837.81   14.7   31.7   1642    3.4    326    7.3    29.7  -1.9   0.80   3.90 4245.0     0.00   0.00    0.0  0.005  0.005  0.007  0.006  0.004  0.006
00:37:42 837.95   14.7   31.8   1641    3.3    325    7.3    29.6  -1.9   0.80   3.90 4246.0     0.00   0.00    0.0  0.005  0.005  0.007  0.005  0.004  0.006
00:37:43 838.13   14.6   31.8   1639    3.5    327    7.3    29.5  -1.9   0.80   3.88 4247.0     0.00   0.00    0.0  0.005  0.005  0.007  0.005  0.004  0.006
00:37:44 838.05   14.7   31.8   1640    3.5    319    7.3    29.6  -1.9   0.80   3.91 4248.0     0.00   0.00    0.0  0.005  0.005  0.007  0.006  0.004  0.006
00:37:45 838.13   14.7   31.9   1639    3.4    314    7.3    29.5  -1.9   0.80   3.90 4249.0     0.00   0.00    0.0  0.005  0.005  0.007  0.005  0.004  0.006
00:37:46 837.70   14.6   31.9   1643    3.2    320    7.3    29.5  -1.9   0.80   3.89 4250.0     0.00   0.00    0.0  0.005  0.005  0.007  0.005  0.004  0.006
00:37:47 837.62   14.7   31.9   1644    3.2    327    7.3    29.6  -1.9   0.80   3.91 4251.0     0.00   0.00    0.0  0.005  0.005  0.007  0.005  0.004  0.006
00:37:48 837.73   14.7   31.8   1643    3.2    335    7.3    29.7  -1.9   0.80   3.91 4252.0     0.00   0.00    0.0  0.005  0.005  0.007  0.005  0.004  0.006
00:37:49 837.80   14.7   31.9   1642    3.2    330    7.3    29.6  -1.9   0.80   3.91 4253.0     0.00   0.00    0.0  0.005  0.005  0.007  0.005  0.004  0.006
00:37:50 838.05   14.7   31.9   1640    3.3    330    7.3    29.6  -1.8   0.80   3.93 4254.0     0.00   0.00    0.0  0.005  0.005  0.007  0.005  0.004  0.006
00:37:51 837.79   14.7   31.9   1642    3.3    336    7.3    29.6  -1.8   0.80   3.92 4255.0     0.00   0.00    0.0  0.005  0.005  0.007  0.005  0.004  0.006
00:37:52 837.93   14.6   31.9   1641    3.4    339    7.3    29.5  -1.9   0.80   3.89 4256.0     0.00   0.00    0.0  0.005  0.005  0.007  0.005  0.004  0.006
00:37:54 837.74   14.7   31.9   1643    3.6    339    7.3    29.6  -1.8   0.80   3.92 4258.0     0.00   0.00    0.0  0.005  0.005  0.007  0.005  0.004  0.006
00:37:59 837.74   14.6   32.0   1643    4.1    345    7.3    29.5  -1.9   0.80   3.91 4263.0     0.00   0.00    0.0  0.005  0.005  0.007  0.005  0.004  0.006
00:38:00 837.46   14.7   32.1   1646    4.0    343    7.3    29.6  -1.8   0.80   3.93 4264.0     0.00   0.00    0.0  0.005  0.005  0.007  0.005  0.004  0.006
00:38:01 837.35   14.6   32.1   1647    3.9    342    7.3    29.6  -1.8   0.80   3.93 4265.0     0.00   0.00    0.0  0.005  0.005  0.007  0.005  0.004  0.006
00:38:04 837.39   14.6   32.1   1646    4.1    343    7.3    29.6  -1.8   0.80   3.94 4268.0     0.00   0.00    0.0  0.005  0.005  0.007  0.005  0.004  0.006
00:38:05 837.52   14.6   32.2   1645    4.1    342    7.3    29.5  -1.8   0.80   3.93 4269.0     0.00   0.00    0.0  0.005  0.005  0.006  0.005  0.004  0.006
00:38:06 837.53   14.6   32.2   1645    4.0    339    7.3    29.6  -1.8   0.80   3.94 4270.0     0.00   0.00    0.0  0.005  0.005  0.007  0.005  0.004  0.006
00:38:09 837.43   14.6   32.3   1646    4.5    341    7.3    29.5  -1.8   0.80   3.94 4273.0     0.00   0.00    0.0  0.005  0.005  0.007  0.005  0.004  0.006
00:38:10 837.33   14.7   32.3   1647    4.6    334    7.3    29.6  -1.7   0.80   3.97 4274.0     0.00   0.00    0.0  0.005  0.005  0.006  0.005  0.004  0.006
00:38:11 837.22   14.6   32.4   1648    4.5    338    7.3    29.6  -1.7   0.80   3.96 4275.0     0.00   0.00    0.0  0.005  0.005  0.007  0.005  0.004  0.006
00:38:12 837.00   14.6   32.4   1650    4.5    336    7.3    29.6  -1.7   0.80   3.97 4276.0     0.00   0.00    0.0  0.005  0.005  0.007  0.005  0.004  0.006
00:38:13 837.24   14.6   32.4   1648    4.3    340    7.3    29.6  -1.7   0.80   3.97 4277.0     0.00   0.00    0.0  0.005  0.005  0.007  0.005  0.004  0.006
00:38:14 837.23   14.6   32.4   1648    4.3    334    7.3    29.6  -1.7   0.80   3.97 4278.0     0.00   0.00    0.0  0.005  0.005  0.007  0.005  0.004  0.006
00:38:15 837.10   14.6   32.4   1649    4.1    343    7.3    29.6  -1.7   0.80   3.96 4279.0     0.00   0.00    0.0  0.005  0.005  0.007  0.005  0.004  0.006
00:38:17 837.13   14.6   32.4   1649    4.0    341    7.3    29.6  -1.7   0.80   3.96 4281.0     0.00   0.00    0.0  0.005  0.005  0.007  0.005  0.004  0.006
00:38:18 837.06   14.6   32.4   1650    4.0    336    7.3    29.7  -1.7   0.80   3.97 4282.0     0.00   0.00    0.0  0.005  0.005  0.007  0.006  0.004  0.006
00:38:19 837.19   14.7   32.3   1648    3.8    332    7.3    29.7  -1.7   0.80   3.97 4283.0     0.00   0.00    0.0  0.005  0.005  0.007  0.005  0.004  0.006
00:38:20 837.07   14.6   32.3   1649    3.8    335    7.3    29.6  -1.8   0.80   3.95 4284.0     0.00   0.00    0.0  0.005  0.005  0.006  0.006  0.004  0.006
00:38:21 837.10   14.6   32.3   1649    3.8    337    7.3    29.6  -1.8   0.80   3.94 4285.0     0.00   0.00    0.0  0.005  0.005  0.006  0.005  0.004  0.006
00:38:25 836.98   14.6   32.3   1650    3.9    338    7.3    29.6  -1.7   0.80   3.96 4288.9     0.00   0.00    0.0  0.005  0.005  0.006  0.005  0.004  0.006
00:38:26 837.01   14.6   32.4   1650    3.9    340    7.3    29.6  -1.8   0.80   3.95 4289.9     0.00   0.00    0.0  0.005  0.005  0.006  0.005  0.004  0.006
00:38:27 836.90   14.6   32.4   1651    4.1    341    7.3    29.6  -1.8   0.80   3.95 4290.9     0.00   0.00    0.0  0.005  0.005  0.007  0.005  0.004  0.006
00:38:28 836.91   14.5   32.3   1651    4.1    342    7.3    29.5  -1.8   0.80   3.93 4291.9     0.00   0.00    0.0  0.005  0.005  0.007  0.005  0.004  0.006
00:38:29 836.81   14.6   32.3   1652    4.0    339    7.3    29.6  -1.8   0.80   3.95 4292.9     0.00   0.00    0.0  0.005  0.005  0.007  0.005  0.004  0.006
00:38:30 836.99   14.6   32.4   1650    3.9    335    7.3    29.6  -1.8   0.80   3.95 4293.9     0.00   0.00    0.0  0.005  0.005  0.007  0.005  0.004  0.006
00:38:31 836.79   14.5   32.4   1652    3.8    335    7.3    29.6  -1.8   0.80   3.94 4294.9     0.00   0.00    0.0  0.005  0.005  0.006  0.005  0.004  0.006
00:38:34 836.78   14.5   32.4   1652    4.0    341    7.3    29.6  -1.8   0.80   3.94 4297.9     0.00   0.00    0.0  0.005  0.005  0.006  0.005  0.004  0.006
00:38:36 836.66   14.6   32.4   1654    3.7    333    7.3    29.6  -1.8   0.80   3.95 4299.9     0.00   0.00    0.0  0.005  0.005  0.007  0.005  0.004  0.006
00:38:37 836.69   14.5   32.5   1653    4.0    328    7.3    29.6  -1.7   0.80   3.96 4300.9     0.00   0.00    0.0  0.005  0.005  0.007  0.005  0.004  0.006
00:38:38 836.68   14.5   32.4   1653    4.1    337    7.3    29.6  -1.8   0.80   3.94 4301.9     0.00   0.00    0.0  0.005  0.005  0.006  0.005  0.004  0.006
00:38:39 836.74   14.5   32.5   1653    4.1    333    7.3    29.6  -1.8   0.80   3.95 4302.9     0.00   0.00    0.0  0.005  0.005  0.006  0.005  0.004  0.006
00:38:42 836.67   14.6   32.5   1654    3.8    334    7.3    29.6  -1.7   0.80   3.97 4305.9     0.00   0.00    0.0  0.005  0.005  0.006  0.005  0.004  0.006
00:38:43 836.80   14.5   32.4   1652    3.8    331    7.3    29.6  -1.8   0.80   3.95 4306.9     0.00   0.00    0.0  0.005  0.005  0.006  0.005  0.004  0.006
00:38:44 836.72   14.5   32.4   1653    3.8    321    7.3    29.6  -1.8   0.80   3.95 4307.9     0.00   0.00    0.0  0.005  0.005  0.007  0.005  0.004  0.006
00:38:45 836.65   14.6   32.4   1654    3.9    316    7.3    29.6  -1.7   0.80   3.97 4308.9     0.00   0.00    0.0  0.005  0.005  0.007  0.005  0.004  0.006
00:38:47 836.71   14.6   32.6   1653    4.0    333    7.3    29.6  -1.7   0.80   3.98 4310.9     0.00   0.00    0.0  0.005  0.005  0.006  0.005  0.004  0.006
00:38:48 836.88   14.6   32.5   1651    3.9    334    7.3    29.6  -1.6   0.80   3.99 4311.9     0.00   0.00    0.0  0.005  0.005  0.006  0.005  0.004  0.006
00:38:49 836.79   14.6   32.5   1652    4.2    338    7.3    29.6  -1.7   0.80   3.97 4312.9     0.00   0.00    0.0  0.005  0.005  0.006  0.005  0.004  0.006
00:38:50 836.58   14.6   32.5   1654    4.1    339    7.3    29.6  -1.7   0.80   3.97 4313.9     0.00   0.00    0.0  0.005  0.005  0.006  0.005  0.004  0.006
00:38:51 836.73   14.6   32.5   1653    4.2    341    7.3    29.6  -1.7   0.80   3.98 4314.9     0.00   0.00    0.0  0.005  0.005  0.006  0.005  0.004  0.006
00:38:53 836.68   14.6   32.5   1653    4.0    346    7.3    29.6  -1.7   0.80   3.97 4316.9     0.00   0.00    0.0  0.005  0.005  0.006  0.005  0.004  0.006
00:38:55 836.52   14.6   32.5   1655    4.0    334    7.3    29.7  -1.7   0.80   3.99 4318.9     0.00   0.00    0.0  0.005  0.005  0.006  0.005  0.004  0.006
00:38:56 836.68   14.6   32.5   1653    4.1    341    7.3    29.6  -1.7   0.80   3.96 4319.9     0.00   0.00    0.0  0.005  0.005  0.007  0.005  0.004  0.006
00:38:58 836.54   14.6   32.5   1655    4.3    343    7.3    29.7  -1.7   0.80   3.98 4321.9     0.00   0.00    0.0  0.005  0.005  0.006  0.005  0.004  0.006
00:38:59 836.65   14.6   32.5   1654    4.7    339    7.3    29.7  -1.6   0.80   3.99 4322.9     0.00   0.00    0.0  0.005  0.005  0.006  0.005  0.004  0.006
00:39:00 836.46   14.5   32.6   1656    4.8    340    7.3    29.6  -1.7   0.80   3.97 4323.9     0.00   0.00    0.0  0.005  0.005  0.006  0.005  0.004  0.006
00:39:01 836.43   14.6   32.6   1656    4.8    347    7.3    29.6  -1.7   0.80   3.98 4324.9     0.00   0.00    0.0  0.005  0.005  0.006  0.005  0.004  0.006
00:39:02 836.20   14.6   32.6   1658    4.8    336    7.3    29.7  -1.6   0.80   3.99 4325.9     0.00   0.00    0.0  0.005  0.005  0.006  0.005  0.004  0.006
00:39:03 836.52   14.5   32.6   1655    4.6    340    7.3    29.6  -1.7   0.80   3.97 4326.9     0.00   0.00    0.0  0.005  0.005  0.006  0.005  0.004  0.006
00:39:05 836.25   14.5   32.5   1658    4.9    344    7.3    29.6  -1.7   0.80   3.96 4328.9     0.00   0.00    0.0  0.005  0.005  0.006  0.005  0.004  0.006
00:39:06 836.25   14.5   32.6   1658    4.8    344    7.3    29.6  -1.7   0.80   3.98 4329.9     0.00   0.00    0.0  0.005  0.005  0.006  0.005  0.004  0.006
00:39:07 836.10   14.5   32.6   1659    5.1    349    7.3    29.6  -1.7   0.80   3.97 4330.9     0.00   0.00    0.0  0.005  0.005  0.006  0.005  0.004  0.006
00:39:10 835.96   14.5   32.6   1661    5.1    350    7.3    29.6  -1.7   0.80   3.96 4333.9     0.00   0.00    0.0  0.005  0.005  0.006  0.005  0.004  0.006
00:39:11 835.80   14.6   32.7   1662    5.3    350    7.3    29.7  -1.6   0.80   4.00 4334.9     0.00   0.00    0.0  0.005  0.005  0.006  0.005  0.004  0.006
00:39:12 836.00   14.6   32.6   1660    5.4    348    7.3    29.7  -1.6   0.80   3.99 4335.9     0.00   0.00    0.0  0.005  0.005  0.006  0.005  0.004  0.006
00:39:14 835.96   14.5   32.6   1661    5.6    350    7.3    29.6  -1.7   0.80   3.98 4337.9     0.00   0.00    0.0  0.005  0.005  0.006  0.005  0.004  0.006
00:39:15 835.62   14.5   32.8   1664    5.5    346    7.3    29.7  -1.6   0.80   4.00 4338.9     0.00   0.00    0.0  0.005  0.005  0.006  0.005  0.004  0.006
00:39:16 835.81   14.5   32.8   1662    5.5    351    7.3    29.7  -1.6   0.80   4.01 4339.9     0.00   0.00    0.0  0.005  0.005  0.006  0.005  0.004  0.006
00:39:17 835.62   14.5   32.8   1664    5.7    349    7.3    29.7  -1.6   0.80   4.00 4340.9     0.00   0.00    0.0  0.005  0.005  0.006  0.005  0.004  0.006
00:39:20 835.16   14.5   32.9   1669    6.0    352    7.3    29.7  -1.6   0.80   4.02 4343.9     0.00   0.00    0.0  0.005  0.005  0.006  0.005  0.004  0.006
00:39:21 835.16   14.5   32.9   1669    5.7    338    7.3    29.7  -1.6   0.80   4.00 4344.9     0.00   0.00    0.0  0.005  0.005  0.006  0.005  0.004  0.006
00:39:22 835.10   14.5   32.9   1669    5.8    346    7.3    29.6  -1.6   0.80   4.00 4345.9     0.00   0.00    0.0  0.005  0.005  0.006  0.005  0.004  0.006
00:39:24 835.01   14.5   33.1   1670    5.4    346    7.3    29.7  -1.5   0.80   4.04 4347.9     0.00   0.00    0.0  0.005  0.005  0.006  0.005  0.004  0.006
00:39:25 835.14   14.5   32.9   1669    5.0    350    7.3    29.7  -1.6   0.80   4.01 4348.9     0.00   0.00    0.0  0.005  0.005  0.006  0.005  0.004  0.006
00:39:26 835.03   14.6   33.0   1670    4.8    355    7.3    29.8  -1.5   0.80   4.05 4349.9     0.00   0.00    0.0  0.005  0.005  0.006  0.005  0.004  0.006
00:39:27 835.00   14.5   33.0   1670    5.1    352    7.3    29.7  -1.5   0.80   4.04 4350.9     0.00   0.00    0.0  0.005  0.005  0.006  0.005  0.004  0.006
00:39:28 834.76   14.5   33.1   1673    5.3    352    7.3    29.8  -1.5   0.80   4.04 4351.9     0.00   0.00    0.0  0.005  0.005  0.006  0.005  0.004  0.006
00:39:29 835.01   14.5   33.0   1670    5.5    352    7.3    29.7  -1.5   0.80   4.03 4352.9     0.00   0.00    0.0  0.005  0.005  0.006  0.005  0.004  0.006
00:39:31 834.90   14.4   33.0   1671    5.5    351    7.3    29.7  -1.6   0.80   4.01 4354.9     0.00   0.00    0.0  0.005  0.005  0.006  0.005  0.004  0.006
00:39:32 834.73   14.5   33.0   1673    5.3    347    7.3    29.7  -1.5   0.80   4.03 4355.9     0.00   0.00    0.0  0.005  0.005  0.006  0.005  0.004  0.006
00:39:33 834.90   14.5   32.9   1671    5.0    334    7.3    29.7  -1.6   0.80   4.00 4356.9     0.00   0.00    0.0  0.005  0.005  0.006  0.005  0.004  0.006
00:39:34 834.77   14.3   32.9   1673    4.7    345    7.3    29.6  -1.7   0.80   3.97 4357.9     0.00   0.00    0.0  0.005  0.005  0.006  0.005  0.004  0.006
00:39:35 835.10   14.4   32.8   1669    4.6    341    7.3    29.6  -1.7   0.80   3.97 4358.9     0.00   0.00    0.0  0.005  0.005  0.006  0.005  0.004  0.006
00:39:37 834.88   14.4   32.9   1672    4.4    334    7.3    29.6  -1.7   0.80   3.97 4360.9     0.00   0.00    0.0  0.005  0.005  0.006  0.005  0.004  0.006
00:39:38 834.63   14.3   32.8   1674    4.4      5    7.3    29.5  -1.8   0.80   3.94 4361.9     0.00   0.00    0.0  0.005  0.005  0.006  0.005  0.004  0.006
00:39:40 834.51   14.3   32.9   1675    4.4    336    7.3    29.6  -1.7   0.80   3.96 4363.9     0.00   0.00    0.0  0.005  0.005  0.006  0.005  0.004  0.006
00:39:41 834.53   14.4   32.9   1675    4.3    340    7.3    29.6  -1.7   0.80   3.98 4364.9     0.00   0.00    0.0  0.005  0.005  0.006  0.005  0.004  0.006
00:39:42 834.65   14.4   32.9   1674    4.2    334    7.3    29.6  -1.7   0.80   3.98 4365.9     0.00   0.00    0.0  0.005  0.005  0.006  0.005  0.004  0.006
00:39:43 834.73   14.4   32.8   1673    4.2    350    7.3    29.6  -1.8   0.80   3.96 4366.9     0.00   0.00    0.0  0.005  0.005  0.006  0.005  0.004  0.006
00:39:44 834.65   14.3   32.7   1674    3.9    350    7.3    29.6  -1.8   0.80   3.94 4367.9     0.00   0.00    0.0  0.005  0.005  0.006  0.005  0.004  0.006
00:39:45 834.87   14.3   32.8   1672    3.8    346    7.3    29.5  -1.8   0.80   3.94 4368.9     0.00   0.00    0.0  0.005  0.005  0.006  0.005  0.004  0.006
00:39:46 834.63   14.4   32.8   1674    3.7    348    7.3    29.7  -1.7   0.80   3.99 4369.9     0.00   0.00    0.0  0.005  0.005  0.006  0.005  0.004  0.006
00:39:48 834.63   14.5   32.7   1674    3.2    341    7.3    29.7  -1.7   0.80   3.97 4371.9     0.00   0.00    0.0  0.005  0.005  0.006  0.005  0.004  0.006
00:39:49 834.56   14.4   32.6   1675    3.0    335    7.3    29.6  -1.8   0.80   3.94 4372.9     0.00   0.00    0.0  0.005  0.005  0.006  0.005  0.004  0.006
00:39:50 834.62   14.4   32.6   1674    3.1    348    7.3    29.7  -1.8   0.80   3.94 4373.9     0.00   0.00    0.0  0.005  0.005  0.006  0.005  0.004  0.006
00:39:53 834.66   14.4   32.5   1674    3.1    355    7.3    29.6  -1.9   0.80   3.92 4376.9     0.00   0.00    0.0  0.005  0.005  0.006  0.005  0.004  0.006
00:39:57 834.57   14.4   32.6   1675    3.3    322    7.3    29.6  -1.8   0.80   3.94 4380.9     0.00   0.00    0.0  0.005  0.005  0.006  0.005  0.004  0.006
00:39:58 834.35   14.3   32.6   1677    3.4    312    7.3    29.6  -1.9   0.80   3.91 4381.9     0.00   0.00    0.0  0.005  0.005  0.006  0.005  0.004  0.006
00:39:59 834.50   14.3   32.6   1675    3.6    333    7.3    29.6  -1.9   0.80   3.92 4382.9     0.00   0.00    0.0  0.005  0.005  0.006  0.005  0.004  0.006
00:40:00 834.58   14.4   32.6   1675    3.5    327    7.3    29.6  -1.8   0.80   3.94 4383.9     0.00   0.00    0.0  0.005  0.005  0.006  0.005  0.004  0.006
00:40:01 834.45   14.4   32.6   1676    3.5    318    7.3    29.7  -1.8   0.80   3.94 4384.9     0.00   0.00    0.0  0.005  0.005  0.006  0.005  0.004  0.006
00:40:02 834.46   14.4   32.6   1676    3.5    321    7.3    29.7  -1.8   0.80   3.95 4385.9     0.00   0.00    0.0  0.005  0.005  0.006  0.005  0.004  0.006
00:40:03 834.62   14.4   32.6   1674    3.6    306    7.3    29.6  -1.9   0.80   3.93 4386.9     0.00   0.00    0.0  0.005  0.005  0.006  0.005  0.004  0.006
00:40:04 834.54   14.3   32.6   1675    3.5    310    7.3    29.6  -1.9   0.80   3.92 4387.8     0.00   0.00    0.0  0.005  0.005  0.006  0.005  0.004  0.006
00:40:07 834.48   14.3   32.6   1676    3.1    331    7.3    29.6  -1.9   0.80   3.92 4390.8     0.00   0.00    0.0  0.005  0.005  0.006  0.005  0.004  0.006
00:40:08 834.45   14.3   32.6   1676    3.1    325    7.3    29.6  -1.9   0.80   3.92 4391.8     0.00   0.00    0.0  0.005  0.005  0.006  0.005  0.004  0.006
00:40:09 834.45   14.2   32.6   1676    3.1    347    7.3    29.5  -2.0   0.80   3.90 4392.8     0.00   0.00    0.0  0.005  0.005  0.006  0.005  0.004  0.006
00:40:11 834.47   14.4   32.5   1676    3.2    341    7.3    29.7  -1.8   0.80   3.93 4394.8     0.00   0.00    0.0  0.005  0.005  0.006  0.005  0.004  0.006
00:40:12 834.43   14.4   32.5   1676    3.2    331    7.3    29.6  -1.9   0.80   3.92 4395.8     0.00   0.00    0.0  0.005  0.005  0.006  0.005  0.004  0.006
00:40:14 834.43   14.4   32.5   1676    3.1    325    7.3    29.6  -1.9   0.80   3.92 4397.8     0.00   0.00    0.0  0.005  0.005  0.006  0.005  0.004  0.006
00:40:15 834.51   14.3   32.5   1675    3.2    326    7.3    29.6  -1.9   0.80   3.90 4398.8     0.00   0.00    0.0  0.005  0.005  0.006  0.005  0.004  0.006
00:40:16 834.57   14.4   32.5   1675    3.2    333    7.3    29.7  -1.9   0.80   3.93 4399.8     0.00   0.00    0.0  0.005  0.005  0.006  0.005  0.004  0.006
00:40:19 834.28   14.3   32.5   1678    3.7    344    7.3    29.6  -1.9   0.80   3.92 4402.8     0.00   0.00    0.0  0.005  0.005  0.006  0.005  0.004  0.006
00:40:20 834.15   14.4   32.6   1679    3.7    352    7.3    29.7  -1.8   0.80   3.94 4403.8     0.00   0.00    0.0  0.005  0.005  0.006  0.005  0.004  0.006
00:40:21 834.24   14.3   32.6   1678    3.8    337    7.3    29.6  -1.9   0.80   3.92 4404.8     0.00   0.00    0.0  0.005  0.005  0.006  0.005  0.004  0.006
00:40:24 834.29   14.4   32.6   1678    3.4    330    7.3    29.6  -1.8   0.80   3.94 4407.8     0.00   0.00    0.0  0.005  0.005  0.006  0.005  0.004  0.006
00:40:25 834.29   14.3   32.5   1678    3.2    347    7.3    29.5  -1.9   0.80   3.90 4408.8     0.00   0.00    0.0  0.005  0.005  0.006  0.005  0.004  0.006
00:40:26 834.26   14.3   32.6   1678    3.3    341    7.3    29.6  -1.8   0.80   3.93 4409.8     0.00   0.00    0.0  0.005  0.005  0.006  0.005  0.004  0.006
00:40:27 834.30   14.4   32.6   1677    3.5    333    7.3    29.7  -1.8   0.80   3.95 4410.8     0.00   0.00    0.0  0.005  0.005  0.006  0.005  0.004  0.006
00:40:28 834.29   14.4   32.6   1678    3.5    316    7.3    29.6  -1.8   0.80   3.94 4411.8     0.00   0.00    0.0  0.005  0.005  0.006  0.005  0.004  0.006
00:40:32 833.97   14.3   32.7   1681    3.1    310    7.3    29.6  -1.9   0.80   3.93 4415.8     0.00   0.00    0.0  0.005  0.005  0.006  0.005  0.004  0.006
00:40:34 833.86   14.3   32.8   1682    3.3    296    7.3    29.6  -1.8   0.80   3.94 4417.8     0.00   0.00    0.0  0.005  0.005  0.006  0.005  0.004  0.006
00:40:35 834.04   14.3   32.8   1680    3.4    309    7.3    29.6  -1.8   0.80   3.94 4418.8     0.00   0.00    0.0  0.005  0.005  0.006  0.005  0.004  0.006
00:40:36 833.85   14.3   32.8   1682    3.4    311    7.3    29.6  -1.8   0.80   3.95 4419.8     0.00   0.00    0.0  0.005  0.005  0.006  0.005  0.004  0.006
00:40:38 833.66   14.3   33.0   1684    3.5    260    7.3    29.6  -1.7   0.80   3.97 4421.8     0.00   0.00    0.0  0.005  0.005  0.006  0.005  0.004  0.006
00:40:40 833.79   14.2   33.1   1683    4.0    257    7.3    29.6  -1.8   0.80   3.97 4423.8     0.00   0.00    0.0  0.005  0.005  0.006  0.005  0.004  0.006
00:40:41 833.59   14.3   33.1   1685    3.8    258    7.3    29.6  -1.7   0.80   3.98 4424.8     0.00   0.00    0.0  0.005  0.005  0.006  0.005  0.004  0.006
00:40:44 833.64   14.3   33.1   1684    3.4    262    7.3    29.6  -1.7   0.80   3.98 4427.8     0.00   0.00    0.0  0.005  0.005  0.006  0.005  0.004  0.006
00:40:45 833.56   14.3   33.1   1685    3.3    238    7.3    29.6  -1.7   0.80   3.98 4428.8     0.00   0.00    0.0  0.005  0.005  0.006  0.005  0.004  0.006
00:40:46 833.36   14.3   33.1   1687    3.3    244    7.3    29.7  -1.7   0.80   3.99 4429.8     0.00   0.00    0.0  0.005  0.005  0.006  0.005  0.004  0.006
00:40:47 833.70   14.3   33.1   1683    3.5    258    7.3    29.6  -1.7   0.80   3.97 4430.8     0.00   0.00    0.0  0.005  0.005  0.006  0.005  0.004  0.006
00:40:49 833.56   14.2   33.1   1685    3.6    295    7.3    29.6  -1.7   0.80   3.98 4432.8     0.00   0.00    0.0  0.005  0.005  0.006  0.005  0.004  0.006
00:40:51 833.38   14.3   33.1   1687    3.3    277    7.3    29.6  -1.7   0.80   3.99 4434.8     0.00   0.00    0.0  0.005  0.005  0.006  0.005  0.004  0.006
00:40:52 833.34   14.2   33.1   1687    3.2    279    7.3    29.5  -1.8   0.80   3.96 4435.8     0.00   0.00    0.0  0.005  0.005  0.006  0.005  0.004  0.006
00:40:54 833.28   14.1   33.2   1688    3.0    300    7.3    29.5  -1.8   0.80   3.94 4437.8     0.00   0.00    0.0  0.005  0.005  0.006  0.005  0.004  0.006
00:40:56 833.24   14.4   33.0   1688    2.9    303    7.3    29.7  -1.7   0.80   3.99 4439.8     0.00   0.00    0.0  0.005  0.005  0.006  0.005  0.004  0.006
00:40:58 833.28   14.3   32.9   1688    2.9    309    7.3    29.7  -1.7   0.80   3.97 4441.8     0.00   0.00    0.0  0.005  0.005  0.006  0.005  0.004  0.006
00:41:00 833.18   14.3   32.9   1689    3.0    300    7.3    29.7  -1.8   0.80   3.95 4443.8     0.00   0.00    0.0  0.005  0.005  0.006  0.005  0.004  0.006
00:41:01 833.36   14.3   32.9   1687    3.1    306    7.3    29.7  -1.8   0.80   3.96 4444.8     0.00   0.00    0.0  0.005  0.005  0.006  0.005  0.004  0.006
00:41:04 833.16   14.3   32.8   1689    3.0    302    7.3    29.7  -1.8   0.80   3.94 4447.8     0.00   0.00    0.0  0.005  0.005  0.006  0.005  0.004  0.006
00:41:05 832.83   14.3   32.8   1692    2.9    309    7.3    29.7  -1.8   0.80   3.94 4448.8     0.00   0.00    0.0  0.005  0.005  0.006  0.005  0.004  0.006
00:41:06 832.75   14.3   32.7   1693    2.8    315    7.3    29.7  -1.9   0.80   3.93 4449.8     0.00   0.00    0.0  0.005  0.005  0.006  0.005  0.004  0.006
00:41:07 832.79   14.3   32.7   1693    2.8    319    7.3    29.7  -1.8   0.80   3.94 4450.8     0.00   0.00    0.0  0.005  0.005  0.006  0.005  0.004  0.006
00:41:08 832.92   14.3   32.6   1691    2.6    319    7.3    29.8  -1.8   0.80   3.94 4451.8     0.00   0.00    0.0  0.005  0.005  0.006  0.005  0.004  0.006
00:41:09 832.83   14.3   32.7   1692    2.7    312    7.3    29.7  -1.9   0.80   3.93 4452.8     0.00   0.00    0.0  0.005  0.005  0.006  0.005  0.004  0.006
00:41:10 832.86   14.3   32.6   1692    2.7    308    7.3    29.7  -1.9   0.80   3.92 4453.8     0.00   0.00    0.0  0.005  0.005  0.006  0.005  0.004  0.006
00:41:18 832.39   14.1   32.8   1697    3.2    311    7.3    29.6  -2.0   0.80   3.90 4461.8     0.00   0.00    0.0  0.005  0.005  0.006  0.005  0.004  0.006
00:41:19 832.38   14.2   32.8   1697    3.3    309    7.3    29.7  -1.9   0.80   3.94 4462.8     0.00   0.00    0.0  0.005  0.005  0.006  0.005  0.004  0.006
00:41:20 832.28   14.2   32.8   1698    3.3    322    7.3    29.6  -1.9   0.80   3.92 4463.8     0.00   0.00    0.0  0.005  0.005  0.006  0.005  0.004  0.006
00:41:21 832.42   14.2   32.8   1696    3.5    323    7.3    29.6  -1.9   0.80   3.92 4464.8     0.00   0.00    0.0  0.005  0.005  0.006  0.005  0.004  0.006
00:41:23 832.44   14.2   32.9   1696    3.3    319    7.3    29.7  -1.9   0.80   3.94 4466.8     0.00   0.00    0.0  0.005  0.005  0.006  0.005  0.004  0.006
00:41:25 832.27   14.2   32.8   1698    3.2    318    7.3    29.6  -1.9   0.80   3.92 4468.8     0.00   0.00    0.0  0.005  0.005  0.006  0.005  0.004  0.006
00:41:27 832.05   14.2   32.9   1700    3.2    315    7.3    29.7  -1.9   0.80   3.94 4470.8     0.00   0.00    0.0  0.005  0.005  0.006  0.005  0.004  0.006
00:41:28 832.16   14.2   32.8   1699    3.2    323    7.3    29.7  -1.9   0.80   3.92 4471.8     0.00   0.00    0.0  0.005  0.005  0.006  0.005  0.004  0.006
00:41:29 832.14   14.2   32.8   1699    3.3    319    7.3    29.7  -1.9   0.80   3.93 4472.8     0.00   0.00    0.0  0.005  0.005  0.006  0.005  0.004  0.006
00:41:30 832.18   14.2   32.8   1699    3.2    323    7.3    29.7  -1.9   0.80   3.92 4473.8     0.00   0.00    0.0  0.005  0.005  0.006  0.005  0.004  0.006
00:41:35 831.62   14.2   33.0   1705    3.2    341    7.3    29.7  -1.8   0.80   3.95 4478.8     0.00   0.00    0.0  0.005  0.005  0.006  0.005  0.004  0.006
00:41:36 832.03   14.1   33.1   1700    3.3    329    7.3    29.6  -1.8   0.80   3.94 4479.8     0.00   0.00    0.0  0.005  0.005  0.006  0.005  0.004  0.006
00:41:37 831.74   14.2   33.1   1703    3.4    339    7.3    29.8  -1.8   0.80   3.97 4480.8     0.00   0.00    0.0  0.005  0.005  0.006  0.005  0.004  0.006
00:41:38 831.58   14.3   33.2   1705    3.6    329    7.3    29.8  -1.7   0.80   4.00 4481.8     0.00   0.00    0.0  0.005  0.005  0.006  0.005  0.004  0.006
00:41:39 831.93   14.2   33.1   1701    3.6    335    7.3    29.7  -1.8   0.80   3.97 4482.8     0.00   0.00    0.0  0.005  0.005  0.006  0.005  0.004  0.006
00:41:40 831.72   14.2   33.1   1704    3.5    337    7.3    29.7  -1.8   0.80   3.96 4483.8     0.00   0.00    0.0  0.005  0.005  0.006  0.005  0.004  0.006
00:41:41 831.61   14.2   33.1   1705    3.9    336    7.3    29.8  -1.8   0.80   3.97 4484.8     0.00   0.00    0.0  0.005  0.005  0.006  0.005  0.004  0.006
00:41:43 831.44   14.3   33.1   1706    3.9    341    7.3    29.8  -1.7   0.80   3.98 4486.8     0.00   0.00    0.0  0.005  0.005  0.006  0.005  0.004  0.006
00:41:44 831.63   14.2   33.1   1704    3.9    337    7.3    29.8  -1.8   0.80   3.98 4487.8     0.00   0.00    0.0  0.005  0.005  0.006  0.005  0.004  0.006
00:41:48 831.28   14.3   33.2   1708    3.8    347    7.3    29.9  -1.7   0.80   4.01 4491.7     0.00   0.00    0.0  0.005  0.005  0.006  0.005  0.004  0.006
00:41:49 831.11   14.3   33.2   1710    3.8    345    7.3    29.9  -1.7   0.80   4.01 4492.7     0.00   0.00    0.0  0.005  0.005  0.006  0.005  0.004  0.006
00:41:50 830.98   14.3   33.2   1711    3.7    336    7.3    29.9  -1.7   0.80   4.00 4493.7     0.00   0.00    0.0  0.005  0.005  0.006  0.005  0.004  0.006
00:41:54 830.98   14.1   33.1   1711    4.0    328    7.3    29.7  -1.9   0.80   3.94 4497.7     0.00   0.00    0.0  0.005  0.005  0.006  0.005  0.004  0.006
00:41:56 830.91   14.1   33.0   1712    3.8    335    7.3    29.7  -1.9   0.80   3.92 4499.7     0.00   0.00    0.0  0.005  0.005  0.006  0.005  0.004  0.006
00:41:57 830.80   14.1   33.0   1713    3.6    330    7.3    29.8  -1.9   0.80   3.94 4500.7     0.00   0.00    0.0  0.005  0.005  0.006  0.005  0.004  0.006
00:41:58 830.96   14.1   33.0   1711    3.5    334    7.3    29.7  -1.9   0.80   3.92 4501.7     0.00   0.00    0.0  0.005  0.005  0.006  0.005  0.004  0.006
00:42:00 830.98   14.0   32.9   1711    3.3    336    7.3    29.6  -2.0   0.80   3.90 4503.7     0.00   0.00    0.0  0.005  0.005  0.006  0.005  0.004  0.006
00:42:02 830.48   14.1   33.0   1716    3.0    331    7.3    29.8  -1.9   0.80   3.93 4505.7     0.00   0.00    0.0  0.005  0.005  0.006  0.005  0.004  0.006
00:42:03 830.55   14.1   32.9   1715    2.8    328    7.3    29.8  -1.9   0.80   3.92 4506.7     0.00   0.00    0.0  0.005  0.005  0.006  0.005  0.004  0.006
00:42:04 830.47   14.0   32.9   1716    2.8    328    7.3    29.7  -2.0   0.80   3.90 4507.7     0.00   0.00    0.0  0.005  0.005  0.006  0.005  0.004  0.006
00:42:05 830.53   13.9   33.0   1716    2.8    322    7.3    29.5  -2.1   0.79   3.86 4508.7     0.00   0.00    0.0  0.005  0.005  0.006  0.005  0.004  0.006
00:42:07 830.55   14.0   33.1   1715    2.6    319    7.3    29.7  -2.0   0.80   3.92 4510.7     0.00   0.00    0.0  0.005  0.005  0.006  0.005  0.004  0.006
00:42:10 830.31   14.0   33.0   1718    2.3    339    7.3    29.7  -2.0   0.80   3.90 4513.7     0.00   0.00    0.0  0.005  0.005  0.006  0.005  0.004  0.006
00:42:11 830.23   13.9   33.0   1719    2.1    343    7.3    29.5  -2.1   0.79   3.86 4514.7     0.00   0.00    0.0  0.005  0.005  0.006  0.005  0.004  0.006
00:42:12 830.37   13.8   33.2   1717    2.0    331    7.3    29.5  -2.1   0.80   3.88 4515.7     0.00   0.00    0.0  0.005  0.005  0.006  0.005  0.004  0.006
00:42:13 830.30   14.0   33.2   1718    2.0    324    7.3    29.7  -1.9   0.80   3.93 4516.7     0.00   0.00    0.0  0.005  0.005  0.006  0.005  0.004  0.006
00:42:14 830.11   14.0   33.3   1720    2.0    316    7.3    29.7  -1.9   0.80   3.95 4517.7     0.00   0.00    0.0  0.005  0.005  0.006  0.005  0.004  0.006
00:42:15 830.09   13.9   33.3   1720    2.1    319    7.3    29.6  -1.9   0.80   3.93 4518.7     0.00   0.00    0.0  0.005  0.005  0.006  0.005  0.004  0.006
00:42:16 830.27   14.0   33.5   1718    2.1    323    7.3    29.6  -1.9   0.80   3.95 4519.7     0.00   0.00    0.0  0.005  0.005  0.006  0.005  0.004  0.006
00:42:17 830.09   13.9   33.4   1720    2.1    329    7.3    29.6  -1.9   0.80   3.94 4520.7     0.00   0.00    0.0  0.005  0.005  0.006  0.005  0.004  0.006
00:42:18 829.94   13.9   33.4   1722    2.2    342    7.3    29.6  -1.9   0.80   3.92 4521.7     0.00   0.00    0.0  0.005  0.005  0.006  0.005  0.004  0.006
00:42:19 830.08   14.1   33.3   1720    2.3    344    7.3    29.8  -1.8   0.80   3.96 4522.7     0.00   0.00    0.0  0.005  0.005  0.006  0.005  0.004  0.006
00:42:21 830.01   14.1   33.0   1721    2.3    347    7.3    29.8  -1.9   0.80   3.94 4524.7     0.00   0.00    0.0  0.005  0.005  0.006  0.005  0.004  0.006
00:42:22 830.01   14.1   32.8   1721    2.3    338    7.3    29.8  -2.0   0.80   3.91 4525.7     0.00   0.00    0.0  0.005  0.005  0.006  0.005  0.004  0.006
00:42:23 830.20   14.1   32.8   1719    2.2    338    7.3    29.8  -2.0   0.80   3.90 4526.7     0.00   0.00    0.0  0.005  0.005  0.006  0.005  0.004  0.006
00:42:24 830.06   14.0   32.5   1720    2.1    341    7.3    29.7  -2.1   0.79   3.86 4527.7     0.00   0.00    0.0  0.005  0.005  0.006  0.005  0.004  0.006
00:42:25 830.16   14.2   32.5   1719    1.9    346    7.3    29.9  -2.1   0.80   3.88 4528.7     0.00   0.00    0.0  0.005  0.005  0.006  0.005  0.004  0.006
00:42:26 830.10   14.1   32.6   1720    1.9    348    7.3    29.7  -2.1   0.79   3.86 4529.7     0.00   0.00    0.0  0.005  0.005  0.006  0.005  0.004  0.006
00:42:27 830.13   14.0   32.6   1720    1.9    346    7.3    29.7  -2.1   0.79   3.85 4530.7     0.00   0.00    0.0  0.005  0.005  0.006  0.005  0.004  0.006
00:42:30 830.08   14.1   32.5   1720    2.0    344    7.3    29.8  -2.1   0.79   3.87 4533.7     0.00   0.00    0.0  0.005  0.005  0.006  0.005  0.004  0.006
00:42:31 830.20   14.1   32.6   1719    2.3    344    7.3    29.8  -2.1   0.80   3.88 4534.7     0.00   0.00    0.0  0.005  0.005  0.006  0.006  0.004  0.006
00:42:32 830.18   14.1   32.6   1719    2.4    341    7.3    29.8  -2.1   0.79   3.88 4535.7     0.00   0.00    0.0  0.005  0.005  0.006  0.005  0.004  0.006
00:42:33 830.16   14.0   32.6   1719    2.6    342    7.3    29.6  -2.2   0.79   3.84 4536.7     0.00   0.00    0.0  0.005  0.005  0.006  0.005  0.004  0.006
00:42:35 830.39   14.1   32.6   1717    3.0    341    7.3    29.8  -2.1   0.80   3.88 4538.7     0.00   0.00    0.0  0.005  0.005  0.006  0.005  0.004  0.006
00:42:38 830.39   14.0   32.7   1717    3.3    340    7.3    29.6  -2.1   0.79   3.86 4541.7     0.00   0.00    0.0  0.005  0.005  0.006  0.005  0.004  0.006
00:42:39 830.37   14.0   32.9   1717    3.6    338    7.3    29.6  -2.1   0.79   3.87 4542.7     0.00   0.00    0.0  0.005  0.005  0.006  0.005  0.004  0.006
00:42:40 830.24   14.0   32.8   1719    3.4    332    7.3    29.7  -2.0   0.80   3.89 4543.7     0.00   0.00    0.0  0.005  0.005  0.006  0.005  0.004  0.006
00:42:41 830.38   14.0   32.9   1717    3.2    327    7.3    29.7  -2.0   0.80   3.90 4544.7     0.00   0.00    0.0  0.005  0.005  0.006  0.005  0.004  0.006
00:42:42 830.41   14.1   32.9   1717    3.0    328    7.3    29.7  -2.0   0.80   3.91 4545.7     0.00   0.00    0.0  0.005  0.005  0.006  0.005  0.004  0.006
00:42:43 830.39   14.0   32.8   1717    2.9    339    7.3    29.7  -2.0   0.80   3.89 4546.7     0.00   0.00    0.0  0.005  0.005  0.006  0.005  0.004  0.006
00:42:47 830.45   14.0   32.5   1716    2.3    354    7.3    29.7  -2.2   0.79   3.85 4550.7     0.00   0.00    0.0  0.005  0.005  0.006  0.005  0.004  0.006
00:42:50 830.81   14.0   32.5   1713    2.1    346    7.3    29.6  -2.2   0.79   3.84 4553.7     0.00   0.00    0.0  0.005  0.005  0.006  0.005  0.004  0.006
00:42:52 830.85   14.2   32.3   1712    2.0    348    7.3    29.8  -2.1   0.79   3.87 4555.7     0.00   0.00    0.0  0.005  0.005  0.006  0.006  0.004  0.006
00:42:54 830.90   14.0   32.4   1712    2.1    332    7.3    29.6  -2.2   0.79   3.82 4557.7     0.00   0.00    0.0  0.005  0.005  0.006  0.005  0.004  0.006
00:42:58 831.23   14.2   32.2   1709    2.0    351    7.3    29.8  -2.2   0.79   3.84 4561.7     0.00   0.00    0.0  0.005  0.005  0.006  0.005  0.004  0.006
00:42:59 831.17   14.1   32.2   1709    1.9    341    7.3    29.7  -2.3   0.79   3.81 4562.7     0.00   0.00    0.0  0.005  0.005  0.006  0.005  0.004  0.006
00:43:00 831.09   13.9   32.3   1710    1.9    328    7.3    29.5  -2.3   0.79   3.79 4563.7     0.00   0.00    0.0  0.005  0.005  0.006  0.005  0.004  0.006
00:43:01 831.12   14.2   32.3   1710    2.0    320    7.3    29.7  -2.1   0.79   3.85 4564.7     0.00   0.00    0.0  0.005  0.005  0.006  0.006  0.004  0.006
00:43:02 831.01   14.2   32.2   1711    2.1    320    7.3    29.8  -2.1   0.79   3.86 4565.7     0.00   0.00    0.0  0.005  0.005  0.006  0.006  0.004  0.006
00:43:03 831.43   14.2   32.1   1706    2.1    325    7.3    29.8  -2.2   0.79   3.84 4566.7     0.00   0.00    0.0  0.005  0.005  0.006  0.006  0.004  0.006
00:43:04 831.10   14.1   32.3   1710    2.1    307    7.3    29.6  -2.3   0.79   3.82 4567.7     0.00   0.00    0.0  0.005  0.005  0.006  0.005  0.004  0.006
00:43:08 831.53   14.2   32.2   1706    2.1    315    7.3    29.7  -2.2   0.79   3.83 4571.7     0.00   0.00    0.0  0.005  0.005  0.006  0.005  0.004  0.006
00:43:09 831.46   14.2   32.1   1706    2.1    302    7.3    29.7  -2.2   0.79   3.83 4572.7     0.00   0.00    0.0  0.005  0.005  0.006  0.005  0.004  0.006
00:43:10 831.68   14.0   32.3   1704    2.0    287    7.3    29.5  -2.3   0.79   3.79 4573.7     0.00   0.00    0.0  0.005  0.005  0.006  0.006  0.004  0.006
00:43:11 831.68   14.1   32.4   1704    2.0    285    7.3    29.6  -2.1   0.79   3.85 4574.7     0.00   0.00    0.0  0.005  0.006  0.006  0.005  0.004  0.006
00:43:12 831.58   14.0   32.4   1705    2.0    295    7.3    29.5  -2.3   0.79   3.80 4575.7     0.00   0.00    0.0  0.005  0.005  0.006  0.006  0.004  0.006
00:43:13 831.65   14.0   32.4   1704    1.9    311    7.3    29.5  -2.3   0.79   3.80 4576.7     0.00   0.00    0.0  0.005  0.005  0.006  0.005  0.004  0.006
00:43:14 831.65   14.2   32.4   1704    1.9    304    7.3    29.8  -2.1   0.79   3.87 4577.7     0.00   0.00    0.0  0.005  0.005  0.006  0.006  0.004  0.006
00:43:15 831.65   14.2   32.4   1704    1.9    310    7.3    29.7  -2.1   0.79   3.86 4578.7     0.00   0.00    0.0  0.005  0.005  0.007  0.006  0.004  0.006
00:43:18 831.78   14.1   32.3   1703    2.0    311    7.3    29.6  -2.2   0.79   3.83 4581.7     0.00   0.00    0.0  0.005  0.005  0.006  0.005  0.004  0.006
00:43:20 832.02   14.2   32.1   1701    1.9    332    7.3    29.7  -2.2   0.79   3.83 4583.7     0.00   0.00    0.0  0.005  0.005  0.006  0.006  0.004  0.006
00:43:21 831.71   14.1   32.2   1704    2.0    326    7.3    29.6  -2.3   0.79   3.81 4584.7     0.00   0.00    0.0  0.005  0.005  0.006  0.006  0.004  0.006
00:43:23 831.93   14.0   32.5   1701    2.1    295    7.3    29.5  -2.2   0.79   3.83 4586.7     0.00   0.00    0.0  0.005  0.006  0.006  0.006  0.004  0.006
00:43:25 832.07   14.2   32.6   1700    2.1    292    7.3    29.7  -2.0   0.80   3.90 4588.7     0.00   0.00    0.0  0.005  0.005  0.006  0.006  0.004  0.006
00:43:26 832.09   14.0   32.7   1700    2.2    300    7.3    29.5  -2.1   0.79   3.85 4589.6     0.00   0.00    0.0  0.005  0.005  0.006  0.006  0.004  0.006
00:43:27 832.12   14.0   32.8   1700    2.3    298    7.3    29.5  -2.1   0.79   3.86 4590.6     0.00   0.00    0.0  0.005  0.005  0.006  0.006  0.004  0.006
00:43:30 832.03   14.1   32.7   1700    2.3    326    7.3    29.6  -2.0   0.80   3.89 4593.6     0.00   0.00    0.0  0.005  0.006  0.006  0.006  0.004  0.006
00:43:32 832.34   14.2   32.7   1697    2.1    314    7.3    29.7  -1.9   0.80   3.91 4595.6     0.00   0.00    0.0  0.005  0.006  0.006  0.006  0.004  0.006
00:43:33 832.42   14.2   32.6   1696    2.1    317    7.3    29.7  -2.0   0.80   3.90 4596.6     0.00   0.00    0.0  0.005  0.006  0.006  0.006  0.004  0.006
00:43:34 832.40   14.2   32.6   1697    2.1    320    7.3    29.7  -2.0   0.80   3.89 4597.6     0.00   0.00    0.0  0.005  0.006  0.007  0.006  0.004  0.006
00:43:35 832.37   14.2   32.5   1697    2.1    327    7.3    29.7  -2.0   0.80   3.89 4598.6     0.00   0.00    0.0  0.005  0.005  0.007  0.005  0.004  0.006
00:43:36 832.52   14.2   32.5   1696    2.1    331    7.3    29.7  -2.0   0.80   3.88 4599.6     0.00   0.00    0.0  0.005  0.005  0.006  0.006  0.004  0.006
00:43:37 832.49   14.2   32.4   1696    2.3    330    7.3    29.7  -2.0   0.80   3.88 4600.6     0.00   0.00    0.0  0.005  0.006  0.006  0.006  0.004  0.006
00:43:42 832.55   14.3   32.3   1695    2.1    327    7.3    29.7  -2.0   0.79   3.88 4605.6     0.00   0.00    0.0  0.005  0.006  0.007  0.006  0.004  0.006
00:43:43 832.76   14.3   32.2   1693    2.0    326    7.3    29.7  -2.1   0.79   3.87 4606.6     0.00   0.00    0.0  0.005  0.005  0.006  0.006  0.004  0.006
00:43:44 832.57   14.4   32.2   1695    1.9    323    7.3    29.8  -2.0   0.80   3.89 4607.6     0.00   0.00    0.0  0.005  0.006  0.006  0.006  0.004  0.006
00:43:45 832.77   14.3   32.1   1693    1.9    320    7.3    29.8  -2.0   0.79   3.87 4608.6     0.00   0.00    0.0  0.005  0.006  0.006  0.006  0.004  0.006
00:43:46 832.83   14.3   32.2   1692    1.8    313    7.3    29.7  -2.1   0.79   3.87 4609.6     0.00   0.00    0.0  0.005  0.005  0.007  0.006  0.004  0.006
00:43:48 832.81   14.2   32.2   1693    1.9    328    7.3    29.7  -2.1   0.79   3.84 4611.6     0.00   0.00    0.0  0.005  0.005  0.006  0.006  0.004  0.006
00:43:50 832.84   14.3   32.1   1692    2.1    328    7.3    29.7  -2.1   0.79   3.86 4613.6     0.00   0.00    0.0  0.005  0.005  0.006  0.006  0.004  0.006
00:43:53 832.89   14.3   32.0   1692    2.1    345    7.3    29.7  -2.2   0.79   3.84 4616.6     0.00   0.00    0.0  0.005  0.006  0.006  0.006  0.004  0.006
00:43:55 832.92   14.4   31.8   1691    2.0    349    7.3    29.8  -2.1   0.79   3.85 4618.6     0.00   0.00    0.0  0.005  0.006  0.006  0.006  0.004  0.006
00:43:56 832.97   14.1   31.9   1691    2.0    342    7.3    29.5  -2.4   0.79   3.77 4619.6     0.00   0.00    0.0  0.005  0.006  0.006  0.006  0.004  0.006
00:43:57 833.28   14.4   32.0   1688    2.1    336    7.3    29.7  -2.1   0.79   3.85 4620.6     0.00   0.00    0.0  0.005  0.006  0.006  0.006  0.004  0.006
00:43:58 833.25   14.3   31.9   1688    2.3    338    7.3    29.7  -2.2   0.79   3.84 4621.6     0.00   0.00    0.0  0.005  0.005  0.006  0.006  0.004  0.006
00:43:59 833.27   14.4   31.9   1688    2.4    338    7.3    29.7  -2.1   0.79   3.84 4622.6     0.00   0.00    0.0  0.005  0.006  0.006  0.006  0.004  0.006
00:44:01 833.35   14.4   32.1   1687    2.4    328    7.3    29.8  -2.0   0.79   3.87 4624.6     0.00   0.00    0.0  0.005  0.006  0.006  0.006  0.004  0.006
00:44:03 833.46   14.4   32.0   1686    2.4    331    7.3    29.7  -2.1   0.79   3.86 4626.6     0.00   0.00    0.0  0.005  0.006  0.007  0.006  0.004  0.006
00:44:04 833.17   14.4   32.0   1689    2.4    327    7.3    29.7  -2.1   0.79   3.85 4627.6     0.00   0.00    0.0  0.005  0.006  0.006  0.006  0.004  0.006
00:44:06 833.35   14.3   32.1   1687    2.5    335    7.3    29.6  -2.1   0.79   3.84 4629.6     0.00   0.00    0.0  0.005  0.006  0.007  0.006  0.004  0.006
00:44:07 833.55   14.5   32.0   1685    2.5    333    7.3    29.8  -2.0   0.80   3.89 4630.6     0.00   0.00    0.0  0.005  0.006  0.007  0.006  0.004  0.006
00:44:08 833.69   14.5   32.0   1684    2.5    334    7.3    29.8  -2.0   0.80   3.89 4631.6     0.00   0.00    0.0  0.005  0.005  0.006  0.006  0.004  0.006
00:44:09 833.82   14.4   32.0   1682    2.6    332    7.3    29.7  -2.1   0.79   3.87 4632.6     0.00   0.00    0.0  0.005  0.006  0.007  0.006  0.004  0.006
00:44:10 833.53   14.4   32.0   1685    2.6    335    7.3    29.7  -2.1   0.79   3.86 4633.6     0.00   0.00    0.0  0.005  0.006  0.006  0.006  0.004  0.006
00:44:11 833.48   14.4   32.0   1686    2.5    339    7.3    29.7  -2.1   0.79   3.86 4634.6     0.00   0.00    0.0  0.005  0.006  0.006  0.006  0.004  0.006
00:44:12 833.51   14.4   32.0   1685    2.5    340    7.3    29.8  -2.1   0.79   3.86 4635.6     0.00   0.00    0.0  0.005  0.006  0.006  0.006  0.004  0.006
00:44:14 833.84   14.4   31.9   1682    2.5    342    7.3    29.7  -2.1   0.79   3.85 4637.6     0.00   0.00    0.0  0.005  0.006  0.007  0.006  0.004  0.006
00:44:15 833.82   14.4   32.0   1682    2.6    338    7.3    29.8  -2.0   0.79   3.88 4638.6     0.00   0.00    0.0  0.005  0.006  0.006  0.006  0.004  0.006
00:44:16 833.95   14.5   32.1   1681    2.7    338    7.3    29.8  -2.0   0.80   3.90 4639.6     0.00   0.00    0.0  0.005  0.006  0.006  0.006  0.004  0.006
00:44:17 833.84   14.5   32.1   1682    2.8    341    7.3    29.8  -2.0   0.80   3.90 4640.6     0.00   0.00    0.0  0.005  0.006  0.006  0.006  0.004  0.006
00:44:19 833.78   14.4   32.1   1683    2.8    346    7.3    29.7  -2.0   0.80   3.88 4642.6     0.00   0.00    0.0  0.005  0.006  0.006  0.006  0.004  0.006
00:44:20 833.95   14.4   32.0   1681    2.8    352    7.3    29.7  -2.0   0.79   3.87 4643.6     0.00   0.00    0.0  0.005  0.006  0.007  0.006  0.004  0.006
00:44:21 833.81   14.5   32.0   1682    2.8    347    7.3    29.8  -2.0   0.80   3.88 4644.6     0.00   0.00    0.0  0.005  0.006  0.006  0.006  0.004  0.006
00:44:22 834.19   14.5   32.1   1679    2.7    347    7.3    29.8  -2.0   0.80   3.90 4645.6     0.00   0.00    0.0  0.005  0.006  0.006  0.006  0.004  0.006
00:44:23 834.22   14.5   32.0   1678    2.7    344    7.3    29.8  -2.0   0.80   3.90 4646.6     0.00   0.00    0.0  0.005  0.006  0.007  0.006  0.004  0.006
00:44:24 833.95   14.5   32.1   1681    2.7    338    7.3    29.8  -1.9   0.80   3.91 4647.6     0.00   0.00    0.0  0.005  0.006  0.007  0.006  0.004  0.006
00:44:25 834.19   14.5   32.0   1679    2.7    344    7.3    29.8  -2.0   0.80   3.88 4648.6     0.00   0.00    0.0  0.005  0.006  0.006  0.006  0.004  0.006
00:44:27 834.03   14.4   32.0   1680    2.7    343    7.3    29.7  -2.1   0.79   3.87 4650.6     0.00   0.00    0.0  0.005  0.006  0.006  0.006  0.004  0.006
00:44:28 834.42   14.5   32.0   1676    2.7    336    7.3    29.7  -2.0   0.80   3.88 4651.6     0.00   0.00    0.0  0.005  0.006  0.007  0.006  0.004  0.006
00:44:29 834.42   14.5   32.0   1676    2.7    344    7.3    29.7  -2.0   0.79   3.88 4652.6     0.00   0.00    0.0  0.005  0.006  0.006  0.006  0.004  0.006
00:44:34 834.49   14.5   32.5   1676    4.4    357    7.3    29.8  -1.7   0.80   3.97 4657.6     0.00   0.00    0.0  0.005  0.006  0.006  0.006  0.004  0.006
00:44:35 834.31   14.5   32.6   1677    5.1    354    7.3    29.8  -1.7   0.80   3.98 4658.6     0.00   0.00    0.0  0.005  0.006  0.007  0.006  0.004  0.006
00:44:36 834.29   14.5   32.7   1678    5.5    352    7.3    29.8  -1.7   0.80   3.98 4659.6     0.00   0.00    0.0  0.005  0.006  0.006  0.006  0.004  0.006
00:44:37 834.49   14.4   32.6   1676    5.6    354    7.3    29.7  -1.8   0.80   3.96 4660.6     0.00   0.00    0.0  0.005  0.005  0.006  0.006  0.004  0.006
00:44:38 834.56   14.5   32.7   1675    5.7    354    7.3    29.7  -1.7   0.80   3.98 4661.6     0.00   0.00    0.0  0.005  0.006  0.006  0.006  0.004  0.006
00:44:39 834.60   14.5   32.8   1674    5.9    354    7.3    29.7  -1.7   0.80   3.99 4662.6     0.00   0.00    0.0  0.005  0.005  0.006  0.006  0.004  0.006
00:44:40 834.46   14.4   32.9   1676    6.4    354    7.3    29.7  -1.6   0.80   4.00 4663.6     0.00   0.00    0.0  0.005  0.006  0.006  0.006  0.004  0.006
00:44:41 834.58   14.5   32.9   1675    6.6    351    7.3    29.8  -1.6   0.80   4.02 4664.6     0.00   0.00    0.0  0.005  0.006  0.006  0.006  0.004  0.006
00:44:42 834.44   14.5   33.0   1676    6.6    351    7.3    29.7  -1.6   0.80   4.02 4665.6     0.00   0.00    0.0  0.005  0.005  0.006  0.006  0.004  0.006
00:44:43 834.47   14.4   33.0   1676    6.4    349    7.3    29.7  -1.6   0.80   4.01 4666.6     0.00   0.00    0.0  0.005  0.005  0.006  0.006  0.004  0.006
00:44:45 834.45   14.5   33.2   1676    6.1    351    7.3    29.7  -1.5   0.80   4.05 4668.6     0.00   0.00    0.0  0.005  0.005  0.006  0.006  0.004  0.006
00:44:46 834.44   14.5   33.1   1676    5.8    351    7.3    29.7  -1.5   0.80   4.03 4669.6     0.00   0.00    0.0  0.005  0.005  0.006  0.006  0.004  0.006
00:44:48 834.47   14.5   33.1   1676    5.7    350    7.3    29.8  -1.5   0.80   4.05 4671.6     0.00   0.00    0.0  0.005  0.005  0.006  0.006  0.004  0.006
00:44:50 834.62   14.5   33.1   1674    5.6    350    7.3    29.7  -1.5   0.80   4.04 4673.6     0.00   0.00    0.0  0.005  0.005  0.006  0.006  0.004  0.006
00:44:51 834.57   14.5   33.1   1675    5.3    349    7.3    29.7  -1.5   0.80   4.04 4674.6     0.00   0.00    0.0  0.005  0.005  0.006  0.006  0.004  0.006
00:44:52 834.72   14.4   33.2   1673    5.3    351    7.3    29.7  -1.6   0.80   4.03 4675.6     0.00   0.00    0.0  0.005  0.005  0.006  0.006  0.004  0.006
00:44:53 834.65   14.5   33.1   1674    5.1    345    7.3    29.7  -1.5   0.80   4.03 4676.6     0.00   0.00    0.0  0.005  0.005  0.006  0.006  0.004  0.006
00:44:54 834.68   14.4   33.1   1674    4.6    355    7.3    29.7  -1.6   0.80   4.03 4677.6     0.00   0.00    0.0  0.005  0.005  0.006  0.006  0.004  0.006
00:44:58 834.56   14.5   32.8   1675    3.7    352    7.3    29.7  -1.7   0.80   3.99 4681.6     0.00   0.00    0.0  0.005  0.005  0.006  0.006  0.004  0.006
00:44:59 834.66   14.5   32.7   1674    4.5    357    7.3    29.8  -1.7   0.80   3.99 4682.6     0.00   0.00    0.0  0.005  0.005  0.006  0.006  0.004  0.006
00:45:00 834.89   14.5   32.6   1672    4.5    351    7.3    29.7  -1.7   0.80   3.98 4683.6     0.00   0.00    0.0  0.005  0.005  0.006  0.006  0.004  0.006
00:45:02 834.95   14.5   32.6   1671    4.4    354    7.3    29.7  -1.7   0.80   3.98 4685.6     0.00   0.00    0.0  0.005  0.005  0.006  0.006  0.004  0.006
00:45:03 834.81   14.5   32.7   1672    4.4    358    7.3    29.7  -1.7   0.80   3.98 4686.6     0.00   0.00    0.0  0.005  0.005  0.006  0.006  0.004  0.006
00:45:05 834.99   14.5   32.6   1670    4.8      3    7.3    29.7  -1.7   0.80   3.97 4688.6     0.00   0.00    0.0  0.005  0.005  0.006  0.005  0.004  0.006
00:45:08 834.92   14.5   32.5   1671    4.6     12    7.3    29.8  -1.7   0.80   3.97 4691.5     0.00   0.00    0.0  0.005  0.005  0.006  0.005  0.004  0.006
00:45:09 835.20   14.6   32.6   1668    4.2      5    7.3    29.8  -1.6   0.80   4.00 4692.5     0.00   0.00    0.0  0.005  0.005  0.006  0.006  0.004  0.006
00:45:10 835.09   14.6   32.6   1669    3.9      6    7.3    29.8  -1.7   0.80   3.99 4693.5     0.00   0.00    0.0  0.005  0.005  0.006  0.006  0.004  0.006
00:45:11 835.04   14.6   32.6   1670    3.6     13    7.3    29.8  -1.7   0.80   3.99 4694.5     0.00   0.00    0.0  0.005  0.005  0.006  0.006  0.004  0.006
00:45:12 835.26   14.6   32.5   1668    3.2     14    7.3    29.8  -1.6   0.80   4.00 4695.5     0.00   0.00    0.0  0.005  0.005  0.006  0.006  0.004  0.006
00:45:14 835.25   14.6   32.4   1668    2.6    349    7.3    29.8  -1.7   0.80   3.98 4697.5     0.00   0.00    0.0  0.005  0.005  0.006  0.005  0.004  0.006
00:45:15 835.39   14.7   32.2   1666    1.9    338    7.3    29.8  -1.7   0.80   3.97 4698.5     0.00   0.00    0.0  0.005  0.006  0.006  0.006  0.004  0.006
00:45:16 835.36   14.5   32.3   1667    1.9    324    7.3    29.7  -1.9   0.80   3.92 4699.5     0.00   0.00    0.0  0.005  0.005  0.006  0.006  0.004  0.006
00:45:17 835.35   14.5   32.3   1667    1.7    312    7.3    29.6  -1.9   0.80   3.91 4700.5     0.00   0.00    0.0  0.005  0.005  0.006  0.006  0.004  0.006
00:45:18 835.23   14.5   32.3   1668    1.5    292    7.3    29.6  -1.9   0.80   3.92 4701.5     0.00   0.00    0.0  0.005  0.006  0.006  0.005  0.004  0.006
00:45:19 835.39   14.4   32.5   1666    1.3    287    7.3    29.6  -1.8   0.80   3.93 4702.5     0.00   0.00    0.0  0.005  0.005  0.006  0.006  0.004  0.006
00:45:23 835.69   14.5   32.7   1663    1.1    268    7.3    29.6  -1.7   0.80   3.97 4706.5     0.00   0.00    0.0  0.005  0.006  0.006  0.006  0.004  0.006
00:45:26 835.79   14.5   32.8   1662    1.3    326    7.3    29.7  -1.6   0.80   4.01 4709.5     0.00   0.00    0.0  0.005  0.005  0.006  0.006  0.004  0.006
00:45:27 836.05   14.6   32.6   1660    1.3    329    7.3    29.7  -1.6   0.80   4.00 4710.5     0.00   0.00    0.0  0.005  0.006  0.006  0.006  0.004  0.006
00:45:28 835.99   14.7   32.4   1660    1.2    335    7.3    29.8  -1.6   0.80   4.00 4711.5     0.00   0.00    0.0  0.005  0.006  0.006  0.006  0.004  0.006
00:45:30 836.07   14.5   32.4   1660    1.2    334    7.3    29.6  -1.8   0.80   3.94 4713.5     0.00   0.00    0.0  0.005  0.005  0.006  0.006  0.004  0.006
00:45:31 836.02   14.5   32.3   1660    1.4    315    7.3    29.6  -1.8   0.80   3.93 4714.5     0.00   0.00    0.0  0.005  0.005  0.006  0.006  0.004  0.006
00:45:33 836.21   14.6   32.2   1658    1.5    332    7.3    29.7  -1.8   0.80   3.93 4716.5     0.00   0.00    0.0  0.005  0.006  0.006  0.006  0.004  0.006
00:45:34 836.18   14.6   32.2   1658    1.6    342    7.3    29.7  -1.8   0.80   3.93 4717.5     0.00   0.00    0.0  0.005  0.006  0.006  0.006  0.004  0.006
00:45:35 836.65   14.6   32.1   1654    1.7    331    7.3    29.7  -1.8   0.80   3.93 4718.5     0.00   0.00    0.0  0.005  0.006  0.006  0.006  0.004  0.006
00:45:36 836.45   14.7   32.1   1656    1.7    332    7.3    29.8  -1.7   0.80   3.96 4719.5     0.00   0.00    0.0  0.005  0.006  0.006  0.006  0.004  0.006
00:45:37 836.31   14.5   32.1   1657    1.7    339    7.3    29.6  -1.9   0.80   3.90 4720.5     0.00   0.00    0.0  0.005  0.005  0.006  0.006  0.004  0.006
00:45:38 836.63   14.7   32.0   1654    1.7    337    7.3    29.7  -1.8   0.80   3.92 4721.5     0.00   0.00    0.0  0.005  0.005  0.006  0.006  0.004  0.006
00:45:39 836.48   14.8   31.9   1655    1.5    332    7.3    29.9  -1.7   0.80   3.96 4722.5     0.00   0.00    0.0  0.005  0.006  0.006  0.006  0.004  0.006
00:45:40 836.62   14.8   31.8   1654    1.5    322    7.3    29.8  -1.8   0.80   3.94 4723.5     0.00   0.00    0.0  0.005  0.006  0.006  0.006  0.004  0.006
00:45:41 836.75   14.7   31.8   1653    1.5    329    7.3    29.8  -1.9   0.80   3.92 4724.5     0.00   0.00    0.0  0.005  0.006  0.006  0.006  0.004  0.006
00:45:42 836.83   14.6   31.8   1652    1.5    326    7.3    29.7  -2.0   0.80   3.88 4725.5     0.00   0.00    0.0  0.005  0.006  0.006  0.006  0.004  0.006
00:45:43 836.94   14.6   31.7   1651    1.5    323    7.3    29.7  -2.0   0.80   3.88 4726.5     0.00   0.00    0.0  0.005  0.006  0.006  0.006  0.004  0.006
00:45:44 836.64   14.7   31.7   1654    1.5    326    7.3    29.7  -1.9   0.80   3.90 4727.5     0.00   0.00    0.0  0.005  0.006  0.006  0.006  0.004  0.006
00:45:45 836.92   14.7   31.7   1651    1.5    316    7.3    29.7  -1.9   0.80   3.89 4728.5     0.00   0.00    0.0  0.005  0.006  0.006  0.006  0.004  0.006
00:45:47 836.95   14.7   31.7   1651    1.5    332    7.3    29.7  -1.9   0.80   3.90 4730.5     0.00   0.00    0.0  0.005  0.006  0.007  0.006  0.004  0.006
00:45:49 836.91   14.7   31.8   1651    1.9    333    7.3    29.8  -1.9   0.80   3.92 4732.5     0.00   0.00    0.0  0.005  0.006  0.006  0.006  0.004  0.006
00:45:52 837.34   14.7   32.3   1647    2.9    309    7.3    29.7  -1.6   0.80   3.99 4735.5     0.00   0.00    0.0  0.005  0.006  0.006  0.006  0.004  0.006
00:45:54 837.34   14.8   32.4   1647    3.3    323    7.3    29.8  -1.6   0.80   4.02 4737.5     0.00   0.00    0.0  0.005  0.006  0.006  0.006  0.004  0.006
00:45:55 837.31   14.8   32.5   1647    3.3    318    7.3    29.8  -1.5   0.80   4.03 4738.5     0.00   0.00    0.0  0.005  0.006  0.006  0.006  0.004  0.006
00:45:57 837.33   14.7   32.4   1647    3.0    323    7.3    29.6  -1.7   0.80   3.98 4740.5     0.00   0.00    0.0  0.005  0.006  0.006  0.006  0.004  0.006
00:45:58 837.26   14.7   32.4   1648    2.9    336    7.3    29.7  -1.6   0.80   3.99 4741.5     0.00   0.00    0.0  0.005  0.006  0.006  0.006  0.004  0.006
00:46:00 837.38   14.9   32.2   1646    2.8    334    7.3    29.9  -1.6   0.80   4.02 4743.5     0.00   0.00    0.0  0.005  0.006  0.006  0.006  0.004  0.006
00:46:01 837.44   14.9   32.2   1646    2.8    320    7.3    29.8  -1.5   0.80   4.02 4744.5     0.00   0.00    0.0  0.005  0.006  0.006  0.006  0.004  0.006
00:46:02 837.61   14.8   32.2   1644    2.7    303    7.3    29.8  -1.6   0.80   3.99 4745.5     0.00   0.00    0.0  0.005  0.006  0.006  0.006  0.004  0.006
00:46:03 837.42   14.7   32.2   1646    2.8    322    7.3    29.7  -1.7   0.80   3.95 4746.5     0.00   0.00    0.0  0.005  0.006  0.006  0.006  0.004  0.006
00:46:05 837.57   14.9   32.2   1644    2.8    308    7.3    29.9  -1.5   0.80   4.02 4748.5     0.00   0.00    0.0  0.005  0.006  0.006  0.006  0.004  0.006
00:46:06 837.92   14.9   32.0   1641    2.7    290    7.3    29.8  -1.6   0.80   3.99 4749.5     0.00   0.00    0.0  0.005  0.006  0.006  0.006  0.004  0.006
00:46:07 837.88   14.8   32.0   1641    2.7    300    7.3    29.8  -1.7   0.80   3.98 4750.5     0.00   0.00    0.0  0.005  0.006  0.006  0.006  0.004  0.006
00:46:08 837.86   14.8   32.0   1642    2.8    311    7.3    29.8  -1.7   0.80   3.97 4751.5     0.00   0.00    0.0  0.005  0.006  0.006  0.006  0.004  0.006
00:46:09 837.68   14.9   32.0   1643    2.8    305    7.3    29.9  -1.6   0.80   4.00 4752.5     0.00   0.00    0.0  0.005  0.006  0.006  0.006  0.004  0.006
00:46:10 837.88   14.8   32.0   1641    2.7    308    7.3    29.8  -1.7   0.80   3.97 4753.5     0.00   0.00    0.0  0.005  0.006  0.006  0.006  0.004  0.006
00:46:12 837.82   14.8   31.9   1642    2.6    315    7.3    29.8  -1.7   0.80   3.95 4755.5     0.00   0.00    0.0  0.005  0.006  0.006  0.006  0.004  0.006
00:46:14 837.96   14.9   31.7   1641    2.5    297    7.3    29.8  -1.7   0.80   3.95 4757.5     0.00   0.00    0.0  0.005  0.006  0.006  0.006  0.004  0.006
00:46:15 838.00   14.9   31.6   1640    2.4    301    7.3    29.8  -1.8   0.80   3.94 4758.5     0.00   0.00    0.0  0.005  0.006  0.006  0.006  0.004  0.006
00:46:16 838.00   14.9   31.6   1640    2.5    320    7.3    29.8  -1.8   0.80   3.92 4759.5     0.00   0.00    0.0  0.005  0.006  0.006  0.006  0.004  0.006
00:46:18 838.13   14.9   31.6   1639    2.7    317    7.3    29.8  -1.8   0.80   3.93 4761.5     0.00   0.00    0.0  0.005  0.006  0.006  0.006  0.004  0.006
00:46:19 838.23   15.0   31.6   1638    2.8    320    7.3    29.9  -1.7   0.80   3.95 4762.5     0.00   0.00    0.0  0.005  0.006  0.006  0.006  0.004  0.006
00:46:20 838.25   14.9   31.6   1638    2.8    319    7.3    29.8  -1.8   0.80   3.94 4763.5     0.00   0.00    0.0  0.005  0.006  0.006  0.006  0.004  0.006
00:46:21 838.23   14.9   31.6   1638    2.8    325    7.3    29.8  -1.8   0.80   3.94 4764.5     0.00   0.00    0.0  0.005  0.006  0.007  0.006  0.004  0.006
00:46:24 838.32   14.9   31.6   1637    2.8    306    7.3    29.8  -1.8   0.80   3.94 4767.5     0.00   0.00    0.0  0.005  0.006  0.006  0.006  0.004  0.006
00:46:26 838.43   15.0   31.6   1636    2.7    311    7.3    29.8  -1.7   0.80   3.95 4769.5     0.00   0.00    0.0  0.005  0.006  0.006  0.006  0.004  0.006
00:46:27 838.46   14.9   31.5   1635    2.7    322    7.3    29.8  -1.8   0.80   3.93 4770.5     0.00   0.00    0.0  0.005  0.006  0.006  0.006  0.004  0.006
00:46:28 838.76   14.9   31.5   1632    2.7    318    7.3    29.8  -1.8   0.80   3.93 4771.5     0.00   0.00    0.0  0.005  0.006  0.006  0.006  0.004  0.006
00:46:33 838.67   14.9   31.6   1633    2.0    300    7.3    29.8  -1.7   0.80   3.95 4776.5     0.00   0.00    0.0  0.005  0.006  0.007  0.006  0.004  0.006
00:46:34 838.61   14.8   31.7   1634    2.2    314    7.3    29.6  -1.8   0.80   3.92 4777.5     0.00   0.00    0.0  0.005  0.006  0.006  0.006  0.004  0.006
00:46:36 838.94   14.9   31.6   1631    2.2    330    7.3    29.8  -1.8   0.80   3.94 4779.5     0.00   0.00    0.0  0.005  0.006  0.007  0.006  0.004  0.006
00:46:37 838.80   15.1   31.5   1632    2.2    323    7.3    29.9  -1.7   0.80   3.97 4780.5     0.00   0.00    0.0  0.005  0.006  0.006  0.006  0.004  0.006
00:46:38 838.91   15.1   31.5   1631    2.3    333    7.3    30.0  -1.6   0.80   3.98 4781.5     0.00   0.00    0.0  0.005  0.006  0.007  0.006  0.004  0.006
00:46:39 839.10   15.1   31.5   1629    2.3    331    7.3    29.9  -1.7   0.80   3.97 4782.5     0.00   0.00    0.0  0.005  0.006  0.007  0.006  0.004  0.006
00:46:40 838.98   15.0   31.4   1630    2.3    313    7.3    29.8  -1.8   0.80   3.94 4783.5     0.00   0.00    0.0  0.005  0.006  0.007  0.006  0.004  0.006
00:46:41 839.13   15.1   31.5   1629    2.3    313    7.3    29.9  -1.7   0.80   3.97 4784.5     0.00   0.00    0.0  0.005  0.006  0.007  0.006  0.004  0.006
00:46:42 839.25   15.1   31.4   1627    2.4    314    7.3    29.9  -1.7   0.80   3.95 4785.5     0.00   0.00    0.0  0.005  0.006  0.007  0.006  0.004  0.006
00:46:43 838.97   15.1   31.4   1630    2.4    318    7.3    29.9  -1.7   0.80   3.95 4786.5     0.00   0.00    0.0  0.005  0.006  0.006  0.006  0.004  0.006
00:46:45 839.13   15.1   31.4   1629    2.4    322    7.3    29.9  -1.7   0.80   3.94 4788.5     0.00   0.00    0.0  0.005  0.006  0.007  0.006  0.004  0.006
00:46:46 839.12   15.0   31.3   1629    2.4    330    7.3    29.8  -1.8   0.80   3.91 4789.5     0.00   0.00    0.0  0.005  0.006  0.006  0.006  0.004  0.006
00:46:47 839.05   15.0   31.4   1630    2.5    332    7.3    29.8  -1.8   0.80   3.93 4790.5     0.00   0.00    0.0  0.005  0.006  0.006  0.006  0.004  0.006
00:46:48 839.33   15.1   31.3   1627    2.5    335    7.3    29.9  -1.8   0.80   3.93 4791.5     0.00   0.00    0.0  0.005  0.006  0.007  0.006  0.004  0.006
00:46:50 839.54   15.1   31.2   1625    2.6    332    7.3    29.9  -1.8   0.80   3.93 4793.4     0.00   0.00    0.0  0.005  0.006  0.007  0.006  0.004  0.006
00:46:51 839.45   15.1   31.2   1625    2.5    327    7.3    29.8  -1.8   0.80   3.91 4794.5     0.00   0.00    0.0  0.005  0.006  0.006  0.006  0.004  0.006
00:46:52 839.26   15.1   31.3   1627    2.5    320    7.3    29.9  -1.8   0.80   3.92 4795.4     0.00   0.00    0.0  0.005  0.006  0.007  0.006  0.004  0.006
00:46:53 839.30   15.1   31.3   1627    2.5    316    7.3    29.9  -1.8   0.80   3.93 4796.4     0.00   0.00    0.0  0.005  0.006  0.006  0.006  0.004  0.006
00:46:54 839.67   15.0   31.1   1623    2.4    332    7.3    29.8  -1.9   0.80   3.90 4797.4     0.00   0.00    0.0  0.005  0.006  0.006  0.006  0.004  0.006
00:46:55 839.53   15.1   31.1   1625    2.4    332    7.3    29.8  -1.9   0.80   3.90 4798.4     0.00   0.00    0.0  0.005  0.006  0.007  0.006  0.004  0.006
00:46:56 839.56   15.1   31.0   1624    2.3    324    7.3    29.9  -1.9   0.80   3.90 4799.4     0.00   0.00    0.0  0.005  0.006  0.007  0.006  0.004  0.006
00:46:57 839.42   15.1   31.1   1626    2.4    317    7.3    29.9  -1.8   0.80   3.92 4800.5     0.00   0.00    0.0  0.005  0.006  0.006  0.006  0.004  0.006
00:46:59 839.76   15.0   31.2   1622    2.5    320    7.3    29.7  -1.9   0.80   3.89 4802.4     0.00   0.00    0.0  0.005  0.006  0.007  0.006  0.004  0.006
00:47:00 839.62   15.0   31.2   1624    2.5    309    7.3    29.8  -1.9   0.80   3.90 4803.4     0.00   0.00    0.0  0.005  0.006  0.007  0.006  0.004  0.006
00:47:01 839.78   15.0   31.2   1622    2.6    315    7.3    29.8  -1.9   0.80   3.90 4804.4     0.00   0.00    0.0  0.005  0.006  0.006  0.006  0.004  0.006
00:47:02 839.80   15.0   31.1   1622    2.6    332    7.3    29.8  -1.9   0.80   3.90 4805.4     0.00   0.00    0.0  0.005  0.006  0.007  0.006  0.004  0.006
00:47:03 840.00   15.0   31.2   1620    2.5    319    7.3    29.7  -1.9   0.80   3.89 4806.4     0.00   0.00    0.0  0.005  0.006  0.007  0.006  0.004  0.006
00:47:08 839.86   15.1   31.1   1621    2.3    327    7.3    29.9  -1.8   0.80   3.92 4811.4     0.00   0.00    0.0  0.005  0.006  0.007  0.006  0.004  0.006
00:47:09 840.05   15.1   31.0   1619    2.2    334    7.3    29.8  -1.9   0.80   3.89 4812.4     0.00   0.00    0.0  0.005  0.006  0.006  0.006  0.004  0.006
00:47:10 840.08   15.1   30.8   1619    2.3    337    7.3    29.8  -1.9   0.79   3.87 4813.4     0.00   0.00    0.0  0.005  0.006  0.007  0.006  0.004  0.006
00:47:11 840.35   15.1   30.8   1616    2.2    339    7.3    29.8  -2.0   0.79   3.87 4814.4     0.00   0.00    0.0  0.005  0.006  0.007  0.006  0.004  0.006
00:47:12 840.27   15.1   30.8   1617    2.3    339    7.3    29.8  -1.9   0.79   3.87 4815.4     0.00   0.00    0.0  0.005  0.006  0.007  0.006  0.004  0.006
00:47:13 840.32   15.1   30.8   1617    2.3    342    7.3    29.8  -2.0   0.79   3.87 4816.4     0.00   0.00    0.0  0.005  0.006  0.007  0.006  0.004  0.006
00:47:14 840.39   15.1   30.8   1616    2.3    352    7.3    29.8  -2.0   0.79   3.87 4817.4     0.00   0.00    0.0  0.005  0.006  0.007  0.006  0.004  0.006
00:47:17 840.51   15.2   30.6   1615    2.2      1    7.3    29.9  -2.0   0.79   3.86 4820.4     0.00   0.00    0.0  0.005  0.006  0.007  0.006  0.004  0.006
00:47:19 840.61   15.1   30.8   1614    2.0    345    7.3    29.7  -2.0   0.79   3.86 4822.4     0.00   0.00    0.0  0.005  0.006  0.007  0.006  0.004  0.006
00:47:20 840.57   15.2   30.6   1614    2.0    345    7.3    29.8  -2.0   0.79   3.86 4823.4     0.00   0.00    0.0  0.005  0.006  0.007  0.006  0.004  0.006
00:47:21 840.64   15.2   30.6   1614    2.0    344    7.3    29.8  -2.0   0.79   3.86 4824.4     0.00   0.00    0.0  0.005  0.006  0.007  0.006  0.004  0.006
00:47:22 840.53   15.2   30.5   1615    2.1    344    7.3    29.9  -2.0   0.79   3.85 4825.4     0.00   0.00    0.0  0.005  0.006  0.007  0.006  0.004  0.006
00:47:23 840.63   15.2   30.6   1614    2.1    342    7.3    29.9  -2.0   0.79   3.86 4826.4     0.00   0.00    0.0  0.005  0.006  0.007  0.006  0.004  0.006
00:47:25 840.66   15.2   30.7   1613    2.1    337    7.3    29.8  -2.0   0.79   3.87 4828.4     0.00   0.00    0.0  0.005  0.006  0.006  0.006  0.005  0.006
00:47:27 840.92   15.1   30.5   1611    2.1    340    7.3    29.8  -2.1   0.79   3.82 4830.4     0.00   0.00    0.0  0.005  0.006  0.007  0.006  0.004  0.006
00:47:28 840.84   15.2   30.5   1612    2.1    340    7.3    29.8  -2.0   0.79   3.84 4831.4     0.00   0.00    0.0  0.005  0.006  0.007  0.006  0.004  0.006
00:47:30 841.09   15.2   30.5   1609    2.0    336    7.3    29.8  -2.0   0.79   3.86 4833.4     0.00   0.00    0.0  0.005  0.006  0.007  0.006  0.005  0.006
00:47:31 841.06   15.3   30.5   1609    2.0    334    7.3    29.9  -1.9   0.79   3.87 4834.4     0.00   0.00    0.0  0.005  0.006  0.007  0.006  0.004  0.006
00:47:32 841.07   15.3   30.5   1609    2.0    333    7.3    29.9  -2.0   0.79   3.86 4835.4     0.00   0.00    0.0  0.005  0.006  0.007  0.006  0.004  0.006
00:47:35 841.29   15.2   30.4   1607    2.2    336    7.3    29.8  -2.1   0.79   3.83 4838.4     0.00   0.00    0.0  0.005  0.006  0.007  0.006  0.004  0.006
00:47:36 841.19   15.2   30.3   1608    2.3    340    7.3    29.8  -2.1   0.79   3.82 4839.4     0.00   0.00    0.0  0.005  0.006  0.007  0.006  0.004  0.006
00:47:37 841.15   15.3   30.3   1608    2.3    337    7.3    29.9  -2.0   0.79   3.84 4840.4     0.00   0.00    0.0  0.005  0.006  0.007  0.006  0.004  0.006
00:47:39 841.27   15.3   30.4   1607    2.3    336    7.3    29.9  -2.0   0.79   3.85 4842.4     0.00   0.00    0.0  0.005  0.006  0.007  0.006  0.004  0.006
00:47:40 841.55   15.2   30.3   1604    2.3    336    7.3    29.8  -2.1   0.79   3.83 4843.4     0.00   0.00    0.0  0.005  0.006  0.007  0.006  0.004  0.006
00:47:41 841.35   15.3   30.3   1606    2.3    335    7.3    29.8  -2.0   0.79   3.84 4844.4     0.00   0.00    0.0  0.005  0.006  0.007  0.006  0.004  0.006
00:47:42 841.35   15.3   30.4   1606    2.2    331    7.3    29.9  -1.9   0.79   3.87 4845.4     0.00   0.00    0.0  0.005  0.006  0.007  0.006  0.004  0.006
00:47:43 841.26   15.3   30.3   1607    2.2    339    7.3    29.9  -2.0   0.79   3.84 4846.4     0.00   0.00    0.0  0.005  0.006  0.007  0.006  0.004  0.006
00:47:44 841.57   15.3   30.3   1604    2.2    334    7.3    29.9  -2.0   0.79   3.84 4847.4     0.00   0.00    0.0  0.005  0.006  0.007  0.006  0.004  0.006
00:47:45 841.46   15.4   30.3   1605    2.2    337    7.3    29.9  -2.0   0.79   3.86 4848.4     0.00   0.00    0.0  0.005  0.006  0.007  0.006  0.004  0.006
00:47:46 841.53   15.3   30.3   1605    2.1    334    7.3    29.9  -2.0   0.79   3.86 4849.4     0.00   0.00    0.0  0.005  0.006  0.007  0.006  0.005  0.006
00:47:47 841.70   15.3   30.3   1603    2.1    333    7.3    29.9  -2.0   0.79   3.85 4850.4     0.00   0.00    0.0  0.005  0.006  0.007  0.006  0.004  0.006
00:47:48 841.83   15.2   30.3   1601    2.1    338    7.3    29.8  -2.1   0.79   3.82 4851.4     0.00   0.00    0.0  0.005  0.006  0.007  0.006  0.004  0.006
00:47:50 841.89   15.3   30.3   1601    2.0    335    7.3    29.8  -2.1   0.79   3.83 4853.4     0.00   0.00    0.0  0.005  0.006  0.007  0.006  0.004  0.006
00:47:51 841.76   15.3   30.2   1602    1.9    333    7.3    29.9  -2.0   0.79   3.84 4854.4     0.00   0.00    0.0  0.005  0.006  0.007  0.006  0.005  0.006
00:47:52 841.86   15.3   30.2   1601    1.8    328    7.3    29.9  -2.0   0.79   3.84 4855.4     0.00   0.00    0.0  0.005  0.006  0.007  0.006  0.004  0.006
00:47:53 841.94   15.3   30.3   1600    1.8    325    7.3    29.8  -2.0   0.79   3.83 4856.4     0.00   0.00    0.0  0.005  0.006  0.007  0.006  0.004  0.006
00:47:54 841.90   15.2   30.2   1601    1.8    330    7.3    29.8  -2.1   0.79   3.81 4857.4     0.00   0.00    0.0  0.005  0.006  0.007  0.006  0.004  0.006
00:47:55 841.94   15.2   30.2   1600    1.8    332    7.3    29.7  -2.2   0.79   3.79 4858.4     0.00   0.00    0.0  0.005  0.006  0.007  0.006  0.005  0.006
00:47:57 842.01   15.3   30.2   1600    1.8    331    7.3    29.9  -2.0   0.79   3.84 4860.4     0.00   0.00    0.0  0.005  0.006  0.007  0.006  0.004  0.006
00:47:59 842.13   15.1   30.2   1599    1.7    319    7.3    29.6  -2.2   0.79   3.78 4862.4     0.00   0.00    0.0  0.005  0.006  0.007  0.006  0.004  0.006
00:48:01 842.14   15.3   30.2   1598    1.7    323    7.3    29.8  -2.0   0.79   3.83 4864.4     0.00   0.00    0.0  0.005  0.006  0.007  0.006  0.004  0.006
00:48:03 842.18   15.1   30.4   1598    1.8    328    7.3    29.6  -2.2   0.79   3.80 4866.4     0.00   0.00    0.0  0.005  0.006  0.007  0.006  0.004  0.006
00:48:04 842.28   15.2   30.3   1597    1.8    337    7.3    29.7  -2.1   0.79   3.81 4867.4     0.00   0.00    0.0  0.005  0.006  0.007  0.006  0.004  0.006
00:48:05 842.37   15.1   30.5   1596    1.8    342    7.3    29.5  -2.1   0.79   3.80 4868.4     0.00   0.00    0.0  0.005  0.006  0.007  0.006  0.004  0.006
00:48:06 842.54   15.3   30.3   1594    1.9    345    7.3    29.8  -2.0   0.79   3.85 4869.4     0.00   0.00    0.0  0.005  0.006  0.007  0.006  0.004  0.006
00:48:07 842.36   15.3   30.3   1596    1.9    352    7.3    29.7  -2.1   0.79   3.82 4870.4     0.00   0.00    0.0  0.005  0.006  0.007  0.006  0.004  0.006
00:48:09 842.56   15.3   30.2   1594    2.2    358    7.3    29.8  -2.0   0.79   3.84 4872.4     0.00   0.00    0.0  0.005  0.006  0.007  0.006  0.004  0.006
00:48:10 842.50   15.3   30.2   1595    2.3    358    7.3    29.8  -2.0   0.79   3.84 4873.4     0.00   0.00    0.0  0.005  0.006  0.007  0.006  0.005  0.006
00:48:11 842.76   15.4   30.2   1592    2.4      1    7.3    29.8  -2.0   0.79   3.84 4874.4     0.00   0.00    0.0  0.005  0.006  0.007  0.006  0.004  0.006
00:48:12 842.61   15.4   30.2   1594    2.4    360    7.3    29.9  -2.0   0.79   3.85 4875.4     0.00   0.00    0.0  0.005  0.006  0.007  0.006  0.005  0.006
00:48:13 842.68   15.4   30.2   1593    2.5    360    7.3    29.9  -2.0   0.79   3.86 4876.4     0.00   0.00    0.0  0.005  0.006  0.007  0.006  0.005  0.006
00:48:14 842.56   15.4   30.2   1594    2.6      1    7.3    29.8  -2.0   0.79   3.85 4877.4     0.00   0.00    0.0  0.005  0.006  0.007  0.006  0.005  0.006
00:48:15 842.72   15.4   30.2   1593    2.7      1    7.3    29.9  -1.9   0.79   3.86 4878.4     0.00   0.00    0.0  0.005  0.006  0.007  0.006  0.004  0.006
00:48:18 842.97   15.4   30.2   1590    2.7    359    7.3    29.8  -2.0   0.79   3.86 4881.4     0.00   0.00    0.0  0.005  0.006  0.007  0.006  0.005  0.006
00:48:20 843.03   15.4   30.2   1589    2.6    357    7.3    29.9  -1.9   0.79   3.87 4883.4     0.00   0.00    0.0  0.005  0.006  0.007  0.006  0.005  0.006
00:48:21 843.02   15.4   30.3   1590    2.5    355    7.3    29.8  -1.9   0.79   3.87 4884.4     0.00   0.00    0.0  0.005  0.006  0.007  0.006  0.004  0.006
00:48:22 843.13   15.4   30.2   1589    2.4    352    7.3    29.9  -1.9   0.79   3.87 4885.4     0.00   0.00    0.0  0.005  0.006  0.007  0.006  0.004  0.006
00:48:23 843.13   15.4   30.2   1589    2.4    351    7.3    29.8  -2.0   0.79   3.86 4886.4     0.00   0.00    0.0  0.005  0.006  0.007  0.006  0.004  0.006
00:48:26 843.27   15.4   30.3   1587    2.3    334    7.3    29.8  -1.9   0.79   3.88 4889.4     0.00   0.00    0.0  0.005  0.006  0.007  0.006  0.004  0.006
00:48:27 843.51   15.5   30.3   1585    2.4    329    7.3    29.8  -1.9   0.80   3.89 4890.4     0.00   0.00    0.0  0.005  0.006  0.007  0.006  0.004  0.006
00:48:32 843.33   15.4   30.8   1586    3.0    318    7.3    29.8  -1.7   0.80   3.93 4895.3     0.00   0.00    0.0  0.005  0.006  0.007  0.006  0.004  0.006
00:48:33 843.51   15.3   30.8   1585    3.1    335    7.3    29.6  -1.8   0.80   3.89 4896.3     0.00   0.00    0.0  0.005  0.006  0.007  0.006  0.005  0.006
00:48:35 843.65   15.4   30.9   1583    3.0    322    7.3    29.8  -1.6   0.80   3.96 4898.3     0.00   0.00    0.0  0.005  0.006  0.007  0.006  0.004  0.006
00:48:36 843.79   15.4   30.9   1582    3.0    322    7.3    29.8  -1.6   0.80   3.96 4899.3     0.00   0.00    0.0  0.005  0.006  0.007  0.006  0.004  0.006
00:48:37 843.90   15.5   30.9   1581    2.9    316    7.3    29.8  -1.6   0.80   3.97 4900.3     0.00   0.00    0.0  0.005  0.006  0.007  0.006  0.005  0.006
00:48:39 843.96   15.2   31.1   1580    2.7    328    7.3    29.6  -1.7   0.80   3.93 4902.3     0.00   0.00    0.0  0.005  0.006  0.007  0.006  0.005  0.006
00:48:42 843.87   15.4   31.3   1581    2.6    321    7.3    29.8  -1.5   0.80   4.02 4905.3     0.00   0.00    0.0  0.005  0.006  0.007  0.006  0.005  0.006
00:48:44 844.00   15.3   31.2   1580    2.3    337    7.3    29.6  -1.6   0.80   3.96 4907.3     0.00   0.00    0.0  0.005  0.006  0.007  0.006  0.005  0.006
00:48:46 844.38   15.5   31.0   1576    2.2    336    7.3    29.8  -1.6   0.80   3.98 4909.3     0.00   0.00    0.0  0.005  0.006  0.007  0.006  0.005  0.006
00:48:47 844.44   15.5   31.0   1575    2.4    332    7.3    29.8  -1.6   0.80   3.98 4910.3     0.00   0.00    0.0  0.005  0.006  0.007  0.006  0.005  0.006
00:48:48 844.53   15.3   31.0   1574    2.6    335    7.3    29.6  -1.7   0.80   3.93 4911.3     0.00   0.00    0.0  0.005  0.006  0.007  0.006  0.004  0.006
00:48:49 844.62   15.4   31.1   1574    2.7    318    7.3    29.6  -1.6   0.80   3.97 4912.3     0.00   0.00    0.0  0.005  0.006  0.007  0.006  0.004  0.006
00:48:50 844.48   15.4   31.1   1575    2.9    342    7.3    29.7  -1.6   0.80   3.97 4913.3     0.00   0.00    0.0  0.005  0.006  0.007  0.006  0.004  0.006
00:48:51 844.51   15.5   31.1   1575    3.3    347    7.3    29.8  -1.5   0.80   3.99 4914.3     0.00   0.00    0.0  0.005  0.006  0.007  0.006  0.005  0.006
00:48:53 844.67   15.4   31.0   1573    3.4      2    7.3    29.6  -1.7   0.80   3.94 4916.3     0.00   0.00    0.0  0.005  0.006  0.007  0.006  0.005  0.006
00:48:56 844.79   15.5   31.0   1572    3.7    353    7.3    29.8  -1.5   0.80   4.00 4919.3     0.00   0.00    0.0  0.005  0.006  0.007  0.006  0.005  0.006
00:48:57 844.76   15.6   31.1   1572    3.8    348    7.3    29.9  -1.4   0.80   4.04 4920.3     0.00   0.00    0.0  0.005  0.006  0.007  0.006  0.004  0.006
00:48:59 845.00   15.5   31.0   1570    3.9    350    7.3    29.8  -1.5   0.80   4.00 4922.3     0.00   0.00    0.0  0.005  0.006  0.007  0.006  0.004  0.006
00:49:01 845.02   15.6   30.9   1569    3.9    352    7.3    29.8  -1.5   0.80   3.99 4924.3     0.00   0.00    0.0  0.005  0.006  0.007  0.006  0.005  0.006
00:49:02 845.06   15.6   31.0   1569    3.9    351    7.3    29.9  -1.4   0.80   4.04 4925.3     0.00   0.00    0.0  0.005  0.006  0.007  0.006  0.005  0.006
00:49:03 845.13   15.6   31.0   1568    4.0    352    7.3    29.8  -1.5   0.80   4.01 4926.3     0.00   0.00    0.0  0.005  0.006  0.007  0.006  0.005  0.006
00:49:05 845.08   15.6   31.0   1569    4.0    354    7.3    29.9  -1.4   0.80   4.03 4928.3     0.00   0.00    0.0  0.005  0.006  0.007  0.006  0.005  0.006
00:49:08 845.51   15.6   31.0   1565    3.5    344    7.3    29.8  -1.4   0.80   4.03 4931.3     0.00   0.00    0.0  0.005  0.006  0.007  0.006  0.005  0.006
00:49:10 845.53   15.7   30.9   1564    3.7    352    7.2    29.9  -1.4   0.80   4.02 4933.3     0.00   0.00    0.0  0.005  0.006  0.007  0.006  0.005  0.006
00:49:11 845.64   15.6   31.0   1563    3.9    349    7.2    29.8  -1.4   0.80   4.02 4934.3     0.00   0.00    0.0  0.005  0.006  0.007  0.006  0.005  0.006
00:49:13 845.72   15.7   30.9   1563    3.9    341    7.3    29.8  -1.4   0.80   4.01 4936.3     0.00   0.00    0.0  0.005  0.006  0.007  0.006  0.005  0.006
00:49:17 846.15   15.7   30.9   1558    4.1    345    7.2    29.8  -1.4   0.80   4.01 4940.3     0.00   0.00    0.0  0.005  0.006  0.007  0.006  0.005  0.006
00:49:19 846.11   15.7   31.0   1559    4.4    344    7.2    29.8  -1.4   0.80   4.03 4942.3     0.00   0.00    0.0  0.005  0.006  0.007  0.006  0.005  0.006
00:49:20 846.19   15.7   31.0   1558    4.4    345    7.2    29.8  -1.3   0.80   4.04 4943.3     0.00   0.00    0.0  0.005  0.006  0.007  0.006  0.005  0.006
00:49:21 846.45   15.7   31.0   1555    4.6    336    7.2    29.8  -1.4   0.80   4.03 4944.3     0.00   0.00    0.0  0.005  0.006  0.007  0.006  0.005  0.006
00:49:22 846.25   15.7   31.1   1557    4.6    337    7.2    29.8  -1.3   0.80   4.05 4945.3     0.00   0.00    0.0  0.005  0.006  0.007  0.006  0.005  0.006
00:49:23 846.30   15.6   31.1   1557    4.7    343    7.2    29.7  -1.4   0.80   4.03 4946.3     0.00   0.00    0.0  0.005  0.006  0.007  0.006  0.005  0.006
00:49:24 846.14   15.7   31.1   1558    4.9    344    7.2    29.8  -1.3   0.80   4.06 4947.3     0.00   0.00    0.0  0.005  0.006  0.007  0.006  0.005  0.006
00:49:25 846.52   15.7   31.0   1555    4.9    340    7.2    29.8  -1.4   0.80   4.04 4948.3     0.00   0.00    0.0  0.005  0.006  0.007  0.006  0.005  0.006
00:49:26 846.27   15.7   31.0   1557    4.7    336    7.2    29.8  -1.4   0.80   4.03 4949.3     0.00   0.00    0.0  0.005  0.006  0.007  0.006  0.005  0.006
00:49:27 846.48   15.7   31.0   1555    4.6    337    7.2    29.8  -1.4   0.80   4.03 4950.3     0.00   0.00    0.0  0.005  0.006  0.007  0.006  0.004  0.006
00:49:28 846.37   15.7   31.0   1556    4.6    336    7.2    29.8  -1.4   0.80   4.03 4951.3     0.00   0.00    0.0  0.005  0.006  0.007  0.006  0.005  0.006
00:49:29 846.44   15.7   31.0   1555    4.5    329    7.2    29.8  -1.3   0.80   4.04 4952.3     0.00   0.00    0.0  0.005  0.006  0.007  0.006  0.005  0.006
00:49:34 846.67   15.7   30.7   1553    3.4    335    7.2    29.8  -1.5   0.80   3.99 4957.3     0.00   0.00    0.0  0.005  0.006  0.007  0.006  0.005  0.006
00:49:35 846.73   15.7   30.6   1552    3.4    337    7.2    29.8  -1.5   0.80   3.99 4958.3     0.00   0.00    0.0  0.005  0.006  0.007  0.006  0.005  0.006
00:49:36 846.92   15.8   30.6   1550    3.4    336    7.2    29.8  -1.5   0.80   4.00 4959.3     0.00   0.00    0.0  0.005  0.006  0.007  0.006  0.004  0.006
00:49:37 846.73   15.8   30.5   1552    3.3    336    7.2    29.8  -1.5   0.80   3.99 4960.3     0.00   0.00    0.0  0.005  0.006  0.007  0.006  0.005  0.006
00:49:41 847.09   15.8   30.4   1549    2.9    335    7.2    29.8  -1.6   0.80   3.97 4964.3     0.00   0.00    0.0  0.005  0.006  0.007  0.006  0.004  0.006
00:49:43 847.21   15.8   30.5   1548    3.0    318    7.2    29.8  -1.5   0.80   3.98 4966.3     0.00   0.00    0.0  0.005  0.006  0.007  0.006  0.005  0.006
00:49:46 847.43   15.8   30.6   1545    2.9    329    7.2    29.8  -1.5   0.80   3.99 4969.3     0.00   0.00    0.0  0.005  0.006  0.007  0.006  0.004  0.006
00:49:47 847.49   15.8   30.5   1545    3.3    331    7.2    29.8  -1.5   0.80   3.99 4970.3     0.00   0.00    0.0  0.005  0.006  0.007  0.006  0.004  0.006
00:49:50 847.56   15.7   30.6   1544    3.2    310    7.2    29.7  -1.5   0.80   3.98 4973.3     0.00   0.00    0.0  0.005  0.006  0.007  0.006  0.005  0.006
00:49:51 847.83   15.8   30.5   1541    3.2    321    7.2    29.8  -1.5   0.80   4.00 4974.3     0.00   0.00    0.0  0.005  0.006  0.007  0.006  0.005  0.006
00:49:52 847.85   15.8   30.5   1541    3.2    314    7.2    29.8  -1.5   0.80   4.00 4975.3     0.00   0.00    0.0  0.005  0.006  0.007  0.006  0.005  0.006
00:49:53 848.01   15.9   30.5   1540    3.1    314    7.2    29.8  -1.4   0.80   4.02 4976.3     0.00   0.00    0.0  0.005  0.006  0.007  0.006  0.004  0.006
00:49:55 847.98   15.8   30.6   1540    3.0    321    7.2    29.8  -1.4   0.80   4.00 4978.3     0.00   0.00    0.0  0.005  0.006  0.007  0.006  0.005  0.006
00:49:56 848.16   15.8   30.5   1538    3.1    315    7.2    29.8  -1.4   0.80   4.00 4979.3     0.00   0.00    0.0  0.005  0.006  0.007  0.006  0.005  0.006
00:50:00 848.31   15.9   30.8   1537    3.3    319    7.2    29.8  -1.2   0.80   4.07 4983.3     0.00   0.00    0.0  0.005  0.006  0.006  0.006  0.005  0.006
00:50:01 848.32   15.9   30.7   1537    3.3    331    7.2    29.8  -1.3   0.80   4.05 4984.3     0.00   0.00    0.0  0.005  0.006  0.006  0.006  0.005  0.006
00:50:02 848.29   15.9   30.6   1537    3.3    323    7.2    29.8  -1.3   0.80   4.04 4985.3     0.00   0.00    0.0  0.005  0.006  0.007  0.006  0.005  0.006
00:50:03 848.29   15.9   30.6   1537    3.4    330    7.2    29.8  -1.3   0.80   4.03 4986.3     0.00   0.00    0.0  0.005  0.006  0.007  0.006  0.005  0.006
00:50:05 848.34   15.9   30.6   1536    3.4    335    7.2    29.8  -1.3   0.80   4.04 4988.3     0.00   0.00    0.0  0.005  0.006  0.007  0.006  0.004  0.006
00:50:08 848.71   15.9   30.6   1533    3.6    336    7.2    29.8  -1.3   0.80   4.04 4991.3     0.00   0.00    0.0  0.005  0.006  0.007  0.006  0.005  0.006
00:50:09 848.69   15.9   30.6   1533    3.9    339    7.2    29.8  -1.4   0.80   4.03 4992.3     0.00   0.00    0.0  0.005  0.006  0.007  0.006  0.005  0.006
00:50:10 848.59   15.9   30.5   1534    3.9    341    7.2    29.8  -1.4   0.80   4.03 4993.3     0.00   0.00    0.0  0.005  0.006  0.007  0.006  0.005  0.006
00:50:11 848.90   15.9   30.6   1531    4.0    348    7.2    29.7  -1.4   0.80   4.02 4994.3     0.00   0.00    0.0  0.005  0.006  0.007  0.006  0.005  0.006
00:50:12 848.89   16.0   30.6   1531    4.2    342    7.2    29.8  -1.3   0.80   4.05 4995.2     0.00   0.00    0.0  0.005  0.006  0.007  0.006  0.005  0.006
00:50:13 848.57   15.9   30.7   1534    4.2    338    7.2    29.8  -1.3   0.80   4.04 4996.2     0.00   0.00    0.0  0.005  0.006  0.007  0.006  0.004  0.006
00:50:14 848.96   15.9   30.7   1530    4.2    333    7.2    29.8  -1.3   0.80   4.05 4997.2     0.00   0.00    0.0  0.005  0.006  0.007  0.006  0.005  0.006
00:50:16 848.77   15.9   30.7   1532    4.6    336    7.2    29.8  -1.3   0.80   4.05 4999.2     0.00   0.00    0.0  0.005  0.006  0.006  0.006  0.005  0.006
00:50:17 848.98   16.0   30.8   1530    4.7    335    7.2    29.8  -1.2   0.80   4.08 5000.2     0.00   0.00    0.0  0.005  0.006  0.007  0.006  0.005  0.006
00:50:18 848.85   15.9   30.8   1531    5.0    339    7.2    29.8  -1.2   0.80   4.06 5001.2     0.00   0.00    0.0  0.005  0.006  0.007  0.006  0.005  0.006
00:50:19 849.16   16.0   30.8   1528    4.9    340    7.2    29.8  -1.2   0.80   4.08 5002.3     0.00   0.00    0.0  0.005  0.006  0.007  0.006  0.005  0.006
00:50:21 849.05   15.9   30.8   1529    4.6    341    7.2    29.8  -1.2   0.80   4.07 5004.2     0.00   0.00    0.0  0.005  0.006  0.006  0.006  0.005  0.006
00:50:22 848.97   15.9   30.8   1530    4.5    342    7.2    29.7  -1.3   0.80   4.06 5005.2     0.00   0.00    0.0  0.005  0.006  0.006  0.006  0.005  0.006
00:50:23 849.09   16.0   30.8   1529    4.2    344    7.2    29.8  -1.2   0.80   4.08 5006.2     0.00   0.00    0.0  0.005  0.006  0.007  0.006  0.005  0.006
00:50:24 849.04   15.9   30.9   1529    4.3    346    7.2    29.8  -1.2   0.80   4.07 5007.2     0.00   0.00    0.0  0.005  0.006  0.007  0.006  0.005  0.006
00:50:25 849.02   15.9   30.8   1530    4.5    349    7.2    29.7  -1.2   0.80   4.06 5008.2     0.00   0.00    0.0  0.005  0.006  0.007  0.006  0.005  0.006
00:50:27 849.13   15.9   30.8   1528    5.1    344    7.2    29.7  -1.2   0.80   4.06 5010.2     0.00   0.00    0.0  0.005  0.006  0.006  0.006  0.005  0.006
00:50:30 849.46   16.0   30.8   1525    4.7    343    7.2    29.8  -1.2   0.80   4.08 5013.2     0.00   0.00    0.0  0.005  0.006  0.006  0.006  0.004  0.006
00:50:31 849.57   16.0   30.7   1524    4.4    342    7.2    29.8  -1.2   0.80   4.07 5014.2     0.00   0.00    0.0  0.005  0.006  0.007  0.006  0.005  0.006
00:50:32 849.43   16.0   30.7   1525    4.1    346    7.2    29.8  -1.2   0.80   4.06 5015.2     0.00   0.00    0.0  0.005  0.006  0.007  0.006  0.005  0.006
00:50:33 849.49   16.0   30.7   1525    3.9    350    7.2    29.8  -1.2   0.80   4.06 5016.2     0.00   0.00    0.0  0.005  0.006  0.006  0.006  0.005  0.006
00:50:35 849.51   16.0   30.6   1525    2.9    344    7.2    29.8  -1.2   0.80   4.07 5018.2     0.00   0.00    0.0  0.005  0.006  0.006  0.006  0.005  0.006
00:50:39 849.86   16.1   30.3   1521    2.8    348    7.2    29.8  -1.3   0.80   4.03 5022.2     0.00   0.00    0.0  0.005  0.006  0.007  0.006  0.005  0.006
00:50:40 850.22   16.0   30.3   1517    2.9    345    7.2    29.7  -1.4   0.80   4.01 5023.2     0.00   0.00    0.0  0.005  0.006  0.006  0.006  0.005  0.006
00:50:41 850.03   16.1   30.3   1519    3.0    336    7.2    29.8  -1.3   0.80   4.03 5024.2     0.00   0.00    0.0  0.005  0.006  0.006  0.006  0.005  0.006
00:50:42 850.08   16.1   30.3   1519    2.9    341    7.2    29.8  -1.3   0.80   4.04 5025.2     0.00   0.00    0.0  0.005  0.006  0.006  0.006  0.005  0.006
00:50:44 850.24   16.1   30.3   1517    2.6    343    7.2    29.8  -1.3   0.80   4.04 5027.2     0.00   0.00    0.0  0.005  0.006  0.006  0.006  0.005  0.006
00:50:48 850.83   16.2   29.9   1511    1.7    352    7.2    29.9  -1.4   0.80   4.00 5031.2     0.00   0.00    0.0  0.005  0.006  0.007  0.006  0.005  0.006
00:50:49 850.65   16.0   30.0   1513    1.6    345    7.2    29.7  -1.5   0.80   3.96 5032.2     0.00   0.00    0.0  0.005  0.006  0.006  0.006  0.005  0.006
00:50:50 850.68   16.1   29.9   1513    1.5    338    7.2    29.8  -1.5   0.80   3.98 5033.2     0.00   0.00    0.0  0.005  0.006  0.007  0.006  0.005  0.006
00:50:51 850.88   16.1   29.9   1511    1.4    333    7.2    29.8  -1.5   0.80   3.98 5034.2     0.00   0.00    0.0  0.005  0.006  0.006  0.006  0.005  0.006
00:50:53 851.23   16.1   30.0   1507    1.3    327    7.2    29.7  -1.5   0.80   3.98 5036.2     0.00   0.00    0.0  0.005  0.006  0.007  0.006  0.005  0.006
00:50:55 851.26   16.1   30.1   1507    1.2    326    7.2    29.7  -1.4   0.80   3.99 5038.2     0.00   0.00    0.0  0.005  0.006  0.007  0.006  0.005  0.006
00:50:57 851.40   16.0   30.3   1506    1.3    332    7.2    29.6  -1.4   0.80   4.00 5040.2     0.00   0.00    0.0  0.005  0.006  0.006  0.006  0.005  0.006
00:50:58 851.32   16.1   30.2   1507    1.4    334    7.2    29.7  -1.3   0.80   4.03 5041.2     0.00   0.00    0.0  0.005  0.006  0.006  0.006  0.005  0.006
00:50:59 851.52   16.1   30.2   1504    1.4    345    7.2    29.7  -1.4   0.80   4.01 5042.2     0.00   0.00    0.0  0.005  0.006  0.006  0.006  0.005  0.006
00:51:00 851.75   16.1   30.3   1502    1.2    338    7.2    29.7  -1.3   0.80   4.04 5043.2     0.00   0.00    0.0  0.005  0.006  0.007  0.006  0.005  0.006
00:51:01 851.66   16.0   30.4   1503    1.2    323    7.2    29.6  -1.3   0.80   4.03 5044.2     0.00   0.00    0.0  0.005  0.006  0.006  0.006  0.005  0.006
00:51:02 851.91   16.0   30.4   1501    1.2    350    7.2    29.6  -1.3   0.80   4.02 5045.2     0.00   0.00    0.0  0.005  0.006  0.007  0.006  0.005  0.006
00:51:03 852.08   16.3   30.2   1499    1.4    354    7.2    29.8  -1.2   0.80   4.06 5046.2     0.00   0.00    0.0  0.005  0.006  0.007  0.006  0.005  0.006
00:51:05 852.08   16.2   30.0   1499    1.3    346    7.2    29.7  -1.4   0.80   4.00 5048.2     0.00   0.00    0.0  0.005  0.006  0.007  0.006  0.005  0.006
00:51:06 851.81   16.1   30.0   1502    1.2    340    7.2    29.7  -1.4   0.80   3.98 5049.2     0.00   0.00    0.0  0.005  0.006  0.007  0.006  0.005  0.006
00:51:07 852.25   16.1   29.9   1497    1.2    324    7.2    29.7  -1.5   0.80   3.97 5051.2     0.00   0.00    0.0  0.005  0.006  0.007  0.006  0.005  0.006
00:51:08 852.34   16.2   29.9   1496    1.2    320    7.2    29.7  -1.4   0.80   3.99 5052.2     0.00   0.00    0.0  0.005  0.006  0.007  0.006  0.005  0.006
00:51:09 852.42   16.2   29.8   1496    1.2    323    7.2    29.7  -1.4   0.80   3.98 5053.2     0.00   0.00    0.0  0.005  0.006  0.007  0.006  0.005  0.006
00:51:10 852.44   16.2   29.8   1495    1.2    330    7.2    29.7  -1.5   0.80   3.97 5054.2     0.00   0.00    0.0  0.005  0.006  0.007  0.006  0.005  0.006
00:51:11 852.32   16.2   29.9   1497    1.2    328    7.2    29.8  -1.4   0.80   4.00 5055.2     0.00   0.00    0.0  0.005  0.006  0.006  0.006  0.005  0.006
00:51:15 852.95   16.3   29.8   1490    2.1    327    7.2    29.8  -1.4   0.80   4.01 5059.2     0.00   0.00    0.0  0.005  0.006  0.007  0.006  0.005  0.006
00:51:16 853.12   16.5   29.6   1489    2.1    326    7.2    29.9  -1.3   0.80   4.03 5060.2     0.00   0.00    0.0  0.005  0.006  0.007  0.006  0.005  0.006
00:51:17 852.91   16.4   29.8   1491    2.2    315    7.2    29.9  -1.3   0.80   4.03 5061.2     0.00   0.00    0.0  0.005  0.006  0.007  0.006  0.005  0.006
00:51:18 853.32   16.4   29.7   1487    2.3    317    7.2    29.8  -1.3   0.80   4.01 5062.2     0.00   0.00    0.0  0.005  0.006  0.007  0.006  0.005  0.006
00:51:20 853.28   16.3   29.7   1487    2.4    324    7.2    29.8  -1.4   0.80   4.00 5063.2     0.00   0.00    0.0  0.005  0.006  0.007  0.006  0.005  0.006
00:51:20 853.25   16.4   29.7   1487    2.3    308    7.2    29.9  -1.3   0.80   4.02 5064.2     0.00   0.00    0.0  0.005  0.006  0.007  0.006  0.005  0.006
00:51:21 853.34   16.3   29.7   1486    2.1    310    7.2    29.7  -1.5   0.80   3.97 5065.2     0.00   0.00    0.0  0.005  0.006  0.007  0.006  0.005  0.006
00:51:25 853.63   16.4   29.6   1484    2.7    320    7.2    29.8  -1.4   0.80   4.00 5069.2     0.00   0.00    0.0  0.005  0.006  0.007  0.006  0.005  0.006
00:51:26 853.71   16.5   29.6   1483    2.7    315    7.2    29.9  -1.3   0.80   4.01 5070.2     0.00   0.00    0.0  0.005  0.006  0.007  0.006  0.005  0.006
00:51:28 853.89   16.4   29.7   1481    2.9    318    7.2    29.8  -1.3   0.80   4.01 5072.2     0.00   0.00    0.0  0.005  0.006  0.007  0.006  0.005  0.006
00:51:29 853.87   16.4   29.6   1481    2.9    323    7.2    29.8  -1.4   0.80   4.00 5073.2     0.00   0.00    0.0  0.005  0.006  0.007  0.006  0.005  0.006
00:51:30 853.95   16.4   29.6   1480    2.9    322    7.2    29.8  -1.3   0.80   4.01 5074.2     0.00   0.00    0.0  0.005  0.006  0.007  0.006  0.005  0.006
00:51:33 854.10   16.5   29.6   1479    3.0    319    7.2    29.8  -1.3   0.80   4.02 5077.2     0.00   0.00    0.0  0.005  0.006  0.007  0.006  0.005  0.006
00:51:34 854.01   16.5   29.6   1480    2.9    330    7.2    29.9  -1.3   0.80   4.02 5078.2     0.00   0.00    0.0  0.005  0.006  0.007  0.006  0.005  0.006
00:51:35 854.39   16.5   29.5   1476    2.9    328    7.2    29.8  -1.3   0.80   4.02 5079.2     0.00   0.00    0.0  0.005  0.006  0.007  0.006  0.005  0.006
00:51:36 854.17   16.5   29.6   1478    2.9    319    7.2    29.9  -1.3   0.80   4.03 5080.2     0.00   0.00    0.0  0.005  0.006  0.007  0.006  0.005  0.006
00:51:37 854.54   16.5   29.6   1474    2.9    305    7.2    29.8  -1.3   0.80   4.03 5081.2     0.00   0.00    0.0  0.005  0.006  0.007  0.006  0.005  0.006
00:51:38 854.63   16.5   29.6   1474    2.8    317    7.2    29.8  -1.3   0.80   4.01 5082.2     0.00   0.00    0.0  0.005  0.006  0.007  0.006  0.005  0.006
00:51:39 854.66   16.6   29.6   1473    2.8    310    7.2    29.9  -1.3   0.80   4.04 5083.2     0.00   0.00    0.0  0.005  0.006  0.007  0.006  0.005  0.006
00:51:41 854.70   16.5   29.6   1473    2.6    305    7.2    29.7  -1.3   0.80   4.01 5085.2     0.00   0.00    0.0  0.005  0.006  0.007  0.006  0.005  0.006
00:51:43 854.69   16.5   29.7   1473    2.7    286    7.2    29.8  -1.2   0.80   4.05 5087.2     0.00   0.00    0.0  0.005  0.006  0.007  0.006  0.005  0.006
00:51:44 854.81   16.4   29.8   1472    2.7    301    7.2    29.7  -1.2   0.80   4.04 5088.2     0.00   0.00    0.0  0.005  0.006  0.007  0.006  0.005  0.006
00:51:45 854.85   16.5   29.8   1471    2.8    318    7.2    29.8  -1.2   0.80   4.06 5089.2     0.00   0.00    0.0  0.005  0.006  0.007  0.006  0.005  0.006
00:51:46 854.81   16.5   29.9   1472    2.8    293    7.2    29.8  -1.2   0.80   4.06 5090.2     0.00   0.00    0.0  0.005  0.006  0.007  0.006  0.005  0.006
00:51:49 854.83   16.5   29.8   1472    2.7    310    7.2    29.8  -1.2   0.80   4.06 5093.2     0.00   0.00    0.0  0.005  0.006  0.007  0.006  0.005  0.006
00:51:51 855.07   16.5   29.7   1469    2.6    288    7.2    29.8  -1.2   0.80   4.05 5095.2     0.00   0.00    0.0  0.005  0.006  0.007  0.006  0.005  0.006
00:51:52 855.29   16.4   29.8   1467    2.6    274    7.2    29.6  -1.3   0.80   4.03 5096.1     0.00   0.00    0.0  0.005  0.006  0.007  0.006  0.005  0.006
00:51:53 855.44   16.5   29.8   1466    2.8    277    7.2    29.7  -1.2   0.80   4.06 5097.1     0.00   0.00    0.0  0.005  0.006  0.007  0.006  0.005  0.006
00:51:55 855.53   16.5   29.7   1465    2.6    321    7.2    29.7  -1.2   0.80   4.03 5099.1     0.00   0.00    0.0  0.005  0.006  0.007  0.006  0.005  0.006
00:52:00 855.75   16.5   29.7   1462    2.6    291    7.2    29.6  -1.3   0.80   4.02 5104.1     0.00   0.00    0.0  0.005  0.006  0.007  0.006  0.005  0.006
00:52:01 855.79   16.6   29.7   1462    2.3    286    7.2    29.8  -1.1   0.80   4.07 5105.1     0.00   0.00    0.0  0.005  0.006  0.007  0.006  0.005  0.006
00:52:03 856.16   16.6   29.6   1458    2.4    302    7.2    29.8  -1.2   0.80   4.05 5107.1     0.00   0.00    0.0  0.005  0.006  0.007  0.006  0.005  0.006
00:52:05 856.30   16.6   29.6   1457    2.6    303    7.2    29.8  -1.2   0.80   4.06 5109.1     0.00   0.00    0.0  0.005  0.006  0.007  0.006  0.005  0.006
00:52:06 856.44   16.6   29.6   1456    2.6    310    7.2    29.8  -1.2   0.80   4.06 5110.1     0.00   0.00    0.0  0.005  0.006  0.007  0.006  0.005  0.006
00:52:07 856.47   16.7   29.6   1455    2.7    309    7.2    29.8  -1.1   0.80   4.06 5111.1     0.00   0.00    0.0  0.005  0.006  0.007  0.006  0.005  0.006
00:52:11 856.66   16.7   30.1   1453    2.8    310    7.2    29.8  -0.9   0.81   4.14 5115.1     0.00   0.00    0.0  0.005  0.006  0.007  0.006  0.005  0.006
00:52:12 856.80   16.7   30.1   1452    2.7    308    7.2    29.7  -0.9   0.81   4.14 5116.1     0.00   0.00    0.0  0.005  0.006  0.007  0.006  0.005  0.006
00:52:15 856.94   16.6   30.2   1451    2.6    269    7.2    29.7  -0.9   0.81   4.14 5119.1     0.00   0.00    0.0  0.005  0.006  0.007  0.006  0.005  0.006
00:52:16 856.94   16.6   30.2   1451    2.5    260    7.2    29.7  -0.9   0.81   4.15 5120.1     0.00   0.00    0.0  0.005  0.006  0.007  0.006  0.005  0.006
00:52:17 856.88   16.6   30.2   1451    2.4    259    7.2    29.7  -0.9   0.81   4.14 5121.1     0.00   0.00    0.0  0.005  0.006  0.007  0.006  0.005  0.006
00:52:21 857.28   16.7   30.5   1447    2.9    310    7.2    29.7  -0.7   0.81   4.20 5125.1     0.00   0.00    0.0  0.005  0.006  0.007  0.006  0.005  0.006
00:52:22 857.34   16.7   30.5   1447    2.8    326    7.2    29.7  -0.7   0.81   4.20 5126.1     0.00   0.00    0.0  0.005  0.006  0.007  0.006  0.005  0.006
00:52:23 857.59   16.7   30.4   1444    2.8    307    7.2    29.7  -0.8   0.81   4.18 5127.1     0.00   0.00    0.0  0.005  0.006  0.007  0.006  0.005  0.006
00:52:25 857.71   16.7   30.2   1443    3.0    288    7.2    29.7  -0.8   0.81   4.17 5129.1     0.00   0.00    0.0  0.005  0.006  0.007  0.006  0.005  0.006
00:52:26 857.72   16.7   30.3   1443    2.9    295    7.2    29.7  -0.8   0.81   4.17 5130.1     0.00   0.00    0.0  0.005  0.006  0.007  0.006  0.005  0.006
00:52:27 857.55   16.7   30.2   1445    2.9    297    7.2    29.7  -0.9   0.81   4.15 5131.1     0.00   0.00    0.0  0.005  0.006  0.007  0.006  0.005  0.006
00:52:31 858.08   16.8   29.9   1439    3.0    326    7.2    29.7  -0.9   0.80   4.13 5135.1     0.00   0.00    0.0  0.005  0.006  0.007  0.006  0.005  0.006
00:52:32 858.33   16.8   29.8   1437    3.2    328    7.2    29.7  -1.0   0.80   4.12 5136.1     0.00   0.00    0.0  0.005  0.006  0.007  0.006  0.005  0.006
00:52:33 858.06   16.8   29.8   1440    3.4    324    7.2    29.8  -0.9   0.81   4.13 5137.1     0.00   0.00    0.0  0.005  0.006  0.007  0.006  0.005  0.006
00:52:34 858.14   16.8   29.8   1439    3.5    328    7.2    29.8  -0.9   0.81   4.13 5138.1     0.00   0.00    0.0  0.005  0.006  0.007  0.006  0.005  0.006
00:52:35 858.18   16.8   29.8   1438    3.4    323    7.2    29.7  -0.9   0.80   4.13 5139.1     0.00   0.00    0.0  0.005  0.006  0.007  0.006  0.005  0.006
00:52:36 858.16   16.8   29.8   1439    3.5    325    7.2    29.7  -0.9   0.80   4.13 5140.1     0.00   0.00    0.0  0.005  0.006  0.007  0.006  0.005  0.006
00:52:37 858.23   16.8   29.8   1438    3.7    322    7.2    29.7  -0.9   0.80   4.12 5141.1     0.00   0.00    0.0  0.005  0.006  0.007  0.006  0.005  0.006
00:52:38 858.32   16.8   29.8   1437    3.7    319    7.2    29.7  -1.0   0.80   4.12 5142.1     0.00   0.00    0.0  0.005  0.006  0.007  0.006  0.005  0.006
00:52:43 858.96   16.8   29.6   1431    2.9    324    7.2    29.7  -1.0   0.80   4.10 5147.1     0.00   0.00    0.0  0.005  0.006  0.007  0.006  0.005  0.006
00:52:44 858.98   16.9   29.6   1430    2.9    327    7.2    29.8  -0.9   0.80   4.12 5148.1     0.00   0.00    0.0  0.005  0.006  0.007  0.006  0.005  0.006
00:52:45 859.08   16.9   29.5   1429    2.8    335    7.2    29.8  -1.0   0.80   4.10 5149.1     0.00   0.00    0.0  0.005  0.006  0.007  0.006  0.005  0.006
00:52:46 859.23   16.9   29.4   1428    2.8    337    7.2    29.8  -1.0   0.80   4.09 5150.1     0.00   0.00    0.0  0.005  0.006  0.007  0.006  0.005  0.006
00:52:49 859.19   16.9   29.2   1428    2.6    334    7.2    29.8  -1.1   0.80   4.06 5153.1     0.00   0.00    0.0  0.005  0.006  0.007  0.006  0.005  0.006
00:52:50 859.46   16.9   29.1   1426    2.6    335    7.2    29.8  -1.1   0.80   4.05 5154.1     0.00   0.00    0.0  0.005  0.006  0.007  0.006  0.005  0.006
00:52:51 859.32   17.0   29.2   1427    2.6    335    7.2    29.8  -1.1   0.80   4.07 5155.1     0.00   0.00    0.0  0.005  0.006  0.007  0.006  0.005  0.006
00:52:52 859.46   17.0   29.0   1426    2.5    337    7.2    29.8  -1.1   0.80   4.06 5156.1     0.00   0.00    0.0  0.005  0.006  0.007  0.006  0.005  0.006
00:52:53 859.59   16.9   29.1   1424    2.4    333    7.2    29.7  -1.2   0.80   4.04 5157.1     0.00   0.00    0.0  0.005  0.006  0.007  0.006  0.005  0.006
00:52:54 859.71   17.0   29.2   1423    2.4    330    7.2    29.8  -1.1   0.80   4.08 5158.1     0.00   0.00    0.0  0.005  0.006  0.007  0.006  0.005  0.006
00:52:55 859.85   17.0   29.1   1422    2.5    331    7.2    29.8  -1.1   0.80   4.05 5159.1     0.00   0.00    0.0  0.005  0.006  0.007  0.006  0.005  0.006
00:52:57 860.17   17.0   29.1   1419    2.5    333    7.2    29.7  -1.1   0.80   4.07 5161.1     0.00   0.00    0.0  0.005  0.006  0.007  0.006  0.005  0.006
00:52:58 860.08   17.0   29.1   1419    2.4    338    7.2    29.8  -1.1   0.80   4.07 5162.1     0.00   0.00    0.0  0.005  0.006  0.007  0.006  0.005  0.006
00:52:59 860.31   17.0   29.2   1417    2.4    331    7.2    29.8  -1.0   0.80   4.09 5163.1     0.00   0.00    0.0  0.005  0.006  0.007  0.006  0.005  0.006
00:53:00 860.17   17.0   29.2   1419    2.4    334    7.2    29.8  -1.1   0.80   4.08 5164.1     0.00   0.00    0.0  0.005  0.006  0.007  0.006  0.005  0.006
00:53:02 860.32   17.0   29.1   1417    2.4    337    7.2    29.7  -1.1   0.80   4.06 5166.1     0.00   0.00    0.0  0.005  0.006  0.007  0.006  0.005  0.006
00:53:07 860.74   17.0   28.9   1413    2.7    338    7.2    29.7  -1.2   0.80   4.03 5171.1     0.00   0.00    0.0  0.005  0.006  0.007  0.006  0.005  0.006
00:53:08 860.84   17.1   28.9   1412    2.6    337    7.2    29.8  -1.1   0.80   4.04 5172.1     0.00   0.00    0.0  0.005  0.006  0.007  0.006  0.005  0.006
00:53:09 860.68   17.1   28.8   1414    2.6    337    7.2    29.8  -1.1   0.80   4.05 5173.1     0.00   0.00    0.0  0.005  0.006  0.007  0.006  0.005  0.006
00:53:10 860.99   17.0   28.9   1411    2.5    339    7.2    29.7  -1.2   0.80   4.03 5174.1     0.00   0.00    0.0  0.005  0.006  0.007  0.006  0.005  0.006
00:53:11 861.16   17.1   28.9   1409    2.4    337    7.2    29.7  -1.1   0.80   4.05 5175.1     0.00   0.00    0.0  0.005  0.006  0.007  0.006  0.005  0.006
00:53:12 860.96   17.2   28.9   1411    2.4    335    7.2    29.8  -1.1   0.80   4.07 5176.1     0.00   0.00    0.0  0.005  0.006  0.007  0.006  0.005  0.006
00:53:13 861.24   17.1   28.9   1408    2.3    340    7.2    29.8  -1.1   0.80   4.06 5177.1     0.00   0.00    0.0  0.005  0.006  0.007  0.006  0.005  0.006
00:53:14 861.15   17.1   28.9   1409    2.0    345    7.2    29.7  -1.1   0.80   4.05 5178.1     0.00   0.00    0.0  0.005  0.006  0.007  0.006  0.005  0.006
00:53:15 861.26   17.2   28.9   1408    2.0    346    7.2    29.9  -1.0   0.80   4.09 5179.1     0.00   0.00    0.0  0.005  0.006  0.007  0.006  0.005  0.006
00:53:18 861.50   17.0   28.8   1405    1.6    349    7.2    29.6  -1.2   0.80   4.01 5182.1     0.00   0.00    0.0  0.005  0.006  0.007  0.006  0.005  0.006
00:53:19 861.76   17.0   28.8   1403    1.5    354    7.2    29.6  -1.2   0.80   4.02 5183.1     0.00   0.00    0.0  0.005  0.006  0.007  0.006  0.005  0.006
00:53:20 861.49   17.0   28.8   1406    1.5      3    7.2    29.6  -1.2   0.80   4.01 5184.1     0.00   0.00    0.0  0.005  0.006  0.007  0.006  0.005  0.006
00:53:24 861.80   17.3   28.2   1403    1.6      8    7.2    29.9  -1.3   0.80   3.99 5188.1     0.00   0.00    0.0  0.005  0.006  0.007  0.006  0.005  0.006
00:53:28 862.17   17.2   28.1   1399    1.7      7    7.2    29.7  -1.4   0.80   3.95 5192.1     0.00   0.00    0.0  0.006  0.006  0.007  0.006  0.005  0.006
00:53:29 862.35   17.4   27.9   1397    1.7      6    7.2    29.9  -1.3   0.80   3.98 5193.1     0.00   0.00    0.0  0.005  0.006  0.007  0.006  0.005  0.006
00:53:30 862.38   17.3   27.9   1397    1.7      5    7.2    29.9  -1.4   0.80   3.95 5194.1     0.00   0.00    0.0  0.005  0.006  0.007  0.006  0.005  0.006
00:53:37 863.27   17.2   28.1   1388    1.7    340    7.2    29.7  -1.4   0.80   3.95 5201.0     0.00   0.00    0.0  0.005  0.006  0.007  0.006  0.005  0.006
00:53:38 863.10   17.2   28.2   1390    1.8    344    7.2    29.7  -1.4   0.80   3.96 5202.0     0.00   0.00    0.0  0.005  0.006  0.007  0.006  0.005  0.006
00:53:41 863.17   17.4   28.1   1389    2.0    332    7.2    29.9  -1.2   0.80   4.02 5205.0     0.00   0.00    0.0  0.005  0.006  0.007  0.006  0.005  0.006
00:53:42 863.42   17.4   28.2   1386    2.2    328    7.2    29.9  -1.1   0.80   4.03 5206.0     0.00   0.00    0.0  0.006  0.006  0.007  0.006  0.005  0.006
00:53:44 863.34   17.4   28.3   1387    2.5    328    7.2    29.9  -1.1   0.80   4.05 5208.0     0.00   0.00    0.0  0.005  0.006  0.007  0.006  0.005  0.006
00:53:45 863.73   17.4   28.4   1383    2.8    331    7.2    29.8  -1.1   0.80   4.03 5209.0     0.00   0.00    0.0  0.005  0.006  0.007  0.006  0.005  0.006
00:53:46 863.74   17.4   28.4   1383    3.5    333    7.2    29.8  -1.0   0.80   4.06 5210.0     0.00   0.00    0.0  0.005  0.006  0.007  0.006  0.005  0.006
00:53:47 863.62   17.4   28.5   1384    3.5    331    7.2    29.9  -1.0   0.80   4.09 5211.0     0.00   0.00    0.0  0.005  0.006  0.007  0.006  0.005  0.006
00:53:49 863.97   17.5   28.7   1381    3.5    332    7.2    29.9  -0.9   0.80   4.12 5213.0     0.00   0.00    0.0  0.005  0.006  0.007  0.006  0.005  0.006
00:53:50 863.82   17.5   28.8   1383    3.2    335    7.2    29.9  -0.8   0.81   4.15 5214.0     0.00   0.00    0.0  0.005  0.006  0.007  0.006  0.005  0.006
00:53:51 864.12   17.6   29.0   1380    3.1    330    7.2    30.0  -0.6   0.81   4.21 5215.0     0.00   0.00    0.0  0.005  0.006  0.007  0.006  0.005  0.006
00:53:52 864.27   17.5   29.0   1378    3.0    336    7.2    29.9  -0.7   0.81   4.19 5216.0     0.00   0.00    0.0  0.005  0.006  0.007  0.006  0.005  0.006
00:53:53 864.37   17.5   29.0   1377    2.7    334    7.2    29.9  -0.7   0.81   4.17 5217.0     0.00   0.00    0.0  0.005  0.006  0.007  0.006  0.005  0.006
00:53:54 864.40   17.4   29.1   1377    2.4    343    7.2    29.8  -0.7   0.81   4.18 5218.0     0.00   0.00    0.0  0.006  0.006  0.007  0.006  0.005  0.006
00:53:55 864.38   17.6   29.1   1377    2.3    345    7.2    29.9  -0.6   0.81   4.21 5219.0     0.00   0.00    0.0  0.005  0.006  0.007  0.006  0.005  0.006
00:53:56 864.42   17.5   29.1   1377    2.0    345    7.2    29.9  -0.6   0.81   4.20 5220.0     0.00   0.00    0.0  0.005  0.006  0.007  0.006  0.005  0.006
00:53:57 864.43   17.6   29.1   1376    1.8    346    7.2    30.0  -0.6   0.81   4.22 5221.0     0.00   0.00    0.0  0.005  0.006  0.007  0.006  0.005  0.006
00:54:01 864.94   17.6   29.1   1371    1.2    342    7.2    29.9  -0.5   0.81   4.23 5225.0     0.00   0.00    0.0  0.005  0.006  0.007  0.006  0.005  0.006
00:54:02 864.79   17.6   29.0   1373    1.4    341    7.2    30.0  -0.6   0.81   4.22 5226.0     0.00   0.00    0.0  0.005  0.006  0.007  0.006  0.005  0.006
00:54:03 864.84   17.6   29.0   1372    1.4    341    7.2    29.9  -0.6   0.81   4.22 5227.0     0.00   0.00    0.0  0.005  0.006  0.007  0.006  0.005  0.006
00:54:04 865.01   17.5   29.0   1371    1.7    344    7.2    29.8  -0.6   0.81   4.20 5228.0     0.00   0.00    0.0  0.005  0.006  0.007  0.006  0.005  0.006
00:54:09 865.51   17.7   28.3   1366    1.7    347    7.2    30.0  -0.8   0.80   4.12 5233.0     0.00   0.00    0.0  0.005  0.006  0.007  0.006  0.005  0.006
00:54:10 865.28   17.6   28.2   1368    1.7    339    7.2    29.9  -1.0   0.80   4.08 5234.0     0.00   0.00    0.0  0.006  0.006  0.007  0.006  0.005  0.006
00:54:11 865.45   17.8   28.2   1366    1.7    327    7.2    30.0  -0.9   0.80   4.12 5235.0     0.00   0.00    0.0  0.005  0.006  0.007  0.006  0.005  0.006
00:54:13 865.82   17.6   28.3   1363    1.8    324    7.2    29.8  -1.0   0.80   4.08 5237.0     0.00   0.00    0.0  0.005  0.006  0.007  0.006  0.005  0.006
00:54:14 865.65   17.6   28.3   1364    1.8    314    7.2    29.8  -0.9   0.80   4.09 5238.0     0.00   0.00    0.0  0.006  0.006  0.007  0.006  0.005  0.006
00:54:15 865.94   17.5   28.5   1362    2.1    325    7.2    29.7  -0.9   0.80   4.09 5239.0     0.00   0.00    0.0  0.005  0.006  0.007  0.006  0.005  0.006
00:54:16 866.04   17.6   28.6   1361    2.4    324    7.2    29.8  -0.8   0.81   4.14 5240.0     0.00   0.00    0.0  0.005  0.006  0.007  0.006  0.005  0.006
00:54:17 865.98   17.6   28.6   1361    2.5    319    7.2    29.8  -0.8   0.81   4.13 5241.0     0.00   0.00    0.0  0.006  0.006  0.007  0.006  0.005  0.006
00:54:18 866.01   17.6   28.7   1361    2.5    320    7.2    29.8  -0.8   0.81   4.15 5242.0     0.00   0.00    0.0  0.005  0.006  0.007  0.006  0.005  0.006
00:54:22 866.38   17.6   28.8   1357    2.0    326    7.2    29.7  -0.7   0.81   4.16 5246.0     0.00   0.00    0.0  0.005  0.006  0.007  0.006  0.005  0.006
00:54:23 866.52   17.7   28.8   1356    1.8    335    7.2    29.8  -0.6   0.81   4.19 5247.0     0.00   0.00    0.0  0.005  0.006  0.007  0.006  0.005  0.006
00:54:24 866.49   17.5   28.8   1356    1.7    340    7.2    29.7  -0.8   0.81   4.15 5248.0     0.00   0.00    0.0  0.005  0.006  0.007  0.006  0.005  0.006
00:54:29 867.00   17.7   28.2   1351    1.3    348    7.2    29.8  -0.9   0.80   4.10 5253.0     0.00   0.00    0.0  0.006  0.006  0.007  0.006  0.005  0.006
00:54:31 867.11   17.7   28.3   1350    1.4    339    7.2    29.8  -0.8   0.80   4.12 5255.0     0.00   0.00    0.0  0.005  0.006  0.007  0.006  0.005  0.006
00:54:32 867.26   17.9   28.2   1349    1.5    337    7.2    30.0  -0.7   0.81   4.16 5256.0     0.00   0.00    0.0  0.006  0.006  0.007  0.006  0.005  0.006
00:54:33 867.34   17.8   28.1   1348    1.6    332    7.2    29.9  -0.8   0.80   4.12 5257.0     0.00   0.00    0.0  0.006  0.006  0.007  0.006  0.005  0.006
00:54:34 867.36   17.8   28.0   1348    1.9    330    7.2    29.9  -0.9   0.80   4.09 5258.0     0.00   0.00    0.0  0.005  0.006  0.007  0.006  0.005  0.006
00:54:35 867.32   17.9   28.1   1348    1.9    326    7.2    29.9  -0.8   0.80   4.13 5259.0     0.00   0.00    0.0  0.006  0.006  0.007  0.006  0.005  0.006
00:54:40 867.80   18.1   28.5   1343    2.1    340    7.2    30.1  -0.5   0.81   4.25 5264.0     0.00   0.00    0.0  0.005  0.006  0.007  0.006  0.005  0.006
00:54:41 867.75   18.1   28.5   1344    2.2    341    7.2    30.1  -0.5   0.81   4.25 5265.0     0.00   0.00    0.0  0.005  0.006  0.007  0.006  0.005  0.006
00:54:42 868.16   18.1   28.5   1340    2.2    341    7.2    30.1  -0.4   0.81   4.26 5266.0     0.00   0.00    0.0  0.006  0.006  0.007  0.006  0.005  0.006
00:54:43 868.08   18.0   28.5   1341    2.1    342    7.2    30.0  -0.5   0.81   4.25 5267.0     0.00   0.00    0.0  0.005  0.006  0.007  0.006  0.005  0.006
00:54:45 868.31   18.1   28.4   1338    1.9    349    7.2    30.1  -0.5   0.81   4.23 5269.0     0.00   0.00    0.0  0.005  0.006  0.007  0.006  0.005  0.006
00:54:46 868.33   18.0   28.3   1338    1.7    349    7.2    30.0  -0.6   0.81   4.21 5270.0     0.00   0.00    0.0  0.005  0.006  0.007  0.006  0.005  0.006
00:54:47 868.22   18.1   28.3   1339    1.7    352    7.2    30.1  -0.5   0.81   4.23 5271.0     0.00   0.00    0.0  0.006  0.006  0.007  0.006  0.005  0.006
00:54:48 868.34   18.1   28.3   1338    1.6    349    7.2    30.0  -0.6   0.81   4.21 5272.0     0.00   0.00    0.0  0.005  0.006  0.007  0.006  0.005  0.006
00:54:50 868.49   18.2   28.2   1337    1.7    341    7.2    30.2  -0.4   0.81   4.25 5274.0     0.00   0.00    0.0  0.005  0.006  0.007  0.006  0.005  0.006
00:54:53 868.92   18.3   28.3   1332    1.7    348    7.2    30.3  -0.3   0.81   4.29 5277.0     0.00   0.00    0.0  0.006  0.006  0.007  0.006  0.005  0.006
00:54:54 868.87   18.3   28.0   1333    1.8    351    7.2    30.3  -0.5   0.81   4.24 5278.0     0.00   0.00    0.0  0.005  0.006  0.007  0.006  0.005  0.006
00:54:57 869.20   18.4   27.7   1330    1.7    346    7.2    30.3  -0.6   0.81   4.20 5281.0     0.00   0.00    0.0  0.006  0.006  0.007  0.006  0.005  0.006
00:54:58 869.29   18.5   28.0   1329    1.7    342    7.2    30.4  -0.3   0.81   4.28 5282.0     0.00   0.00    0.0  0.005  0.006  0.007  0.006  0.005  0.006
00:55:03 869.65   18.5   27.7   1325    1.7    339    7.2    30.3  -0.5   0.81   4.22 5287.0     0.00   0.00    0.0  0.006  0.006  0.007  0.006  0.005  0.006
00:55:05 869.67   18.5   27.6   1325    1.8    349    7.2    30.4  -0.5   0.81   4.22 5289.0     0.00   0.00    0.0  0.006  0.006  0.007  0.006  0.005  0.006
00:55:10 870.28   18.6   27.6   1319    1.4    337    7.2    30.4  -0.4   0.81   4.26 5294.0     0.00   0.00    0.0  0.006  0.006  0.007  0.006  0.005  0.006
00:55:11 870.28   18.8   27.6   1319    1.4    331    7.2    30.7  -0.2   0.81   4.31 5295.0     0.00   0.00    0.0  0.006  0.006  0.007  0.006  0.005  0.006
00:55:12 870.56   19.0   27.9   1316    1.3    329    7.2    30.9   0.1   0.82   4.43 5296.0     0.00   0.00    0.0  0.006  0.006  0.007  0.006  0.005  0.006
00:55:14 870.79   18.8   27.6   1314    1.2    341    7.2    30.6  -0.2   0.81   4.31 5297.9     0.00   0.00    0.0  0.006  0.006  0.007  0.006  0.005  0.006
00:55:15 870.39   19.3   28.1   1318    1.2    342    7.2    31.1   0.4   0.82   4.53 5298.9     0.00   0.00    0.0  0.006  0.006  0.007  0.006  0.005  0.006
00:55:16 870.29   19.3   28.1   1319    1.2    352    7.2    31.2   0.5   0.82   4.55 5299.9     0.00   0.00    0.0  0.006  0.006  0.007  0.006  0.005  0.006
00:55:17 870.36   19.1   27.3   1318    1.1    357    7.2    31.0  -0.1   0.81   4.37 5300.9     0.00   0.00    0.0  0.006  0.006  0.007  0.006  0.005  0.006
00:55:18 870.53   19.1   27.3   1316    1.0    357    7.2    30.9  -0.1   0.81   4.34 5301.9     0.00   0.00    0.0  0.006  0.006  0.007  0.006  0.005  0.006
00:55:19 870.43   19.4   27.9   1317    0.9    357    7.2    31.3   0.4   0.82   4.54 5302.9     0.00   0.00    0.0  0.006  0.006  0.007  0.006  0.005  0.006
00:55:20 870.39   18.8   26.8   1318    0.9    358    7.2    30.7  -0.6   0.81   4.18 5303.9     0.00   0.00    0.0  0.006  0.006  0.007  0.006  0.005  0.006
00:55:21 870.43   19.2   28.1   1317    0.8    357    7.2    31.1   0.4   0.82   4.52 5304.9     0.00   0.00    0.0  0.006  0.006  0.007  0.006  0.005  0.006
00:55:24 870.54   19.5   27.7   1316    0.6    346    7.2    31.4   0.4   0.82   4.53 5307.9     0.00   0.00    0.0  0.006  0.006  0.007  0.006  0.005  0.006
00:55:25 870.48   19.6   27.2   1317    0.6    344    7.2    31.4   0.2   0.82   4.46 5308.9     0.00   0.00    0.0  0.006  0.006  0.007  0.006  0.005  0.006
00:55:26 870.30   19.6   27.3   1319    0.6    340    7.2    31.5   0.3   0.82   4.49 5309.9     0.00   0.00    0.0  0.006  0.006  0.007  0.006  0.005  0.006
00:55:28 870.31   19.5   26.8   1319    0.5    304    7.2    31.3  -0.1   0.81   4.38 5311.9     0.00   0.00    0.0  0.006  0.006  0.007  0.006  0.005  0.006
00:55:35 870.47   19.3   26.4   1317   38.5    333    7.3    31.1  -0.5   0.81   4.23 5318.6     0.00   0.00    0.0  0.006  0.006  0.007  0.006  0.005  0.007
00:55:37 870.60   19.2   26.3   1316    1.0    327    7.2    31.0  -0.5   0.81   4.21 5320.6     0.00   0.00    0.0  0.006  0.006  0.007  0.006  0.005  0.007
00:55:38 870.46   19.9   26.7   1317    1.0    326    7.2    31.8   0.2   0.82   4.47 5321.6     0.00   0.00    0.0  0.006  0.006  0.007  0.006  0.005  0.006
00:55:39 870.29   19.2   26.4   1319    0.9    317    7.2    31.1  -0.5   0.81   4.23 5322.6     0.00   0.00    0.0  0.006  0.006  0.007  0.006  0.005  0.006
00:55:40 870.42   19.7   26.8   1318    0.8    323    7.2    31.6   0.1   0.82   4.44 5323.5     0.00   0.00    0.0  0.006  0.006  0.007  0.006  0.005  0.006
00:55:41 870.57   20.1   27.5   1316    0.8    337    7.2    32.0   0.8   0.82   4.67 5324.5     0.00   0.00    0.0  0.006  0.006  0.007  0.006  0.005  0.006
00:55:42 870.64   19.8   26.4   1315    0.7    345    7.2    31.7   0.1   0.82   4.41 5325.5     0.00   0.00    0.0  0.006  0.006  0.007  0.006  0.005  0.006
00:55:43 870.42   19.8   27.2   1317    0.7    348    7.2    31.7   0.4   0.82   4.54 5326.5     0.00   0.00    0.0  0.006  0.006  0.007  0.006  0.005  0.006
00:55:44 870.69   19.8   26.7   1315    0.7    349    7.2    31.6   0.1   0.82   4.43 5327.5     0.00   0.00    0.0  0.006  0.006  0.007  0.006  0.005  0.007
00:55:47 870.72   18.8   25.5   1315    0.6    340    7.2    30.6  -1.3   0.80   3.94 5330.5     0.00   0.00    0.0  0.006  0.006  0.007  0.006  0.005  0.007
00:55:48 870.46   18.9   25.5   1317    0.6    337    7.2    30.7  -1.3   0.80   3.95 5331.5     0.00   0.00    0.0  0.006  0.006  0.007  0.006  0.005  0.007
00:55:49 870.29   19.4   26.4   1319    0.6    329    7.2    31.2  -0.4   0.81   4.27 5332.5     0.00   0.00    0.0  0.006  0.006  0.007  0.006  0.005  0.006
00:55:50 870.43   18.9   25.6   1317    0.7    316    7.2    30.7  -1.2   0.80   3.96 5333.5     0.00   0.00    0.0  0.006  0.006  0.007  0.006  0.005  0.007
00:55:54 870.17   18.8   26.1   1320    0.8    267    7.2    30.6  -1.0   0.80   4.03 5337.5     0.00   0.00    0.0  0.006  0.006  0.007  0.006  0.005  0.007
00:55:55 869.82   18.6   25.9   1323    0.8    297    7.2    30.4  -1.3   0.80   3.94 5338.5     0.00   0.00    0.0  0.006  0.006  0.007  0.006  0.005  0.007
00:55:56 870.16   18.3   25.6   1320    0.8    295    7.2    30.1  -1.7   0.79   3.81 5339.5     0.00   0.00    0.0  0.006  0.006  0.007  0.006  0.005  0.007
00:55:58 869.70   18.7   25.8   1325    0.9    305    7.2    30.5  -1.3   0.80   3.95 5341.5     0.00   0.00    0.0  0.006  0.006  0.007  0.006  0.005  0.007
00:55:59 869.67   18.8   26.2   1325    1.0    309    7.2    30.6  -1.0   0.80   4.04 5342.5     0.00   0.00    0.0  0.006  0.006  0.007  0.006  0.005  0.007
00:56:00 869.87   19.0   26.2   1323    1.1    317    7.2    30.9  -0.7   0.81   4.13 5343.5     0.00   0.00    0.0  0.006  0.006  0.007  0.006  0.005  0.007
00:56:01 869.76   18.3   26.0   1324    1.2    315    7.2    30.2  -1.4   0.80   3.90 5344.5     0.00   0.00    0.0  0.006  0.006  0.007  0.006  0.005  0.007
00:56:02 869.79   18.0   25.9   1324    1.2    272    7.2    29.8  -1.8   0.79   3.78 5345.5     0.00   0.00    0.0  0.006  0.006  0.007  0.006  0.005  0.007
00:56:03 870.00   18.3   26.2   1322    1.4    253    7.2    30.1  -1.4   0.80   3.92 5346.5     0.00   0.00    0.0  0.006  0.006  0.007  0.006  0.005  0.007
00:56:04 869.58   18.3   26.4   1326    1.5    256    7.2    30.2  -1.3   0.80   3.96 5347.5     0.00   0.00    0.0  0.006  0.006  0.007  0.006  0.005  0.007
00:56:06 869.32   18.3   26.6   1328    1.7    248    7.2    30.2  -1.1   0.80   4.01 5349.5     0.00   0.00    0.0  0.006  0.006  0.007  0.006  0.005  0.007
00:56:07 869.64   18.2   26.8   1325    1.7    247    7.2    30.1  -1.2   0.80   4.00 5350.5     0.00   0.00    0.0  0.006  0.006  0.007  0.006  0.005  0.007
00:56:08 869.45   18.2   27.0   1327    1.7    273    7.2    30.1  -1.0   0.80   4.04 5351.5     0.00   0.00    0.0  0.006  0.006  0.007  0.006  0.005  0.007
00:56:09 869.20   18.1   27.0   1330    1.7    280    7.2    30.0  -1.2   0.80   4.00 5352.5     0.00   0.00    0.0  0.006  0.006  0.007  0.006  0.005  0.007
00:56:10 869.11   18.1   27.1   1330    1.6    310    7.2    30.0  -1.1   0.80   4.01 5353.5     0.00   0.00    0.0  0.006  0.006  0.007  0.006  0.005  0.007
00:56:11 869.09   18.1   27.1   1331    1.4    331    7.2    30.0  -1.1   0.80   4.02 5354.5     0.00   0.00    0.0  0.006  0.006  0.007  0.006  0.005  0.007
00:56:13 868.98   18.2   27.0   1332    1.2    321    7.2    30.2  -1.1   0.80   4.03 5356.5     0.00   0.00    0.0  0.006  0.006  0.007  0.006  0.005  0.007
00:56:14 868.88   18.1   27.1   1333    1.2    315    7.2    30.1  -1.1   0.80   4.04 5357.5     0.00   0.00    0.0  0.006  0.007  0.007  0.006  0.005  0.007
00:56:18 868.67   18.2   27.9   1335    1.4    287    7.2    30.2  -0.6   0.81   4.18 5361.5     0.00   0.00    0.0  0.006  0.007  0.007  0.006  0.005  0.007
00:56:19 868.53   18.2   27.9   1336    1.4    276    7.2    30.1  -0.7   0.81   4.16 5362.5     0.00   0.00    0.0  0.006  0.007  0.007  0.006  0.005  0.007
00:56:20 868.31   18.3   28.1   1338    1.5    260    7.2    30.3  -0.5   0.81   4.24 5363.5     0.00   0.00    0.0  0.006  0.006  0.007  0.006  0.005  0.007
00:56:21 868.66   18.2   28.1   1335    1.6    268    7.2    30.1  -0.5   0.81   4.21 5364.5     0.00   0.00    0.0  0.006  0.006  0.007  0.006  0.005  0.007
00:56:22 868.35   18.0   28.2   1338    1.7    279    7.2    29.9  -0.7   0.81   4.16 5365.5     0.00   0.00    0.0  0.006  0.007  0.007  0.006  0.005  0.007
00:56:23 868.40   18.2   28.2   1337    1.7    270    7.2    30.2  -0.5   0.81   4.24 5366.5     0.00   0.00    0.0  0.006  0.006  0.007  0.006  0.005  0.007
00:56:24 868.39   18.3   28.3   1337    1.7    291    7.2    30.3  -0.3   0.81   4.28 5367.5     0.00   0.00    0.0  0.006  0.006  0.007  0.006  0.005  0.007
00:56:25 868.36   18.2   28.3   1338    1.7    284    7.2    30.2  -0.4   0.81   4.25 5368.5     0.00   0.00    0.0  0.006  0.007  0.007  0.006  0.005  0.007
00:56:26 868.24   18.2   28.5   1339    1.7    249    7.2    30.2  -0.3   0.81   4.28 5369.5     0.00   0.00    0.0  0.006  0.006  0.007  0.006  0.005  0.007
00:56:28 868.25   18.3   28.7   1339    1.6    294    7.2    30.3  -0.1   0.81   4.35 5371.5     0.00   0.00    0.0  0.006  0.006  0.007  0.006  0.005  0.007
00:56:29 867.92   18.4   28.7   1342    1.6    318    7.2    30.5  -0.0   0.81   4.40 5372.5     0.00   0.00    0.0  0.006  0.006  0.007  0.006  0.005  0.007
00:56:30 868.04   18.3   28.8   1341    1.7    333    7.2    30.3  -0.1   0.81   4.39 5373.5     0.00   0.00    0.0  0.006  0.007  0.007  0.006  0.005  0.007
00:56:31 868.18   18.5   28.8   1340    1.8    322    7.2    30.5   0.1   0.82   4.43 5374.5     0.00   0.00    0.0  0.006  0.007  0.007  0.006  0.005  0.007
00:56:32 867.83   18.4   28.9   1343    1.8    320    7.2    30.5   0.1   0.82   4.43 5375.5     0.00   0.00    0.0  0.006  0.007  0.007  0.006  0.005  0.007
00:56:33 867.73   18.4   28.6   1344    1.9    329    7.2    30.5  -0.1   0.81   4.38 5376.5     0.00   0.00    0.0  0.006  0.007  0.007  0.006  0.005  0.007
00:56:34 867.53   18.2   28.3   1346    2.1    293    7.2    30.2  -0.4   0.81   4.26 5377.5     0.00   0.00    0.0  0.006  0.006  0.007  0.006  0.005  0.007
00:56:35 867.67   18.2   28.5   1345    2.5    341    7.2    30.2  -0.4   0.81   4.28 5378.5     0.00   0.00    0.0  0.006  0.007  0.007  0.006  0.005  0.007
00:56:37 867.57   18.2   28.3   1346    2.2    312    7.2    30.3  -0.4   0.81   4.25 5380.5     0.00   0.00    0.0  0.006  0.007  0.007  0.006  0.005  0.007
00:56:38 867.69   18.1   28.2   1344    2.4    310    7.2    30.2  -0.6   0.81   4.21 5381.5     0.00   0.00    0.0  0.006  0.006  0.007  0.006  0.005  0.007
00:56:42 867.17   18.3   29.1   1349    2.4    284    7.2    30.4   0.1   0.82   4.43 5385.5     0.00   0.00    0.0  0.006  0.006  0.007  0.006  0.005  0.007
00:56:43 867.25   18.2   28.7   1349    2.7    293    7.2    30.3  -0.2   0.81   4.33 5386.5     0.00   0.00    0.0  0.006  0.007  0.007  0.006  0.005  0.007
00:56:44 867.35   18.2   28.8   1348    2.7    311    7.2    30.3  -0.2   0.81   4.35 5387.5     0.00   0.00    0.0  0.006  0.007  0.007  0.006  0.005  0.007
00:56:45 867.10   18.2   28.8   1350    2.6    303    7.2    30.3  -0.2   0.81   4.35 5388.5     0.00   0.00    0.0  0.006  0.007  0.007  0.006  0.005  0.007
00:56:48 866.81   17.9   28.9   1353    2.2    259    7.2    30.1  -0.4   0.81   4.28 5391.5     0.00   0.00    0.0  0.006  0.006  0.007  0.006  0.005  0.007
00:56:49 866.87   17.8   28.6   1352    2.3    246    7.2    29.9  -0.6   0.81   4.19 5392.5     0.00   0.00    0.0  0.006  0.007  0.007  0.006  0.005  0.007
00:56:50 866.99   17.9   28.5   1351    2.5    257    7.2    30.0  -0.6   0.81   4.21 5393.5     0.00   0.00    0.0  0.006  0.007  0.007  0.006  0.005  0.007
00:56:51 866.77   17.8   28.5   1353    2.5    251    7.2    30.0  -0.6   0.81   4.20 5394.5     0.00   0.00    0.0  0.006  0.006  0.007  0.006  0.005  0.007
00:56:52 866.76   17.8   28.7   1354    2.5    268    7.2    30.0  -0.5   0.81   4.23 5395.5     0.00   0.00    0.0  0.006  0.006  0.007  0.006  0.005  0.007
00:56:55 866.66   17.8   28.8   1355    2.4    307    7.2    30.0  -0.5   0.81   4.23 5398.5     0.00   0.00    0.0  0.006  0.007  0.007  0.006  0.005  0.007
00:56:56 866.35   17.8   28.9   1358    2.4    311    7.2    30.0  -0.5   0.81   4.24 5399.5     0.00   0.00    0.0  0.006  0.007  0.007  0.006  0.005  0.007
00:56:58 866.39   17.9   28.8   1357    2.5    321    7.2    30.1  -0.5   0.81   4.25 5401.5     0.00   0.00    0.0  0.006  0.007  0.007  0.006  0.005  0.007
00:57:03 866.24   17.7   28.5   1359    2.6    261    7.2    29.9  -0.8   0.81   4.15 5406.5     0.00   0.00    0.0  0.006  0.007  0.007  0.006  0.005  0.007
00:57:04 865.97   17.7   28.5   1361    2.7    263    7.2    29.9  -0.8   0.81   4.14 5407.5     0.00   0.00    0.0  0.006  0.006  0.007  0.006  0.005  0.007
00:57:07 865.86   17.7   28.9   1362    2.9    263    7.2    29.9  -0.6   0.81   4.20 5410.5     0.00   0.00    0.0  0.006  0.006  0.007  0.006  0.005  0.007
00:57:08 865.62   17.6   28.8   1365    2.9    260    7.2    29.8  -0.7   0.81   4.17 5411.5     0.00   0.00    0.0  0.006  0.006  0.007  0.006  0.005  0.007
00:57:09 865.83   17.6   28.9   1363    2.8    265    7.2    29.9  -0.6   0.81   4.20 5412.5     0.00   0.00    0.0  0.006  0.006  0.007  0.006  0.005  0.007
00:57:12 865.77   17.4   29.1   1363    2.6    260    7.2    29.7  -0.7   0.81   4.17 5415.5     0.00   0.00    0.0  0.006  0.006  0.007  0.006  0.005  0.007
00:57:13 865.50   17.6   29.1   1366    2.6    267    7.2    29.8  -0.6   0.81   4.22 5416.5     0.00   0.00    0.0  0.006  0.007  0.007  0.006  0.005  0.006
00:57:14 865.48   17.5   29.2   1366    2.5    249    7.2    29.8  -0.6   0.81   4.22 5417.5     0.00   0.00    0.0  0.006  0.006  0.007  0.006  0.005  0.007
00:57:16 865.44   17.6   29.5   1367    3.1    251    7.2    29.8  -0.4   0.81   4.27 5419.5     0.00   0.00    0.0  0.006  0.006  0.007  0.006  0.005  0.006
00:57:18 865.38   17.6   29.5   1367    3.3    262    7.2    29.8  -0.4   0.81   4.27 5421.5     0.00   0.00    0.0  0.006  0.006  0.007  0.006  0.005  0.007
00:57:19 865.21   17.5   29.4   1369    3.3    275    7.2    29.8  -0.5   0.81   4.25 5422.5     0.00   0.00    0.0  0.006  0.006  0.007  0.006  0.005  0.007
00:57:20 865.09   17.5   29.5   1370    3.3    290    7.2    29.8  -0.5   0.81   4.26 5423.5     0.00   0.00    0.0  0.006  0.006  0.007  0.006  0.005  0.007
00:57:21 864.94   17.6   29.4   1371    3.2    292    7.2    29.9  -0.5   0.81   4.25 5424.4     0.00   0.00    0.0  0.006  0.007  0.007  0.006  0.005  0.006
00:57:22 865.20   17.6   29.3   1369    3.1    284    7.2    29.8  -0.5   0.81   4.25 5425.4     0.00   0.00    0.0  0.006  0.006  0.007  0.006  0.005  0.007
00:57:23 864.97   17.5   29.4   1371    3.1    271    7.2    29.8  -0.5   0.81   4.24 5426.4     0.00   0.00    0.0  0.006  0.006  0.007  0.006  0.005  0.007
00:57:24 865.10   17.5   29.5   1370    3.2    277    7.2    29.8  -0.4   0.81   4.27 5427.4     0.00   0.00    0.0  0.006  0.006  0.007  0.006  0.005  0.007
00:57:25 864.86   17.6   29.5   1372    3.4    282    7.2    29.9  -0.4   0.81   4.28 5428.4     0.00   0.00    0.0  0.006  0.006  0.007  0.006  0.005  0.006
00:57:26 864.82   17.6   29.5   1373    3.5    278    7.2    29.9  -0.4   0.81   4.29 5429.4     0.00   0.00    0.0  0.006  0.006  0.007  0.006  0.005  0.007
00:57:27 864.99   17.6   29.6   1371    3.5    272    7.2    29.9  -0.4   0.81   4.29 5430.4     0.00   0.00    0.0  0.006  0.006  0.007  0.006  0.005  0.006
00:57:28 864.83   17.6   29.6   1373    3.6    276    7.2    29.9  -0.3   0.81   4.30 5431.4     0.00   0.00    0.0  0.006  0.006  0.007  0.006  0.005  0.007
00:57:31 864.75   17.7   29.6   1373    3.1    250    7.2    30.0  -0.3   0.81   4.33 5434.4     0.00   0.00    0.0  0.006  0.006  0.007  0.006  0.005  0.006
00:57:32 864.73   17.5   29.6   1374    3.1    252    7.2    29.8  -0.4   0.81   4.27 5435.4     0.00   0.00    0.0  0.006  0.006  0.007  0.006  0.005  0.007
00:57:34 864.54   17.4   29.4   1375    3.1    299    7.2    29.8  -0.6   0.81   4.22 5437.4     0.00   0.00    0.0  0.006  0.006  0.007  0.006  0.005  0.006
00:57:36 864.33   17.5   29.2   1378    2.8    282    7.2    29.9  -0.6   0.81   4.22 5439.4     0.00   0.00    0.0  0.006  0.006  0.007  0.006  0.005  0.006
00:57:37 864.27   17.3   29.0   1378    2.9    289    7.2    29.7  -0.9   0.80   4.13 5440.4     0.00   0.00    0.0  0.006  0.006  0.007  0.006  0.005  0.006
00:57:38 864.11   17.5   28.9   1380    3.0    284    7.2    29.9  -0.8   0.81   4.16 5441.4     0.00   0.00    0.0  0.006  0.006  0.007  0.006  0.005  0.007
00:57:39 864.09   17.5   28.9   1380    3.0    275    7.2    29.9  -0.8   0.81   4.16 5442.4     0.00   0.00    0.0  0.006  0.006  0.007  0.006  0.005  0.007
00:57:40 864.23   17.5   28.9   1378    3.0    278    7.2    29.8  -0.8   0.81   4.15 5443.4     0.00   0.00    0.0  0.006  0.006  0.007  0.006  0.005  0.006
00:57:42 864.08   17.4   28.8   1380    3.3    259    7.2    29.8  -0.9   0.80   4.12 5445.4     0.00   0.00    0.0  0.006  0.006  0.007  0.006  0.005  0.006
00:57:44 863.80   17.4   29.0   1383    3.3    253    7.2    29.8  -0.7   0.81   4.17 5447.4     0.00   0.00    0.0  0.006  0.006  0.007  0.006  0.005  0.006
00:57:45 863.74   17.4   29.1   1383    3.2    262    7.2    29.9  -0.7   0.81   4.18 5448.4     0.00   0.00    0.0  0.006  0.006  0.007  0.006  0.005  0.006
00:57:47 863.74   17.4   29.2   1383    3.1    264    7.2    29.8  -0.7   0.81   4.19 5450.4     0.00   0.00    0.0  0.006  0.006  0.007  0.006  0.005  0.006
00:57:50 863.52   17.4   29.2   1385    3.0    278    7.2    29.9  -0.6   0.81   4.20 5453.4     0.00   0.00    0.0  0.006  0.006  0.007  0.006  0.005  0.006
00:57:51 863.26   17.4   29.2   1388    2.9    288    7.2    29.9  -0.7   0.81   4.18 5454.4     0.00   0.00    0.0  0.006  0.006  0.007  0.006  0.005  0.006
00:57:52 863.42   17.4   29.1   1386    2.8    251    7.2    29.8  -0.8   0.81   4.16 5455.4     0.00   0.00    0.0  0.006  0.006  0.007  0.006  0.005  0.006
00:57:53 863.33   17.4   29.4   1387    2.8    254    7.2    29.9  -0.6   0.81   4.23 5456.4     0.00   0.00    0.0  0.006  0.006  0.007  0.006  0.005  0.007
00:57:54 863.22   17.4   29.4   1388    3.1    267    7.2    29.9  -0.6   0.81   4.22 5457.4     0.00   0.00    0.0  0.006  0.006  0.007  0.006  0.005  0.007
00:57:58 863.02   17.3   29.4   1390    3.0    297    7.2    29.8  -0.7   0.81   4.19 5461.4     0.00   0.00    0.0  0.006  0.006  0.007  0.006  0.005  0.006
00:57:59 863.08   17.2   29.4   1390    3.0    306    7.2    29.7  -0.8   0.81   4.16 5462.4     0.00   0.00    0.0  0.006  0.006  0.007  0.006  0.005  0.006
00:58:02 862.95   17.4   29.0   1391    3.2    321    7.2    29.9  -0.8   0.81   4.15 5465.4     0.00   0.00    0.0  0.006  0.006  0.007  0.006  0.005  0.006
00:58:03 862.81   17.3   29.0   1392    3.3    338    7.2    29.8  -0.9   0.80   4.12 5466.4     0.00   0.00    0.0  0.006  0.006  0.007  0.006  0.005  0.006
00:58:04 862.58   17.4   29.0   1395    3.4    332    7.2    30.0  -0.8   0.81   4.16 5467.4     0.00   0.00    0.0  0.006  0.006  0.007  0.006  0.005  0.006
00:58:05 862.54   17.4   28.8   1395    3.3    329    7.1    29.9  -0.9   0.80   4.11 5468.4     0.00   0.00    0.0  0.006  0.006  0.007  0.006  0.005  0.006
00:58:06 862.53   17.4   28.7   1395    3.3    311    7.2    29.9  -1.0   0.80   4.10 5469.4     0.00   0.00    0.0  0.006  0.006  0.007  0.006  0.005  0.006
00:58:07 862.54   17.3   28.6   1395    3.1    269    7.2    29.8  -1.0   0.80   4.07 5470.4     0.00   0.00    0.0  0.006  0.006  0.007  0.006  0.005  0.006
00:58:08 862.46   17.3   28.7   1396    3.3    288    7.2    29.8  -1.0   0.80   4.07 5471.4     0.00   0.00    0.0  0.006  0.006  0.007  0.006  0.005  0.006
00:58:09 862.47   17.3   28.6   1396    3.5    287    7.2    29.9  -1.0   0.80   4.08 5472.4     0.00   0.00    0.0  0.006  0.006  0.007  0.006  0.005  0.006
00:58:13 862.10   17.2   28.7   1400    3.8    247    7.2    29.8  -1.1   0.80   4.07 5476.4     0.00   0.00    0.0  0.006  0.006  0.007  0.006  0.005  0.006
00:58:15 862.00   17.2   28.8   1401    3.7    234    7.2    29.8  -1.0   0.80   4.07 5478.4     0.00   0.00    0.0  0.006  0.006  0.007  0.006  0.005  0.006
00:58:16 862.32   17.2   28.9   1397    3.8    239    7.2    29.8  -1.0   0.80   4.09 5479.4     0.00   0.00    0.0  0.006  0.006  0.007  0.006  0.005  0.006
00:58:19 862.01   17.2   29.1   1400    3.8    243    7.1    29.8  -0.9   0.80   4.11 5482.4     0.00   0.00    0.0  0.006  0.006  0.007  0.006  0.005  0.006
00:58:20 862.05   17.2   29.1   1400    3.9    253    7.1    29.8  -0.9   0.80   4.12 5483.4     0.00   0.00    0.0  0.006  0.006  0.007  0.006  0.005  0.006
00:58:22 861.84   17.1   29.4   1402    3.9    242    7.1    29.7  -0.8   0.81   4.14 5485.4     0.00   0.00    0.0  0.006  0.006  0.007  0.006  0.005  0.006
00:58:24 861.47   17.1   29.5   1406    4.0    244    7.1    29.7  -0.8   0.81   4.16 5487.4     0.00   0.00    0.0  0.005  0.006  0.007  0.006  0.005  0.006
00:58:25 861.44   17.1   29.5   1406    4.0    247    7.1    29.7  -0.8   0.81   4.15 5488.4     0.00   0.00    0.0  0.006  0.006  0.007  0.006  0.005  0.006
00:58:26 861.48   17.2   29.5   1406    4.0    246    7.1    29.8  -0.8   0.81   4.17 5489.4     0.00   0.00    0.0  0.006  0.006  0.007  0.006  0.005  0.006
00:58:27 861.43   17.1   29.4   1406    4.0    248    7.1    29.7  -0.8   0.81   4.15 5490.4     0.00   0.00    0.0  0.005  0.006  0.007  0.006  0.005  0.006
00:58:28 861.37   17.1   29.4   1407    4.0    249    7.1    29.8  -0.8   0.81   4.14 5491.4     0.00   0.00    0.0  0.006  0.006  0.007  0.006  0.005  0.006
00:58:30 861.43   17.1   29.3   1406    3.9    258    7.1    29.8  -0.9   0.81   4.14 5493.4     0.00   0.00    0.0  0.006  0.006  0.007  0.006  0.005  0.006
00:58:32 861.10   17.2   29.3   1409    3.9    272    7.1    29.9  -0.8   0.81   4.16 5495.4     0.00   0.00    0.0  0.006  0.006  0.007  0.006  0.005  0.006
00:58:33 861.02   17.2   29.3   1410    3.7    281    7.1    29.9  -0.8   0.81   4.15 5496.4     0.00   0.00    0.0  0.005  0.006  0.007  0.006  0.005  0.006
00:58:34 861.05   17.2   29.2   1410    3.6    297    7.1    29.9  -0.8   0.81   4.15 5497.4     0.00   0.00    0.0  0.006  0.006  0.007  0.006  0.005  0.006
00:58:39 860.86   17.1   29.0   1412    3.7    316    7.1    29.8  -1.0   0.80   4.08 5502.4     0.00   0.00    0.0  0.006  0.006  0.007  0.006  0.005  0.006
00:58:40 860.72   17.2   29.0   1413    3.8    313    7.1    29.9  -1.0   0.80   4.10 5503.4     0.00   0.00    0.0  0.006  0.006  0.007  0.006  0.005  0.006
00:58:41 860.46   17.1   29.0   1416    3.8    321    7.1    29.9  -1.0   0.80   4.08 5504.4     0.00   0.00    0.0  0.006  0.006  0.007  0.006  0.005  0.006
00:58:42 860.52   17.1   29.0   1415    3.8    309    7.1    29.8  -1.0   0.80   4.08 5505.4     0.00   0.00    0.0  0.006  0.006  0.007  0.006  0.005  0.006
00:58:43 860.47   17.1   29.0   1416    3.6    323    7.1    29.8  -1.1   0.80   4.06 5506.4     0.00   0.00    0.0  0.006  0.006  0.007  0.006  0.005  0.006
00:58:45 860.42   17.1   29.0   1416    3.9    284    7.1    29.8  -1.1   0.80   4.06 5508.4     0.00   0.00    0.0  0.005  0.006  0.007  0.006  0.005  0.006
00:58:46 860.36   17.1   29.0   1417    3.8    264    7.1    29.9  -1.1   0.80   4.07 5509.4     0.00   0.00    0.0  0.005  0.006  0.007  0.006  0.005  0.006
00:58:50 860.44   17.0   29.1   1416    3.4    254    7.1    29.8  -1.0   0.80   4.08 5513.4     0.00   0.00    0.0  0.006  0.006  0.007  0.006  0.005  0.006
00:58:52 860.26   17.0   29.2   1418    3.6    252    7.1    29.8  -1.0   0.80   4.08 5515.4     0.00   0.00    0.0  0.006  0.006  0.007  0.006  0.005  0.006
00:58:54 860.15   17.0   29.2   1419    4.1    256    7.1    29.8  -1.0   0.80   4.09 5517.4     0.00   0.00    0.0  0.006  0.006  0.007  0.006  0.005  0.006
00:58:55 859.94   17.0   29.3   1421    4.1    306    7.1    29.8  -1.0   0.80   4.10 5518.4     0.00   0.00    0.0  0.005  0.006  0.007  0.006  0.005  0.006
00:58:57 859.85   16.9   29.3   1422    3.4    333    7.1    29.7  -1.1   0.80   4.08 5520.4     0.00   0.00    0.0  0.005  0.006  0.007  0.006  0.005  0.006
00:58:58 859.64   16.9   29.2   1424    3.1    266    7.1    29.7  -1.1   0.80   4.05 5521.4     0.00   0.00    0.0  0.005  0.006  0.007  0.006  0.005  0.006
00:58:59 859.60   16.9   29.5   1424    3.0    281    7.1    29.8  -1.0   0.80   4.11 5522.4     0.00   0.00    0.0  0.005  0.006  0.007  0.006  0.005  0.006
00:59:00 859.49   16.9   29.4   1425    3.3    306    7.1    29.7  -1.0   0.80   4.09 5523.4     0.00   0.00    0.0  0.006  0.006  0.007  0.006  0.005  0.006
00:59:01 859.46   17.0   29.5   1426    3.3    230    7.1    29.8  -1.0   0.80   4.11 5524.4     0.00   0.00    0.0  0.005  0.006  0.007  0.006  0.005  0.006
00:59:02 859.54   17.0   29.5   1425    3.6    238    7.1    29.8  -0.9   0.81   4.14 5525.4     0.00   0.00    0.0  0.006  0.006  0.007  0.006  0.005  0.006
00:59:03 859.45   16.9   29.6   1426    3.6    251    7.1    29.7  -1.0   0.80   4.11 5526.3     0.00   0.00    0.0  0.005  0.006  0.006  0.006  0.005  0.006
00:59:06 859.35   17.0   29.6   1427    3.2    284    7.1    29.8  -0.9   0.81   4.14 5529.3     0.00   0.00    0.0  0.006  0.006  0.007  0.006  0.005  0.006
00:59:07 859.21   17.0   29.6   1428    3.2    269    7.1    29.8  -0.8   0.81   4.15 5530.3     0.00   0.00    0.0  0.005  0.006  0.007  0.006  0.005  0.006
00:59:08 859.07   17.0   29.6   1430    3.0    262    7.1    29.9  -0.9   0.81   4.14 5531.3     0.00   0.00    0.0  0.006  0.006  0.007  0.006  0.005  0.006
00:59:09 859.13   17.0   29.5   1429    2.8    287    7.1    29.8  -0.9   0.80   4.13 5532.3     0.00   0.00    0.0  0.005  0.006  0.007  0.006  0.005  0.006
00:59:13 858.86   16.9   29.4   1432    2.7    298    7.1    29.8  -1.1   0.80   4.08 5536.3     0.00   0.00    0.0  0.006  0.006  0.007  0.006  0.005  0.006
00:59:14 859.00   17.0   29.4   1430    2.7    281    7.1    29.9  -0.9   0.80   4.12 5537.3     0.00   0.00    0.0  0.005  0.006  0.007  0.006  0.005  0.006
00:59:15 858.80   17.0   29.5   1432    2.8    280    7.1    29.9  -0.9   0.81   4.14 5538.3     0.00   0.00    0.0  0.005  0.006  0.007  0.006  0.005  0.006
00:59:20 858.57   17.0   29.8   1434    3.7    293    7.1    29.9  -0.7   0.81   4.19 5543.3     0.00   0.00    0.0  0.005  0.006  0.007  0.006  0.005  0.006
00:59:21 858.43   17.0   29.8   1436    4.0    284    7.1    30.0  -0.7   0.81   4.20 5544.3     0.00   0.00    0.0  0.005  0.006  0.007  0.006  0.005  0.006
00:59:23 858.39   17.0   30.0   1436    4.0    289    7.1    30.0  -0.7   0.81   4.22 5546.3     0.00   0.00    0.0  0.005  0.006  0.007  0.006  0.005  0.006
00:59:24 858.23   17.0   30.0   1438    3.9    308    7.1    30.0  -0.7   0.81   4.22 5547.3     0.00   0.00    0.0  0.006  0.006  0.007  0.006  0.005  0.006
00:59:25 858.06   17.0   30.0   1440    3.7    311    7.1    30.0  -0.6   0.81   4.24 5548.3     0.00   0.00    0.0  0.005  0.006  0.007  0.006  0.005  0.006
00:59:26 857.85   17.0   30.1   1442    3.6    300    7.1    30.0  -0.6   0.81   4.25 5549.3     0.00   0.00    0.0  0.005  0.006  0.007  0.006  0.005  0.006
00:59:30 857.90   16.9   29.8   1441    3.6    311    7.1    29.8  -0.9   0.81   4.15 5553.3     0.00   0.00    0.0  0.005  0.006  0.007  0.006  0.005  0.006
00:59:32 857.82   16.9   30.0   1442    3.6    308    7.1    29.8  -0.8   0.81   4.18 5555.3     0.00   0.00    0.0  0.005  0.006  0.007  0.006  0.005  0.006
00:59:35 857.42   16.8   30.1   1446    3.5    299    7.1    29.9  -0.8   0.81   4.19 5558.3     0.00   0.00    0.0  0.005  0.006  0.006  0.006  0.005  0.006
00:59:36 857.57   16.8   30.1   1444    3.2    275    7.1    29.9  -0.8   0.81   4.19 5559.3     0.00   0.00    0.0  0.005  0.006  0.007  0.006  0.005  0.006
00:59:39 857.21   16.8   30.1   1448    3.2    267    7.1    29.9  -0.8   0.81   4.19 5562.3     0.00   0.00    0.0  0.005  0.006  0.007  0.006  0.005  0.006
00:59:41 857.04   16.8   30.2   1450    3.0    289    7.1    29.8  -0.8   0.81   4.19 5564.3     0.00   0.00    0.0  0.005  0.006  0.007  0.006  0.005  0.006
00:59:42 856.92   16.7   30.2   1451    3.1    324    7.1    29.8  -0.8   0.81   4.17 5565.3     0.00   0.00    0.0  0.005  0.006  0.006  0.006  0.005  0.006
00:59:43 856.71   16.7   30.2   1453    2.7    312    7.1    29.8  -0.8   0.81   4.18 5566.3     0.00   0.00    0.0  0.005  0.006  0.006  0.006  0.005  0.006
00:59:44 856.85   16.8   30.3   1451    2.3    299    7.1    29.9  -0.7   0.81   4.20 5567.3     0.00   0.00    0.0  0.005  0.006  0.007  0.006  0.005  0.006
00:59:48 856.67   16.8   30.4   1453    2.1    296    7.1    29.9  -0.7   0.81   4.23 5571.3     0.00   0.00    0.0  0.005  0.006  0.007  0.006  0.005  0.006
00:59:49 856.50   16.9   30.4   1455    2.2    269    7.1    30.0  -0.6   0.81   4.25 5572.3     0.00   0.00    0.0  0.005  0.006  0.006  0.006  0.005  0.006
00:59:50 856.64   16.7   30.3   1454    2.3    283    7.1    29.8  -0.8   0.81   4.18 5573.3     0.00   0.00    0.0  0.005  0.006  0.006  0.006  0.005  0.006
00:59:51 856.77   16.6   30.3   1452    2.3    295    7.1    29.7  -0.9   0.81   4.15 5574.3     0.00   0.00    0.0  0.005  0.006  0.006  0.006  0.005  0.006
00:59:53 856.51   16.7   30.2   1455    2.3    280    7.1    29.8  -0.8   0.81   4.17 5576.3     0.00   0.00    0.0  0.005  0.006  0.006  0.006  0.005  0.006
00:59:54 856.35   16.6   30.2   1456    2.3    298    7.1    29.8  -0.9   0.81   4.15 5577.3     0.00   0.00    0.0  0.005  0.006  0.006  0.006  0.005  0.006
00:59:55 856.35   16.7   30.1   1457    2.3    299    7.1    29.9  -0.8   0.81   4.17 5578.3     0.00   0.00    0.0  0.005  0.006  0.007  0.006  0.005  0.006
00:59:56 856.43   16.6   30.1   1456    2.2    321    7.1    29.8  -1.0   0.80   4.13 5579.3     0.00   0.00    0.0  0.005  0.006  0.006  0.006  0.005  0.006
00:59:58 856.24   16.8   29.9   1458    2.1    326    7.1    29.9  -0.9   0.81   4.14 5581.3     0.00   0.00    0.0  0.005  0.006  0.006  0.006  0.005  0.006
01:00:00 856.08   16.7   29.7   1459    1.9    309    7.1    29.8  -1.1   0.80   4.09 5583.3     0.00   0.00    0.0  0.006  0.006  0.007  0.006  0.005  0.006
01:00:02 855.66   16.7   29.8   1463    1.5    302    7.1    29.9  -1.0   0.80   4.11 5585.3     0.00   0.00    0.0  0.005  0.006  0.006  0.006  0.005  0.006
01:00:03 856.28   16.7   29.8   1457    1.4    294    7.1    29.9  -1.0   0.80   4.10 5586.3     0.00   0.00    0.0  0.005  0.006  0.007  0.006  0.005  0.006
01:00:04 855.77   16.7   29.8   1462    1.5    279    7.1    29.8  -1.1   0.80   4.09 5587.3     0.00   0.00    0.0  0.005  0.006  0.006  0.006  0.005  0.006
01:00:05 855.69   16.7   29.8   1463    1.5    285    7.1    29.9  -1.1   0.80   4.10 5588.3     0.00   0.00    0.0  0.005  0.006  0.006  0.006  0.005  0.006
01:00:06 855.59   16.7   29.8   1464    1.8    276    7.1    29.9  -1.0   0.80   4.11 5589.3     0.00   0.00    0.0  0.005  0.006  0.006  0.006  0.005  0.006
01:00:07 855.71   16.6   29.8   1463    1.8    279    7.1    29.8  -1.1   0.80   4.08 5590.3     0.00   0.00    0.0  0.005  0.006  0.006  0.006  0.005  0.006
01:00:12 855.17   16.5   29.9   1468    2.4    256    7.1    29.8  -1.1   0.80   4.08 5595.3     0.00   0.00    0.0  0.005  0.006  0.006  0.006  0.005  0.006
01:00:13 855.34   16.5   30.0   1467    2.3    274    7.1    29.7  -1.1   0.80   4.08 5596.3     0.00   0.00    0.0  0.005  0.006  0.007  0.006  0.005  0.006
01:00:14 854.96   16.6   30.0   1470    2.3    270    7.1    29.9  -1.0   0.80   4.12 5597.3     0.00   0.00    0.0  0.005  0.006  0.006  0.006  0.005  0.006
01:00:17 855.01   16.6   30.2   1470    2.0    242    7.1    29.9  -0.9   0.81   4.15 5600.3     0.00   0.00    0.0  0.005  0.006  0.006  0.006  0.005  0.006
01:00:18 854.96   16.5   30.2   1470    1.9    239    7.1    29.8  -1.0   0.80   4.13 5601.3     0.00   0.00    0.0  0.006  0.006  0.006  0.006  0.005  0.006
01:00:19 854.96   16.6   30.1   1470    1.9    254    7.1    29.9  -0.9   0.81   4.14 5602.3     0.00   0.00    0.0  0.005  0.006  0.006  0.006  0.005  0.006
01:00:22 854.86   16.6   30.0   1471    1.6    265    7.1    29.9  -1.0   0.80   4.11 5605.3     0.00   0.00    0.0  0.006  0.006  0.006  0.006  0.005  0.006
01:00:23 854.81   16.6   30.0   1472    1.6    268    7.1    29.9  -1.0   0.80   4.12 5606.3     0.00   0.00    0.0  0.005  0.006  0.007  0.006  0.005  0.006
01:00:26 854.61   16.6   30.1   1474    1.3    317    7.1    29.9  -1.0   0.80   4.12 5609.3     0.00   0.00    0.0  0.005  0.006  0.007  0.006  0.005  0.006
01:00:27 854.49   16.6   30.1   1475    1.3    323    7.1    30.0  -0.9   0.81   4.15 5610.3     0.00   0.00    0.0  0.005  0.006  0.006  0.006  0.005  0.006
01:00:28 854.42   16.5   30.1   1476    1.3    331    7.1    29.8  -1.1   0.80   4.10 5611.3     0.00   0.00    0.0  0.005  0.006  0.007  0.006  0.005  0.006
01:00:29 854.61   16.5   30.1   1474    1.4    337    7.1    29.8  -1.0   0.80   4.11 5612.3     0.00   0.00    0.0  0.005  0.006  0.006  0.006  0.005  0.006
01:00:32 854.38   16.7   30.0   1476    2.1    343    7.1    30.1  -0.9   0.81   4.16 5615.3     0.00   0.00    0.0  0.005  0.006  0.006  0.006  0.005  0.006
01:00:33 854.00   16.8   30.1   1480    2.4    340    7.1    30.1  -0.9   0.81   4.18 5616.3     0.00   0.00    0.0  0.005  0.006  0.006  0.006  0.005  0.006
01:00:34 853.92   16.7   30.0   1481    2.5    341    7.1    30.1  -0.9   0.81   4.15 5617.3     0.00   0.00    0.0  0.005  0.006  0.007  0.006  0.005  0.006
01:00:35 854.09   16.7   29.9   1479    2.5    346    7.1    30.1  -1.0   0.80   4.12 5618.3     0.00   0.00    0.0  0.005  0.006  0.006  0.006  0.005  0.006
01:00:37 853.78   16.7   29.9   1482    2.8    344    7.1    30.1  -1.0   0.81   4.13 5620.3     0.00   0.00    0.0  0.005  0.006  0.006  0.006  0.005  0.006
01:00:38 853.64   16.6   30.0   1483    3.6    339    7.1    30.0  -1.0   0.81   4.13 5621.3     0.00   0.00    0.0  0.005  0.006  0.006  0.006  0.005  0.006
01:00:39 853.59   16.7   29.9   1484    3.6    338    7.1    30.1  -1.0   0.81   4.14 5622.3     0.00   0.00    0.0  0.005  0.006  0.006  0.006  0.005  0.006
01:00:40 853.69   16.6   29.8   1483    4.0    348    7.1    30.0  -1.0   0.80   4.11 5623.3     0.00   0.00    0.0  0.005  0.006  0.006  0.006  0.005  0.006
01:00:41 853.48   16.6   29.8   1485    4.7    341    7.1    30.1  -1.1   0.80   4.11 5624.3     0.00   0.00    0.0  0.005  0.006  0.006  0.006  0.005  0.006
01:00:43 853.38   16.6   29.9   1486    4.6    345    7.1    30.1  -1.0   0.80   4.12 5626.2     0.00   0.00    0.0  0.005  0.006  0.006  0.006  0.005  0.006
01:00:44 853.45   16.7   30.0   1485    4.2    337    7.1    30.1  -1.0   0.81   4.14 5627.2     0.00   0.00    0.0  0.005  0.006  0.006  0.006  0.005  0.006
01:00:47 853.13   16.5   29.9   1489    3.6    344    7.1    30.0  -1.1   0.80   4.10 5630.2     0.00   0.00    0.0  0.005  0.006  0.006  0.006  0.005  0.006
01:00:48 853.14   16.6   29.8   1488    3.5    341    7.1    30.1  -1.1   0.80   4.10 5631.2     0.00   0.00    0.0  0.005  0.006  0.006  0.006  0.005  0.006
01:00:49 853.15   16.7   29.8   1488    3.3    343    7.1    30.1  -1.0   0.80   4.12 5632.2     0.00   0.00    0.0  0.005  0.006  0.006  0.006  0.005  0.006
01:00:55 852.71   16.5   29.7   1493    2.9      9    7.1    30.0  -1.3   0.80   4.04 5638.2     0.00   0.00    0.0  0.005  0.006  0.006  0.006  0.005  0.006
01:00:56 852.67   16.5   29.8   1493    2.7    357    7.1    30.0  -1.2   0.80   4.07 5639.2     0.00   0.00    0.0  0.005  0.006  0.006  0.006  0.005  0.006
01:00:57 852.55   16.6   29.4   1494    2.7    355    7.1    30.1  -1.3   0.80   4.03 5640.2     0.00   0.00    0.0  0.005  0.006  0.006  0.006  0.005  0.006
01:00:58 852.79   16.5   29.3   1492    2.8    353    7.1    30.0  -1.4   0.80   3.99 5641.2     0.00   0.00    0.0  0.005  0.006  0.006  0.006  0.005  0.006
01:01:00 852.83   16.4   29.0   1492    3.0    356    7.1    29.9  -1.6   0.80   3.93 5643.2     0.00   0.00    0.0  0.005  0.006  0.006  0.006  0.005  0.006
01:01:01 852.58   16.4   28.9   1494    3.0    359    7.1    29.9  -1.7   0.80   3.90 5644.2     0.00   0.00    0.0  0.005  0.006  0.006  0.006  0.005  0.006
01:01:03 852.62   16.5   29.0   1494    3.1    360    7.1    30.0  -1.6   0.80   3.93 5646.2     0.00   0.00    0.0  0.005  0.006  0.006  0.006  0.005  0.006
01:01:03 852.46   16.5   29.1   1495    3.1      0    7.1    30.1  -1.5   0.80   3.97 5647.2     0.00   0.00    0.0  0.005  0.006  0.006  0.006  0.005  0.006
01:01:05 852.43   16.5   29.0   1496    3.1      4    7.1    30.1  -1.5   0.80   3.95 5648.2     0.00   0.00    0.0  0.005  0.006  0.006  0.006  0.005  0.006
01:01:06 852.21   16.5   28.9   1498    2.9      6    7.1    30.1  -1.6   0.80   3.93 5649.2     0.00   0.00    0.0  0.005  0.006  0.006  0.006  0.005  0.006
01:01:06 852.14   16.4   29.1   1498    2.7     13    7.1    30.0  -1.6   0.80   3.94 5650.2     0.00   0.00    0.0  0.005  0.006  0.006  0.006  0.005  0.006
01:01:09 852.32   16.5   29.0   1497    2.3      1    7.1    30.0  -1.6   0.80   3.93 5652.2     0.00   0.00    0.0  0.005  0.006  0.006  0.006  0.005  0.006
01:01:10 852.14   16.6   28.9   1498    2.1    359    7.1    30.1  -1.5   0.80   3.95 5653.2     0.00   0.00    0.0  0.005  0.006  0.006  0.006  0.005  0.006
01:01:11 852.11   16.3   29.0   1499    2.1    354    7.1    29.9  -1.7   0.80   3.89 5654.2     0.00   0.00    0.0  0.005  0.006  0.006  0.006  0.005  0.006
01:01:12 852.04   16.4   29.0   1499    1.9    345    7.1    30.0  -1.6   0.80   3.92 5655.2     0.00   0.00    0.0  0.005  0.006  0.006  0.006  0.005  0.006
01:01:13 851.95   16.4   29.0   1500    1.9    338    7.1    30.0  -1.6   0.80   3.92 5656.2     0.00   0.00    0.0  0.005  0.006  0.006  0.006  0.005  0.006
01:01:17 851.99   16.5   28.7   1500    1.8    333    7.1    30.0  -1.7   0.80   3.89 5660.2     0.00   0.00    0.0  0.005  0.006  0.006  0.006  0.005  0.006
01:01:18 852.02   16.5   28.7   1500    1.8    330    7.1    30.0  -1.8   0.80   3.88 5661.2     0.00   0.00    0.0  0.005  0.006  0.006  0.006  0.005  0.006
01:01:19 851.83   16.5   28.7   1501    1.7    329    7.1    30.1  -1.7   0.80   3.89 5662.2     0.00   0.00    0.0  0.005  0.006  0.006  0.006  0.005  0.006
01:01:20 851.81   16.5   28.8   1502    1.9    326    7.1    30.0  -1.7   0.80   3.90 5663.2     0.00   0.00    0.0  0.005  0.006  0.006  0.006  0.005  0.006
01:01:22 851.65   16.4   28.9   1503    2.3    310    7.1    30.0  -1.7   0.80   3.91 5665.2     0.00   0.00    0.0  0.005  0.006  0.006  0.006  0.005  0.006
01:01:23 851.69   16.4   28.9   1503    2.5    327    7.1    29.9  -1.7   0.80   3.90 5666.2     0.00   0.00    0.0  0.005  0.006  0.006  0.006  0.005  0.006
01:01:24 852.08   16.3   29.0   1499    2.6    328    7.1    29.9  -1.7   0.80   3.89 5667.2     0.00   0.00    0.0  0.005  0.006  0.006  0.006  0.005  0.006
01:01:25 852.19   16.4   29.1   1498    2.9    322    7.1    29.9  -1.6   0.80   3.92 5668.2     0.00   0.00    0.0  0.005  0.006  0.006  0.006  0.005  0.006
01:01:26 851.81   16.4   29.2   1502    3.1    325    7.1    29.9  -1.6   0.80   3.94 5669.2     0.00   0.00    0.0  0.005  0.006  0.006  0.006  0.005  0.006
01:01:27 851.81   16.3   29.3   1502    3.1    322    7.1    29.9  -1.6   0.80   3.92 5670.2     0.00   0.00    0.0  0.005  0.006  0.006  0.006  0.005  0.006
01:01:28 851.95   16.3   29.3   1500    3.2    335    7.1    29.8  -1.6   0.80   3.92 5671.2     0.00   0.00    0.0  0.005  0.006  0.006  0.006  0.005  0.006
01:01:29 851.58   16.3   29.4   1504    3.1    336    7.1    29.9  -1.6   0.80   3.94 5672.2     0.00   0.00    0.0  0.005  0.006  0.006  0.006  0.005  0.006
01:01:30 851.75   16.3   29.4   1502    3.4    333    7.1    29.9  -1.5   0.80   3.96 5673.2     0.00   0.00    0.0  0.005  0.006  0.006  0.006  0.005  0.006
01:01:31 851.71   16.3   29.4   1503    3.5    336    7.1    29.9  -1.6   0.80   3.94 5674.2     0.00   0.00    0.0  0.005  0.006  0.006  0.006  0.005  0.006
01:01:32 851.55   16.3   29.4   1504    3.7    332    7.1    29.9  -1.5   0.80   3.96 5675.2     0.00   0.00    0.0  0.005  0.006  0.006  0.006  0.005  0.006
01:01:33 851.56   16.3   29.5   1504    4.0    327    7.1    29.9  -1.5   0.80   3.96 5676.2     0.00   0.00    0.0  0.005  0.006  0.006  0.006  0.005  0.006
01:01:35 851.51   16.2   29.7   1505    4.2    322    7.1    29.8  -1.5   0.80   3.97 5678.2     0.00   0.00    0.0  0.005  0.006  0.006  0.006  0.005  0.006
01:01:37 851.55   16.2   29.8   1504    4.5    316    7.1    29.8  -1.4   0.80   3.99 5680.2     0.00   0.00    0.0  0.005  0.006  0.006  0.006  0.005  0.006
01:01:38 851.17   16.2   30.0   1508    4.8    313    7.1    29.8  -1.4   0.80   4.01 5682.2     0.00   0.00    0.0  0.005  0.006  0.006  0.006  0.005  0.006
01:01:41 851.15   16.2   30.1   1508    4.8    333    7.1    29.8  -1.4   0.80   4.02 5684.2     0.00   0.00    0.0  0.005  0.006  0.006  0.006  0.005  0.006
01:01:42 851.06   16.2   30.0   1509    4.7    329    7.1    29.9  -1.3   0.80   4.02 5685.2     0.00   0.00    0.0  0.005  0.006  0.006  0.006  0.005  0.006
01:01:42 850.83   16.2   30.0   1511    4.7    331    7.1    29.9  -1.3   0.80   4.02 5686.2     0.00   0.00    0.0  0.005  0.006  0.006  0.006  0.005  0.006
01:01:43 850.98   16.1   30.1   1510    4.9    322    7.1    29.8  -1.4   0.80   4.01 5687.2     0.00   0.00    0.0  0.005  0.006  0.006  0.006  0.005  0.006
01:01:44 850.96   16.1   30.1   1510    5.0    304    7.1    29.8  -1.4   0.80   4.00 5688.2     0.00   0.00    0.0  0.005  0.006  0.006  0.006  0.005  0.006
01:01:46 850.68   16.2   30.1   1513    5.0    287    7.1    29.8  -1.4   0.80   4.02 5689.2     0.00   0.00    0.0  0.005  0.006  0.006  0.006  0.005  0.006
01:01:47 850.83   16.1   30.1   1511    4.3    309    7.1    29.8  -1.4   0.80   4.01 5691.2     0.00   0.00    0.0  0.005  0.006  0.006  0.006  0.005  0.006
01:01:48 850.75   16.2   30.1   1512    4.1    313    7.1    29.9  -1.4   0.80   4.02 5692.2     0.00   0.00    0.0  0.005  0.006  0.006  0.006  0.005  0.006
01:01:50 850.49   16.2   30.1   1515    3.8    295    7.1    29.9  -1.4   0.80   4.01 5693.2     0.00   0.00    0.0  0.005  0.006  0.006  0.006  0.005  0.006
01:01:51 850.46   16.2   30.1   1515    3.5    291    7.1    29.9  -1.3   0.80   4.03 5694.2     0.00   0.00    0.0  0.005  0.006  0.006  0.006  0.005  0.006
01:01:54 850.66   16.1   29.9   1513    3.5    284    7.1    29.8  -1.5   0.80   3.97 5697.2     0.00   0.00    0.0  0.005  0.006  0.006  0.006  0.005  0.006
01:01:54 850.38   16.1   30.0   1516    3.7    273    7.1    29.8  -1.4   0.80   4.00 5698.2     0.00   0.00    0.0  0.005  0.006  0.006  0.006  0.005  0.006
01:01:55 850.22   16.1   30.1   1518    3.6    268    7.1    29.9  -1.4   0.80   4.01 5699.2     0.00   0.00    0.0  0.005  0.006  0.006  0.006  0.005  0.006
01:01:56 850.27   16.1   30.2   1517    3.3    263    7.1    29.8  -1.4   0.80   4.01 5700.2     0.00   0.00    0.0  0.005  0.006  0.006  0.006  0.005  0.006
01:01:58 850.34   16.1   30.2   1516    3.1    284    7.1    29.8  -1.3   0.80   4.03 5702.2     0.00   0.00    0.0  0.005  0.006  0.006  0.006  0.005  0.006
01:01:59 850.45   16.1   30.1   1515    2.9    287    7.1    29.8  -1.4   0.80   4.00 5703.2     0.00   0.00    0.0  0.005  0.006  0.006  0.006  0.005  0.006
01:02:00 850.58   16.1   30.2   1514    2.8    285    7.1    29.8  -1.4   0.80   4.02 5704.2     0.00   0.00    0.0  0.005  0.006  0.006  0.006  0.005  0.006
01:02:03 849.93   16.0   30.3   1520    2.8    242    7.1    29.8  -1.4   0.80   4.02 5707.2     0.00   0.00    0.0  0.005  0.006  0.006  0.006  0.005  0.006
01:02:06 850.15   16.0   30.7   1518    3.0    252    7.1    29.8  -1.2   0.80   4.08 5710.2     0.00   0.00    0.0  0.005  0.006  0.006  0.006  0.005  0.006
01:02:07 849.88   16.1   30.7   1521    3.2    257    7.1    29.8  -1.2   0.80   4.09 5711.2     0.00   0.00    0.0  0.005  0.006  0.006  0.006  0.005  0.006
01:02:09 849.96   16.0   30.9   1520    3.1    246    7.1    29.8  -1.1   0.80   4.10 5713.2     0.00   0.00    0.0  0.005  0.006  0.006  0.006  0.005  0.006
01:02:11 849.83   16.0   30.8   1521    3.1    269    7.1    29.8  -1.1   0.80   4.10 5715.2     0.00   0.00    0.0  0.005  0.006  0.006  0.006  0.005  0.006
01:02:12 849.86   16.1   30.8   1521    3.0    274    7.1    29.8  -1.1   0.80   4.10 5716.2     0.00   0.00    0.0  0.005  0.006  0.006  0.006  0.005  0.006
01:02:14 849.61   16.0   30.5   1524    3.2    257    7.1    29.8  -1.3   0.80   4.03 5718.2     0.00   0.00    0.0  0.005  0.006  0.006  0.006  0.005  0.006
01:02:15 849.67   16.1   30.7   1523    3.2    241    7.1    29.8  -1.2   0.80   4.08 5719.2     0.00   0.00    0.0  0.005  0.006  0.006  0.006  0.005  0.006
01:02:16 849.76   16.0   30.8   1522    3.6    242    7.1    29.7  -1.2   0.80   4.07 5720.2     0.00   0.00    0.0  0.005  0.006  0.006  0.006  0.005  0.006
01:02:17 849.52   15.9   30.8   1525    3.8    242    7.1    29.7  -1.2   0.80   4.07 5721.2     0.00   0.00    0.0  0.005  0.006  0.006  0.006  0.005  0.006
01:02:18 849.54   16.0   30.9   1524    4.0    241    7.1    29.8  -1.2   0.80   4.09 5722.2     0.00   0.00    0.0  0.005  0.006  0.006  0.006  0.005  0.006
01:02:19 849.63   16.0   30.9   1523    3.9    243    7.1    29.8  -1.2   0.80   4.09 5723.2     0.00   0.00    0.0  0.005  0.006  0.006  0.006  0.005  0.006
01:02:21 849.38   15.9   30.9   1526    3.8    255    7.1    29.7  -1.2   0.80   4.09 5725.2     0.00   0.00    0.0  0.005  0.006  0.006  0.006  0.005  0.006
01:02:22 849.40   16.0   30.9   1526    3.8    248    7.1    29.8  -1.1   0.80   4.11 5726.2     0.00   0.00    0.0  0.005  0.006  0.006  0.006  0.005  0.006
01:02:23 849.48   16.0   30.8   1525    3.8    249    7.1    29.8  -1.2   0.80   4.07 5727.1     0.00   0.00    0.0  0.005  0.006  0.006  0.006  0.005  0.006
01:02:24 849.51   16.0   30.7   1525    3.7    251    7.1    29.8  -1.2   0.80   4.07 5728.1     0.00   0.00    0.0  0.005  0.006  0.006  0.006  0.005  0.006
01:02:25 849.32   16.0   30.8   1527    3.6    265    7.1    29.8  -1.2   0.80   4.09 5729.1     0.00   0.00    0.0  0.005  0.006  0.006  0.006  0.005  0.006
01:02:26 849.36   16.0   30.6   1526    3.6    267    7.1    29.8  -1.3   0.80   4.05 5730.1     0.00   0.00    0.0  0.005  0.006  0.006  0.006  0.005  0.006
01:02:28 849.41   15.9   30.6   1526    3.4    264    7.1    29.7  -1.3   0.80   4.03 5732.1     0.00   0.00    0.0  0.005  0.006  0.006  0.006  0.005  0.006
01:02:30 848.89   15.9   30.5   1531    3.6    268    7.1    29.8  -1.4   0.80   4.02 5734.1     0.00   0.00    0.0  0.005  0.006  0.006  0.006  0.005  0.006
01:02:31 849.23   15.9   30.5   1527    3.6    266    7.1    29.7  -1.4   0.80   3.99 5735.1     0.00   0.00    0.0  0.005  0.006  0.006  0.006  0.005  0.006
01:02:32 848.97   16.0   30.5   1530    3.5    282    7.1    29.9  -1.3   0.80   4.05 5736.1     0.00   0.00    0.0  0.005  0.006  0.006  0.006  0.005  0.006
01:02:33 849.29   16.0   30.5   1527    3.5    306    7.1    29.8  -1.3   0.80   4.03 5737.1     0.00   0.00    0.0  0.005  0.006  0.006  0.006  0.005  0.006
01:02:34 848.83   16.0   30.5   1531    3.3    302    7.1    29.9  -1.3   0.80   4.04 5738.1     0.00   0.00    0.0  0.005  0.006  0.006  0.006  0.005  0.006
01:02:35 848.68   15.9   30.5   1533    3.1    280    7.1    29.7  -1.4   0.80   4.00 5739.1     0.00   0.00    0.0  0.005  0.006  0.006  0.006  0.005  0.006
01:02:36 848.87   15.9   30.4   1531    3.0    280    7.1    29.8  -1.4   0.80   4.01 5740.1     0.00   0.00    0.0  0.005  0.006  0.006  0.006  0.005  0.006
01:02:39 848.66   16.0   30.2   1533    3.3    258    7.1    29.9  -1.4   0.80   4.00 5743.1     0.00   0.00    0.0  0.005  0.006  0.006  0.006  0.005  0.006
01:02:40 848.66   15.9   30.3   1533    3.5    259    7.1    29.8  -1.5   0.80   3.99 5744.1     0.00   0.00    0.0  0.005  0.006  0.006  0.006  0.005  0.006
01:02:42 848.36   15.9   30.5   1536    3.9    253    7.1    29.9  -1.4   0.80   4.03 5746.1     0.00   0.00    0.0  0.005  0.006  0.006  0.006  0.005  0.006
01:02:43 848.63   15.9   30.5   1533    3.9    246    7.1    29.8  -1.4   0.80   4.02 5747.1     0.00   0.00    0.0  0.005  0.006  0.006  0.006  0.005  0.006
01:02:45 848.48   15.9   30.7   1535    4.0    243    7.1    29.8  -1.3   0.80   4.05 5749.1     0.00   0.00    0.0  0.005  0.006  0.006  0.006  0.005  0.006
01:02:46 848.20   15.9   30.7   1538    4.0    241    7.1    29.8  -1.3   0.80   4.05 5750.1     0.00   0.00    0.0  0.005  0.006  0.006  0.006  0.005  0.006
01:02:48 848.19   15.9   30.7   1538    4.1    245    7.1    29.8  -1.3   0.80   4.04 5752.1     0.00   0.00    0.0  0.005  0.006  0.006  0.006  0.005  0.006
01:02:49 847.98   15.8   30.7   1540    4.2    246    7.1    29.8  -1.4   0.80   4.03 5753.1     0.00   0.00    0.0  0.005  0.006  0.006  0.006  0.005  0.006
01:02:51 848.00   15.8   30.7   1540    4.2    258    7.1    29.8  -1.4   0.80   4.03 5754.1     0.00   0.00    0.0  0.005  0.006  0.006  0.006  0.005  0.006
01:02:51 848.08   15.8   30.7   1539    4.1    249    7.1    29.8  -1.4   0.80   4.03 5755.1     0.00   0.00    0.0  0.005  0.006  0.006  0.006  0.005  0.006
01:02:52 848.00   15.9   30.8   1540    3.9    248    7.1    29.9  -1.3   0.80   4.06 5756.1     0.00   0.00    0.0  0.005  0.006  0.006  0.006  0.005  0.006
01:02:54 848.08   15.9   30.7   1539    3.8    250    7.1    29.8  -1.3   0.80   4.04 5758.1     0.00   0.00    0.0  0.005  0.006  0.006  0.006  0.005  0.006
01:02:55 847.91   15.8   30.8   1541    3.8    255    7.1    29.8  -1.3   0.80   4.04 5759.1     0.00   0.00    0.0  0.005  0.006  0.006  0.006  0.005  0.006
01:02:56 848.00   15.8   30.7   1540    3.9    264    7.1    29.8  -1.4   0.80   4.03 5760.1     0.00   0.00    0.0  0.005  0.006  0.006  0.006  0.005  0.006
01:02:57 847.84   15.8   30.6   1541    3.9    278    7.1    29.8  -1.4   0.80   4.02 5761.1     0.00   0.00    0.0  0.005  0.006  0.006  0.006  0.005  0.006
01:02:59 847.88   15.9   30.4   1541    3.5    285    7.1    29.8  -1.4   0.80   4.00 5763.1     0.00   0.00    0.0  0.005  0.006  0.006  0.006  0.005  0.006
01:03:00 847.64   15.8   30.5   1543    3.3    285    7.1    29.8  -1.5   0.80   3.99 5764.1     0.00   0.00    0.0  0.005  0.006  0.006  0.006  0.005  0.006
01:03:01 847.59   15.8   30.4   1544    3.0    296    7.1    29.8  -1.5   0.80   3.98 5765.1     0.00   0.00    0.0  0.005  0.006  0.006  0.006  0.005  0.006
01:03:02 847.52   15.9   30.4   1544    3.0    297    7.1    29.8  -1.5   0.80   3.99 5766.1     0.00   0.00    0.0  0.005  0.006  0.006  0.006  0.005  0.006
01:03:04 847.65   15.9   30.3   1543    3.0    314    7.1    29.9  -1.5   0.80   3.99 5768.1     0.00   0.00    0.0  0.005  0.006  0.006  0.006  0.005  0.006
01:03:05 847.46   15.9   30.3   1545    2.8    317    7.1    29.9  -1.5   0.80   3.98 5769.1     0.00   0.00    0.0  0.005  0.006  0.006  0.006  0.005  0.006
01:03:07 847.30   15.8   30.2   1547    2.8    307    7.1    29.8  -1.6   0.80   3.95 5771.1     0.00   0.00    0.0  0.005  0.006  0.006  0.006  0.005  0.006
01:03:08 847.24   15.9   30.2   1547    3.0    324    7.1    29.9  -1.6   0.80   3.96 5772.1     0.00   0.00    0.0  0.005  0.006  0.006  0.006  0.005  0.006
01:03:09 847.45   15.9   30.1   1545    3.2    322    7.1    29.9  -1.6   0.80   3.95 5773.1     0.00   0.00    0.0  0.005  0.006  0.006  0.006  0.005  0.006
01:03:10 846.99   15.8   30.1   1550    3.1    319    7.1    29.9  -1.6   0.80   3.95 5774.1     0.00   0.00    0.0  0.005  0.006  0.006  0.006  0.005  0.006
01:03:11 847.21   15.8   30.1   1548    3.0    332    7.1    29.9  -1.7   0.80   3.94 5775.1     0.00   0.00    0.0  0.005  0.006  0.006  0.006  0.005  0.006
01:03:12 847.30   15.9   30.0   1547    2.9    330    7.1    29.9  -1.7   0.80   3.94 5776.1     0.00   0.00    0.0  0.005  0.006  0.006  0.006  0.005  0.006
01:03:13 847.11   15.8   30.1   1549    2.9    317    7.1    29.8  -1.7   0.80   3.92 5777.1     0.00   0.00    0.0  0.005  0.006  0.006  0.006  0.005  0.006
01:03:14 847.04   15.8   30.0   1549    3.1    325    7.1    29.9  -1.7   0.80   3.94 5778.1     0.00   0.00    0.0  0.005  0.006  0.006  0.006  0.005  0.006
01:03:15 846.80   15.8   30.1   1552    3.3    327    7.1    29.8  -1.7   0.80   3.92 5779.1     0.00   0.00    0.0  0.005  0.006  0.006  0.006  0.005  0.006
01:03:17 846.91   15.8   30.1   1551    3.6    327    7.1    29.9  -1.7   0.80   3.93 5781.1     0.00   0.00    0.0  0.005  0.006  0.006  0.006  0.005  0.006
01:03:18 846.65   15.8   30.1   1553    3.6    315    7.1    29.9  -1.6   0.80   3.94 5782.1     0.00   0.00    0.0  0.005  0.006  0.006  0.006  0.005  0.006
01:03:20 846.70   15.8   30.2   1553    3.5    299    7.1    29.9  -1.6   0.80   3.94 5784.1     0.00   0.00    0.0  0.005  0.006  0.006  0.006  0.005  0.006
01:03:21 846.62   15.8   30.3   1554    3.4    299    7.1    29.9  -1.6   0.80   3.97 5785.1     0.00   0.00    0.0  0.005  0.006  0.006  0.006  0.005  0.006
01:03:22 846.50   15.8   30.3   1555    3.5    305    7.1    29.9  -1.6   0.80   3.96 5786.1     0.00   0.00    0.0  0.005  0.006  0.006  0.006  0.005  0.006
01:03:24 846.30   15.8   30.2   1557    3.3    310    7.1    29.9  -1.6   0.80   3.96 5788.1     0.00   0.00    0.0  0.005  0.006  0.006  0.006  0.005  0.006
01:03:25 846.11   15.7   30.2   1559    3.1    286    7.1    29.9  -1.7   0.80   3.94 5789.1     0.00   0.00    0.0  0.005  0.006  0.006  0.006  0.005  0.006
01:03:29 846.18   15.7   30.8   1558    3.1    270    7.1    29.8  -1.5   0.80   4.01 5793.1     0.00   0.00    0.0  0.005  0.006  0.006  0.006  0.005  0.006
01:03:30 845.90   15.7   30.7   1561    3.3    267    7.1    29.9  -1.4   0.80   4.02 5794.1     0.00   0.00    0.0  0.005  0.006  0.006  0.006  0.005  0.006
01:03:32 846.25   15.7   30.7   1557    3.2    285    7.1    29.8  -1.5   0.80   3.99 5796.1     0.00   0.00    0.0  0.005  0.006  0.006  0.006  0.005  0.006
01:03:33 846.02   15.7   30.6   1560    3.2    275    7.1    29.9  -1.5   0.80   3.99 5797.1     0.00   0.00    0.0  0.005  0.006  0.006  0.006  0.005  0.006
01:03:34 846.12   15.7   30.6   1559    3.2    263    7.1    29.8  -1.5   0.80   3.98 5798.1     0.00   0.00    0.0  0.005  0.006  0.006  0.006  0.005  0.006
01:03:35 846.05   15.6   30.7   1559    3.3    282    7.1    29.8  -1.6   0.80   3.98 5799.1     0.00   0.00    0.0  0.005  0.006  0.006  0.006  0.005  0.006
01:03:36 845.99   15.7   30.7   1560    3.3    257    7.1    29.8  -1.5   0.80   3.98 5800.1     0.00   0.00    0.0  0.005  0.006  0.006  0.006  0.005  0.006
01:03:37 846.06   15.7   30.7   1559    3.2    267    7.1    29.9  -1.5   0.80   4.00 5801.1     0.00   0.00    0.0  0.005  0.006  0.006  0.006  0.005  0.006
01:03:39 845.91   15.7   30.7   1561    3.2    274    7.1    29.9  -1.5   0.80   4.00 5803.1     0.00   0.00    0.0  0.005  0.006  0.006  0.006  0.005  0.006
01:03:40 845.82   15.7   30.6   1562    3.2    271    7.1    29.9  -1.5   0.80   3.99 5804.1     0.00   0.00    0.0  0.005  0.006  0.006  0.006  0.005  0.006
01:03:42 845.49   15.7   30.6   1565    3.1    274    7.1    29.9  -1.5   0.80   4.01 5806.1     0.00   0.00    0.0  0.005  0.006  0.006  0.006  0.005  0.006
01:03:43 845.73   15.7   30.6   1562    3.1    271    7.1    29.8  -1.5   0.80   3.98 5807.1     0.00   0.00    0.0  0.005  0.006  0.006  0.006  0.005  0.006
01:03:44 845.71   15.7   30.6   1563    3.1    268    7.1    29.9  -1.5   0.80   3.99 5808.1     0.00   0.00    0.0  0.005  0.006  0.006  0.006  0.005  0.006
01:03:47 845.66   15.7   30.7   1563    3.5    252    7.1    29.9  -1.5   0.80   4.00 5811.1     0.00   0.00    0.0  0.005  0.006  0.006  0.006  0.005  0.006
01:03:50 845.50   15.7   30.8   1565    3.4    254    7.1    29.8  -1.5   0.80   4.01 5814.1     0.00   0.00    0.0  0.005  0.006  0.006  0.006  0.005  0.006
01:03:51 845.45   15.7   30.8   1565    3.3    246    7.1    29.9  -1.5   0.80   4.01 5815.1     0.00   0.00    0.0  0.005  0.006  0.006  0.006  0.005  0.006
01:03:52 845.33   15.7   30.9   1566    3.4    249    7.1    29.9  -1.4   0.80   4.02 5816.1     0.00   0.00    0.0  0.005  0.006  0.006  0.006  0.005  0.006
01:03:55 845.08   15.6   30.8   1569    3.3    259    7.1    29.8  -1.5   0.80   4.00 5819.1     0.00   0.00    0.0  0.005  0.006  0.006  0.006  0.005  0.006
01:03:56 845.11   15.6   30.8   1569    3.3    265    7.1    29.8  -1.5   0.80   3.99 5820.1     0.00   0.00    0.0  0.005  0.006  0.006  0.006  0.005  0.006
01:03:57 845.49   15.7   30.8   1565    3.2    267    7.1    29.9  -1.5   0.80   4.00 5821.1     0.00   0.00    0.0  0.005  0.006  0.006  0.006  0.005  0.006
01:03:59 845.36   15.7   30.7   1566    3.2    268    7.1    29.9  -1.5   0.80   4.00 5823.1     0.00   0.00    0.0  0.005  0.006  0.006  0.006  0.005  0.006
01:04:00 844.97   15.6   30.7   1570    3.6    272    7.1    29.8  -1.6   0.80   3.98 5824.1     0.00   0.00    0.0  0.005  0.006  0.006  0.006  0.005  0.006
01:04:01 845.03   15.6   30.9   1569    3.5    255    7.1    29.9  -1.5   0.80   4.00 5825.1     0.00   0.00    0.0  0.005  0.006  0.006  0.006  0.005  0.006
01:04:02 844.83   15.6   30.8   1572    3.4    266    7.1    29.9  -1.5   0.80   4.00 5826.1     0.00   0.00    0.0  0.005  0.006  0.006  0.006  0.005  0.006
01:04:03 844.78   15.6   30.9   1572    3.4    251    7.1    29.9  -1.5   0.80   4.01 5827.1     0.00   0.00    0.0  0.005  0.006  0.006  0.006  0.005  0.006
01:04:04 844.80   15.6   30.8   1572    3.4    249    7.1    29.9  -1.5   0.80   4.00 5828.1     0.00   0.00    0.0  0.005  0.006  0.006  0.006  0.005  0.006
01:04:06 844.89   15.5   30.9   1571    3.5    249    7.1    29.8  -1.5   0.80   3.99 5830.0     0.00   0.00    0.0  0.005  0.006  0.006  0.006  0.005  0.006
01:04:08 844.67   15.6   30.9   1573    3.3    244    7.1    29.8  -1.5   0.80   4.00 5832.0     0.00   0.00    0.0  0.005  0.006  0.006  0.006  0.005  0.006
01:04:09 844.59   15.6   31.0   1574    3.3    246    7.1    29.9  -1.5   0.80   4.01 5833.0     0.00   0.00    0.0  0.005  0.006  0.006  0.006  0.005  0.006
01:04:10 844.62   15.6   31.0   1574    3.3    248    7.1    29.9  -1.5   0.80   4.01 5834.0     0.00   0.00    0.0  0.005  0.006  0.006  0.006  0.005  0.006
01:04:11 844.85   15.6   31.0   1571    3.4    259    7.1    29.8  -1.5   0.80   4.00 5835.0     0.00   0.00    0.0  0.005  0.006  0.006  0.006  0.005  0.006
01:04:12 844.71   15.5   30.9   1573    3.4    254    7.1    29.8  -1.5   0.80   3.99 5836.0     0.00   0.00    0.0  0.005  0.006  0.006  0.006  0.005  0.006
01:04:13 844.88   15.6   31.0   1571    3.4    256    7.1    29.8  -1.5   0.80   4.01 5837.0     0.00   0.00    0.0  0.005  0.006  0.006  0.006  0.005  0.006
01:04:14 844.96   15.5   30.9   1570    3.4    269    7.1    29.8  -1.5   0.80   3.99 5838.0     0.00   0.00    0.0  0.005  0.006  0.006  0.006  0.005  0.006
01:04:15 844.76   15.6   30.9   1572    3.4    267    7.1    29.9  -1.5   0.80   4.00 5839.0     0.00   0.00    0.0  0.005  0.006  0.006  0.006  0.005  0.006
01:04:16 844.57   15.6   30.9   1574    3.4    261    7.1    29.9  -1.5   0.80   4.01 5840.0     0.00   0.00    0.0  0.005  0.006  0.006  0.006  0.005  0.006
01:04:17 844.67   15.6   30.9   1573    3.3    260    7.1    29.8  -1.5   0.80   4.00 5841.0     0.00   0.00    0.0  0.005  0.006  0.006  0.006  0.005  0.006
01:04:18 844.35   15.6   30.9   1576    3.3    258    7.1    29.9  -1.5   0.80   4.00 5842.0     0.00   0.00    0.0  0.005  0.006  0.006  0.006  0.005  0.006
01:04:19 844.20   15.5   31.0   1578    3.3    268    7.1    29.9  -1.5   0.80   4.00 5843.0     0.00   0.00    0.0  0.005  0.006  0.006  0.006  0.005  0.006
01:04:21 844.55   15.6   30.9   1574    3.3    257    7.1    29.9  -1.5   0.80   4.00 5845.0     0.00   0.00    0.0  0.005  0.006  0.006  0.006  0.005  0.006
01:04:22 844.42   15.5   30.9   1576    3.3    255    7.1    29.8  -1.5   0.80   3.99 5846.0     0.00   0.00    0.0  0.005  0.006  0.006  0.006  0.005  0.006
01:04:23 844.53   15.6   31.0   1575    3.4    256    7.1    29.8  -1.5   0.80   4.00 5847.0     0.00   0.00    0.0  0.005  0.006  0.006  0.006  0.005  0.006
01:04:24 844.27   15.5   30.9   1577    3.4    258    7.1    29.8  -1.6   0.80   3.98 5848.0     0.00   0.00    0.0  0.005  0.006  0.006  0.006  0.005  0.006
01:04:25 844.12   15.5   31.0   1579    3.4    247    7.1    29.9  -1.5   0.80   4.00 5849.0     0.00   0.00    0.0  0.005  0.006  0.006  0.006  0.005  0.006
01:04:26 844.38   15.5   31.0   1576    3.5    254    7.1    29.8  -1.5   0.80   3.99 5850.0     0.00   0.00    0.0  0.005  0.006  0.006  0.006  0.005  0.006
01:04:27 844.45   15.5   30.9   1575    3.5    255    7.1    29.8  -1.5   0.80   3.99 5851.0     0.00   0.00    0.0  0.005  0.006  0.006  0.006  0.005  0.006
01:04:28 844.30   15.6   31.0   1577    3.7    253    7.1    29.9  -1.5   0.80   4.00 5852.0     0.00   0.00    0.0  0.005  0.006  0.006  0.006  0.005  0.006
01:04:29 844.24   15.5   31.0   1577    3.5    253    7.1    29.8  -1.5   0.80   4.00 5853.0     0.00   0.00    0.0  0.005  0.006  0.006  0.006  0.005  0.006
01:04:32 844.09   15.5   31.0   1579    3.3    261    7.1    29.8  -1.5   0.80   3.99 5856.0     0.00   0.00    0.0  0.005  0.006  0.006  0.006  0.005  0.006
01:04:34 844.21   15.5   30.9   1578    3.4    260    7.1    29.8  -1.5   0.80   3.99 5858.0     0.00   0.00    0.0  0.005  0.006  0.006  0.006  0.005  0.006
01:04:35 843.72   15.5   31.0   1583    3.3    266    7.1    29.9  -1.5   0.80   4.00 5859.0     0.00   0.00    0.0  0.005  0.006  0.006  0.006  0.005  0.006
01:04:36 843.80   15.5   30.9   1582    3.5    261    7.1    29.8  -1.6   0.80   3.97 5860.0     0.00   0.00    0.0  0.005  0.006  0.006  0.006  0.005  0.006
01:04:37 843.96   15.5   30.9   1580    3.6    253    7.1    29.8  -1.6   0.80   3.98 5861.0     0.00   0.00    0.0  0.005  0.006  0.006  0.006  0.005  0.006
01:04:38 843.76   15.5   31.0   1582    3.6    252    7.1    29.8  -1.6   0.80   3.98 5862.0     0.00   0.00    0.0  0.005  0.006  0.006  0.006  0.005  0.006
01:04:39 843.73   15.5   31.0   1583    3.6    258    7.1    29.9  -1.5   0.80   3.99 5863.0     0.00   0.00    0.0  0.005  0.006  0.006  0.006  0.005  0.006
01:04:40 843.71   15.5   31.0   1583    3.6    260    7.1    29.9  -1.5   0.80   3.99 5864.0     0.00   0.00    0.0  0.005  0.006  0.006  0.006  0.005  0.006
01:04:41 843.76   15.5   30.9   1582    3.6    257    7.1    29.8  -1.6   0.80   3.98 5865.0     0.00   0.00    0.0  0.005  0.006  0.006  0.006  0.005  0.006
01:04:42 843.74   15.5   30.9   1582    3.5    261    7.1    29.9  -1.5   0.80   3.99 5866.0     0.00   0.00    0.0  0.005  0.006  0.006  0.006  0.005  0.006
01:04:44 843.68   15.5   30.9   1583    3.3    253    7.1    29.9  -1.6   0.80   3.99 5868.0     0.00   0.00    0.0  0.005  0.006  0.006  0.006  0.005  0.006
01:04:45 843.71   15.5   30.9   1583    3.4    251    7.1    29.9  -1.5   0.80   3.99 5869.0     0.00   0.00    0.0  0.005  0.006  0.006  0.006  0.005  0.006
01:04:48 843.40   15.4   30.9   1586    3.3    263    7.1    29.8  -1.6   0.80   3.96 5872.0     0.00   0.00    0.0  0.005  0.006  0.006  0.006  0.005  0.006
01:04:49 843.38   15.5   30.9   1586    3.5    268    7.1    29.9  -1.6   0.80   3.97 5873.0     0.00   0.00    0.0  0.005  0.006  0.006  0.006  0.005  0.006
01:04:50 843.19   15.4   30.9   1588    3.5    251    7.1    29.9  -1.6   0.80   3.97 5874.0     0.00   0.00    0.0  0.005  0.006  0.006  0.006  0.005  0.006
01:04:51 843.40   15.4   31.0   1586    3.5    254    7.1    29.8  -1.6   0.80   3.98 5875.0     0.00   0.00    0.0  0.005  0.006  0.006  0.006  0.005  0.006
01:04:53 843.19   15.4   31.0   1588    3.5    266    7.1    29.8  -1.6   0.80   3.97 5877.0     0.00   0.00    0.0  0.005  0.006  0.006  0.006  0.005  0.006
01:04:55 843.12   15.4   31.0   1589    3.5    260    7.1    29.9  -1.6   0.80   3.98 5879.0     0.00   0.00    0.0  0.005  0.006  0.006  0.006  0.005  0.006
01:04:56 843.11   15.4   31.0   1589    3.4    245    7.1    29.9  -1.6   0.80   3.97 5880.0     0.00   0.00    0.0  0.005  0.006  0.006  0.006  0.005  0.006
01:04:59 842.90   15.4   30.9   1591    3.6    253    7.1    29.8  -1.6   0.80   3.96 5883.0     0.00   0.00    0.0  0.005  0.006  0.006  0.006  0.005  0.006
01:05:01 842.86   15.4   31.0   1591    3.6    244    7.1    29.9  -1.6   0.80   3.98 5885.0     0.00   0.00    0.0  0.005  0.006  0.006  0.006  0.005  0.006
01:05:02 842.90   15.4   30.9   1591    3.5    245    7.1    29.9  -1.6   0.80   3.96 5886.0     0.00   0.00    0.0  0.005  0.006  0.006  0.006  0.005  0.006
01:05:03 842.87   15.4   31.0   1591    3.5    247    7.1    29.8  -1.6   0.80   3.96 5887.0     0.00   0.00    0.0  0.005  0.006  0.006  0.006  0.005  0.006
01:05:06 842.57   15.4   31.0   1594    3.5    270    7.1    29.8  -1.6   0.80   3.96 5890.0     0.00   0.00    0.0  0.005  0.006  0.006  0.006  0.005  0.006
01:05:07 842.66   15.4   31.0   1593    3.5    269    7.1    29.9  -1.6   0.80   3.97 5891.0     0.00   0.00    0.0  0.005  0.006  0.006  0.006  0.005  0.006
01:05:08 842.55   15.3   30.9   1594    3.5    271    7.0    29.8  -1.7   0.80   3.95 5892.0     0.00   0.00    0.0  0.005  0.006  0.006  0.006  0.005  0.006
01:05:10 842.68   15.4   31.0   1593    3.3    261    7.1    29.9  -1.6   0.80   3.98 5894.0     0.00   0.00    0.0  0.005  0.006  0.006  0.006  0.005  0.006
01:05:11 842.38   15.4   31.0   1596    3.2    271    7.1    29.9  -1.6   0.80   3.97 5895.0     0.00   0.00    0.0  0.005  0.006  0.006  0.006  0.005  0.006
01:05:12 842.39   15.3   31.0   1596    3.3    281    7.0    29.8  -1.7   0.80   3.95 5896.0     0.00   0.00    0.0  0.005  0.006  0.006  0.006  0.005  0.006
01:05:13 842.42   15.4   30.9   1596    3.3    300    7.0    29.8  -1.7   0.80   3.95 5897.0     0.00   0.00    0.0  0.005  0.006  0.006  0.006  0.005  0.006
01:05:14 842.36   15.4   31.0   1596    3.3    289    7.0    29.9  -1.6   0.80   3.97 5898.0     0.00   0.00    0.0  0.005  0.006  0.006  0.006  0.005  0.006
01:05:17 842.48   15.4   30.7   1595    3.2    304    7.1    29.8  -1.8   0.80   3.92 5901.0     0.00   0.00    0.0  0.005  0.006  0.006  0.006  0.005  0.006
01:05:19 842.15   15.4   30.7   1598    3.3    324    7.1    29.9  -1.8   0.80   3.92 5903.0     0.00   0.00    0.0  0.005  0.006  0.006  0.006  0.005  0.006
01:05:20 842.12   15.3   30.8   1599    3.2    319    7.0    29.8  -1.8   0.80   3.91 5904.0     0.00   0.00    0.0  0.005  0.006  0.006  0.006  0.005  0.006
01:05:21 842.16   15.3   30.8   1598    3.2    324    7.0    29.8  -1.8   0.80   3.90 5905.0     0.00   0.00    0.0  0.005  0.006  0.006  0.006  0.005  0.006
01:05:22 842.11   15.3   30.9   1599    3.1    327    7.0    29.8  -1.8   0.80   3.91 5906.0     0.00   0.00    0.0  0.005  0.006  0.006  0.006  0.005  0.006
01:05:24 842.13   15.4   30.8   1599    3.2    330    7.0    29.9  -1.7   0.80   3.94 5908.0     0.00   0.00    0.0  0.005  0.006  0.006  0.006  0.005  0.006
01:05:26 842.06   15.3   30.9   1599    3.7    337    7.0    29.8  -1.8   0.80   3.92 5910.0     0.00   0.00    0.0  0.005  0.006  0.006  0.006  0.005  0.006
01:05:27 841.93   15.2   31.0   1601    3.9    319    7.0    29.8  -1.8   0.80   3.92 5911.0     0.00   0.00    0.0  0.005  0.006  0.006  0.006  0.005  0.006
01:05:29 841.93   15.4   30.9   1601    3.8    335    7.0    29.9  -1.7   0.80   3.95 5913.0     0.00   0.00    0.0  0.005  0.006  0.006  0.006  0.005  0.006
01:05:30 841.81   15.3   30.9   1602    3.6    328    7.0    29.8  -1.8   0.80   3.92 5914.0     0.00   0.00    0.0  0.005  0.006  0.006  0.006  0.005  0.006
01:05:32 841.77   15.3   31.0   1602    4.0    342    7.0    29.8  -1.7   0.80   3.95 5916.0     0.00   0.00    0.0  0.005  0.006  0.006  0.006  0.005  0.006
01:05:33 841.91   15.3   30.9   1601    4.4    343    7.0    29.8  -1.8   0.80   3.92 5917.0     0.00   0.00    0.0  0.005  0.006  0.006  0.006  0.005  0.006
01:05:34 841.72   15.3   31.0   1603    4.4    334    7.0    29.8  -1.7   0.80   3.94 5918.0     0.00   0.00    0.0  0.005  0.006  0.006  0.006  0.005  0.006
01:05:35 841.64   15.4   31.1   1603    4.7    334    7.0    29.9  -1.6   0.80   3.98 5919.0     0.00   0.00    0.0  0.005  0.006  0.006  0.006  0.005  0.006
01:05:38 841.31   15.3   31.1   1607    5.4    321    7.0    29.9  -1.6   0.80   3.97 5922.0     0.00   0.00    0.0  0.005  0.006  0.006  0.006  0.005  0.006
01:05:39 841.40   15.3   31.2   1606    5.6    334    7.0    29.9  -1.6   0.80   3.98 5923.0     0.00   0.00    0.0  0.005  0.006  0.006  0.006  0.005  0.006
01:05:41 841.13   15.3   31.2   1609    5.2    334    7.0    29.9  -1.6   0.80   3.97 5925.0     0.00   0.00    0.0  0.005  0.006  0.006  0.006  0.005  0.006
01:05:42 841.03   15.3   31.2   1610    5.2    338    7.0    30.0  -1.6   0.80   3.99 5926.0     0.00   0.00    0.0  0.005  0.006  0.006  0.006  0.005  0.006
01:05:43 840.99   15.3   31.2   1610    5.2    338    7.0    29.9  -1.6   0.80   3.97 5927.0     0.00   0.00    0.0  0.005  0.006  0.006  0.006  0.005  0.006
01:05:44 841.08   15.3   31.2   1609    5.2    343    7.0    29.9  -1.6   0.80   3.99 5928.0     0.00   0.00    0.0  0.005  0.006  0.006  0.006  0.005  0.006
01:05:47 840.67   15.3   31.3   1613    5.9    335    7.0    30.0  -1.6   0.80   3.99 5930.9     0.00   0.00    0.0  0.005  0.006  0.006  0.006  0.005  0.006
01:05:48 840.69   15.3   31.2   1613    5.9    337    7.0    30.0  -1.6   0.80   3.98 5931.9     0.00   0.00    0.0  0.005  0.006  0.006  0.006  0.005  0.006
01:05:49 840.35   15.3   31.2   1616    5.6    334    7.0    30.0  -1.6   0.80   3.99 5932.9     0.00   0.00    0.0  0.005  0.006  0.006  0.006  0.005  0.006
01:05:50 840.63   15.4   31.2   1614    5.3    335    7.0    30.0  -1.6   0.80   3.99 5933.9     0.00   0.00    0.0  0.005  0.006  0.006  0.006  0.005  0.006
01:05:51 840.55   15.3   31.2   1614    5.4    333    7.0    30.0  -1.6   0.80   3.99 5934.9     0.00   0.00    0.0  0.005  0.006  0.006  0.006  0.005  0.006
01:05:52 840.55   15.3   31.2   1615    5.1    335    7.0    30.0  -1.6   0.80   3.98 5935.9     0.00   0.00    0.0  0.005  0.006  0.006  0.006  0.005  0.006
01:05:53 840.49   15.2   31.2   1615    4.9    343    7.0    29.9  -1.7   0.80   3.96 5936.9     0.00   0.00    0.0  0.005  0.006  0.006  0.006  0.005  0.006
01:06:01 839.97   15.1   31.0   1620    4.8    340    7.0    29.9  -1.8   0.80   3.91 5944.9     0.00   0.00    0.0  0.005  0.006  0.006  0.006  0.005  0.006
01:06:02 839.95   15.2   31.0   1621    5.0    344    7.0    29.9  -1.8   0.80   3.92 5945.9     0.00   0.00    0.0  0.005  0.006  0.006  0.006  0.005  0.006
01:06:03 840.02   15.2   31.1   1620    4.9    345    7.0    29.9  -1.8   0.80   3.93 5946.9     0.00   0.00    0.0  0.005  0.006  0.006  0.006  0.005  0.006
01:06:05 839.72   15.2   31.1   1623    4.7    343    7.0    29.9  -1.8   0.80   3.94 5948.9     0.00   0.00    0.0  0.005  0.006  0.006  0.006  0.005  0.006
01:06:06 839.89   15.1   31.1   1621    4.5    341    7.0    29.9  -1.8   0.80   3.92 5949.9     0.00   0.00    0.0  0.005  0.006  0.006  0.006  0.005  0.006
01:06:09 839.52   15.1   30.9   1625    4.8    335    7.0    29.9  -1.9   0.80   3.89 5952.9     0.00   0.00    0.0  0.005  0.006  0.006  0.006  0.005  0.006
01:06:10 839.65   15.1   31.0   1624    4.6    341    7.0    29.8  -1.9   0.80   3.89 5953.9     0.00   0.00    0.0  0.005  0.006  0.006  0.006  0.005  0.006
01:06:11 839.46   15.1   31.0   1625    4.6    343    7.0    29.8  -1.9   0.80   3.90 5954.9     0.00   0.00    0.0  0.005  0.006  0.006  0.006  0.005  0.006
01:06:12 839.60   15.0   31.0   1624    4.6    339    7.0    29.8  -1.9   0.80   3.88 5955.9     0.00   0.00    0.0  0.005  0.006  0.006  0.006  0.005  0.006
01:06:13 839.65   15.1   31.0   1624    4.4    340    7.0    29.9  -1.9   0.80   3.91 5956.9     0.00   0.00    0.0  0.005  0.006  0.006  0.006  0.005  0.006
01:06:15 839.32   15.1   31.0   1627    4.3    339    7.0    29.9  -1.9   0.80   3.89 5958.9     0.00   0.00    0.0  0.005  0.006  0.006  0.006  0.005  0.006
01:06:16 839.11   15.0   31.0   1629    4.2    341    7.0    29.9  -1.9   0.80   3.89 5959.9     0.00   0.00    0.0  0.005  0.006  0.006  0.006  0.005  0.006
01:06:20 839.24   15.1   30.9   1628    3.3    340    7.0    29.9  -1.9   0.80   3.88 5963.9     0.00   0.00    0.0  0.005  0.006  0.006  0.006  0.005  0.006
01:06:22 839.24   15.1   30.9   1628    3.0    342    7.0    29.9  -2.0   0.79   3.87 5965.9     0.00   0.00    0.0  0.005  0.006  0.006  0.006  0.005  0.006
01:06:26 839.12   15.1   30.8   1629    2.8    335    7.0    29.9  -2.0   0.79   3.87 5969.9     0.00   0.00    0.0  0.005  0.006  0.006  0.006  0.005  0.006
01:06:27 839.12   15.1   30.7   1629    2.8    340    7.0    29.9  -2.0   0.79   3.86 5970.9     0.00   0.00    0.0  0.005  0.006  0.006  0.006  0.005  0.006
01:06:28 839.30   15.1   30.7   1627    2.7    342    7.0    29.9  -2.0   0.79   3.85 5971.9     0.00   0.00    0.0  0.005  0.006  0.006  0.006  0.005  0.006
01:06:29 839.12   15.1   30.7   1629    2.4    333    7.0    29.9  -2.0   0.79   3.86 5972.9     0.00   0.00    0.0  0.005  0.006  0.006  0.006  0.005  0.006
01:06:30 839.26   15.1   30.7   1627    2.4    334    7.0    29.8  -2.0   0.79   3.85 5973.9     0.00   0.00    0.0  0.005  0.006  0.006  0.006  0.005  0.006
01:06:31 839.46   15.1   30.7   1626    2.4    331    7.0    29.9  -2.0   0.79   3.86 5974.9     0.00   0.00    0.0  0.005  0.006  0.006  0.006  0.005  0.006
01:06:33 839.07   15.1   30.7   1629    2.3    333    7.0    29.9  -2.0   0.79   3.85 5976.9     0.00   0.00    0.0  0.005  0.006  0.006  0.006  0.005  0.006
01:06:36 838.95   15.1   30.5   1631    2.0    339    7.0    29.9  -2.1   0.79   3.83 5979.9     0.00   0.00    0.0  0.005  0.006  0.006  0.006  0.005  0.006
01:06:37 839.02   15.1   30.5   1630    2.0    338    7.0    29.9  -2.1   0.79   3.83 5980.9     0.00   0.00    0.0  0.005  0.006  0.006  0.006  0.005  0.006
01:06:39 839.05   15.1   30.4   1630    2.2    338    7.0    29.9  -2.1   0.79   3.81 5982.9     0.00   0.00    0.0  0.005  0.006  0.006  0.006  0.005  0.006
01:06:41 838.98   15.0   30.5   1630    2.3    337    7.0    29.8  -2.2   0.79   3.80 5984.9     0.00   0.00    0.0  0.005  0.006  0.006  0.006  0.005  0.006
01:06:42 839.07   15.1   30.5   1629    2.4    334    7.0    29.9  -2.1   0.79   3.83 5985.9     0.00   0.00    0.0  0.005  0.006  0.006  0.006  0.005  0.006
01:06:44 839.30   15.1   30.4   1627    2.3    337    7.0    29.9  -2.2   0.79   3.81 5987.9     0.00   0.00    0.0  0.005  0.006  0.006  0.006  0.005  0.006
01:06:45 839.03   15.1   30.4   1630    2.4    340    7.0    29.9  -2.2   0.79   3.80 5988.9     0.00   0.00    0.0  0.005  0.006  0.006  0.006  0.005  0.006
01:06:46 839.26   15.1   30.4   1627    2.4    334    7.0    29.9  -2.1   0.79   3.82 5989.9     0.00   0.00    0.0  0.005  0.006  0.006  0.006  0.005  0.006
01:06:47 839.12   15.1   30.4   1629    2.4    340    7.0    29.9  -2.2   0.79   3.81 5990.9     0.00   0.00    0.0  0.005  0.006  0.006  0.006  0.005  0.006
01:06:48 838.98   15.1   30.4   1630    2.5    338    7.0    30.0  -2.1   0.79   3.83 5991.9     0.00   0.00    0.0  0.005  0.006  0.006  0.006  0.005  0.006
01:06:49 839.09   15.1   30.4   1629    2.6    338    7.0    29.9  -2.1   0.79   3.82 5992.9     0.00   0.00    0.0  0.005  0.006  0.006  0.006  0.005  0.006
01:06:50 839.31   15.1   30.4   1627    2.8    341    7.0    29.9  -2.2   0.79   3.80 5993.9     0.00   0.00    0.0  0.005  0.006  0.006  0.006  0.005  0.006
01:06:52 839.20   15.1   30.4   1628    2.9    342    7.0    29.9  -2.1   0.79   3.82 5995.9     0.00   0.00    0.0  0.005  0.006  0.006  0.006  0.005  0.006
01:06:53 838.86   15.1   30.5   1631    2.9    341    7.0    30.0  -2.1   0.79   3.84 5996.9     0.00   0.00    0.0  0.005  0.006  0.006  0.006  0.005  0.006
01:06:54 838.92   15.1   30.5   1631    3.1    335    7.0    29.9  -2.1   0.79   3.83 5997.9     0.00   0.00    0.0  0.005  0.006  0.006  0.006  0.005  0.006
01:06:56 838.96   15.1   30.5   1631    3.2    340    7.0    29.9  -2.1   0.79   3.82 5999.9     0.00   0.00    0.0  0.005  0.006  0.006  0.006  0.005  0.006
01:06:58 839.06   15.1   30.6   1630    3.3    345    7.0    29.9  -2.1   0.79   3.84 6001.9     0.00   0.00    0.0  0.005  0.006  0.006  0.006  0.005  0.006
01:06:59 838.93   15.0   30.5   1631    3.2    347    7.0    29.9  -2.1   0.79   3.82 6002.9     0.00   0.00    0.0  0.005  0.006  0.006  0.006  0.005  0.006
01:07:00 838.91   15.1   30.6   1631    3.2    347    7.0    29.9  -2.1   0.79   3.84 6003.9     0.00   0.00    0.0  0.005  0.006  0.006  0.006  0.005  0.006
01:07:03 838.66   15.1   30.5   1634    3.4    339    7.0    30.0  -2.1   0.79   3.83 6006.9     0.00   0.00    0.0  0.005  0.006  0.006  0.006  0.005  0.006
01:07:04 839.06   15.1   30.6   1629    3.5    338    7.0    29.9  -2.1   0.79   3.83 6007.9     0.00   0.00    0.0  0.005  0.006  0.006  0.006  0.005  0.006
01:07:05 838.53   15.1   30.6   1635    3.2    335    7.0    29.9  -2.1   0.79   3.83 6008.9     0.00   0.00    0.0  0.005  0.006  0.006  0.006  0.005  0.006
01:07:06 838.68   15.1   30.6   1633    3.1    328    7.0    30.0  -2.0   0.79   3.85 6009.9     0.00   0.00    0.0  0.005  0.006  0.006  0.006  0.005  0.006
01:07:07 838.80   15.1   30.6   1632    3.0    332    7.0    29.9  -2.1   0.79   3.84 6010.9     0.00   0.00    0.0  0.005  0.006  0.006  0.006  0.005  0.006
01:07:08 838.79   15.1   30.6   1632    2.9    331    7.0    29.9  -2.1   0.79   3.83 6011.9     0.00   0.00    0.0  0.005  0.006  0.006  0.006  0.005  0.006
01:07:09 838.58   15.1   30.6   1634    2.9    331    7.0    29.9  -2.1   0.79   3.83 6012.9     0.00   0.00    0.0  0.005  0.006  0.006  0.006  0.005  0.006
01:07:11 838.78   15.0   30.6   1632    3.0    334    7.0    29.9  -2.1   0.79   3.83 6014.9     0.00   0.00    0.0  0.005  0.006  0.006  0.006  0.005  0.006
01:07:13 838.58   15.1   30.7   1634    2.9    333    7.0    29.9  -2.0   0.79   3.85 6016.9     0.00   0.00    0.0  0.005  0.006  0.006  0.006  0.005  0.006
01:07:15 838.26   15.0   30.7   1638    3.2    335    7.0    29.9  -2.0   0.79   3.85 6018.9     0.00   0.00    0.0  0.005  0.006  0.006  0.006  0.005  0.006
01:07:16 838.54   15.0   30.7   1635    3.3    341    7.0    29.9  -2.1   0.79   3.84 6019.9     0.00   0.00    0.0  0.005  0.006  0.006  0.006  0.005  0.006
01:07:17 838.19   15.1   30.8   1638    3.2    329    7.0    30.0  -2.0   0.79   3.86 6020.9     0.00   0.00    0.0  0.005  0.006  0.006  0.006  0.005  0.006
01:07:18 838.17   15.0   30.8   1638    3.2    327    7.0    29.9  -2.1   0.79   3.83 6021.9     0.00   0.00    0.0  0.005  0.006  0.006  0.006  0.005  0.006
01:07:19 838.11   15.0   30.7   1639    3.1    326    7.0    29.9  -2.1   0.79   3.84 6022.9     0.00   0.00    0.0  0.005  0.006  0.006  0.006  0.005  0.006
01:07:20 838.22   15.0   30.7   1638    3.0    327    7.0    29.9  -2.1   0.79   3.83 6023.9     0.00   0.00    0.0  0.005  0.006  0.006  0.006  0.005  0.006
01:07:22 838.36   15.0   30.8   1637    3.0    325    7.0    29.9  -2.0   0.79   3.85 6025.9     0.00   0.00    0.0  0.005  0.006  0.006  0.006  0.005  0.006
01:07:23 838.19   14.9   30.9   1638    3.0    324    7.0    29.8  -2.1   0.79   3.84 6026.9     0.00   0.00    0.0  0.005  0.006  0.006  0.006  0.005  0.006
01:07:24 838.25   15.0   30.9   1638    3.0    327    7.0    29.9  -2.0   0.79   3.87 6027.9     0.00   0.00    0.0  0.005  0.006  0.006  0.006  0.005  0.006
01:07:25 838.21   15.0   30.9   1638    3.0    331    7.0    29.9  -2.1   0.79   3.84 6028.9     0.00   0.00    0.0  0.005  0.006  0.006  0.006  0.005  0.006
01:07:27 837.91   15.0   30.9   1641    2.9    328    7.0    29.9  -2.0   0.79   3.85 6030.8     0.00   0.00    0.0  0.005  0.006  0.006  0.006  0.005  0.006
01:07:28 837.95   15.0   30.9   1641    2.8    331    7.0    29.9  -2.1   0.79   3.85 6031.8     0.00   0.00    0.0  0.005  0.006  0.006  0.006  0.005  0.006
01:07:29 838.19   14.9   30.9   1638    3.0    326    7.0    29.8  -2.0   0.79   3.85 6032.8     0.00   0.00    0.0  0.005  0.006  0.006  0.006  0.005  0.006
01:07:30 838.11   15.0   30.9   1639    3.1    330    7.0    29.9  -2.0   0.79   3.86 6033.8     0.00   0.00    0.0  0.005  0.006  0.006  0.006  0.005  0.006
01:07:31 838.10   15.0   30.9   1639    3.1    325    7.0    29.9  -2.0   0.79   3.86 6034.8     0.00   0.00    0.0  0.005  0.006  0.006  0.006  0.005  0.006
01:07:32 837.74   15.0   30.9   1643    3.0    325    7.0    29.9  -2.0   0.79   3.86 6035.8     0.00   0.00    0.0  0.005  0.006  0.006  0.006  0.005  0.006
01:07:33 837.86   14.9   30.9   1642    2.9    320    7.0    29.8  -2.1   0.79   3.84 6036.8     0.00   0.00    0.0  0.005  0.006  0.006  0.006  0.005  0.006
01:07:34 837.96   15.0   31.0   1641    2.9    323    7.0    29.9  -2.0   0.79   3.86 6037.8     0.00   0.00    0.0  0.005  0.006  0.006  0.006  0.005  0.006
01:07:36 837.65   14.9   31.0   1644    2.8    321    7.0    29.9  -2.0   0.79   3.86 6039.8     0.00   0.00    0.0  0.005  0.006  0.006  0.006  0.005  0.006
01:07:37 837.69   14.9   31.0   1643    2.7    321    7.0    29.9  -2.0   0.79   3.86 6040.8     0.00   0.00    0.0  0.005  0.006  0.006  0.006  0.005  0.006
01:07:38 837.75   14.9   31.0   1643    2.7    325    7.0    29.9  -2.0   0.79   3.87 6041.8     0.00   0.00    0.0  0.005  0.006  0.006  0.006  0.005  0.006
01:07:39 837.83   14.9   31.1   1642    2.6    324    7.0    29.9  -2.0   0.79   3.87 6042.8     0.00   0.00    0.0  0.005  0.006  0.006  0.006  0.005  0.006
01:07:40 837.84   14.9   31.0   1642    2.6    325    7.0    29.9  -2.0   0.79   3.87 6043.8     0.00   0.00    0.0  0.005  0.006  0.006  0.006  0.005  0.006
01:07:41 837.77   14.9   31.0   1643    2.6    325    7.0    29.9  -2.0   0.79   3.86 6044.8     0.00   0.00    0.0  0.005  0.006  0.006  0.006  0.005  0.006
01:07:43 837.69   14.9   31.0   1643    2.5    315    7.0    29.9  -2.0   0.79   3.86 6046.8     0.00   0.00    0.0  0.005  0.006  0.006  0.006  0.005  0.006
01:07:44 837.70   14.9   31.0   1643    2.6    320    7.0    29.9  -2.0   0.79   3.86 6047.8     0.00   0.00    0.0  0.005  0.006  0.006  0.006  0.005  0.006
01:07:45 837.63   14.9   31.0   1644    2.7    322    7.0    29.9  -2.0   0.79   3.86 6048.8     0.00   0.00    0.0  0.005  0.006  0.006  0.006  0.005  0.006
01:07:46 837.52   14.9   31.1   1645    2.8    309    7.0    29.9  -2.0   0.79   3.87 6049.8     0.00   0.00    0.0  0.005  0.006  0.006  0.006  0.005  0.006
01:07:48 837.41   14.8   31.1   1646    2.9    296    7.0    29.8  -2.1   0.79   3.84 6051.8     0.00   0.00    0.0  0.005  0.006  0.006  0.006  0.005  0.006
01:07:49 837.52   14.9   31.1   1645    3.0    291    7.0    29.9  -2.0   0.79   3.87 6052.8     0.00   0.00    0.0  0.005  0.006  0.006  0.006  0.005  0.006
01:07:50 837.58   14.9   31.1   1644    3.0    283    7.0    29.9  -2.0   0.79   3.87 6053.8     0.00   0.00    0.0  0.005  0.006  0.006  0.006  0.005  0.006
01:07:52 837.60   14.9   31.2   1644    2.8    279    7.0    29.9  -2.0   0.80   3.88 6055.8     0.00   0.00    0.0  0.005  0.006  0.006  0.006  0.005  0.006
01:07:53 837.52   14.9   31.1   1645    2.9    278    7.0    29.9  -2.0   0.79   3.88 6056.8     0.00   0.00    0.0  0.005  0.006  0.006  0.006  0.005  0.006
01:07:54 837.38   15.0   31.2   1646    2.9    280    7.0    30.0  -1.9   0.80   3.90 6057.8     0.00   0.00    0.0  0.005  0.006  0.006  0.006  0.005  0.006
01:07:55 837.58   15.0   31.0   1644    2.9    288    7.0    29.9  -2.0   0.79   3.88 6058.8     0.00   0.00    0.0  0.005  0.006  0.006  0.006  0.005  0.006
01:07:56 837.51   15.0   31.1   1645    2.9    279    7.0    29.9  -1.9   0.80   3.89 6059.8     0.00   0.00    0.0  0.005  0.006  0.006  0.006  0.005  0.006
01:07:57 837.43   15.0   31.1   1646    2.7    287    7.0    30.0  -2.0   0.80   3.88 6060.8     0.00   0.00    0.0  0.005  0.006  0.006  0.006  0.005  0.006
01:07:58 837.46   14.9   31.0   1646    2.7    293    7.0    29.9  -2.0   0.79   3.86 6061.8     0.00   0.00    0.0  0.005  0.006  0.006  0.006  0.005  0.006
01:08:00 837.41   15.0   31.0   1646    2.7    289    7.0    30.0  -2.0   0.79   3.87 6063.8     0.00   0.00    0.0  0.005  0.006  0.006  0.006  0.005  0.006
01:08:03 837.36   14.9   31.1   1647    2.8    268    7.0    29.9  -2.0   0.79   3.87 6066.8     0.00   0.00    0.0  0.005  0.006  0.006  0.006  0.005  0.006
01:08:04 837.21   14.9   31.0   1648    2.7    270    7.0    29.9  -2.0   0.79   3.85 6067.8     0.00   0.00    0.0  0.005  0.006  0.006  0.006  0.005  0.006
01:08:05 837.09   14.9   31.0   1649    2.7    308    7.0    29.9  -2.1   0.79   3.85 6068.8     0.00   0.00    0.0  0.005  0.006  0.006  0.006  0.005  0.006
01:08:07 837.25   14.9   31.0   1648    2.6    319    7.0    29.9  -2.0   0.79   3.86 6070.8     0.00   0.00    0.0  0.005  0.006  0.006  0.006  0.005  0.006
01:08:08 837.03   15.0   31.0   1650    2.6    313    7.0    30.0  -2.0   0.79   3.88 6071.8     0.00   0.00    0.0  0.005  0.006  0.006  0.006  0.005  0.006
01:08:09 837.14   14.9   30.9   1649    2.6    318    7.0    29.9  -2.1   0.79   3.85 6072.8     0.00   0.00    0.0  0.005  0.006  0.006  0.006  0.005  0.006
01:08:10 837.00   14.9   30.9   1650    2.7    309    7.0    30.0  -2.1   0.79   3.85 6073.8     0.00   0.00    0.0  0.005  0.006  0.006  0.006  0.005  0.006
01:08:12 837.01   14.7   31.1   1650    2.5    267    7.0    29.7  -2.2   0.79   3.81 6075.8     0.00   0.00    0.0  0.005  0.006  0.006  0.006  0.005  0.006
01:08:15 836.95   14.8   31.4   1651    2.6    261    7.0    29.9  -1.9   0.80   3.90 6078.8     0.00   0.00    0.0  0.005  0.006  0.006  0.006  0.005  0.006
01:08:16 836.84   14.8   31.6   1652    2.5    271    7.0    29.8  -1.9   0.80   3.89 6079.8     0.00   0.00    0.0  0.005  0.006  0.006  0.006  0.005  0.006
01:08:17 836.78   14.9   31.6   1653    2.5    268    7.0    29.9  -1.8   0.80   3.93 6080.8     0.00   0.00    0.0  0.005  0.006  0.006  0.006  0.005  0.006
01:08:18 837.08   14.8   31.5   1649    2.6    267    7.0    29.8  -1.9   0.80   3.91 6081.8     0.00   0.00    0.0  0.005  0.006  0.006  0.006  0.005  0.006
01:08:19 837.02   14.9   31.5   1650    2.6    271    7.0    29.9  -1.9   0.80   3.92 6082.8     0.00   0.00    0.0  0.005  0.006  0.006  0.006  0.005  0.006
01:08:20 836.96   14.9   31.5   1651    2.7    273    7.0    29.9  -1.9   0.80   3.92 6083.8     0.00   0.00    0.0  0.005  0.006  0.006  0.006  0.005  0.006
01:08:21 836.67   14.9   31.5   1654    2.9    268    7.0    29.9  -1.9   0.80   3.91 6084.8     0.00   0.00    0.0  0.005  0.006  0.006  0.006  0.005  0.006
01:08:22 836.63   14.9   31.5   1654    2.9    276    7.0    29.9  -1.9   0.80   3.91 6085.8     0.00   0.00    0.0  0.005  0.006  0.006  0.006  0.005  0.006
01:08:23 836.64   14.9   31.4   1654    3.0    279    7.0    29.9  -1.9   0.80   3.91 6086.8     0.00   0.00    0.0  0.005  0.006  0.006  0.006  0.005  0.006
01:08:25 836.75   14.8   31.6   1653    3.1    270    7.0    29.9  -1.9   0.80   3.92 6088.8     0.00   0.00    0.0  0.005  0.006  0.006  0.006  0.005  0.006
01:08:26 836.66   14.8   31.5   1654    3.1    281    7.0    29.9  -1.9   0.80   3.91 6089.8     0.00   0.00    0.0  0.005  0.006  0.006  0.006  0.005  0.006
01:08:29 836.74   14.8   31.5   1653    3.1    260    7.0    29.9  -1.9   0.80   3.90 6092.8     0.00   0.00    0.0  0.005  0.006  0.006  0.006  0.005  0.006
01:08:30 836.64   14.9   31.5   1654    3.2    261    7.0    29.9  -1.9   0.80   3.91 6093.8     0.00   0.00    0.0  0.005  0.006  0.006  0.006  0.005  0.006
01:08:31 836.78   14.8   31.5   1653    3.2    261    7.0    29.8  -1.9   0.80   3.89 6094.8     0.00   0.00    0.0  0.005  0.006  0.006  0.006  0.005  0.006
01:08:32 836.62   14.8   31.5   1654    3.3    265    7.0    29.9  -1.9   0.80   3.90 6095.8     0.00   0.00    0.0  0.005  0.006  0.006  0.006  0.005  0.006
01:08:33 836.49   14.8   31.5   1655    3.3    260    7.0    29.9  -1.9   0.80   3.89 6096.8     0.00   0.00    0.0  0.005  0.006  0.006  0.006  0.005  0.006
01:08:35 836.42   14.8   31.5   1656    3.2    260    7.0    29.9  -1.9   0.80   3.91 6098.8     0.00   0.00    0.0  0.005  0.006  0.006  0.006  0.005  0.006
01:08:36 836.65   14.8   31.6   1654    3.1    259    7.0    29.8  -1.9   0.80   3.90 6099.8     0.00   0.00    0.0  0.005  0.006  0.006  0.006  0.005  0.006
01:08:37 836.11   14.8   31.7   1659    3.2    258    7.0    29.9  -1.8   0.80   3.93 6100.8     0.00   0.00    0.0  0.005  0.006  0.006  0.006  0.005  0.006
01:08:38 836.42   14.8   31.7   1656    3.2    279    7.0    29.8  -1.9   0.80   3.91 6101.8     0.00   0.00    0.0  0.005  0.006  0.006  0.006  0.005  0.006
01:08:39 836.24   14.8   31.6   1658    3.2    284    7.0    29.9  -1.9   0.80   3.90 6102.8     0.00   0.00    0.0  0.005  0.006  0.006  0.006  0.005  0.006
01:08:40 836.38   14.8   31.6   1657    3.2    290    7.0    29.9  -1.9   0.80   3.91 6103.8     0.00   0.00    0.0  0.005  0.006  0.006  0.006  0.005  0.006
01:08:41 836.22   14.8   31.6   1658    3.2    289    7.0    29.9  -1.9   0.80   3.91 6104.8     0.00   0.00    0.0  0.005  0.006  0.006  0.006  0.005  0.006
01:08:43 836.29   14.9   31.5   1657    3.0    295    7.0    30.0  -1.9   0.80   3.92 6106.8     0.00   0.00    0.0  0.005  0.006  0.006  0.006  0.005  0.006
01:08:44 836.37   14.8   31.6   1657    2.9    291    7.0    29.9  -1.9   0.80   3.92 6107.8     0.00   0.00    0.0  0.005  0.006  0.006  0.006  0.005  0.006
01:08:45 836.21   14.8   31.6   1658    2.9    296    7.0    29.9  -1.9   0.80   3.92 6108.8     0.00   0.00    0.0  0.005  0.006  0.006  0.006  0.005  0.006
01:08:47 836.16   14.8   31.5   1659    2.9    305    7.0    29.9  -1.9   0.80   3.91 6110.8     0.00   0.00    0.0  0.005  0.006  0.006  0.006  0.005  0.006
01:08:48 835.96   14.8   31.5   1661    3.0    302    7.0    29.9  -1.9   0.80   3.91 6111.8     0.00   0.00    0.0  0.005  0.006  0.006  0.006  0.005  0.006
01:08:49 835.97   14.8   31.5   1661    3.0    299    7.0    30.0  -1.9   0.80   3.91 6112.8     0.00   0.00    0.0  0.005  0.006  0.006  0.006  0.005  0.006
01:08:50 835.80   14.8   31.5   1662    3.0    304    7.0    29.9  -1.9   0.80   3.89 6113.8     0.00   0.00    0.0  0.005  0.006  0.006  0.006  0.005  0.006
01:08:51 836.12   14.8   31.5   1659    3.0    300    7.0    29.9  -1.9   0.80   3.89 6114.8     0.00   0.00    0.0  0.005  0.006  0.006  0.006  0.005  0.006
01:08:52 835.83   14.8   31.5   1662    3.0    302    7.0    29.9  -1.9   0.80   3.90 6115.8     0.00   0.00    0.0  0.005  0.006  0.006  0.006  0.005  0.006
01:08:53 835.84   14.8   31.5   1662    3.0    291    7.0    30.0  -1.9   0.80   3.92 6116.8     0.00   0.00    0.0  0.005  0.006  0.006  0.006  0.005  0.006
01:08:55 835.84   14.7   31.6   1662    3.0    306    7.0    29.8  -2.0   0.80   3.88 6118.8     0.00   0.00    0.0  0.005  0.006  0.006  0.006  0.005  0.006
01:08:56 835.91   14.8   31.6   1661    3.0    312    7.0    29.9  -1.9   0.80   3.90 6119.8     0.00   0.00    0.0  0.005  0.006  0.006  0.006  0.005  0.006
01:08:58 835.83   14.7   31.5   1662    3.0    313    7.0    29.9  -2.0   0.80   3.89 6121.8     0.00   0.00    0.0  0.005  0.006  0.006  0.006  0.005  0.006
01:09:00 835.74   14.8   31.5   1663    3.0    308    7.0    29.9  -1.9   0.80   3.89 6123.8     0.00   0.00    0.0  0.005  0.006  0.006  0.006  0.005  0.006
01:09:01 835.69   14.8   31.6   1663    2.9    301    7.0    29.9  -1.9   0.80   3.91 6124.8     0.00   0.00    0.0  0.005  0.006  0.006  0.006  0.005  0.006
01:09:02 835.69   14.8   31.6   1664    2.9    303    7.0    29.9  -1.9   0.80   3.90 6125.8     0.00   0.00    0.0  0.005  0.006  0.006  0.006  0.005  0.006
01:09:03 835.61   14.8   31.6   1664    2.9    298    7.0    29.9  -1.9   0.80   3.90 6126.8     0.00   0.00    0.0  0.005  0.006  0.006  0.006  0.005  0.006
01:09:04 835.75   14.7   31.5   1663    2.9    293    7.0    29.9  -2.0   0.80   3.89 6127.8     0.00   0.00    0.0  0.005  0.006  0.006  0.006  0.005  0.006
01:09:06 835.74   14.7   31.6   1663    2.9    301    7.0    29.9  -1.9   0.80   3.90 6129.8     0.00   0.00    0.0  0.005  0.006  0.006  0.006  0.005  0.006
01:09:07 835.78   14.7   31.5   1663    2.9    305    7.0    29.8  -2.0   0.79   3.87 6130.8     0.00   0.00    0.0  0.005  0.006  0.006  0.006  0.005  0.006
01:09:09 835.54   14.7   31.5   1665    2.9    311    7.0    29.9  -2.0   0.79   3.87 6132.7     0.00   0.00    0.0  0.005  0.006  0.006  0.006  0.005  0.006
01:09:11 835.55   14.7   31.5   1665    2.9    308    7.0    29.9  -2.0   0.80   3.88 6134.7     0.00   0.00    0.0  0.005  0.006  0.006  0.006  0.005  0.006
01:09:13 835.67   14.8   31.5   1664    2.9    307    7.0    29.9  -2.0   0.80   3.89 6136.7     0.00   0.00    0.0  0.005  0.006  0.006  0.006  0.005  0.006
01:09:15 835.30   14.7   31.6   1667    2.8    303    7.0    29.9  -2.0   0.80   3.88 6138.7     0.00   0.00    0.0  0.005  0.006  0.006  0.006  0.005  0.006
01:09:16 835.60   14.7   31.4   1664    2.8    305    7.0    29.9  -2.0   0.79   3.86 6139.7     0.00   0.00    0.0  0.005  0.006  0.006  0.006  0.005  0.006
01:09:17 835.26   14.7   31.5   1668    2.8    305    7.0    29.9  -2.0   0.80   3.88 6140.7     0.00   0.00    0.0  0.005  0.006  0.006  0.006  0.005  0.006
01:09:18 835.31   14.7   31.4   1667    2.8    308    7.0    29.9  -2.0   0.79   3.87 6141.7     0.00   0.00    0.0  0.005  0.006  0.006  0.006  0.005  0.006
01:09:20 835.36   14.7   31.4   1667    2.8    318    7.0    29.9  -2.0   0.79   3.86 6143.7     0.00   0.00    0.0  0.005  0.006  0.006  0.006  0.005  0.006
01:09:21 835.28   14.7   31.4   1668    2.7    315    7.0    29.9  -2.1   0.79   3.86 6144.7     0.00   0.00    0.0  0.005  0.006  0.006  0.006  0.005  0.006
01:09:22 835.29   14.7   31.4   1668    2.7    319    7.0    29.9  -2.0   0.79   3.87 6145.7     0.00   0.00    0.0  0.005  0.006  0.006  0.006  0.005  0.006
01:09:23 835.36   14.7   31.4   1667    2.7    318    7.0    29.9  -2.1   0.79   3.85 6146.7     0.00   0.00    0.0  0.005  0.006  0.006  0.006  0.005  0.006
01:09:26 835.33   14.7   31.5   1667    2.7    317    7.0    29.9  -2.0   0.79   3.87 6149.7     0.00   0.00    0.0  0.005  0.006  0.006  0.006  0.005  0.006
01:09:28 835.00   14.7   31.4   1670    2.8    319    7.0    29.9  -2.1   0.79   3.86 6151.7     0.00   0.00    0.0  0.005  0.006  0.006  0.006  0.005  0.006
01:09:29 835.08   14.7   31.4   1670    2.9    311    7.0    29.9  -2.1   0.79   3.86 6152.7     0.00   0.00    0.0  0.005  0.006  0.006  0.006  0.005  0.006
01:09:30 834.84   14.7   31.4   1672    2.9    311    7.0    30.0  -2.0   0.79   3.87 6153.7     0.00   0.00    0.0  0.005  0.006  0.006  0.006  0.005  0.006
01:09:31 834.84   14.7   31.3   1672    2.9    319    7.0    29.9  -2.1   0.79   3.86 6154.7     0.00   0.00    0.0  0.005  0.006  0.006  0.006  0.005  0.006
01:09:32 834.99   14.7   31.3   1671    2.9    320    7.0    29.9  -2.1   0.79   3.84 6155.7     0.00   0.00    0.0  0.005  0.006  0.006  0.006  0.005  0.006
01:09:37 834.88   14.7   31.5   1672    2.7    309    7.0    29.9  -2.0   0.79   3.87 6160.7     0.00   0.00    0.0  0.005  0.006  0.006  0.006  0.005  0.006
01:09:38 834.83   14.6   31.5   1672    2.8    304    7.0    29.9  -2.1   0.79   3.86 6161.7     0.00   0.00    0.0  0.005  0.006  0.006  0.006  0.005  0.006
01:09:39 834.56   14.7   31.5   1675    2.8    309    7.0    29.9  -2.0   0.79   3.87 6162.7     0.00   0.00    0.0  0.005  0.006  0.006  0.006  0.005  0.006
01:09:41 834.64   14.6   31.3   1674    3.0    316    7.0    29.8  -2.2   0.79   3.82 6164.7     0.00   0.00    0.0  0.005  0.006  0.006  0.006  0.005  0.006
01:09:43 834.75   14.7   31.3   1673    2.9    319    7.0    29.9  -2.1   0.79   3.84 6166.7     0.00   0.00    0.0  0.005  0.006  0.006  0.006  0.005  0.006
01:09:44 834.66   14.6   31.3   1674    2.9    320    7.0    29.9  -2.1   0.79   3.83 6167.7     0.00   0.00    0.0  0.005  0.006  0.006  0.006  0.005  0.006
01:09:45 834.59   14.6   31.2   1675    2.9    321    7.0    29.9  -2.2   0.79   3.81 6168.7     0.00   0.00    0.0  0.005  0.006  0.006  0.006  0.005  0.006
01:09:47 834.48   14.7   31.3   1676    2.9    313    7.0    30.0  -2.1   0.79   3.85 6170.7     0.00   0.00    0.0  0.005  0.006  0.006  0.006  0.005  0.006
01:09:48 834.57   14.6   31.3   1675    2.9    316    7.0    29.9  -2.2   0.79   3.83 6171.7     0.00   0.00    0.0  0.005  0.006  0.006  0.006  0.005  0.006
01:09:50 834.39   14.6   31.4   1677    2.8    322    7.0    29.9  -2.2   0.79   3.83 6173.7     0.00   0.00    0.0  0.005  0.006  0.006  0.006  0.005  0.006
01:09:51 834.56   14.6   31.4   1675    2.9    322    7.0    29.8  -2.2   0.79   3.83 6174.7     0.00   0.00    0.0  0.005  0.006  0.006  0.006  0.005  0.006
01:09:52 834.44   14.6   31.4   1676    2.9    321    7.0    29.9  -2.1   0.79   3.84 6175.7     0.00   0.00    0.0  0.005  0.006  0.006  0.006  0.005  0.006
01:09:53 834.40   14.6   31.4   1677    2.9    316    7.0    29.9  -2.2   0.79   3.83 6176.7     0.00   0.00    0.0  0.005  0.006  0.006  0.006  0.005  0.006
01:09:54 834.39   14.6   31.4   1677    2.8    310    7.0    29.9  -2.1   0.79   3.85 6177.7     0.00   0.00    0.0  0.005  0.006  0.006  0.006  0.005  0.006
01:09:55 834.33   14.6   31.4   1677    2.8    318    7.0    29.9  -2.1   0.79   3.84 6178.7     0.00   0.00    0.0  0.005  0.006  0.006  0.006  0.005  0.006
01:09:56 834.44   14.6   31.4   1676    2.8    316    7.0    29.9  -2.1   0.79   3.84 6179.7     0.00   0.00    0.0  0.005  0.006  0.006  0.006  0.005  0.006
01:09:57 834.31   14.6   31.4   1677    2.7    308    7.0    29.9  -2.1   0.79   3.85 6180.7     0.00   0.00    0.0  0.005  0.006  0.006  0.006  0.005  0.006
01:10:00 834.32   14.6   31.3   1677    2.7    316    7.0    29.9  -2.2   0.79   3.82 6183.7     0.00   0.00    0.0  0.005  0.006  0.006  0.006  0.005  0.006
01:10:02 834.04   14.6   31.5   1680    2.7    317    7.0    29.9  -2.1   0.79   3.85 6185.7     0.00   0.00    0.0  0.005  0.006  0.006  0.006  0.005  0.006
01:10:03 833.92   14.6   31.4   1681    2.7    320    7.0    29.9  -2.2   0.79   3.83 6186.7     0.00   0.00    0.0  0.005  0.006  0.006  0.006  0.005  0.006
01:10:04 834.06   14.6   31.5   1680    2.6    319    7.0    29.9  -2.1   0.79   3.85 6187.7     0.00   0.00    0.0  0.005  0.006  0.006  0.006  0.005  0.006
01:10:05 834.04   14.6   31.5   1680    2.6    311    7.0    29.9  -2.1   0.79   3.86 6188.7     0.00   0.00    0.0  0.005  0.006  0.006  0.006  0.005  0.006
01:10:06 833.91   14.6   31.6   1682    2.6    306    7.0    29.9  -2.1   0.79   3.86 6189.7     0.00   0.00    0.0  0.005  0.006  0.006  0.006  0.005  0.006
01:10:08 834.06   14.5   31.5   1680    2.7    308    7.0    29.8  -2.1   0.79   3.84 6191.7     0.00   0.00    0.0  0.005  0.006  0.006  0.006  0.005  0.006
01:10:09 833.97   14.6   31.5   1681    2.8    309    7.0    29.9  -2.1   0.79   3.85 6192.7     0.00   0.00    0.0  0.005  0.006  0.006  0.006  0.005  0.006
01:10:10 834.08   14.6   31.5   1680    2.8    311    7.0    29.9  -2.1   0.79   3.85 6193.7     0.00   0.00    0.0  0.005  0.006  0.006  0.006  0.005  0.006
01:10:11 833.77   14.5   31.5   1683    2.8    318    7.0    29.9  -2.1   0.79   3.84 6194.7     0.00   0.00    0.0  0.005  0.006  0.006  0.006  0.005  0.006
01:10:12 834.01   14.6   31.5   1680    2.8    318    7.0    29.9  -2.1   0.79   3.84 6195.7     0.00   0.00    0.0  0.005  0.006  0.006  0.006  0.005  0.006
01:10:13 833.71   14.6   31.6   1684    2.8    306    7.0    29.9  -2.1   0.79   3.87 6196.7     0.00   0.00    0.0  0.005  0.006  0.006  0.006  0.005  0.006
01:10:15 833.86   14.5   31.5   1682    2.8    302    7.0    29.9  -2.1   0.79   3.84 6198.7     0.00   0.00    0.0  0.005  0.006  0.006  0.006  0.005  0.006
01:10:16 833.64   14.6   31.5   1684    2.8    298    7.0    29.9  -2.1   0.79   3.84 6199.7     0.00   0.00    0.0  0.005  0.006  0.006  0.006  0.005  0.006
01:10:17 833.78   14.6   31.5   1683    2.8    294    7.0    29.9  -2.1   0.79   3.86 6200.7     0.00   0.00    0.0  0.005  0.006  0.006  0.006  0.005  0.006
01:10:18 833.68   14.5   31.5   1684    2.8    314    7.0    29.9  -2.2   0.79   3.84 6201.7     0.00   0.00    0.0  0.005  0.006  0.006  0.006  0.005  0.006
01:10:20 833.50   14.6   31.5   1686    2.7    314    7.0    30.0  -2.1   0.79   3.85 6203.7     0.00   0.00    0.0  0.005  0.006  0.006  0.006  0.005  0.006
01:10:21 833.53   14.5   31.4   1685    2.8    325    7.0    29.9  -2.2   0.79   3.82 6204.7     0.00   0.00    0.0  0.005  0.006  0.006  0.006  0.005  0.006
01:10:23 833.67   14.6   31.3   1684    2.8    319    7.0    29.9  -2.2   0.79   3.83 6206.7     0.00   0.00    0.0  0.005  0.006  0.006  0.006  0.005  0.006
01:10:25 833.63   14.6   31.4   1684    2.7    317    7.0    29.9  -2.2   0.79   3.83 6208.7     0.00   0.00    0.0  0.005  0.006  0.006  0.006  0.005  0.006
01:10:26 833.42   14.6   31.3   1687    2.7    318    7.0    30.0  -2.2   0.79   3.83 6209.7     0.00   0.00    0.0  0.005  0.006  0.006  0.006  0.005  0.006
01:10:27 833.59   14.6   31.4   1685    2.7    317    7.0    29.9  -2.2   0.79   3.83 6210.7     0.00   0.00    0.0  0.005  0.006  0.006  0.006  0.005  0.006
01:10:28 833.49   14.5   31.4   1686    2.7    319    7.0    29.9  -2.2   0.79   3.82 6211.7     0.00   0.00    0.0  0.005  0.006  0.006  0.006  0.005  0.006
01:10:29 833.43   14.5   31.4   1686    2.7    313    7.0    29.9  -2.2   0.79   3.82 6212.7     0.00   0.00    0.0  0.005  0.006  0.006  0.006  0.005  0.006
01:10:30 833.45   14.6   31.4   1686    2.7    313    7.0    29.9  -2.2   0.79   3.83 6213.7     0.00   0.00    0.0  0.005  0.006  0.006  0.006  0.005  0.006
01:10:31 833.47   14.5   31.4   1686    2.7    310    7.0    29.9  -2.2   0.79   3.82 6214.7     0.00   0.00    0.0  0.005  0.006  0.006  0.006  0.005  0.006
01:10:38 833.19   14.5   31.6   1689    2.9    300    7.0    29.9  -2.2   0.79   3.83 6221.7     0.00   0.00    0.0  0.005  0.006  0.006  0.006  0.005  0.006
01:10:40 833.11   14.5   31.7   1690    3.0    295    7.0    29.9  -2.1   0.79   3.84 6223.7     0.00   0.00    0.0  0.005  0.006  0.006  0.006  0.005  0.006
01:10:41 832.99   14.5   31.8   1691    2.9    296    7.0    29.9  -2.1   0.79   3.86 6224.7     0.00   0.00    0.0  0.005  0.006  0.006  0.006  0.005  0.006
01:10:43 833.07   14.4   31.7   1690    3.0    322    7.0    29.9  -2.1   0.79   3.85 6226.7     0.00   0.00    0.0  0.005  0.006  0.006  0.006  0.005  0.006
01:10:44 832.91   14.5   31.7   1692    3.0    323    7.0    29.9  -2.1   0.79   3.85 6227.7     0.00   0.00    0.0  0.005  0.006  0.006  0.006  0.005  0.006
01:10:45 832.91   14.5   31.6   1692    2.7    332    7.0    29.9  -2.2   0.79   3.84 6228.7     0.00   0.00    0.0  0.005  0.006  0.006  0.006  0.005  0.006
01:10:46 832.77   14.4   31.7   1693    2.7    334    7.0    29.8  -2.2   0.79   3.83 6229.7     0.00   0.00    0.0  0.005  0.006  0.006  0.006  0.005  0.006
01:10:49 832.71   14.3   31.8   1694    2.9    321    7.0    29.8  -2.2   0.79   3.82 6232.7     0.00   0.00    0.0  0.005  0.006  0.006  0.006  0.005  0.006
01:10:50 832.99   14.5   31.8   1691    2.9    316    7.0    29.9  -2.1   0.79   3.87 6233.6     0.00   0.00    0.0  0.005  0.006  0.006  0.006  0.005  0.006
01:10:51 832.79   14.4   31.8   1693    3.0    320    7.0    29.8  -2.1   0.79   3.85 6234.6     0.00   0.00    0.0  0.005  0.006  0.006  0.006  0.005  0.006
01:10:52 832.65   14.4   31.8   1694    3.1    327    7.0    29.9  -2.1   0.79   3.85 6235.6     0.00   0.00    0.0  0.005  0.006  0.006  0.006  0.005  0.006
01:10:53 832.81   14.4   31.7   1693    3.0    325    7.0    29.8  -2.2   0.79   3.83 6236.6     0.00   0.00    0.0  0.005  0.006  0.006  0.006  0.005  0.006
01:10:54 832.49   14.4   31.9   1696    3.0    320    7.0    29.9  -2.1   0.79   3.86 6237.6     0.00   0.00    0.0  0.005  0.006  0.006  0.006  0.005  0.006
01:10:55 832.69   14.4   31.9   1694    3.1    316    7.0    29.9  -2.1   0.79   3.86 6238.6     0.00   0.00    0.0  0.005  0.006  0.006  0.006  0.005  0.006
01:10:56 832.50   14.4   31.9   1696    3.2    319    7.0    29.8  -2.1   0.79   3.86 6239.6     0.00   0.00    0.0  0.005  0.006  0.006  0.006  0.005  0.006
01:10:57 832.57   14.4   31.9   1695    3.3    321    7.0    29.8  -2.1   0.79   3.85 6240.6     0.00   0.00    0.0  0.005  0.006  0.006  0.006  0.005  0.006
01:10:58 832.59   14.4   31.9   1695    3.4    316    7.0    29.8  -2.1   0.79   3.86 6241.6     0.00   0.00    0.0  0.005  0.006  0.006  0.006  0.005  0.006
01:10:59 832.76   14.4   32.0   1693    3.4    322    7.0    29.8  -2.1   0.79   3.86 6242.6     0.00   0.00    0.0  0.005  0.006  0.006  0.006  0.005  0.006
01:11:01 832.42   14.4   32.0   1697    3.3    320    7.0    29.9  -2.1   0.79   3.87 6244.6     0.00   0.00    0.0  0.005  0.006  0.006  0.006  0.005  0.006
01:11:02 832.53   14.4   32.0   1696    3.3    313    7.0    29.9  -2.0   0.80   3.88 6245.6     0.00   0.00    0.0  0.005  0.006  0.006  0.006  0.005  0.006
01:11:05 832.73   14.4   32.0   1693    3.4    316    7.0    29.8  -2.1   0.79   3.86 6248.6     0.00   0.00    0.0  0.005  0.006  0.006  0.006  0.005  0.006
01:11:06 832.49   14.4   32.0   1696    3.4    319    7.0    29.8  -2.1   0.79   3.86 6249.6     0.00   0.00    0.0  0.005  0.006  0.006  0.006  0.005  0.006
01:11:07 832.48   14.4   32.0   1696    3.3    318    7.0    29.9  -2.1   0.79   3.87 6250.6     0.00   0.00    0.0  0.005  0.006  0.006  0.006  0.005  0.006
01:11:08 832.48   14.4   32.0   1696    3.2    320    7.0    29.8  -2.1   0.79   3.87 6251.6     0.00   0.00    0.0  0.005  0.006  0.006  0.006  0.005  0.006
01:11:09 832.33   14.4   32.0   1698    3.2    314    7.0    29.9  -2.1   0.79   3.86 6252.6     0.00   0.00    0.0  0.005  0.006  0.006  0.006  0.005  0.006
01:11:10 832.61   14.4   32.0   1695    3.2    321    7.0    29.8  -2.1   0.79   3.86 6253.6     0.00   0.00    0.0  0.005  0.006  0.006  0.006  0.005  0.006
01:11:11 832.33   14.4   32.0   1697    3.2    322    7.0    29.9  -2.0   0.79   3.88 6254.6     0.00   0.00    0.0  0.005  0.006  0.006  0.006  0.005  0.006
01:11:12 832.28   14.4   32.0   1698    3.1    314    7.0    29.8  -2.1   0.79   3.86 6255.6     0.00   0.00    0.0  0.005  0.006  0.006  0.006  0.005  0.006
01:11:13 832.30   14.4   32.0   1698    3.0    310    7.0    29.9  -2.0   0.79   3.88 6256.6     0.00   0.00    0.0  0.005  0.006  0.006  0.006  0.005  0.006
01:11:19 832.42   14.3   32.4   1697    3.3    270    7.0    29.8  -2.0   0.80   3.89 6262.6     0.00   0.00    0.0  0.005  0.006  0.006  0.006  0.005  0.006
01:11:20 832.39   14.3   32.4   1697    3.3    284    6.9    29.8  -1.9   0.80   3.91 6263.6     0.00   0.00    0.0  0.005  0.006  0.006  0.006  0.005  0.006
01:11:26 832.11   14.4   32.3   1700    2.5    279    6.9    29.9  -1.9   0.80   3.92 6269.6     0.00   0.00    0.0  0.005  0.006  0.006  0.006  0.005  0.006
01:11:27 832.30   14.4   32.3   1698    2.6    295    6.9    29.9  -1.9   0.80   3.91 6270.6     0.00   0.00    0.0  0.005  0.006  0.006  0.006  0.005  0.006
01:11:28 832.46   14.3   32.2   1696    2.7    299    6.9    29.8  -2.0   0.79   3.88 6271.6     0.00   0.00    0.0  0.005  0.006  0.006  0.006  0.005  0.006
01:11:29 832.37   14.3   32.2   1697    2.7    305    6.9    29.8  -2.1   0.79   3.87 6272.6     0.00   0.00    0.0  0.005  0.006  0.006  0.006  0.005  0.006
01:11:32 832.19   14.3   32.1   1699    2.8    301    6.9    29.8  -2.1   0.79   3.86 6275.6     0.00   0.00    0.0  0.005  0.006  0.006  0.006  0.005  0.006
01:11:33 832.30   14.4   32.1   1698    2.8    297    6.9    29.9  -2.0   0.80   3.88 6276.6     0.00   0.00    0.0  0.005  0.006  0.006  0.006  0.005  0.006
01:11:34 832.19   14.2   32.2   1699    2.8    312    6.9    29.7  -2.2   0.79   3.84 6277.6     0.00   0.00    0.0  0.005  0.006  0.006  0.006  0.005  0.006
01:11:35 832.09   14.4   32.2   1700    2.8    306    6.9    29.9  -2.0   0.80   3.90 6278.6     0.00   0.00    0.0  0.005  0.006  0.006  0.006  0.005  0.006
01:11:37 832.02   14.3   32.0   1701    2.8    315    6.9    29.8  -2.1   0.79   3.86 6280.6     0.00   0.00    0.0  0.005  0.006  0.006  0.006  0.005  0.006
01:11:38 832.01   14.4   32.1   1701    2.8    313    6.9    29.9  -2.0   0.80   3.88 6281.6     0.00   0.00    0.0  0.005  0.006  0.006  0.006  0.005  0.006
01:11:39 832.13   14.4   32.0   1700    2.9    305    6.9    29.9  -2.1   0.79   3.87 6282.6     0.00   0.00    0.0  0.005  0.006  0.006  0.006  0.005  0.006
01:11:40 832.36   14.4   32.0   1697    3.0    297    6.9    29.8  -2.1   0.79   3.86 6283.6     0.00   0.00    0.0  0.005  0.006  0.006  0.006  0.005  0.006
01:11:42 831.95   14.3   32.2   1701    3.2    317    6.9    29.8  -2.1   0.79   3.87 6285.6     0.00   0.00    0.0  0.005  0.006  0.006  0.006  0.005  0.006
01:11:43 831.86   14.3   32.2   1702    3.2    312    6.9    29.9  -2.0   0.80   3.88 6286.6     0.00   0.00    0.0  0.005  0.006  0.006  0.006  0.005  0.006
01:11:44 832.04   14.4   32.1   1700    3.0    310    6.9    29.9  -2.1   0.79   3.87 6287.6     0.00   0.00    0.0  0.005  0.006  0.006  0.006  0.005  0.006
01:11:45 832.05   14.3   32.0   1700    3.0    327    6.9    29.8  -2.1   0.79   3.86 6288.6     0.00   0.00    0.0  0.005  0.006  0.006  0.006  0.005  0.006
01:11:47 832.09   14.4   32.1   1700    3.2    321    6.9    29.9  -2.0   0.80   3.88 6290.6     0.00   0.00    0.0  0.005  0.006  0.006  0.006  0.005  0.006
01:11:49 832.17   14.3   32.1   1699    3.4    330    6.9    29.8  -2.1   0.79   3.87 6292.6     0.00   0.00    0.0  0.005  0.006  0.006  0.006  0.005  0.006
01:11:50 831.93   14.3   32.1   1702    3.4    327    6.9    29.8  -2.1   0.79   3.87 6293.6     0.00   0.00    0.0  0.005  0.006  0.006  0.006  0.005  0.006
01:11:51 831.90   14.4   32.1   1702    3.4    322    6.9    29.9  -2.0   0.80   3.88 6294.6     0.00   0.00    0.0  0.005  0.006  0.006  0.006  0.005  0.006
01:11:52 831.91   14.4   32.1   1702    3.5    322    6.9    29.9  -2.0   0.80   3.89 6295.6     0.00   0.00    0.0  0.005  0.006  0.006  0.006  0.005  0.006
01:11:53 831.92   14.4   32.1   1702    3.5    314    6.9    29.9  -2.0   0.80   3.88 6296.6     0.00   0.00    0.0  0.005  0.006  0.006  0.006  0.005  0.006
01:11:57 832.23   14.4   32.1   1699    3.4    315    6.9    29.9  -2.1   0.79   3.88 6300.6     0.00   0.00    0.0  0.005  0.006  0.006  0.006  0.005  0.006
01:11:58 831.94   14.4   32.1   1701    3.4    304    6.9    29.9  -2.1   0.79   3.88 6301.6     0.00   0.00    0.0  0.005  0.006  0.006  0.006  0.005  0.006
01:12:00 831.72   14.4   32.1   1704    3.3    290    6.9    29.9  -2.1   0.80   3.88 6303.6     0.00   0.00    0.0  0.005  0.006  0.006  0.006  0.005  0.006
01:12:02 831.65   14.4   32.2   1704    3.2    299    6.9    29.9  -2.0   0.80   3.89 6305.6     0.00   0.00    0.0  0.005  0.006  0.006  0.006  0.005  0.006
01:12:04 831.99   14.3   32.2   1701    3.2    311    6.9    29.8  -2.0   0.80   3.88 6307.6     0.00   0.00    0.0  0.005  0.006  0.006  0.006  0.005  0.006
01:12:05 831.98   14.3   32.2   1701    3.4    316    6.9    29.8  -2.1   0.79   3.86 6308.6     0.00   0.00    0.0  0.005  0.006  0.006  0.006  0.005  0.006
01:12:06 831.92   14.4   32.2   1702    3.4    309    6.9    29.9  -2.0   0.80   3.89 6309.6     0.00   0.00    0.0  0.005  0.006  0.006  0.006  0.005  0.006
01:12:08 831.55   14.3   32.2   1705    3.3    316    6.9    29.8  -2.1   0.79   3.86 6311.6     0.00   0.00    0.0  0.005  0.006  0.006  0.006  0.005  0.006
01:12:09 831.85   14.4   32.2   1702    3.3    305    6.9    29.9  -2.0   0.80   3.89 6312.6     0.00   0.00    0.0  0.005  0.006  0.006  0.006  0.005  0.006
01:12:10 831.72   14.3   32.2   1704    3.3    307    6.9    29.9  -2.0   0.80   3.89 6313.6     0.00   0.00    0.0  0.005  0.006  0.006  0.006  0.005  0.006
01:12:11 831.52   14.3   32.3   1706    3.2    308    6.9    29.8  -2.1   0.79   3.87 6314.6     0.00   0.00    0.0  0.005  0.006  0.006  0.006  0.005  0.006
01:12:12 831.90   14.4   32.2   1702    3.2    311    6.9    29.9  -2.0   0.80   3.88 6315.6     0.00   0.00    0.0  0.005  0.006  0.006  0.006  0.005  0.006
01:12:14 832.09   14.3   32.2   1700    3.1    299    6.9    29.8  -2.0   0.80   3.89 6317.6     0.00   0.00    0.0  0.005  0.006  0.006  0.006  0.005  0.006
01:12:15 831.63   14.3   32.3   1705    3.2    298    6.9    29.8  -2.1   0.79   3.88 6318.6     0.00   0.00    0.0  0.005  0.006  0.006  0.006  0.005  0.006
01:12:17 831.79   14.3   32.3   1703    3.3    308    6.9    29.9  -2.0   0.80   3.89 6320.6     0.00   0.00    0.0  0.005  0.006  0.006  0.006  0.005  0.006
01:12:18 831.62   14.3   32.3   1705    3.2    300    6.9    29.9  -2.0   0.80   3.89 6321.6     0.00   0.00    0.0  0.005  0.006  0.006  0.006  0.005  0.006
01:12:19 831.82   14.2   32.4   1703    3.2    292    6.9    29.7  -2.1   0.79   3.87 6322.6     0.00   0.00    0.0  0.005  0.006  0.006  0.006  0.005  0.006
01:12:20 831.39   14.2   32.4   1707    3.3    312    6.9    29.8  -2.0   0.80   3.89 6323.6     0.00   0.00    0.0  0.005  0.006  0.006  0.006  0.005  0.006
01:12:21 831.55   14.3   32.3   1705    3.4    313    6.9    29.9  -2.0   0.80   3.88 6324.6     0.00   0.00    0.0  0.005  0.006  0.006  0.006  0.005  0.006
01:12:22 831.67   14.3   32.2   1704    3.4    315    6.9    29.8  -2.1   0.79   3.87 6325.6     0.00   0.00    0.0  0.005  0.006  0.006  0.006  0.005  0.006
01:12:23 831.60   14.3   32.2   1705    3.3    302    6.9    29.9  -2.0   0.80   3.89 6326.6     0.00   0.00    0.0  0.005  0.006  0.006  0.006  0.005  0.006
01:12:24 831.59   14.3   32.4   1705    3.2    306    6.9    29.9  -2.0   0.80   3.91 6327.6     0.00   0.00    0.0  0.005  0.006  0.006  0.006  0.005  0.006
01:12:26 831.40   14.4   32.3   1707    3.3    322    6.9    29.9  -2.0   0.80   3.91 6329.6     0.00   0.00    0.0  0.005  0.006  0.006  0.006  0.005  0.006
01:12:27 831.35   14.3   32.3   1707    3.5    329    6.9    29.8  -2.0   0.80   3.88 6330.6     0.00   0.00    0.0  0.005  0.006  0.006  0.006  0.005  0.006
01:12:28 831.40   14.3   32.2   1707    3.5    324    6.9    29.9  -2.0   0.80   3.90 6331.6     0.00   0.00    0.0  0.005  0.006  0.006  0.006  0.005  0.006
01:12:31 831.24   14.3   32.2   1709    3.3    338    6.9    29.9  -2.1   0.80   3.88 6334.5     0.00   0.00    0.0  0.005  0.006  0.006  0.006  0.005  0.006
01:12:33 831.08   14.3   32.2   1710    3.4    334    6.9    29.9  -2.1   0.80   3.88 6336.5     0.00   0.00    0.0  0.005  0.006  0.006  0.006  0.005  0.006
01:12:34 830.94   14.3   32.2   1712    3.3    329    6.9    29.9  -2.1   0.80   3.88 6337.5     0.00   0.00    0.0  0.005  0.006  0.006  0.006  0.005  0.006
01:12:35 831.01   14.3   32.2   1711    3.2    318    6.9    29.9  -2.1   0.79   3.88 6338.5     0.00   0.00    0.0  0.005  0.006  0.006  0.006  0.005  0.006
01:12:36 830.89   14.3   32.2   1712    3.3    323    6.9    30.0  -2.0   0.80   3.89 6339.5     0.00   0.00    0.0  0.005  0.006  0.006  0.006  0.005  0.006
01:12:37 830.85   14.3   32.3   1713    3.3    322    6.9    29.9  -2.1   0.80   3.88 6340.5     0.00   0.00    0.0  0.005  0.006  0.006  0.006  0.005  0.006
01:12:39 830.78   14.3   32.3   1713    3.3    318    6.9    29.9  -2.1   0.79   3.88 6342.5     0.00   0.00    0.0  0.005  0.006  0.006  0.006  0.005  0.006
01:12:40 830.61   14.4   32.3   1715    3.3    315    6.9    30.0  -1.9   0.80   3.92 6343.5     0.00   0.00    0.0  0.005  0.006  0.006  0.006  0.005  0.006
01:12:41 830.64   14.3   32.3   1715    3.4    315    6.9    30.0  -2.0   0.80   3.91 6344.5     0.00   0.00    0.0  0.005  0.006  0.006  0.006  0.005  0.006
01:12:42 830.77   14.3   32.4   1713    3.5    316    6.9    29.9  -2.0   0.80   3.90 6345.5     0.00   0.00    0.0  0.005  0.006  0.006  0.006  0.005  0.006
01:12:43 830.57   14.3   32.4   1715    3.5    319    6.9    29.9  -2.0   0.80   3.89 6346.5     0.00   0.00    0.0  0.005  0.006  0.006  0.006  0.005  0.006
01:12:44 830.65   14.3   32.3   1715    3.6    331    6.9    29.9  -2.0   0.80   3.89 6347.5     0.00   0.00    0.0  0.005  0.006  0.006  0.006  0.005  0.006
01:12:47 830.62   14.3   32.4   1715    3.5    328    6.9    30.0  -2.0   0.80   3.91 6350.5     0.00   0.00    0.0  0.005  0.006  0.006  0.006  0.005  0.006
01:12:49 830.30   14.2   32.4   1718    3.5    334    6.9    29.9  -2.0   0.80   3.89 6352.5     0.00   0.00    0.0  0.005  0.006  0.006  0.006  0.005  0.006
01:12:50 830.43   14.2   32.4   1717    3.2    322    6.9    29.9  -2.0   0.80   3.88 6353.5     0.00   0.00    0.0  0.005  0.006  0.006  0.006  0.005  0.006
01:12:52 830.22   14.3   32.4   1719    3.1    319    6.9    30.0  -2.0   0.80   3.90 6355.5     0.00   0.00    0.0  0.005  0.006  0.006  0.006  0.005  0.006
01:12:53 830.22   14.3   32.4   1719    3.0    323    6.9    30.0  -2.0   0.80   3.90 6356.5     0.00   0.00    0.0  0.005  0.006  0.006  0.006  0.005  0.006
01:12:55 830.19   14.2   32.4   1719    3.0    323    6.9    29.9  -2.1   0.80   3.89 6358.5     0.00   0.00    0.0  0.005  0.006  0.006  0.006  0.005  0.006
01:12:56 830.16   14.3   32.4   1719    3.1    326    6.9    30.0  -2.0   0.80   3.89 6359.5     0.00   0.00    0.0  0.005  0.006  0.006  0.006  0.005  0.006
01:13:00 830.05   14.1   32.2   1721    2.9    339    6.9    29.8  -2.2   0.79   3.84 6363.5     0.00   0.00    0.0  0.005  0.006  0.006  0.006  0.005  0.006
01:13:01 830.09   14.1   32.3   1720    2.7    325    6.9    29.8  -2.2   0.79   3.84 6364.5     0.00   0.00    0.0  0.005  0.006  0.006  0.006  0.005  0.006
01:13:03 829.75   14.2   32.3   1724    2.8    329    6.9    29.9  -2.1   0.79   3.86 6366.5     0.00   0.00    0.0  0.005  0.006  0.006  0.006  0.005  0.006
01:13:04 829.86   14.2   32.3   1723    2.8    336    6.9    30.0  -2.1   0.79   3.87 6367.5     0.00   0.00    0.0  0.005  0.006  0.006  0.006  0.005  0.006
01:13:05 829.59   14.3   32.3   1725    2.9    334    6.9    30.0  -2.0   0.80   3.89 6368.5     0.00   0.00    0.0  0.005  0.006  0.006  0.006  0.005  0.006
01:13:07 829.56   14.2   32.3   1726    3.0    341    6.9    30.0  -2.1   0.79   3.87 6370.5     0.00   0.00    0.0  0.005  0.006  0.006  0.006  0.005  0.006
01:13:08 829.70   14.2   32.3   1724    3.2    344    6.9    29.9  -2.1   0.79   3.87 6371.5     0.00   0.00    0.0  0.005  0.006  0.006  0.006  0.005  0.006
01:13:09 829.42   14.2   32.3   1727    3.5    348    6.9    30.0  -2.1   0.80   3.88 6372.5     0.00   0.00    0.0  0.005  0.006  0.006  0.006  0.005  0.006
01:13:10 829.43   14.2   32.2   1727    3.5    348    6.9    30.0  -2.1   0.79   3.86 6373.5     0.00   0.00    0.0  0.005  0.006  0.006  0.006  0.005  0.006
01:13:11 829.44   14.1   32.2   1727    3.7    349    6.9    29.9  -2.2   0.79   3.84 6374.5     0.00   0.00    0.0  0.005  0.006  0.006  0.006  0.005  0.006
01:13:12 829.64   14.2   32.3   1725    3.8    352    6.9    29.9  -2.1   0.79   3.86 6375.5     0.00   0.00    0.0  0.005  0.006  0.006  0.006  0.005  0.006
01:13:14 829.40   14.1   32.3   1727    4.2    350    6.9    29.9  -2.2   0.79   3.84 6377.5     0.00   0.00    0.0  0.005  0.006  0.006  0.006  0.005  0.006
01:13:17 829.51   14.1   32.5   1726    4.8    343    6.9    29.9  -2.1   0.79   3.87 6380.5     0.00   0.00    0.0  0.005  0.006  0.006  0.006  0.005  0.006
01:13:18 829.17   14.1   32.5   1730    4.8    348    6.9    29.8  -2.1   0.79   3.86 6381.5     0.00   0.00    0.0  0.005  0.006  0.006  0.006  0.005  0.006
01:13:19 829.28   14.1   32.5   1728    4.9    348    6.9    29.9  -2.1   0.79   3.86 6382.5     0.00   0.00    0.0  0.005  0.006  0.006  0.006  0.005  0.006
01:13:20 829.42   14.1   32.6   1727    4.8    349    6.9    29.9  -2.1   0.79   3.87 6383.5     0.00   0.00    0.0  0.005  0.006  0.006  0.006  0.005  0.006
01:13:21 829.18   14.1   32.6   1729    5.1    353    6.9    29.8  -2.1   0.79   3.86 6384.5     0.00   0.00    0.0  0.005  0.006  0.006  0.006  0.005  0.006
01:13:22 829.21   14.2   32.5   1729    5.0    349    6.9    29.9  -2.0   0.80   3.89 6385.5     0.00   0.00    0.0  0.005  0.006  0.006  0.006  0.005  0.006
01:13:23 829.20   14.1   32.5   1729    5.0    351    6.9    29.9  -2.1   0.79   3.87 6386.5     0.00   0.00    0.0  0.005  0.006  0.006  0.006  0.005  0.006
01:13:24 829.28   14.1   32.6   1729    4.8    354    6.9    29.9  -2.1   0.80   3.88 6387.5     0.00   0.00    0.0  0.005  0.006  0.006  0.006  0.005  0.006
01:13:25 829.24   14.1   32.6   1729    4.6    352    6.9    29.9  -2.1   0.79   3.88 6388.5     0.00   0.00    0.0  0.005  0.006  0.006  0.006  0.005  0.006
01:13:29 829.48   14.1   32.5   1726    4.6    350    6.9    29.9  -2.1   0.79   3.87 6392.5     0.00   0.00    0.0  0.005  0.006  0.006  0.006  0.005  0.006
01:13:30 829.60   14.1   32.6   1725    4.3      1    6.9    29.8  -2.1   0.79   3.87 6393.5     0.00   0.00    0.0  0.005  0.006  0.006  0.006  0.005  0.006
01:13:32 829.49   14.1   32.7   1726    3.9    350    6.9    29.8  -2.1   0.79   3.88 6395.5     0.00   0.00    0.0  0.005  0.006  0.006  0.006  0.005  0.006
01:13:33 829.46   14.1   32.6   1727    4.0    350    6.9    29.9  -2.1   0.80   3.88 6396.5     0.00   0.00    0.0  0.005  0.006  0.006  0.006  0.005  0.006
01:13:34 829.51   14.1   32.7   1726    4.2    348    6.9    29.9  -2.0   0.80   3.89 6397.5     0.00   0.00    0.0  0.005  0.006  0.006  0.006  0.005  0.006
01:13:36 829.67   14.1   32.6   1725    4.4    347    6.9    29.9  -2.0   0.80   3.89 6399.5     0.00   0.00    0.0  0.005  0.006  0.006  0.006  0.005  0.006
01:13:37 829.36   14.1   32.7   1728    4.8    345    6.9    29.9  -2.0   0.80   3.89 6400.5     0.00   0.00    0.0  0.005  0.006  0.006  0.006  0.005  0.006
01:13:38 829.65   14.1   32.7   1725    4.9    350    6.9    29.8  -2.0   0.80   3.89 6401.5     0.00   0.00    0.0  0.005  0.006  0.006  0.006  0.005  0.006
01:13:39 829.73   14.1   32.6   1724    4.9    351    6.9    29.8  -2.1   0.80   3.88 6402.5     0.00   0.00    0.0  0.005  0.006  0.006  0.006  0.005  0.006
01:13:40 829.67   14.1   32.7   1725    4.8    350    6.9    29.9  -2.0   0.80   3.89 6403.5     0.00   0.00    0.0  0.005  0.006  0.006  0.006  0.005  0.006
01:13:42 829.68   14.1   32.6   1724    4.0    355    6.9    29.9  -2.0   0.80   3.89 6405.5     0.00   0.00    0.0  0.005  0.006  0.006  0.006  0.005  0.006
01:13:43 829.74   14.1   32.6   1724    3.8    351    6.9    29.8  -2.1   0.79   3.88 6406.5     0.00   0.00    0.0  0.005  0.006  0.006  0.006  0.005  0.006
01:13:44 829.72   14.1   32.6   1724    3.6    349    6.9    29.8  -2.1   0.79   3.88 6407.5     0.00   0.00    0.0  0.005  0.006  0.006  0.006  0.005  0.006
01:13:48 830.01   14.2   32.3   1721    2.8    343    6.9    29.9  -2.1   0.79   3.86 6411.5     0.00   0.00    0.0  0.005  0.006  0.006  0.006  0.005  0.006
01:13:49 829.81   14.2   32.3   1723    2.7    345    6.9    29.9  -2.1   0.79   3.87 6412.5     0.00   0.00    0.0  0.005  0.006  0.006  0.006  0.005  0.006
01:13:50 830.08   14.1   32.2   1720    2.4    347    6.9    29.8  -2.2   0.79   3.83 6413.5     0.00   0.00    0.0  0.005  0.006  0.006  0.006  0.005  0.006
01:13:52 830.00   14.2   32.0   1721    2.1    344    6.9    30.0  -2.2   0.79   3.83 6415.5     0.00   0.00    0.0  0.005  0.006  0.006  0.006  0.005  0.006
01:13:53 830.09   14.1   32.0   1720    1.9    344    6.9    29.8  -2.3   0.79   3.81 6416.5     0.00   0.00    0.0  0.005  0.006  0.006  0.006  0.005  0.006
01:13:54 830.09   14.2   31.9   1720    1.8    343    6.9    29.9  -2.3   0.79   3.81 6417.5     0.00   0.00    0.0  0.005  0.006  0.006  0.006  0.005  0.006
01:13:56 830.15   14.1   31.8   1720    1.6    347    6.9    29.8  -2.4   0.79   3.78 6419.5     0.00   0.00    0.0  0.005  0.006  0.006  0.006  0.005  0.006
01:13:57 830.28   14.3   31.7   1718    1.4    344    6.9    30.0  -2.3   0.79   3.82 6420.5     0.00   0.00    0.0  0.005  0.006  0.006  0.006  0.005  0.006
01:13:58 830.13   14.2   31.7   1720    1.4    332    6.9    29.9  -2.3   0.79   3.79 6421.5     0.00   0.00    0.0  0.005  0.006  0.006  0.006  0.005  0.006
01:14:00 830.48   14.1   31.7   1716    1.4    344    6.9    29.7  -2.5   0.79   3.75 6423.5     0.00   0.00    0.0  0.005  0.006  0.006  0.006  0.005  0.006
01:14:01 830.43   14.2   31.5   1717    1.4    347    6.9    29.9  -2.4   0.79   3.77 6424.5     0.00   0.00    0.0  0.005  0.006  0.006  0.006  0.005  0.006
01:14:02 830.56   14.1   31.6   1715    1.3    336    6.9    29.7  -2.5   0.79   3.73 6425.5     0.00   0.00    0.0  0.005  0.006  0.006  0.006  0.005  0.006
01:14:06 830.81   14.3   31.5   1713    1.5    350    6.9    30.0  -2.3   0.79   3.79 6429.5     0.00   0.00    0.0  0.005  0.006  0.006  0.006  0.005  0.006
01:14:07 830.93   14.1   31.5   1712    1.5    340    6.9    29.7  -2.5   0.79   3.73 6430.5     0.00   0.00    0.0  0.005  0.006  0.006  0.006  0.005  0.006
01:14:08 830.99   14.2   31.5   1711    1.4    333    6.9    29.8  -2.5   0.79   3.75 6431.5     0.00   0.00    0.0  0.005  0.006  0.006  0.006  0.005  0.006
01:14:13 831.22   14.3   31.1   1709    1.2    340    6.9    29.9  -2.5   0.79   3.73 6436.5     0.00   0.00    0.0  0.005  0.006  0.006  0.006  0.005  0.006
01:14:15 831.25   14.5   31.1   1708    1.2    337    6.9    30.1  -2.4   0.79   3.77 6438.4     0.00   0.00    0.0  0.005  0.006  0.006  0.006  0.005  0.006
01:14:16 831.16   14.4   31.0   1709    1.2    336    6.9    30.0  -2.5   0.79   3.74 6439.4     0.00   0.00    0.0  0.005  0.006  0.006  0.006  0.005  0.006
01:14:17 831.32   14.2   31.1   1708    1.2    344    6.9    29.8  -2.6   0.79   3.69 6440.4     0.00   0.00    0.0  0.005  0.006  0.006  0.006  0.005  0.006
01:14:19 831.27   14.2   31.1   1708    1.2    353    6.9    29.7  -2.7   0.79   3.68 6442.4     0.00   0.00    0.0  0.005  0.006  0.006  0.006  0.005  0.006
01:14:20 831.57   14.3   31.0   1705    1.4    353    6.9    29.9  -2.5   0.79   3.73 6443.4     0.00   0.00    0.0  0.005  0.006  0.006  0.006  0.005  0.006
01:14:21 831.55   14.4   31.0   1705    1.5    350    6.9    29.9  -2.5   0.79   3.73 6444.4     0.00   0.00    0.0  0.005  0.006  0.006  0.006  0.005  0.006
01:14:22 831.68   14.4   30.9   1704    1.7    350    6.9    29.9  -2.5   0.79   3.73 6445.4     0.00   0.00    0.0  0.005  0.006  0.006  0.006  0.005  0.006
01:14:23 831.77   14.3   31.0   1703    1.9    344    6.9    29.9  -2.5   0.79   3.72 6446.4     0.00   0.00    0.0  0.005  0.006  0.006  0.006  0.005  0.006
01:14:24 831.71   14.4   31.1   1704    2.1    345    6.9    29.9  -2.5   0.79   3.74 6447.4     0.00   0.00    0.0  0.005  0.006  0.006  0.006  0.005  0.006
01:14:25 831.71   14.4   31.0   1704    2.3    342    6.9    30.0  -2.5   0.79   3.75 6448.4     0.00   0.00    0.0  0.005  0.006  0.006  0.006  0.005  0.006
01:14:26 831.79   14.4   31.0   1703    2.4    348    6.9    29.9  -2.5   0.79   3.73 6449.4     0.00   0.00    0.0  0.005  0.006  0.006  0.006  0.005  0.006
01:14:31 832.18   14.4   31.3   1699    2.7    329    6.9    29.9  -2.3   0.79   3.79 6454.4     0.00   0.00    0.0  0.005  0.006  0.006  0.006  0.005  0.006
01:14:34 832.51   14.5   31.3   1696    2.4    324    6.9    29.9  -2.3   0.79   3.80 6457.4     0.00   0.00    0.0  0.005  0.006  0.006  0.006  0.005  0.006
01:14:38 832.68   14.5   31.5   1694    2.2    313    6.9    29.9  -2.2   0.79   3.83 6461.4     0.00   0.00    0.0  0.005  0.006  0.006  0.006  0.005  0.006
01:14:39 832.77   14.5   31.5   1693    2.1    309    6.9    29.9  -2.2   0.79   3.81 6462.4     0.00   0.00    0.0  0.005  0.006  0.006  0.006  0.005  0.006
01:14:42 832.89   14.5   31.3   1692    2.2    322    6.9    29.9  -2.3   0.79   3.80 6465.4     0.00   0.00    0.0  0.005  0.006  0.006  0.006  0.005  0.006
01:14:43 832.76   14.5   31.3   1693    2.2    327    6.9    29.9  -2.3   0.79   3.80 6466.4     0.00   0.00    0.0  0.005  0.006  0.006  0.006  0.005  0.006
01:14:45 833.02   14.5   31.3   1691    2.2    328    6.9    29.9  -2.3   0.79   3.80 6468.4     0.00   0.00    0.0  0.006  0.006  0.006  0.006  0.005  0.006
01:14:46 833.16   14.5   31.3   1689    2.2    325    6.9    29.9  -2.3   0.79   3.80 6469.4     0.00   0.00    0.0  0.005  0.006  0.006  0.006  0.005  0.006
01:14:48 833.23   14.6   31.4   1688    2.2    318    6.9    30.0  -2.2   0.79   3.83 6471.4     0.00   0.00    0.0  0.005  0.006  0.006  0.006  0.005  0.006
01:14:49 833.03   14.5   31.3   1690    2.2    323    6.9    30.0  -2.2   0.79   3.81 6472.4     0.00   0.00    0.0  0.005  0.006  0.006  0.006  0.005  0.006
01:14:50 833.17   14.6   31.2   1689    2.3    321    6.9    30.0  -2.2   0.79   3.81 6473.4     0.00   0.00    0.0  0.005  0.006  0.006  0.006  0.005  0.006
01:14:52 833.28   14.5   31.2   1688    2.2    321    6.9    29.9  -2.3   0.79   3.80 6475.4     0.00   0.00    0.0  0.005  0.006  0.006  0.006  0.005  0.006
01:14:55 833.44   14.6   31.3   1686    2.2    322    6.9    29.9  -2.2   0.79   3.81 6478.4     0.00   0.00    0.0  0.005  0.006  0.006  0.006  0.005  0.006
01:14:57 833.77   14.5   31.2   1683    2.2    326    6.9    29.9  -2.3   0.79   3.79 6480.4     0.00   0.00    0.0  0.005  0.006  0.006  0.006  0.005  0.006
01:14:58 833.57   14.6   31.2   1685    2.2    326    6.9    29.9  -2.3   0.79   3.80 6481.4     0.00   0.00    0.0  0.005  0.006  0.006  0.006  0.005  0.006
01:14:59 833.73   14.6   31.1   1683    2.2    323    6.9    29.9  -2.3   0.79   3.80 6482.4     0.00   0.00    0.0  0.005  0.006  0.006  0.006  0.005  0.006
01:15:00 833.68   14.6   31.2   1684    2.2    322    6.9    29.9  -2.2   0.79   3.81 6483.4     0.00   0.00    0.0  0.005  0.006  0.006  0.006  0.005  0.006
01:15:03 834.09   14.6   31.1   1680    2.2    326    6.9    29.9  -2.3   0.79   3.80 6486.4     0.00   0.00    0.0  0.005  0.006  0.006  0.006  0.005  0.006
01:15:04 833.95   14.6   31.2   1681    2.3    327    6.9    29.9  -2.2   0.79   3.81 6487.4     0.00   0.00    0.0  0.005  0.006  0.006  0.006  0.005  0.006
01:15:05 834.24   14.7   31.1   1678    2.2    325    6.9    30.0  -2.2   0.79   3.81 6488.4     0.00   0.00    0.0  0.005  0.006  0.006  0.006  0.005  0.006
01:15:06 834.18   14.6   31.1   1679    2.2    324    6.9    29.9  -2.2   0.79   3.80 6489.4     0.00   0.00    0.0  0.005  0.006  0.006  0.006  0.005  0.006
01:15:07 834.16   14.7   31.2   1679    2.3    319    6.9    30.0  -2.2   0.79   3.82 6490.4     0.00   0.00    0.0  0.005  0.006  0.006  0.006  0.005  0.006
01:15:08 834.27   14.7   31.2   1678    2.3    321    6.9    30.0  -2.2   0.79   3.82 6491.4     0.00   0.00    0.0  0.005  0.006  0.006  0.006  0.005  0.006
01:15:09 834.37   14.6   31.2   1677    2.4    321    6.9    29.9  -2.2   0.79   3.82 6492.4     0.00   0.00    0.0  0.005  0.006  0.006  0.006  0.005  0.006
01:15:11 834.29   14.7   31.1   1678    2.4    324    6.9    30.0  -2.2   0.79   3.83 6494.4     0.00   0.00    0.0  0.005  0.006  0.006  0.006  0.005  0.006
01:15:12 834.33   14.7   31.2   1677    2.4    321    6.9    30.0  -2.2   0.79   3.83 6495.4     0.00   0.00    0.0  0.005  0.006  0.006  0.006  0.005  0.006
01:15:16 834.52   14.7   31.1   1675    2.4    329    6.9    30.0  -2.2   0.79   3.83 6499.4     0.00   0.00    0.0  0.005  0.006  0.006  0.006  0.005  0.006
01:15:17 834.75   14.8   31.1   1673    2.3    326    6.9    30.0  -2.1   0.79   3.84 6500.4     0.00   0.00    0.0  0.005  0.006  0.006  0.006  0.005  0.006
01:15:18 834.83   14.7   31.0   1672    2.3    327    6.9    29.9  -2.2   0.79   3.81 6501.4     0.00   0.00    0.0  0.005  0.006  0.006  0.006  0.005  0.006
01:15:19 834.83   14.7   31.1   1672    2.3    320    6.9    30.0  -2.2   0.79   3.83 6502.4     0.00   0.00    0.0  0.005  0.006  0.006  0.006  0.005  0.006
01:15:20 834.63   14.8   31.1   1674    2.4    321    6.9    30.0  -2.1   0.79   3.83 6503.4     0.00   0.00    0.0  0.005  0.006  0.006  0.006  0.005  0.006
01:15:21 834.66   14.7   31.1   1674    2.4    316    6.9    30.0  -2.1   0.79   3.84 6504.4     0.00   0.00    0.0  0.006  0.006  0.006  0.006  0.005  0.006
01:15:24 834.87   14.8   31.1   1672    2.5    319    6.9    30.0  -2.1   0.79   3.84 6507.4     0.00   0.00    0.0  0.005  0.006  0.006  0.006  0.005  0.006
01:15:25 834.87   14.7   31.1   1672    2.4    318    6.9    30.0  -2.1   0.79   3.83 6508.4     0.00   0.00    0.0  0.006  0.006  0.006  0.006  0.005  0.006
01:15:26 834.93   14.7   31.1   1671    2.4    323    6.9    29.9  -2.2   0.79   3.81 6509.4     0.00   0.00    0.0  0.005  0.006  0.006  0.006  0.005  0.006
01:15:27 835.06   14.7   31.1   1670    2.4    325    6.9    29.9  -2.2   0.79   3.82 6510.4     0.00   0.00    0.0  0.005  0.006  0.006  0.006  0.005  0.006
01:15:28 835.04   14.8   31.0   1670    2.4    323    6.9    30.0  -2.2   0.79   3.82 6511.4     0.00   0.00    0.0  0.005  0.006  0.006  0.006  0.005  0.006
01:15:29 835.01   14.7   31.1   1670    2.4    331    6.9    29.9  -2.2   0.79   3.82 6512.4     0.00   0.00    0.0  0.005  0.006  0.006  0.006  0.005  0.006
01:15:33 835.20   14.8   31.1   1668    2.5    326    6.9    30.0  -2.1   0.79   3.84 6516.4     0.00   0.00    0.0  0.005  0.006  0.006  0.006  0.005  0.006
01:15:34 835.32   14.8   31.1   1667    2.5    325    6.9    30.0  -2.1   0.79   3.84 6517.4     0.00   0.00    0.0  0.005  0.006  0.006  0.006  0.005  0.006
01:15:35 835.59   14.8   31.1   1665    2.4    324    6.9    29.9  -2.1   0.79   3.83 6518.4     0.00   0.00    0.0  0.005  0.006  0.006  0.006  0.005  0.006
01:15:37 835.76   14.7   31.0   1663    2.4    326    6.9    29.8  -2.2   0.79   3.80 6520.4     0.00   0.00    0.0  0.005  0.006  0.006  0.006  0.005  0.006
01:15:38 835.39   14.8   31.0   1667    2.4    328    6.9    30.0  -2.2   0.79   3.83 6521.4     0.00   0.00    0.0  0.005  0.006  0.006  0.006  0.005  0.006
01:15:39 835.92   14.8   31.0   1661    2.5    332    6.9    29.9  -2.1   0.79   3.83 6522.4     0.00   0.00    0.0  0.005  0.006  0.006  0.006  0.005  0.006
01:15:40 835.92   14.8   30.9   1661    2.5    334    6.9    29.9  -2.2   0.79   3.81 6523.4     0.00   0.00    0.0  0.006  0.006  0.006  0.006  0.005  0.006
01:15:41 835.84   14.8   31.0   1662    2.5    338    6.9    29.9  -2.1   0.79   3.83 6524.4     0.00   0.00    0.0  0.005  0.006  0.006  0.006  0.005  0.006
01:15:42 835.78   14.8   31.0   1663    2.5    340    6.9    29.9  -2.2   0.79   3.82 6525.4     0.00   0.00    0.0  0.006  0.006  0.006  0.006  0.005  0.006
01:15:44 836.00   14.8   31.0   1660    2.5    344    6.9    30.0  -2.1   0.79   3.83 6527.4     0.00   0.00    0.0  0.005  0.006  0.006  0.006  0.005  0.006
01:15:45 835.90   14.9   31.0   1661    2.5    340    6.9    30.0  -2.1   0.79   3.85 6528.4     0.00   0.00    0.0  0.005  0.006  0.006  0.006  0.005  0.006
01:15:46 836.00   14.8   31.1   1660    2.5    334    6.9    29.9  -2.1   0.79   3.84 6529.4     0.00   0.00    0.0  0.005  0.006  0.006  0.006  0.005  0.006
01:15:47 836.14   14.9   30.9   1659    2.5    340    6.9    30.0  -2.1   0.79   3.83 6530.4     0.00   0.00    0.0  0.005  0.006  0.006  0.006  0.005  0.006
01:15:48 836.12   14.9   30.9   1659    2.5    336    6.9    30.0  -2.1   0.79   3.83 6531.4     0.00   0.00    0.0  0.005  0.006  0.006  0.006  0.005  0.006
01:15:49 836.21   14.8   30.9   1658    2.4    337    6.9    29.9  -2.2   0.79   3.82 6532.4     0.00   0.00    0.0  0.006  0.006  0.006  0.006  0.005  0.006
01:15:50 836.22   14.8   31.0   1658    2.4    335    6.9    29.9  -2.1   0.79   3.83 6533.4     0.00   0.00    0.0  0.005  0.006  0.006  0.006  0.005  0.006
01:15:51 836.29   14.9   31.0   1657    2.5    334    6.9    30.0  -2.1   0.79   3.84 6534.4     0.00   0.00    0.0  0.005  0.006  0.006  0.006  0.005  0.006
01:15:52 836.17   14.8   31.0   1659    2.5    336    6.9    29.9  -2.2   0.79   3.82 6535.4     0.00   0.00    0.0  0.005  0.006  0.006  0.006  0.005  0.006
01:15:54 836.26   14.8   30.9   1658    2.6    342    6.9    29.9  -2.1   0.79   3.83 6537.3     0.00   0.00    0.0  0.005  0.006  0.006  0.006  0.005  0.006
01:15:56 836.53   14.8   30.9   1655    2.6    341    6.9    29.9  -2.2   0.79   3.82 6539.3     0.00   0.00    0.0  0.006  0.006  0.006  0.006  0.005  0.006
01:15:57 836.54   14.9   30.9   1655    2.6    340    6.9    29.9  -2.1   0.79   3.83 6540.3     0.00   0.00    0.0  0.005  0.006  0.006  0.006  0.005  0.006
01:15:58 836.48   14.8   30.9   1656    2.6    341    6.9    29.9  -2.2   0.79   3.82 6541.3     0.00   0.00    0.0  0.006  0.006  0.006  0.006  0.005  0.006
01:15:59 836.65   14.8   30.9   1654    2.6    341    6.9    29.9  -2.2   0.79   3.81 6542.3     0.00   0.00    0.0  0.005  0.006  0.006  0.006  0.005  0.006
01:16:02 837.02   14.9   30.8   1650    2.6    346    6.9    29.9  -2.1   0.79   3.82 6545.3     0.00   0.00    0.0  0.006  0.006  0.006  0.006  0.005  0.006
01:16:03 836.86   14.9   30.8   1652    2.6    344    6.9    29.9  -2.2   0.79   3.82 6546.3     0.00   0.00    0.0  0.006  0.006  0.006  0.006  0.005  0.006
01:16:04 837.05   14.9   30.9   1650    2.7    344    6.9    30.0  -2.1   0.79   3.85 6547.3     0.00   0.00    0.0  0.006  0.006  0.006  0.006  0.005  0.006
01:16:05 836.97   14.9   30.8   1651    2.7    346    6.9    29.9  -2.2   0.79   3.82 6548.3     0.00   0.00    0.0  0.005  0.006  0.006  0.006  0.005  0.006
01:16:06 836.94   14.9   30.8   1651    2.7    346    6.9    29.9  -2.1   0.79   3.83 6549.3     0.00   0.00    0.0  0.006  0.006  0.006  0.006  0.005  0.006
01:16:08 837.19   14.9   30.7   1648    2.7    350    6.9    29.9  -2.2   0.79   3.82 6551.3     0.00   0.00    0.0  0.005  0.006  0.006  0.006  0.005  0.006
01:16:09 837.26   15.0   30.7   1648    2.7    349    6.9    30.0  -2.1   0.79   3.83 6552.3     0.00   0.00    0.0  0.005  0.006  0.006  0.006  0.005  0.006
01:16:10 837.39   14.9   30.7   1646    2.7    349    6.9    29.9  -2.1   0.79   3.82 6553.3     0.00   0.00    0.0  0.005  0.006  0.006  0.006  0.005  0.006
01:16:11 837.32   14.9   30.7   1647    2.7    349    6.9    29.9  -2.2   0.79   3.81 6554.3     0.00   0.00    0.0  0.006  0.006  0.006  0.006  0.005  0.006
01:16:12 837.18   14.9   30.7   1648    2.7    348    6.9    29.9  -2.2   0.79   3.82 6555.3     0.00   0.00    0.0  0.005  0.006  0.006  0.006  0.005  0.006
01:16:13 837.40   15.0   30.7   1646    2.6    347    6.9    30.0  -2.1   0.79   3.84 6556.3     0.00   0.00    0.0  0.005  0.006  0.006  0.006  0.005  0.006
01:16:16 837.34   15.0   30.6   1647    2.6    351    6.9    30.0  -2.1   0.79   3.83 6559.3     0.00   0.00    0.0  0.006  0.006  0.006  0.006  0.005  0.006
01:16:18 837.73   15.1   30.7   1643    2.5    345    6.9    30.0  -2.0   0.79   3.85 6561.3     0.00   0.00    0.0  0.005  0.006  0.006  0.006  0.005  0.006
01:16:19 837.65   15.0   30.7   1644    2.5    347    6.9    29.9  -2.1   0.79   3.83 6562.3     0.00   0.00    0.0  0.006  0.006  0.006  0.006  0.005  0.006
01:16:20 837.63   15.0   30.6   1644    2.5    350    6.9    29.9  -2.2   0.79   3.81 6563.3     0.00   0.00    0.0  0.005  0.006  0.006  0.006  0.005  0.006
01:16:22 837.56   15.0   30.6   1645    2.6    350    6.9    29.9  -2.2   0.79   3.81 6565.3     0.00   0.00    0.0  0.005  0.006  0.006  0.006  0.005  0.006
01:16:23 837.64   15.0   30.5   1644    2.6    350    6.9    29.9  -2.2   0.79   3.81 6566.3     0.00   0.00    0.0  0.005  0.006  0.006  0.006  0.005  0.006
01:16:26 838.10   15.0   30.6   1639    2.6    347    6.9    29.9  -2.2   0.79   3.81 6569.3     0.00   0.00    0.0  0.006  0.006  0.006  0.006  0.005  0.006
01:16:27 838.25   15.0   30.6   1638    2.6    349    6.9    30.0  -2.1   0.79   3.83 6570.3     0.00   0.00    0.0  0.006  0.006  0.006  0.006  0.005  0.006
01:16:28 838.06   15.0   30.5   1640    2.6    350    6.9    29.9  -2.1   0.79   3.82 6571.3     0.00   0.00    0.0  0.005  0.006  0.006  0.006  0.005  0.006
01:16:30 838.37   15.0   30.6   1636    2.6    347    6.9    29.9  -2.1   0.79   3.82 6573.3     0.00   0.00    0.0  0.006  0.006  0.006  0.006  0.005  0.006
01:16:31 838.44   15.0   30.6   1636    2.7    348    6.9    29.9  -2.1   0.79   3.82 6574.3     0.00   0.00    0.0  0.006  0.006  0.006  0.006  0.005  0.006
01:16:32 838.41   15.0   30.5   1636    2.6    351    6.9    29.9  -2.2   0.79   3.81 6575.3     0.00   0.00    0.0  0.006  0.006  0.006  0.006  0.005  0.006
01:16:33 838.36   15.0   30.5   1637    2.6    350    6.9    29.9  -2.2   0.79   3.81 6576.3     0.00   0.00    0.0  0.006  0.006  0.006  0.006  0.005  0.006
01:16:36 838.42   15.1   30.5   1636    2.6    349    6.9    29.9  -2.1   0.79   3.83 6579.3     0.00   0.00    0.0  0.006  0.006  0.006  0.006  0.005  0.006
01:16:37 838.50   15.1   30.5   1635    2.5    347    6.9    30.0  -2.1   0.79   3.83 6580.3     0.00   0.00    0.0  0.006  0.006  0.006  0.006  0.005  0.006
01:16:38 838.41   15.1   30.5   1636    2.5    349    6.9    29.9  -2.2   0.79   3.81 6581.3     0.00   0.00    0.0  0.006  0.006  0.006  0.006  0.005  0.006
01:16:39 838.52   15.1   30.5   1635    2.5    345    6.9    30.0  -2.1   0.79   3.84 6582.3     0.00   0.00    0.0  0.006  0.006  0.006  0.006  0.005  0.006
01:16:41 838.69   15.1   30.5   1633    2.7    343    6.9    29.9  -2.1   0.79   3.83 6584.3     0.00   0.00    0.0  0.005  0.006  0.006  0.006  0.005  0.006
01:16:43 838.71   15.0   30.5   1633    2.6    342    6.9    29.9  -2.1   0.79   3.82 6586.3     0.00   0.00    0.0  0.005  0.006  0.006  0.006  0.005  0.006
01:16:44 838.80   15.0   30.5   1632    2.6    347    6.9    29.9  -2.2   0.79   3.81 6587.3     0.00   0.00    0.0  0.005  0.006  0.006  0.006  0.005  0.006
01:16:46 838.84   15.1   30.5   1632    2.5    350    6.9    29.9  -2.1   0.79   3.82 6589.3     0.00   0.00    0.0  0.006  0.006  0.006  0.006  0.005  0.006
01:16:47 839.05   15.1   30.4   1630    2.5    352    6.9    30.0  -2.1   0.79   3.83 6590.3     0.00   0.00    0.0  0.006  0.006  0.006  0.006  0.005  0.006
01:16:48 839.14   15.1   30.5   1629    2.6    350    6.9    29.9  -2.1   0.79   3.83 6591.3     0.00   0.00    0.0  0.006  0.006  0.006  0.006  0.005  0.006
01:16:49 839.01   15.1   30.5   1630    2.6    352    6.9    29.9  -2.1   0.79   3.83 6592.3     0.00   0.00    0.0  0.006  0.006  0.006  0.006  0.005  0.006
01:16:50 839.17   15.1   30.5   1628    2.6    355    6.9    29.9  -2.1   0.79   3.82 6593.3     0.00   0.00    0.0  0.006  0.006  0.006  0.006  0.005  0.006
01:16:53 839.33   15.1   30.4   1627    2.7    355    6.9    29.9  -2.1   0.79   3.82 6596.3     0.00   0.00    0.0  0.006  0.006  0.006  0.006  0.005  0.006
01:16:54 839.27   15.2   30.4   1627    2.7    351    6.9    30.0  -2.1   0.79   3.84 6597.3     0.00   0.00    0.0  0.006  0.006  0.006  0.006  0.005  0.006
01:16:55 839.33   15.2   30.4   1627    2.6    352    6.9    30.0  -2.1   0.79   3.83 6598.3     0.00   0.00    0.0  0.006  0.006  0.006  0.006  0.005  0.006
01:16:56 839.40   15.2   30.4   1626    2.6    348    6.9    30.0  -2.1   0.79   3.83 6599.3     0.00   0.00    0.0  0.006  0.006  0.006  0.006  0.005  0.006
01:16:57 839.51   15.2   30.4   1625    2.6    350    6.9    30.0  -2.1   0.79   3.84 6600.3     0.00   0.00    0.0  0.006  0.006  0.006  0.006  0.005  0.006
01:16:58 839.26   15.1   30.3   1627    2.6    350    6.9    29.9  -2.1   0.79   3.81 6601.3     0.00   0.00    0.0  0.006  0.006  0.006  0.006  0.005  0.006
01:17:00 839.47   15.2   30.3   1625    2.5    352    6.9    30.0  -2.1   0.79   3.82 6603.3     0.00   0.00    0.0  0.006  0.006  0.006  0.006  0.005  0.006
01:17:01 839.60   15.2   30.2   1624    2.4    351    6.9    29.9  -2.2   0.79   3.80 6604.3     0.00   0.00    0.0  0.006  0.006  0.006  0.006  0.005  0.006
01:17:02 839.49   15.2   30.3   1625    2.4    348    6.9    30.0  -2.1   0.79   3.83 6605.3     0.00   0.00    0.0  0.005  0.006  0.006  0.006  0.005  0.006
01:17:04 839.73   15.2   30.2   1623    2.4    349    6.9    29.9  -2.2   0.79   3.81 6607.3     0.00   0.00    0.0  0.006  0.006  0.006  0.006  0.005  0.006
01:17:06 839.92   15.2   30.1   1621    2.4    353    6.9    29.9  -2.2   0.79   3.80 6609.3     0.00   0.00    0.0  0.006  0.006  0.006  0.006  0.005  0.006
01:17:07 840.01   15.2   30.1   1620    2.3    346    6.9    29.9  -2.2   0.79   3.80 6610.3     0.00   0.00    0.0  0.006  0.006  0.006  0.006  0.005  0.006
01:17:08 840.05   15.2   30.1   1620    2.3    346    6.9    30.0  -2.1   0.79   3.81 6611.3     0.00   0.00    0.0  0.006  0.006  0.006  0.006  0.005  0.006
01:17:09 840.11   15.2   30.1   1619    2.4    346    6.9    29.9  -2.2   0.79   3.79 6612.3     0.00   0.00    0.0  0.006  0.006  0.006  0.006  0.005  0.006
01:17:10 840.18   15.3   30.1   1618    2.4    345    6.9    30.0  -2.1   0.79   3.81 6613.3     0.00   0.00    0.0  0.006  0.006  0.006  0.006  0.005  0.006
01:17:11 840.18   15.2   30.1   1618    2.4    348    6.9    29.9  -2.2   0.79   3.79 6614.3     0.00   0.00    0.0  0.006  0.006  0.006  0.006  0.005  0.006
01:17:13 840.14   15.2   30.1   1619    2.5    354    6.9    29.9  -2.2   0.79   3.81 6616.3     0.00   0.00    0.0  0.006  0.006  0.006  0.006  0.005  0.006
01:17:15 840.10   15.1   30.1   1619    2.8    357    6.9    29.8  -2.2   0.79   3.78 6618.3     0.00   0.00    0.0  0.006  0.006  0.006  0.006  0.005  0.006
01:17:16 840.26   15.3   30.2   1617    2.6    352    6.9    30.0  -2.1   0.79   3.84 6619.3     0.00   0.00    0.0  0.006  0.006  0.006  0.006  0.005  0.006
01:17:19 840.67   15.3   30.3   1613    2.3    347    6.9    30.0  -2.0   0.79   3.85 6622.3     0.00   0.00    0.0  0.006  0.006  0.006  0.006  0.005  0.006
01:17:20 840.83   15.3   30.2   1612    2.5    350    6.9    29.9  -2.1   0.79   3.82 6623.3     0.00   0.00    0.0  0.006  0.006  0.006  0.006  0.005  0.006
01:17:21 840.51   15.2   30.2   1615    2.4    349    6.9    29.9  -2.1   0.79   3.81 6624.3     0.00   0.00    0.0  0.005  0.006  0.006  0.006  0.005  0.006
01:17:22 840.51   15.3   30.2   1615    2.3    344    6.9    30.0  -2.0   0.79   3.85 6625.3     0.00   0.00    0.0  0.006  0.006  0.006  0.006  0.005  0.006
01:17:23 840.83   15.3   30.1   1612    2.2    347    6.9    29.9  -2.1   0.79   3.82 6626.3     0.00   0.00    0.0  0.006  0.006  0.006  0.006  0.005  0.006
01:17:24 840.80   15.2   30.1   1612    2.2    346    6.9    29.8  -2.2   0.79   3.79 6627.3     0.00   0.00    0.0  0.006  0.006  0.006  0.006  0.005  0.006
01:17:25 840.91   15.3   30.1   1611    2.3    346    6.9    29.9  -2.2   0.79   3.80 6628.3     0.00   0.00    0.0  0.006  0.006  0.006  0.006  0.005  0.006
01:17:26 840.87   15.3   30.1   1611    2.3    346    6.9    29.9  -2.1   0.79   3.82 6629.3     0.00   0.00    0.0  0.006  0.006  0.006  0.006  0.005  0.006
01:17:29 840.95   15.3   30.0   1611    2.3    350    6.9    29.9  -2.2   0.79   3.79 6632.3     0.00   0.00    0.0  0.006  0.006  0.006  0.006  0.005  0.006
01:17:30 841.18   15.3   30.0   1608    2.3    351    6.9    29.9  -2.1   0.79   3.81 6633.3     0.00   0.00    0.0  0.006  0.006  0.006  0.006  0.005  0.006
01:17:32 841.12   15.3   30.0   1609    2.3    354    6.9    29.9  -2.2   0.79   3.80 6635.3     0.00   0.00    0.0  0.006  0.006  0.006  0.006  0.005  0.006
01:17:35 841.41   15.4   30.0   1606    2.2    355    6.9    30.0  -2.0   0.79   3.84 6638.2     0.00   0.00    0.0  0.006  0.006  0.006  0.006  0.005  0.006
01:17:36 841.60   15.4   29.9   1604    2.3    357    6.9    30.0  -2.1   0.79   3.81 6639.2     0.00   0.00    0.0  0.006  0.006  0.006  0.006  0.005  0.006
01:17:37 841.61   15.4   29.9   1604    2.4    356    6.9    29.9  -2.1   0.79   3.80 6640.2     0.00   0.00    0.0  0.006  0.006  0.006  0.006  0.005  0.006
01:17:39 841.73   15.4   29.9   1603    2.6    354    6.9    30.0  -2.1   0.79   3.83 6642.2     0.00   0.00    0.0  0.006  0.006  0.006  0.006  0.005  0.006
01:17:42 841.93   15.4   30.0   1601    2.7    354    6.9    30.0  -2.1   0.79   3.83 6645.2     0.00   0.00    0.0  0.006  0.006  0.006  0.006  0.005  0.006
01:17:43 841.80   15.4   30.0   1602    2.7    352    6.9    30.0  -2.0   0.79   3.84 6646.2     0.00   0.00    0.0  0.006  0.006  0.006  0.006  0.005  0.006
01:17:44 841.85   15.4   30.0   1601    2.6    354    6.9    29.9  -2.1   0.79   3.83 6647.2     0.00   0.00    0.0  0.006  0.006  0.006  0.006  0.005  0.006
01:17:46 841.98   15.4   30.2   1600    2.7    347    6.9    30.0  -1.9   0.79   3.87 6649.2     0.00   0.00    0.0  0.006  0.006  0.006  0.006  0.005  0.006
01:17:47 842.00   15.4   30.2   1600    2.8    352    6.9    29.9  -2.0   0.79   3.86 6650.2     0.00   0.00    0.0  0.006  0.006  0.006  0.006  0.005  0.006
01:17:48 842.03   15.4   30.2   1600    3.0    352    6.9    29.9  -2.0   0.79   3.86 6651.2     0.00   0.00    0.0  0.006  0.006  0.006  0.006  0.005  0.006
01:17:49 842.20   15.4   30.3   1598    3.1    348    6.9    29.9  -1.9   0.80   3.88 6652.2     0.00   0.00    0.0  0.006  0.006  0.006  0.006  0.005  0.006
01:17:50 842.31   15.4   30.3   1597    3.0    347    6.9    29.9  -1.9   0.79   3.87 6653.2     0.00   0.00    0.0  0.006  0.006  0.006  0.006  0.005  0.006
01:17:51 842.08   15.4   30.3   1599    3.0    349    6.9    30.0  -1.9   0.80   3.88 6654.2     0.00   0.00    0.0  0.006  0.006  0.006  0.006  0.005  0.006
01:17:53 842.45   15.4   30.4   1595    3.2    350    6.9    29.9  -1.9   0.80   3.88 6656.2     0.00   0.00    0.0  0.006  0.006  0.006  0.006  0.005  0.006
01:17:54 842.32   15.4   30.3   1597    3.2    352    6.9    29.9  -1.9   0.80   3.88 6657.2     0.00   0.00    0.0  0.006  0.006  0.006  0.006  0.005  0.006
01:17:55 842.61   15.4   30.3   1594    3.3    355    6.9    29.9  -1.9   0.79   3.87 6658.2     0.00   0.00    0.0  0.006  0.006  0.006  0.006  0.005  0.006
01:17:57 842.53   15.4   30.4   1595    3.8    353    6.9    29.8  -1.9   0.79   3.87 6660.2     0.00   0.00    0.0  0.006  0.006  0.006  0.006  0.005  0.006
01:17:58 842.78   15.5   30.5   1592    3.8    354    6.9    29.9  -1.8   0.80   3.91 6661.2     0.00   0.00    0.0  0.006  0.006  0.006  0.006  0.005  0.006
01:17:59 842.58   15.3   30.6   1594    3.9    359    6.9    29.7  -1.9   0.79   3.87 6662.2     0.00   0.00    0.0  0.006  0.006  0.006  0.006  0.005  0.006
01:18:00 842.77   15.4   30.6   1592    3.9    351    6.9    29.9  -1.8   0.80   3.92 6663.2     0.00   0.00    0.0  0.006  0.006  0.006  0.006  0.005  0.006
01:18:01 842.87   15.4   30.5   1591    3.9    353    6.9    29.8  -1.8   0.80   3.90 6664.2     0.00   0.00    0.0  0.006  0.006  0.006  0.006  0.005  0.006
01:18:02 842.80   15.4   30.5   1592    3.9    353    6.9    29.8  -1.8   0.80   3.90 6665.2     0.00   0.00    0.0  0.006  0.006  0.006  0.006  0.005  0.006
01:18:03 842.67   15.4   30.7   1593    4.2    353    6.9    29.9  -1.8   0.80   3.92 6666.2     0.00   0.00    0.0  0.006  0.006  0.006  0.006  0.005  0.006
01:18:04 843.00   15.4   30.7   1590    4.4    350    6.9    29.8  -1.8   0.80   3.92 6667.2     0.00   0.00    0.0  0.006  0.006  0.006  0.006  0.005  0.006
01:18:05 842.77   15.5   30.7   1592    4.3    349    6.9    29.9  -1.7   0.80   3.95 6668.2     0.00   0.00    0.0  0.006  0.006  0.006  0.006  0.005  0.006
01:18:06 842.95   15.4   30.6   1590    4.2    352    6.9    29.9  -1.7   0.80   3.93 6669.2     0.00   0.00    0.0  0.006  0.006  0.006  0.006  0.005  0.006
01:18:07 842.77   15.4   30.6   1592    4.1    347    6.9    29.9  -1.8   0.80   3.92 6670.2     0.00   0.00    0.0  0.006  0.006  0.006  0.006  0.005  0.006
01:18:10 843.26   15.4   30.7   1587    3.7    347    6.9    29.8  -1.7   0.80   3.93 6673.2     0.00   0.00    0.0  0.006  0.006  0.006  0.006  0.005  0.006
01:18:11 843.31   15.4   30.7   1587    3.5    353    6.9    29.8  -1.7   0.80   3.93 6674.2     0.00   0.00    0.0  0.006  0.006  0.006  0.006  0.005  0.006
01:18:15 843.39   15.5   30.6   1586    3.2    352    6.9    29.9  -1.7   0.80   3.94 6678.2     0.00   0.00    0.0  0.006  0.006  0.006  0.006  0.005  0.006
01:18:16 843.60   15.5   30.6   1584    3.3    348    6.9    29.9  -1.7   0.80   3.94 6679.2     0.00   0.00    0.0  0.006  0.006  0.006  0.006  0.005  0.006
01:18:17 843.88   15.5   30.5   1581    3.2    353    6.9    29.9  -1.7   0.80   3.93 6680.2     0.00   0.00    0.0  0.006  0.006  0.006  0.006  0.005  0.006
01:18:18 843.64   15.5   30.5   1583    3.2    350    6.9    29.9  -1.7   0.80   3.92 6681.2     0.00   0.00    0.0  0.006  0.006  0.006  0.006  0.005  0.006
01:18:19 843.92   15.5   30.5   1581    3.0    356    6.9    29.8  -1.8   0.80   3.92 6682.2     0.00   0.00    0.0  0.006  0.006  0.006  0.006  0.005  0.006
01:18:20 843.66   15.5   30.5   1583    3.0    355    6.9    29.9  -1.7   0.80   3.92 6683.2     0.00   0.00    0.0  0.006  0.006  0.006  0.006  0.005  0.006
01:18:21 843.80   15.5   30.5   1582    3.0    355    6.9    29.9  -1.8   0.80   3.92 6684.2     0.00   0.00    0.0  0.006  0.006  0.006  0.006  0.005  0.006
01:18:25 843.94   15.6   30.3   1580    2.9    356    6.9    29.9  -1.8   0.80   3.92 6688.2     0.00   0.00    0.0  0.006  0.006  0.006  0.006  0.005  0.006
01:18:26 844.42   15.6   30.4   1576    2.8    353    6.9    29.9  -1.7   0.80   3.93 6689.2     0.00   0.00    0.0  0.006  0.006  0.006  0.006  0.005  0.006
01:18:27 844.03   15.6   30.4   1579    2.8    351    6.9    30.0  -1.7   0.80   3.94 6690.2     0.00   0.00    0.0  0.006  0.006  0.006  0.006  0.005  0.006
01:18:28 844.31   15.6   30.3   1577    2.9    356    6.9    29.9  -1.8   0.80   3.91 6691.2     0.00   0.00    0.0  0.006  0.006  0.006  0.006  0.005  0.006
01:18:29 844.31   15.6   30.3   1577    2.9    355    6.9    29.9  -1.8   0.80   3.90 6692.2     0.00   0.00    0.0  0.006  0.006  0.006  0.006  0.005  0.006
01:18:30 844.61   15.6   30.2   1574    2.9    356    6.9    29.9  -1.8   0.80   3.90 6693.2     0.00   0.00    0.0  0.006  0.006  0.006  0.006  0.005  0.006
01:18:30 844.52   15.6   30.3   1575    2.9    356    6.9    29.9  -1.7   0.80   3.92 6694.2     0.00   0.00    0.0  0.006  0.006  0.006  0.006  0.005  0.006
01:18:31 844.60   15.6   30.2   1574    3.0    359    6.9    29.9  -1.8   0.80   3.91 6695.2     0.00   0.00    0.0  0.006  0.006  0.006  0.006  0.005  0.006
01:18:33 844.65   15.6   30.2   1573    3.1    359    6.9    29.9  -1.8   0.80   3.91 6696.2     0.00   0.00    0.0  0.006  0.006  0.006  0.006  0.005  0.006
01:18:34 844.62   15.7   30.2   1574    3.0    359    6.9    29.9  -1.7   0.80   3.92 6697.2     0.00   0.00    0.0  0.006  0.006  0.006  0.006  0.005  0.006
01:18:38 844.90   15.6   30.2   1571    3.2    356    6.9    29.9  -1.8   0.80   3.91 6701.2     0.00   0.00    0.0  0.006  0.006  0.006  0.006  0.005  0.006
01:18:39 844.88   15.6   30.2   1571    3.2    356    6.9    29.9  -1.8   0.80   3.90 6702.2     0.00   0.00    0.0  0.006  0.006  0.006  0.006  0.005  0.006
01:18:40 844.90   15.6   30.2   1571    3.1    356    6.9    29.8  -1.8   0.80   3.90 6703.2     0.00   0.00    0.0  0.006  0.006  0.006  0.006  0.005  0.006
01:18:41 845.03   15.7   30.2   1569    3.1    360    6.9    29.9  -1.8   0.80   3.91 6704.2     0.00   0.00    0.0  0.006  0.006  0.006  0.006  0.005  0.006
01:18:44 845.03   15.7   30.1   1569    3.1    358    6.9    29.9  -1.8   0.80   3.91 6707.2     0.00   0.00    0.0  0.006  0.006  0.006  0.006  0.005  0.006
01:18:45 845.33   15.7   30.1   1567    3.0    356    6.8    29.9  -1.7   0.80   3.92 6708.2     0.00   0.00    0.0  0.006  0.006  0.006  0.006  0.005  0.006
01:18:46 845.27   15.7   30.1   1567    3.0    355    6.8    29.9  -1.8   0.80   3.91 6709.2     0.00   0.00    0.0  0.006  0.006  0.006  0.006  0.005  0.006
01:18:47 845.07   15.7   30.1   1569    3.1    355    6.9    29.9  -1.8   0.80   3.90 6710.2     0.00   0.00    0.0  0.006  0.006  0.006  0.006  0.005  0.006
01:18:48 845.42   15.7   30.2   1566    3.2    354    6.9    29.9  -1.7   0.80   3.93 6711.2     0.00   0.00    0.0  0.006  0.006  0.006  0.006  0.005  0.006
01:18:49 845.44   15.7   30.1   1565    3.3    354    6.9    29.9  -1.7   0.80   3.92 6712.2     0.00   0.00    0.0  0.006  0.006  0.006  0.006  0.005  0.006
01:18:49 845.46   15.7   30.1   1565    3.3    354    6.9    29.9  -1.7   0.80   3.92 6713.2     0.00   0.00    0.0  0.006  0.006  0.006  0.006  0.005  0.006
01:18:51 845.42   15.8   30.1   1566    3.4    354    6.9    30.0  -1.7   0.80   3.93 6715.2     0.00   0.00    0.0  0.006  0.006  0.006  0.006  0.005  0.006
01:18:53 845.38   15.7   30.2   1566    3.4    351    6.8    29.9  -1.7   0.80   3.93 6716.2     0.00   0.00    0.0  0.006  0.006  0.006  0.006  0.005  0.006
01:18:54 845.58   15.7   30.2   1564    3.4    354    6.8    29.9  -1.7   0.80   3.92 6718.2     0.00   0.00    0.0  0.006  0.006  0.006  0.006  0.005  0.006
01:18:55 845.70   15.7   30.2   1563    3.3    354    6.9    29.9  -1.7   0.80   3.92 6719.2     0.00   0.00    0.0  0.006  0.006  0.006  0.006  0.005  0.006
01:18:56 845.61   15.7   30.2   1564    3.4    353    6.8    29.9  -1.7   0.80   3.93 6720.2     0.00   0.00    0.0  0.006  0.006  0.006  0.006  0.005  0.006
01:18:58 845.76   15.7   30.2   1562    3.4    351    6.9    29.9  -1.7   0.80   3.92 6722.2     0.00   0.00    0.0  0.006  0.006  0.006  0.006  0.005  0.006
01:19:00 845.82   15.8   30.2   1562    3.3    346    6.8    29.9  -1.7   0.80   3.94 6724.2     0.00   0.00    0.0  0.006  0.006  0.006  0.006  0.005  0.006
01:19:02 846.19   15.8   30.2   1558    3.3    345    6.8    29.9  -1.7   0.80   3.93 6726.2     0.00   0.00    0.0  0.006  0.006  0.006  0.006  0.005  0.006
01:19:03 846.25   15.7   30.2   1557    3.3    345    6.8    29.9  -1.7   0.80   3.93 6727.2     0.00   0.00    0.0  0.006  0.006  0.006  0.006  0.005  0.006
01:19:04 846.40   15.8   30.2   1556    3.3    343    6.9    29.9  -1.6   0.80   3.95 6728.2     0.00   0.00    0.0  0.006  0.006  0.006  0.006  0.005  0.006
01:19:05 846.13   15.8   30.1   1558    3.1    346    6.8    29.9  -1.7   0.80   3.93 6729.2     0.00   0.00    0.0  0.006  0.006  0.006  0.006  0.005  0.006
01:19:06 846.21   15.8   30.1   1558    3.0    347    6.8    29.9  -1.7   0.80   3.93 6730.2     0.00   0.00    0.0  0.006  0.006  0.006  0.006  0.005  0.006
01:19:10 846.72   15.8   30.0   1553    2.8    354    6.8    29.9  -1.7   0.80   3.92 6734.2     0.00   0.00    0.0  0.006  0.006  0.006  0.006  0.005  0.006
01:19:11 846.60   15.8   30.0   1554    2.8    356    6.8    29.9  -1.7   0.80   3.92 6735.2     0.00   0.00    0.0  0.006  0.006  0.006  0.006  0.005  0.006
01:19:12 846.81   15.9   29.9   1552    2.9    355    6.8    29.9  -1.7   0.80   3.92 6736.2     0.00   0.00    0.0  0.006  0.006  0.006  0.006  0.005  0.006
01:19:14 846.70   15.9   30.0   1553    3.0    351    6.8    29.9  -1.7   0.80   3.93 6738.1     0.00   0.00    0.0  0.006  0.006  0.006  0.006  0.005  0.006
01:19:15 846.80   15.8   29.9   1552    3.0    352    6.8    29.9  -1.7   0.80   3.91 6739.1     0.00   0.00    0.0  0.006  0.006  0.006  0.006  0.005  0.006
01:19:16 846.94   15.8   29.9   1550    3.2    353    6.8    29.9  -1.7   0.80   3.91 6740.1     0.00   0.00    0.0  0.006  0.006  0.006  0.006  0.005  0.006
01:19:17 847.09   15.9   29.9   1549    3.2    353    6.8    29.9  -1.7   0.80   3.93 6741.1     0.00   0.00    0.0  0.006  0.006  0.006  0.006  0.005  0.006
01:19:18 846.96   15.9   29.9   1550    3.1    355    6.8    29.9  -1.7   0.80   3.93 6742.1     0.00   0.00    0.0  0.006  0.006  0.006  0.006  0.005  0.006
01:19:19 846.92   15.9   29.9   1551    3.3    351    6.8    29.9  -1.7   0.80   3.93 6743.1     0.00   0.00    0.0  0.006  0.006  0.006  0.006  0.005  0.006
01:19:20 847.03   15.8   29.9   1549    3.4    357    6.8    29.9  -1.7   0.80   3.92 6744.1     0.00   0.00    0.0  0.006  0.006  0.006  0.006  0.005  0.006
01:19:23 847.06   15.8   30.0   1549    3.5    350    6.8    29.9  -1.7   0.80   3.92 6747.1     0.00   0.00    0.0  0.006  0.006  0.006  0.006  0.005  0.006
01:19:24 847.33   15.9   30.0   1546    3.5    353    6.8    29.9  -1.7   0.80   3.93 6748.1     0.00   0.00    0.0  0.006  0.006  0.006  0.006  0.005  0.006
01:19:25 847.20   15.9   30.0   1548    3.5    352    6.8    29.9  -1.7   0.80   3.93 6749.1     0.00   0.00    0.0  0.006  0.006  0.006  0.006  0.005  0.006
01:19:26 847.19   15.9   29.9   1548    3.5    350    6.8    30.0  -1.6   0.80   3.94 6750.1     0.00   0.00    0.0  0.006  0.006  0.006  0.006  0.005  0.006
01:19:27 847.37   15.9   30.0   1546    3.6    350    6.8    29.9  -1.6   0.80   3.94 6751.1     0.00   0.00    0.0  0.006  0.006  0.006  0.006  0.005  0.006
01:19:29 847.34   15.9   30.0   1546    3.5    353    6.8    29.9  -1.7   0.80   3.93 6753.1     0.00   0.00    0.0  0.006  0.006  0.006  0.006  0.005  0.006
01:19:30 847.70   15.9   29.9   1543    3.3    355    6.8    29.9  -1.7   0.80   3.93 6754.1     0.00   0.00    0.0  0.006  0.006  0.006  0.006  0.005  0.006
01:19:31 847.56   15.9   30.0   1544    3.2    356    6.8    29.9  -1.6   0.80   3.94 6755.1     0.00   0.00    0.0  0.006  0.006  0.006  0.006  0.005  0.006
01:19:32 847.52   15.9   30.0   1545    3.1    355    6.8    29.9  -1.6   0.80   3.94 6756.1     0.00   0.00    0.0  0.006  0.006  0.006  0.006  0.005  0.006
01:19:33 847.52   16.0   30.0   1545    3.1    355    6.8    30.0  -1.6   0.80   3.96 6757.1     0.00   0.00    0.0  0.006  0.006  0.006  0.006  0.005  0.006
01:19:35 847.59   15.9   29.9   1544    3.1    356    6.8    29.9  -1.6   0.80   3.94 6759.1     0.00   0.00    0.0  0.006  0.006  0.006  0.006  0.005  0.006
01:19:37 847.66   16.0   29.9   1543    3.3    349    6.8    29.9  -1.6   0.80   3.94 6761.1     0.00   0.00    0.0  0.006  0.006  0.006  0.006  0.005  0.006
01:19:38 847.87   15.9   29.9   1541    3.3    348    6.8    29.9  -1.7   0.80   3.92 6762.1     0.00   0.00    0.0  0.006  0.006  0.006  0.006  0.005  0.006
01:19:39 847.80   15.9   29.8   1542    3.3    346    6.8    29.9  -1.7   0.80   3.92 6763.1     0.00   0.00    0.0  0.006  0.006  0.006  0.006  0.005  0.006
01:19:41 847.60   15.9   29.8   1544    3.3    348    6.8    29.9  -1.7   0.80   3.93 6765.1     0.00   0.00    0.0  0.006  0.006  0.006  0.006  0.005  0.006
01:19:42 847.81   15.9   29.9   1542    3.2    344    6.8    29.9  -1.7   0.80   3.93 6766.1     0.00   0.00    0.0  0.006  0.006  0.006  0.006  0.005  0.006
01:19:43 848.01   15.9   29.9   1540    3.2    342    6.8    29.9  -1.6   0.80   3.94 6767.1     0.00   0.00    0.0  0.006  0.006  0.006  0.006  0.005  0.006
01:19:44 848.24   15.9   29.9   1537    3.1    343    6.8    29.8  -1.7   0.80   3.93 6768.1     0.00   0.00    0.0  0.006  0.006  0.006  0.006  0.005  0.006
01:19:45 848.10   16.0   29.8   1539    3.0    344    6.8    29.9  -1.7   0.80   3.93 6769.1     0.00   0.00    0.0  0.006  0.006  0.006  0.006  0.005  0.006
01:19:46 848.10   16.0   29.9   1539    2.9    340    6.8    29.9  -1.6   0.80   3.95 6770.1     0.00   0.00    0.0  0.006  0.006  0.006  0.006  0.005  0.006
01:19:47 847.97   16.0   29.9   1540    2.8    342    6.8    29.9  -1.6   0.80   3.95 6771.1     0.00   0.00    0.0  0.006  0.006  0.006  0.006  0.005  0.006
01:19:48 848.08   16.0   29.9   1539    2.8    345    6.8    30.0  -1.6   0.80   3.96 6772.1     0.00   0.00    0.0  0.006  0.006  0.006  0.006  0.005  0.006
01:19:50 848.34   15.9   29.9   1536    2.8    338    6.8    29.8  -1.7   0.80   3.93 6774.1     0.00   0.00    0.0  0.006  0.006  0.006  0.006  0.005  0.006
01:19:52 848.21   16.0   29.9   1538    2.7    343    6.8    29.9  -1.6   0.80   3.96 6776.1     0.00   0.00    0.0  0.006  0.006  0.006  0.006  0.006  0.006
01:19:53 848.76   16.0   29.8   1532    2.7    349    6.8    29.9  -1.6   0.80   3.94 6777.1     0.00   0.00    0.0  0.006  0.006  0.006  0.006  0.005  0.006
01:19:54 848.60   16.0   29.8   1534    2.7    353    6.8    29.9  -1.6   0.80   3.94 6778.1     0.00   0.00    0.0  0.006  0.006  0.006  0.006  0.005  0.006
01:19:56 848.67   16.0   29.8   1533    2.8    349    6.8    29.9  -1.6   0.80   3.94 6780.1     0.00   0.00    0.0  0.006  0.006  0.006  0.006  0.005  0.006
01:19:57 848.61   16.1   29.7   1534    2.7    347    6.8    30.0  -1.6   0.80   3.95 6781.1     0.00   0.00    0.0  0.006  0.006  0.006  0.006  0.005  0.006
01:20:00 848.76   16.0   29.6   1532    2.5    340    6.8    29.9  -1.7   0.80   3.91 6784.1     0.00   0.00    0.0  0.006  0.006  0.006  0.006  0.005  0.006
01:20:01 848.64   16.0   29.6   1533    2.4    344    6.8    29.9  -1.7   0.80   3.92 6785.1     0.00   0.00    0.0  0.006  0.006  0.006  0.006  0.005  0.006
01:20:02 849.01   16.1   29.5   1530    2.3    343    6.8    29.9  -1.7   0.80   3.91 6786.1     0.00   0.00    0.0  0.006  0.006  0.006  0.006  0.005  0.006
01:20:03 849.01   16.1   29.5   1530    2.3    343    6.8    29.9  -1.7   0.80   3.91 6787.1     0.00   0.00    0.0  0.006  0.006  0.006  0.006  0.005  0.006
01:20:04 849.03   16.1   29.4   1529    2.2    345    6.8    30.0  -1.7   0.80   3.91 6788.1     0.00   0.00    0.0  0.006  0.006  0.006  0.006  0.005  0.006
01:20:06 849.22   16.1   29.5   1528    2.3    341    6.8    29.9  -1.7   0.80   3.91 6790.1     0.00   0.00    0.0  0.006  0.006  0.006  0.006  0.005  0.006
01:20:13 849.66   16.1   29.7   1523    2.5    345    6.8    29.9  -1.6   0.80   3.95 6797.1     0.00   0.00    0.0  0.006  0.006  0.006  0.006  0.005  0.006
01:20:14 849.45   16.1   29.7   1525    2.6    345    6.8    29.9  -1.6   0.80   3.93 6798.1     0.00   0.00    0.0  0.006  0.006  0.006  0.006  0.005  0.006
01:20:15 849.56   16.0   29.7   1524    2.6    349    6.8    29.8  -1.6   0.80   3.93 6799.1     0.00   0.00    0.0  0.006  0.006  0.006  0.006  0.005  0.006
01:20:16 849.59   16.0   29.7   1524    2.7    351    6.8    29.8  -1.6   0.80   3.93 6800.1     0.00   0.00    0.0  0.006  0.006  0.006  0.006  0.005  0.006
01:20:20 849.99   16.1   29.6   1520    2.8    356    6.8    29.9  -1.6   0.80   3.92 6804.1     0.00   0.00    0.0  0.006  0.006  0.006  0.006  0.005  0.006
01:20:21 849.95   16.2   29.6   1520    2.8    356    6.8    29.9  -1.6   0.80   3.95 6805.1     0.00   0.00    0.0  0.006  0.006  0.006  0.006  0.005  0.006
01:20:22 850.09   16.2   29.5   1519    2.8    357    6.8    29.9  -1.6   0.80   3.95 6806.1     0.00   0.00    0.0  0.006  0.006  0.006  0.006  0.005  0.006
01:20:23 850.22   16.1   29.5   1517    2.8    355    6.8    29.9  -1.7   0.80   3.92 6807.1     0.00   0.00    0.0  0.006  0.006  0.006  0.006  0.005  0.006
01:20:24 850.09   16.2   29.5   1519    2.8    353    6.8    29.9  -1.6   0.80   3.94 6808.1     0.00   0.00    0.0  0.006  0.006  0.006  0.006  0.005  0.006
01:20:25 850.20   16.2   29.6   1518    2.8    352    6.8    29.9  -1.6   0.80   3.95 6809.1     0.00   0.00    0.0  0.006  0.006  0.006  0.006  0.005  0.006
01:20:26 850.24   16.2   29.5   1517    2.7    355    6.8    29.9  -1.6   0.80   3.93 6810.1     0.00   0.00    0.0  0.006  0.006  0.006  0.006  0.005  0.006
01:20:28 850.56   16.2   29.4   1514    2.6    360    6.8    29.9  -1.6   0.80   3.93 6812.1     0.00   0.00    0.0  0.006  0.006  0.006  0.006  0.006  0.006
01:20:30 850.53   16.2   29.3   1514    2.3      2    6.8    29.9  -1.7   0.80   3.91 6814.1     0.00   0.00    0.0  0.006  0.006  0.006  0.006  0.005  0.006
01:20:31 850.76   16.1   29.4   1512    2.2    355    6.8    29.8  -1.7   0.80   3.89 6815.1     0.00   0.00    0.0  0.006  0.006  0.006  0.006  0.005  0.006
01:20:32 850.81   16.2   29.4   1512    2.2    349    6.8    29.9  -1.6   0.80   3.93 6816.1     0.00   0.00    0.0  0.006  0.006  0.006  0.006  0.005  0.006
01:20:33 850.81   16.3   29.3   1512    2.2    341    6.8    30.0  -1.6   0.80   3.94 6817.1     0.00   0.00    0.0  0.006  0.006  0.006  0.006  0.005  0.006
01:20:34 850.79   16.2   29.3   1512    2.1    350    6.8    29.9  -1.7   0.80   3.91 6818.1     0.00   0.00    0.0  0.006  0.006  0.006  0.006  0.005  0.006
01:20:38 851.01   16.2   29.1   1510    2.3    358    6.8    29.9  -1.8   0.80   3.88 6822.1     0.00   0.00    0.0  0.006  0.006  0.006  0.006  0.005  0.006
01:20:39 851.07   16.3   29.1   1509    2.4    350    6.8    29.9  -1.7   0.80   3.91 6823.1     0.00   0.00    0.0  0.006  0.006  0.006  0.006  0.005  0.006
01:20:40 851.05   16.3   29.2   1509    2.4    356    6.8    30.0  -1.7   0.80   3.92 6824.1     0.00   0.00    0.0  0.006  0.006  0.006  0.006  0.005  0.006
01:20:46 851.35   16.3   29.2   1506    2.6    347    6.8    30.0  -1.6   0.80   3.92 6830.1     0.00   0.00    0.0  0.006  0.006  0.006  0.006  0.005  0.006
01:20:47 851.50   16.3   29.2   1505    2.6    351    6.8    29.9  -1.7   0.80   3.92 6831.1     0.00   0.00    0.0  0.006  0.006  0.006  0.006  0.005  0.006
01:20:48 851.61   16.3   29.2   1504    2.7    355    6.8    29.9  -1.7   0.80   3.92 6832.1     0.00   0.00    0.0  0.006  0.006  0.006  0.006  0.005  0.006
01:20:49 851.72   16.4   29.2   1503    2.7    352    6.8    30.0  -1.6   0.80   3.94 6833.1     0.00   0.00    0.0  0.006  0.006  0.006  0.006  0.005  0.006
01:20:51 851.65   16.4   29.2   1503    2.7    352    6.8    30.0  -1.6   0.80   3.94 6835.1     0.00   0.00    0.0  0.006  0.006  0.006  0.006  0.005  0.006
01:20:58 852.07   16.4   29.3   1499    2.7    339    6.8    29.9  -1.5   0.80   3.96 6842.0     0.00   0.00    0.0  0.006  0.006  0.006  0.006  0.005  0.006
01:21:02 852.47   16.4   29.3   1495    2.6    337    6.8    29.9  -1.6   0.80   3.95 6846.0     0.00   0.00    0.0  0.006  0.006  0.006  0.006  0.005  0.006
01:21:03 852.42   16.4   29.3   1496    2.7    338    6.8    29.9  -1.6   0.80   3.95 6847.0     0.00   0.00    0.0  0.006  0.006  0.006  0.006  0.006  0.006
01:21:04 852.49   16.3   29.2   1495    2.6    341    6.8    29.9  -1.6   0.80   3.94 6848.0     0.00   0.00    0.0  0.006  0.006  0.006  0.006  0.005  0.006
01:21:05 852.47   16.4   29.2   1495    2.7    345    6.8    29.9  -1.6   0.80   3.94 6849.0     0.00   0.00    0.0  0.006  0.006  0.006  0.006  0.005  0.006
01:21:09 852.65   16.4   29.2   1493    2.8    351    6.8    29.9  -1.5   0.80   3.95 6853.0     0.00   0.00    0.0  0.006  0.006  0.006  0.006  0.005  0.006
01:21:13 852.80   16.5   29.1   1492    2.8      1    6.8    30.0  -1.5   0.80   3.95 6857.0     0.00   0.00    0.0  0.006  0.006  0.006  0.006  0.005  0.006
01:21:14 852.79   16.5   29.2   1492    2.7    360    6.8    30.0  -1.5   0.80   3.97 6858.0     0.00   0.00    0.0  0.006  0.006  0.006  0.006  0.005  0.006
01:21:15 853.07   16.5   29.1   1489    2.7      1    6.8    29.9  -1.5   0.80   3.95 6859.0     0.00   0.00    0.0  0.006  0.006  0.006  0.006  0.005  0.006
01:21:16 853.13   16.5   29.2   1489    2.6    349    6.8    29.9  -1.5   0.80   3.96 6860.0     0.00   0.00    0.0  0.006  0.006  0.006  0.006  0.005  0.006
01:21:17 853.19   16.5   29.2   1488    2.6    338    6.8    30.0  -1.5   0.80   3.97 6861.0     0.00   0.00    0.0  0.006  0.006  0.006  0.006  0.005  0.006
01:21:18 853.24   16.5   29.1   1487    2.6    330    6.8    29.9  -1.5   0.80   3.95 6862.0     0.00   0.00    0.0  0.006  0.006  0.006  0.006  0.005  0.006
01:21:19 853.14   16.5   29.1   1488    2.6    338    6.8    29.9  -1.5   0.80   3.95 6863.0     0.00   0.00    0.0  0.006  0.006  0.007  0.006  0.005  0.006
01:21:20 853.30   16.5   29.0   1487    2.7    348    6.8    29.9  -1.6   0.80   3.94 6864.0     0.00   0.00    0.0  0.006  0.006  0.006  0.006  0.005  0.006
01:21:24 853.29   16.4   29.1   1487    2.6    346    6.8    29.9  -1.6   0.80   3.94 6868.0     0.00   0.00    0.0  0.006  0.006  0.006  0.006  0.006  0.006
01:21:25 853.44   16.5   29.1   1485    2.6    333    6.8    29.9  -1.5   0.80   3.95 6869.0     0.00   0.00    0.0  0.006  0.007  0.006  0.006  0.006  0.006
01:21:27 853.62   16.5   29.1   1484    2.6    323    6.8    29.9  -1.5   0.80   3.96 6871.0     0.00   0.00    0.0  0.006  0.006  0.006  0.006  0.006  0.006
01:21:29 853.73   16.5   29.1   1483    2.7    324    6.8    29.9  -1.5   0.80   3.94 6873.0     0.00   0.00    0.0  0.006  0.006  0.006  0.006  0.006  0.006
01:21:30 853.83   16.5   29.1   1482    2.8    325    6.8    29.9  -1.5   0.80   3.96 6874.0     0.00   0.00    0.0  0.006  0.007  0.006  0.006  0.005  0.006
01:21:31 853.96   16.5   29.1   1480    2.7    334    6.8    29.9  -1.5   0.80   3.95 6875.0     0.00   0.00    0.0  0.006  0.006  0.006  0.006  0.005  0.006
01:21:32 854.01   16.5   29.0   1480    2.7    341    6.8    29.9  -1.5   0.80   3.95 6876.0     0.00   0.00    0.0  0.006  0.006  0.006  0.006  0.006  0.006
01:21:34 853.86   16.5   29.1   1481    2.6    333    6.8    29.9  -1.5   0.80   3.95 6878.0     0.00   0.00    0.0  0.006  0.007  0.006  0.006  0.006  0.006
01:21:35 853.91   16.4   29.1   1481    2.7    341    6.8    29.8  -1.6   0.80   3.93 6879.0     0.00   0.00    0.0  0.006  0.006  0.006  0.006  0.006  0.006
01:21:36 853.95   16.5   29.2   1480    2.8    331    6.8    29.9  -1.5   0.80   3.97 6880.0     0.00   0.00    0.0  0.006  0.007  0.006  0.006  0.006  0.006
01:21:39 854.30   16.6   29.2   1477    2.8    317    6.8    29.9  -1.4   0.80   3.98 6883.0     0.00   0.00    0.0  0.006  0.006  0.006  0.006  0.006  0.006
01:21:40 854.17   16.6   29.3   1478    2.8    303    6.8    30.0  -1.3   0.80   4.01 6884.0     0.00   0.00    0.0  0.006  0.006  0.006  0.006  0.006  0.006
01:21:41 854.47   16.6   29.3   1475    2.8    293    6.8    29.9  -1.4   0.80   4.00 6885.0     0.00   0.00    0.0  0.006  0.006  0.006  0.006  0.006  0.006
01:21:42 854.57   16.5   29.2   1474    2.8    282    6.8    29.8  -1.5   0.80   3.97 6886.0     0.00   0.00    0.0  0.006  0.006  0.007  0.006  0.005  0.006
01:21:43 854.45   16.5   29.2   1475    2.7    311    6.8    29.9  -1.4   0.80   3.98 6887.0     0.00   0.00    0.0  0.006  0.006  0.006  0.006  0.006  0.006
01:21:45 854.76   16.6   29.1   1472    2.8    333    6.8    29.9  -1.4   0.80   3.97 6889.0     0.00   0.00    0.0  0.006  0.006  0.006  0.006  0.006  0.006
01:21:46 854.46   16.6   29.2   1475    2.8    323    6.8    29.9  -1.4   0.80   3.99 6890.0     0.00   0.00    0.0  0.006  0.007  0.007  0.006  0.005  0.006
01:21:47 854.58   16.6   29.2   1474    2.7    284    6.8    29.9  -1.4   0.80   3.98 6891.0     0.00   0.00    0.0  0.006  0.006  0.006  0.006  0.005  0.006
01:21:48 854.60   16.6   29.2   1474    2.5    273    6.8    29.9  -1.4   0.80   3.98 6892.0     0.00   0.00    0.0  0.006  0.007  0.006  0.006  0.006  0.006
01:21:50 854.52   16.6   29.1   1475    2.7    320    6.8    29.9  -1.4   0.80   3.98 6894.0     0.00   0.00    0.0  0.006  0.006  0.006  0.006  0.006  0.006
01:21:51 854.88   16.6   29.1   1471    2.8    302    6.8    29.9  -1.4   0.80   3.98 6895.0     0.00   0.00    0.0  0.006  0.007  0.006  0.006  0.006  0.006
01:21:52 854.80   16.6   29.1   1472    2.8    284    6.8    29.9  -1.4   0.80   3.99 6896.0     0.00   0.00    0.0  0.006  0.007  0.006  0.006  0.006  0.006
01:21:53 854.98   16.6   29.1   1470    2.7    291    6.8    29.9  -1.4   0.80   3.98 6897.0     0.00   0.00    0.0  0.006  0.007  0.006  0.006  0.006  0.006
01:21:54 855.19   16.7   29.0   1468    2.6    306    6.8    29.9  -1.4   0.80   3.98 6898.0     0.00   0.00    0.0  0.006  0.007  0.007  0.006  0.006  0.006
01:21:56 855.00   16.6   29.0   1470    2.5    336    6.8    29.9  -1.5   0.80   3.96 6900.0     0.00   0.00    0.0  0.006  0.007  0.006  0.006  0.006  0.006
01:21:57 855.11   16.6   29.1   1469    2.5    326    6.8    29.9  -1.4   0.80   3.98 6901.0     0.00   0.00    0.0  0.006  0.007  0.006  0.006  0.006  0.006
01:21:58 855.31   16.7   29.0   1467    2.6    340    6.8    29.9  -1.4   0.80   3.98 6902.0     0.00   0.00    0.0  0.006  0.007  0.006  0.006  0.005  0.006
01:21:59 855.28   16.6   29.0   1467    2.6    310    6.8    29.9  -1.4   0.80   3.97 6903.0     0.00   0.00    0.0  0.006  0.007  0.007  0.006  0.006  0.006
01:22:00 855.23   16.6   28.9   1468    2.4    337    6.8    29.9  -1.5   0.80   3.95 6904.0     0.00   0.00    0.0  0.006  0.006  0.006  0.006  0.006  0.006
01:22:02 855.68   16.6   28.9   1463    2.5    322    6.8    29.8  -1.5   0.80   3.94 6906.0     0.00   0.00    0.0  0.006  0.007  0.006  0.006  0.006  0.006
01:22:03 855.33   16.6   29.0   1467    2.4    346    6.8    29.9  -1.5   0.80   3.96 6907.0     0.00   0.00    0.0  0.006  0.006  0.006  0.006  0.006  0.006
01:22:04 855.60   16.7   28.9   1464    2.5    327    6.8    29.9  -1.4   0.80   3.97 6908.0     0.00   0.00    0.0  0.006  0.007  0.007  0.006  0.006  0.006
01:22:07 855.67   16.8   28.8   1463    2.5      1    6.8    30.0  -1.4   0.80   3.98 6911.0     0.00   0.00    0.0  0.006  0.007  0.007  0.006  0.006  0.006
01:22:08 855.65   16.8   28.9   1463    2.4    350    6.8    30.0  -1.4   0.80   3.98 6912.0     0.00   0.00    0.0  0.006  0.007  0.007  0.006  0.006  0.006
01:22:11 855.95   16.8   28.7   1460    2.3      3    6.8    30.0  -1.5   0.80   3.96 6915.0     0.00   0.00    0.0  0.006  0.006  0.007  0.006  0.005  0.006
01:22:12 855.86   16.8   28.6   1461    2.3      5    6.8    30.0  -1.4   0.80   3.96 6916.0     0.00   0.00    0.0  0.006  0.007  0.006  0.006  0.006  0.006
01:22:13 856.15   16.8   28.6   1458    2.3     12    6.8    30.0  -1.5   0.80   3.96 6917.0     0.00   0.00    0.0  0.006  0.007  0.006  0.006  0.005  0.006
01:22:14 856.49   16.8   28.6   1455    2.2     13    6.8    30.0  -1.5   0.80   3.95 6918.0     0.00   0.00    0.0  0.006  0.007  0.006  0.006  0.005  0.006
01:22:15 856.08   16.9   28.5   1459    2.1     12    6.8    30.0  -1.5   0.80   3.95 6919.0     0.00   0.00    0.0  0.006  0.007  0.007  0.006  0.006  0.006
01:22:16 856.26   16.9   28.5   1457    2.1     15    6.8    30.0  -1.5   0.80   3.95 6920.0     0.00   0.00    0.0  0.006  0.007  0.006  0.006  0.006  0.006
01:22:17 856.45   16.9   28.4   1455    2.1     14    6.8    30.0  -1.5   0.80   3.95 6921.0     0.00   0.00    0.0  0.006  0.007  0.006  0.006  0.006  0.006
01:22:18 856.38   16.9   28.5   1456    2.0     11    6.8    30.0  -1.5   0.80   3.94 6922.0     0.00   0.00    0.0  0.006  0.007  0.006  0.006  0.005  0.006
01:22:21 856.46   16.9   28.3   1455    2.0      7    6.8    30.1  -1.5   0.80   3.94 6925.0     0.00   0.00    0.0  0.006  0.007  0.007  0.006  0.006  0.006
01:22:23 856.74   16.9   28.2   1453    2.0     11    6.8    30.0  -1.6   0.80   3.92 6927.0     0.00   0.00    0.0  0.006  0.007  0.007  0.006  0.006  0.006
01:22:24 856.73   16.8   28.3   1453    2.0      3    6.8    29.9  -1.6   0.80   3.89 6928.0     0.00   0.00    0.0  0.006  0.007  0.007  0.006  0.006  0.006
01:22:25 856.99   16.9   28.3   1450    1.9    357    6.8    30.0  -1.6   0.80   3.92 6929.0     0.00   0.00    0.0  0.006  0.007  0.007  0.006  0.005  0.006
01:22:26 857.08   17.0   28.2   1449    2.0    357    6.8    30.1  -1.5   0.80   3.93 6930.0     0.00   0.00    0.0  0.006  0.007  0.007  0.006  0.006  0.006
01:22:27 856.75   16.9   28.1   1452    1.9      2    6.8    30.0  -1.6   0.80   3.91 6931.0     0.00   0.00    0.0  0.006  0.007  0.007  0.006  0.006  0.006
01:22:28 857.05   16.8   28.2   1450    1.8    353    6.8    29.9  -1.7   0.80   3.88 6932.0     0.00   0.00    0.0  0.006  0.007  0.006  0.006  0.006  0.006
01:22:29 857.12   16.9   28.2   1449    1.8    346    6.8    30.0  -1.6   0.80   3.92 6933.0     0.00   0.00    0.0  0.006  0.007  0.007  0.006  0.006  0.006
01:22:30 857.19   16.9   28.2   1448    1.9    335    6.8    29.9  -1.6   0.80   3.91 6934.0     0.00   0.00    0.0  0.006  0.007  0.007  0.006  0.006  0.006
01:22:31 857.22   16.8   28.1   1448    1.9    345    6.8    29.8  -1.7   0.79   3.87 6935.0     0.00   0.00    0.0  0.006  0.007  0.007  0.006  0.006  0.006
01:22:33 857.35   17.0   28.1   1447    1.9      7    6.8    30.0  -1.6   0.80   3.91 6937.0     0.00   0.00    0.0  0.006  0.007  0.007  0.006  0.006  0.006
01:22:34 857.22   16.8   28.1   1448    1.9      4    6.8    29.9  -1.7   0.80   3.88 6938.0     0.00   0.00    0.0  0.006  0.007  0.007  0.006  0.006  0.006
01:22:35 857.40   16.8   28.2   1446    1.8    347    6.8    29.8  -1.7   0.79   3.87 6939.0     0.00   0.00    0.0  0.006  0.007  0.007  0.006  0.006  0.006
01:22:36 857.58   16.9   28.2   1444    1.9    344    6.8    29.9  -1.6   0.80   3.91 6940.0     0.00   0.00    0.0  0.006  0.007  0.007  0.006  0.006  0.006
01:22:37 857.58   17.0   28.2   1444    1.9    347    6.8    30.0  -1.5   0.80   3.94 6940.9     0.00   0.00    0.0  0.006  0.007  0.007  0.006  0.006  0.006
01:22:38 857.58   17.0   28.1   1444    1.9    346    6.8    30.0  -1.6   0.80   3.92 6941.9     0.00   0.00    0.0  0.006  0.007  0.007  0.006  0.006  0.006
01:22:39 857.79   16.9   28.1   1442    1.9      1    6.8    29.9  -1.6   0.80   3.89 6942.9     0.00   0.00    0.0  0.006  0.007  0.006  0.006  0.006  0.006
01:22:40 857.67   17.0   28.1   1443    1.8    350    6.8    30.0  -1.6   0.80   3.91 6943.9     0.00   0.00    0.0  0.006  0.007  0.007  0.006  0.006  0.006
01:22:41 857.68   16.8   28.1   1443    1.8    326    6.8    29.8  -1.7   0.79   3.86 6944.9     0.00   0.00    0.0  0.006  0.007  0.007  0.006  0.006  0.006
01:22:43 857.93   17.0   28.0   1441    1.8      3    6.8    30.0  -1.6   0.80   3.90 6946.9     0.00   0.00    0.0  0.006  0.007  0.007  0.006  0.006  0.006
01:22:44 858.12   16.8   28.1   1439    1.7    345    6.8    29.7  -1.7   0.79   3.86 6947.9     0.00   0.00    0.0  0.006  0.007  0.007  0.006  0.006  0.006
01:22:45 858.04   17.1   28.0   1440    1.7    343    6.8    30.1  -1.5   0.80   3.93 6948.9     0.00   0.00    0.0  0.006  0.007  0.007  0.006  0.006  0.006
01:22:46 858.15   16.8   28.0   1439    1.7    351    6.8    29.8  -1.8   0.79   3.85 6949.9     0.00   0.00    0.0  0.006  0.007  0.007  0.006  0.006  0.006
01:22:47 858.28   16.9   27.9   1437    1.7      3    6.8    29.9  -1.7   0.79   3.86 6950.9     0.00   0.00    0.0  0.006  0.007  0.007  0.006  0.006  0.006
01:22:48 858.18   16.8   28.0   1438    1.7     48    6.8    29.7  -1.8   0.79   3.84 6951.9     0.00   0.00    0.0  0.006  0.007  0.007  0.006  0.006  0.006
01:22:51 858.35   16.8   28.0   1437    1.8     82    6.8    29.8  -1.8   0.79   3.85 6954.9     0.00   0.00    0.0  0.006  0.007  0.007  0.006  0.006  0.006
01:22:53 858.70   16.8   28.0   1433    1.7     88    6.8    29.7  -1.7   0.79   3.86 6956.9     0.00   0.00    0.0  0.006  0.007  0.007  0.006  0.006  0.006
01:22:54 858.59   16.8   28.1   1434    1.6     92    6.8    29.7  -1.7   0.79   3.86 6957.9     0.00   0.00    0.0  0.006  0.007  0.007  0.006  0.006  0.006
01:22:55 858.84   16.8   28.1   1432    1.4     93    6.8    29.7  -1.7   0.79   3.86 6958.9     0.00   0.00    0.0  0.006  0.007  0.007  0.006  0.006  0.006
01:22:56 858.96   16.8   28.2   1431    1.4     88    6.8    29.7  -1.7   0.79   3.87 6959.9     0.00   0.00    0.0  0.006  0.007  0.007  0.006  0.006  0.006
01:22:57 858.93   16.9   28.2   1431    1.4     79    6.8    29.8  -1.6   0.80   3.90 6960.9     0.00   0.00    0.0  0.006  0.007  0.007  0.006  0.006  0.006
01:22:58 858.90   17.0   28.2   1431    1.4     60    6.8    29.9  -1.5   0.80   3.93 6961.9     0.00   0.00    0.0  0.006  0.007  0.007  0.006  0.006  0.006
01:23:00 858.86   16.9   28.0   1432    1.2     42    6.8    29.8  -1.7   0.79   3.88 6963.9     0.00   0.00    0.0  0.006  0.007  0.007  0.006  0.006  0.006
01:23:02 859.25   16.9   28.0   1428    1.2     75    6.8    29.7  -1.7   0.79   3.87 6965.9     0.00   0.00    0.0  0.006  0.007  0.007  0.006  0.006  0.006
01:23:03 859.63   17.0   27.9   1424    1.1     86    6.8    29.8  -1.6   0.80   3.89 6966.9     0.00   0.00    0.0  0.006  0.007  0.007  0.006  0.006  0.006
01:23:04 859.19   17.0   27.9   1428    1.1     81    6.8    29.9  -1.6   0.80   3.90 6967.9     0.00   0.00    0.0  0.006  0.007  0.007  0.006  0.006  0.006
01:23:05 859.19   17.1   28.0   1428    0.9     61    6.8    29.9  -1.6   0.80   3.91 6968.9     0.00   0.00    0.0  0.006  0.007  0.007  0.006  0.006  0.006
01:23:08 859.59   17.0   27.8   1424    0.7     51    6.8    29.9  -1.7   0.79   3.88 6971.9     0.00   0.00    0.0  0.006  0.007  0.007  0.006  0.006  0.006
01:23:09 859.75   17.1   27.8   1423    0.6     50    6.8    29.9  -1.6   0.80   3.89 6972.9     0.00   0.00    0.0  0.006  0.007  0.007  0.006  0.006  0.006
01:23:10 859.79   17.0   27.8   1422    0.6     53    6.8    29.8  -1.7   0.79   3.86 6973.9     0.00   0.00    0.0  0.006  0.007  0.007  0.006  0.006  0.006
01:23:13 859.79   17.2   27.7   1422    0.5     52    6.8    30.0  -1.6   0.80   3.89 6976.9     0.00   0.00    0.0  0.006  0.007  0.007  0.006  0.006  0.006
01:23:14 859.68   16.9   27.8   1423    0.5     51    6.8    29.7  -1.8   0.79   3.84 6977.9     0.00   0.00    0.0  0.006  0.007  0.007  0.006  0.006  0.006
01:23:15 859.85   17.1   27.7   1422    0.4     51    6.8    29.9  -1.7   0.79   3.88 6978.9     0.00   0.00    0.0  0.006  0.007  0.007  0.006  0.006  0.006
01:23:25 860.75   17.0   28.0   1413    0.3    193    6.8    29.7  -1.6   0.80   3.90 6988.9     0.00   0.00    0.0  0.006  0.007  0.007  0.006  0.006  0.006
01:23:26 860.62   17.0   28.0   1414    0.3    208    6.8    29.7  -1.6   0.80   3.89 6989.9     0.00   0.00    0.0  0.006  0.007  0.007  0.006  0.006  0.006
01:23:28 860.98   17.0   28.0   1411    0.3    263    6.8    29.7  -1.6   0.80   3.89 6991.9     0.00   0.00    0.0  0.006  0.007  0.007  0.006  0.006  0.006
01:23:29 860.81   17.0   28.1   1412    0.4    301    6.8    29.7  -1.6   0.80   3.90 6992.9     0.00   0.00    0.0  0.006  0.007  0.007  0.006  0.006  0.006
01:23:31 861.14   17.0   28.3   1409    0.6    352    6.8    29.7  -1.4   0.80   3.95 6994.9     0.00   0.00    0.0  0.006  0.007  0.007  0.006  0.006  0.007
01:23:32 861.12   17.0   28.3   1409    0.7      5    6.8    29.7  -1.4   0.80   3.95 6995.9     0.00   0.00    0.0  0.006  0.007  0.007  0.006  0.006  0.006
01:23:33 861.02   17.1   28.3   1410    0.7     11    6.8    29.8  -1.4   0.80   3.96 6996.9     0.00   0.00    0.0  0.006  0.007  0.007  0.006  0.006  0.006
01:23:34 861.40   17.2   28.2   1406    0.7     13    6.8    29.8  -1.4   0.80   3.96 6997.9     0.00   0.00    0.0  0.006  0.007  0.007  0.006  0.006  0.006
01:23:38 861.50   17.4   27.6   1405    0.8      8    6.8    30.0  -1.5   0.80   3.93 7001.9     0.00   0.00    0.0  0.006  0.007  0.007  0.006  0.006  0.006
01:23:39 861.42   17.2   27.5   1406    0.7      4    6.8    29.8  -1.7   0.79   3.86 7002.9     0.00   0.00    0.0  0.006  0.007  0.007  0.006  0.006  0.007
01:23:41 861.57   17.3   27.4   1405    0.7      3    6.8    30.0  -1.6   0.79   3.88 7004.9     0.00   0.00    0.0  0.006  0.007  0.007  0.006  0.006  0.006
01:23:44 862.04   17.1   27.4   1400    0.5    350    6.8    29.7  -1.8   0.79   3.83 7007.9     0.00   0.00    0.0  0.006  0.007  0.007  0.006  0.006  0.007
01:23:45 861.95   17.1   27.5   1401    0.5    341    6.8    29.7  -1.7   0.79   3.84 7008.9     0.00   0.00    0.0  0.006  0.007  0.007  0.006  0.006  0.006
01:23:46 862.12   17.1   27.6   1399    0.6    332    6.8    29.7  -1.7   0.79   3.85 7009.9     0.00   0.00    0.0  0.006  0.007  0.007  0.006  0.006  0.007
01:23:48 862.06   17.1   27.8   1400    0.5    317    6.8    29.7  -1.6   0.79   3.87 7011.9     0.00   0.00    0.0  0.006  0.007  0.007  0.006  0.006  0.007
01:23:53 862.35   17.3   28.1   1397    0.3    298    6.8    29.9  -1.3   0.80   3.98 7016.9     0.00   0.00    0.0  0.006  0.007  0.007  0.006  0.006  0.006
01:23:54 862.86   17.4   28.0   1392    0.3    299    6.8    29.9  -1.2   0.80   4.00 7017.9     0.00   0.00    0.0  0.006  0.007  0.007  0.007  0.006  0.007
01:23:55 862.70   17.1   28.2   1394    0.2    307    6.8    29.6  -1.4   0.80   3.94 7018.9     0.00   0.00    0.0  0.006  0.007  0.007  0.006  0.006  0.006
01:23:56 862.69   17.4   28.2   1394    0.2    315    6.8    30.0  -1.2   0.80   4.03 7019.9     0.00   0.00    0.0  0.006  0.007  0.007  0.006  0.006  0.007
01:23:57 862.76   17.2   28.3   1393    0.1    317    6.8    29.7  -1.3   0.80   3.97 7020.9     0.00   0.00    0.0  0.006  0.007  0.007  0.006  0.006  0.006
01:23:58 862.84   17.2   28.4   1392    0.2    312    6.8    29.7  -1.2   0.80   4.01 7021.9     0.00   0.00    0.0  0.006  0.007  0.007  0.006  0.006  0.007
01:23:59 862.99   17.3   28.4   1391    0.1    303    6.8    29.8  -1.2   0.80   4.03 7022.9     0.00   0.00    0.0  0.006  0.007  0.007  0.006  0.006  0.007
01:24:00 862.90   17.5   28.6   1392    0.0    296    6.8    30.0  -0.9   0.80   4.11 7023.9     0.00   0.00    0.0  0.006  0.007  0.007  0.006  0.006  0.007
01:24:01 863.04   17.3   28.6   1390    0.0    283    6.8    29.8  -1.1   0.80   4.05 7024.9     0.00   0.00    0.0  0.006  0.007  0.007  0.007  0.006  0.007
01:24:02 862.81   17.2   28.5   1393    0.0    261    6.8    29.7  -1.2   0.80   4.02 7025.9     0.00   0.00    0.0  0.006  0.007  0.007  0.006  0.006  0.006
01:24:03 863.10   17.2   28.4   1390    0.0    233    6.8    29.7  -1.2   0.80   4.01 7026.9     0.00   0.00    0.0  0.006  0.007  0.007  0.006  0.006  0.007
01:24:04 863.26   17.2   28.4   1388    0.0    198    6.8    29.7  -1.2   0.80   4.01 7027.9     0.00   0.00    0.0  0.006  0.007  0.007  0.007  0.006  0.007
01:24:05 863.37   17.3   28.3   1387    0.0    170    6.8    29.7  -1.2   0.80   4.00 7028.9     0.00   0.00    0.0  0.006  0.007  0.007  0.006  0.006  0.006
01:24:06 863.45   17.3   28.2   1386    0.0    145    6.8    29.7  -1.2   0.80   4.00 7029.9     0.00   0.00    0.0  0.006  0.007  0.007  0.006  0.006  0.007
01:24:07 863.52   17.2   28.2   1386    0.1    119    6.8    29.7  -1.3   0.80   3.98 7030.9     0.00   0.00    0.0  0.006  0.007  0.007  0.006  0.006  0.006
01:24:08 863.47   17.3   28.1   1386    0.1    100    6.8    29.7  -1.3   0.80   3.97 7031.9     0.00   0.00    0.0  0.006  0.007  0.007  0.006  0.006  0.007
01:24:10 863.60   17.3   28.3   1385    0.2    100    6.8    29.7  -1.2   0.80   4.01 7033.9     0.00   0.00    0.0  0.006  0.007  0.007  0.006  0.006  0.006
01:24:11 863.63   17.4   28.4   1384    0.2    103    6.8    29.8  -1.1   0.80   4.04 7034.9     0.00   0.00    0.0  0.006  0.007  0.007  0.007  0.006  0.007
01:24:12 863.61   17.4   28.3   1385    0.2    106    6.8    29.8  -1.2   0.80   4.02 7035.9     0.00   0.00    0.0  0.006  0.007  0.007  0.006  0.006  0.006
01:24:13 863.60   17.3   28.1   1385    0.2    113    6.8    29.7  -1.3   0.80   3.99 7036.9     0.00   0.00    0.0  0.006  0.007  0.007  0.006  0.006  0.007
01:24:18 864.03   17.4   27.8   1380    0.1    138    6.8    29.8  -1.4   0.80   3.94 7041.8     0.00   0.00    0.0  0.006  0.007  0.007  0.006  0.006  0.007
01:24:21 864.35   17.6   27.5   1377    0.2    128    6.8    29.9  -1.3   0.80   3.96 7044.8     0.00   0.00    0.0  0.006  0.007  0.007  0.006  0.006  0.007
01:24:22 864.46   17.6   27.5   1376    0.3    127    6.8    30.0  -1.3   0.80   3.97 7045.8     0.00   0.00    0.0  0.006  0.007  0.007  0.006  0.006  0.007
01:24:23 864.34   17.5   27.4   1377    0.2    129    6.8    29.9  -1.5   0.80   3.92 7046.8     0.00   0.00    0.0  0.006  0.007  0.007  0.006  0.006  0.007
01:24:24 864.25   17.6   27.4   1378    0.4    118    6.8    30.0  -1.4   0.80   3.93 7047.8     0.00   0.00    0.0  0.006  0.007  0.007  0.006  0.006  0.007
01:24:25 864.41   17.5   27.2   1377    0.4    102    6.8    29.9  -1.5   0.80   3.90 7048.8     0.00   0.00    0.0  0.006  0.007  0.007  0.006  0.006  0.006
01:24:28 864.76   17.4   28.0   1373    0.7     58    6.8    29.7  -1.3   0.80   3.97 7051.8     0.00   0.00    0.0  0.006  0.007  0.007  0.006  0.006  0.007
01:24:29 864.85   17.3   28.2   1372    0.9     51    6.8    29.6  -1.2   0.80   4.00 7052.8     0.00   0.00    0.0  0.006  0.007  0.007  0.006  0.006  0.007
01:24:33 864.99   17.5   28.7   1371    1.7     30    6.8    29.8  -0.8   0.81   4.14 7056.8     0.00   0.00    0.0  0.006  0.007  0.007  0.006  0.006  0.007
01:24:34 865.19   17.6   28.3   1369    1.8     17    6.8    29.8  -1.0   0.80   4.07 7057.8     0.00   0.00    0.0  0.006  0.007  0.007  0.007  0.006  0.007
01:24:35 865.12   17.6   28.1   1370    1.8     24    6.8    29.9  -1.0   0.80   4.06 7058.8     0.00   0.00    0.0  0.006  0.007  0.007  0.006  0.006  0.007
01:24:36 865.31   17.7   28.0   1368    1.8     17    6.8    30.0  -1.0   0.80   4.08 7059.8     0.00   0.00    0.0  0.006  0.007  0.007  0.007  0.006  0.007
01:24:37 865.33   17.5   27.8   1368    1.8    331    6.8    29.8  -1.2   0.80   3.99 7060.8     0.00   0.00    0.0  0.006  0.007  0.007  0.006  0.006  0.007
01:24:40 865.30   17.7   27.7   1368    2.3    282    6.8    29.9  -1.2   0.80   4.01 7063.8     0.00   0.00    0.0  0.006  0.007  0.007  0.007  0.006  0.007
01:24:43 865.76   17.6   27.6   1363    2.3    141    6.8    29.8  -1.3   0.80   3.98 7066.8     0.00   0.00    0.0  0.006  0.007  0.007  0.006  0.006  0.007
01:24:44 865.68   17.7   27.6   1364    2.2     93    6.8    29.9  -1.2   0.80   4.00 7067.8     0.00   0.00    0.0  0.006  0.007  0.007  0.006  0.006  0.007
01:24:46 865.83   17.6   27.5   1363    1.9     60    6.8    29.8  -1.3   0.80   3.95 7069.8     0.00   0.00    0.0  0.006  0.007  0.007  0.007  0.006  0.006
01:24:48 866.17   17.8   27.2   1359    1.4     48    6.8    30.0  -1.3   0.80   3.97 7071.8     0.00   0.00    0.0  0.006  0.007  0.007  0.006  0.006  0.007
01:24:49 866.19   17.7   27.3   1359    1.2     46    6.8    29.9  -1.4   0.80   3.94 7072.8     0.00   0.00    0.0  0.006  0.007  0.007  0.007  0.006  0.007
01:24:50 866.22   17.5   27.3   1359    1.2     38    6.8    29.7  -1.5   0.80   3.90 7073.8     0.00   0.00    0.0  0.006  0.007  0.007  0.007  0.006  0.006
01:24:51 866.28   17.6   27.5   1358    1.2     24    6.8    29.8  -1.4   0.80   3.94 7074.8     0.00   0.00    0.0  0.006  0.007  0.007  0.006  0.006  0.007
01:24:52 866.35   17.8   27.5   1358    1.4      3    6.8    29.9  -1.2   0.80   3.99 7075.8     0.00   0.00    0.0  0.006  0.007  0.007  0.007  0.006  0.007
01:24:54 866.46   17.7   27.4   1357    1.3    103    6.8    29.8  -1.4   0.80   3.94 7077.8     0.00   0.00    0.0  0.006  0.007  0.007  0.006  0.006  0.007
01:24:55 866.31   17.6   27.3   1358    1.3    141    6.8    29.7  -1.4   0.80   3.92 7078.8     0.00   0.00    0.0  0.006  0.007  0.007  0.007  0.006  0.007
01:24:56 866.33   17.7   27.4   1358    1.8    102    6.8    29.9  -1.3   0.80   3.97 7079.8     0.00   0.00    0.0  0.006  0.007  0.007  0.007  0.006  0.007
01:24:59 866.80   17.6   27.5   1353    2.9    157    6.8    29.7  -1.3   0.80   3.95 7082.8     0.00   0.00    0.0  0.006  0.007  0.007  0.007  0.006  0.007
01:25:00 866.60   17.9   27.6   1355    2.7    331    6.8    30.1  -1.0   0.80   4.07 7083.8     0.00   0.00    0.0  0.006  0.007  0.007  0.006  0.006  0.007
01:25:01 866.82   17.7   27.4   1353    2.6    335    6.8    29.8  -1.3   0.80   3.95 7084.8     0.00   0.00    0.0  0.006  0.007  0.007  0.007  0.006  0.007
01:25:02 867.15   17.6   27.4   1350    2.4    337    6.8    29.7  -1.3   0.80   3.95 7085.8     0.00   0.00    0.0  0.006  0.007  0.007  0.007  0.006  0.007
01:25:03 867.01   17.7   27.6   1351    2.2    335    6.8    29.8  -1.2   0.80   3.98 7086.8     0.00   0.00    0.0  0.006  0.007  0.007  0.006  0.006  0.007
01:25:04 867.16   17.6   27.7   1350    2.1    337    6.8    29.7  -1.2   0.80   4.00 7087.8     0.00   0.00    0.0  0.006  0.007  0.007  0.007  0.006  0.007
01:25:05 867.22   17.6   27.8   1349    2.1    340    6.8    29.7  -1.2   0.80   4.01 7088.8     0.00   0.00    0.0  0.006  0.007  0.007  0.006  0.006  0.007
01:25:09 867.27   17.8   27.4   1349    2.2    339    6.8    29.8  -1.3   0.80   3.98 7092.8     0.00   0.00    0.0  0.006  0.007  0.007  0.006  0.006  0.007
01:25:11 867.51   17.9   27.3   1346    2.4     22    6.8    29.9  -1.2   0.80   3.99 7094.8     0.00   0.00    0.0  0.006  0.007  0.007  0.007  0.006  0.007
01:25:12 867.62   17.8   27.2   1345    2.3     37    6.8    29.8  -1.3   0.80   3.95 7095.8     0.00   0.00    0.0  0.006  0.007  0.007  0.006  0.006  0.007
01:25:13 867.74   17.8   27.2   1344    2.1     67    6.8    29.9  -1.3   0.80   3.96 7096.8     0.00   0.00    0.0  0.006  0.007  0.007  0.007  0.006  0.007
01:25:14 867.64   17.9   27.2   1345    2.1     90    6.8    29.9  -1.2   0.80   3.98 7097.8     0.00   0.00    0.0  0.006  0.007  0.007  0.006  0.006  0.007
01:25:15 867.74   17.8   27.4   1344    1.9     51    6.8    29.9  -1.2   0.80   3.99 7098.8     0.00   0.00    0.0  0.006  0.007  0.007  0.006  0.006  0.007
01:25:19 868.03   18.1   27.4   1341    1.7     51    6.8    30.1  -1.0   0.80   4.07 7102.8     0.00   0.00    0.0  0.006  0.007  0.007  0.006  0.006  0.007
01:25:20 868.13   18.1   27.3   1340    1.7     52    6.8    30.1  -1.0   0.80   4.06 7103.8     0.00   0.00    0.0  0.006  0.007  0.007  0.006  0.006  0.007
01:25:21 868.11   18.1   27.2   1340    1.7     73    6.8    30.2  -1.0   0.80   4.05 7104.8     0.00   0.00    0.0  0.006  0.007  0.007  0.006  0.006  0.006
01:25:22 868.22   18.1   27.3   1339    1.9     41    6.8    30.1  -1.0   0.80   4.06 7105.8     0.00   0.00    0.0  0.006  0.007  0.007  0.007  0.006  0.007
01:25:23 868.28   18.0   27.3   1339    1.9      4    6.8    30.0  -1.1   0.80   4.03 7106.8     0.00   0.00    0.0  0.006  0.007  0.007  0.007  0.006  0.007
01:25:25 868.37   18.0   27.1   1338    2.0     44    6.8    30.0  -1.2   0.80   4.00 7108.8     0.00   0.00    0.0  0.006  0.007  0.007  0.006  0.006  0.007
01:25:29 868.62   18.3   27.4   1335    2.5      7    6.8    30.3  -0.8   0.81   4.13 7112.8     0.00   0.00    0.0  0.006  0.007  0.007  0.006  0.006  0.006
01:25:30 868.62   18.2   27.3   1335    2.4    359    6.8    30.2  -0.9   0.80   4.08 7113.8     0.00   0.00    0.0  0.006  0.007  0.007  0.007  0.006  0.007
01:25:33 868.91   18.1   27.0   1332    2.0      9    6.8    30.1  -1.2   0.80   4.00 7116.8     0.00   0.00    0.0  0.006  0.007  0.007  0.006  0.006  0.007
01:25:34 868.95   18.0   26.9   1332    1.9     28    6.8    29.9  -1.3   0.80   3.95 7117.8     0.00   0.00    0.0  0.006  0.007  0.007  0.006  0.006  0.007
01:25:38 869.14   18.1   26.8   1330    1.7     52    6.8    30.0  -1.3   0.80   3.96 7121.8     0.00   0.00    0.0  0.006  0.007  0.007  0.006  0.006  0.006
01:25:39 869.20   18.1   27.1   1330    1.7     56    6.8    30.0  -1.2   0.80   4.00 7122.8     0.00   0.00    0.0  0.006  0.007  0.007  0.007  0.006  0.006
01:25:42 869.43   18.1   27.2   1327    1.9     71    6.8    30.0  -1.0   0.80   4.04 7125.8     0.00   0.00    0.0  0.006  0.007  0.007  0.006  0.006  0.007
01:25:43 869.64   18.1   27.5   1325    1.8     83    6.8    30.0  -0.9   0.80   4.09 7126.8     0.00   0.00    0.0  0.006  0.007  0.007  0.007  0.006  0.007
01:25:44 869.78   18.2   27.5   1324    1.8    107    6.8    30.1  -0.8   0.80   4.12 7127.8     0.00   0.00    0.0  0.006  0.007  0.007  0.006  0.006  0.007
01:25:45 869.55   18.2   26.9   1326    1.8    237    6.8    30.1  -1.1   0.80   4.01 7128.8     0.00   0.00    0.0  0.006  0.007  0.007  0.007  0.006  0.007
01:25:47 869.91   18.0   26.9   1323    1.9    303    6.8    29.8  -1.3   0.80   3.95 7130.8     0.00   0.00    0.0  0.006  0.007  0.007  0.007  0.006  0.007
01:25:49 870.06   18.2   26.7   1321    2.0    272    6.8    30.0  -1.2   0.80   3.97 7132.8     0.00   0.00    0.0  0.006  0.007  0.007  0.007  0.006  0.007
01:25:50 869.83   18.2   26.6   1323    1.9    227    6.8    30.0  -1.3   0.80   3.95 7133.8     0.00   0.00    0.0  0.006  0.007  0.007  0.007  0.006  0.007
01:25:51 869.85   18.1   26.5   1323    1.8    184    6.8    30.0  -1.4   0.80   3.93 7134.8     0.00   0.00    0.0  0.006  0.007  0.007  0.007  0.006  0.007
01:25:52 869.86   18.1   27.1   1323    1.7    139    6.8    30.0  -1.1   0.80   4.02 7135.8     0.00   0.00    0.0  0.006  0.007  0.007  0.006  0.006  0.007
01:25:53 869.86   17.9   26.7   1323    1.5     98    6.8    29.8  -1.4   0.80   3.90 7136.8     0.00   0.00    0.0  0.006  0.007  0.007  0.007  0.006  0.007
01:25:54 869.89   18.0   26.8   1323    1.4     85    6.8    29.9  -1.3   0.80   3.94 7137.8     0.00   0.00    0.0  0.006  0.007  0.007  0.007  0.006  0.007
01:25:59 869.85   18.2   26.4   1323    1.7    194    6.8    30.0  -1.4   0.80   3.91 7142.8     0.00   0.00    0.0  0.006  0.007  0.007  0.007  0.006  0.007
01:26:00 870.03   18.3   26.3   1321    1.7    191    6.8    30.1  -1.4   0.80   3.92 7143.8     0.00   0.00    0.0  0.006  0.007  0.007  0.007  0.006  0.007
01:26:02 870.22   18.4   26.7   1319    1.7    206    6.8    30.2  -1.1   0.80   4.02 7145.7     0.00   0.00    0.0  0.006  0.007  0.007  0.006  0.006  0.007
01:26:03 870.34   18.4   26.7   1318    1.7    202    6.8    30.2  -1.0   0.80   4.03 7146.7     0.00   0.00    0.0  0.006  0.007  0.007  0.006  0.006  0.007
01:26:04 870.48   18.1   26.4   1317    1.5    173    6.8    29.9  -1.5   0.80   3.89 7147.7     0.00   0.00    0.0  0.006  0.007  0.007  0.006  0.006  0.007
01:26:05 870.47   18.4   27.0   1317    1.5    155    6.8    30.2  -0.9   0.80   4.09 7148.7     0.00   0.00    0.0  0.006  0.007  0.007  0.006  0.006  0.007
01:26:06 870.15   18.7   27.8   1320    1.5    159    6.8    30.5  -0.3   0.81   4.30 7149.7     0.00   0.00    0.0  0.006  0.007  0.007  0.006  0.006  0.007
01:26:07 870.37   18.8   27.7   1318    1.4    138    6.8    30.6  -0.2   0.81   4.33 7150.7     0.00   0.00    0.0  0.006  0.007  0.007  0.007  0.006  0.007
01:26:08 869.97   18.8   28.1   1322    1.4    119    6.8    30.6  -0.0   0.81   4.40 7151.7     0.00   0.00    0.0  0.006  0.007  0.007  0.006  0.006  0.007
01:26:09 870.37   18.7   27.7   1318    1.3    126    6.8    30.5  -0.3   0.81   4.28 7152.7     0.00   0.00    0.0  0.006  0.007  0.007  0.007  0.006  0.007
01:26:10 870.47   18.3   26.8   1317    1.3    150    6.8    30.1  -1.1   0.80   4.02 7153.7     0.00   0.00    0.0  0.006  0.007  0.007  0.007  0.006  0.007
01:26:11 870.53   18.4   27.0   1316    1.4    153    6.8    30.2  -0.9   0.80   4.08 7154.7     0.00   0.00    0.0  0.006  0.007  0.007  0.007  0.006  0.007
01:26:12 870.22   18.5   27.4   1320    1.4    157    6.8    30.3  -0.6   0.81   4.17 7155.6     0.00   0.00    0.0  0.006  0.007  0.007  0.007  0.006  0.007
