jday_sn4,hour_sn4,minx_sn4,wsp_sn4,truewdir_sn4,Tsm_sn4,wu_cov_sn4,wv_cov_sn4,uv_cov_sn4,wT_cov_sn4,uT_cov_sn4,vT_cov_sn4,sigu_cov_sn4,sigv_cov_sn4,sigw_cov_sn4,sigT_cov_sn4
272,0,0,3.1521839,33.959755,23.088808,-0.080637885,0.0090828748,-0.056830913,0.015468452,-0.01275853,0.0067214793,0.74089526,0.54556812,0.45786888,0.066253673
272,0,5,3.1176062,34.214249,22.999906,-0.087669362,0.039882404,-0.12722597,0.0015591585,-0.0083171525,0.0038546923,0.85988155,0.45063501,0.31811244,0.046736316
272,0,10,3.3653888,36.501818,22.976457,0.0025587114,-0.0080609005,0.010017659,-0.0006937557,0.0050256705,0.0018810169,0.68049473,0.51452653,0.38531625,0.049549275
272,0,15,2.4956885,22.854361,22.966712,-0.025643898,-0.031526089,-0.21903075,-0.0016194613,-0.010622585,0.027324631,0.56335191,0.67697242,0.3004747,0.067724164
272,0,20,2.5543854,36.358957,22.937593,-0.012387383,0.014416294,-0.022104436,-0.0049425793,-0.0012162753,-0.0021224995,0.59662182,0.4375444,0.30419607,0.054849293
272,0,25,2.0979546,35.841681,22.869518,-0.028115953,-0.0024918411,0.054376174,-0.0063183741,0.013731818,0.0050732015,0.68904935,0.44756257,0.3307023,0.078252242
272,0,30,2.0157789,33.333886,22.848431,-0.026048751,-0.0090527721,-0.02123086,-0.0087950001,0.0081309035,-0.0051316802,0.35587741,0.41011238,0.31937346,0.076891509
272,0,35,1.2856845,27.579318,22.752395,-0.019553979,-0.015488985,-0.01971986,-0.0045647311,0.007519105,0.0046906451,0.32500026,0.35762912,0.22609678,0.10666107
272,0,40,1.3581609,12.628998,22.835238,-0.0081281562,0.0034591671,0.016540518,-0.0048243513,0.013649682,0.0053832919,0.38202966,0.31484486,0.22231233,0.09083679
272,0,45,1.2589094,24.436628,22.797152,-0.0057893168,0.0059963735,-0.0035376239,-0.0055954167,0.00846515,-0.0047283744,0.21082758,0.22188126,0.16644798,0.10193994
272,0,50,1.3104677,16.154621,22.824718,-0.0044801666,-0.010595532,-0.00026715986,-0.0045853081,0.0098308455,0.012122739,0.34384341,0.40018683,0.18049983,0.10404074
272,0,55,1.5344649,15.483554,22.846716,0.00080705442,-0.0033876395,0.0012095739,-0.0025900892,-0.0013301982,-0.00050487391,0.17965513,0.24816417,0.16979287,0.069540913
272,1,0,0.93945348,15.36651,22.783946,-0.026918541,0.0076555442,-0.018798292,-0.004644431,0.020729169,-0.004454582,0.36658369,0.22279179,0.18370523,0.1141226
272,1,5,0.543258,350.60284,22.626685,0.0013660928,0.0097224212,-0.003277545,-0.0047598663,0.0075497132,-0.021727995,0.18307914,0.21606631,0.12443211,0.1631447
272,1,10,0.71388889,315.24705,22.520676,-0.00050914806,0.0041410138,-0.010926786,-0.003875923,0.0030367387,-0.01200007,0.20449597,0.24245525,0.14598382,0.12563092
272,1,15,0.70310424,296.6711,22.447931,-0.00052018527,0.0062302674,0.011842124,-0.0018622801,-0.0091861632,-0.0067001259,0.20194108,0.1845011,0.11619334,0.15213655
272,1,20,0.90310112,285.19871,22.402827,0.012260397,0.013605784,0.015272097,-0.010102731,-0.022965034,-0.0065155136,0.2434308,0.30671594,0.16898712,0.21319998
272,1,25,0.88505512,297.18309,21.961951,0.012772472,0.00041527561,-0.069495276,-0.031388825,-0.11710439,0.091171308,0.36619848,0.27067797,0.18942935,0.52561613
272,1,30,0.8620589,298.4161,22.117267,0.0044059472,0.0085686461,-0.0098362742,-0.0077327684,-0.025984449,0.0020305939,0.27042592,0.24008187,0.16072837,0.18467427
272,1,35,1.4058888,290.56715,21.828343,0.010985341,0.0010243075,0.0017447199,-0.0099437771,-0.045254345,-8.3330329e-05,0.26559123,0.18970255,0.12306412,0.23541085
272,1,40,0.93626222,256.68307,22.113161,0.0064767397,-0.0047320832,-0.013574782,-0.0045999325,-0.012952346,0.0051584961,0.18449904,0.15956427,0.10071461,0.20126549
272,1,45,1.1739399,285.83858,21.917082,0.015897448,-0.0041053202,-0.057460671,-0.015589346,-0.098685583,0.064338908,0.37547846,0.30027051,0.19383581,0.48124351
272,1,50,1.8023901,297.51448,21.705219,0.0041384358,0.0013337435,-0.013962947,-0.007018249,-0.032254954,0.007635152,0.2365054,0.14645951,0.10763514,0.20189844
272,1,55,2.5550326,292.4932,21.447727,-0.0078999568,0.0046965694,-0.025824848,0.0022931042,-0.04409148,0.012165048,0.26579129,0.18203094,0.1162418,0.23031165
272,2,0,2.4070758,287.72891,21.492052,-0.0022612113,0.0026160927,-0.0027139993,-0.0078321459,-0.018745467,0.00072492422,0.22716999,0.11825272,0.11483107,0.24807004
272,2,5,2.7259132,288.87621,21.386399,-0.0034845313,0.0060944469,-0.013180455,0.00045817699,-0.0092673809,0.0043636216,0.22014062,0.15992224,0.12891967,0.17347486
272,2,10,2.7457159,292.29925,21.398348,-0.0020009152,0.0018843756,0.0056886337,-0.0047733844,-0.0046226409,-0.0020947053,0.21448838,0.15239317,0.14098309,0.15704998
272,2,15,2.693314,287.0042,21.532016,0.00093718374,0.0011033493,0.01028092,-0.0037414842,-0.015824842,-0.013235539,0.19139331,0.14787592,0.1066848,0.17532334
272,2,20,2.6752399,290.63216,21.344846,-0.002221309,0.0037488954,-0.0086562827,0.00078565115,-0.0098062141,0.00060911089,0.16417548,0.14152196,0.11312489,0.16635794
272,2,25,3.0693588,291.19346,21.074707,0.00033970056,-0.0016946313,-0.0073342546,-0.002624285,-0.01327136,0.00052963272,0.19797278,0.16265921,0.12110184,0.19862941
272,2,30,2.6833432,285.59767,21.273387,-0.0027155941,0.0027450604,-0.005171074,-0.0045859555,-0.010308448,0.0018154945,0.21126406,0.14217553,0.13137674,0.16734254
272,2,35,2.4440622,285.35638,21.299806,-0.00043836714,0.0018520032,-0.0063389206,-0.0063452316,-0.011899471,0.0011790458,0.17937437,0.14058732,0.1167403,0.20279469
272,2,40,2.6366345,287.40221,21.308352,0.0016108732,0.0020788174,-0.00077132719,-0.0030853836,-0.0080569891,-0.0049861876,0.17314619,0.13552339,0.11214433,0.1866931
272,2,45,2.5220217,286.54349,21.353495,0.00092413258,0.0024098306,-0.0088976619,-0.0049427446,-0.0097531724,-0.0063892768,0.20548457,0.13858508,0.10496037,0.22147913
272,2,50,2.1716551,285.07514,21.354327,1.2331406e-06,0.0014516498,-0.0047477719,-0.0032179864,-0.0081803401,0.0039044183,0.16403756,0.16455225,0.11127865,0.23497691
272,2,55,2.2750924,285.22647,21.504196,-0.00038833649,0.0058059667,-0.019976425,-0.0063020492,-0.030585906,0.011980104,0.21681672,0.19985826,0.12649702,0.35952304
272,3,0,2.2407084,289.85127,21.23027,0.0031703727,0.0020780349,-0.010959317,-0.0088093005,-0.035552949,0.0108401,0.23529012,0.14177835,0.12005738,0.31848094
272,3,5,2.4099482,292.59745,21.135884,0.0045261956,0.0041158093,-0.011597026,-0.011157143,-0.050996974,-0.0022673235,0.29612314,0.17354851,0.14480827,0.33009339
272,3,10,2.306978,289.74098,21.174634,0.0020852451,0.0019911896,-0.0088129605,-0.0090383268,-0.073908221,0.012443557,0.28330886,0.16717978,0.12791764,0.3813904
272,3,15,2.4642156,285.76724,21.095308,0.00432524,0.0022664942,-0.0088877642,-0.0072338481,-0.030332027,0.008677594,0.21029669,0.17539891,0.13380349,0.31561038
272,3,20,2.3725438,288.40321,21.181923,0.0031904724,0.0058115336,-0.013403526,-0.0078446582,-0.024615688,-0.00046655241,0.2390147,0.19623189,0.13182578,0.31957735
272,3,25,2.4959368,289.52758,21.084999,0.0051445097,0.00058677017,-0.0071342813,-0.010405949,-0.048826208,0.0014322083,0.26719444,0.18238804,0.13776037,0.34630462
272,3,30,2.7802468,290.26475,21.029214,0.0082375499,-0.00083877014,-0.0054532836,-0.0057454637,-0.011307342,-0.0047174063,0.20923601,0.17443929,0.13212755,0.21553621
272,3,35,2.75656,288.20247,20.992439,0.0056287242,-0.001544729,-0.0067216418,-0.0071197367,-0.021551228,-0.011816306,0.21723289,0.21742727,0.14244896,0.24410432
272,3,40,2.9024914,289.28273,21.049813,0.0040344373,0.0012158257,-0.00143369,-0.007847766,-0.028324055,-0.0017483595,0.24861491,0.14642974,0.1220971,0.2348703
272,3,45,2.7745231,289.80952,21.054301,0.005255057,0.0012117825,0.0026016065,-0.0070367617,-0.014380937,-0.0084713726,0.19298682,0.13887009,0.11903527,0.20346736
272,3,50,2.7943057,288.58846,21.05976,0.0023129097,0.00073893398,-0.0038764013,-0.0034623982,-0.0057016267,-0.0016611182,0.14607268,0.15594388,0.11400063,0.22603492
272,3,55,2.8014791,289.09073,20.94922,0.0023496299,0.0024527866,-0.0062400767,-0.0006481121,-0.0065590696,0.00054277537,0.18072291,0.14261049,0.098262782,0.16560554
272,4,0,2.854015,289.21181,20.984441,0.00015457112,0.0046187767,-0.011999179,-0.0026157891,-0.016629396,0.0071895754,0.18105131,0.15543144,0.10748488,0.20494753
272,4,5,2.7686383,290.13815,20.960131,-0.00047643229,0.0065061079,-0.0079406693,-0.0065191119,-0.0089827281,4.9556195e-05,0.19268643,0.15517174,0.12436798,0.19345054
272,4,10,3.1593812,288.29661,20.706023,0.0035568501,0.00018015128,-0.014203281,-0.0064738544,-0.010593325,0.0014096508,0.19995127,0.1625715,0.13339966,0.19102858
272,4,15,3.0807856,285.8594,20.737898,-0.0029226592,0.0011385182,-0.012788095,-0.0062037552,-0.0053114297,0.0016005388,0.20720637,0.15560655,0.14183159,0.15903083
272,4,20,2.8848064,283.72158,20.86987,-0.0082107054,0.0068435613,-0.011092383,-0.0056107655,-0.0035545424,0.0026475406,0.21594256,0.17696098,0.15063022,0.19140805
272,4,25,2.4602044,285.03944,20.907289,-0.012128936,0.007032885,-0.0024894791,-0.003090257,-0.0027256578,0.0031256276,0.26412547,0.19563692,0.16506315,0.16199568
272,4,30,0.84912817,5.3014737,20.097911,0.022435128,0.070107956,-0.13201194,-0.022477887,0.025089341,-0.1491286,0.45046578,0.86472067,0.29869919,0.48436202
272,4,35,0.27709668,298.40911,19.941309,0.0037221418,0.0015374214,0.01792301,-0.0049333927,-0.012191693,-0.010450451,0.25239407,0.22032636,0.20030051,0.16367531
272,4,40,0.43017732,256.63389,19.795434,0.053489434,-0.0039705691,0.083061842,-0.025376757,0.0066452489,0.21772155,0.37396591,0.60057363,0.30214016,0.48925247
272,4,45,0.96892712,285.06569,19.635834,-0.0049028298,0.0064709797,-0.033879498,0.006920772,-0.057632316,0.031219921,0.28062008,0.26060464,0.15216421,0.3991024
272,4,50,0.79562678,256.17224,19.252259,-0.0037795676,-0.0041821947,-0.021159091,0.0084796348,-0.11583195,0.055839062,0.29080807,0.21200543,0.16754049,0.56981161
272,4,55,0.88856617,296.39298,19.191667,0.0057287125,0.0040313382,-4.3443492e-05,-0.0069899899,-0.054991069,0.0079024656,0.27584768,0.23503185,0.16210747,0.30986673
272,5,0,1.5879902,290.92411,19.553885,0.010673246,0.0058240955,0.012063742,-0.0091205592,-0.054816876,-0.023393169,0.30149721,0.20750231,0.15389797,0.28341161
272,5,5,2.472938,279.62823,19.700175,0.0065339936,0.013070036,0.0073984734,-0.005619134,-0.051829268,0.0011259537,0.27987951,0.27123511,0.19839252,0.33245983
272,5,10,2.5535047,272.82017,19.993547,-0.0007121884,0.017180283,-0.012633023,-0.0054007312,0.0087625619,-0.0071286846,0.30320505,0.25666447,0.20970493,0.2427452
272,5,15,2.9383238,277.76447,19.70276,0.027158578,0.014780237,-0.0062571977,0.0206178,0.036590771,0.02935145,0.31760514,0.27250949,0.219573,0.36337389
272,5,20,3.4467419,276.17344,19.664291,0.008945486,0.0016957271,-0.025387623,-0.013861168,-0.0032023576,0.0015474984,0.2886011,0.2736872,0.17624178,0.23594089
272,5,25,3.109751,276.38458,19.881556,0.0016611929,0.01383917,-0.013829264,-0.0052076287,-0.0053180964,0.005263046,0.25665845,0.23180684,0.16975012,0.16171759
272,5,30,3.0706015,279.11202,19.672362,0.0039128552,0.022605675,-0.0259455,-0.00096632846,-0.013098857,0.018511424,0.39281309,0.28341541,0.20193796,0.22770395
272,5,35,3.0881875,278.0632,19.699411,0.0067518192,0.0080447851,-0.023423025,-0.0081768445,-0.010621838,0.005294324,0.24725496,0.24874732,0.17166402,0.19368839
272,5,40,2.8964276,280.36702,19.936153,-0.0017610678,0.0063868847,-0.014847065,-0.005724392,0.0026267755,-0.0051387294,0.25794856,0.19205987,0.14760665,0.15190385
272,5,45,2.8288272,285.64779,20.120261,0.0025687003,0.0047903382,0.0083569452,-0.009786178,-0.03006885,-0.018424265,0.23676555,0.18596296,0.14112962,0.23420469
272,5,50,3.3069219,281.90353,19.887012,0.0061925209,0.0037175566,-0.011876444,-0.0067093063,-0.0091985152,-0.0066252508,0.23883271,0.18581774,0.14116498,0.19384415
272,5,55,3.1751136,287.56529,19.850822,-0.0020224049,0.0077879678,0.010578504,-0.0053021601,0.0015650126,-0.0016928955,0.27944863,0.18291578,0.18379553,0.17997894
272,6,0,3.1213283,289.96645,19.77935,0.0011781195,0.0081362364,-0.0070638813,-0.0043620084,0.0048975522,0.0017800134,0.23796941,0.20267418,0.167119,0.24431819
272,6,5,3.0031432,290.32986,19.820014,0.012903342,-0.0015252813,-0.0046892396,-0.00073079104,-0.025939449,-0.029647524,0.26016277,0.22378997,0.16007346,0.33242493
272,6,10,3.4159133,292.24685,20.064758,0.0037788797,0.00041434386,-0.0061737513,-0.0086137012,-0.027264634,0.0090392317,0.24607236,0.20801369,0.1541847,0.2190885
272,6,15,2.7959277,297.18558,20.168845,-0.0038693282,0.0018767637,-0.0092007757,-0.0031976098,-0.0097538966,0.0029403477,0.187682,0.20593161,0.12796982,0.22100546
272,6,20,2.5343911,289.71626,20.251482,0.00098250641,0.0036180961,0.0036394274,-0.0054487988,-0.0093547191,-0.0086880387,0.16060962,0.16020745,0.11024752,0.19384562
272,6,25,2.4145728,291.73664,20.478324,-7.4130957e-05,0.00015574841,0.0060871781,-0.0065971565,-0.021418553,-0.0078619093,0.19711249,0.14145839,0.097030431,0.19973352
272,6,30,2.1508593,283.62911,20.609698,0.0061996148,0.0010760377,0.0035049735,-0.0094248498,-0.025679623,-0.011604706,0.16447193,0.12616645,0.090105411,0.25453558
272,6,35,1.6303592,283.04006,20.476973,0.0043220076,-0.00078695457,-0.021798576,-0.003688929,-0.027196895,0.01082894,0.2640859,0.15754299,0.090728779,0.237161
272,6,40,2.4093388,295.47314,19.88016,0.0047563982,-0.0005611236,0.0015251499,-0.0046147902,-0.038127686,-0.0094721782,0.23665663,0.18507092,0.12183642,0.27218778
272,6,45,2.5013617,301.26354,19.839787,-0.0075945823,0.0080310911,0.006947447,0.0021801031,-0.011232823,0.0034133105,0.22484253,0.16769797,0.15025629,0.18251102
272,6,50,2.2503018,304.67593,19.786547,0.0049996443,0.00067375607,-0.0011129008,-0.00088738022,-0.0085988779,-0.0054322649,0.24345783,0.15406697,0.10861596,0.23289605
272,6,55,1.9419415,281.11265,20.015606,0.020664727,0.00062555641,-0.019551435,0.00065403899,-0.0038176951,-0.017875874,0.3956334,0.23241692,0.18157457,0.23621238
272,7,0,1.0040093,277.31171,19.883453,0.011455308,-0.014000935,-0.030041849,-0.0013937969,0.02196413,-0.0099719712,0.29303497,0.25911416,0.18787956,0.19044806
272,7,5,1.5820682,282.404,19.499997,0.039622282,-0.011889182,-0.029183336,-0.017877534,-0.061356817,0.021334595,0.47415012,0.28985267,0.21154218,0.28563134
272,7,10,1.527698,289.52021,19.285225,-0.0013100918,0.0086644504,0.000681671,0.0017948048,-0.068455732,0.013137662,0.37001511,0.36014998,0.23902963,0.33610053
272,7,15,1.9193246,289.34398,19.261254,7.7468767e-05,0.0069587685,-0.023444649,-0.0017196366,-0.099977426,0.021381402,0.43070333,0.23592541,0.14987405,0.3544861
272,7,20,2.1290088,301.60813,19.391717,0.007609661,-0.0098699678,-0.025945144,-0.0045655743,-0.036505973,0.019964424,0.28726866,0.29474012,0.17146755,0.31728798
272,7,25,2.6537099,307.25278,19.118797,0.0094415263,0.0018143891,-0.0004247451,-0.013504713,-0.030102582,0.0003851398,0.25578765,0.24103596,0.16687768,0.29303177
272,7,30,2.8202672,298.5028,18.937781,0.0071054798,-0.005197108,-0.087802838,-0.018180116,-0.033630123,0.0023243087,0.52784752,0.41194515,0.2309891,0.41806975
272,7,35,3.487305,299.13687,19.017502,0.0074964772,-0.0010218408,-0.04023694,-0.027897467,0.00046474734,-0.0055914289,0.52459216,0.43158635,0.31570812,0.41389003
272,7,40,2.7850158,290.16222,19.258352,0.034589297,0.010649871,-0.096571707,-0.033149728,-0.091413035,0.0449782,0.66321909,0.50543303,0.36967844,0.39921674
272,7,45,1.8699208,230.45121,20.182857,-0.030369112,-0.0084232722,-0.013014066,-0.030995512,0.064321882,0.077791166,0.56165548,0.62082805,0.30108563,0.47402843
272,7,50,2.6801394,226.52935,20.874036,-0.0031440994,-0.023328634,0.031011707,-0.024494867,0.053608633,0.034894377,0.64771832,0.53223586,0.33689395,0.23134919
272,7,55,3.6641357,241.22057,20.614559,0.037486766,-0.035188749,-0.10718224,-0.03781495,0.0097850892,0.050634952,0.64708931,0.50986424,0.35484845,0.29588027
272,8,0,3.3373467,249.06757,20.280842,0.032177331,-0.016701848,-0.064547436,-0.027014831,-0.0034940568,0.069668689,0.58531174,0.49560221,0.33401477,0.32834633
272,8,5,3.2888681,262.56338,20.341129,0.032156333,-0.0054071384,-0.026120345,-0.021232249,0.034541252,0.043658973,0.53843573,0.57701872,0.30217463,0.33475653
272,8,10,3.0190254,263.65964,20.243305,-0.0032473284,0.0013949715,0.0065473434,-0.0098914975,0.026691081,-0.0042291223,0.27433695,0.30846853,0.16996694,0.30536938
272,8,15,2.8252285,262.26641,20.683953,0.021989155,0.0091142864,0.06008457,-0.0082405139,0.007371847,0.028521548,0.38555533,0.33042731,0.18189462,0.29424305
272,8,20,2.3736017,265.67127,20.563742,0.01227469,0.017775064,-0.011265948,0.0094194272,-0.013826568,0.042565329,0.31649817,0.30159118,0.18516033,0.37174865
272,8,25,2.7897265,280.98818,20.503573,-0.0083053915,0.0064896116,-0.00065560788,-0.013844476,-0.024169439,-0.026357664,0.27398917,0.32629056,0.19350742,0.5102906
272,8,30,2.9988252,268.79096,20.19761,-0.0068753408,0.015367424,-0.039144528,0.023913333,0.0028320414,-0.012782188,0.36963025,0.37520063,0.20627977,0.38079201
272,8,35,2.5617705,259.70815,20.429448,0.0078225089,-0.054650327,-0.095925008,0.00016124882,0.010017771,0.021344417,0.52331758,0.81675761,0.29398483,0.44569214
272,8,40,2.7394538,258.52924,20.220961,-0.020821197,-7.2220482e-05,0.019304191,-0.078135414,0.056849882,0.067767558,0.59799116,0.53493888,0.32056053,0.67473531
272,8,45,2.7041355,248.41384,20.562428,0.03162999,-0.021217029,-0.13536691,-0.06697321,0.079470406,0.036533902,0.554504,0.49572355,0.34092051,0.65591026
272,8,50,2.8162769,235.05262,21.211606,0.010101773,-0.013379021,-0.046755793,-0.030959279,0.012963505,0.05506269,0.53454596,0.5884214,0.36186316,0.27879705
272,8,55,3.1698081,227.69708,21.478492,0.0027659608,-0.063336499,-0.083226743,-0.028020847,0.0405711,0.083856952,0.76150793,0.86921404,0.41164511,0.27568061
272,9,0,2.6116367,245.02808,21.111495,0.0050073441,-0.041468663,-0.092780574,-0.038920561,-0.0095065555,0.031809111,0.52045721,0.54543273,0.35215791,0.30062904
272,9,5,3.2506315,254.0311,21.15634,0.024858162,-0.016933031,-0.063860796,-0.015153034,0.0056725777,-0.024358076,0.49298144,0.46175098,0.31561161,0.25551714
272,9,10,2.7269279,251.42974,21.149012,0.02541976,-0.045072706,-0.051419243,-0.029507042,-0.011669866,0.032273705,0.46734786,0.45085943,0.31606092,0.29983104
272,9,15,2.6865573,248.84816,21.006165,-0.018626411,-0.01194853,-0.089448115,-0.016015815,-0.0099204844,0.036148873,0.59114348,0.48699429,0.30804295,0.36321279
272,9,20,2.6199366,261.20312,20.69024,0.012126669,-0.0033808033,-0.046374811,-0.0068885046,-0.034025404,0.0016547001,0.36070451,0.40955782,0.20560564,0.3155377
272,9,25,2.1809033,255.66569,20.859007,-0.040074077,0.031094361,-0.12533593,-0.016560699,0.022357105,-0.01256667,0.52640339,0.49133125,0.2531886,0.27399876
272,9,30,1.9636159,244.82529,19.873656,-0.010593801,-0.0084863323,-0.035501356,-0.054773459,0.22944499,0.016871389,0.49071703,0.27117952,0.2298676,0.7786462
272,9,35,2.6251631,253.33374,20.879652,0.0039225593,0.01531195,0.0031751885,-0.016122462,-0.0044164621,-9.6891737e-05,0.33358811,0.34080755,0.22352197,0.20221804
272,9,40,2.6999508,258.32343,20.831472,0.0014855965,0.01533804,0.001820833,-0.0059074071,-0.0045908119,-0.022666981,0.23382638,0.29008187,0.18383833,0.21627125
272,9,45,2.7146551,253.92568,20.928669,-0.013814311,-0.0064720563,-0.0089231248,-0.022540452,0.0030639045,0.0028631768,0.38380528,0.30347558,0.2397802,0.22673354
272,9,50,1.1139008,225.78365,18.831176,-0.014729386,0.022471603,-0.15570169,0.038694313,0.56301925,-0.28426506,0.57013808,0.43880256,0.27975591,1.4069204
272,9,55,0.35989219,126.03181,17.114409,0.0060252354,0.017436925,0.063017898,-0.0084508053,-0.10306245,-0.081796235,0.3356717,0.32327295,0.23190892,0.73391427
272,10,0,0.4044672,299.16364,16.783427,-0.01418503,0.0051895232,-0.0013952444,-0.029770628,-0.009184167,-0.12265475,0.19032423,0.26893589,0.18515806,0.66524738
272,10,5,1.9221839,252.69721,20.211859,0.024058333,0.018878952,0.041531398,0.031860998,0.1682118,0.10703119,0.41229356,0.31262749,0.23981204,0.74223418
272,10,10,2.2468554,253.39422,20.81574,-0.0030459905,0.005106383,-0.0072247243,-0.0085405607,-0.014973924,-0.0024393394,0.32258171,0.34134889,0.1891943,0.2412991
272,10,15,0.48018871,194.21634,17.649482,-0.029259235,0.046785405,-0.23362789,-0.03072498,0.26384901,-0.6802231,0.43165487,0.70847381,0.19480665,1.221847
272,10,20,0.60321224,149.28523,15.600623,0.0043565509,0.0023423876,-0.0062790568,-0.0031039955,-0.015490529,-0.00057945111,0.19256286,0.16734421,0.092764252,0.13143257
272,10,25,0.28877475,174.21187,16.046732,0.0010197658,0.00088589556,0.0025086936,-0.0018249246,-0.0063963172,0.00070210072,0.12144241,0.11766416,0.056721262,0.20133901
272,10,30,0.1230621,1.5772082,17.177187,0.0071607839,-0.0016946693,-0.01949056,0.016383704,0.044306039,-0.027884688,0.20678409,0.16956729,0.11816128,0.34481716
272,10,35,0.28973584,280.6127,17.331152,0.014652574,0.00077160481,0.001967563,-0.031397475,-0.085730661,-0.017422577,0.43910866,0.21831501,0.19136662,0.63306611
272,10,40,0.8087463,292.02975,18.021678,0.0017368804,-0.0054070854,-0.017503416,-0.005994019,-0.084634416,-0.056385868,0.38387134,0.2741019,0.15012847,0.57867437
272,10,45,0.40925465,233.01537,17.117556,0.0082906294,0.0030390945,-0.0019417617,0.0068239208,-0.0035666757,-0.0025947225,0.16969975,0.3104887,0.16439141,0.29810172
272,10,50,0.083954348,92.956263,16.976306,0.010109146,-0.0046814345,-0.015491417,0.025573571,-0.0018377957,-0.0050956178,0.20697053,0.18907683,0.22584215,0.31194272
272,10,55,1.5481035,304.20376,18.287679,-0.00067162942,-0.0036537564,-0.02803201,0.010326149,-0.042920742,0.0049838808,0.31858444,0.24146207,0.17391605,0.34535081
272,11,0,2.0605066,305.18969,19.46558,-0.00064908278,-0.002133113,0.0048792458,-0.0041973672,-0.015973529,-0.0087268578,0.20355847,0.16715362,0.13975906,0.27634793
272,11,5,2.1867575,300.32932,19.431376,0.012194525,0.007201289,-0.019449064,-0.01675875,-0.044531508,-0.041343145,0.27194483,0.33252556,0.13901008,0.36723107
272,11,10,0.96239525,322.66441,18.042692,0.0089636353,0.0042176038,0.19647465,-0.026377021,0.09354871,0.12348431,0.45786865,0.53365731,0.24543847,0.41737039
272,11,15,0.3466483,16.841072,16.992516,0.0044607616,0.0082041282,-0.0054669388,-0.0028742196,-0.011171222,-0.046707176,0.17807654,0.28025448,0.13378544,0.31517296
272,11,20,0.50132237,335.17168,17.736251,4.3166113e-05,-0.00087879673,0.0051166379,-0.0048143365,0.0068448242,-0.0087182231,0.14775119,0.20151822,0.13484512,0.16939614
272,11,25,1.3925789,310.86923,17.11804,0.0034168486,-0.014751861,-0.0033935952,0.015063292,-0.010244827,-0.16544592,0.29050476,0.44497486,0.20752845,0.57456488
272,11,30,1.4567815,286.25934,17.381768,0.0015583357,0.00065851289,-0.00085204341,-0.00075850094,-0.019837341,-0.0076928931,0.26225441,0.1703277,0.16179395,0.20209967
272,11,35,1.6152514,273.86096,17.879664,0.0069526925,0.0091118838,-0.039240672,-0.0073421608,-0.059781072,0.022614097,0.32374802,0.2452455,0.15151004,0.27302126
272,11,40,1.498368,290.7641,17.973854,0.011078859,0.004609098,-0.0044490898,-0.0048161784,-0.0032737881,-0.022377821,0.30024104,0.19344002,0.13673598,0.31432805
272,11,45,1.0459057,349.43537,17.912892,-0.0019854235,-0.026165312,0.021941001,0.0049437835,-0.011543049,-0.0070496989,0.18781729,0.43656209,0.15571553,0.21465509
272,11,50,0.56987354,275.44715,17.542345,0.0025277202,0.0017442338,-0.010363449,-0.0093549023,-0.03101058,0.012913035,0.26203272,0.14827122,0.12335971,0.25034766
272,11,55,0.86280022,260.44894,17.876707,-0.00035343839,0.00048131924,-0.00060422472,-0.00044850568,-0.0024194857,-0.0013761334,0.081203684,0.068225396,0.0699775,0.10970987
272,12,0,1.4466673,285.58256,17.955179,0.0068005015,-0.00041557614,-0.024341575,-0.0091009849,-0.083006969,0.01129457,0.32535187,0.1505432,0.088634777,0.32033771
272,12,5,1.6883138,292.85706,18.075448,0.0027091636,0.0003996473,-0.0012170729,-0.006005068,-0.031177002,-0.0028157929,0.16012428,0.11125241,0.095371095,0.342049
272,12,10,1.6316771,295.79185,17.86671,0.0073910114,0.0051955396,0.0045897515,-0.0035884751,-0.072471527,0.0041167047,0.33396216,0.20909057,0.14050433,0.39737336
272,12,15,1.8961301,291.49871,18.190591,0.011662724,-0.0021268449,-0.015125918,-0.00086719409,-0.010087048,-0.0029988212,0.26622428,0.15591507,0.12894575,0.32563442
272,12,20,1.8276205,293.68479,18.737368,0.047168412,0.01930772,0.022384531,-0.023807536,-0.085013642,-0.039324334,0.40845649,0.27696056,0.20640494,0.3567302
272,12,25,1.9716037,290.51553,18.303477,0.0043347172,0.0039322039,0.010729595,-0.0014793341,-0.03443175,-0.013256818,0.22735984,0.16369795,0.12660475,0.25365975
272,12,30,1.4829628,290.90666,18.4392,0.029831779,-0.0044440196,-0.02251719,0.0061683005,-0.012596508,0.0091747756,0.23472927,0.21198637,0.21189815,0.29751921
272,12,35,0.89361385,269.11517,18.161343,-0.010501928,-0.00092952059,0.0046969951,0.022100572,-0.058664788,-0.0062538218,0.29843917,0.17883045,0.16797608,0.35089553
272,12,40,0.47258985,299.61983,17.440283,0.0079785047,0.0062987714,-0.0025183836,-0.01138054,-0.021112516,-0.0090298662,0.23499596,0.19706004,0.14197006,0.25955545
272,12,45,0.75242232,281.31897,17.02256,0.019471179,-0.0026753391,-0.019742499,-0.016252133,-0.076527723,0.0022382937,0.41495089,0.24243921,0.18565446,0.315348
272,12,50,1.7313977,285.38258,17.384104,0.018847109,-0.0010118197,-0.025975843,-0.0043385423,-0.014069749,-0.0015970046,0.35537484,0.19783323,0.17568773,0.18243273
272,12,55,1.6800297,278.67624,17.163842,0.0187758,-0.0066520465,-0.033924249,0.0038714443,0.0065349049,-0.024363572,0.33917335,0.25481971,0.19302262,0.30692478
272,13,0,0.51619958,263.3293,16.869504,-0.0016999915,-0.0080126105,-0.044626202,-0.019890966,-0.0029075032,0.016160823,0.32359872,0.31411596,0.19712987,0.23605663
272,13,5,0.59426238,97.4237,16.072388,-0.004901466,-0.0058421182,-0.014316342,0.0013547997,0.02558739,0.0016826034,0.28316684,0.17624866,0.12727929,0.24822513
272,13,10,0.1980875,6.7873933,15.787624,-0.031400367,0.0098203128,-0.02380748,-0.033312582,0.067051827,-0.031850225,0.3162667,0.22797261,0.17915247,0.35991382
272,13,15,0.96448708,330.58619,15.797879,-0.0041449065,0.0057670103,-0.00071989115,-0.0096739457,0.014862539,-0.010772278,0.21001712,0.20029253,0.15599858,0.27804931
272,13,20,1.0305512,302.88528,16.534612,0.00085572079,0.0028288747,-0.0020785554,-0.0035422655,-0.0079458271,-0.023354773,0.15949808,0.1547558,0.096050845,0.24368442
272,13,25,1.2854534,303.49385,16.278936,-0.0066125753,0.0090682215,-0.023986752,0.0035248398,-0.021299664,-0.0059708714,0.24427701,0.190942,0.12982942,0.27857824
272,13,30,0.82795981,276.62795,16.212817,0.011795394,0.00093373769,0.010333352,-0.0033602297,-0.035677523,-0.014537605,0.21851715,0.17699987,0.15225263,0.30437685
272,13,35,0.62233629,250.36853,16.482871,0.0056481152,-0.0014345375,-0.0059178125,-0.0031832443,-0.026472159,0.0071917713,0.19924282,0.12451865,0.091737106,0.23782898
272,13,40,1.3689977,295.14844,16.366267,0.0021441735,-0.0041768086,-0.0015683817,-0.00270376,-0.018769436,-0.0012608393,0.17814195,0.18095157,0.098637243,0.18131087
272,13,45,2.0019447,292.51226,16.337737,0.0021199333,-0.0010256288,-0.00098468843,-0.0034573939,-0.014964803,0.0010440134,0.13801851,0.091313041,0.070852561,0.14852095
272,13,50,2.1862051,290.41766,16.592142,0.00010362417,0.0005979019,-0.00050554415,-0.00197926,-0.010064228,-0.00203993,0.11539698,0.10251762,0.076392182,0.1617327
272,13,55,2.2454649,291.9318,16.869793,0.0023798412,-0.0015178129,-0.0032412559,-0.0018393201,-0.012192061,0.0026431263,0.12097551,0.091543452,0.069620052,0.17094583
272,14,0,2.3918795,293.68866,17.006604,0.00038707206,-0.003020881,0.00052771817,0.0026652606,-0.0091051112,-0.0042065796,0.13236411,0.10216868,0.076941172,0.15727696
272,14,5,2.6045599,294.8403,17.177505,0.0014729915,-0.0018471085,-0.0021990581,-0.00010826626,-0.0024233832,-0.0011720286,0.12837128,0.11189113,0.07311143,0.097802035
272,14,10,2.456864,296.4788,17.721013,-0.0010904104,-0.0019703232,-0.0062229028,-5.2685489e-06,-0.034777997,0.011684732,0.2007903,0.15994722,0.10776561,0.26326461
272,14,15,1.6606588,274.55729,18.404667,0.001665002,0.0028225252,0.017922088,-0.0028948329,-0.00038526182,0.028476807,0.22180038,0.2041135,0.1138426,0.29510288
272,14,20,1.5223082,260.85056,18.735447,-0.034450997,-0.0030288854,0.0070176726,0.00096926071,-0.020281494,-0.0037209345,0.55777766,0.21713093,0.13820427,0.11223764
272,14,25,3.4358661,251.90063,18.417223,0.12881634,0.0064533212,0.014722907,-0.048581667,-0.092814973,0.00044525301,0.72186399,0.40984861,0.4142003,0.34187164
272,14,30,3.9340605,247.02635,18.353618,0.18178324,0.015432112,-0.084219109,-0.050563654,-0.11406782,0.035017404,0.95357975,0.59845821,0.50131606,0.3806445
272,14,35,3.8118389,244.67997,18.44161,0.26414733,-0.046449623,-0.29230025,-0.061276178,-0.15517343,0.082002231,1.0777982,0.66260236,0.56453241,0.3927457
272,14,40,4.3460171,245.3265,18.601041,0.1990614,-0.0061884747,-0.15223684,-0.054817728,-0.14511813,-0.0013966747,1.0284779,0.60058939,0.4866132,0.41046398
272,14,45,4.2457513,242.72556,18.588958,0.14860935,-0.027280618,-0.2986137,-0.02761997,-0.13027264,0.073215818,1.1046353,0.68289815,0.52850853,0.40136305
272,14,50,5.3716189,242.66542,18.223308,0.14000988,-0.024939895,-0.30796544,-0.051092947,-0.12775659,0.030044116,1.2335634,0.71074709,0.54351341,0.44586578
272,14,55,4.9304318,242.64739,18.501611,0.21158819,-0.05794064,-0.31329109,-0.053520825,-0.15922382,0.074447472,1.1876098,0.65368475,0.5505138,0.4188597
272,15,0,5.3830735,246.30889,18.383289,0.12436201,-0.03340846,-0.097330773,-0.0063284905,0.0034756488,0.030065314,1.1153697,0.57485858,0.52629182,0.22522006
272,15,5,4.0653087,247.68529,18.876861,0.058693916,-0.050440451,-0.43948828,-0.014200531,-0.12713866,0.12578912,1.0824016,0.72813405,0.55638176,0.30397902
272,15,10,4.2917487,250.9507,19.251652,-0.0092927067,-0.057201504,-0.32870193,0.02777808,-0.14609306,0.017329303,1.206632,0.84750036,0.60190422,0.40596391
272,15,15,4.7389973,242.95742,19.221293,0.13083874,-0.038925574,-0.39373497,-0.017069884,-0.24844786,0.13866845,1.2884422,0.78373235,0.57047867,0.44889357
272,15,20,4.892761,245.35256,18.943897,-0.0071130786,-0.010747438,0.062858202,0.057052404,-0.1185916,0.028691147,1.2470199,0.81081547,0.57692558,0.25635687
272,15,25,5.5345358,245.12548,18.91515,0.011811836,-0.035348872,-0.10203964,0.045205062,-0.05374513,0.026371702,1.1056555,0.76888683,0.6056807,0.22903774
272,15,30,5.6132616,246.01864,18.806199,-0.045154102,-0.02994671,-0.15146822,0.053543807,-0.075262082,0.026199738,0.99053804,0.65864015,0.62180783,0.22810913
272,15,35,5.2412818,247.71662,18.853547,0.14338957,0.0070387007,-0.10797203,0.049101487,-0.1706224,0.13080129,1.737603,0.87047226,0.60492807,0.36288531
272,15,40,5.679263,246.13417,18.910162,0.14940283,0.004801802,-0.14601153,0.040734288,-0.12838733,0.063828398,1.3617082,0.79782586,0.63806162,0.28951095
272,15,45,4.6758157,239.75985,18.951553,-0.039346154,-0.03549587,-0.67555689,0.092859832,-0.12641802,0.10579885,1.3803893,1.0783594,0.66582259,0.37847155
272,15,50,4.5371819,242.10527,18.655846,-0.019903357,-0.029574406,-0.65756643,0.020414478,-0.10109,0.048576804,1.6374956,0.96343469,0.59084329,0.29591602
272,15,55,5.3719776,245.87037,18.567782,-0.064232045,-0.010932655,-0.33907217,0.055243607,-0.18478618,0.061022702,1.4015007,0.74827703,0.62170087,0.3140998
272,16,0,5.314118,245.22597,18.570686,-0.1390871,-0.027140479,-0.4407226,0.080934407,-0.2107765,0.064492495,1.2919601,0.81023635,0.69309512,0.32418637
272,16,5,5.5972038,243.49956,18.557849,-0.04219142,-0.063272603,-0.2900778,0.063342741,-0.10503719,0.033306586,1.170231,0.84008599,0.68696684,0.29911927
272,16,10,5.4666618,241.0339,18.703202,-0.020732785,-0.081373338,-0.29723561,0.058145403,-0.12985214,0.011987039,1.2783258,0.84325684,0.625442,0.32966945
272,16,15,5.0293234,240.4348,18.681946,-0.036908921,-0.04167134,-0.36031607,0.073966468,-0.1169551,0.046965753,1.2356495,0.8776558,0.72217347,0.35681775
272,16,20,5.3032262,241.66957,18.811163,-0.024972821,-0.050712605,-0.26188018,0.06289178,-0.15731524,0.035989488,1.2329382,0.77077401,0.63442208,0.35249642
272,16,25,5.5495545,243.00165,19.218681,0.012043788,-0.055468049,-0.202558,-0.00051705911,-0.22291541,0.080927488,1.1263867,0.73740096,0.55696398,0.41570188
272,16,30,4.9458666,245.82441,19.929494,0.021701198,-0.031097423,-0.07909689,-0.0047709173,-0.081428617,0.046577932,0.81311592,0.53899598,0.46882108,0.30908817
272,16,35,4.6683373,247.62772,20.228551,0.048647199,-0.035688836,-0.12415719,0.033510834,-0.15462833,0.060495295,0.85165019,0.59469971,0.49541446,0.36293365
272,16,40,4.7324217,248.96549,20.13729,-0.044805234,-0.027408525,-0.018748932,0.089144587,-0.12683586,0.023304752,0.84073356,0.55103484,0.5617358,0.41076064
272,16,45,4.7791504,245.35303,20.085374,0.041603722,-0.067844659,-0.17479581,0.099444682,-0.10068081,0.014486916,1.0796301,0.68961345,0.61270612,0.41584119
272,16,50,4.81572,242.85616,20.064131,0.014386042,-0.010246345,-0.14773537,0.064806944,-0.059235782,0.02342733,0.93535635,0.79244679,0.57151298,0.34962265
272,16,55,4.726284,244.71688,20.250771,0.023948977,-0.016893664,-0.24666616,0.067258044,-0.098555271,0.021891274,1.0340667,0.71050911,0.59829966,0.40421552
272,17,0,4.7405826,245.74635,20.356302,-0.13960351,-0.010898811,-0.30032099,0.13507953,-0.22337507,0.085690731,1.1121892,0.7697653,0.63738325,0.52687056
272,17,5,4.7187521,246.67078,20.182096,-0.037010538,0.030486597,-0.27484896,0.11770241,-0.13447924,0.11811286,1.1114859,0.83009275,0.60491889,0.44282292
272,17,10,4.5483513,241.99608,20.30662,0.0051837577,-0.066765306,-0.30111435,0.088295171,-0.21803697,0.068593306,1.0829214,0.87681584,0.60333512,0.46869963
272,17,15,4.4591717,245.26706,20.557231,-0.047979563,-0.025337412,-0.239199,0.15629434,-0.058611265,0.028679558,0.98460726,0.71174788,0.64536338,0.49952624
272,17,20,4.8656615,246.61452,20.513481,-0.04177037,-0.010955276,-0.27388771,0.13543157,-0.10902454,0.049198376,0.95355538,0.71727362,0.64100054,0.42909291
272,17,25,4.0080445,243.15362,20.87237,-0.028367139,-0.076468962,-0.22726385,0.16237674,-0.137068,0.034874347,0.92657921,0.7182845,0.60697003,0.50224899
272,17,30,4.0740217,243.86601,20.916777,-0.0025948391,-0.020498982,-0.33254366,0.091340226,-0.15962792,0.078549954,1.0378607,0.7518179,0.53799517,0.43304944
272,17,35,3.7048117,233.05445,21.536904,0.0019614385,-0.049470188,-0.3097731,0.10197717,-0.17889063,0.12219292,0.87344942,0.9693239,0.54839634,0.52023394
272,17,40,3.313193,238.73155,21.676809,-0.10960518,0.030346331,-0.40377457,0.16764662,-0.2159478,0.076028182,0.97866633,0.8542545,0.58611587,0.61051944
272,17,45,3.5010829,237.14718,21.610977,0.029526448,-0.072537081,-0.31472145,0.071047647,-0.22826613,0.13067988,0.97311571,0.76295232,0.47370056,0.5675208
272,17,50,3.9009166,243.26096,21.354409,0.0088144677,-0.046551229,-0.24347229,0.13221857,-0.1056736,0.0041256674,0.95003331,0.65623996,0.5498863,0.50919594
272,17,55,4.669592,253.09611,20.972917,0.016726227,-0.0030732736,0.0035938745,0.038212839,-0.051788429,0.0030136842,0.69538034,0.51794582,0.43054045,0.24504912
272,18,0,3.6350645,253.79548,21.883877,-0.014909044,-0.021873525,-0.20242904,0.14460586,-0.10024624,-0.025331159,0.84991173,0.77899883,0.54585493,0.59266589
272,18,5,3.7404086,249.79282,21.794485,0.02062827,-0.044341488,-0.15127664,0.13241471,-0.064690163,-0.050937172,0.77562707,0.56850473,0.50665262,0.54297792
272,18,10,4.1002641,248.13276,21.626482,-0.018199818,-0.018083913,-0.065777659,0.10847881,-0.12943491,-0.0090275442,0.6625956,0.46441503,0.45964357,0.47051435
272,18,15,4.2718632,254.38405,21.630229,0.014113605,-0.009415983,-0.023002747,0.04447414,-0.091021465,-0.00078223202,0.61392251,0.40354506,0.3672233,0.38641287
272,18,20,3.1041637,246.33684,21.951977,0.091515045,0.032106157,-0.29491735,0.083714462,-0.057329638,0.033384615,1.102489,0.71201177,0.58760608,0.34518578
272,18,25,2.8633232,246.19565,22.413527,0.0042023896,0.0095779223,-0.18931646,0.11112667,-0.11981737,0.069211215,0.77158849,0.5648424,0.45775794,0.56838436
272,18,30,3.4039032,252.84117,22.076453,0.0017600382,0.022028972,0.017095606,0.084036146,-0.067510683,0.041440338,0.75967825,0.48525086,0.41697611,0.43907921
272,18,35,3.1736392,265.68817,22.43352,-0.0122012,-0.00075266892,0.16165569,0.179155,-0.1501454,-0.027699003,0.82738675,0.63546177,0.4957634,0.58409572
272,18,40,3.3095293,255.86586,22.433907,-0.13505715,-0.018970575,-0.19464563,0.13093076,-0.32885097,0.06148288,1.1534959,0.74193555,0.50771422,0.48878163
272,18,45,1.2512591,208.26113,22.699364,-0.006385799,0.12315997,0.057585388,0.068225287,-0.0055090066,-0.029084148,0.46726222,1.1158828,0.53441072,0.34969588
272,18,50,1.6007124,241.54819,22.959619,0.027981861,-0.003330442,-0.018833736,0.11426744,-0.0097858676,0.0068834257,0.50231913,0.62661385,0.48147137,0.42510792
272,18,55,2.5129376,247.38694,23.502415,-0.051764699,0.039814143,-0.15204486,0.4049289,-0.2292577,0.12727798,0.82713899,0.542564,0.60791325,0.90617027
272,19,0,3.0818809,281.58051,22.71649,0.033294964,-0.0040158353,0.10948128,0.12591762,-0.026085959,-0.023864337,0.5854524,0.6096442,0.4726413,0.46531764
272,19,5,0.98273411,248.6401,23.459249,-0.12296208,0.063467073,-0.44885179,0.2092617,-0.21053315,0.18558933,0.8855324,0.83166291,0.52235769,0.67281073
272,19,10,1.474693,227.12224,23.52599,-0.088555699,0.083439139,-0.2934159,0.17401181,-0.15658278,0.19072034,0.6671472,0.88216384,0.46978561,0.61518191
272,19,15,1.7724687,262.54544,23.422432,-0.056738748,0.057362956,-0.74953271,0.14048745,-0.11136325,0.068647047,0.97649657,1.04927,0.44262876,0.56883695
272,19,20,1.6593032,171.31584,24.001079,-0.19363476,-0.083681363,0.20477536,0.15153508,-0.064456512,-0.015968489,0.74640744,0.84835209,0.6552444,0.59037736
272,19,25,1.4162055,223.03154,24.031494,-0.03014329,0.21904432,0.25487903,0.16659081,-0.54971219,0.11233055,1.0430762,1.3072515,0.51961273,0.84127441
272,19,30,3.2073695,271.7579,23.24629,0.12700237,-0.047249815,-0.10672821,0.037938422,-0.04490169,0.03816913,0.88241282,0.85493832,0.67629372,0.22229289
272,19,35,3.5257863,294.38857,23.871957,-0.17773831,-0.021562551,0.096105771,0.18909753,-0.23048062,-0.0061077312,1.0131692,0.56288893,0.52158242,0.67019795
272,19,40,4.0270219,270.23893,23.802395,-0.049575627,-0.076646486,0.065523368,0.16517484,-0.38783364,-0.026360853,1.3930078,0.88329953,0.59177331,0.62472003
272,19,45,1.6565467,268.76992,24.161374,0.1840193,-0.23472033,-0.76007722,0.049210332,-0.309924,0.1603322,1.2487476,1.1075748,0.57262688,0.56625542
272,19,50,3.2460501,285.08907,24.048074,-0.10120129,0.035946692,0.060808789,0.16879993,-0.14215619,-0.04889998,0.95955609,0.75487626,0.64443426,0.57638812
272,19,55,1.1720589,261.84213,24.910229,-0.3527037,0.094907385,-0.34324874,0.29588637,-0.21571997,0.085961649,1.1509328,1.0923843,0.69073638,0.82557393
272,20,0,2.3638528,269.44092,24.314116,-0.24612838,0.050636935,-0.017916879,0.21021774,-0.14588787,0.088919747,1.0074129,0.82175957,0.59728223,0.63263147
272,20,5,2.5148606,274.60862,24.993252,-0.13720799,-0.062523138,0.3340051,0.10022632,-0.18321137,0.062389788,1.4220336,0.88863445,0.49063098,0.68224279
272,20,10,0.95635674,121.7092,24.816732,-0.1766458,0.091537235,-0.37954585,0.17432412,-0.062528444,0.085439799,0.90825939,0.72912511,0.56935094,0.58894403
272,20,15,2.9464574,176.41148,24.492841,0.092871181,0.067709846,0.54617939,0.17470404,0.14618008,-0.0012016192,1.2291821,1.0244592,0.52141946,0.58327454
272,20,20,0.6972675,286.80625,24.829384,0.33368732,-0.012380023,-0.011122067,0.16371582,-0.14003863,0.011000372,0.94170033,0.51244704,0.68017032,0.66034607
272,20,25,1.4802337,304.59196,24.950071,-0.067952425,0.083688464,0.09523444,0.19052903,-0.13369519,-0.016131808,0.65260794,0.64973261,0.57766414,0.57988251
272,20,30,0.95456363,170.0157,25.294656,-0.25054235,-0.012235469,0.078018706,0.35054222,-0.32770537,-0.024218238,0.74212653,0.58499451,0.56305785,0.84677011
272,20,35,2.3303056,164.07029,24.730945,-0.065638889,0.0027329699,0.043630465,0.14964674,-0.13351656,-0.080226364,0.95094059,0.50511678,0.43212276,0.62181388
272,20,40,2.4707761,169.92612,24.670924,-0.053782354,-0.0076250988,-0.054298335,0.15243395,-0.12008768,-0.063408715,0.68081105,0.60849981,0.48013867,0.53130186
272,20,45,3.1458968,167.66457,24.544257,-0.0062769578,0.025092437,0.057166776,0.066798689,-0.016821984,-0.017929626,0.76882863,0.67852471,0.39467018,0.40178682
272,20,50,3.3958271,186.18652,24.652845,-0.096685633,0.024558144,-0.14033325,0.081479203,-0.13141935,0.058514072,0.73796061,0.65474801,0.41371689,0.42513616
272,20,55,0.34232759,204.1738,25.490714,-0.016315683,-0.054024718,0.03086361,0.11915851,0.053700818,-0.07082677,0.50082396,1.1073907,0.42339103,0.57377412
272,21,0,3.2174342,149.1087,25.380957,-0.10179234,0.0037095752,0.19584437,0.11912191,-0.25235911,-0.18753632,0.84145322,0.71988749,0.55397413,0.72488027
272,21,5,1.2016854,149.18379,24.991137,0.19845947,-0.0098996869,-0.32785944,0.062547968,-0.18137736,0.042525537,1.0843277,0.53455501,0.44103559,0.49591588
272,21,10,3.0011896,149.33115,24.755406,0.023115053,0.14544954,0.058871305,0.05140757,-0.021514476,-0.018386729,0.69775584,0.70594602,0.5740745,0.27012864
272,21,15,0.13643337,251.90321,25.209927,0.2313048,-0.16793894,-0.1034679,0.13094153,0.023354809,-0.15368127,0.73139859,0.65730515,0.58732509,0.41993315
272,21,20,2.1669939,132.78695,25.191523,-0.0030201771,0.011248351,-0.019912949,0.1668575,0.030527246,-0.034557664,0.81278643,0.42939714,0.44232778,0.58174147
272,21,25,1.817181,119.33003,25.272201,0.051184572,0.090225265,-0.065394713,0.18668606,0.051109639,0.024213569,0.80172744,0.77292865,0.60704384,0.56226098
272,21,30,2.2976396,96.045936,25.666671,-0.045089872,0.010507423,-0.16786236,0.25762421,-0.03631565,-0.095723497,0.62940327,0.77597373,0.52073337,0.74555593
272,21,35,3.1914139,102.9689,25.424698,-0.076954862,-0.017908399,-0.07296256,0.19575928,-0.084104558,0.013215649,0.57140639,0.49358522,0.50011259,0.62078158
272,21,40,3.5992231,98.732087,25.434475,-0.028471836,-0.043963173,-0.086128925,0.11877533,0.0044555757,-0.042135726,0.76099877,0.92327814,0.53034666,0.50465918
272,21,45,2.8793925,106.01177,25.225753,-0.016105656,0.0052983994,0.023330612,0.068403565,-0.031686811,0.032949808,0.66660191,1.2302234,0.63169005,0.3230804
272,21,50,1.8513924,97.579154,25.289715,0.073565613,-0.09311257,-0.1564795,0.048112049,0.022240233,-0.13492899,0.7756296,0.98020256,0.43179172,0.38132646
272,21,55,3.1257507,81.53402,25.40434,-0.064277456,0.10785972,-0.20050979,0.10952375,-0.053385791,0.070582287,0.68104095,0.76581702,0.43642447,0.43479412
272,22,0,1.7193737,78.707312,25.26297,0.13533947,0.011982472,-0.44256749,0.075551928,0.056626678,-0.064854708,0.95090193,0.9680748,0.51497263,0.32511936
272,22,5,3.104781,121.88167,25.438185,0.0089298924,-0.021270281,0.038550029,0.090417439,-0.014098526,0.017236765,0.75695112,0.61913343,0.38039883,0.44649563
272,22,10,3.8350795,110.65833,25.597718,-0.0826487,-0.087336709,0.54775535,0.12628174,-0.12678828,-0.024030812,0.860546,1.2075154,0.42134619,0.53426928
272,22,15,2.7852737,86.503854,25.921,-0.1371668,-0.07825304,-0.078573299,0.18105141,-0.15949252,-0.11384939,0.63178477,0.69069442,0.46528294,0.62424965
272,22,20,3.1979383,95.299317,25.673523,0.02456938,-0.11045516,0.061124941,0.096201549,0.0058956848,-0.042350886,0.72615661,0.68959937,0.45315844,0.49155001
272,22,25,1.7671363,41.16294,25.419013,0.015445728,0.01982747,0.029636717,0.053457445,0.012398685,0.034821685,0.47218754,0.69863178,0.34705183,0.30567216
272,22,30,1.4058523,24.434781,25.362395,-0.062995638,0.030093784,0.19554777,0.083696626,-0.055650056,-0.006819715,0.65552047,0.5172042,0.49772986,0.32092053
272,22,35,0.61508883,161.93266,25.494464,-0.03566286,0.011486228,-0.016374443,0.076115428,0.0069730568,-0.0044668895,0.35504757,0.36761178,0.39516561,0.3539982
272,22,40,0.63923253,160.16463,25.657748,0.016212707,-0.00038661111,-0.0081737306,0.057179513,0.0029696057,-0.053476328,0.2501671,0.52315297,0.30706933,0.36836947
272,22,45,2.6423684,112.57538,25.482088,-0.0039147084,0.0075933519,-0.064665611,0.047785302,0.0089935448,-0.0046890626,0.4913643,0.57508268,0.3381477,0.34596971
272,22,50,2.7979254,79.591736,25.536999,-0.063342404,0.066200963,-0.20880737,0.081410591,-0.045076038,0.0083380959,0.5996993,1.0203263,0.36232703,0.45468489
272,22,55,2.9752895,59.585644,25.281784,0.0067030592,-0.030426883,0.038584067,0.021525574,-0.0208123,-0.010021864,0.65432271,0.6374046,0.30300848,0.23071798
272,23,0,2.1850133,57.22949,25.519968,-0.038931977,-0.063231462,0.0083936912,0.096316827,-0.039839639,-0.041672021,0.42227935,0.58938104,0.41659797,0.40000021
272,23,5,1.8523483,61.660575,25.393733,-0.046703577,0.010349385,-0.018881316,0.073815449,-0.048675004,0.014564475,0.58233194,0.34568732,0.39889465,0.29136217
272,23,10,2.6522877,70.189523,25.489274,-0.10125298,-0.038438822,-0.154899,0.092361838,-0.070862479,-0.025514332,1.0908914,0.56977711,0.39299042,0.37905304
272,23,15,2.7229985,63.187303,25.273574,-0.016911783,0.031829494,0.026109416,0.0271066,-0.077920516,-0.052342203,0.76839422,0.72511982,0.38700668,0.28828078
272,23,20,2.1521064,109.03853,25.223803,-0.010198262,-0.026675626,0.47932894,0.038047224,0.025608813,-0.010969464,1.0720004,0.66672504,0.38140125,0.2223508
272,23,25,2.4170013,127.1413,25.149932,0.024283031,-0.023763302,0.46827332,0.069529994,-0.0067423884,-0.009954471,0.78324319,0.87168148,0.45993584,0.25937087
272,23,30,1.6660417,136.66165,25.305099,0.0088534304,0.0052417614,-0.0039191958,0.040551033,-0.011178218,0.032267274,0.36153114,0.63006682,0.2819116,0.28451384
272,23,35,1.6263655,135.28261,25.189067,-0.057762054,-0.051122682,0.26567696,0.025206584,-0.037767747,-0.055080415,0.71078382,0.59878424,0.31521104,0.21640928
272,23,40,2.5620909,113.91769,25.236188,0.0100527,-0.015247752,-0.081451561,0.029611285,0.0086372998,-0.0051106823,0.41609077,0.45538142,0.26601505,0.23710028
272,23,45,1.9843393,68.674566,25.207034,-0.005934242,0.0064810507,0.1446272,0.022051809,-0.018572605,-0.0019964288,0.40449271,0.60584711,0.24817423,0.21613513
272,23,50,1.6834859,80.038925,25.218821,-0.02693635,-0.022401887,-0.047753333,0.026658139,-0.026872413,0.0011306922,0.41969586,0.40445883,0.25652598,0.17600443
272,23,55,1.2304255,32.436389,25.189036,0.015409695,0.0034206277,-0.046296903,0.0071518921,0.0020475528,-0.0037737466,0.29746593,0.31159823,0.21151663,0.10815557
273,0,0,0.38455005,304.27423,25.210644,-0.00011372491,0.0050135678,-0.0060214161,-0.0017844243,-0.0010775477,0.00052733209,0.1725242,0.14431009,0.13023664,0.053804917
273,0,5,0.30123617,119.26985,25.205493,-0.01683842,0.037628209,-0.078698417,-0.0011841742,0.020361075,0.0015516642,0.44211469,0.42097057,0.2229218,0.11071968
273,0,10,1.445951,44.630378,24.991247,-0.17664549,-0.069106544,0.15464429,-0.023019595,0.039481503,-0.00080166106,0.85319192,0.57172993,0.40747572,0.088596789
273,0,15,1.6680296,35.3817,24.853904,-0.044189171,0.015839991,-0.008056343,-0.009537834,0.013338162,-0.010800868,0.42108735,0.39871089,0.24811049,0.086146327
273,0,20,1.0487105,34.101582,24.831735,0.01111731,0.039380171,0.00060208746,-0.015018848,0.0060166995,-0.014707965,0.37939406,0.45004988,0.32566157,0.088685743
273,0,25,0.70887392,53.340704,24.835404,-0.01379599,-0.023124977,0.022536899,-0.0044149902,0.0019236037,-0.0021329665,0.23192464,0.32933521,0.21707326,0.053470733
273,0,30,0.96448385,17.109938,24.718672,0.0045112779,0.0052159283,-0.03205487,-0.0061153653,0.014578065,-0.015675271,0.35283972,0.3538387,0.19368661,0.12475838
273,0,35,1.2182989,2.8240989,24.750759,0.0029046196,-0.012788823,-0.018445506,-0.0011440257,0.040322416,-0.026060512,0.38470925,0.35176199,0.18209354,0.17033857
273,0,40,1.0254883,291.10792,24.473953,-0.0027475695,0.00074113972,0.035088443,-0.0026753244,-0.017472652,-0.028678324,0.25070179,0.30535995,0.16154851,0.17508554
273,0,45,0.89056349,286.32387,24.464136,0.031853641,0.0034920249,0.0072381058,0.0064669785,-0.0063836509,-0.016825475,0.43783534,0.2773313,0.2297086,0.17872184
273,0,50,0.47024493,272.02392,24.400697,0.00334634,0.0054116358,-0.021910296,-0.0043700141,-0.017410267,0.0012204498,0.3529727,0.20983926,0.17878183,0.12506664
273,0,55,0.34236636,252.09423,24.543096,0.0041581287,-0.0038558496,-0.0011295184,-0.00068270053,-0.00074713134,-0.0045678107,0.17692302,0.24201334,0.15897065,0.12764547
273,1,0,0.17736117,298.17409,24.29344,0.062387206,0.033685636,-0.0078652905,-0.018919174,-0.017702012,-0.0050542138,0.30057667,0.24623539,0.326183,0.2706377
273,1,5,0.87702241,281.29996,23.966467,0.0050441867,0.009774388,-0.0073271022,-0.010771487,-0.009716897,-0.0050766782,0.1886624,0.20037814,0.16134998,0.19302017
273,1,10,1.11972,278.49628,24.190588,-0.0021693789,0.0076805755,-0.0046829181,0.0011627486,-0.0091991101,0.001889101,0.25046405,0.24346929,0.20600162,0.10810124
273,1,15,0.96256192,287.57452,24.135298,0.010660796,0.0092017235,0.018672353,-0.0023970244,-0.0066781539,-0.0030111899,0.19881954,0.18671979,0.13840519,0.12467966
273,1,20,0.94357448,310.08345,23.998094,0.017847988,0.0060688197,0.013378829,-0.0013524096,-0.0056628783,-0.0031845847,0.32652485,0.36811257,0.23210956,0.23451041
273,1,25,0.99135579,298.74434,24.032833,0.01494673,0.017672504,0.0030898635,-0.0172662,-0.01265705,-0.026635532,0.35259046,0.32776609,0.2421095,0.27558693
273,1,30,1.8378466,290.05669,23.808121,0.022859822,0.023531571,-0.028424861,-0.01316348,-0.052850769,-0.0018836964,0.39250325,0.35021612,0.22931979,0.26440316
273,1,35,2.164085,296.77094,23.366377,0.01483745,0.010442088,0.060376821,-0.012326349,-0.079242014,-0.081696435,0.39790066,0.37893938,0.22736406,0.44398328
273,1,40,2.3955616,299.39924,23.664671,-0.0024177565,0.0065289648,-0.00040957794,-0.00070953473,-0.0059090527,-0.025489044,0.2095646,0.26269749,0.1318446,0.2294878
273,1,45,2.4836921,300.22968,23.646103,-0.0027804711,-0.00082250263,0.08001668,0.020451092,-0.1314703,-0.13001956,0.38020683,0.4417183,0.23139397,0.64644904
273,1,50,2.0477072,313.17201,23.605031,-0.021395357,-0.091479921,0.098447094,0.0785666,-0.14067733,-0.36240818,0.43025986,0.79738724,0.29619711,0.74039895
273,1,55,2.2224832,306.58687,23.222998,-0.017607858,-0.023086815,0.024592171,0.0084883061,-0.021339492,-0.24944381,0.45974648,0.62053468,0.26076798,0.62518748
273,2,0,2.2777048,291.28203,23.041691,0.013636802,0.0083861814,0.078252924,-0.019008038,-0.11303092,-0.087372981,0.38322159,0.46048975,0.19422574,0.57322511
273,2,5,2.6594757,285.44684,22.966699,0.0090713372,0.022060495,0.0078351959,0.0026250144,-0.0084735568,0.016563555,0.24574045,0.33527194,0.16732362,0.25951967
273,2,10,2.6447592,282.65368,23.064289,0.0054214258,0.0019695501,0.023754977,-0.00055625081,-0.04061114,-0.048890179,0.29446296,0.35943112,0.15922468,0.28373612
273,2,15,2.8270563,277.4994,22.860482,0.009518842,0.017743147,-0.004105183,0.0033881,-0.0083284458,0.023504307,0.24859102,0.28080543,0.1874711,0.28550864
273,2,20,3.0274627,276.90348,22.821878,0.0026532984,0.013419572,-0.012061937,-0.0051980185,-0.0014259465,-0.0029775074,0.2171892,0.23700162,0.18364378,0.18304221
273,2,25,3.1047543,279.36659,22.741367,0.015968063,0.013797883,0.00020292445,-0.0082959533,-0.021715842,-0.0092170125,0.29659938,0.29723889,0.21519844,0.27421264
273,2,30,3.0657808,277.7824,22.657498,0.0033077565,0.0040284592,-0.013241892,-0.00062888744,-0.0083674847,0.0025207376,0.2561158,0.27165929,0.16101864,0.19385971
273,2,35,2.8179597,278.21431,22.648526,0.0013566427,0.011968709,-0.010427744,-0.0046657672,-0.015237859,0.024264678,0.26415124,0.28383733,0.20790349,0.33114608
273,2,40,2.8563405,276.98832,22.911751,0.0063281031,0.011366894,-0.020687021,-0.0047561167,-0.0015660212,-0.0036012758,0.25963403,0.2384716,0.20635633,0.19667393
273,2,45,2.2327021,281.48358,23.239135,0.026670367,0.019158294,0.00030629369,-0.011043948,-0.071000212,-0.011477295,0.40656964,0.29459511,0.24046477,0.47322728
273,2,50,1.8042324,290.40908,23.318959,0.0076557208,0.018604691,0.0091339182,-0.020514753,-0.068115382,-0.026411818,0.2575025,0.20175758,0.14594252,0.36911834
273,2,55,2.2294134,289.65758,22.72005,0.018039989,-0.00078503581,0.009796823,-0.01915543,-0.14606934,-0.0016155206,0.40007862,0.20427299,0.17702297,0.50241824
273,3,0,2.3061983,287.09021,23.045707,0.0051312096,0.0021224759,-0.0095810007,-0.0054724292,-0.031172413,0.011334823,0.21767329,0.15992925,0.12233483,0.26984907
273,3,5,2.2434721,290.6101,23.047479,0.00036382521,0.0041258397,-0.014914409,-0.01450286,-0.041124056,0.0087333459,0.29220004,0.16654076,0.14933392,0.38189086
273,3,10,2.0416744,287.52141,23.101146,-0.0077119136,0.0046738932,-0.011972444,-0.0022216677,-0.0038801143,0.00048656738,0.25428889,0.16202722,0.12760605,0.26220282
273,3,15,2.2446306,280.39474,23.328525,-0.00023655591,0.0061982751,0.0070798929,-0.0015515245,-0.0030291735,0.0034457842,0.23776677,0.17785715,0.11461175,0.18324917
273,3,20,2.4031562,281.91486,23.123567,-0.0043471178,0.0088313347,-0.022042744,-0.0068960381,-0.013935181,0.0089878905,0.27500104,0.23086439,0.14620971,0.3057791
273,3,25,2.9023012,288.21814,22.790446,0.001406139,0.0012813151,-0.008500453,-0.0065598309,-0.012050237,-0.00654584,0.217927,0.15884488,0.12429219,0.2321954
273,3,30,2.7048692,286.89897,22.93211,0.00026723954,0.0048275775,-0.0022455173,-0.0038179083,-0.0018870023,-0.0058128456,0.20358128,0.13095215,0.11807817,0.23480344
273,3,35,2.9431381,286.69824,22.871857,0.015431692,0.0046779213,-0.0097483093,-0.015100911,-0.028647127,-0.0079307801,0.31337332,0.16474373,0.16557776,0.34568021
273,3,40,2.7471775,282.53881,22.770928,0.00025593457,0.0042851926,-0.021560012,-0.002197734,0.0010948277,-0.013467402,0.21195108,0.23825105,0.13664667,0.18642303
273,3,45,2.4305375,281.3281,22.996607,0.0016495377,0.0096889183,-0.019434679,0.00056624618,0.0038586357,0.0096671635,0.24702779,0.20464171,0.15430066,0.21670142
273,3,50,2.0242866,287.27832,23.071327,0.0015729496,0.0063537096,-0.011031829,-0.0051732227,-0.015679934,0.029385576,0.19126469,0.23277832,0.12071039,0.35645268
273,3,55,2.5489469,298.80262,22.518429,0.0028992949,0.002350159,-0.0039800429,-0.0066736967,-0.04450681,0.00020033632,0.24511966,0.14061633,0.10890397,0.30240819
273,4,0,3.019024,292.74806,22.320999,-0.0015586594,0.00020362833,0.0060772575,-0.0040324809,-0.014817367,0.00023031169,0.17255462,0.16293901,0.10284793,0.23007809
273,4,5,2.9222662,288.04878,22.435435,0.0020596552,0.0023643881,-0.00050441312,-0.0046563033,-0.015532898,-0.0028170133,0.21180213,0.13654895,0.10593614,0.22012967
273,4,10,2.6798267,289.77119,22.582576,-0.0022760709,0.0018274451,-0.0020280412,-0.0067395266,-0.0066551088,-0.0028380029,0.17580775,0.14895434,0.12316066,0.20728049
273,4,15,2.8592537,291.37255,22.264561,0.0006141466,0.0014773862,-0.010468068,-0.003158755,-0.010287679,-0.0062685979,0.19152383,0.15977843,0.096741692,0.20797041
273,4,20,3.0738112,293.78292,22.103905,-0.0032671171,0.001164519,0.00098326952,5.8105661e-05,-0.018425661,-0.0052342408,0.18477252,0.12795308,0.095200889,0.23204272
273,4,25,3.1304897,293.33476,22.1528,0.00083845832,0.0032218677,-0.0016666825,-0.0072960744,-0.0059179354,-9.4659326e-05,0.18179912,0.1453567,0.12942076,0.16644223
273,4,30,3.1890419,289.00894,22.246574,-0.0021170137,0.0027717817,-0.0072839909,-0.0052342317,-0.018714387,0.00087736837,0.19390754,0.14238101,0.11587691,0.25732739
273,4,35,3.1324498,295.65127,22.074014,-0.00041578563,0.0017634325,-0.0032398124,-0.0063094166,-0.059746904,0.0044674168,0.28640876,0.15515386,0.11934966,0.33409522
273,4,40,3.2443575,294.77832,22.265571,0.0019542204,0.00027346226,0.00098957073,-0.0013809395,-0.016835035,-0.0048955055,0.1536942,0.12777476,0.1131618,0.26949503
273,4,45,3.3697419,289.27567,22.361164,0.0010771649,0.0050477868,-0.00059174284,-0.00083119556,-0.010364066,-0.0016348029,0.18911593,0.16268029,0.11762205,0.24554334
273,4,50,3.2519097,286.22145,22.08759,0.0034013437,-0.00070782406,-0.006290204,-0.0040519518,-0.012493119,0.00049546298,0.2030722,0.17639971,0.11900196,0.25227262
273,4,55,2.7322662,290.61175,22.247587,-0.00017614341,0.0048124836,-0.0087506236,-0.0028369593,-0.0034029367,0.00042190993,0.19945433,0.15804835,0.12373446,0.22478995
273,5,0,2.3802564,300.38706,22.275516,0.0035650193,0.0032719275,0.027779701,-0.010924877,-0.055270343,-0.047641849,0.28062528,0.24591215,0.15136182,0.35581396
273,5,5,1.2394885,321.57927,21.978719,0.026190616,-0.0054340515,0.10799241,-0.015551998,-0.1708729,-0.19252087,0.48319265,0.52857355,0.18219623,0.50907536
273,5,10,0.8764944,286.88087,22.052008,0.027229814,0.00031451236,0.035576174,-0.021467246,-0.049526422,-0.014978939,0.43442171,0.27627003,0.21874865,0.24338869
273,5,15,1.2921217,265.20797,21.670412,0.0087738148,0.0044627558,-0.035578724,-0.0077027784,-0.04512294,0.016219712,0.28127968,0.28525363,0.15545799,0.29502072
273,5,20,1.708802,292.97821,21.853716,0.00021232507,-0.0098138741,0.029758994,0.00083030438,-0.059089502,-0.027375929,0.32008674,0.296555,0.15285081,0.34087166
273,5,25,1.6317028,292.59747,21.69729,0.0032697925,0.0023869446,0.00076863628,-0.012333476,-0.067248739,-0.011317584,0.25329445,0.15938601,0.12374123,0.39007138
273,5,30,1.8113823,286.5287,21.286314,0.021121598,0.014694619,-0.015098156,-0.017411287,-0.050513628,1.5654905e-05,0.30508818,0.24743814,0.20831932,0.30846141
273,5,35,1.1661036,304.25846,19.117126,-0.0068670071,0.023169002,-0.10567297,-0.010490049,-0.005852861,-0.029192369,0.58344018,0.48491593,0.23087499,0.34754122
273,5,40,1.3597931,288.6255,20.438883,0.0028309383,0.0017437589,0.0029079018,0.00068664266,-0.03090745,-0.00013561552,0.26126747,0.15940186,0.12832406,0.23510545
273,5,45,2.0616096,291.68775,20.776204,0.0092518057,-0.0025887047,0.0019611842,-0.0088847383,-0.036031557,-0.019983102,0.21599219,0.16417632,0.12757728,0.31105046
273,5,50,2.7334391,283.43962,20.785613,0.003100944,0.0069035097,-0.0090385076,-0.0068580203,-0.0078418434,-0.021054731,0.15592313,0.22326729,0.10249469,0.29271464
273,5,55,3.4802362,282.28753,21.210343,-0.003132394,0.016084879,-0.0095321747,0.0054375214,-0.019610954,0.0081466146,0.25511719,0.21152338,0.15816608,0.18017143
273,6,0,3.3201062,274.07474,21.131596,0.0059405392,0.0054112824,-0.029204902,-0.0009152553,-0.026427893,0.062397795,0.26344894,0.29743602,0.15375193,0.56113973
273,6,5,3.2649192,284.02503,20.960551,0.017028973,-0.0028599263,-0.015768043,-0.01955344,-0.068985085,0.033112196,0.3215143,0.31862645,0.19517506,0.42809842
273,6,10,3.4403465,284.72642,21.285572,0.0062459998,0.013020962,-0.0018026049,-0.0053860835,-0.011576058,-0.0024827879,0.28280534,0.28224284,0.17263069,0.27019827
273,6,15,3.8012622,289.56802,21.057394,-0.0040121938,0.012801286,-0.0065941132,0.00021630385,-0.013047793,-0.0035871117,0.23976101,0.26076101,0.20574563,0.34669676
273,6,20,4.0248551,291.38492,21.285697,0.0017554426,0.018607995,0.019907881,-0.0056118411,-0.037299856,-0.063979399,0.27399561,0.32772947,0.1923369,0.38687863
273,6,25,4.0245095,291.81493,21.014828,0.0016135816,0.0052007444,-0.058546261,-0.011323723,0.035369924,-0.11254,0.3253737,0.40987765,0.17745675,0.49262107
273,6,30,3.908071,294.59048,21.482858,0.0067409574,0.010899184,0.010967558,-0.012492138,-0.033382135,-0.048491082,0.25584128,0.30130755,0.15854266,0.38976185
273,6,35,4.0024245,286.85902,21.302913,0.007959165,0.023219448,-0.043661516,-0.0035814157,-0.023103101,-0.017343639,0.35476711,0.40624178,0.21556966,0.33691233
273,6,40,4.0342551,287.8006,21.111134,0.0019032811,0.019405803,-0.010675654,-0.0058773262,0.0062600709,-0.038507439,0.26095959,0.35051137,0.1958502,0.27693279
273,6,45,4.2045685,285.68126,21.520663,0.0061971638,0.018345746,-0.019807597,-0.00086689736,0.010263505,-0.03492277,0.32557926,0.35442485,0.20938806,0.24128546
273,6,50,3.8905632,281.57616,21.594361,0.0085216473,0.018300536,-0.011066179,-0.0018352355,-0.00027278893,-0.010546492,0.31402455,0.32336221,0.20447575,0.2673059
273,6,55,3.5785769,280.38602,21.767377,-0.0091216985,0.033358448,-0.045595527,-0.016166579,0.014734198,-0.02679296,0.36037164,0.34505871,0.28175879,0.30431666
273,7,0,3.2920767,286.69705,21.77398,-0.0068754905,0.0098377363,-0.023783514,-0.0082384042,-0.0091410381,0.0046219514,0.26094661,0.21092585,0.17705269,0.22283255
273,7,5,2.1326097,290.58091,21.694466,0.02410917,-0.0068452549,-0.051222104,-0.018756745,-0.19124214,-0.0082579299,0.51302722,0.23279923,0.1448536,0.55101666
273,7,10,0.55453755,262.20332,22.13212,0.021267451,-0.015691392,-0.024447199,-0.017079766,-0.024968126,0.017625601,0.25176131,0.21498144,0.20010146,0.22207915
273,7,15,0.9037882,269.78882,21.888983,0.029169787,-0.0012725969,-0.0042067503,-0.020227673,-0.02501675,0.017173612,0.31429637,0.18499474,0.20897514,0.3378692
273,7,20,2.6173366,287.68113,20.83138,0.027530437,-0.016885783,-0.11214632,-0.031086181,-0.099523295,0.11716192,0.49455478,0.53480105,0.26285615,0.50189283
273,7,25,2.4808269,258.55889,22.197801,0.026505719,0.015439958,0.006046894,0.02435011,-0.019882906,0.070095706,0.35100862,0.27627122,0.18167194,0.60676738
273,7,30,3.9296084,248.84561,22.778203,0.0024508552,0.0025667513,-0.018563256,0.00035251928,0.0097991794,0.0071768293,0.32124721,0.18966631,0.1536354,0.26067117
273,7,35,3.6693549,245.42388,23.122283,0.0058497587,0.0029513653,-0.009489014,0.00016520305,-0.0087665868,0.0060402123,0.22495381,0.1965449,0.14281015,0.17572396
273,7,40,3.1846894,247.8493,23.178963,0.0086729772,0.001359724,-0.022113602,-0.0040141822,-0.036635004,0.018346708,0.2717626,0.20575815,0.17031754,0.26721917
273,7,45,3.0348444,249.56295,23.17231,0.0060351101,0.010234387,-0.045673899,0.010867289,-0.030747188,0.056515734,0.33037021,0.32263324,0.17904722,0.28961002
273,7,50,3.3943127,254.41084,23.199912,0.0124987,0.0088263016,-0.020867518,-0.010967035,-0.068911956,0.036812084,0.36476392,0.35905711,0.22930704,0.38903102
273,7,55,3.4922241,256.76766,22.771151,0.011026064,0.014431816,-0.0037492977,-0.016485175,-0.022462919,-0.01599234,0.23590365,0.28533683,0.17404328,0.41744002
273,8,0,3.7798522,264.84235,22.566136,0.0030028483,-0.0010558912,0.0068464334,-0.015057279,0.051121508,-0.023818232,0.23613869,0.23277916,0.14334203,0.62939666
273,8,5,3.4386095,257.73226,23.048775,0.0038021083,0.016088199,-0.0083204356,-0.0055072572,-0.040470395,0.0069387734,0.29167536,0.3210177,0.16637787,0.2769473
273,8,10,2.7157705,259.91072,23.05374,0.0093532193,0.021774875,-0.093309891,-0.0038856264,0.0066572176,-0.0051614061,0.43518988,0.53774467,0.23547544,0.3320299
273,8,15,2.7674723,261.55229,23.088966,0.0069206666,0.01292442,0.022443178,0.0039517166,0.0069117348,0.021163162,0.35402606,0.26839898,0.1621591,0.27482011
273,8,20,3.7458531,246.64486,22.796397,0.035764727,-0.0017158427,-0.023302004,-0.01018847,-0.016863149,0.0030981837,0.48033227,0.3247104,0.2655024,0.32253376
273,8,25,4.4379576,243.3307,22.278581,0.033025891,-0.003036804,-0.040587206,-0.014446514,-0.0016266051,-0.0064352863,0.46975005,0.37824633,0.26958379,0.44128619
273,8,30,4.5332547,246.16319,22.422098,0.019788606,0.007050665,-0.010370441,-0.010891783,-0.014428682,-0.0037638275,0.34494541,0.28167765,0.24297259,0.33955359
273,8,35,4.5046706,242.69549,22.448907,0.030141814,-0.0002819536,-0.083736731,-0.026305209,0.017037368,0.0035218464,0.58761056,0.44646062,0.33707101,0.38931666
273,8,40,4.1028898,239.66803,22.32835,0.063803268,-0.017036853,-0.1271407,-0.030376162,0.0080893981,-0.0018305298,0.79152774,0.57297996,0.35853485,0.44880866
273,8,45,2.1580585,229.06636,21.882391,0.029844718,0.0090733316,-0.081336843,-0.011310246,0.12310263,-0.070663814,0.55718717,0.49180373,0.36074095,0.55444835
273,8,50,0.97812194,80.626276,19.253058,-0.0052469721,-0.001394914,-0.00047932687,-0.021151114,-0.004154235,-0.01706831,0.21701501,0.1147249,0.14223741,0.50002975
273,8,55,0.23967065,61.177546,18.772365,0.002206178,-0.0036934516,0.013841655,-0.0092331636,0.091577693,0.027903273,0.26784899,0.16413965,0.1686606,0.5367685
273,9,0,0.25588842,145.87123,19.265315,0.0062674148,0.0021258177,0.0045435309,-0.0045130867,-0.019819283,-0.012988233,0.20620744,0.11035955,0.075105093,0.25740363
273,9,5,0.099327502,240.50011,19.825391,0.0028772002,-0.0012530448,-0.0012851532,0.0060927224,0.0027359222,0.0042039005,0.079403683,0.08603401,0.0630462,0.19438865
273,9,10,0.41824567,300.66197,19.979219,0.0027328242,0.0030350016,0.018054499,-0.0025333978,-0.0056106283,-0.0065940435,0.18499012,0.17921754,0.10892154,0.14993411
273,9,15,0.8858345,259.20605,21.223393,0.0046611137,-0.015333671,-0.033498503,-0.016018377,-4.3960805e-05,0.037135464,0.31981278,0.34741448,0.1827341,0.45404514
273,9,20,3.9881373,249.73883,21.593039,-0.037919564,0.0024272391,-0.052215321,-0.026307542,0.054155938,0.0023943859,0.54442147,0.35896124,0.30356551,0.24325808
273,9,25,4.104635,250.16366,21.216442,-0.019498078,-0.014007102,-0.069929197,-0.045048175,0.050324525,0.010188765,0.57098292,0.45910209,0.37444718,0.26003834
273,9,30,4.2426286,250.16326,21.201289,-0.027762161,0.0035196372,-0.076054951,-0.035219179,0.062156721,-0.0042772378,0.582215,0.43334774,0.34045951,0.27513986
273,9,35,4.4181106,256.49312,21.371246,-0.0010693063,0.0035338775,-0.065791291,-0.0060241588,0.048552378,-0.025714729,0.55300673,0.49548465,0.36075802,0.22354496
273,9,40,2.9289807,273.39728,20.995607,-0.027101655,0.0021645345,0.073784645,-0.025878145,0.12651638,0.077012926,0.57478058,0.48653349,0.27771486,0.36739372
273,9,45,1.3266042,269.86586,19.704825,-0.00042564325,-0.0077633693,-0.17208547,0.020842538,0.4919786,-0.24133737,0.66849629,0.4846243,0.27915987,0.96802033
273,9,50,1.3086383,329.07312,19.941277,-0.025243418,0.006293709,-0.042608371,-0.0029060633,0.043251366,-0.086060886,0.43552601,0.45119577,0.23374567,0.36305771
273,9,55,0.54032306,289.27282,18.994805,0.026097738,-0.055992933,0.016822468,0.079587937,-0.063461118,-0.35264637,0.34840236,0.71210427,0.34865886,0.92829848
273,10,0,0.36449711,243.89458,19.250336,-0.0013821862,-0.0044743928,-0.019890472,-0.0017199823,-0.008296796,0.04575773,0.15949115,0.30651616,0.10636324,0.26124825
273,10,5,0.74409391,294.94019,20.102214,0.021120127,0.016682064,-0.056038612,-0.013328705,-0.0019270541,-0.0021017367,0.37804735,0.36010264,0.26482759,0.26976399
273,10,10,1.3816822,296.01488,20.361506,0.024373106,-0.013972105,-0.0040934619,-0.019304573,-0.062058316,0.001808518,0.5222239,0.31186578,0.2561304,0.20763871
273,10,15,2.1733917,287.20537,20.358276,0.0090694951,-0.0013587717,-0.069795396,-0.0047606281,-0.06611874,0.042762856,0.40053476,0.33824845,0.17051235,0.36733741
273,10,20,1.8167295,292.26717,20.679785,0.016231372,-0.0030998541,-0.0037042632,-0.0053412736,-0.056219034,0.010627577,0.37327046,0.20477817,0.1687797,0.26774706
273,10,25,2.2726605,287.20026,20.405583,0.0029305945,0.0048083146,0.014687666,-0.0058552824,-0.029712913,0.0082088362,0.26285048,0.24748782,0.14174325,0.30815813
273,10,30,2.1115757,292.77972,20.089501,0.012964073,0.0027049035,-0.13459935,-0.01043508,-0.12324929,0.038448875,0.5655457,0.42446412,0.18487768,0.36739361
273,10,35,2.4972855,295.86888,20.071682,0.017385295,0.012344787,0.0030422987,-0.032897116,-0.061674025,-0.016548104,0.37662996,0.26992566,0.22963246,0.3864129
273,10,40,2.5650746,287.2877,19.966799,-0.00010634019,0.002247248,0.010569598,-0.001483271,-0.027839706,0.0056076022,0.21813141,0.20752301,0.12994517,0.25417429
273,10,45,2.2136843,278.23507,20.209277,0.0051254243,0.0025865963,0.00015789806,-0.0023360625,-0.01409853,0.003887685,0.18421123,0.17707301,0.10754744,0.15790543
273,10,50,2.0694704,281.6264,20.004709,0.008162349,-0.00067949398,-0.016392444,-0.010753517,-0.054840527,0.021579084,0.25696437,0.1839724,0.12052262,0.36493309
273,10,55,2.6308548,288.71969,19.823512,0.0055290791,0.001655618,-0.0033348233,-0.0053603794,-0.023800908,0.0091574973,0.22913468,0.1780033,0.13339166,0.23934865
273,11,0,2.7539417,286.18301,20.078208,0.0045849089,0.0043507971,0.00058655702,-0.0040463861,-0.014589909,-0.010299288,0.20208505,0.18469053,0.11936308,0.22909088
273,11,5,2.8447704,285.44868,20.06106,0.0031448909,-0.0017477529,-0.016201349,-0.0084982049,-0.0094208947,0.0064157256,0.29228372,0.20388617,0.1642526,0.20355196
273,11,10,2.7513382,292.75273,20.08483,0.00042303567,0.00068431289,-0.0031360526,-0.0039248322,-0.015538197,0.00057716385,0.21343697,0.15351608,0.1282344,0.20687198
273,11,15,2.9184843,299.8302,20.266974,-0.0010318484,-0.00033871637,0.0021031566,-0.0048164695,-0.018607184,-0.0015854905,0.1976385,0.17492277,0.11810198,0.2220141
273,11,20,2.6992633,299.94955,20.327587,0.0086061651,-0.0017317155,0.010842321,-0.016237849,-0.062872605,0.0013493713,0.30998089,0.27915465,0.16192966,0.44772649
273,11,25,2.3093712,282.35842,20.204071,0.0025658586,0.0018180803,-0.022592786,0.0024050578,-0.043144934,0.020578127,0.26057763,0.28600807,0.14635464,0.489078
273,11,30,2.1774201,289.78232,20.124355,0.053083253,-0.0066712833,-0.037571245,-0.032329451,-0.12827767,0.039705394,0.51341079,0.43415406,0.26563082,0.47833166
273,11,35,1.2841597,242.88717,20.918883,-0.0042261777,0.0043653885,-0.057968833,-0.02656899,0.012792904,0.073380293,0.3974174,0.39452872,0.28756932,0.48001035
273,11,40,1.5237332,236.8786,20.818768,-0.0040472289,-0.0036484363,-0.026793008,-0.016833125,0.038053164,0.042745004,0.39251613,0.42728764,0.25914348,0.35304047
273,11,45,1.4715668,236.14995,20.664289,-0.076444363,-0.029844188,-0.057660004,-0.056153327,0.13547186,-0.0074347529,0.65674662,0.45029858,0.36565928,0.43965631
273,11,50,2.4393732,233.65724,21.246375,-0.042959745,-0.045006523,-0.11094142,-0.061983641,0.13391023,0.017695016,0.82836195,0.581703,0.4647624,0.38357376
273,11,55,3.9476599,244.42912,21.257449,-0.012975071,0.006149961,-0.17323622,-0.029690869,0.059735946,0.0099026355,0.81922813,0.53968637,0.41751613,0.24510192
273,12,0,3.7717342,252.02589,20.986562,-0.039180729,0.001757155,-0.073922371,-0.038135769,0.059122454,-0.0039391172,0.61665181,0.44167577,0.36381329,0.27452011
273,12,5,3.6923755,249.56128,20.963049,-0.033039872,0.01795872,-0.07062302,-0.042677845,0.051229964,-0.0064669821,0.5716173,0.44639824,0.38252657,0.26154784
273,12,10,4.1699414,249.62548,21.136809,-0.068335815,0.032964109,-0.14058862,-0.040912685,0.091052542,-0.014848149,0.76106661,0.50930741,0.44174233,0.25532717
273,12,15,4.406183,255.04902,21.099704,-0.040566028,-0.027329943,-0.090068592,-0.045991287,0.073048086,-0.037019334,0.64074099,0.58824311,0.45926533,0.2716189
273,12,20,3.8453767,263.91652,20.942338,-0.0017581409,0.0075205229,0.057168179,-0.019729419,0.078059319,0.050946849,0.548108,0.5169326,0.31701633,0.28674959
273,12,25,3.4727998,293.69476,20.83258,-0.0047061913,-0.0067926588,0.006170911,-0.0060078842,0.0044126391,0.011734927,0.25671379,0.29472738,0.17164843,0.20061581
273,12,30,1.6467323,13.182944,20.265192,0.0081670191,-0.012300199,-0.12553287,0.0070571305,-0.062198139,-0.013524671,0.38066726,0.56309524,0.20010483,0.41906096
273,12,35,0.76757818,333.07607,20.392574,0.0012188461,-0.022496385,0.033332488,-0.019559177,0.0042208648,0.0097144099,0.20440507,0.40809619,0.19824592,0.28251045
273,12,40,1.0421522,270.60991,20.24264,-0.010184562,-0.002790654,-0.009977721,0.0073725346,0.064998555,0.016656335,0.44556064,0.24138322,0.15847813,0.44963461
273,12,45,2.0733391,281.15303,20.492477,0.00080640584,0.00063679414,-0.051965828,-0.0047626882,0.0078096849,0.013640569,0.40150306,0.27313507,0.16790944,0.28289677
273,12,50,1.1923287,279.07397,18.468672,0.001955978,-0.016681187,-0.077020529,0.039281947,0.0769072,-0.099612729,0.36162407,0.37868309,0.21067854,0.59547216
273,12,55,1.8643323,322.83548,20.331324,-0.021496548,-0.066484405,0.14598113,0.015248358,-0.017450785,-0.17743361,0.3605359,0.68192992,0.20228056,0.44282166
273,13,0,1.2204429,313.77606,19.453914,0.039510682,0.0030541419,0.043439704,0.0038688249,-0.020849802,0.018016848,0.4075289,0.32711347,0.23860613,0.99281141
273,13,5,0.20451684,125.69806,17.010056,-0.051617984,-0.014655056,0.036957503,0.025289474,-0.16133419,0.031558754,0.44125881,0.25689067,0.17300802,0.6322743
273,13,10,0.74112523,146.88643,17.610068,-0.001965267,-0.0013650109,0.0092109128,-0.0085307502,0.0085174345,0.058852185,0.22525646,0.21385928,0.11747611,0.46903815
273,13,15,0.41389724,198.18928,16.454143,0.0065303103,-0.010877343,0.045684615,0.0042857669,0.077389479,0.077084189,0.34364593,0.36239659,0.15044495,0.36989453
273,13,20,1.0038793,263.12969,17.579896,0.00030621401,0.00093009596,-0.019159519,0.0017701918,-0.020999488,0.031941668,0.25242907,0.28522266,0.15194711,0.2275114
273,13,25,0.94202419,265.93883,17.823598,0.010115095,-0.004862209,-0.020481143,-0.013888082,-0.021574604,0.031480457,0.32656436,0.31817197,0.18670305,0.21146524
273,13,30,1.1868817,256.54948,17.473871,0.0055196281,-0.018857525,-0.096975019,0.0072079608,-0.0065503779,0.0013610571,0.48768982,0.31598343,0.19717996,0.23339374
273,13,35,1.2675577,294.87573,18.130562,0.02271158,0.0041913818,-0.011513249,-0.010632013,-0.042902042,-0.014405881,0.40111154,0.26888942,0.18137401,0.24720054
273,13,40,1.7608974,232.24106,18.814885,-0.13873938,0.013737894,-0.38084258,-0.043484129,0.06872159,-0.020889276,0.98749056,0.78480383,0.52834578,0.29553657
273,13,45,1.3628888,169.50464,18.374952,0.02757848,0.016627063,0.090026484,-0.010212154,-0.082112051,-0.051267064,0.60393746,1.0869665,0.42001522,0.33566931
273,13,50,1.4978423,135.90865,17.05662,0.0016029455,-0.010076853,0.025005393,-0.00096495656,-0.0068363829,-0.013858899,0.19060387,0.34074205,0.14666746,0.1443739
273,13,55,0.80459602,165.6473,17.30214,0.004120278,0.0083004195,0.030059838,-0.0059822901,-0.033322003,-0.020230377,0.27692699,0.1785774,0.1122257,0.21261723
273,14,0,0.80113885,168.82672,17.610364,-0.063204173,0.011360514,0.038706407,-0.050563205,0.15832357,-0.065891978,0.62445964,0.55345694,0.33433288,0.4122973
273,14,5,4.2590837,236.83213,18.60367,-0.055575513,-0.024745602,-0.36934641,-0.0054528579,0.044393101,-0.0011036134,1.1030679,0.81997916,0.58791816,0.16924589
273,14,10,4.8123972,240.63248,18.559973,-0.035271576,-0.050494013,-0.42519523,0.0075055246,0.002269839,0.011754587,1.2241341,0.83868957,0.66629733,0.16418045
273,14,15,4.3806385,240.89235,18.65589,-0.080326772,-0.042989806,-0.22387235,0.0015283257,0.009165077,0.031884033,1.0184543,0.77901513,0.62495051,0.17346234
273,14,20,2.7989943,225.22989,19.001009,-0.058935021,-0.019506039,-0.41199993,-0.00040055219,0.13338014,-0.088034926,1.0224384,0.93966479,0.56510234,0.2958373
273,14,25,0.72428383,81.494312,18.120474,-0.10055839,-0.033462314,0.084257158,0.004157226,-0.014842645,0.0065233003,0.55955687,0.39827046,0.27451189,0.15771955
273,14,30,0.97251345,125.09159,18.124672,-0.0085921918,-0.010322057,0.0019248139,0.00054409231,-0.0018286085,0.00032666073,0.31448344,0.28639261,0.16171107,0.10737977
273,14,35,0.64897845,122.38495,17.9975,-0.031215783,-0.018719815,0.061437289,0.006250901,-0.020382458,-0.014827564,0.48008684,0.29610487,0.20958146,0.10949315
273,14,40,0.59422495,227.89463,18.471913,-0.012958058,0.015537505,-0.37519178,0.030285232,0.23022133,-0.15132461,0.87550082,0.76243906,0.31433984,0.39730239
273,14,45,4.1122639,237.26528,19.477121,0.0098502031,-0.068437482,-0.35672403,0.021048798,-0.097634802,0.034431778,1.2593322,0.83521676,0.68807666,0.28479034
273,14,50,5.315759,231.53423,19.014775,0.063484802,-0.094895272,-0.2073993,0.0078347205,-0.026232812,0.027257155,1.1970024,0.96209855,0.59267895,0.37012099
273,14,55,6.01415,231.9482,18.672956,0.12145666,-0.095185684,-0.29040533,0.010024158,-0.047527728,0.076332186,1.3813464,1.0992946,0.60097277,0.34183641
273,15,0,5.3501041,231.74599,18.931731,0.0017017879,-0.040773282,-0.2560436,0.011384402,0.011999241,0.036677405,1.190079,1.0116567,0.62166504,0.31226149
273,15,5,5.5495054,232.45083,18.581916,-0.0071755963,-0.10982952,-0.53160479,0.026828072,0.051901896,0.0025194498,1.4372275,1.1258077,0.71200754,0.33950854
273,15,10,5.3702138,232.8021,18.696515,-0.1593423,-0.029530786,-0.53265714,0.044111369,0.0021933468,0.011678674,1.5424718,1.1064422,0.74492936,0.32376545
273,15,15,5.2291952,234.51522,19.114902,0.020407834,-0.0059809673,-0.47257269,0.0095633665,0.022827497,0.030362779,1.3394712,1.0381792,0.69092507,0.32569586
273,15,20,4.830934,236.48279,19.591404,0.003005361,-0.038250474,-0.45102609,0.011074466,-0.059295386,0.033843605,1.3755503,0.96269695,0.6581905,0.33947119
273,15,25,4.7880847,240.77312,20.196257,-0.04751122,0.047777369,-0.62719516,-0.0071285845,-0.0051996696,-0.027184114,1.3249653,0.89465685,0.63601686,0.41129931
273,15,30,4.2126993,243.37188,20.949007,-0.10001468,0.038188524,-0.45497711,-0.035065567,0.0242629,-0.047891124,1.3019344,0.78404659,0.59602607,0.4691361
273,15,35,2.6063007,25.848982,20.05594,-0.086460049,0.076163357,-0.17181763,0.054348896,-0.22305541,0.057480791,1.0898756,0.57861941,0.42064432,0.33829286
273,15,40,2.834124,34.681876,19.454433,-0.14029309,0.023439961,0.038762647,0.073986958,-0.13320418,-0.031961049,0.68693094,0.61554436,0.40762655,0.35066744
273,15,45,2.4908717,60.196402,19.44784,-0.056658374,-0.024684784,-0.02947729,0.055189501,-0.094005472,-0.033286766,0.49522747,0.63908307,0.32750942,0.32559311
273,15,50,2.4343434,73.434152,19.179119,-0.024231499,-0.0067545529,0.068326498,0.049790543,-0.047687921,-0.010200578,0.50535135,0.42394929,0.36045086,0.2955711
273,15,55,1.4452518,71.956128,19.147205,-0.031943942,0.0052702116,-0.012420879,0.093982294,-0.067860173,0.0040250425,0.37916224,0.24404687,0.31635537,0.41254977
273,16,0,1.2272761,82.389013,19.035763,0.058139096,0.025315843,0.028252489,0.052808201,0.035211455,0.042546662,0.40565999,0.32206857,0.32697735,0.32846161
273,16,5,1.1017694,130.52183,19.228924,-0.032355192,0.045890201,-0.0021918652,0.14542455,-0.087308717,0.055468447,0.38644906,0.37758211,0.38977604,0.55506415
273,16,10,1.6100861,98.341124,19.111435,0.012662811,-0.017893636,3.6273952e-05,0.037236878,0.00637438,-0.0037113307,0.36755082,0.30408781,0.30697075,0.28575206
273,16,15,1.1908099,106.62111,19.286664,-0.11460594,0.017539342,-0.12796084,0.12986843,-0.16647731,0.023671063,0.58349804,0.42262536,0.40146416,0.47793973
273,16,20,1.5388789,95.259943,19.391829,0.035189853,0.0029124745,0.05750354,0.083773654,-0.014179236,-0.015224013,0.58380295,0.34023483,0.35727301,0.39537726
273,16,25,2.1637417,94.002588,19.301215,0.011505236,-0.010939138,0.047804653,0.043001496,-0.022570159,0.0046868052,0.67551629,0.34250964,0.30981547,0.27364706
273,16,30,1.6215904,98.2604,19.391355,-0.0029830534,-0.023744601,0.084393789,0.10327802,-0.054863518,-0.028982651,0.57369576,0.36028567,0.42789598,0.39680196
273,16,35,1.9114241,91.880525,19.491254,-0.014822996,-0.06218094,0.0090418918,0.11229486,-0.095932121,-0.033134539,0.51270876,0.38350703,0.40880665,0.45284517
273,16,40,1.8216455,105.4019,19.494472,0.024072167,-0.012616088,-0.0034878412,0.11200177,0.034299142,0.020057312,0.4612082,0.37421801,0.40076351,0.43488218
273,16,45,2.0489412,67.248116,19.965803,-0.051801975,-0.042853989,0.06321549,0.10739434,-0.07903109,-0.069041981,0.50706999,0.62025512,0.37436677,0.55608277
273,16,50,2.1930119,78.945968,19.864817,-0.033250344,-0.0085469886,0.055174117,0.11108746,0.012451058,0.030421196,0.56011319,0.51083298,0.43826039,0.46931122
273,16,55,2.0876273,83.133926,20.041973,-0.008804677,-0.013853969,0.07340529,0.22465021,-0.044436246,0.030249946,0.5014332,0.49112266,0.52122888,0.64575449
273,17,0,2.2158139,90.734813,19.986862,-0.12445986,-0.015743142,0.021160059,0.20418454,-0.14397328,-0.010033988,0.57168573,0.40288625,0.55422441,0.58833559
273,17,5,1.4801093,107.93499,20.222328,-0.047435313,-0.024826472,0.032563631,0.16270848,-0.1348734,-0.037048378,0.89144689,0.52349313,0.43329208,0.58837873
273,17,10,1.9145973,152.21369,20.182664,-0.051214794,0.0084173441,0.13285892,0.13130419,-0.055077913,0.021187694,0.60037968,0.59669068,0.41670529,0.51274816
273,17,15,2.074131,150.06769,20.199446,-0.053517361,-0.014178065,0.070875442,0.10041333,-0.067880224,-0.019537812,0.48733909,0.48468462,0.47529081,0.42571875
273,17,20,2.3078984,120.44819,20.329902,0.056882567,0.0099635138,0.031159797,0.13895521,-0.0021153459,0.016197289,0.65797962,0.34076013,0.39247924,0.56630089
273,17,25,1.7849738,110.9697,20.404461,-0.007431586,-0.004600069,-0.02714687,0.099172176,-0.027500464,0.00078292751,0.51509036,0.46349674,0.4501225,0.3842427
273,17,30,1.1685153,129.65383,20.878321,0.03190283,-0.00083516206,0.0072346945,0.093254967,-0.043691173,-0.0063510677,0.57795901,0.58113313,0.39784649,0.54229349
273,17,35,1.8541164,101.59827,20.575918,0.10318735,-0.077979958,-0.086127975,0.13239329,0.07884152,-0.053424335,0.46749899,0.43307994,0.45753468,0.47425567
273,17,40,2.2429057,112.7794,20.749556,-0.0038502261,-0.011321085,-0.023429722,0.17879972,-0.017720798,-0.025592396,0.47701758,0.66355866,0.44844833,0.58672233
273,17,45,1.3376699,125.40145,21.023843,-0.069767546,0.043928478,-0.020779079,0.17530991,-0.1139718,0.027698405,0.58163828,0.52051573,0.46601722,0.58074814
273,17,50,1.830053,119.04117,21.239383,-0.16106018,0.098743239,-0.19077945,0.2873871,-0.36033757,0.16309669,0.81791127,0.51145201,0.53006015,0.74734161
273,17,55,0.76838807,130.99644,21.619042,-0.02432308,0.036068721,0.045889015,0.19956109,0.0075761672,0.056154382,0.64944929,0.41402152,0.49874764,0.58846112
273,18,0,1.9876853,117.59736,21.401788,0.035851533,0.021170617,0.043311444,0.10893472,-0.063908499,-0.010327955,0.62770414,0.36798943,0.42590709,0.47624626
273,18,5,1.2162892,64.016237,21.437435,0.052335169,0.060805044,0.052250444,0.060984186,-0.0078315478,0.024921454,0.52163383,0.42278266,0.44516935,0.25736589
273,18,10,1.6672664,91.715834,21.814654,0.096762979,-0.066868798,-0.094731364,0.17104969,0.031420968,-0.024373136,0.5792395,0.4680522,0.48618335,0.55433272
273,18,15,1.3091014,133.70628,21.782554,-0.010695248,-0.02020634,-0.028824104,0.095668418,-0.065709013,0.011604726,0.5227669,0.59288975,0.51072794,0.369151
273,18,20,1.2884725,113.44045,22.530972,-0.0838533,0.076811724,-0.1199174,0.21243771,-0.080923784,0.091555577,0.58539151,0.51768225,0.49906491,0.63099109
273,18,25,1.5426137,100.25911,22.773561,-0.052271363,-0.028308891,0.13219351,0.18088296,-0.10508151,-0.098183701,0.55624017,0.50151573,0.45852302,0.69088727
273,18,30,2.0580208,88.589728,22.437369,0.015001444,-0.018351986,0.088637833,0.12495034,-0.012015122,-0.0043182623,0.7067292,0.42433991,0.38595843,0.55984435
273,18,35,1.1543312,139.42744,22.777485,0.013731702,0.0270007,0.23205018,0.12453975,-0.062032548,-0.029443243,0.7644148,0.81693163,0.39584159,0.62400011
273,18,40,1.7813988,53.301899,22.724507,-0.077035843,-0.084397868,0.26985736,0.17350236,-0.10346494,-0.13457292,0.55237154,1.0769902,0.57740858,0.52458789
273,18,45,1.7545483,97.413225,23.089591,0.023874558,-0.088928471,-0.086643907,0.21827085,0.043990821,-0.05329191,0.64491675,0.45771938,0.55796594,0.63396098
273,18,50,2.0387753,57.437771,22.644948,0.034120544,-0.038458061,-0.17691095,0.070273116,0.019607065,-0.0085298772,0.6334948,0.53631954,0.49694793,0.28493284
273,18,55,1.3706902,86.334813,22.970764,-0.10441439,0.037880249,-0.49713078,0.079125107,-0.095344854,0.060047949,0.7530729,0.87318283,0.49479809,0.38598279
273,19,0,1.2800276,94.309724,22.935993,-0.0072528877,-0.052153661,-0.010394869,0.021645716,-0.019363991,0.0078391204,0.34223096,0.38932199,0.41945668,0.20488455
273,19,5,0.72465046,61.06284,23.453574,-0.02158314,0.0063973573,-0.090428609,0.060961259,-0.041372059,0.023817911,0.41635444,0.59125811,0.37134871,0.35797919
273,19,10,0.6495792,132.87536,23.974873,-0.015595705,0.034597664,-0.0690011,0.064837621,0.009031733,-0.0038749368,0.52087392,0.47040923,0.58940367,0.40626537
273,19,15,1.541953,198.49998,23.97956,0.00048216895,0.0091346297,-0.19330663,0.17916522,-0.050214274,0.0193411,0.7697524,0.54209352,0.46649293,0.6422912
273,19,20,2.9627346,140.24677,24.235536,0.022983551,0.041160519,0.18218386,0.096685085,-0.043260229,-0.096939422,1.2505216,1.0896617,0.45541137,0.58733438
273,19,25,3.8973632,114.74152,23.941459,-0.042353843,0.029358239,-0.073293675,0.11997489,-0.10835508,0.074018196,0.98812496,0.78025429,0.47032981,0.52366163
273,19,30,1.7701291,128.68349,24.050337,0.10817812,0.097128886,0.16651073,0.10953465,-0.0013227376,0.021843724,0.77785827,0.82241657,0.57586292,0.43350389
273,19,35,2.582725,132.66738,24.543484,-0.018604188,0.022779576,-0.15620544,0.23541834,-0.040962285,0.13077901,0.78617326,0.72464772,0.53653421,0.6919462
273,19,40,2.5751578,93.044403,24.936437,-0.051262381,-0.067701715,-0.0036815192,0.16789881,-0.060911986,0.002014235,0.83415057,0.68563295,0.55410225,0.59596702
273,19,45,2.9251192,134.49785,24.858325,-0.16816672,-0.068772068,0.24484312,0.20070706,-0.19557535,-0.056359838,0.91933385,0.7394118,0.57542111,0.66890468
273,19,50,3.1636389,142.55279,24.795068,-0.072490174,0.083507252,-0.05455563,0.24708095,-0.20136026,0.23642373,0.81842134,0.57649157,0.47535915,0.77477992
273,19,55,3.8050379,133.62965,24.595809,-0.02195841,0.10284868,-0.064827676,0.13016268,0.031769807,0.21280828,0.81928806,0.92814364,0.42878657,0.59819263
273,20,0,3.1791232,133.35557,24.511988,-0.06126751,0.010224072,-0.11336229,0.14004142,-0.071764628,0.020598753,0.57641426,0.66490989,0.46869022,0.49433446
273,20,5,2.2739969,96.36193,24.979035,-0.11205335,-0.056842593,0.4017513,0.18505377,-0.11353308,0.068138213,0.90868069,1.0741466,0.51735229,0.63472015
273,20,10,3.6885396,45.998617,25.036014,-0.15909445,-0.10088177,0.61574936,0.22188576,-0.039051886,-0.05564411,1.1982088,1.1524512,0.63348734,0.68682948
273,20,15,3.5855082,60.131144,25.111872,-0.10354287,-0.080442094,-0.19475441,0.24422583,-0.057410469,-0.12115793,0.93245429,1.2594756,0.64429259,0.64891441
273,20,20,3.6404012,54.281834,25.387509,-0.24930579,-0.16776325,0.10649838,0.29196255,-0.40055224,-0.049768312,1.0861059,0.90923554,0.74266408,0.73686219
273,20,25,3.8480044,45.815813,24.961771,0.113688,-0.087265876,0.14269535,0.17428166,-0.029505601,-0.059954132,1.1504832,0.89241079,0.57690138,0.57494308
273,20,30,3.8132421,61.624384,25.199028,-0.22647128,0.029128769,-0.46286526,0.20600448,-0.12834072,0.011363456,0.98542327,1.3038594,0.73108209,0.55891277
273,20,35,4.1218002,37.956743,25.290219,-0.062907859,-0.11752623,0.249944,0.14070599,-0.10312399,-0.17912563,1.0309283,1.030593,0.55819829,0.55830558
273,20,40,3.7805362,38.393837,25.119328,-0.10040173,0.0082631537,0.13769554,0.1964595,-0.21830304,-0.098696557,0.96005284,0.66309327,0.53014673,0.67262779
273,20,45,4.0412869,32.382558,24.924043,-0.060894277,0.0050884233,-0.069886034,0.094457971,-0.13312611,0.043227162,0.91637483,0.72374777,0.50588921,0.54899844
273,20,50,4.4836834,24.455007,25.008416,0.0094597489,-0.074416265,-0.1544814,0.13507857,-0.066212138,-0.020871712,0.89441724,0.87503525,0.63989169,0.5457336
273,20,55,4.1618041,26.925628,24.772549,-0.04989428,-0.01106965,0.04116479,0.096381295,-0.072347352,-0.0020052031,0.76708379,0.55273091,0.43014561,0.40068922
273,21,0,3.762003,31.853385,25.045904,0.053855817,-0.063234017,-0.064105079,0.15101296,-0.053902483,-0.049439422,0.90959537,0.75900382,0.58202589,0.4548328
273,21,5,4.3690957,30.706511,24.979342,-0.06820482,-0.023638577,-0.036914688,0.12429776,-0.21135974,0.0043762569,0.93510438,0.61842907,0.49560735,0.52502745
273,21,10,3.6976874,29.93266,25.296259,0.020386115,0.0093241196,0.11503196,0.16596178,0.05658049,-0.095943422,0.81572062,0.82553937,0.62084119,0.54507139
273,21,15,3.4344335,47.110424,25.471621,-0.13357422,-0.078189254,0.15368033,0.20074192,-0.21995394,-0.080539837,1.0882053,0.99822143,0.64401092,0.58144106
273,21,20,4.2936699,35.285602,25.203088,-0.20160264,-0.072974605,0.25788128,0.13740434,-0.28497182,-0.054690788,1.2409524,0.71394767,0.55230613,0.53130482
273,21,25,2.7508978,24.190087,25.20558,-0.023634032,-0.0041693631,-0.45514492,0.13958123,-0.044606137,-0.0014601651,1.2410889,0.90514698,0.53063524,0.54694325
273,21,30,4.4114951,34.794113,24.947849,-0.12830935,0.030423088,-0.0073884158,0.12683193,-0.14075462,0.062583006,1.0578666,0.73043729,0.54539565,0.47571808
273,21,35,4.3201465,34.090188,25.00202,-0.19547244,0.0058782662,-0.12182415,0.12423054,-0.1390839,-0.09466749,1.1047926,0.79802949,0.49859724,0.50143742
273,21,40,4.2416245,27.359921,24.738136,0.067541069,-0.047073145,-0.30120924,0.063770797,-0.057355144,-0.018828047,1.373689,0.58817141,0.49986414,0.29936738
273,21,45,3.6376725,32.064629,24.897461,-0.1602984,-0.021596188,0.046538292,0.087691612,-0.096594525,-0.0022966472,0.9149861,0.576997,0.5017911,0.36807748
273,21,50,3.2165636,26.471663,25.173521,-0.084269178,-0.015107994,-0.17252351,0.16046316,-0.12953362,-0.068257369,0.89167723,0.76891003,0.50189203,0.54365638
273,21,55,3.3763349,26.775261,24.793333,-0.14776625,-0.021464443,-0.03412377,0.054978739,-0.085319382,-0.018048451,0.96761519,0.46235273,0.42417371,0.24490799
273,22,0,3.0052362,26.04406,25.062811,-0.15034563,0.004615063,-0.096473588,0.1233534,-0.16965616,0.0012766583,1.0212469,0.67184621,0.50738902,0.42709673
273,22,5,3.4006202,23.210976,24.965946,-0.03020017,-0.020286327,-0.10500109,0.083344643,-0.08835212,-0.010387668,1.1866504,0.69326511,0.4771553,0.37674058
273,22,10,2.3075384,38.940994,25.298938,-0.17924658,-0.023346736,-0.64990989,0.12480436,-0.018569253,-0.069264781,1.237179,1.0533861,0.66015405,0.4015109
273,22,15,3.0249294,51.208456,25.213263,-0.036011099,-0.014086379,0.047095822,0.097413688,-0.06544622,-0.05727001,1.2237018,1.0579069,0.54263294,0.38263337
273,22,20,2.4455212,30.890399,25.094738,0.088372912,-0.088024153,-0.16634216,0.094949319,-0.056731813,-0.052221793,1.067436,0.60530547,0.539514,0.32051989
273,22,25,2.5229192,13.101338,25.104263,-0.07610921,0.025325779,-0.82087375,0.059675112,-0.003679491,-0.038237616,1.4895936,0.90891347,0.53145899,0.27692595
273,22,30,1.2748623,338.65611,25.294344,0.28418294,-0.046279538,-0.10453098,-0.025738781,-0.10746266,0.0065903421,0.90190747,0.71297665,0.66939569,0.28814267
273,22,35,1.6805299,37.546803,25.26979,0.096962472,-0.034082933,-0.25275387,0.092527765,0.040653178,-0.055680242,1.1606278,0.64286522,0.45156817,0.36840216
273,22,40,2.3201444,24.636124,25.351667,-0.026577364,0.0090084969,-0.33021917,0.093152337,-0.018276704,0.049871827,0.90989685,0.79269533,0.53108716,0.36212476
273,22,45,1.6575282,7.2759813,25.278567,-0.13914295,0.043887819,-0.34737521,0.10470645,-0.047418457,-0.023173505,0.8063975,0.83742292,0.46445675,0.38086302
273,22,50,2.4102548,30.563191,25.325189,0.093155981,-0.086785371,-0.19634412,0.051453785,-0.10472557,0.0053443637,0.95205907,0.80844943,0.52229482,0.29871781
273,22,55,1.9508046,338.34351,25.248023,-0.014833356,-0.16435732,-0.31588486,0.12456058,-0.059556588,-0.19358714,0.84344919,0.98366131,0.43023191,0.42229909
273,23,0,0.55716634,27.3557,25.474269,-0.12596615,-0.057034755,0.033960622,0.098025279,-0.086239392,-0.012904509,0.79982016,0.62116021,0.55028866,0.36469903
273,23,5,2.9512515,40.837606,25.399876,-0.028792034,-0.055063971,-0.10666168,0.036542824,-0.0030104494,-0.016342573,0.95018437,0.63650938,0.42507746,0.25545232
273,23,10,3.1734359,45.2458,25.358871,-0.0092932962,-0.10025276,0.14578868,0.094459581,-0.051216111,-0.045740657,0.72710483,0.8001786,0.60524436,0.29754331
273,23,15,1.8342874,43.717243,25.154094,0.063435811,6.924695e-05,-0.11494673,0.041141701,0.0078702238,-0.0099148521,0.76676344,0.74915908,0.52352972,0.19679233
273,23,20,1.9601834,14.452628,25.331448,0.039981708,-0.057728529,-0.050696317,0.072199005,-0.020597852,-0.02404326,0.69238498,0.58445399,0.45246929,0.29356511
273,23,25,1.9777863,13.790757,25.195376,0.040882694,-0.039818067,-0.12624125,0.052958734,-0.0048418016,-0.029916691,1.1099787,0.64284032,0.45565729,0.22805746
273,23,30,2.1520945,19.635818,25.028038,-0.0097719395,-0.050172101,-0.013755482,0.022436578,-0.01990002,-0.032014568,0.54819815,0.55296606,0.31486951,0.1469009
273,23,35,1.9128796,29.287966,25.146892,-0.053200299,0.025978628,-0.0098444422,0.027989298,-0.0021919899,0.015652264,0.88235295,0.51201148,0.33884498,0.17829949
273,23,40,2.0520006,53.651215,25.250824,-0.11897129,-0.044186498,0.023412891,0.023849539,-0.02905688,0.0026460018,0.74684805,0.73576607,0.46436159,0.16271447
273,23,45,2.6213397,38.831184,25.113058,-0.02307987,0.013776811,-0.14373759,0.021406537,-0.012978973,0.0068271811,0.89530101,0.77567996,0.44828601,0.12448506
273,23,50,1.748852,41.389616,25.164499,-0.075422437,-0.035977264,0.029764343,0.025016399,-0.026127177,-0.014919554,0.53955888,0.40979754,0.33344816,0.15481053
273,23,55,2.1717661,48.909828,25.083521,-0.023147361,-0.076390479,-0.076287646,0.011816234,-0.011820477,-0.010326695,0.67367521,0.4845795,0.41008906,0.10466909
274,0,0,1.7011314,72.626799,25.131237,-0.099702668,-0.0027962665,-0.059347466,0.0049415061,0.0025710746,-0.0022245068,0.72481104,0.58277468,0.38588468,0.071866819
274,0,5,2.3099647,46.026143,25.021773,-0.027772164,-0.014425098,-0.052001707,-0.0034992135,0.0031399558,-0.023727534,0.55826328,0.48578922,0.28175246,0.094508572
274,0,10,2.2106593,38.887539,24.93901,-0.021254795,-0.0078195369,-0.02226206,-0.011528973,0.0035223617,-0.0051941649,0.39342269,0.38265345,0.26591245,0.085952478
274,0,15,2.5899147,32.776604,24.948215,-0.047213642,0.0058785929,-0.074148514,-0.011871261,0.020675875,-0.0039542893,0.62933073,0.38757913,0.25021662,0.086318152
274,0,20,1.6507965,32.368262,24.948108,-0.010497762,-0.0046316868,0.057826117,-0.0081281237,0.0032904915,-0.001977467,0.37367069,0.36272043,0.20593952,0.086340969
274,0,25,1.9876816,38.523878,24.92018,-0.002663146,0.00074361823,0.030856954,-0.0074063418,0.018066096,0.0017274598,0.40580944,0.41928332,0.22677027,0.10961859
274,0,30,2.0861759,39.482223,24.937573,-0.0095786945,-0.011294101,-0.031790472,-0.0043468248,-0.0014597412,-0.0021204996,0.43161129,0.40668694,0.21570104,0.084447423
274,0,35,1.1892896,29.14037,24.8734,-0.015663999,0.0025517706,-0.044182044,-0.0072781255,0.00085843972,-2.3299428e-05,0.38002093,0.27250955,0.19765844,0.073684225
274,0,40,0.86535598,49.076723,24.715032,-0.014057503,-0.0014570211,-0.022363847,-0.0055465129,0.016177398,-0.025996574,0.28231892,0.35224147,0.17357455,0.13741062
274,0,45,0.32022494,106.41317,24.509752,-0.013251313,-0.022140531,0.066038892,-0.01799862,0.030120389,0.039649027,0.33358987,0.3247986,0.18974332,0.20195894
274,0,50,0.20417828,296.33697,24.648637,0.021274251,0.0055299337,0.016917275,0.00063714771,-0.0061917082,-0.0023349524,0.2581653,0.18619139,0.16673492,0.11369993
274,0,55,0.38820065,311.24363,24.551575,0.0036485566,0.00726643,0.0032081153,-0.0027553897,-0.00018789165,-0.0093192538,0.20572387,0.25320418,0.14978617,0.11069481
274,1,0,0.68150251,359.27631,24.628671,0.0055334109,0.0029858719,-0.050843576,-0.004535621,0.020508073,-0.029184197,0.31014885,0.31998369,0.14927746,0.17029828
274,1,5,0.31890494,344.23674,24.711929,-0.0055176184,0.0028669696,0.0044742907,0.0016924115,-0.0021486791,-0.013048002,0.21908928,0.22158921,0.15336723,0.14028607
274,1,10,0.9777035,13.860588,24.841699,-0.0067230857,0.0069610882,-0.0091556011,-0.0094618494,0.012685137,-0.0073255333,0.24572589,0.20789513,0.18089611,0.11010005
274,1,15,0.77591704,356.98669,24.701148,-0.011759672,-0.0078655037,0.0059674988,0.0010140253,-0.00033128285,-0.021630982,0.24675067,0.32492525,0.16621805,0.148392
274,1,20,1.1370738,302.29202,24.058724,-0.010712962,-0.0043588099,0.040912606,-0.0027981124,-0.095309612,-0.037522218,0.37159362,0.22060601,0.16779215,0.36896244
274,1,25,1.2599881,286.32595,23.973111,0.0030998683,0.0027424995,0.0019085817,-0.0045359873,-0.0082800793,-0.015490537,0.18638995,0.19864769,0.14968064,0.2079572
274,1,30,1.3622864,272.95794,23.735409,0.0079211513,-0.0009817062,-0.0081257168,0.0024229896,-0.0061514069,0.0024829299,0.21375793,0.17903718,0.12566434,0.15759168
274,1,35,1.3212884,288.81677,23.803643,0.011492648,0.001936556,-0.024818847,-0.010533464,-0.047429943,0.0037106943,0.30640631,0.23064889,0.1424911,0.25032349
274,1,40,1.084043,291.58998,23.810036,0.015172328,0.00039159131,-0.0035457548,-0.01557417,-0.064992055,0.0046715248,0.2701846,0.19979128,0.15326984,0.40388485
274,1,45,1.4450451,289.87035,23.777134,0.010941326,0.0054222115,0.0070582728,-0.0099283999,-0.035116634,-0.0032714771,0.21444816,0.17395244,0.13664904,0.26514652
274,1,50,2.1154704,291.27603,23.268055,0.0014592884,0.014773316,-0.011338693,-0.0024568371,-0.043089642,0.025200099,0.27307319,0.25670828,0.15504773,0.31309
274,1,55,2.3152512,291.13788,23.303542,0.014934154,0.0079619735,0.0034827789,-0.010869982,-0.046394122,0.020853679,0.27154044,0.26344048,0.17067769,0.32388838
274,2,0,1.5519384,296.61563,23.509882,0.03441814,-0.0054008445,-0.04551463,-0.026918319,-0.11673213,0.042262667,0.44202813,0.25907757,0.19230828,0.42168441
274,2,5,1.3342592,286.08119,23.515499,0.017463128,0.00037118703,-0.02666824,-0.013110394,-0.092081025,0.045978144,0.33560795,0.27432818,0.17081054,0.42232281
274,2,10,2.1504055,295.46492,23.39649,0.021725351,0.0022432468,-0.0051786707,-0.011917964,-0.063227321,-0.011432144,0.35510636,0.20212948,0.17254309,0.32410014
274,2,15,2.4865925,292.22355,23.197606,0.0057063333,0.00084519816,-0.0031355077,-7.1015362e-05,-0.0037893898,-0.0049626489,0.19292243,0.14421449,0.1238312,0.19951814
274,2,20,2.7340884,291.27265,23.131454,0.0041799113,0.0036437149,-0.011550739,-0.0021265616,-0.014508316,-0.00090491348,0.19656252,0.1589981,0.11832326,0.17258975
274,2,25,2.4968431,290.97829,23.192648,-0.00066375671,0.0038704106,-0.0016183822,0.00043010545,-0.010887338,0.0044476633,0.21137096,0.14380109,0.10598289,0.18478167
274,2,30,2.1640478,285.83621,23.200045,-0.0072458926,0.0026683856,-0.010983911,-0.00066283483,0.00097878594,-0.001119491,0.22192576,0.14000157,0.11901717,0.17432369
274,2,35,2.1397105,294.14298,22.979255,0.010892375,0.0013084976,-0.007773712,-0.014003049,-0.071948178,0.016789693,0.28151177,0.17955692,0.12226498,0.37469996
274,2,40,2.7006125,292.19581,22.963143,0.0099020933,0.000607807,-0.0024776732,-0.0053555138,-0.023851715,-0.00077750956,0.22637428,0.16688514,0.13818349,0.23390732
274,2,45,2.8068542,290.89808,23.028206,0.0020562944,0.0014276867,0.001326143,-0.00071354752,-0.04194449,0.0043826558,0.17890678,0.15672304,0.1063742,0.41699853
274,2,50,2.7664634,295.3812,22.917854,0.00094567912,-0.001320164,0.0038285889,-0.0030894495,-0.027755115,-0.010443948,0.21557896,0.1258843,0.093129926,0.28267304
274,2,55,2.6481467,294.02102,22.831904,0.002570674,0.00073782611,-0.0029255688,-0.0041876466,-0.011032072,-0.0036747554,0.19093009,0.15692189,0.11692408,0.19908086
274,3,0,2.552003,299.56877,22.798669,0.014082521,-0.0087735997,-0.016664519,-0.010719683,-0.071057469,0.0099896693,0.34194521,0.22908744,0.17769199,0.3744987
274,3,5,2.4229336,299.00894,22.918934,0.031704075,-0.037339712,0.0030086189,-0.0066317514,-0.055762998,0.0063405565,0.36027865,0.38815736,0.39828042,0.48953653
274,3,10,2.8779932,296.30792,23.307357,0.011444845,0.0012644591,0.0054151421,-0.0092150163,-0.026367921,0.00025056688,0.26942067,0.2107136,0.15987483,0.24358347
274,3,15,3.1789767,297.75067,23.481271,0.0029371895,-0.0053262829,-0.0093900615,-0.0066288763,-0.011662753,0.0048577893,0.22337604,0.18193575,0.13602149,0.22374283
274,3,20,3.4363007,292.91116,23.176663,-0.0013674944,0.0052560072,0.0069091,-0.0025326787,-0.006489233,-0.0077632931,0.19586098,0.20109815,0.15407855,0.2628614
274,3,25,3.3652023,296.49273,23.176845,-0.002961368,0.0056045526,-0.00053775849,-0.0070149424,-0.01090649,-0.021193948,0.18956553,0.1695245,0.14411701,0.34310695
274,3,30,3.1554056,294.08428,23.231959,0.0026736351,0.0019020595,-0.0010537046,-0.0067623661,-0.0048357315,-0.014687631,0.18328076,0.15354184,0.12816381,0.29384542
274,3,35,3.3820075,293.31737,22.827378,0.0049193319,0.0031123537,0.0012170764,-0.0014255833,-0.014719419,-0.030877716,0.1903344,0.21673157,0.1418562,0.30380302
274,3,40,3.5406355,286.76581,22.754359,0.00026787173,0.010117436,-0.01027341,-0.0037468059,-0.012540646,0.0075143727,0.24395219,0.26349681,0.16011224,0.24446217
274,3,45,3.1457987,284.20198,22.951453,-0.00059577931,0.0050896056,-0.020207188,-0.0065271033,-0.012283403,0.0023594929,0.3133378,0.19584883,0.15610009,0.32342137
274,3,50,3.0566895,282.78776,22.997579,-0.0063387066,0.0038359821,-0.031257482,-0.0099477404,0.0037784199,-0.0041443213,0.31839662,0.21508292,0.18244599,0.29241824
274,3,55,3.0786649,289.00855,22.940639,0.0020652308,0.0011217169,-0.012920454,-0.013258469,-0.031131933,-0.0088509854,0.27319033,0.20501686,0.18029136,0.33681701
274,4,0,3.2704972,294.11997,23.047596,0.014162639,0.0051365838,0.0042501284,-0.018363135,-0.025864875,-0.013725596,0.23883352,0.20510785,0.17630987,0.243455
274,4,5,3.4190772,287.71099,23.220267,0.0019640776,0.0054338164,0.00096931676,-0.010879441,-0.014265396,-0.0064609021,0.21105609,0.19588228,0.13774463,0.22393295
274,4,10,3.3346902,286.03559,23.244212,0.00018687435,0.0062988995,-0.0071341358,-0.0063535323,-0.0076673838,-0.0049424798,0.20474156,0.17134476,0.14575666,0.190693
274,4,15,3.4040845,287.18841,23.057884,0.0016102583,0.0036707893,-0.0050874461,-0.0079485115,-0.0032007136,-0.0020579467,0.21253854,0.17757028,0.14134211,0.20225325
274,4,20,3.4289488,284.1325,23.177906,0.0046613457,0.004089308,-0.0028011102,-0.010867445,-0.013548051,-0.00170128,0.20048404,0.15547802,0.148775,0.19963357
274,4,25,3.3454684,287.70777,23.207071,-0.0023457852,0.0045931424,-0.0030211772,-0.0078805434,-0.0049758251,-0.0076008621,0.21798594,0.15859435,0.14070885,0.24056855
274,4,30,3.3911042,289.46017,23.114122,0.0014461299,0.0044814172,-0.014277932,-0.0059658402,-0.014563192,-0.0015811896,0.29734293,0.18025857,0.15487078,0.25245912
274,4,35,3.5260435,290.0939,22.79337,0.0028554448,0.0011323954,0.0015904802,-0.010390242,-0.0056782264,-0.011890561,0.18989865,0.17016143,0.14849846,0.29258943
274,4,40,3.5096678,289.05916,22.948841,0.0024680915,0.0013298023,0.0044176264,-0.0084763099,-0.013146317,-0.019446134,0.16846515,0.18092344,0.13589198,0.29566302
274,4,45,3.7082696,287.16823,22.855909,0.0023078052,0.001778816,0.0034067343,-0.0075939439,-0.015637191,-0.011997145,0.19175595,0.13818491,0.1274977,0.31146901
274,4,50,3.5931786,291.17694,23.128506,0.00086729252,0.00078901372,-0.0020340088,-0.006279793,-0.0073462546,-0.010707334,0.20121278,0.15273839,0.126776,0.2985058
274,4,55,3.6547102,290.24361,22.916752,0.00056118588,0.0059150498,-0.001482276,-0.0052057688,-0.015930958,-0.0079733693,0.1887948,0.18415332,0.12111563,0.28575707
274,5,0,3.7143534,287.21483,22.82112,0.00036460031,0.0035596057,-0.0098137397,0.00029711322,-0.022023736,-0.00065948005,0.21679075,0.22924944,0.13085817,0.26435386
274,5,5,3.3026863,286.59614,23.045314,0.0039135244,0.0016071069,-0.025392305,-0.0064191903,-0.047470138,-0.0014326885,0.31665284,0.25405094,0.13608458,0.28754565
274,5,10,3.2244718,14.862032,18.403398,0.072791068,-0.081158833,-1.4215444,-0.13401899,-1.9113839,1.9025431,1.3297999,1.1941666,0.31973792,1.7508466
274,5,15,0.29377401,349.43015,18.879892,-0.4137865,0.076171033,-1.020748,-0.25740577,0.4167407,-0.069951575,1.1404746,1.315218,0.68369606,1.0690645
274,5,20,1.3564145,51.600456,18.575275,-0.058729419,-0.052164756,-0.08032668,-0.058741928,0.10686624,0.032866585,0.59702571,0.62126913,0.37560912,0.37508936
274,5,25,0.60433673,235.41993,18.911569,0.05536531,0.036413884,-0.057955674,-0.013953344,-0.017553236,0.0031579549,0.48589723,0.40722321,0.31954388,0.20235605
274,5,30,1.0434628,293.80869,19.417538,0.0092871891,-0.0028571108,-0.099813413,-0.0062794262,-0.147857,0.05148118,0.56060767,0.48080445,0.34711669,0.41190669
274,5,35,2.9160866,308.04227,19.084158,0.0029860716,-0.0060798966,-0.029561154,0.003530252,-0.034088841,0.017384283,0.2661233,0.25963545,0.15192974,0.2643862
274,5,40,2.5192038,316.97076,19.834972,0.01905299,-0.024557007,-0.0166019,-0.0048897699,-0.013525363,0.0018610384,0.26996275,0.44566637,0.20182394,0.19135608
274,5,45,2.4735148,297.0434,20.279789,0.015810855,-0.0037742609,-0.012548472,-0.013184382,-0.053566205,0.0024250154,0.28083349,0.2978117,0.14633409,0.30258058
274,5,50,2.5964629,291.69545,20.191459,0.0099868627,-0.0042013386,-0.048041556,0.0089039557,-0.053498806,0.11097962,0.25060547,0.31365893,0.14938069,0.56447608
274,5,55,2.3920551,290.83279,20.558705,0.011460799,0.0085190749,0.0083179577,-0.0067439131,-0.044150481,-0.0018580956,0.20705629,0.20415187,0.13254717,0.30376668
274,6,0,2.2923817,293.01613,20.987055,0.015036766,-0.0015826016,-0.022007785,-0.017783629,-0.087215596,0.0024603903,0.36260906,0.22486498,0.13005063,0.34266091
274,6,5,2.8196859,294.57419,21.017262,0.014607738,-0.00026407015,-0.084618699,-0.013918067,-0.12702386,0.065988576,0.43716181,0.30084653,0.16797564,0.40272471
274,6,10,3.3403367,298.57087,20.997398,0.0056264758,-0.0041390191,-0.0081112974,-0.0023493029,-0.004296705,0.0033203305,0.17517767,0.19647468,0.12777085,0.12308892
274,6,15,3.3862941,299.2856,21.224897,-2.4159663e-06,-0.0066265651,0.00081117392,0.00095497027,-0.0015766466,-0.005496727,0.15552377,0.18587184,0.11134661,0.10422456
274,6,20,3.3256347,295.81724,21.134977,0.0015476788,-0.0048870334,-0.0016364637,-0.0016047865,-0.017144264,-0.017768437,0.19493755,0.21189079,0.11275701,0.27812258
274,6,25,3.4303299,289.77625,20.948467,0.00029566851,0.001700658,0.0071253234,0.0032533695,-0.020400768,-0.030196948,0.20568018,0.26019431,0.14401686,0.3147873
274,6,30,3.1805279,286.91958,21.22719,0.0038369991,0.0038508112,-0.0029968052,0.0005877631,-0.01225302,0.019229201,0.18739144,0.2111558,0.12643374,0.23635302
274,6,35,3.186976,285.67363,21.03526,0.0055877079,0.006900453,0.0051265092,0.0024126173,-0.019911692,0.011198186,0.20944597,0.18765789,0.15324751,0.2720467
274,6,40,3.2487715,281.37445,21.075407,0.0068836113,0.00020877446,-0.010177277,-0.0027945309,-0.0097752665,-0.011023063,0.23127879,0.25761664,0.14037401,0.22603752
274,6,45,3.1493545,283.82833,21.239385,0.0054844035,0.0039029547,-0.0063027807,-0.010531144,-0.0068895612,0.00078045869,0.21681248,0.20302819,0.18185439,0.23194847
274,6,50,3.241802,290.92049,21.331314,0.0053763189,0.002238491,-0.00020802735,-0.002173457,-0.012639989,-0.019644853,0.21167494,0.19887226,0.13411554,0.29829655
274,6,55,3.4693588,285.88263,21.22091,0.0049383208,0.0086477754,0.0080444798,-0.0081489463,-0.029718105,-0.0180136,0.21158163,0.23584486,0.13415194,0.32273101
274,7,0,3.3730251,285.97536,21.476657,0.0037829935,0.0040849655,-0.013842965,-0.0018853958,-0.003100513,-0.0025018814,0.23461144,0.18356007,0.16033813,0.19826599
274,7,5,3.6103929,290.426,21.262883,0.0070262204,-0.00050369475,0.0012207347,-0.0035917444,0.0086223345,-0.0054157378,0.21543463,0.20525753,0.14446263,0.27148533
274,7,10,3.6217492,293.99363,21.483286,0.0037043827,-0.0041884487,0.0072607342,-0.00018566144,-0.014341232,-0.0095213915,0.19281808,0.16346073,0.14910523,0.1837852
274,7,15,3.5507938,294.67388,21.436746,0.0028506401,0.00051778582,-0.003745146,-0.0044168768,-0.0043113592,-0.0052619921,0.20091632,0.15708779,0.14051257,0.22192092
274,7,20,3.5648128,292.49992,21.423343,0.0018443052,-0.0034926867,0.0026001209,-0.0027632434,-0.024440213,-0.0095603799,0.2045244,0.19738743,0.13051311,0.25131674
274,7,25,3.6466288,290.6947,21.301892,0.0020327571,-0.0032069557,-0.0001137491,-7.7624445e-05,-0.017189963,-0.0069148764,0.21381114,0.17943709,0.13617063,0.2917974
274,7,30,3.7365871,288.79105,21.33108,-0.0052055564,-0.0047942175,0.0018943873,-0.00019590155,-0.011570075,-0.00046475708,0.20741119,0.19283275,0.17040614,0.22531713
274,7,35,3.9014629,289.18561,21.103347,0.0034513502,-0.0025405207,0.0031179706,-0.0022051047,-0.0074792727,-0.0075625913,0.18752677,0.21589845,0.14112873,0.28125023
274,7,40,3.8666587,289.78275,21.102393,-0.00066604712,0.0026822739,0.0032020336,-0.0089425165,0.0048226179,-0.00025685286,0.22609675,0.23093127,0.19469309,0.28643063
274,7,45,3.7073737,286.72852,21.272168,-0.003609987,0.012307167,-0.0055695473,0.00021080803,-0.0083599651,0.013554472,0.22544395,0.22157376,0.21867743,0.29135278
274,7,50,3.389419,284.26984,21.48871,-0.0014654715,0.015814606,-0.009437569,0.00076031629,-0.0077471357,0.0046621546,0.2345406,0.23134749,0.20699128,0.25466314
274,7,55,3.2677987,285.21173,21.470748,0.0045388203,0.010901973,0.0021596469,-0.008668783,0.0018731752,-0.0051993067,0.25223272,0.2111828,0.17887034,0.18401303
274,8,0,3.2424761,284.43573,21.347902,0.016482313,0.0080410839,-0.017570815,-0.0076466841,-0.0087419392,-0.0056193275,0.35252662,0.21927843,0.18841473,0.22430261
274,8,5,2.4335521,287.51448,21.378902,0.080805716,0.0052085177,0.051933888,-0.045690381,-0.07452104,-0.038126196,0.51960713,0.44663947,0.29368811,0.35171435
274,8,10,1.7339621,282.73746,21.587291,0.011764523,0.0020906697,-0.008891513,-0.0069617359,-0.10133732,0.01672541,0.44657902,0.31917945,0.24336566,0.41052657
274,8,15,1.8385239,281.57773,21.509453,0.067376316,-0.003521438,-0.01541187,-0.031726313,-0.16863833,-0.0032678952,0.64600154,0.28798804,0.26732146,0.4175168
274,8,20,2.1604278,280.02725,21.373492,0.022774786,0.0051240406,-0.023236849,-0.0087324842,-0.018757324,-0.022235752,0.30170477,0.29106546,0.19728742,0.40376891
274,8,25,2.5108094,279.96436,21.13677,0.0052068111,0.0031137493,-0.0049577669,-0.0048552392,-0.015973456,0.0039903306,0.23118579,0.1736584,0.11706837,0.3354832
274,8,30,2.0716289,280.59019,21.648996,0.0057424017,0.0030859652,-0.0074453429,-0.011062631,-0.024446964,0.02422112,0.23466871,0.18792956,0.14769586,0.39354398
274,8,35,2.9479803,292.32477,20.978032,0.019669633,0.00090549289,-0.022406813,-0.025309315,-0.10159568,0.016551533,0.35934853,0.21828765,0.16308651,0.41838796
274,8,40,3.1907612,290.41044,20.998192,0.0058761811,-0.00012024856,-0.00075601322,-0.010861896,-0.017523898,0.0071885396,0.24836458,0.1710479,0.13115151,0.32089975
274,8,45,3.2590135,292.28886,21.093925,0.0029117909,0.0026212394,-0.016036402,-0.0030494969,-0.016100466,-0.0069504594,0.25475289,0.1791234,0.12577418,0.2513431
274,8,50,3.0624357,288.00413,21.134375,0.00082121968,0.0010857574,0.0016971767,-0.0026340055,-0.0079904101,0.00038524273,0.17633622,0.20403944,0.1123851,0.25124325
274,8,55,2.7448653,291.25906,21.300577,-0.00051904292,0.00055008902,-0.012239963,-0.0026057853,-0.034772274,0.00096375691,0.25389069,0.14515852,0.11970256,0.27832297
274,9,0,2.9480018,296.09365,20.812359,0.0061169175,-0.0013363432,0.0026255123,-0.00078089268,-0.022796371,-0.011955071,0.22160218,0.18531564,0.13215436,0.30080961
274,9,5,2.886167,297.10872,21.019918,0.013057397,0.0064655756,-0.016098106,-0.010406903,-0.015053641,-0.012079775,0.26655601,0.2306036,0.16070264,0.28336614
274,9,10,2.7379807,292.97758,20.95791,0.0029053629,0.0011907198,-0.0028778911,-0.0059294999,-0.01285162,0.0035941371,0.18563077,0.13394291,0.10056843,0.22955195
274,9,15,2.8232082,291.58229,20.824509,0.0032465919,0.0047396425,-0.0016240536,-0.0063663339,-0.015100278,-0.0089223971,0.20922772,0.13166239,0.11494724,0.23196492
274,9,20,2.9522199,289.4042,20.734333,0.003275635,0.0011533178,-0.0058480257,-0.0081836662,-0.012524386,-0.00078916627,0.17835412,0.16375574,0.12456281,0.22840806
274,9,25,2.9643857,289.74658,20.710471,0.0030958073,0.00030025993,-0.0011215732,-0.008036396,-0.022881239,-0.0037279601,0.20425539,0.16170495,0.11509366,0.28800262
274,9,30,3.0872483,288.59931,20.926528,0.0029579476,0.0016786169,-0.0102282,-0.0043046399,-0.019755316,-0.00063242482,0.22872803,0.14536023,0.11400743,0.18679466
274,9,35,3.2371531,289.81176,20.874957,-0.0040874228,0.0020304668,-0.0064212631,0.00018582867,-0.01443661,-0.00027497977,0.21348338,0.14825022,0.12217736,0.20705411
274,9,40,3.2194163,289.61587,20.731326,0.0027153862,0.0014979607,0.0014829419,-0.0032976167,-0.025464082,-0.0052373473,0.20977783,0.18054565,0.1315608,0.2747817
274,9,45,3.0586543,284.08948,20.982346,-0.00069867604,0.0041616548,-0.0022198741,-0.0060970392,-0.0087750434,-0.0075469064,0.21030482,0.16762913,0.14416482,0.2886153
274,9,50,3.1091218,291.51789,20.76733,0.0024108759,0.0024094777,-0.0022192973,-0.011992769,-0.038852648,-0.014716105,0.2134459,0.17813485,0.14290391,0.35771578
274,9,55,3.3133315,293.71643,20.8723,0.0029904315,2.021358e-05,-0.0037054621,-0.0071670562,-0.01150954,-0.0044020295,0.21216682,0.15344756,0.13145478,0.27028322
274,10,0,3.2184807,298.55881,21.094395,0.0024320257,-0.012812338,0.021259712,0.007792533,-0.019966262,-0.015463699,0.29679734,0.26483305,0.20168924,0.21789175
274,10,5,3.4386829,294.1943,21.223675,0.016938643,-0.0021714161,0.013843559,-0.015871802,-0.011784918,0.010389126,0.29004142,0.34830868,0.23533035,0.28245629
274,10,10,3.0898364,290.06572,21.051837,0.046502275,-0.0048822207,0.00069392092,-0.013400878,-0.052817381,-0.0041441233,0.4375649,0.35446278,0.28296369,0.41775618
274,10,15,2.8841067,292.44953,21.084809,0.047427948,0.01880686,-0.010366041,-0.020878264,-0.089618434,0.074485295,0.43297311,0.48140802,0.26538668,0.46484923
274,10,20,1.9508818,276.67947,20.994446,0.032695783,-0.0066538441,-0.1175837,-0.053861497,-0.26377688,0.11667148,0.63863287,0.47075118,0.27188751,0.72594496
274,10,25,1.7865099,288.30185,20.855392,0.092101668,0.010164319,0.033518917,-0.10183532,-0.24916049,0.01591307,0.62966155,0.40256728,0.35271221,0.65648936
274,10,30,1.1454286,282.4572,21.290093,0.046743964,-0.022324966,-0.31654429,-0.052572979,-0.30278803,0.20829444,0.74945788,0.68151563,0.30585593,0.56239165
274,10,35,0.58193914,275.27305,21.239789,0.02767354,0.021195454,-0.18325417,-0.025750699,-0.17290752,0.092794208,0.65663519,0.50583305,0.29245912,0.40186394
274,10,40,0.31113119,357.05799,21.410287,0.0090421013,0.0016623491,-0.0097369897,0.0032469964,-0.0025535171,-0.020282974,0.21875248,0.28196811,0.27468511,0.24354132
274,10,45,0.72133827,221.50055,21.691297,0.027263633,0.0050525241,-0.13591277,-0.040553375,-0.1141063,0.075470855,0.65527946,0.48774638,0.34005569,0.46951679
274,10,50,2.3753284,237.73494,21.929677,0.02481693,-0.0068507995,-0.25133188,-0.042919751,0.12596194,-0.03544995,0.86687207,0.5512279,0.35081883,0.42917343
274,10,55,2.6310973,238.38929,21.7373,-0.084352793,0.018869184,-0.2966195,-0.057486388,0.21614787,-0.062084466,0.93337933,0.57864968,0.39876266,0.36811046
274,11,0,3.7683812,243.3218,22.100926,0.0085061927,-0.0026813198,-0.13068095,-0.014182865,0.063393055,-0.0039545545,0.75932548,0.49148485,0.36192645,0.22472236
274,11,5,2.9977518,235.29835,22.078163,-0.046460676,0.013724541,-0.22218939,-0.021531855,0.031039285,0.023173256,0.77351796,0.6094089,0.41720481,0.21088642
274,11,10,0.97408556,207.47218,21.010755,-0.031058538,-0.054798453,-0.22528614,0.0031178599,0.09504236,-0.20946806,0.59186169,0.89910334,0.41912871,0.47202539
274,11,15,1.6046238,222.68135,20.906579,-0.074793983,0.038637353,-0.31068857,-0.077145676,0.22977396,-0.20351739,0.78833165,0.80000588,0.41394179,0.57059004
274,11,20,1.9249111,234.6197,21.066848,-0.045226216,-0.00045776776,-0.046220535,-0.039764518,0.084079051,0.036407813,0.59097509,0.42735025,0.32072351,0.30814399
274,11,25,0.73106478,154.17425,20.072521,0.0050190983,0.023714671,0.023328121,-0.0077833757,0.019377493,-0.048679042,0.34686372,0.53854151,0.2448303,0.30967031
274,11,30,0.67249696,131.45876,20.403254,0.038930091,0.061157132,0.075500367,-0.019672607,0.032599563,0.20996639,0.26372669,0.5139662,0.32841182,0.68672689
274,11,35,1.1670743,127.7148,19.530074,0.0091053412,-0.0040504294,0.018225168,-0.00043276709,0.0056403744,-0.018986663,0.28718192,0.37953833,0.1605101,0.19194594
274,11,40,0.53761985,203.79243,19.715249,0.0020241812,0.0020344701,0.0064362812,0.0019274599,0.0073565961,0.018495429,0.17692031,0.18923796,0.10293872,0.16996643
274,11,45,1.2001508,288.74959,19.811216,-0.0025450506,0.0023665274,-0.046636097,0.002717464,-0.039765581,0.021004983,0.31595722,0.19458415,0.094802563,0.16051551
274,11,50,0.85410961,284.21346,19.952032,0.0017565717,-0.0056847151,0.047352497,-0.0012553964,-0.081995916,-0.072437775,0.31120496,0.3468353,0.13147915,0.37828176
274,11,55,0.77220612,281.15332,19.536193,0.0052193306,0.0089983676,-0.042579645,0.00305635,0.015028574,0.016206608,0.32107735,0.38178663,0.16442561,0.18828661
274,12,0,0.69769897,314.52758,19.959899,0.0041025318,-0.016794464,-0.0022581383,-0.0019985334,-0.0057500482,0.0097317281,0.2704447,0.2564123,0.17812785,0.14512288
274,12,5,0.51856095,135.93642,20.010447,-0.013688216,-0.0021956177,0.044185545,-0.0018529858,0.01708595,0.019567461,0.27579504,0.31242858,0.18536688,0.12858765
274,12,10,0.4837103,156.59916,19.390745,0.0031499351,-0.0037196028,0.00062960115,-0.0011236224,0.013936968,0.016102658,0.16644361,0.14764938,0.099443762,0.19567598
274,12,15,0.61093437,78.492332,19.481422,0.0081887711,0.0045877504,-0.0045160092,-0.01082712,-0.042834073,0.019115253,0.26695471,0.21026414,0.14130767,0.30607567
274,12,20,0.86080783,121.95553,18.36417,0.0087165877,0.0064293461,0.072550163,-0.0079555371,0.059106513,0.12371677,0.3739377,0.41763542,0.19564739,0.45973892
274,12,25,1.1422789,167.54635,17.185161,0.010562619,0.03118781,0.042576946,-0.0015854082,0.015291513,0.12343719,0.21374729,0.49842157,0.18920745,0.56073992
274,12,30,0.63966252,257.54336,18.859528,-0.030045951,0.041010649,-0.032953404,-0.041986558,0.12851482,0.039031201,0.89727364,0.82530072,0.43834459,0.47543209
274,12,35,0.36883242,115.77213,17.150534,-0.022768494,-0.09888821,0.021573248,0.11055375,-0.057520108,-0.39716977,0.59316742,0.92634091,0.44557476,0.77624749
274,12,40,0.77012405,62.528218,16.79137,0.014156429,0.0019238336,-0.017926819,-0.0030072396,-0.018438707,-0.019788197,0.26350647,0.27270511,0.15704193,0.25496555
274,12,45,1.3725084,245.2061,17.955025,-0.065502581,-0.0033077931,-0.039217015,0.002878475,0.22256234,0.04342434,0.88651231,0.47604799,0.38414015,0.68859174
274,12,50,4.9974898,245.7926,19.25819,0.075036193,-0.028358248,-0.23762808,-0.073007316,0.10794826,-0.025186197,1.072652,0.77009054,0.5576131,0.42500856
274,12,55,3.6552875,246.69682,19.044696,-0.040361246,-0.015861008,0.0064507518,-0.038409535,0.022499943,0.0032814335,1.2239624,0.73361622,0.54276023,0.35856614
274,13,0,3.7649114,238.56635,18.189491,-0.2254698,0.062650144,-0.53806714,-0.051676967,0.12888506,-0.038656985,1.3363629,1.0164031,0.71688099,0.29360407
274,13,5,4.647248,241.61922,18.606348,-0.058993637,-0.020987816,-0.4119938,-0.026565697,0.098422422,-0.017969093,1.1617483,0.86088022,0.64964198,0.20721673
274,13,10,2.3614897,223.91837,18.239308,-0.20720632,0.014239145,0.0068648837,-0.08359077,0.36477595,0.21142758,1.1267278,1.0004516,0.58464054,0.73844591
274,13,15,1.7750511,68.45887,16.110738,-0.025046185,-0.0019423696,0.013478022,-0.010646435,0.019904712,0.004766392,0.42505973,0.35363297,0.27503049,0.24450085
274,13,20,0.74628149,201.40641,16.123685,-0.0059727816,0.0096025261,0.0010640974,0.014064719,-0.032838744,0.048190325,0.37689421,0.29956326,0.17899127,0.34297945
274,13,25,0.70541388,197.24293,16.537801,0.0031446233,0.010600297,-0.0041408899,0.0049779435,-0.0038920984,0.027564921,0.17604593,0.33847461,0.11671239,0.20893132
274,13,30,0.31100407,224.72228,16.509492,0.023822026,-0.019895906,-0.0008126775,0.00035867316,-0.018281964,0.10164491,0.29574843,0.44637808,0.23380318,0.31219952
274,13,35,1.5382111,283.60985,16.328902,0.0077502964,-0.00050168868,-0.029163076,-0.0041333681,-0.025819515,0.024569342,0.25670814,0.24475745,0.11579061,0.19769436
274,13,40,1.3999545,271.21076,16.77723,0.010778806,0.0017943617,0.001309683,-0.0030540679,-0.0080837328,-0.0011551438,0.18304396,0.13194165,0.10851371,0.080184816
274,13,45,1.1015248,251.46364,16.601148,0.0043623768,-0.0014718404,-0.030335719,-0.0028839559,-0.015387726,0.033028817,0.2400278,0.30464601,0.14939821,0.23790864
274,13,50,1.2682702,281.09922,16.382465,0.0036850758,0.001355575,-0.062904415,-0.0060809742,-0.043376354,0.05677469,0.35778483,0.36703319,0.20016611,0.31118171
274,13,55,1.5345338,299.05548,16.785964,0.0074570532,-0.010796092,-0.006814038,-0.0015016647,-0.00068886207,-0.0082507539,0.19420034,0.24788316,0.13553561,0.10410962
274,14,0,1.3971747,277.95211,16.777804,0.0087805333,0.0015712279,0.011349478,-0.0045349721,-0.058400006,0.0095119659,0.39787378,0.16404727,0.085539135,0.21737148
274,14,5,1.572618,287.34025,16.797661,8.9638008e-05,-0.000453773,0.00055587419,8.9010518e-05,-0.017686999,0.005045148,0.16818089,0.1270957,0.068338291,0.15118674
274,14,10,1.6541141,287.52261,16.910997,0.0059097194,-0.0009746742,-0.0074008161,-0.0032886613,-0.02241994,0.006220757,0.19999647,0.11787352,0.083024735,0.14990602
274,14,15,0.78994378,281.26337,17.31176,0.0052669575,-0.0015036163,-0.02691575,-0.0018387675,-0.0078407588,0.010097674,0.23687977,0.15761906,0.074998643,0.12607042
274,14,20,0.50982083,307.67382,17.233154,0.0064179065,-0.0082970992,-0.001825038,-0.0048561915,-0.0089091673,0.0033849842,0.19053913,0.1694934,0.13428082,0.085475207
274,14,25,0.16773045,76.62552,17.437964,-0.0059115705,0.0043148659,-0.0016090768,0.012296339,-0.0067473374,0.0054168923,0.13018555,0.10694208,0.14857938,0.13337772
274,14,30,0.98496163,118.80413,17.168293,0.0076744831,-1.3517605e-05,-0.0021901178,0.0083213071,0.0018754653,0.00034699388,0.15813511,0.1095591,0.15536519,0.076795567
274,14,35,0.75501024,140.36812,17.079224,-0.0006454732,-0.0020568474,0.012895146,0.0031531133,-0.0063090364,-0.0075802655,0.15634862,0.15062274,0.088303819,0.099275382
274,14,40,0.45766537,180.51884,17.564135,-0.017008146,-0.0014381684,0.0012725554,0.019637684,-0.014718837,-0.010601156,0.16920642,0.17130439,0.17884522,0.17361576
274,14,45,0.22721133,122.65454,17.739643,0.0063994798,-0.0052633694,-0.018035252,0.0052275579,-0.010443704,-0.0089773043,0.28329515,0.16084882,0.11736917,0.18243896
274,14,50,0.6198769,103.43214,17.834849,0.00013180957,0.00029137277,-0.01305713,0.017052567,-0.0026380633,0.00045531921,0.20473596,0.18937992,0.19552171,0.15667277
274,14,55,1.2094598,70.805353,17.864191,-0.027325717,-0.014032987,0.0075016726,0.01837447,-0.0099145048,-0.003900901,0.24931601,0.29431327,0.23445756,0.14448474
274,15,0,1.2973915,88.401087,17.734686,-0.00064834902,-0.0099960341,-0.0065645591,0.042479136,-0.003765159,-0.0083436022,0.20574291,0.19693286,0.25350291,0.22103132
274,15,5,0.97445523,86.42158,17.713332,-0.019772264,-0.01115723,0.010335875,0.026528376,-0.0062104157,-0.00058838119,0.24192567,0.22244336,0.24791375,0.21330367
274,15,10,0.7776883,97.26878,17.772526,-0.05172647,0.007537648,0.0070566784,0.052565729,-0.034627254,0.0093822997,0.30873597,0.19830456,0.28475371,0.24014371
274,15,15,0.96413043,83.608971,18.060468,-0.03715386,-0.011019683,-0.00078032286,0.053099981,-0.01731303,0.032012255,0.29211321,0.31686123,0.34267591,0.3057437
274,15,20,1.0529635,110.79465,17.903684,-0.004577363,-0.001284774,-0.0030812721,0.051676411,-0.00021503025,0.0010739438,0.27043505,0.23017774,0.33566731,0.22812486
274,15,25,0.97562812,125.75668,18.062311,0.0037612152,-0.0043786968,0.0016361278,0.050420933,0.015322343,-0.010626257,0.30079655,0.23927635,0.28525521,0.28840604
274,15,30,0.89260587,103.29613,18.092189,-0.0064188087,0.0030320499,0.015486797,0.04770509,0.016279655,-0.0024927968,0.34108644,0.31320145,0.31001908,0.27940496
274,15,35,1.1904776,82.543493,18.215201,-0.019574709,-0.0049413787,-0.08466417,0.067398741,-0.012244064,0.0038094332,0.39260763,0.39901038,0.31669884,0.34522218
274,15,40,1.122177,106.90455,17.987776,0.03172442,-0.013650933,0.0059069884,0.050912598,0.02179608,-0.010525407,0.39845814,0.25040458,0.30719595,0.25960667
274,15,45,0.84820255,79.341824,18.14998,-0.018140247,-0.022623834,-0.068088463,0.075022513,-0.011527946,-0.017109073,0.29567417,0.38821237,0.40665834,0.27627413
274,15,50,0.85315437,96.666326,18.327778,-0.025242015,0.011712258,-0.027186593,0.076520339,-0.028160653,0.024733268,0.26935922,0.24316905,0.38190191,0.32908938
274,15,55,0.85168185,76.300303,18.669357,-0.042643063,-0.010557715,0.023734985,0.096483431,-0.061235498,-0.017894213,0.32590773,0.24617976,0.34595032,0.3845108
274,16,0,1.4059867,85.319551,18.713617,0.017717756,0.014469339,-0.014435266,0.077016358,-0.0043915281,0.013343106,0.41022665,0.2915609,0.33448746,0.32484959
274,16,5,1.6541823,69.872004,18.821882,-0.01811256,-0.011652929,-0.060995428,0.069862113,0.018187878,-0.014022947,0.58767743,0.35751434,0.35041994,0.34374494
274,16,10,1.764641,89.068598,18.903392,0.010296075,0.013658062,-0.039480946,0.058776343,0.020340327,0.030716049,0.51838221,0.47894591,0.33446209,0.38591581
274,16,15,1.2175323,46.40788,18.842575,0.013287448,0.03284411,0.028345603,0.067568435,-0.019406106,0.018762277,0.37107439,0.30389395,0.34633918,0.32678548
274,16,20,1.6254856,89.073751,18.994237,0.044473911,-0.024155084,-0.042496209,0.064900422,0.048541973,-0.055567102,0.72947146,0.64067567,0.41539615,0.34376197
274,16,25,2.103841,89.956101,19.340318,-0.087155967,0.032124274,-0.18797802,0.10884424,-0.02565582,0.10783438,0.72142928,0.6903051,0.40530658,0.52574887
274,16,30,1.8992802,95.917339,19.494028,-0.0053155637,-0.073837175,0.072562402,0.13539382,-0.024747465,-0.053915684,0.53479267,0.59016796,0.41711429,0.56371926
274,16,35,2.238443,73.634784,19.114917,0.001806869,-0.026180953,0.0044102309,0.086180973,-0.036290717,0.0010360075,0.54108324,0.45167204,0.3880968,0.40897614
274,16,40,1.5496553,86.354649,19.539724,-0.03751395,0.075151686,-0.046859867,0.17044926,-0.027736602,0.06835661,0.46613067,0.61616178,0.44477594,0.61920689
274,16,45,1.4251258,115.39651,19.497406,-0.020459504,0.022685273,0.034040409,0.13982672,-0.02866465,0.0062230645,0.42199652,0.35560711,0.44824904,0.44488581
274,16,50,1.6087886,117.80161,19.476354,0.1176947,-0.03399454,-0.14581022,0.05077799,-0.017984217,0.0040396843,0.7686792,0.37838116,0.41826194,0.36691623
274,16,55,1.3146154,140.01079,20.137339,-0.0036177384,0.060884042,-0.043234921,0.1853867,0.0004686181,0.28338286,0.64466238,0.72688813,0.50536706,0.70048621
274,17,0,1.9659774,138.47695,19.592351,0.05028519,0.052328779,0.032407418,0.042441843,0.0036810053,0.0098658947,0.41953647,0.44944734,0.39481264,0.30662882
274,17,5,1.4140626,122.61458,19.825642,0.12836414,-0.0097380645,-0.23576981,0.066165665,-0.056652644,0.057437681,0.71449427,0.52180055,0.45000851,0.36400373
274,17,10,1.5937449,125.22537,20.205891,0.0085073435,0.025066164,-0.042690712,0.16325004,-0.14383382,0.0811291,0.70064946,0.4416561,0.44511251,0.60086878
274,17,15,1.8224886,144.18972,20.471212,0.018175232,0.01963538,0.0028859819,0.14768698,0.015414825,-0.024339106,0.46901924,0.57700457,0.44414171,0.53152234
274,17,20,2.1344477,126.11659,20.59769,0.048508451,0.046173029,-0.045491536,0.15041323,-0.06190862,0.067252173,0.7123489,0.47167338,0.43846183,0.56140961
274,17,25,2.084949,133.52222,20.352684,-0.0088321647,0.065115598,-0.081820748,0.13027832,-0.038679563,0.073208056,0.62160444,0.49613125,0.41408169,0.52752631
274,17,30,1.7399471,127.53267,20.502453,0.058277813,-0.00948537,0.18457568,0.12610722,0.016781056,0.0066227224,0.64202808,0.75384948,0.49926407,0.46312726
274,17,35,0.87628592,82.504107,20.653737,0.00073959678,0.014328898,0.057865058,0.062084626,-0.061499631,0.0091628204,0.4428105,0.34991576,0.36378832,0.37015783
274,17,40,0.44898562,132.65628,21.076282,0.051126123,-0.020146671,-0.068147251,0.045387167,0.024630287,0.0074759772,0.46667888,0.40809917,0.4118345,0.32960152
274,17,45,1.8838157,130.51594,21.221908,0.031644375,-0.00011302484,-0.2480989,0.12995866,-0.17232657,0.080088141,0.78660505,0.61099384,0.50102639,0.5879839
274,17,50,2.8234007,125.2619,20.917434,0.013278529,0.052183252,0.037267061,0.1061553,-0.013827642,0.0085575106,0.50645326,0.62897753,0.42214272,0.48968415
274,17,55,1.3235095,130.03801,21.157979,0.0061793921,-0.026610481,-0.15849142,0.082705635,-0.055687582,0.017691202,0.51785549,0.44091033,0.40319793,0.37130331
274,18,0,0.59586393,74.524482,21.28617,-0.066342614,-0.050757724,0.047587313,0.035030656,-0.01913209,-0.017701539,0.37671546,0.36856291,0.44391325,0.25010301
274,18,5,1.2993962,109.58777,22.112238,0.14361036,-0.094069317,-0.19255697,0.21684695,-0.16100071,0.049786043,0.76405059,0.578236,0.58213425,0.72257038
274,18,10,1.7597732,159.79419,21.558391,0.015362047,0.042904191,0.036101914,0.062313886,-0.032888706,0.028161969,0.54658347,0.41724755,0.35911277,0.30240823
274,18,15,1.4391407,124.83582,22.277952,-0.05612276,0.067571996,0.056428101,0.16331367,-0.094115886,0.059011133,0.84659044,0.45041744,0.45486568,0.56782653
274,18,20,2.6573884,114.278,22.302089,0.032856967,0.0036285639,-0.014094002,0.14746256,0.046797042,-0.057917015,0.53633213,0.54267942,0.42209812,0.59028647
274,18,25,2.2193336,125.06629,22.658658,0.019919202,0.032218458,-0.0030535166,0.17079099,-0.037320191,0.081141037,0.41986967,0.44606001,0.45548674,0.62654136
274,18,30,1.1842181,129.97594,22.891736,-0.092539546,0.0071576155,0.16216019,0.23761723,-0.088265434,-0.001447118,0.60277973,0.61531033,0.52890454,0.66243349
274,18,35,3.3466747,142.95438,22.908974,-0.039065654,0.058110055,0.044135114,0.1808025,-0.19498359,0.013393212,0.64754097,0.63732422,0.43424906,0.73394791
274,18,40,2.8658507,132.21526,22.917821,0.036944653,0.062257552,0.0028567639,0.11822293,-0.0076435294,0.063748583,0.65845979,0.68999101,0.49335143,0.45281117
274,18,45,2.3818275,107.74189,23.339533,-0.0055523584,-0.016072815,0.032448131,0.19106782,-0.10405686,0.051552598,0.62558362,0.55672513,0.55053398,0.60793806
274,18,50,3.5892233,116.43046,23.374321,-0.0021057951,-0.063578875,-0.057318091,0.1929055,-0.075568057,-0.033773153,0.72110063,0.7246929,0.47435338,0.70196081
274,18,55,2.7429369,97.65222,23.526377,-0.058200569,-0.023710543,-0.12674871,0.16915467,-0.093608104,-0.048471889,0.71502781,0.75498065,0.48804981,0.57699211
274,19,0,3.7597533,129.57114,23.435986,-0.0042203538,-0.048008988,0.040604132,0.17005304,-0.076520865,-0.11071785,0.96185027,0.84935817,0.52170781,0.58561417
274,19,5,2.8377146,93.650701,23.975496,-0.11386059,-0.15173212,-0.0018367242,0.25400595,-0.1111898,-0.14723539,0.71921155,1.3372015,0.54063576,0.75572756
274,19,10,2.9351216,111.49867,24.009838,0.011152198,-0.044702557,-0.019211128,0.20031195,-0.091254516,0.018208162,0.64627894,0.69106418,0.50824843,0.67156649
274,19,15,2.8366423,108.87852,24.05416,0.15529722,0.032860391,0.22973106,0.23583157,0.15890706,0.073866585,1.1142202,0.75303985,0.57101528,0.67992935
274,19,20,3.6209302,76.178848,24.113211,-0.11513579,-0.014817426,0.090682399,0.19042106,-0.18400489,0.0082929853,0.89475665,0.70171651,0.48979995,0.6888074
274,19,25,2.985891,78.767355,24.186057,-0.1426501,-0.15483967,0.4268728,0.15466678,-0.081972834,-0.04157167,0.96302478,0.78290829,0.55472393,0.51289434
274,19,30,4.6412671,39.493532,24.393454,-0.00099321855,0.094428434,0.31043295,0.14076383,-0.030564881,-0.078515405,1.0352166,1.2552131,0.56400074,0.56970758
274,19,35,4.1038463,37.75585,24.21315,-0.018140883,-0.026584036,0.24254013,0.17072013,-0.0053052444,-0.0077217171,1.169823,0.72594486,0.53464515,0.57167544
274,19,40,4.9990032,35.255565,24.173739,-0.11179834,-0.023015751,-0.0047549357,0.13775557,-0.12323127,-0.032865468,1.1859253,0.75900433,0.54918683,0.51930705
274,19,45,5.4560565,33.540827,24.126814,-0.031151045,-0.18103568,-0.049121062,0.16608039,-0.048536213,-0.13942094,0.98942551,0.98241618,0.57515456,0.54577161
274,19,50,5.7067525,30.164693,24.073014,-0.009891081,-0.0016255193,0.07952962,0.11450216,-0.18350089,-0.031746541,1.1055921,0.88695882,0.5890091,0.46333732
274,19,55,5.4590794,31.73665,24.050874,-0.097292243,-0.019123466,0.1530023,0.079052997,-0.076993945,0.018114397,1.0240979,0.79807036,0.52075021,0.42018348
274,20,0,5.4589612,29.569335,24.272487,-0.07359507,-0.012167899,0.016088513,0.13828832,-0.20529034,-0.027225953,1.2626177,0.74772538,0.63567001,0.48462447
274,20,5,5.1273583,32.412337,24.253769,-0.053109691,0.0052886257,0.022354759,0.18943614,0.027539347,-0.053694102,1.7355561,0.93027833,0.67083272,0.55888051
274,20,10,5.1783614,36.043471,24.209258,-0.0036061772,-0.049094265,0.18859138,0.14351545,-0.049371933,-0.081660888,1.1127069,0.90040284,0.63693052,0.53341762
274,20,15,5.5422254,34.080983,24.161555,-0.15667432,-0.07936101,-0.14931029,0.166076,-0.22293458,-0.027571924,1.1297838,1.1810387,0.62907991,0.52253177
274,20,20,5.825138,36.769259,24.438883,-0.36845471,0.012243885,0.47404871,0.16525565,-0.42105367,-0.10136138,1.4939496,0.91417585,0.68060468,0.63161861
274,20,25,4.3520821,30.414889,24.388378,-0.15843025,0.017762346,-0.03037276,0.16777641,-0.21274465,0.023099117,1.1372562,0.62998398,0.51155783,0.57038512
274,20,30,3.0372364,19.224915,24.56569,-0.073851503,0.015247337,-0.0010430991,0.14342013,-0.0067766195,0.033380739,0.84122144,1.0260756,0.57401907,0.46623207
274,20,35,3.7087945,43.498107,24.592797,-0.21589798,-0.10717979,1.0506176,0.28659254,-0.32105861,-0.28921592,1.3908757,1.4038313,0.63633196,0.76096585
274,20,40,1.6400384,66.639814,24.617813,-0.38533357,-0.21435159,0.11089011,0.24139714,-0.15599735,-0.090770781,1.4497908,1.448354,0.71380821,0.5653972
274,20,45,3.2417809,39.790902,24.582579,-0.37560109,-0.0092562825,0.65250641,0.11511195,-0.27852536,-0.0084338783,1.6687637,1.2033971,0.69128381,0.42018115
274,20,50,4.2452284,42.962565,24.682571,-0.2304687,0.043512711,0.24310228,0.16389676,-0.12052808,0.058449248,1.3160732,1.077799,0.65164798,0.57079675
274,20,55,5.3891504,40.6788,24.496998,-0.09152996,-0.15734126,0.77603109,0.12934594,-0.1749665,-0.31080884,1.4350471,1.6167141,0.62466051,0.49835724
274,21,0,4.9567693,33.875611,24.372145,-0.095259271,0.0055297949,-0.022672635,0.11883281,-0.12116878,0.03027972,1.906272,0.87329945,0.64485479,0.42055796
274,21,5,3.8297395,51.29461,24.563063,-0.018308246,-0.055090712,1.8646752,0.11082251,0.025688445,0.026593554,1.809223,1.5654804,0.60476669,0.43736509
274,21,10,3.7419881,63.180088,24.543437,-0.1340328,-0.09437018,0.37555957,0.10448027,-0.2462363,-0.12041441,1.3418495,1.3822799,0.56571448,0.40243807
274,21,15,4.1761496,50.275105,24.855319,-0.19333561,-0.071283579,1.0275881,0.1522123,-0.40310801,-0.18379008,1.3641904,1.2467115,0.51268214,0.58050358
274,21,20,2.0135892,24.969306,24.92055,0.051209991,-0.028768937,0.10232762,0.11417185,0.031191627,-0.077268731,0.80463213,0.71260119,0.52135326,0.42640338
274,21,25,2.5117217,35.880024,25.277779,-0.11212389,0.042117228,0.031812265,0.1481103,-0.23432567,0.071144455,0.84597488,0.68936921,0.57076248,0.63048379
274,21,30,2.0590411,40.256994,24.887765,-0.05529329,-0.030874211,-0.099936289,0.12272587,-0.032134579,-0.066007819,1.0732296,0.59840602,0.46267117,0.4641358
274,21,35,3.5739659,40.40841,24.99862,-0.27753155,0.020349705,-0.14929843,0.11547012,0.022230019,-0.054177666,1.6832388,1.2262336,0.69982518,0.39937656
274,21,40,4.3173459,58.085906,24.835049,-0.1333963,-0.14384457,0.12994071,0.093785687,-0.073340781,-0.044162108,1.4761233,1.0964996,0.66801683,0.43317095
274,21,45,4.2913821,44.354925,24.983344,-0.16796338,-0.0035859888,0.1849083,0.16440954,-0.12783569,0.050016202,1.2406412,1.1956855,0.62048287,0.48839352
274,21,50,3.491016,36.873449,25.007778,-0.30919971,0.050367473,-0.34835016,0.1104158,-0.18587088,0.028495534,1.7582196,0.81085319,0.69759934,0.34578478
274,21,55,4.0932097,40.820385,25.151717,-0.40388501,0.091163409,-0.41414371,0.12907357,-0.25623773,-0.017480565,1.4302906,1.1420066,0.70722773,0.42970972
274,22,0,2.1984526,30.254615,25.012806,-0.1604623,-0.028728282,0.25989784,0.064150411,-0.061596136,-0.041695754,1.1230527,1.0547045,0.55975679,0.30973371
274,22,5,4.6283902,36.893108,25.035888,-0.26936589,-0.027615665,-0.10531822,0.10201905,-0.1377586,-0.034026791,1.3292311,1.0436173,0.62741792,0.35381051
274,22,10,2.628612,38.571821,25.207244,0.16681738,-0.21984574,-0.29782794,0.082346194,-0.15925057,-0.063508837,1.1162195,0.94054486,0.66270789,0.44170475
274,22,15,3.9450784,40.308387,25.194441,-0.23146978,-0.12321143,0.57385952,0.14544936,-0.34445655,-0.14423855,1.4974347,0.793838,0.59516522,0.43892656
274,22,20,4.1775143,28.7827,25.178134,-0.11770787,0.085022619,-0.23008814,0.10705832,-0.09951294,0.020990545,1.3044892,0.80118043,0.68711579,0.38398833
274,22,25,3.7380894,28.99597,25.193085,-0.13000965,-0.08582975,0.053161116,0.13506948,-0.1442324,-0.049055665,1.1896547,1.0281546,0.70028219,0.36550644
274,22,30,5.0140223,37.699362,25.075265,-0.04494759,-0.043440181,-0.062324421,0.072762594,-0.077410835,-0.040368057,1.3754692,0.82021688,0.60788287,0.33950935
274,22,35,4.5131723,48.331097,25.087146,-0.11661604,0.036948039,0.47301908,0.10405133,-0.038605545,-0.0016926186,1.3337829,1.0907823,0.66494268,0.3334198
274,22,40,5.3337732,46.860136,24.881269,0.064514101,-0.050390971,-0.13183391,0.049775482,-0.027401657,-0.023929217,1.1077036,1.2528204,0.7010135,0.20737001
274,22,45,3.1572304,36.866949,24.959022,-0.058687403,-0.01311426,0.21576949,0.047022132,-0.080971939,-0.065332573,1.4705323,0.66283967,0.41222328,0.29973049
274,22,50,4.4177956,35.006813,25.084276,-0.14225859,-0.084308828,0.42220105,0.056607155,-0.16722866,0.025289976,1.2406015,1.1559475,0.54013294,0.313745
274,22,55,2.8599517,35.742995,25.076983,-0.05342145,-0.0023698274,0.34220887,0.049591195,-0.095611149,-0.062978793,0.94813544,0.74446369,0.4485747,0.25045866
274,23,0,4.4377952,36.498224,25.029633,-0.046359275,-0.069291829,-0.059941343,0.045796584,-0.023473516,-0.017290077,1.2319586,0.9002977,0.66046126,0.19710066
274,23,5,4.6043641,39.653986,25.064832,0.056313968,-0.051500543,-0.32466573,0.047685705,-0.031338043,-0.00072136901,1.5990033,0.93393185,0.60460702,0.21502408
274,23,10,3.7766304,37.571909,25.164695,-0.10307658,-0.032950747,0.15754527,0.084341788,-0.088644681,-0.024285369,1.2716029,1.0472581,0.62843821,0.27659479
274,23,15,4.4508864,35.058572,24.982775,-0.12346266,0.016476483,0.30606576,0.055397428,-0.098665082,-0.028907429,1.105721,0.92676519,0.53107058,0.20830144
274,23,20,3.3955461,39.504741,25.062305,-0.02781896,0.07401354,0.11794403,0.048510532,-0.041383788,-0.0091994025,1.0148938,0.72501649,0.44838131,0.2361339
274,23,25,2.3834488,32.322876,25.026988,-0.007778713,-0.02877765,0.070464004,0.021535893,-0.037151257,-0.030064319,0.74118998,0.64088865,0.39192561,0.14989887
274,23,30,3.0320899,53.186842,25.031711,0.094059583,-0.013832505,0.068092764,0.031607578,0.013665446,0.009336701,1.4108177,0.9700415,0.64419245,0.13874145
274,23,35,2.6871444,43.62259,24.97069,-0.015828639,-0.1017662,0.023376871,0.020752283,-0.026656073,-0.028049229,0.95963898,0.88310924,0.47350042,0.13761921
274,23,40,2.1197799,42.785653,25.029115,-0.069678556,0.035563484,0.25085473,0.031521765,-0.04521022,-0.00968196,0.85143804,0.60561638,0.43221071,0.15109759
274,23,45,3.0993491,42.634629,25.031577,-0.2455759,-0.0053444477,0.30570388,0.040473693,-0.052699981,-0.0085467602,1.222815,0.77571493,0.5282468,0.15736627
274,23,50,2.4688591,37.120006,24.978577,-0.0031910378,-0.09824729,-0.074645286,0.028674779,-0.0017458912,-0.011088235,0.63253819,0.81882441,0.5194113,0.1059311
274,23,55,3.6275737,46.441097,24.913411,-0.085476361,-0.13731707,-0.28262678,0.014089373,-0.022916852,-0.0089460171,1.0290144,1.0431594,0.57048003,0.0762475
275,0,0,3.606253,34.343649,24.856051,-0.14281992,-0.13516722,-0.050340058,-0.011924127,-0.0024563084,0.0019436072,1.1354324,1.0602125,0.64953998,0.053678169
275,0,5,3.7753808,38.523242,24.845603,-0.069033318,-0.023290934,-0.094712253,-0.015792433,0.010385938,0.00098339244,0.9979268,0.6790119,0.47844115,0.070113587
275,0,10,3.9823878,39.929715,24.820204,-0.034249224,-0.0158031,0.037563957,-0.0079976966,0.010553771,7.1716986e-05,0.61046992,0.78092554,0.43031882,0.074898046
275,0,15,3.4258138,45.9136,24.701163,-0.089173362,-0.087420858,-0.036711642,-0.015202268,0.026354037,-0.0098486182,0.79557509,0.80438209,0.44897743,0.10139295
275,0,20,2.5664322,41.25208,24.715334,-0.030534016,-0.039913539,-0.071591407,-0.01282553,0.020338608,0.0020425129,0.78195826,0.56588361,0.35590497,0.10117184
275,0,25,3.0985036,42.300785,24.707239,-0.076807038,-0.03701708,-0.03629494,-0.012165116,-0.0042461691,-0.0021390816,0.85974877,0.75539612,0.46619718,0.10344948
275,0,30,2.886523,47.87746,24.702559,-0.061625376,-0.028170169,0.040236606,-0.027239318,0.0096848574,-0.013224836,0.58370855,0.53834352,0.4265548,0.13320497
275,0,35,2.0303313,34.095628,24.697109,0.0014312395,-0.047984786,0.026129733,-0.015118291,-0.002747731,0.0006036034,0.67260403,0.51708437,0.33042239,0.10966372
275,0,40,1.2194259,359.41816,24.70102,0.0073927393,0.00071660373,0.061102488,-0.0020728062,0.0075759196,0.01656385,0.31303937,0.40959753,0.23886244,0.09833306
275,0,45,0.94426727,28.811385,24.368984,-0.048818502,0.016609777,-0.018530359,-0.014261446,0.019180115,0.0012776841,0.40289745,0.32772911,0.24293862,0.15915441
275,0,50,1.5973703,8.2263055,24.575812,0.0057273837,-0.012524169,0.16638157,-0.0074352154,0.020489149,0.02617506,0.49463925,0.59284202,0.23592886,0.18233103
275,0,55,2.0575198,0.42853283,24.709928,-0.015482421,0.0055207207,0.00993581,-0.022169845,0.028417193,0.032550361,0.48148285,0.50435132,0.36460128,0.18027995
275,1,0,2.1662026,3.6152918,24.837951,-0.011551851,0.0050179086,-0.042125115,-0.018527809,0.0067320213,0.0055538651,0.63354972,0.48549161,0.35023727,0.11331953
275,1,5,2.2767676,349.98245,24.759712,-0.0054862692,-0.006247015,-0.15599753,-0.017014086,0.0057561716,-0.0035363317,0.61891494,0.65422829,0.38354245,0.13657644
275,1,10,2.2424926,10.432503,24.730613,-0.0068484479,0.0088870778,-0.098628288,-0.018653906,0.035237962,0.011860842,0.48048177,0.74155754,0.30357854,0.23258449
275,1,15,2.6556363,10.707943,24.757821,-0.021353546,-0.023805509,-0.09690751,-0.01916464,0.051744045,-0.024500501,0.72438031,0.64124902,0.34934497,0.17499658
275,1,20,2.6545381,14.17014,24.680516,0.028600358,0.014140221,-0.029897501,-0.027283069,-0.0092908281,0.020897967,0.58319702,0.57982126,0.37010847,0.17728735
275,1,25,2.1692903,12.227883,24.594405,-0.020950535,0.0031807849,-0.23767285,-0.027622727,0.030850587,-0.01885129,0.66592212,0.74995179,0.37741649,0.1983522
275,1,30,2.6599521,17.965166,24.576369,-0.030194201,-0.033291585,-0.12382795,-0.057973902,0.0090094091,-0.019957786,0.72679231,0.68396037,0.48873021,0.24301773
275,1,35,3.0263937,348.15322,24.814243,0.015829608,-0.071034615,-0.026396442,-0.011977553,0.011097373,0.01221941,0.60071462,0.57015706,0.36328559,0.10225805
275,1,40,3.3008398,353.29854,24.79923,0.036247726,-0.004979356,-0.021525017,-0.019226315,0.0017755527,-0.0052245813,0.50331695,0.5976194,0.44646194,0.11290423
275,1,45,2.7334287,357.54942,24.775209,-0.015711241,0.036547585,-0.027153163,-0.018280952,0.0027390129,-0.0085623273,0.43854022,0.58118474,0.33850592,0.11638223
275,1,50,2.654694,351.35071,24.771949,-0.023746755,-0.0021859958,-0.00018672183,-0.015889933,0.012697955,-0.013531216,0.48696972,0.4446645,0.32800926,0.11892319
275,1,55,3.3271992,353.9405,24.87809,0.029253681,0.012897161,-0.047531246,-0.01262202,-0.0046632819,-0.0049403059,0.63152779,0.48296682,0.32396085,0.094912165
275,2,0,2.5234239,356.89948,24.831897,0.0062274511,0.00059229927,-0.090758625,-0.014935077,0.01449972,-0.032055259,0.50661286,0.59033379,0.30076615,0.14525645
275,2,5,2.1438667,342.05995,24.606906,0.015049368,-0.04147617,-0.19646245,-0.017756409,0.14057535,-0.17627179,0.5548026,0.68815562,0.34480996,0.45091931
275,2,10,1.8232933,334.24048,24.515573,-0.041221683,0.0090374073,0.033584708,-0.047321913,0.10729262,-0.14898034,0.52952784,0.62659298,0.27646143,0.54902868
275,2,15,1.8291772,349.94442,24.52438,-0.011886124,-0.014945679,0.011717793,-0.021508297,0.021487408,-0.069087999,0.42067766,0.57711963,0.26503162,0.3690891
275,2,20,1.8577202,9.0231925,24.752387,-0.0064686689,-0.0094322811,-0.0525519,-0.0080881547,0.030958373,-0.028323214,0.38533592,0.48110571,0.27707295,0.20318175
275,2,25,1.7583614,0.92315576,24.599375,-0.0054770995,0.010243992,0.033134201,-0.016801617,0.01327423,-0.0076398161,0.32429541,0.5169154,0.22189196,0.19521785
275,2,30,1.6833663,2.2071638,24.543354,-0.019001973,-0.01713418,-0.0093665464,-0.017768001,0.024035995,-0.02212039,0.27862912,0.51701897,0.25620234,0.25852678
275,2,35,1.9998267,354.71918,24.524341,-0.051850195,-0.019027465,0.024623724,-0.029025688,0.04409882,-0.034500895,0.51190911,0.56248121,0.33515625,0.29072232
275,2,40,1.9070421,355.05597,24.541729,0.0047396275,0.032296617,-0.023384708,-0.011722296,0.055992587,-0.025056723,0.53192828,0.45662281,0.28433427,0.21620731
275,2,45,1.8589413,330.96093,23.987338,-0.03310154,0.00047213749,0.12996597,0.0012761423,-0.080927067,-0.26131101,0.42502743,0.71188754,0.3358892,0.58744865
275,2,50,1.9611936,339.5666,24.352715,0.012751988,-0.017590571,-0.1038191,0.008292177,0.092088366,-0.12781014,0.43434814,0.56379065,0.23230116,0.42022439
275,2,55,1.9816238,351.44833,24.522649,-0.0030576397,-0.021963182,-0.052445279,-0.009222474,0.059153734,-0.059543564,0.44534869,0.51448778,0.27177289,0.28615426
275,3,0,1.737915,341.9765,24.286239,0.016306772,-0.00038669124,0.088556269,-0.0015737189,0.030964725,-0.11020539,0.45101622,0.52092636,0.24257217,0.47953086
275,3,5,1.8240324,313.47276,23.761055,0.0085021353,0.015367164,0.025125713,-0.036795681,-0.047021448,-0.12701128,0.37201946,0.5371493,0.25493745,0.57024025
275,3,10,1.8126329,316.57224,23.392019,-0.0133908,-0.014117956,0.10399863,-0.0036883032,-0.057824363,-0.29369754,0.42079113,0.65189565,0.25865342,0.69021104
275,3,15,1.914098,316.4456,23.629605,0.006446415,0.0071050347,0.031793137,-0.0049333111,-0.032537524,-0.26215925,0.41237364,0.58350237,0.25141903,0.66198263
275,3,20,1.7643298,322.89286,23.74512,-0.0076565202,-0.015968505,-0.023707226,-0.0096533123,0.0098409732,-0.19895701,0.3993219,0.6102805,0.30738551,0.5860026
275,3,25,1.7430542,320.07865,23.587039,-0.0057755042,0.033459887,0.010463296,-0.01251426,0.0050370876,-0.25465918,0.40290339,0.5750415,0.26041349,0.65690845
275,3,30,1.8498398,316.95259,23.625978,0.0053838839,-0.061087249,0.075303798,0.039698584,-0.064177656,-0.48829755,0.38137083,0.78729812,0.23742508,0.74643107
275,3,35,1.6668867,317.93995,23.487115,0.0095803329,0.028091799,0.073108166,-0.047327757,-0.11850385,-0.32926015,0.37583326,0.53614398,0.22840849,0.89138641
275,3,40,1.7183659,298.75993,22.946216,0.029229653,0.019348378,0.026885508,-0.012761504,-0.036330533,-0.040935327,0.37400023,0.35788506,0.25576266,0.34815454
275,3,45,1.098947,286.03834,22.92239,0.052307361,0.0053912468,0.031331631,-0.019202937,-0.098858117,-0.033472772,0.53714468,0.25435861,0.26322585,0.54940477
275,3,50,1.4845571,284.53224,23.310391,-0.00088320884,0.013688263,-0.010298548,-0.0021219264,-0.013678403,-0.0057264568,0.26611488,0.24398459,0.19059823,0.22383945
275,3,55,0.5940486,248.74705,22.233349,-0.00930514,-0.0042217411,-0.044506488,-0.040066265,0.029796226,-0.080322401,0.25000372,0.43633862,0.26037404,0.3935379
275,4,0,0.54788118,204.5453,21.924767,-0.0015839858,-0.0021885711,0.014930951,-0.0016903002,0.014652933,0.035989838,0.14679729,0.22792289,0.10766833,0.2194689
275,4,5,1.0614317,291.48748,22.027234,0.0023805255,-0.0015483539,-0.0056484619,-0.0048816317,-0.023026358,0.010614997,0.2010257,0.18476315,0.10900792,0.17178131
275,4,10,2.0987606,292.00572,22.004541,0.00010637191,0.0035637254,-0.019956423,7.01341e-06,-0.081968956,0.020070084,0.29365468,0.15514676,0.10855259,0.3599246
275,4,15,2.2763837,288.6992,22.212022,0.0018122286,-0.0010789284,0.0013233169,-0.0045177026,-0.031168385,0.020443355,0.21188865,0.20464212,0.10831965,0.29592508
275,4,20,1.4124283,291.78978,22.981314,0.0073277251,0.0042349293,0.0052864287,-0.0153115,-0.027191406,-0.020929865,0.18844522,0.17009315,0.14426269,0.39161416
275,4,25,1.8851287,289.55483,23.007175,0.01912368,0.0057827377,0.0056717284,-0.010066315,-0.065015524,-0.0015231066,0.32715238,0.23747061,0.15911044,0.38165639
275,4,30,1.73492,279.35983,23.300208,-0.0013363282,0.0042691107,-0.012878826,-0.0012068408,0.0015050419,-0.0023268922,0.1730391,0.15252815,0.093500104,0.18199558
275,4,35,1.6774853,280.57689,23.14851,-0.0014599475,0.0016500778,-0.018450601,0.0032955824,-0.09967997,0.016330181,0.35288394,0.16547525,0.11216298,0.33873854
275,4,40,0.53365413,281.01813,22.508582,0.011698046,-0.008488866,-0.0030767594,-0.0039237248,-0.064965296,0.0087465647,0.42722901,0.27094185,0.19878735,0.27327454
275,4,45,0.11325161,318.38653,22.257227,0.024426701,0.030165048,0.027694176,-0.014703185,-0.016004889,-0.027569061,0.26695842,0.32405279,0.22164834,0.15515758
275,4,50,0.38215909,293.01798,22.127455,0.045386999,-0.031853148,-0.024906236,-0.042736899,-0.12138753,0.0047919172,0.4836231,0.30397572,0.24942586,0.38087581
275,4,55,1.9072527,299.68192,22.104183,0.04604669,-0.010665867,0.031405291,-0.032095537,-0.10091452,-0.014889837,0.49045241,0.35181365,0.26095987,0.39850699
275,5,0,3.0627502,289.27865,21.724823,0.011889925,0.0053864538,-0.01408,0.006813937,0.0036506907,-0.0025400231,0.2714409,0.20039377,0.16714777,0.19373948
275,5,5,2.8021665,282.91746,21.918686,0.0025527886,0.013364119,0.0028787958,-0.001886373,-0.0068822273,4.5311125e-05,0.22007762,0.21413695,0.17936404,0.19947007
275,5,10,2.4929072,287.87024,22.03661,-0.00035377638,0.0029482603,-0.016972712,-0.0061011902,-0.019272986,0.012529466,0.2225255,0.19098253,0.13930164,0.20449195
275,5,15,2.1821533,285.66619,22.42902,0.0030299892,0.0015712681,0.00085010447,-0.0026654895,-0.015377176,-0.00063217201,0.22557929,0.12634728,0.10658879,0.21062221
275,5,20,1.4847873,275.01165,22.453153,0.0021601691,0.0071867015,-0.0042704272,-0.0060644724,-0.0090992326,-0.019582254,0.14077495,0.19256231,0.093952951,0.20052909
275,5,25,1.2292693,278.58361,22.491092,4.8203657e-05,0.0048001481,-0.0095002046,0.00024414646,-0.010091247,0.0045565172,0.19754991,0.15482377,0.11227885,0.14519022
275,5,30,2.0310408,279.41047,22.484754,0.0053438713,0.0091398626,-0.028807926,-0.00087636457,-0.096011921,0.02957095,0.35515032,0.25856999,0.11728021,0.35015942
275,5,35,2.219366,289.25039,22.011732,0.0022967221,0.00050290736,-0.0046076927,-0.0064870691,-0.007650711,-0.011598652,0.27533211,0.16388267,0.10508907,0.39213935
275,5,40,2.1828895,293.50652,22.071249,0.0050167421,0.0069716993,-0.015372737,-0.016165301,-0.11614759,-0.018669697,0.29381107,0.27264791,0.1016966,0.51364664
275,5,45,1.6613952,280.2658,22.226933,0.0072948487,0.0028610958,-0.032323945,-0.0083033746,-0.022962468,0.0035117412,0.28569628,0.24100271,0.1587972,0.30387284
275,5,50,1.4018772,275.97126,22.210291,0.014292818,0.0044663922,-0.025755086,-0.0083684827,-0.013309413,-0.012920493,0.27669182,0.24112895,0.17730172,0.27136981
275,5,55,2.5438013,288.25031,21.820698,0.00222381,0.0021225457,0.02919915,0.013759312,-0.013466164,0.010630836,0.37465266,0.27745224,0.14844372,0.35543803
275,6,0,2.8385723,295.90479,22.32663,0.010178076,0.0036321607,-0.015462574,-0.010890937,-0.071349577,0.041923363,0.44036029,0.27776251,0.16344481,0.40032918
275,6,5,2.9184339,307.23207,22.522068,-0.0057832503,-0.015000613,0.069802532,-0.0070181974,-0.032423314,-0.087786503,0.31162099,0.47074163,0.14969884,0.45357918
275,6,10,1.8480574,304.91937,22.313621,0.036734405,0.026361291,0.10081464,-0.0093636674,-0.030873409,-0.010765704,0.4475787,0.3634567,0.21315316,0.20069479
275,6,15,1.5666981,289.99769,22.520537,0.017050278,0.012843081,0.031532409,-0.012872121,-0.021019311,-0.0099304864,0.2985602,0.2317541,0.15958974,0.17170848
275,6,20,2.0904883,284.39526,22.488283,0.0118495,-0.00058523926,-0.011505874,-0.010597806,-0.052798043,0.0012693315,0.31913513,0.21069299,0.12664957,0.27040279
275,6,25,1.8695594,289.90445,22.485385,0.019379479,-0.0030524131,-0.0014036943,-0.0077072783,-0.053445795,-0.0023049217,0.27754124,0.19700999,0.15712537,0.29644511
275,6,30,0.91974022,303.51562,22.241855,0.025711222,0.013720786,0.057942763,-0.017800861,-0.076402422,-0.033926569,0.4221843,0.33438383,0.19128588,0.26705731
275,6,35,0.3367025,276.25585,22.243988,0.042712449,0.0057253265,0.0027042784,-0.0060785865,-0.0076169193,-0.0093654428,0.35180877,0.23012013,0.21866231,0.11834838
275,6,40,0.80303881,289.85594,21.278032,0.078523826,0.03667245,-0.018904564,-0.012185186,-0.20379896,0.11746718,0.5124553,0.42299405,0.36103961,0.76093318
275,6,45,1.9869199,303.15375,21.264431,0.051750799,0.002643994,-0.0043458827,-0.035895385,-0.13329755,0.0086650529,0.55553175,0.30552568,0.25386775,0.38806958
275,6,50,1.4957489,303.64575,21.440607,0.019463863,-0.00073670829,0.0041008969,-0.032796185,-0.18818769,0.0043480073,0.49065704,0.28661242,0.19206643,0.59845916
275,6,55,1.4949502,275.20103,21.044975,0.008590591,0.010605541,-0.053659878,-0.018852273,-0.042957555,-0.026999285,0.44510653,0.30079237,0.17432455,0.43577212
275,7,0,0.73807959,217.63179,21.232076,0.0022478478,-0.01095298,0.0084643372,-0.0077557513,0.0036651442,0.048700534,0.23167224,0.29338303,0.14439356,0.30379415
275,7,5,0.86423268,226.92908,21.560647,0.0027459738,-0.0063797136,-0.017560489,-0.019212909,-0.029232722,0.077692477,0.26591658,0.3082816,0.16232144,0.4938831
275,7,10,0.58053532,198.47102,21.692158,0.00047907066,-0.005708388,0.015161039,-0.00057120009,0.022810886,0.039462101,0.19245007,0.24201032,0.13070934,0.30003464
275,7,15,0.71125386,174.14637,21.38407,-0.0022332242,-0.0025203327,0.020039053,-0.0072512462,0.05098144,0.080488336,0.2293006,0.25033663,0.12471541,0.5306322
275,7,20,0.75208221,177.45518,20.20735,-0.0063824989,-0.0032151415,0.0078385333,-0.00065222814,0.02224126,-0.017088975,0.24143609,0.27670733,0.14305267,0.33936374
275,7,25,0.58892121,245.41216,20.014706,0.028035236,-0.038930986,-0.068479524,0.0016124572,0.027035383,0.026890183,0.44301552,0.53472205,0.20282999,0.21966035
275,7,30,1.262947,289.91326,20.472899,0.013193904,0.010484093,0.04183168,-0.0034900269,-0.0063131238,-0.0049980041,0.28506812,0.33976178,0.17381769,0.27306807
275,7,35,1.6684692,280.52052,21.030045,0.0059332509,0.0030439453,-0.0012603313,-0.0046862834,-0.0061815248,0.0099648711,0.21236792,0.19984627,0.13821132,0.15093778
275,7,40,1.0694926,174.69259,20.002095,-0.032888065,-0.014983144,0.38468664,-0.013539871,-0.07311745,-0.079491644,0.56539716,0.84738234,0.22149265,0.74728708
275,7,45,0.64759713,124.91608,19.172811,0.0048926068,0.010288324,0.061027264,-0.0074847397,-0.00038080195,0.0074718022,0.38815324,0.30302978,0.23174473,0.27167306
275,7,50,1.4097272,306.38959,19.453701,0.0050454852,0.0010483054,0.060109783,0.0015989581,-0.02351634,-0.010836782,0.35908953,0.31064768,0.16243037,0.17574878
275,7,55,2.8222569,289.69275,20.11454,0.0077624564,0.0078323248,-0.0049404747,-0.0048537852,-0.028241192,-0.0040390808,0.27251499,0.20819206,0.13089209,0.31043105
275,8,0,1.8188211,283.51672,19.756939,0.03588524,0.045917853,-0.033787938,0.014216757,0.34961936,-0.045284982,0.61591523,0.31582979,0.26976576,0.85479792
275,8,5,0.20709186,77.392089,19.117006,0.0045619827,-0.0046449259,-0.032993872,-0.0011915832,0.0019050247,-0.043538633,0.27872254,0.34648168,0.23893249,0.38442358
275,8,10,0.93187294,6.4474601,18.807545,0.013489402,0.048449836,0.017803675,-0.0035191333,-0.02382484,-0.021150569,0.28541476,0.29342629,0.29759494,0.39284651
275,8,15,1.4192549,314.5289,18.593095,0.0033004474,-0.00012540934,0.0063875771,0.0016353367,-0.0098347117,-0.00023362616,0.17439156,0.15536186,0.091490025,0.13997546
275,8,20,1.5787174,313.82378,19.030353,-0.0017838443,0.0063963075,0.012539628,-0.0040335234,0.019764747,-0.0041170635,0.30340061,0.2165928,0.11548619,0.15884563
275,8,25,0.54761924,281.42047,18.523452,0.061751262,0.0033294117,-6.969508e-05,-0.05993496,-0.181792,0.01006117,0.49729298,0.32349925,0.21058265,0.44937358
275,8,30,2.0869631,292.7116,18.620547,0.0044333861,0.0013707193,0.012182066,-0.0013403637,-0.0036269487,-0.0014820293,0.18786965,0.16799334,0.082701004,0.16007152
275,8,35,2.9227575,277.3494,19.614187,0.0021477243,0.0043824041,-0.014191673,-0.0012300428,-0.015645701,0.0092719484,0.20694844,0.1823957,0.10842346,0.28081341
275,8,40,2.7613699,290.03627,20.112077,-0.0025854361,0.0059474682,-0.0015278074,-0.0028361832,-0.015831503,-0.0028334633,0.17085921,0.17085649,0.12023598,0.23937767
275,8,45,2.8187749,285.72713,19.487605,-0.0014857877,-0.0029790157,0.0078748702,0.0017999232,-0.031772339,-0.014675169,0.21696741,0.19158239,0.10821857,0.29088796
275,8,50,1.7823506,286.79013,19.713937,0.015337935,0.011976038,0.016479871,-0.0064250896,-0.012843057,-0.0059226605,0.28609721,0.21241591,0.18740221,0.20872809
275,8,55,0.65882296,347.76388,19.38038,0.01719054,0.037949024,0.093023611,-0.0062391419,-0.00058378806,-0.022159991,0.35368226,0.49106898,0.22401368,0.15295626
275,9,0,0.86084487,314.29186,18.604526,-0.00073280145,0.017937606,0.02328567,-0.0069031339,-0.010587455,-0.017739252,0.2749563,0.26495173,0.16776246,0.17502245
275,9,5,1.822405,278.55279,18.98648,0.02222309,0.025507149,0.018423908,0.0033413821,-0.0070251643,0.042579188,0.24727606,0.31664661,0.20560114,0.29444413
275,9,10,2.146658,281.56336,19.116645,0.0032989121,0.001808637,-0.06123603,-0.0074507797,-0.021237553,0.065692773,0.33215659,0.31147308,0.16570977,0.71763699
275,9,15,2.7045932,285.73875,19.145813,0.00034532696,0.0031419599,-0.027008881,-0.008294782,0.066261501,-0.053438494,0.30288986,0.23619889,0.119884,0.51693687
275,9,20,1.1234973,282.56191,19.098063,-0.0052695292,-0.0032208079,0.032561972,-0.0042385329,-0.078356685,-0.051604863,0.35668046,0.29103652,0.25321718,0.45740462
275,9,25,0.91815984,283.38553,19.146825,-0.0077142747,-0.0099492941,-0.12121217,-0.01831307,0.019452688,-0.02896025,0.58391003,0.39664044,0.25817927,0.25084364
275,9,30,1.0146855,285.18109,19.573405,0.0062093676,0.01358289,0.010561324,-0.0084675663,-0.0088365582,-0.011980956,0.24239719,0.23415161,0.16048104,0.1806934
275,9,35,1.6175749,282.47451,19.149706,0.0042422146,0.0010562984,-0.051723001,-0.014333908,-0.16778548,0.084796577,0.39026182,0.30320433,0.17848818,0.65956209
275,9,40,2.1293799,286.79661,19.329653,0.0053616367,0.0011750622,-0.017967904,-0.0050045223,-0.074008866,0.020069345,0.42525975,0.20083905,0.13137821,0.42960791
275,9,45,2.6161629,285.91634,18.98581,0.001036242,0.010723029,-0.0099659746,0.00020025816,-0.02812375,0.01785801,0.2245784,0.21918363,0.16016835,0.26377533
275,9,50,2.4785324,283.56666,19.326798,0.0015679032,0.0018992397,-0.013179947,-0.0012809059,-0.0004418673,-0.017387025,0.2403741,0.19915955,0.12509992,0.27640384
275,9,55,2.2532147,293.69285,19.604919,-0.00049251108,0.0021552722,-0.0037928786,-0.0070905407,-0.020017144,0.010537974,0.19448758,0.17205606,0.13787341,0.2748824
275,10,0,2.5036191,297.4757,19.14755,-2.7062955e-05,-0.0047547511,0.0055959659,-0.001685483,-0.011396015,0.0075162016,0.1896695,0.16912191,0.12292866,0.22088954
275,10,5,2.5790821,286.75711,19.043896,0.00093534076,0.010150977,0.00033916338,-0.011122804,-0.020775127,0.021919979,0.29049074,0.22719935,0.16281912,0.36997916
275,10,10,2.4321197,288.56201,19.312802,0.0059592578,-0.0028430423,0.0063871169,-0.0037241393,-0.04019002,0.0069772536,0.30192279,0.23128528,0.15735044,0.47474497
275,10,15,1.6883381,307.87326,18.841452,0.0072896177,0.011352251,0.034860852,0.0011979068,-0.0016230228,0.00680415,0.35992364,0.23770677,0.16992855,0.20174473
275,10,20,0.65597978,29.639667,17.799815,-0.0081068849,-0.0030037414,-0.01000617,-0.0081302071,0.010754267,0.017471691,0.19725895,0.33653389,0.11953691,0.15237427
275,10,25,0.77004745,290.68462,17.797632,0.011940364,0.00037893855,-0.0012904238,-0.0050874872,0.0017604229,-0.00097317202,0.27787286,0.20832459,0.11974218,0.14136969
275,10,30,1.7693807,290.25007,17.575283,-0.0020050958,-0.0035796606,-0.026333052,-0.00012910518,-0.0067257244,-0.011420438,0.32969119,0.21738674,0.10409424,0.19526579
275,10,35,1.8278583,278.93518,17.128064,0.00094269127,0.0025726981,-0.020346217,-0.0073157242,-0.01225356,-0.0063131106,0.28081424,0.2076767,0.11879989,0.28756142
275,10,40,1.8434679,269.30308,18.297901,0.0053562048,0.0013899821,-0.043127592,0.0018584703,0.029427403,-0.038137721,0.28603015,0.2316073,0.13972258,0.3108776
275,10,45,0.98302529,251.87558,17.904051,0.013133923,-0.0044178136,-0.089929989,-0.0028614734,0.0099883405,-0.010395586,0.41829135,0.28489764,0.18931867,0.33604584
275,10,50,0.42346892,358.76764,17.505823,-0.016722766,-0.0056274966,0.1163001,0.0089595994,-0.00062110055,0.085187731,0.30475468,0.58785104,0.21883474,0.30921363
275,10,55,0.73473897,18.435013,17.265311,0.0032783366,-0.010047923,0.023206843,-0.003065353,-0.023152111,-0.01194992,0.19636126,0.26211231,0.12464597,0.25904477
275,11,0,0.66739102,124.32816,16.51788,-0.0057797961,-0.0006954286,0.01240469,-0.0038154298,0.023564024,0.0065041805,0.22611077,0.20699499,0.13471082,0.18721414
275,11,5,0.82461457,105.20851,16.170365,-0.020672485,-0.020691527,0.031584482,-0.0073200752,0.038563949,0.017809024,0.32269787,0.27903948,0.20436193,0.28134361
275,11,10,0.41245775,70.692698,15.593453,-0.0116244,-0.010833598,0.0029198023,-0.0049199472,0.00033795697,0.0018875032,0.32829943,0.20730094,0.15302772,0.15867344
275,11,15,0.65352941,241.53306,15.503665,0.0093789466,0.0036031386,-0.0081766392,0.0031518765,0.0025244946,0.024082826,0.20927315,0.2680775,0.22493385,0.22897439
275,11,20,0.75248508,297.2191,15.447379,0.026464302,0.026349673,0.056613491,-0.02786723,-0.0251395,-0.014293018,0.3477171,0.38489935,0.2836266,0.29174349
275,11,25,1.3484962,277.33407,15.932095,0.0022679689,1.2651997e-06,-0.0067041722,0.0016944619,-0.0053896319,0.024355519,0.12585338,0.18822796,0.098148089,0.24117819
275,11,30,1.3398689,292.26181,15.514361,0.0057610684,0.0099397016,0.024661716,-0.0026967732,0.014443606,-0.0038547736,0.27836854,0.28599105,0.14423796,0.2735178
275,11,35,0.45692988,271.17804,15.111286,0.0068269316,0.007498216,0.034324084,-0.008547745,0.010875198,0.0039699204,0.30763597,0.27917284,0.18507392,0.13878311
275,11,40,1.615901,255.38251,15.683088,0.010133191,0.0035503218,0.00077866925,-0.0028910589,-0.0068873529,0.0037847282,0.22930842,0.26667833,0.12618423,0.19070805
275,11,45,2.8674591,286.19376,15.421275,-0.0004632559,-0.0051995539,-0.039377508,-0.0096580664,-0.077145353,0.10138743,0.24980631,0.31384368,0.12307719,0.55373943
275,11,50,2.5949092,278.53569,16.120677,-0.0041292728,-0.00058288134,-0.0047374705,-0.0023954012,-0.015336415,-0.040771238,0.43572156,0.37946701,0.14682852,0.23827932
275,11,55,2.7536858,158.77079,16.272035,-0.025346292,0.019811381,0.0067081716,-0.017455397,0.065664522,0.019234292,0.45289064,0.32164211,0.21765263,0.27810377
275,12,0,2.0248434,151.91229,15.537386,-0.011199162,0.017834047,0.034198097,-0.013107913,0.080333979,-0.036153842,0.4485762,0.37260895,0.16875453,0.29638915
275,12,5,0.42479305,188.97408,15.72124,-0.051724737,0.014119416,0.011759634,-0.014753302,0.013939182,0.023981592,0.34180722,0.39107761,0.25812284,0.20510452
275,12,10,1.1357251,310.05857,15.686388,-0.012045698,-0.025356095,0.061057713,0.011506155,-0.094738172,-0.01921279,0.39108045,0.32245397,0.22138193,0.37930943
275,12,15,1.1235859,267.81885,15.548493,-0.0036035258,0.0081974373,0.09585339,0.024953576,-0.16737912,-0.052197166,0.61678001,0.35964786,0.2037252,0.49192235
275,12,20,1.7374776,272.59057,15.97176,0.010509184,0.0023870461,-0.010477249,0.0021201142,0.015397031,-0.029431703,0.21445409,0.24046501,0.16834745,0.2697088
275,12,25,1.9846039,297.02578,15.659382,-0.012519091,-0.00019045646,-0.0043808108,0.018131368,-0.067625113,0.0061516687,0.24287363,0.18705789,0.12706999,0.37002038
275,12,30,1.8974112,287.45643,15.609335,0.0060925204,-0.00019529936,-0.007676902,-0.0028486002,-0.027884529,-0.00050491864,0.24202384,0.22539548,0.10626904,0.24699283
275,12,35,2.2361254,279.30044,15.774515,0.0037043975,0.0037638149,0.010205984,-0.00025619804,-0.013200689,-0.00046597136,0.25778542,0.25541892,0.15415454,0.22491386
275,12,40,2.2713215,280.20769,16.193618,-0.0028876292,0.0074223759,-0.013125479,-0.0048668839,-0.012408011,0.0064962251,0.22649133,0.21851647,0.13336987,0.26397307
275,12,45,1.9835468,270.64755,16.710259,-0.00035816525,0.0052853783,-0.0093975461,-0.0048017009,0.0028948436,-0.012786716,0.19676312,0.18706287,0.10639734,0.17612755
275,12,50,0.84995572,222.16395,16.187724,0.013845127,-0.017077756,-0.016554321,-0.024413975,-0.021183507,0.050920363,0.24809467,0.35220026,0.21520312,0.35582856
275,12,55,1.0151081,283.11635,16.519755,0.020441615,-0.0099316945,-0.039122357,-0.0080630164,-0.011911338,0.004541743,0.31370241,0.30909687,0.19084904,0.22613343
275,13,0,2.4772613,290.19698,16.484641,0.0071459085,0.0045501908,0.00010482472,-0.0052959479,-0.023106265,0.012367217,0.30023896,0.28237968,0.14883677,0.26724724
275,13,5,2.7062648,290.10485,16.966631,0.0027841644,0.0026813847,-0.0093629636,-0.0022077382,-0.023019257,0.0049144965,0.25179601,0.19895318,0.14205419,0.2829715
275,13,10,2.3242633,280.33479,17.490215,0.022192702,0.010745128,0.025258523,-0.014014367,-0.028980474,0.041070002,0.37001879,0.26153982,0.14357758,0.41014554
275,13,15,1.0912301,262.29494,18.37215,0.0045846512,0.0011547662,-0.10387179,-0.0077611492,-0.12798207,0.085126322,0.51849867,0.29913925,0.19993945,0.45494688
275,13,20,1.7161379,257.78443,18.301435,0.071806622,-0.009188701,-0.075127683,-0.0063255534,-0.02485446,-0.032629574,0.6628252,0.29470581,0.22077043,0.28633475
275,13,25,1.8239696,241.83908,18.603723,0.0080827365,-0.0035823136,-0.097825721,-0.026413353,0.062538758,-0.0039102654,0.52011022,0.34134915,0.25587701,0.38671619
275,13,30,0.6142176,283.61428,17.832546,0.052416701,-0.023921283,-0.13451253,-0.035944616,-0.22755956,0.1406849,0.57565227,0.41774032,0.30749609,0.58722234
275,13,35,1.1917326,290.1458,17.713179,0.026177932,-0.011630225,-0.076857962,-0.026046286,-0.14449968,0.064443115,0.49928056,0.31606837,0.2159026,0.42448041
275,13,40,1.8875925,292.40701,18.057359,0.039608877,-0.0051210266,-0.081160653,-0.0080158486,-0.13939145,0.041348938,0.6207391,0.35685744,0.23371891,0.42432907
275,13,45,1.4156766,314.1884,18.062729,0.010338691,-0.006991971,-0.031301074,-0.0059940968,-0.027570995,0.038104931,0.31668556,0.29145384,0.13550079,0.26667607
275,13,50,1.2107008,52.471286,17.475946,-0.015917072,0.0056553926,-0.019136744,0.0042510637,-0.018556107,0.010493875,0.28369879,0.13799111,0.11757601,0.13223942
275,13,55,0.4430574,225.58956,17.158484,-0.0031748739,-0.0026147774,0.014794362,0.0021339974,-0.029043009,-0.0034951365,0.31371316,0.16689751,0.117498,0.15872172
275,14,0,0.2895011,1.8305664,17.260713,-0.0093155344,-0.0068359609,-0.010992221,-0.0065930223,0.0011030805,-0.0013983242,0.32500048,0.31318521,0.19795534,0.12391969
275,14,5,0.72696601,13.49488,16.4644,-0.0022920411,-0.0027444448,-0.012788063,-8.6120525e-05,0.008502528,-0.0059925778,0.19068601,0.19076567,0.16908085,0.1812311
275,14,10,0.27706211,210.68818,16.806108,-0.012431926,-0.00042025035,0.0062385899,0.00040338115,-0.0053708382,-0.00076392867,0.24246647,0.10094943,0.1446112,0.10632908
275,14,15,0.6030898,305.32942,16.810068,-0.0024960396,-0.00017796719,-0.00070756184,0.0017418034,-0.0070793362,3.4847148e-05,0.12220115,0.10843984,0.095163233,0.1088971
275,14,20,1.0804293,341.42384,17.605138,0.0052482725,-0.0020804517,0.0053909431,-0.0011866788,-0.00015177123,0.00055162506,0.17927255,0.23906516,0.14361017,0.085843804
275,14,25,0.13340715,174.41775,17.790404,-0.018046832,0.0018754974,0.005019038,0.013821582,-0.0039568968,0.0052113878,0.23815431,0.17118949,0.19800061,0.14999579
275,14,30,0.44717672,114.3635,17.685126,0.0085177553,0.0053928251,0.013725581,-0.0025425485,-0.008729065,-0.0029044443,0.19460093,0.17580311,0.13819826,0.085885309
275,14,35,0.96781082,80.884662,17.80099,-0.0095170739,4.5971941e-05,0.021274521,0.015855775,-0.0096219013,0.00054257144,0.21229166,0.23327404,0.15858793,0.15755578
275,14,40,1.5090713,107.2624,17.277475,-0.0037365133,-0.010973591,-0.049477611,0.043798675,-0.034824443,0.053043882,0.43201572,0.35461168,0.22264066,0.40785312
275,14,45,1.1143107,100.67442,16.621135,-0.0028497325,-0.017918942,0.007125932,0.014693063,-0.0085036088,0.0049586016,0.16626949,0.31155316,0.1645678,0.20989994
275,14,50,0.47268671,208.25882,17.110626,-0.0078130237,0.014341227,-0.0086632201,0.037710541,-0.010165719,0.009812047,0.19177654,0.15806274,0.2521098,0.23132585
275,14,55,0.49915508,22.386969,17.349778,0.0038796929,-0.0017855234,-0.005908872,0.0045370834,-0.0036872776,-0.0035412337,0.14702564,0.22726548,0.21089479,0.11408917
275,15,0,1.5009008,47.854451,16.504094,-0.003859813,-0.0048441805,0.0066541424,0.016560727,-0.026358214,-0.025694065,0.20361312,0.23933701,0.20248726,0.2774559
275,15,5,0.66563143,59.612319,16.613622,-0.027669061,-0.00087353142,0.010098391,0.020779968,-0.022223944,-0.0041907906,0.25974448,0.2202076,0.23551032,0.15379467
275,15,10,0.98240873,74.737943,16.992872,-0.028082326,-0.032821718,0.045511464,0.047349847,-0.040798316,-0.025609456,0.35437429,0.28779201,0.30116903,0.24946228
275,15,15,2.3832761,50.528461,16.62114,-0.040686309,-0.0046923225,0.021427291,0.04169466,-0.056736304,-0.0065767508,0.36350263,0.24045172,0.25963118,0.25063514
275,15,20,1.7955469,49.29485,16.58516,-0.043184648,-0.009256437,-0.012831828,0.064733861,-0.061594783,-0.015261348,0.37351392,0.38358574,0.30413571,0.32648422
275,15,25,0.9785987,48.157787,16.823051,-0.064144957,-0.027444112,0.05849893,0.10085449,-0.095046465,-0.039594611,0.44978728,0.2685129,0.32272535,0.38807221
275,15,30,1.4111611,74.86567,16.481109,-0.0048355548,-0.010117844,-0.011086474,0.049129688,-0.019573632,0.0029972964,0.31441569,0.30190865,0.28115818,0.27882762
275,15,35,1.9338388,72.10411,16.394022,-0.00030238679,-0.016157964,-0.039277039,0.047998356,-0.026574265,0.0072786466,0.37807334,0.34823879,0.28282046,0.30249471
275,15,40,1.9014563,71.251833,16.248473,-0.021622249,0.022317339,0.0070370408,0.085254858,-0.032851453,0.018956986,0.32283499,0.40197052,0.35536271,0.38830272
275,15,45,1.0443022,71.018076,16.369199,-0.017256748,0.01099748,0.0013277354,0.059573836,-0.019664866,0.013105776,0.24838154,0.24036664,0.32080197,0.26727954
275,15,50,0.66003629,47.009483,16.610584,-0.0049624466,0.0099360149,-0.016843445,0.0078489405,-0.011614661,0.015044811,0.21291543,0.26556283,0.22865135,0.15906007
275,15,55,1.213999,87.065628,16.954334,0.024920271,-0.0019312374,-0.00074577808,0.081373378,0.0033665014,0.0024858198,0.35163544,0.27107404,0.33109497,0.33160728
275,16,0,1.2188137,91.575882,17.044754,0.0083569138,-0.0076389053,0.020387616,0.063603346,-0.048223988,-0.019989186,0.48842491,0.35784866,0.32761919,0.30458057
275,16,5,1.1243581,99.645654,17.51554,-0.041866761,-0.0073122215,-0.010057164,0.13350543,-0.035047899,-0.045031335,0.37782317,0.33537,0.40717123,0.48379199
275,16,10,1.3251404,125.37716,17.500983,-0.015966699,0.034233277,0.009027294,0.11666818,0.009935497,0.040854129,0.44512391,0.46262104,0.41156127,0.44748032
275,16,15,1.4789227,113.05984,17.388168,0.048314985,0.027609261,-0.019201518,0.055938161,-0.036643535,0.047607435,0.51027265,0.35460642,0.3179925,0.33128955
275,16,20,1.9182292,112.22592,17.60376,-0.0090904089,0.010010323,-0.073270099,0.087613222,-0.047493514,0.012483041,0.57493794,0.34000998,0.3771368,0.39738032
275,16,25,1.27535,118.90922,17.771056,0.015888473,0.030146721,-0.067400057,0.10362759,-0.0059912282,-0.01419214,0.44094905,0.63937717,0.43834963,0.398877
275,16,30,1.6969475,110.57607,17.679359,-0.027030776,0.018120189,-0.055021207,0.064673537,-0.12374916,0.052533532,0.55747124,0.50908234,0.36546717,0.38032331
275,16,35,1.4923213,106.40517,18.102377,0.065487652,0.0068393006,0.031848434,0.15491842,-0.0069957121,-0.0016956063,0.50284436,0.40871811,0.54164245,0.51322501
275,16,40,1.4189061,99.614206,18.215658,0.014920244,-0.016106672,-0.053139335,0.17616162,0.04779705,-0.0083010473,0.57559111,0.39528786,0.47776662,0.52985874
275,16,45,0.85599795,106.764,18.563918,-0.005434084,0.0220466,0.11065724,0.19858117,0.017666638,0.017293082,0.67425912,0.39342249,0.42987156,0.58210586
275,16,50,1.7403212,96.179211,18.379961,-0.011172436,0.024507712,-0.031027269,0.093703522,-0.0017561234,0.041923614,0.43767378,0.44334968,0.40970416,0.44835266
275,16,55,1.7336294,98.514765,18.544002,0.043845497,-0.032948585,-0.11312409,0.16639478,-0.031706105,0.008088372,0.61388779,0.42649195,0.47373914,0.53798992
275,17,0,1.375552,142.26741,18.551448,0.052968217,-0.011049182,-0.024517247,0.064922902,-0.029188166,0.0057667816,0.5654753,0.27679583,0.33984973,0.36377593
275,17,5,1.3140068,163.00476,19.058573,-0.054322503,0.010779205,0.062731005,0.16663823,-0.068823427,-0.022567276,0.50318234,0.3334917,0.42284481,0.56351155
275,17,10,0.96245201,167.83823,19.619345,-0.04032214,-0.062706939,0.078970027,0.10211705,-0.0092434187,-0.039005886,0.41149276,0.54513771,0.47295773,0.61329919
275,17,15,0.95479351,117.26712,19.290648,-0.029605248,0.032521596,0.026205104,0.0886714,-0.03774267,0.03551643,0.4305936,0.33042154,0.43963095,0.34573944
275,17,20,0.61711668,158.31519,20.269364,-0.092892966,-0.025520844,-0.0007610401,0.40171939,-0.098888078,-0.098594265,0.49628315,0.39916548,0.58601809,0.90239357
275,17,25,1.0872625,150.97431,19.856376,0.001779421,0.045686089,0.24334214,0.099392473,-0.035933576,-0.01715645,0.7164633,0.55645508,0.45707473,0.47869886
275,17,30,1.8311679,128.0393,19.876035,-0.044481279,-0.0049210233,0.29137005,0.085187639,-0.20660184,-0.19491851,0.81984829,0.9481781,0.36010328,0.48824891
275,17,35,2.0088985,124.5994,19.990351,0.086509027,0.09655424,0.0059933355,0.11047308,0.0433086,0.031664938,0.68104075,0.57177682,0.42361412,0.46328828
275,17,40,2.1787031,111.37375,20.15928,0.131035,0.01919236,0.18644876,0.18923231,0.1347227,0.0044371243,0.68154141,0.61949968,0.50121431,0.64999086
275,17,45,2.309675,93.83657,20.34829,-0.021724974,0.030396989,-0.085658244,0.17513823,-0.026458469,0.068647569,0.47947898,0.90586359,0.4776728,0.57237355
275,17,50,1.6366838,69.458051,20.779581,-0.04399498,-0.00050118433,-0.0036753262,0.15985645,-0.059611213,0.021134719,0.46987951,0.4856181,0.51825882,0.55823111
275,17,55,1.8777263,160.46305,20.31776,0.035264222,0.12521075,0.3340219,0.1025775,0.049758445,0.14337564,0.63202188,0.86848587,0.39887739,0.46151277
275,18,0,1.8630765,146.01379,20.189047,0.043462407,0.011470421,0.0078739129,0.026185008,-0.016004567,0.0033875002,0.56749092,0.42800806,0.34898806,0.18852042
275,18,5,1.5622809,131.5524,21.182306,-0.038819622,0.037833272,0.30259032,0.15460904,0.034145481,0.056851256,0.79504217,0.63141231,0.44579476,0.58213917
275,18,10,1.9281362,151.65052,21.652183,-0.069265067,-0.0067192874,0.14169413,0.25106569,-0.073517042,0.0055924735,0.5443438,0.63941622,0.47579447,0.77434112
275,18,15,1.834438,144.31425,21.078129,0.10327846,0.055055258,0.20492026,0.15738154,0.054767841,0.042773131,0.94687511,0.64731499,0.44607157,0.53379488
275,18,20,2.5478032,143.02575,21.130184,0.014027387,0.061055737,-0.057718735,0.15061739,-0.0081779379,0.021203268,0.56818294,0.56293825,0.44990176,0.5347639
275,18,25,1.4130257,137.9043,21.301637,-0.046336661,0.022573134,-0.040376464,0.15946979,-0.18392282,0.054322015,0.62441594,0.39279354,0.42849848,0.60246653
275,18,30,2.0534558,133.93021,21.458787,0.1029659,0.013005042,-0.093669044,0.10733135,-0.0028734039,0.047225091,0.62279938,0.54971128,0.50014995,0.41408119
275,18,35,1.6392682,145.99113,21.458931,0.038281119,0.0046311302,-0.034989895,0.048680833,0.010236737,-0.035835502,0.45928709,0.45238686,0.43661674,0.34221777
275,18,40,1.2998543,157.21644,22.214019,-0.0049997006,-0.0057494156,-0.014133185,0.17709541,0.072338705,-0.031966013,0.70277099,0.58403292,0.41562472,0.68920676
275,18,45,2.2160487,155.25637,21.814614,0.003909291,0.0012346731,0.076549001,0.11450885,-0.087163838,-0.040601991,0.54349825,0.43094129,0.40811803,0.510474
275,18,50,0.98982717,133.59293,22.400521,0.014199394,0.11807716,0.0059210091,0.24315583,0.0066474049,0.071011867,0.31330823,0.54006493,0.485618,0.68747684
275,18,55,2.7412343,131.72628,22.293059,-0.0064687677,0.069414475,0.12850609,0.15977023,-0.014385995,0.077117287,0.7827339,0.60863875,0.47116067,0.59454233
275,19,0,2.0160131,119.83308,22.18511,0.0245437,-0.0020243094,0.044987929,0.088470056,-0.11690148,0.0085489442,0.80508277,0.48333373,0.50348011,0.39507269
275,19,5,1.267748,89.594653,22.936194,-0.048436057,-0.076284035,0.039022826,0.29565935,-0.073981036,-0.031488144,0.48264973,0.4536692,0.56934501,0.70780237
275,19,10,1.6132919,141.76543,23.417447,0.063422717,0.028488603,-0.246167,0.11210343,-0.21153424,0.0079912356,1.0354932,1.0215069,0.57526898,0.57081299
275,19,15,1.9385146,129.76354,23.378986,-0.040168435,-0.065407104,0.097521271,0.24719953,-0.063006789,-0.06896105,0.78097852,0.63102641,0.50571478,0.80790767
275,19,20,2.3165399,99.303954,22.745241,-0.043048598,-0.069022043,0.093826899,0.025995041,-0.024309215,-0.02634566,0.69918043,1.0873688,0.4087335,0.1786682
275,19,25,2.0447079,68.929459,22.889108,-0.022779762,0.020979139,0.08547101,0.043886813,-0.014945807,-0.008110314,0.71136953,0.50613573,0.56173374,0.23705965
275,19,30,2.3397432,43.700234,23.141998,-0.031428738,0.012832918,-0.33448595,0.085260721,-0.061206462,0.043287792,0.75169906,0.75401587,0.56167776,0.31764263
275,19,35,2.7857153,76.795809,24.062649,-0.033758244,-0.17290093,-0.39724354,0.24086621,-0.085045122,-0.25017525,1.2792001,1.0021077,0.54956709,0.82691619
275,19,40,2.762439,66.048975,23.397604,-0.095944681,-0.11131476,-0.2901864,0.27791171,-0.15686039,-0.17277986,0.81828791,0.95559323,0.69064512,0.70915344
275,19,45,3.4820293,104.21567,23.22842,0.045978762,-0.029404431,-0.13573366,0.11046101,0.061976505,-0.0091929073,0.80665527,0.76920562,0.4356167,0.506908
275,19,50,2.3344269,129.06724,23.071492,0.011083666,0.027316716,0.093167629,0.10447376,-0.04497999,0.0025162777,0.72979896,0.53127205,0.47752114,0.44360995
275,19,55,1.3422501,145.3753,23.51985,0.011761924,-0.0060700979,0.061510637,0.21034108,-0.0077012377,0.029131244,0.62434531,0.45804303,0.50793712,0.70801065
275,20,0,1.6444221,187.48741,23.425885,-0.070360858,-0.045006135,0.07750447,0.11328091,-0.097481541,-0.027904715,0.6331644,0.44156243,0.52323992,0.43721208
275,20,5,1.2549833,155.56617,23.64727,-0.015620219,-0.0027220371,0.012467316,0.10496412,-0.032998186,0.02820495,0.48915764,0.53169553,0.44955484,0.46861829
275,20,10,2.3222476,143.18791,23.635947,0.11476627,0.0065475982,-0.14188258,0.17244302,0.059696592,0.037802437,0.76820587,0.58620706,0.49998225,0.59264217
275,20,15,2.47151,134.65306,23.777193,-0.011364732,-0.038420589,-0.088031453,0.17612218,-0.068190442,0.094763587,0.54013809,0.59239469,0.55291098,0.60048794
275,20,20,2.8951665,124.56251,24.055206,0.10135256,-0.0074895517,-0.23636462,0.16600149,0.093776891,-0.10704942,1.0330279,1.0293862,0.50028267,0.59410223
275,20,25,1.5435445,105.92303,23.532495,-0.05602693,-0.041797731,-0.10941362,0.061550186,-0.024440535,-0.0072448734,0.48475524,0.60741043,0.46852732,0.31992295
275,20,30,1.3802772,198.9044,23.857151,-0.023496026,-0.067414012,0.1451106,0.10883108,-0.056629775,-0.041516666,0.59844945,0.48380221,0.46928123,0.43473754
275,20,35,1.0888797,244.16455,24.169624,-0.056333476,-0.039267093,0.029083078,0.19931031,-0.092403614,1.8602028e-05,0.49642805,0.43714739,0.49201402,0.59305675
275,20,40,1.6971003,35.296134,24.488922,-0.02122985,0.026139965,-0.21013539,0.10967188,-0.054697257,-0.038595013,0.93949054,0.7724015,0.51313156,0.52389474
275,20,45,3.8351183,40.601314,23.896664,-0.0016764887,0.025334327,0.031717611,0.12281717,-0.123085,-0.005958566,0.90636198,0.61597797,0.4758863,0.46776366
275,20,50,3.4668225,41.161852,24.637322,-0.13979166,0.016678534,-0.03931973,0.22140163,-0.20730431,0.082730016,0.76485302,0.85106724,0.56999228,0.71058474
275,20,55,3.6011408,32.767965,23.984473,-0.022746444,0.0060678676,-0.088533519,0.15795433,-0.1135309,0.027909075,0.73729642,0.46666161,0.45898343,0.57324297
275,21,0,3.1545847,34.79745,24.13673,-0.067174343,-0.022578469,-0.084744227,0.13413909,-0.10258069,-0.060874697,0.77798858,0.84752264,0.47811737,0.54265202
275,21,5,3.1396468,41.79157,24.560217,-0.13784197,-0.056799791,0.21641661,0.19058758,-0.075762763,-0.13386158,0.75523664,0.94177515,0.52260345,0.65013575
275,21,10,2.3300207,46.36427,24.826275,-0.2018274,0.042952641,-0.289299,0.18991776,-0.26446404,0.087831076,1.0240916,0.71755427,0.50455906,0.68290434
275,21,15,2.813978,67.910039,24.910462,-0.12907407,-0.010901032,0.096692015,0.16142517,-0.08332185,0.069015868,0.63327747,0.77001258,0.47629496,0.59125707
275,21,20,3.4200125,72.824139,24.638457,-0.052765479,-0.0035812846,-0.13892076,0.15136584,-0.09496435,-0.025252792,0.69807332,0.88504174,0.48204527,0.54343351
275,21,25,2.6919709,48.94448,25.240996,-0.23421559,-0.075063159,0.24523335,0.25463374,-0.18659514,-0.091599827,0.77374769,0.86275346,0.58079851,0.7054816
275,21,30,2.4114156,67.578976,24.778887,-0.056120883,0.031619343,0.04023605,0.14672294,-0.12321969,0.067694288,0.67784825,0.57374974,0.37370085,0.63330679
275,21,35,1.5432643,86.880354,24.798355,-0.11501548,-0.047529665,0.11555941,0.17606376,-0.15212693,-0.016636522,0.55182737,0.75913727,0.47904689,0.58689118
275,21,40,2.454257,42.401734,24.765775,0.085757506,-0.20182458,-0.71526537,0.14398197,0.020777343,-0.15116001,1.05554,0.97358579,0.60643955,0.43926505
275,21,45,2.9814744,43.691723,25.004147,-0.16271826,-0.082682645,0.12995837,0.24519019,-0.15532162,-0.090961281,0.88336525,0.78436214,0.65013338,0.57012289
275,21,50,3.60584,42.011357,24.883512,-0.091899293,-0.078510206,0.25588251,0.11073054,-0.11354343,-0.03506247,0.83735193,0.82451629,0.49798096,0.43257177
275,21,55,4.2301844,75.264222,24.794703,-0.03314882,-0.12449366,0.025836111,0.15231825,-0.090542446,-0.059466763,0.71092668,0.71383798,0.58195901,0.44387558
275,22,0,3.119351,63.807637,24.972722,-0.084769412,-0.010435152,-0.018488265,0.15559548,-0.1241529,-0.034196723,0.66913039,0.86495914,0.48856045,0.52652789
275,22,5,3.0128482,28.15748,25.073039,0.005154063,-0.022856646,0.08316485,0.090531626,-0.078212253,-0.062849881,0.95578379,0.7458351,0.5168121,0.40740285
275,22,10,3.8404751,47.293828,25.099645,-0.21529952,-0.050777864,0.22256434,0.16197758,-0.10819896,0.032175124,1.1116999,1.2425818,0.64719301,0.48411143
275,22,15,4.4427722,64.020521,25.001549,-0.14698774,-0.11880419,-0.08840977,0.12290772,-0.13075731,0.047088607,1.0697571,1.1201069,0.60930934,0.40562935
275,22,20,4.3349956,50.232269,25.107769,-0.12484954,-0.10400868,0.60372115,0.10278571,-0.074164511,-0.0085879984,0.88463742,1.2617801,0.52413974,0.38852234
275,22,25,3.1036929,53.290223,25.181421,-0.04001314,-0.031027621,-0.051947228,0.076027914,-0.026109746,0.011659109,0.43376674,0.59809796,0.42755604,0.32857749
275,22,30,2.4159444,79.329018,25.10693,0.0070238349,-0.016573994,0.078117217,0.084999951,-0.018010701,-0.0093778251,0.8689067,0.45459295,0.51261837,0.33462908
275,22,35,2.9915846,54.679839,25.174268,-0.10483171,-0.097818886,0.16361377,0.095533257,-0.076088514,-0.019931167,0.79825365,0.96690632,0.55315501,0.36012776
275,22,40,3.3979572,42.703348,25.172786,0.033954816,0.040644289,-0.052060981,0.043592445,-0.01141984,0.057225621,0.51890912,0.66140418,0.45031127,0.30861089
275,22,45,2.1126746,42.022666,25.305614,-0.11242974,0.029547001,-0.1125556,0.079276011,-0.022831275,0.01054227,0.61301319,0.72934609,0.60205023,0.3658215
275,22,50,3.2900753,32.854319,25.060072,0.0016156161,0.0029320126,0.014894198,0.051814889,-0.014603736,-0.044773861,0.53357475,0.61704814,0.40965124,0.29002329
275,22,55,3.0296659,29.735172,25.033306,-0.052349265,0.049948269,-0.095882983,0.049335329,-0.057614681,0.026250215,0.61451577,0.59847586,0.36722165,0.24305301
275,23,0,2.7083684,30.399152,25.124996,0.021033932,-0.026900382,0.06637709,0.035928825,-0.024474504,-0.0010629709,0.68171932,0.52401255,0.48303866,0.22717051
275,23,5,3.6390001,33.217584,25.073683,-0.026576044,-0.0092231882,-0.085966543,0.057442246,-0.026377893,0.0062548282,0.70393151,0.52268009,0.49165746,0.21577828
275,23,10,3.9976383,38.615113,24.913203,-0.12000506,0.0072479535,0.058713801,0.062864382,-0.065297182,-0.0081396743,0.7326926,0.60876549,0.4797809,0.25222616
275,23,15,2.9412625,41.94423,24.900188,-0.078417743,-0.0052027063,0.01935858,0.028398951,-0.034392711,-0.011791629,0.52740017,0.56575155,0.43665159,0.15250562
275,23,20,3.0465718,33.13731,24.999502,-0.047667071,0.014266123,0.016705817,0.027168743,-0.049802215,-0.02872994,0.64496777,0.51180926,0.39325637,0.23438783
275,23,25,3.136741,36.875864,24.862836,0.0017623229,-0.031581979,0.02393641,0.029392261,-0.042167127,-0.0033443025,0.74918389,0.79455901,0.38829189,0.1993552
275,23,30,3.7994479,27.044907,24.682895,-0.045967588,-0.0011395532,-0.16911546,0.022708242,-0.062637309,0.030082996,0.69671619,0.6221185,0.39658538,0.17330099
275,23,35,2.63925,28.702522,24.697624,-0.026801428,0.036776519,-0.066456995,0.019478097,-0.029839489,0.003166598,0.56043104,0.5033438,0.40636916,0.15857265
275,23,40,2.9396673,31.426508,24.544725,0.017956851,-0.0095631616,0.056437051,0.0082479484,-0.0065329258,0.0060134831,0.68740361,0.49526017,0.32195675,0.1475221
275,23,45,3.0154476,32.466392,24.485439,-0.057162833,-0.0058340898,0.0095062762,0.016780933,-0.026842082,-0.017575153,0.5965908,0.41537986,0.30062752,0.12546588
275,23,50,2.752856,39.187547,24.467674,-0.046934854,0.025328265,0.024350285,0.014330592,-0.014956931,-0.0042966437,0.50754393,0.39731697,0.29902902,0.11853444
275,23,55,2.1636155,44.323381,24.405705,-0.12885511,-0.014957988,-0.016074781,0.014111346,-0.037494239,0.0093980855,0.76800063,0.58722006,0.35803219,0.10368306
276,0,0,3.6125084,37.064214,24.30095,-0.028083249,0.00062176809,0.020629919,-0.00017519389,0.00041524848,0.00010132259,0.36206367,0.28796081,0.22418239,0.041248492
276,0,5,2.887792,36.149634,24.24638,-0.044667417,0.0011157739,0.040383462,-0.0013585099,-0.0003441275,0.0040271127,0.51994137,0.39195269,0.25349055,0.059566254
276,0,10,2.5926823,42.989153,24.162188,-0.021526651,-0.021635714,-0.022986183,-0.0013929901,0.0026666233,-0.00025131586,0.42242591,0.35882852,0.28401731,0.076918605
276,0,15,1.9389189,44.549019,24.124279,-0.073847412,-0.027897927,0.026325537,-0.0078154008,0.025913411,0.0045261589,0.55844141,0.49644857,0.29995033,0.11119715
276,0,20,2.002564,38.0037,24.163124,-0.021136664,-0.015497124,-0.032867005,-0.0047441239,0.017150453,-0.0038196274,0.46634807,0.32211314,0.22273191,0.13085044
276,0,25,1.3906799,50.751373,24.025152,-0.017725879,-0.017009118,0.032754075,-0.010333028,0.0092037788,0.011646305,0.29529991,0.36367975,0.26001489,0.10811391
276,0,30,0.56716907,173.33023,23.950525,-0.01937173,0.002610965,-0.077926505,0.0021847071,-0.024237593,0.0099069785,0.37788384,0.3918351,0.18515789,0.14590677
276,0,35,1.3381217,174.82282,23.820269,-0.0017219024,-0.001035354,0.014514746,-0.0025555989,0.0054119257,-0.0052549119,0.24459939,0.23100169,0.12151028,0.17072175
276,0,40,0.89423598,192.2144,23.571354,0.01026022,-0.017650048,-0.033141562,-0.0016394569,0.026043538,-0.003208935,0.30393109,0.26913071,0.18414614,0.26405613
276,0,45,0.14219194,6.8244815,23.503876,0.010746682,0.0019750221,0.055341273,0.008215968,-0.031413785,-0.050863302,0.2592963,0.33300316,0.21315453,0.24341162
276,0,50,0.45809931,251.42089,23.110145,-0.024926466,0.013701044,-0.083886128,0.00038629165,-0.0012086854,0.015920519,0.38625363,0.39461726,0.21308649,0.2416226
276,0,55,1.3517384,287.96291,23.324513,0.0047798893,0.0061431059,-0.0056510113,-0.0040630378,-0.0037268957,-0.0068245484,0.28221741,0.22320499,0.17690113,0.12142819
276,1,0,0.4139031,213.5779,23.371051,0.010552485,0.066004973,0.15035635,0.0094938868,0.11511702,0.32079442,0.3246882,0.7306072,0.22506432,0.57187345
276,1,5,0.14520341,330.25569,23.262924,0.011641447,0.0075281475,0.0095682473,-0.01191647,-0.0081560698,-0.013994254,0.34314285,0.22329488,0.18896042,0.19012181
276,1,10,1.12814,301.62859,22.723989,0.026966724,-0.00064135004,0.014285784,-0.0015858539,-0.097101507,-0.021698761,0.55309157,0.26861982,0.23480376,0.33721324
276,1,15,0.53880457,305.13566,23.146536,0.016844513,-0.015864714,-0.0085206388,0.0070675438,0.01145526,-0.012323832,0.24754548,0.20037827,0.18821377,0.13993519
276,1,20,0.71376211,285.05467,22.797615,0.026805043,-0.0090856851,-0.02049588,-0.0043498872,-0.013153975,2.2215369e-06,0.31842609,0.22915575,0.18793463,0.14762291
276,1,25,1.1338689,269.69273,22.774977,0.0075956615,-0.0056446274,-0.034210045,-0.00078652791,-0.010337771,0.013955658,0.27787217,0.33035043,0.18549885,0.14344407
276,1,30,2.2957839,291.1027,22.805078,-0.00053714882,0.011983069,-0.005098443,-0.0076833727,-0.010566076,-0.018982571,0.19498154,0.19219283,0.13138735,0.19512099
276,1,35,2.2833254,288.15427,22.653655,0.0055628536,0.0022651936,0.00075936421,-0.0085401934,-0.037032793,-0.0057131277,0.21618599,0.16245554,0.11316146,0.27749745
276,1,40,1.2927426,264.83085,22.734579,-0.0036373691,0.0078994998,-0.061997683,-0.0078182127,-0.031872145,0.044464236,0.29582308,0.33196504,0.13155204,0.36579467
276,1,45,1.4992979,279.46908,22.645335,0.0014377232,0.00073954401,-0.035046463,-0.0089142001,0.014862927,-0.01725582,0.31500482,0.29850848,0.17673546,0.23221178
276,1,50,1.5241678,276.6135,22.164775,0.026335185,-0.0054190029,-0.034633545,-0.011030795,-0.017557764,-0.041081712,0.34716259,0.38237632,0.21791564,0.33083278
276,1,55,2.2468482,292.39301,22.247602,0.0020649463,-0.001744703,0.0041719904,-0.0023856816,-0.027393819,-0.015077105,0.22130529,0.17829301,0.12154102,0.2647354
276,2,0,2.0399402,291.09115,22.556057,0.026209698,0.0058538392,0.022872675,-0.017330905,-0.1369968,-0.0084447775,0.43500697,0.22188307,0.18410738,0.45329478
276,2,5,2.4258637,293.9879,22.436547,0.0049547284,0.0025706712,-0.0013301019,-0.0072901357,-0.01679251,-0.0046016081,0.18284947,0.15779083,0.1390477,0.26098599
276,2,10,2.2931746,290.19415,22.578314,-0.00034239276,0.0025336534,-0.0044893934,-0.0038238597,-0.0044708364,-0.00055113678,0.20022967,0.11201968,0.11186627,0.15249194
276,2,15,2.1685232,290.9355,22.523808,0.00061648537,0.001705339,-0.0033768859,-0.0044912394,-0.024749852,0.0012066225,0.20924745,0.11756747,0.10117837,0.2545435
276,2,20,2.6797214,291.52655,22.281004,0.0014035828,-0.00029607812,-0.014642682,-0.0029771376,-0.0037660857,-0.0072313341,0.21518212,0.15443655,0.11844324,0.23437823
276,2,25,2.0500892,283.13153,22.698896,0.00036945074,0.0019676845,-0.030358453,-0.0024594902,-0.012459324,0.010828273,0.25626803,0.21335704,0.12072185,0.26354367
276,2,30,1.3031583,264.62963,22.546347,-0.0012161983,0.0059862865,-0.016766695,-0.0056013191,0.021934141,-0.077606733,0.18285871,0.22377047,0.13207783,0.52275733
276,2,35,0.88502973,251.32441,22.158191,0.017687622,-0.014465768,-0.019036465,-0.028522822,-0.0508887,0.020891389,0.31671215,0.2977157,0.20686541,0.36928047
276,2,40,1.0609399,286.60578,22.499675,0.058619243,-0.072180311,-0.024187099,-0.0036316758,-0.00550981,0.01000894,0.42953087,0.36816524,0.37563425,0.1912789
276,2,45,1.2405695,287.10269,22.472671,0.011964976,-0.0036208838,-0.006117699,-0.00668745,-0.0083045719,0.0059423779,0.25945616,0.21861852,0.15821303,0.14121598
276,2,50,2.3022828,286.23526,22.320839,0.0045913759,-2.1547167e-05,-0.011410362,-0.0021462761,0.0077231992,-0.015355498,0.2468287,0.16481783,0.10706574,0.20992348
276,2,55,1.653138,282.85926,21.871862,0.012443377,-0.0041490572,-0.013656175,-0.014937244,-0.040546914,0.016899243,0.2852904,0.22675862,0.16323344,0.36290226
276,3,0,1.9013729,294.025,21.943241,0.033482907,0.0080806843,-0.01160819,-0.0121162,-0.048425517,0.0027075909,0.48042479,0.30867206,0.22589257,0.21536893
276,3,5,1.7221037,287.31705,22.279589,0.015116339,-0.017637505,0.036209429,-0.0043088335,-0.057731517,-0.015097598,0.40060093,0.28714917,0.20307973,0.35549754
276,3,10,1.4149164,280.62864,22.351508,0.022991282,-0.0074832464,-0.01996972,-0.0094133274,-0.040007124,-0.0073185789,0.42368049,0.27962417,0.21544116,0.19407286
276,3,15,1.361959,279.63509,21.888461,0.017306122,0.001035154,-0.0051588654,-0.012564666,-0.048484406,-0.015100145,0.28391404,0.15052122,0.12548714,0.34358174
276,3,20,2.2983231,291.90894,21.719494,0.0019016654,-0.0020989076,0.0080643535,-0.0045275439,-0.027584776,-0.011773146,0.1902355,0.15768431,0.11262255,0.25685716
276,3,25,2.3845301,284.42326,21.755962,-0.0014563757,0.0057251154,-0.0058109488,-0.0049405022,-0.0064743275,-0.0038195588,0.18484202,0.16267131,0.12624549,0.21706878
276,3,30,1.9246693,275.35919,22.234276,0.00095334144,0.00605826,-0.0033085333,-0.0041004398,0.0055801389,0.005915011,0.1984371,0.17623218,0.14546249,0.21064392
276,3,35,1.4778168,274.301,22.287116,0.0022901604,0.0053502314,-0.0056527861,0.0021861532,0.0036886402,0.0059242133,0.1754706,0.15638049,0.10425223,0.18376264
276,3,40,1.2877591,285.02433,21.679966,0.0055047221,0.0033835732,-0.019637972,-0.0060487866,-0.013398821,0.0044118049,0.23121619,0.21894839,0.12066396,0.19873402
276,3,45,1.9631662,289.13108,21.922427,-0.0010434289,0.0019530024,-0.012446382,-0.0016960559,-0.023500118,0.004903477,0.20767407,0.1938442,0.13596125,0.24103153
276,3,50,1.9932175,289.65339,21.973427,0.0025329005,-0.0013420561,0.0039200724,-0.00097831145,-0.018321932,-0.017994717,0.14388748,0.14190525,0.097696041,0.30110532
276,3,55,1.616478,289.33484,21.839763,0.011798501,0.0032755787,-0.019807836,-0.017297076,-0.13428751,0.042337885,0.36825534,0.24825477,0.16751341,0.5075967
276,4,0,2.0726271,290.26548,21.66656,0.013926925,0.0020439505,-0.014782419,-0.020142027,-0.1482346,0.014199485,0.43831384,0.22233682,0.19306796,0.46136087
276,4,5,2.4032475,288.9114,21.693637,-0.00100486,0.00084837342,-0.0054939267,-0.0056445299,-0.0093590865,0.0045324703,0.19339997,0.12767126,0.12092304,0.20601487
276,4,10,2.1757455,284.94483,21.656969,0.0042322351,0.0017736031,-0.02230502,-0.0062573786,-0.023923074,0.012520298,0.20359994,0.2055394,0.10249436,0.21057449
276,4,15,2.0230734,300.07477,21.641693,0.0020431909,-0.010563104,-0.020136744,0.0040480437,-0.084549796,0.0030004884,0.35878507,0.29878193,0.19473436,0.39015836
276,4,20,2.2693389,294.59203,21.727313,0.0072868456,0.0066319629,-0.022695482,-0.0024643528,-0.081877542,-0.0028186928,0.34222605,0.25690622,0.16304036,0.42350032
276,4,25,3.3806656,294.78186,21.438229,0.027924929,-0.012338046,-0.070235324,-0.0054659284,-0.04449137,0.0080198361,0.43377663,0.37782863,0.2324579,0.30015651
276,4,30,3.6581942,282.29202,21.522819,-0.014091958,0.021312002,-0.064041081,0.023743937,-0.0897324,0.12112189,0.36095283,0.44462795,0.19420232,0.58385533
276,4,35,3.2505457,278.80343,21.887623,0.0026943818,0.013027864,-0.0049603221,0.0064382308,-0.013138162,0.069233989,0.21771248,0.3004958,0.15726969,0.54393408
276,4,40,3.025823,283.57097,21.362112,0.017975112,-0.010947621,-0.019183501,0.0051051714,-0.023185761,0.056335927,0.29643007,0.31536088,0.20374304,0.50827478
276,4,45,3.4987038,286.19265,21.325668,0.0046166496,0.039582327,-0.05163917,-0.015186332,-0.020337133,-0.0046538377,0.30808519,0.57471052,0.22872598,0.29549388
276,4,50,3.612515,247.96116,22.979148,0.021521579,0.017490296,0.0042234181,0.00061160305,0.051288881,0.017428798,0.35125182,0.29715099,0.23171672,0.37856087
276,4,55,3.1523054,245.97048,22.908589,-0.013931682,0.012232141,-0.030775209,-0.021114011,0.047101394,0.0072380334,0.41179792,0.31361955,0.27124399,0.30045725
276,5,0,3.4884991,249.51018,23.011319,-0.0087132748,0.0061890829,0.0031197156,-0.031375595,0.054212851,0.017116732,0.41578801,0.28701407,0.25337302,0.33179455
276,5,5,3.2270084,258.27616,22.296293,-0.011071621,-0.015676731,0.018713759,-0.030890323,0.070942971,0.064576144,0.38813309,0.32644862,0.21682671,0.43653884
276,5,10,3.2693467,251.69396,22.840122,0.017954433,0.0077592848,0.097386611,-0.05479442,0.13090129,0.084570897,0.55204875,0.41355899,0.3040067,0.51044942
276,5,15,3.1585626,243.05983,22.911424,-0.091873368,0.0043825421,-0.12420995,-0.058405945,0.20211752,0.025426246,0.97060254,0.43695518,0.34840578,0.42770522
276,5,20,3.0891159,240.96989,23.071677,0.01336461,-0.0054133312,-0.1797349,-0.015902647,0.074255473,-0.0067274302,0.80407155,0.45678222,0.29625515,0.26115741
276,5,25,2.856986,240.30981,23.027172,0.010957375,-0.0098115006,-0.11487513,-0.0017905616,0.038085124,-0.013588126,0.56737968,0.39599238,0.26693448,0.20412432
276,5,30,3.1756455,244.31388,22.991306,-0.016037175,0.0079145334,-0.059230252,-0.017533671,0.076429362,0.0052868435,0.54870332,0.35986427,0.28904193,0.2810591
276,5,35,3.3378068,243.70233,23.007098,0.0024559505,-0.00030082079,-0.038309808,-0.0075578121,0.044722746,0.0024899039,0.46245121,0.35379505,0.27861928,0.22032696
276,5,40,3.1263822,245.26745,22.816216,-0.016876261,0.0037405685,-0.062385095,-0.010154507,0.033524745,0.0054903513,0.48615222,0.35326374,0.27480229,0.24031482
276,5,45,3.097969,244.82953,22.722455,0.00011762255,-0.0010139637,-0.072945192,-0.018621625,0.025323569,0.019334112,0.48066453,0.39655419,0.32372908,0.2834132
276,5,50,3.182402,254.25036,22.625044,-0.0061799233,-0.012184034,-0.0093334321,-0.018713396,0.047392956,0.011378726,0.29921171,0.36539851,0.20099416,0.35496665
276,5,55,3.6910523,252.95571,22.855577,-0.02854946,0.010684,-0.042283298,-0.027411295,0.08659315,-0.0088867298,0.452649,0.36192511,0.2541468,0.37673043
276,6,0,3.1940952,248.95454,22.942141,-0.0069744329,0.019092762,-0.0642859,-0.022749325,0.058455835,-0.027901475,0.47894361,0.32766357,0.26640166,0.3493246
276,6,5,3.1328004,247.43146,23.146873,-0.014484163,0.0088906893,-0.074809569,-0.009332088,0.056151885,0.0030268335,0.55683038,0.38727594,0.27716639,0.29135811
276,6,10,2.8130965,245.43765,23.10854,0.0030719927,-0.00016781225,-0.07007683,-0.01356533,0.027843105,0.0087169615,0.49091901,0.36016186,0.27226676,0.29033016
276,6,15,2.7146162,244.3191,23.028763,0.013044288,-0.013767735,-0.080031123,-0.017253627,0.035325161,0.042107896,0.49219419,0.44519282,0.28363335,0.36161968
276,6,20,3.0256505,246.51654,23.202763,0.0035253738,-0.029868765,-0.13167269,-0.02240156,0.012722654,0.032114142,0.55612251,0.54386808,0.35612516,0.32066795
276,6,25,2.701543,256.74463,23.01025,0.019018538,0.043462489,0.052933453,0.0021799102,0.0672175,0.16197703,0.4324846,0.58946233,0.30073065,0.53102364
276,6,30,2.0531953,267.08521,22.591932,-0.016292038,0.0090135148,-0.062266276,-0.0035895024,-0.0046373072,0.11136522,0.37004115,0.44914548,0.17022834,0.46236035
276,6,35,2.393333,279.51651,22.0818,-0.0087028005,0.025616275,-0.055725945,0.010306704,-0.039708377,0.12849914,0.29586489,0.44079271,0.23741668,0.54839492
276,6,40,2.2236972,295.85731,22.210317,0.018791108,0.0032422003,0.0065999364,-0.0087027633,-0.024451395,0.0013912603,0.36755964,0.2039753,0.19743488,0.2118673
276,6,45,2.2658204,294.62874,21.977712,0.0032186354,0.010853992,-0.015937267,-0.016732429,-0.012550543,-0.015487027,0.32038435,0.27213307,0.19829036,0.30226971
276,6,50,2.1388055,289.95634,21.946854,-0.00016184051,0.0057704696,-0.075885632,-0.018364841,-0.056776592,0.053945362,0.33102292,0.3741338,0.18650411,0.46804641
276,6,55,2.0215389,295.12269,21.640735,0.0046612133,-0.010990588,-0.0062659128,-0.0065539256,-0.107919,0.022362006,0.35618761,0.33491281,0.20453191,0.55622468
276,7,0,2.1656295,302.14089,21.9974,0.0043058411,0.0050001177,-0.0099525252,-0.008232395,-0.033737282,-0.007505327,0.2853149,0.21179328,0.14440514,0.34373508
276,7,5,1.4065496,300.73346,21.646838,-0.003395618,0.0038175832,0.033606604,0.0028768821,-0.051149425,-0.057701748,0.26425857,0.29341591,0.17860528,0.40122794
276,7,10,1.3236832,272.13399,21.050374,0.0089412152,0.0028147192,-0.016827101,-0.0040593241,-0.0039516289,0.0031049242,0.22692504,0.19162767,0.15267635,0.28848296
276,7,15,1.8921593,279.27269,21.110491,0.0009102423,0.0020613143,-0.0061434957,-0.0004310508,-0.01814524,0.00011391613,0.16463398,0.12494946,0.081512335,0.1825136
276,7,20,1.3867826,263.93236,21.11959,0.0060472765,0.0016594408,-0.076617433,-0.0046980933,-0.12462468,0.098679688,0.36718489,0.33152388,0.18493483,0.58742164
276,7,25,1.6447323,281.95329,20.902793,0.019306349,-0.0025524634,-0.044331567,-0.023185394,-0.077044711,0.027402083,0.31157251,0.36094438,0.23691469,0.59552014
276,7,30,1.9097829,283.17546,21.195351,0.0055448312,0.00070968459,-0.023690626,-0.0041448823,-0.029981315,0.0040215666,0.39698912,0.15265103,0.099626815,0.18846772
276,7,35,1.1956857,281.68584,20.76641,0.0033129447,0.0071539133,-0.0022470361,-0.0085990924,-0.034538899,-0.0063677892,0.24450458,0.21061239,0.13847399,0.34516341
276,7,40,1.943605,293.20659,20.165825,0.02980288,-0.014081361,0.047733617,-0.022083626,-0.1572965,-0.014970813,0.54610155,0.34306613,0.23929785,0.41401561
276,7,45,2.6703789,292.17699,20.532307,0.0087716085,0.012599605,0.017437192,-0.013249096,-0.054080586,-0.019204118,0.28103192,0.22264621,0.17817788,0.35180271
276,7,50,2.6522853,286.68055,20.747274,-0.00049217384,0.0045116964,-0.0086726981,-0.0044514047,-0.0046286354,-0.0029062464,0.20754579,0.14569933,0.14002839,0.19922173
276,7,55,2.2363447,286.0908,20.954656,-0.0057967448,0.002040341,-0.018949289,-0.0081861962,-0.016564656,0.0019314351,0.30009738,0.17783889,0.17494555,0.28002402
276,8,0,2.1278176,289.17331,20.973246,0.0018166598,-0.00023519942,-0.012815382,-0.006143348,-0.021276318,0.0078317492,0.21486974,0.16355452,0.12988849,0.25336098
276,8,5,2.1760764,295.61317,20.696687,0.0036120151,0.00096280646,-0.0035969524,-0.0075959937,-0.060797552,-0.0009363448,0.22904682,0.14796355,0.12443056,0.39625693
276,8,10,2.5176464,291.41298,20.206903,0.035828023,-0.0010139394,0.0050447303,-0.014649698,-0.064636658,-0.001966026,0.41570733,0.26370587,0.21426883,0.33001186
276,8,15,2.8978249,293.86111,20.5256,0.0047706395,0.0010838154,0.00052579232,-0.0077898497,-0.025973991,-0.0025473015,0.24006184,0.17809159,0.13724848,0.30607997
276,8,20,2.9326423,289.14317,20.856018,0.0064674111,-0.002285749,-0.013026574,-0.018640067,-0.00053780208,-0.0020843562,0.25041833,0.16889904,0.1555571,0.25312235
276,8,25,2.4759738,291.44972,20.877227,0.017025536,0.0038457186,0.013812467,-0.017174506,-0.075183883,-0.018361584,0.33295866,0.17441837,0.12628985,0.38049911
276,8,30,2.0969929,281.64271,20.442222,0.016599622,0.0028040164,-0.012917226,-0.0034981687,-0.013393858,-0.0038807651,0.27923683,0.25298343,0.1399982,0.27354638
276,8,35,0.45660039,270.19649,20.004293,0.027298809,-0.013996254,-0.025444783,-0.0012422008,-0.051514862,-0.014616527,0.46181891,0.29620026,0.18897937,0.27256602
276,8,40,0.65372912,300.33113,20.019649,0.04004143,-0.0072874373,-0.036912744,0.00026870888,0.0079895714,-0.01217376,0.37149918,0.31200109,0.24614432,0.21073841
276,8,45,0.71202761,288.20212,20.30546,0.0050673479,0.0020625265,0.0057640981,-0.0034565494,-0.012888803,-0.0038826972,0.2041885,0.14891855,0.10149272,0.12238303
276,8,50,1.4511955,297.74455,19.903366,0.026723768,-0.0075446516,-0.029059177,-0.025026605,-0.079924186,0.034560134,0.36264089,0.22361346,0.18762302,0.34451162
276,8,55,1.3499136,275.49621,20.216467,0.026029247,-0.010804292,-0.049506898,-0.026719774,-0.089673004,0.064388461,0.41047674,0.26110887,0.18912992,0.43109692
276,9,0,0.81285937,251.80698,20.03302,0.0033902056,0.00056039862,-0.040602875,0.00085640766,-0.050969158,0.069341943,0.2666391,0.30542534,0.19184552,0.35299977
276,9,5,0.42760531,287.1855,19.688176,0.018654012,-0.00090232467,-0.012306337,-0.0036079496,-0.01211508,-0.006513637,0.27349566,0.20411626,0.17677501,0.1990459
276,9,10,1.3167237,288.52013,19.705759,0.012808788,0.0065109057,0.0030534658,-0.0059123345,-0.008460266,-0.0035900097,0.23989093,0.1887446,0.13991697,0.14803307
276,9,15,1.9031846,284.52427,19.437617,0.0039585842,0.0017567332,-0.0085140622,0.0018292473,-0.069318297,0.0051836831,0.29723888,0.16271823,0.10734772,0.3066751
276,9,20,1.4744018,282.01318,19.338227,0.009716092,-0.0013154878,-0.0034581048,-0.0082822637,-0.071642865,0.009295573,0.24954568,0.1559076,0.12171785,0.43824349
276,9,25,1.4466271,283.6599,19.64101,0.0076399905,-0.0019617337,-0.0078146088,-0.0069154677,-0.063260853,0.01267257,0.27576669,0.13693355,0.11113999,0.29045948
276,9,30,1.9411307,286.01582,19.717083,0.001306677,0.0011007288,0.0035183943,4.7740836e-05,-0.010794505,-0.005597921,0.13314041,0.10417789,0.071227799,0.16659159
276,9,35,2.798298,291.84301,19.180749,0.0021454645,-0.0015329726,-0.0031616631,-0.0036087136,-0.023563313,0.0057790011,0.17746271,0.13778331,0.11380161,0.29096476
276,9,40,2.7492246,294.20733,19.072306,0.0014792861,-0.00048541128,0.033921083,-0.0020080236,-0.10227658,-0.078927255,0.26313457,0.22543785,0.11406515,0.54953957
276,9,45,2.7606931,283.82779,19.167454,0.0030918988,0.0072224062,6.6439268e-05,-0.0025383329,-0.011060669,0.0043738634,0.16895186,0.17413057,0.13410303,0.20803076
276,9,50,2.0354627,285.65799,19.880247,-0.0005376144,0.0028597023,-0.0021478979,-0.0014472404,-0.0025005824,-0.00056860884,0.14042209,0.14654808,0.096392779,0.099689551
276,9,55,2.1733177,289.02332,19.656974,0.0015079906,0.00076145411,-0.0041829332,-0.0051739975,-0.033563627,0.01142092,0.17714046,0.14797549,0.096716853,0.37377663
276,10,0,2.8158928,291.49348,19.152127,0.011746294,-0.0012080554,-0.010755787,-0.0054919716,-0.049118155,0.0042310238,0.31358249,0.15569227,0.119798,0.29885208
276,10,5,2.8367291,292.97844,19.614083,1.7420322e-05,-0.00065088742,-0.0017821126,-0.0052911715,-0.007709998,-0.0088993241,0.17912115,0.15517142,0.12692807,0.2010603
276,10,10,2.8679542,290.38579,19.476581,0.0024852519,-0.00052427688,-0.0060111126,-0.0026963942,-0.010203543,-0.0063834288,0.20917068,0.14490417,0.11433233,0.25980047
276,10,15,2.8889338,290.85352,19.628566,-0.0007186332,0.0045261492,0.0013198967,-0.0027044592,-0.0080727461,-0.0029321397,0.17101699,0.14148854,0.10905485,0.16510047
276,10,20,2.8767676,287.16728,19.694328,-0.0022053346,0.0063136289,-0.0065650184,-0.0054681002,-0.0042353664,-0.0023597953,0.23863102,0.16164139,0.14542791,0.15812275
276,10,25,2.8250821,288.43914,19.762281,0.00702267,0.0041426547,0.0056567746,-0.012723448,-0.021561916,-0.012455407,0.2357899,0.17339344,0.14725673,0.24815916
276,10,30,2.8195538,287.24539,19.436558,0.014653944,-0.0083505793,-0.011643241,0.0042040897,-0.018311224,-0.023882648,0.25637755,0.208579,0.16477699,0.35263358
276,10,35,3.0773902,288.21367,19.402672,0.0028479879,0.0012621735,-0.014056799,-0.0040679442,-0.039449641,-0.012130863,0.26014251,0.20387355,0.15266483,0.39794499
276,10,40,2.9204709,287.22245,19.689211,0.0012099755,0.0035476629,0.0027847908,-0.0029674305,-0.01910754,-0.00078078011,0.26414431,0.15392011,0.15786688,0.23836394
276,10,45,2.4820296,287.21449,19.964966,0.001008869,0.0031986116,-0.0049385324,-0.0059832581,-0.016695796,-0.00011444929,0.18454293,0.14395188,0.12934852,0.22007309
276,10,50,2.1747226,287.02007,20.045315,0.0042445923,-0.0040153726,-0.024601659,-0.0036943566,-0.04397608,0.019035415,0.23454181,0.17214145,0.096405532,0.27014913
276,10,55,1.6370928,278.42113,19.937843,0.0050181252,-0.001593757,-0.015134791,-0.010723274,-0.040962829,-0.010269202,0.22462618,0.20888224,0.11480394,0.38252218
276,11,0,2.0244186,283.85246,19.838088,0.0050749004,0.0032951058,-0.0030693204,-0.0097096354,-0.030143372,-0.0049491673,0.24338234,0.17649134,0.12316462,0.32348629
276,11,5,2.659031,285.02739,19.701405,0.0020903383,0.0010897094,-0.0073517296,-0.01262602,-0.0065619265,0.0077239108,0.27406549,0.18959356,0.15789006,0.22423816
276,11,10,2.7558901,278.79807,19.482756,0.00056220879,0.0025283243,-0.014736253,-0.0080484325,-0.01033089,0.029481214,0.2694613,0.24209877,0.19316069,0.36832379
276,11,15,3.1537827,280.92267,19.540052,0.0021120132,0.0039287324,-0.010473757,0.0025845404,-0.0073106491,-0.0061873613,0.24366087,0.19296008,0.15951147,0.27565632
276,11,20,3.3013135,290.93503,19.898078,0.0009749482,0.0045911745,-0.0035667764,-0.0096499988,-0.015476293,-0.017285803,0.21563896,0.20141901,0.14598443,0.28221212
276,11,25,3.1435729,289.61204,19.606895,0.0027601696,0.0018936954,-0.001605414,-0.008906072,-0.018303765,-0.0034868178,0.23177252,0.18642597,0.12946745,0.29028213
276,11,30,2.6417844,288.00525,19.421402,0.014158104,-0.0025528798,-0.021320923,-0.014140862,-0.13256506,0.019259786,0.46172342,0.22680549,0.13946567,0.42675827
276,11,35,2.4930337,287.56863,19.543248,0.0058528385,-0.001531511,0.00056997496,-0.0050567586,-0.045276017,-0.011966217,0.20160449,0.14999325,0.10777689,0.35348304
276,11,40,2.5260751,287.79602,19.632721,0.0031869179,0.0017549732,-0.032933579,-0.0047830337,-0.12292621,0.036167135,0.38191902,0.2485339,0.15940581,0.47291216
276,11,45,2.1991336,284.00431,19.539939,0.013271505,-0.0042299584,-0.086997876,-0.0066466581,-0.080289553,0.039034172,0.46274425,0.31061444,0.167213,0.34194472
276,11,50,2.463565,291.31577,19.637585,0.028644408,-0.00056695795,-0.027853581,-0.033058676,-0.18390614,0.029719935,0.46645624,0.26387529,0.18952413,0.5704906
276,11,55,2.7610447,296.41861,20.037819,0.0020583177,0.0015000376,-0.0030435501,-0.0046233683,-0.0025433859,-0.0069951887,0.18655925,0.12653146,0.11372809,0.24422739
276,12,0,1.7941517,295.7753,20.201874,0.0031308337,3.0925647e-05,-0.037140979,0.0032607973,-0.064632194,-0.020942868,0.42030387,0.21938454,0.13449396,0.47716149
276,12,5,1.3234912,230.69772,21.357374,0.0035679674,-0.0043562174,-0.020507045,-0.00070078514,0.013499604,-0.0058333125,0.28779012,0.23643398,0.15930846,0.52799627
276,12,10,1.4354082,258.5534,19.255102,0.022774639,-0.057266834,-0.031986877,-0.018646102,0.027550306,0.15434292,0.42064668,0.48328709,0.29468611,0.83547383
276,12,15,2.0513373,274.45069,19.710531,0.011703666,-0.015686115,-0.1725964,-0.0095623056,-0.016834823,-0.041190388,0.49254882,0.67105576,0.29192561,0.69925587
276,12,20,1.949268,275.64048,20.242923,0.045681413,-0.013194586,-0.088579045,-0.068024587,-0.14497935,0.017105914,0.57409485,0.47824315,0.31218319,0.6914499
276,12,25,2.4443717,282.83151,19.844377,0.067752471,-0.0068570797,-0.073739185,-0.036659745,-0.17623242,0.10676876,0.5673107,0.49899082,0.3143836,0.72140836
276,12,30,2.1295868,261.57655,20.430889,-0.0030326301,0.0047914884,-0.12678654,0.00079403962,-0.19931256,0.43164493,0.45012075,0.59325945,0.30864343,1.1779845
276,12,35,2.3144382,269.51444,20.473176,0.0064152217,0.020476042,-0.079692203,-0.037353491,-0.16750728,0.23310626,0.42180809,0.50965624,0.24294247,0.85179248
276,12,40,1.8178179,231.70282,21.231683,-0.0082266801,0.0089081005,-0.039636291,-0.0076739192,-0.012525973,0.018577615,0.44529052,0.33514971,0.20896891,0.24008736
276,12,45,2.1129143,227.71079,21.245274,-0.00121827,0.011219982,0.0094874977,-0.034810187,0.024799016,-0.061195083,0.54428049,0.54955932,0.28079948,0.31841963
276,12,50,2.5018932,223.07781,20.81009,0.015168087,0.012360999,0.0069053826,-0.010929629,0.030950955,-0.015065487,0.54218663,0.49087812,0.31750063,0.267546
276,12,55,1.7074135,225.96121,20.612407,-0.017623849,0.017961159,-0.083013003,-0.019550852,0.043154258,-0.026481291,0.72364721,0.45559104,0.27732392,0.37140969
276,13,0,1.1562052,97.885648,16.222694,-0.020979242,-0.037208179,0.030935178,-0.01688714,0.040877564,0.0021824394,0.39663104,0.37121403,0.24102726,0.33328456
276,13,5,0.74499026,43.221464,16.719456,0.0048637331,0.010250825,-0.033589586,-0.01886177,0.0026029904,-0.038977591,0.29754438,0.36574186,0.27251546,0.32057128
276,13,10,0.3498738,344.19645,17.535979,-0.0066763203,-0.0035818685,0.022012754,-0.0047571889,-0.021456588,-0.019711361,0.33341965,0.28767064,0.23438782,0.27568366
276,13,15,1.8781508,240.4754,20.480067,-0.0019270375,0.0030816436,-0.058243696,-0.0081600485,0.20305929,0.0062763395,0.51609059,0.52888527,0.28971139,0.68009006
276,13,20,2.1302992,235.90157,20.687068,-0.028258227,0.016314205,-0.19645748,-0.054094896,0.029456057,-0.010141064,0.67657008,0.61167401,0.33420793,0.42449985
276,13,25,3.0315745,250.13702,20.761438,0.0098626974,0.021649472,-0.25465507,-0.044224107,0.17133153,-0.087348813,0.89883965,0.61167291,0.38767974,0.41985379
276,13,30,3.3009344,250.29291,20.771139,0.020178029,0.030031319,-0.03109545,-0.016749435,0.06911035,0.034597818,0.62322106,0.50487112,0.40193574,0.32048838
276,13,35,3.7090416,251.30313,20.771253,-0.0084262572,0.043568725,-0.18465562,-0.040587952,0.067481169,-0.052476576,0.70486767,0.58970244,0.40630282,0.29505516
276,13,40,3.5948587,250.31961,20.731799,-0.055826791,0.050696189,-0.26671156,-0.049969905,0.097144454,-0.068624603,0.92173647,0.60370271,0.39323187,0.28469078
276,13,45,4.0564683,255.49087,20.739141,-0.031622635,0.067917594,-0.24761972,-0.047834709,0.13808255,-0.11495242,0.84353932,0.72841597,0.43740511,0.33415373
276,13,50,4.0464684,257.10659,20.799398,0.008684268,0.044450217,-0.17382636,-0.019693483,0.049666785,-0.0026107791,0.82404973,0.68034854,0.41473939,0.21151482
276,13,55,3.3199449,261.54955,20.768233,-0.10226209,0.083266983,-0.1091932,-0.031044489,0.096554741,-0.037252393,0.85597073,0.84724463,0.4766623,0.24016906
276,14,0,4.0394312,262.45858,21.137342,-0.050380609,0.068887599,-0.537764,-0.013820557,0.11754331,-0.11572626,1.3655573,0.87379328,0.49674676,0.22397732
276,14,5,3.2890609,250.43745,20.902025,-0.048295611,-0.029357411,-0.95102333,-0.041167888,0.12119837,-0.088308647,1.2924264,1.114429,0.53271052,0.21312515
276,14,10,3.271282,247.12036,20.808406,-0.059250042,-0.0068442211,-0.31670266,-0.017989547,0.035974318,-0.016432972,1.020123,0.7155129,0.48137344,0.14219212
276,14,15,3.7171521,263.84827,21.003835,-0.13241188,-0.0046355751,-0.50916992,-0.022508172,0.16640267,-0.12795989,1.0997941,0.94285643,0.55345862,0.2191969
276,14,20,2.8791909,259.72404,20.880578,-0.03445496,0.0081196114,-0.10341904,-0.0080365528,-0.0141477,-0.020174118,0.99834645,0.70989272,0.58385697,0.10044012
276,14,25,1.7399065,259.83447,20.916376,-0.13877617,0.062911808,-0.19763883,-0.0091240386,-0.0053290328,-0.008551848,0.8590475,0.64851013,0.47259517,0.088843037
276,14,30,3.1666762,274.72273,21.071459,-0.16764892,-0.068359,-0.20990605,0.0046973392,0.014081962,-0.027580527,1.112498,1.0070867,0.60327238,0.080480307
276,14,35,1.8279553,248.72037,21.071973,0.028710008,-0.054249035,-0.50274881,-0.0063134243,-0.048853836,0.028380975,1.0126881,0.78416502,0.51234356,0.096927697
276,14,40,2.0676251,225.27533,21.100304,-0.032504795,0.0042506899,-0.19505418,-0.0062819898,-0.01458468,-0.0059490299,0.84326617,0.81535062,0.52338178,0.10677016
276,14,45,1.5028053,226.70871,21.081556,0.064074739,0.018953536,-0.28195159,-0.001102659,-0.045976585,0.024191869,0.80867054,0.75200801,0.54228963,0.13119336
276,14,50,0.92944645,32.433065,18.949238,-0.17831682,0.015876665,-0.043700617,0.20622534,-0.69101803,0.073833853,0.93664736,0.58311865,0.40135666,1.0593983
276,14,55,1.5450569,63.791171,18.152923,-0.0099613675,-0.010983697,-0.023442707,-0.0010325726,-0.0029927151,0.0077876674,0.3264877,0.27078625,0.22013098,0.1707406
276,15,0,1.054013,76.615187,18.372507,-0.018195945,-0.0095147495,0.0046660274,0.016111878,-0.039897375,0.00045170588,0.33479588,0.28445331,0.19671117,0.19539295
276,15,5,1.3310363,96.287992,18.660714,-0.0057069351,-0.015971697,-0.0001599587,0.022558631,-0.0012268366,0.0020682317,0.21970489,0.23099258,0.21793954,0.18188737
276,15,10,1.4973589,73.439022,18.738022,0.0049151441,-0.010851934,-0.023462677,0.035260747,-0.0021298879,-0.02246612,0.26571813,0.27492799,0.27201401,0.22441019
276,15,15,1.9613908,74.836887,18.799895,-0.054169224,-0.012093199,0.03695787,0.035633488,-0.047581964,-0.0081425835,0.42822875,0.3037967,0.29120572,0.24573605
276,15,20,1.51515,95.451497,18.508247,-0.011194147,-0.0079690532,0.0043414933,0.015647469,-0.024799525,0.0096928468,0.27322394,0.26619535,0.19634276,0.2393759
276,15,25,1.287165,93.771166,18.688546,0.012766784,-0.023858332,-0.020891597,0.064480833,0.0063256882,-0.01004759,0.28632196,0.32852712,0.29474612,0.30786225
276,15,30,1.2927837,103.92615,18.671234,-0.0061939189,-0.012295838,-0.0010120105,0.051094101,-0.0058627302,-0.006047818,0.23248106,0.21872653,0.31004291,0.25792598
276,15,35,1.0387419,110.63146,18.825056,-0.0031274912,-0.020020965,-0.0038863659,0.087085792,-0.023891333,-0.010669792,0.3241683,0.24549985,0.34659909,0.31931314
276,15,40,2.6051982,205.95211,19.813748,-0.025929124,-0.021762834,-0.022080325,0.040085007,-0.090887653,-0.030601267,1.0301926,0.6346278,0.61151559,0.2748979
276,15,45,1.8672883,185.11218,19.827234,-0.14348486,0.16647677,-0.40428347,-0.030129816,0.093798861,-0.27776025,0.92001556,1.0621272,0.65051276,0.55096575
276,15,50,3.0787308,198.02022,19.788114,-0.11892229,0.059073219,-0.78289457,0.01770448,0.17581364,-0.26381996,1.2394891,1.1362972,0.59641271,0.37566237
276,15,55,4.4576187,212.85743,19.953455,0.024562226,0.037443408,0.0040464663,0.0085580289,-0.031062793,-0.0038988217,0.97907211,0.55843832,0.51865208,0.2424727
276,16,0,1.4044261,186.83713,20.12493,0.022861031,-0.016507936,-0.25423121,0.056563702,0.17249736,-0.35355737,0.739107,0.82652382,0.452531,0.8052121
276,16,5,2.6940669,52.154624,18.718581,-0.040900748,0.013916219,-0.003516473,0.073209251,-0.041257512,0.04847609,0.37102933,0.39287031,0.35400471,0.40636866
276,16,10,2.0356997,43.156745,19.104763,-0.052942098,-0.012320457,0.039287134,0.077972057,-0.067980974,-0.015999503,0.38781423,0.33156072,0.35748789,0.35323199
276,16,15,1.4761954,67.651193,19.158171,0.026963343,0.020443433,-0.05960802,0.035335341,-0.022626841,0.026498562,0.55718057,0.32553059,0.28611611,0.24267675
276,16,20,1.8235642,84.385339,19.283238,0.025969527,-0.022810513,0.020481356,0.045947336,0.03796435,-0.0013844121,0.39037596,0.4027919,0.34408339,0.3013302
276,16,25,1.6719591,61.614571,19.792704,-0.023289562,-0.037760552,0.019712378,0.1158229,-0.031190349,-0.048880334,0.34456243,0.46078294,0.36123561,0.50773806
276,16,30,1.5446393,97.522036,19.647328,0.012281622,-0.022553446,0.0031169876,0.089484003,0.0071328202,0.045274243,0.36433836,0.49999373,0.3635031,0.43754677
276,16,35,1.0308759,86.004425,20.092754,0.017279908,-0.014300843,-0.02165085,0.048692651,-0.035972951,0.0059624028,0.46457594,0.30306718,0.30780665,0.37187997
276,16,40,1.1230414,92.451316,20.220694,0.070814965,0.0075581745,0.065870442,0.021343432,-0.059798416,-0.0094491379,0.55689164,0.29419277,0.38772326,0.26404915
276,16,45,1.766632,53.332048,20.384448,0.01197076,0.013272125,-0.013740863,0.060268613,-0.024363062,0.024145644,0.43352894,0.32027985,0.36971289,0.31421708
276,16,50,2.2252918,37.613704,20.892922,-0.08793482,0.012169871,-0.047342293,0.19887568,-0.10815467,-0.031233769,0.50413356,0.44794407,0.43138847,0.62475514
276,16,55,1.9176973,43.761146,21.022345,3.099243e-05,-0.0099131519,-0.028737863,0.087749387,-0.0023021529,-0.0054628567,0.3569038,0.58923171,0.40301272,0.36816088
276,17,0,1.8148996,66.441818,21.327423,2.1671905e-05,0.019850658,-0.00709476,0.090962362,0.0099759829,0.09238434,0.36680939,0.58544553,0.43651611,0.46209665
276,17,5,1.2940768,351.53672,21.238168,0.11309937,-0.010767032,0.049129058,0.014621938,0.025297216,0.020040029,0.54178633,0.40410465,0.46603352,0.1798508
276,17,10,0.87895811,0.68432495,21.832952,-0.040135893,0.002070776,0.013952077,0.17567371,-0.036652206,0.025303924,0.40034881,0.37355008,0.4716784,0.50602519
276,17,15,1.8523361,352.91871,21.905146,-0.01554034,-0.048273415,-0.0017538308,0.12887442,-0.037567169,-0.069713673,0.36514713,0.45400088,0.45019405,0.45191742
276,17,20,2.2768716,105.50101,22.359269,0.077967175,-0.012006939,0.12335758,0.10113721,0.03623121,0.0016862523,0.85629984,0.56592009,0.58002198,0.41334122
276,17,25,2.8620484,114.44734,22.068441,0.049041347,-0.054582401,-0.055420967,0.064222398,-0.051223086,-0.01408233,0.60502147,0.49376196,0.45487891,0.38679541
276,17,30,1.5953827,114.05315,22.412595,0.044432117,0.02918363,0.044109335,0.099046215,0.043662481,0.036692532,0.629621,0.45236768,0.40837896,0.48089087
276,17,35,1.7872671,104.00833,22.411888,-0.069833235,0.015203543,-0.32877116,0.11896987,-0.10651671,0.012852008,0.97838584,0.69124695,0.58701484,0.4239923
276,17,40,0.37845566,73.953333,22.47122,0.014586789,-0.0059227152,-0.0037132361,0.021840478,-0.031552745,-0.014216466,0.34555379,0.33906566,0.36740853,0.24183651
276,17,45,0.68805911,67.475155,22.999075,0.046679421,-0.0039700449,-0.28116927,0.165689,0.034293981,0.0093723037,0.61819699,0.69592243,0.46178177,0.53839863
276,17,50,1.8788373,117.65353,22.888585,0.15426875,-0.037748681,-0.054775519,0.11381485,0.025834786,0.085197387,0.721409,0.60514917,0.59150211,0.49908338
276,17,55,2.628402,120.99073,22.956885,-0.0094086043,0.028652315,0.187916,0.053735182,-0.043755545,-0.056378302,0.66525404,0.66002216,0.45639493,0.38787624
276,18,0,0.97977515,116.48074,23.142271,-0.0031160651,0.010336653,0.012287786,0.11953432,-0.00070282721,-0.0034471861,0.4539936,0.51041707,0.52840001,0.44760506
276,18,5,0.80918254,42.493711,23.284527,0.047226849,-0.17156132,0.00087351061,0.18634529,0.0080501576,-0.13061917,0.63236719,0.66043729,0.64032241,0.42844454
276,18,10,0.69337627,67.632116,23.614613,0.11744244,0.015584009,0.047049436,0.22606051,0.071844909,0.045857675,0.71898302,0.47386718,0.67867591,0.57685693
276,18,15,1.6104112,87.169058,23.316746,0.027944512,-0.032710309,0.00095752069,0.13511074,-0.028867627,-0.01341398,0.50523683,0.376557,0.4576581,0.4989847
276,18,20,0.76131831,89.838385,23.408822,0.032116471,-0.10256107,-0.024501513,0.0062867371,-0.016104248,-0.001727768,0.32323958,0.37553771,0.44617266,0.20382467
276,18,25,0.31198864,203.58546,23.872744,-0.031387528,0.040035067,-0.030248275,0.082610655,-0.005865383,-0.0026190011,0.24658542,0.32866078,0.45324713,0.35757925
276,18,30,1.2422421,247.02764,24.334944,0.015095658,0.030174979,-0.10143407,0.20043223,-0.054794815,0.035021081,0.62120132,0.4937299,0.4219453,0.72744781
276,18,35,2.669955,254.25631,23.796012,0.13750033,0.068364813,0.14471967,0.065412053,0.0088066557,0.043839015,0.75015389,0.51996057,0.41816339,0.35956798
276,18,40,2.1693585,249.76881,24.160591,0.036307098,0.012525123,-0.023301137,0.1115153,-0.050666097,-0.014090225,0.53775177,0.43489147,0.42749065,0.49807724
276,18,45,2.2794515,242.25472,24.441962,0.027914995,0.0069529453,-0.21042326,0.12957076,-0.079248463,0.048362833,0.74014328,0.60023021,0.51067223,0.52026706
276,18,50,2.2244421,242.88139,24.605161,-0.07281402,-0.024589719,-0.26161793,0.22503895,-0.18232802,0.024635002,0.92295011,0.59160654,0.56194472,0.61015814
276,18,55,1.9101488,252.97181,24.747575,0.023416173,0.025504984,-0.086603994,0.14714261,-0.105387,0.032702285,0.87911243,0.44890965,0.50198154,0.57336319
276,19,0,2.367336,238.23112,25.188736,-0.09625232,-0.062243789,-0.23120658,0.2569001,-0.11473924,0.0031033695,0.87304785,0.80514046,0.65769964,0.6671861
276,19,5,1.7590684,227.17026,24.971487,-0.090819774,-0.0091521587,0.059495962,0.15089655,-0.08563498,0.0020227216,0.61216034,0.51310514,0.52338772,0.50214426
276,19,10,1.590777,231.34384,25.090477,-0.047031553,0.10407875,-0.3469315,0.11799025,-0.040498857,0.20412836,0.80427868,0.96154273,0.56074122,0.53250396
276,19,15,2.8676403,242.90018,25.152214,0.064600495,-0.016588655,-0.19992301,0.12061339,-0.055571508,0.061774574,0.82664151,0.72664634,0.51849368,0.52648147
276,19,20,2.2862718,218.54924,25.475084,0.00011195184,0.081328753,-0.017866382,0.088605037,-0.060224338,0.10301488,0.54134492,0.61557768,0.50015539,0.44558463
276,19,25,2.49384,243.87824,25.667134,-0.023094937,-0.04815716,-0.10235603,0.11900552,-0.12600187,0.11008039,0.76271043,0.85075625,0.60659176,0.54919138
276,19,30,2.2861176,217.85816,25.5281,-0.025292799,-0.029646129,-0.014451842,0.094379734,-0.065052374,-0.026035604,0.6242066,0.58339791,0.47791207,0.42381906
276,19,35,2.1024885,228.95559,25.601369,-0.009958702,-0.020236969,0.039313594,0.11850514,-0.098055417,-0.033537772,0.73114212,0.52762966,0.40290467,0.55433025
276,19,40,1.0763658,199.97283,26.017141,0.035015464,0.13286136,0.17895606,0.15538504,0.011630344,0.06746098,0.46984667,0.75553688,0.49644247,0.53437822
276,19,45,2.1694705,231.78645,25.920393,-0.0261153,0.098411947,-0.079699665,0.17804733,-0.070733316,0.062009179,0.6813313,0.75587072,0.54501254,0.54511125
276,19,50,2.8051419,218.93275,25.771653,0.016513503,-0.054668005,-0.23337773,0.073369876,-0.021966441,-0.025797525,0.71780543,0.971638,0.42731713,0.42662132
276,19,55,2.7231112,234.26925,25.87939,-0.035113342,0.030953275,-0.10459539,0.16359742,-0.099450169,0.13281945,0.64903489,0.76295345,0.48451451,0.57592712
276,20,0,2.9677255,216.53814,25.753187,-0.014368523,-0.069275232,-0.40895977,0.10786996,-0.039860489,-0.081111886,0.88703552,1.2588502,0.57917702,0.42804303
276,20,5,3.2828417,218.37736,25.792842,-0.20469185,0.057776627,-0.060331217,0.14621596,-0.21099228,0.037218491,1.2516621,0.73447035,0.65868086,0.41968508
276,20,10,3.2696855,239.93015,26.064855,-0.081196309,-0.0036001747,-0.35916313,0.18242617,-0.24817166,0.086342284,0.99271464,0.77752956,0.63242926,0.64900712
276,20,15,3.2202201,231.34217,25.961196,-0.063782813,0.08176116,-0.17860579,0.14216583,-0.12056604,0.070344142,0.92686243,0.87269009,0.55934246,0.46897646
276,20,20,3.0929477,245.75112,26.20068,-0.054978916,-0.030120466,-0.21132093,0.29093525,-0.091144914,-0.042278342,0.88551745,0.7115913,0.60818286,0.71348267
276,20,25,1.7178541,346.99313,26.000588,0.040763456,-0.063112832,0.0084735549,0.052383707,-0.01230929,-0.028393654,0.66992178,0.57446579,0.46193413,0.25051043
276,20,30,1.8336243,15.687133,26.276557,-0.012336935,-0.020906404,-0.19954862,0.081148426,-0.003425595,-0.0092699721,0.71612325,0.80901129,0.46415894,0.41902836
276,20,35,3.7341278,35.780935,26.29882,-0.057452786,-0.04627174,0.102443,0.13594818,-0.10783482,-0.071638931,0.81696846,0.65842167,0.48500704,0.5371821
276,20,40,2.4476859,31.762482,26.378606,0.020318086,0.0098611079,-0.049985802,0.18196103,0.015308825,0.023652916,0.48770564,0.54988761,0.54289383,0.5627859
276,20,45,2.4109945,53.46045,26.551918,-0.15957323,0.039633172,-0.052597666,0.20745607,-0.17265351,0.12011234,0.73041208,0.80296024,0.57298589,0.6668676
276,20,50,2.0161646,48.027313,26.349551,0.12610279,-0.22281412,-0.57808623,0.1327662,-0.045984396,-0.053904923,1.2411931,0.97625837,0.64592835,0.42258809
276,20,55,4.6155746,70.039696,26.352907,-0.11400733,-0.046958592,0.037111739,0.17242044,-0.20924725,0.010587556,0.7494821,0.76583728,0.50400486,0.64924643
276,21,0,2.5511454,56.524134,26.268973,-0.050620011,-0.034515783,0.58108293,0.099694571,-0.082156347,-0.060746636,0.91981467,0.94788574,0.44826136,0.44553705
276,21,5,3.1590827,21.835135,26.635382,-0.2116123,-0.0022130198,-0.16442464,0.1831337,-0.27246838,-0.026085486,1.0017172,0.80708477,0.55976303,0.52786226
276,21,10,3.7304556,57.25147,26.868373,-0.084642158,-0.027407721,-0.21934012,0.10446675,-0.13436712,-0.00011904805,1.0400908,0.73832718,0.52281395,0.50664576
276,21,15,4.2586295,78.004072,26.732481,-0.1099437,-0.0071294412,-0.17391563,0.13752299,-0.099289056,0.13095522,0.94684549,1.3484918,0.50241833,0.57166096
276,21,20,3.987284,92.135808,26.850362,-0.10687269,-0.042445085,-0.13726579,0.17313513,-0.22363948,0.076465187,0.71482072,0.81453798,0.45601719,0.67520024
276,21,25,2.908797,87.95461,26.798635,-0.12429006,-0.045478613,-0.32400111,0.29233333,-0.32268975,-0.00023759341,0.99502194,1.1333223,0.55025834,0.81349058
276,21,30,3.912653,83.938494,26.94598,-0.2457769,-0.046320514,-0.021580341,0.29121061,-0.35711385,-0.036026074,0.75518225,0.58402751,0.54641798,0.81553696
276,21,35,4.1106493,95.366942,26.779229,-0.0922231,-0.056185177,-0.22195052,0.24164702,-0.12007502,-0.0237032,0.67238452,0.95733244,0.50516294,0.75122215
276,21,40,2.0753837,77.585133,26.597037,-0.026970526,-0.010584526,0.17135752,0.10267247,-0.006912852,-0.0076434646,0.59711254,0.70645734,0.36949224,0.51111702
276,21,45,2.8477029,69.436071,26.755391,-0.088354695,-0.061904367,0.019005727,0.1339478,-0.011213962,-0.029076939,0.79644101,0.68515663,0.49189876,0.57060728
276,21,50,3.212431,71.873924,26.610846,-0.06705456,-0.065987839,-0.17371768,0.066125757,-0.057980853,-0.043613387,0.94681491,0.74978815,0.39170341,0.40215564
276,21,55,3.6958696,98.373464,26.531803,0.0070648128,-0.056643744,-0.40087642,0.098279703,-0.080450221,-0.012034718,1.0364628,0.64995228,0.42791993,0.49424077
276,22,0,1.6004183,66.514043,26.520189,-0.024699751,-0.019549219,0.035910531,0.085505392,-0.043981681,-0.0091536372,0.32175295,0.37494433,0.3842799,0.41394102
276,22,5,0.8384445,22.887679,26.792161,-0.020539423,-0.041298285,-0.028270078,0.10033763,-0.0056498874,-0.025285152,0.5329726,0.39959108,0.46732652,0.37084425
276,22,10,2.587184,90.253923,26.965599,-0.038477274,-0.047099717,0.047090964,0.15185213,0.036851269,-0.014837173,0.57233052,0.97451094,0.45319889,0.58052005
276,22,15,2.3970356,85.392053,27.109969,-0.072748234,-0.004144192,-0.062086248,0.12864749,-0.033408867,-0.11114283,0.58446866,0.66973489,0.42141488,0.56380043
276,22,20,1.9309637,102.87905,26.900585,0.004514768,0.020130225,-0.1400365,0.17612386,-0.0044214536,-0.023956872,0.61078572,0.5908762,0.45852112,0.60081713
276,22,25,0.86033867,65.650679,26.763653,0.027360405,-0.0039035529,-0.037399594,0.030007592,0.0022249679,0.020320361,0.39071193,0.38863202,0.28633145,0.20660036
276,22,30,2.2042779,138.1441,26.856272,0.047465977,-0.001511569,0.051307565,0.10074934,-0.0011842763,0.072742464,0.91720909,0.63136618,0.3982726,0.44532493
276,22,35,2.1939728,100.09566,27.336214,-0.14149143,0.089159638,0.097658319,0.13821141,-0.066139425,0.22845093,0.73815268,0.87137655,0.4674526,0.55096699
276,22,40,2.4332015,70.245766,27.09765,-0.15774162,-0.047155764,0.22707449,0.078507642,-0.1270291,-0.13070274,0.70154329,0.63317907,0.47165716,0.50207021
276,22,45,1.97146,82.850766,27.057556,-0.046809044,-0.00698618,0.0018107321,0.099630086,-0.01851346,-0.040828731,0.44964518,0.56341528,0.3601214,0.42001561
276,22,50,1.3075417,138.99951,27.179753,-0.098342881,0.029345295,-0.0083982531,0.12501116,-0.057845152,-0.0012535328,0.72553714,0.48381812,0.46840913,0.45462493
276,22,55,1.7263481,131.18474,26.742069,-0.030090473,-0.039023731,0.070505646,0.045448169,-0.051619902,-0.031207015,0.56395346,0.43866673,0.29903969,0.30210372
276,23,0,1.3546193,56.22632,27.06187,-0.014630331,-0.029127179,0.12254074,0.097753389,0.0045555275,-0.013398528,0.5856203,0.4333114,0.36212758,0.42615031
276,23,5,1.0414521,42.139291,27.084655,-0.078288495,-0.055379891,0.041438283,0.095477637,-0.029440836,-0.059334743,0.38418972,0.47848413,0.36661344,0.39055282
276,23,10,2.4612381,111.64739,26.959463,-0.036877661,-0.05124836,0.047090599,0.060744785,-0.0076504791,-0.012224472,0.44920257,0.70939281,0.32796993,0.3615997
276,23,15,1.5472205,61.198743,26.897764,-0.045911639,-0.0079628518,-0.077357271,0.082331704,-0.039295987,-0.01203099,0.49136605,0.45067676,0.33021859,0.31770329
276,23,20,1.3967255,34.504831,26.906714,-0.011318713,-0.041348032,-0.028196817,0.078991498,-0.0053007055,-0.032167708,0.33434054,0.42815789,0.38373345,0.31658975
276,23,25,0.4475666,16.866947,27.026811,-0.041089288,0.00191696,-0.02907922,0.036121344,-0.019203173,0.0023527082,0.35980011,0.47521222,0.32398377,0.22682204
276,23,30,1.5641997,87.41999,27.032512,-0.04177747,0.0097561299,0.1756465,0.068388933,-0.022692573,-0.00026793138,0.67765781,0.71050477,0.37638831,0.31586092
276,23,35,1.980012,98.326077,27.003217,-0.11594673,-0.049738109,0.27670834,0.060167697,-0.080369746,-0.051575457,0.73104826,0.58309494,0.42018985,0.28745793
276,23,40,0.92695465,136.88367,26.838513,-0.0066058721,-0.036326006,0.025751544,0.010211304,-0.014064984,0.0037951239,0.43847532,0.46909086,0.31789826,0.12992337
276,23,45,1.4092528,137.77041,26.620112,-0.041105805,0.0070079391,-0.018985502,0.009335279,-0.020961041,0.025299804,0.48989478,0.39501316,0.20892092,0.14330251
276,23,50,0.55995506,143.61763,26.524856,0.00082224391,0.012504617,0.0032929719,-0.002960945,0.0023619711,0.0053840218,0.21754608,0.28802685,0.13875451,0.10708722
276,23,55,0.37372688,233.29675,26.472565,-0.0077811534,-0.0068811042,0.0075758271,0.002925967,-0.03415544,0.00021997839,0.34893034,0.20523722,0.14653425,0.17434104
