jday_sn3,hour_sn3,minx_sn3,wsp_sn3,truewdir_sn3,Tsm_sn3,wu_cov_sn3,wv_cov_sn3,uv_cov_sn3,wT_cov_sn3,uT_cov_sn3,vT_cov_sn3,sigu_cov_sn3,sigv_cov_sn3,sigw_cov_sn3,sigT_cov_sn3
272,0,0,2.5795506,30.597127,23.32623,-0.087086722,0.014310423,-0.087212426,0.0076291875,-0.012399659,-0.0015079703,0.73121231,0.59052433,0.39785708,0.063308247
272,0,5,2.6169996,34.61203,23.243934,-0.091784096,0.019656547,-0.034309196,-0.00085278291,-0.0041836803,-0.0011651827,0.83153839,0.43262123,0.3226708,0.040405332
272,0,10,2.8335334,36.825516,23.208141,-0.061540299,-0.0030156401,0.073233577,-0.0027413647,-0.0012489996,-0.0021022153,0.70030396,0.58361669,0.33325574,0.046860122
272,0,15,1.9192617,20.686027,23.140288,-0.012463868,-0.0071316125,-0.11601715,-0.0065846969,0.0037916043,0.0080160852,0.53963195,0.54563415,0.26472998,0.072107976
272,0,20,2.1373898,35.541018,23.142556,-0.037722065,0.0087873901,0.011016889,-0.0060821499,-0.0022441658,-0.008310887,0.48797096,0.46798566,0.26564579,0.073374447
272,0,25,1.5730859,34.655316,23.044991,-0.08902666,-0.0011540115,0.034274763,-0.010321006,0.013129287,-0.0059499475,0.63645783,0.44690726,0.3188024,0.10628068
272,0,30,1.7216216,30.228641,23.021712,-0.035839941,0.0010758636,-0.052023498,-0.014119448,0.013926239,-0.0064081321,0.38937504,0.43470089,0.26745074,0.11230819
272,0,35,1.0247129,18.188629,22.93058,-0.019956414,0.0023082036,0.026554001,-0.0061423384,0.00992673,-0.0034281742,0.31437954,0.34205107,0.18012799,0.13672306
272,0,40,1.0875432,5.5445853,22.953642,-0.014477353,0.0047723271,-0.019888238,-0.004127594,0.02218209,-0.014343265,0.37816022,0.23085765,0.13061185,0.15075516
272,0,45,0.94096427,16.61409,22.963724,-0.015065642,0.00075842281,0.0053510819,-0.0067075944,0.014879787,-0.008430938,0.2742425,0.22480168,0.13631899,0.13880766
272,0,50,1.06842,8.7980214,22.913531,0.0018712673,0.0023795811,-0.031465076,-0.00094982566,0.019192892,-0.0044326199,0.33972627,0.39958788,0.1423585,0.16181238
272,0,55,1.2464539,7.5550305,23.027337,-0.004115231,0.0031611882,0.0069105731,-0.0058403641,0.011303272,-0.010230559,0.2424641,0.25185906,0.15379795,0.1386598
272,1,0,0.70517948,0.40159351,22.915169,-0.013650494,0.012310825,-0.077307539,-0.0074565053,0.040167836,-0.044033656,0.35028228,0.32722663,0.12497139,0.21078066
272,1,5,0.57622337,309.00357,22.672918,-0.0025310749,0.0049887179,0.0061965258,-0.005335816,-0.015356744,-0.017386159,0.1991807,0.22501845,0.122712,0.20965125
272,1,10,0.87041608,292.14904,22.297881,-0.0015645234,0.0022979913,-0.021917446,0.00031067112,-0.053119834,0.014981425,0.25993066,0.1844279,0.11638689,0.32912498
272,1,15,1.1408941,283.93329,22.245595,0.0039910139,0.003197788,-0.009692384,-0.0027412161,-0.040951788,0.0093491601,0.21955792,0.17294212,0.10531122,0.25512442
272,1,20,1.5050265,286.38558,22.002197,-0.0092713229,0.01989021,-0.0189212,0.019176873,-0.10147396,0.034372032,0.28670457,0.24479018,0.13747815,0.49622497
272,1,25,1.4330532,296.72772,21.510568,-0.0071028674,0.0098099522,-0.066704768,0.0019068202,-0.10383468,0.12740262,0.28679613,0.31172658,0.1146053,0.63351679
272,1,30,1.622906,301.48149,21.724581,0.0083110414,0.00078344284,-0.001026113,-0.0075727652,-0.067603176,-0.0028706744,0.27479056,0.1519634,0.10527228,0.32150856
272,1,35,1.9887116,292.12134,21.480891,0.0033282291,-0.00046171848,-0.01089508,-0.0055052692,-0.027845697,0.0055760894,0.19093299,0.17726883,0.099733063,0.25272619
272,1,40,1.3820589,269.5,21.615619,0.0039843182,-0.0029091269,-0.032006008,-0.0038050016,-0.039770353,0.033941489,0.23736443,0.19755814,0.10209608,0.29693191
272,1,45,1.7434787,294.20584,21.318158,0.011105289,-0.0028891295,-0.056296398,-0.015703651,-0.051497077,0.026306527,0.34792455,0.30908837,0.15731625,0.46441419
272,1,50,2.234591,297.07521,21.479152,0.001575754,0.00092236896,-0.0094360452,-0.0025816885,-0.024814415,-0.0015378319,0.22161282,0.11412295,0.066973751,0.20385379
272,1,55,2.7196564,290.48096,20.949436,-0.004000944,0.0037361914,-0.028881111,0.0051760056,-0.061010325,0.058274161,0.26233601,0.18671996,0.09661767,0.64499091
272,2,0,2.7590488,288.5041,20.975855,0.0019954543,-9.3743304e-05,-0.0036688771,-0.0065634491,-0.041143852,0.0032246512,0.20412358,0.11844704,0.085242549,0.30975494
272,2,5,2.8363295,288.35132,21.14117,0.00078378438,0.0016726106,4.7574249e-05,-0.0030212109,-0.0025530875,-0.0073823159,0.14240301,0.12846958,0.089025301,0.31764374
272,2,10,2.8182801,290.56392,21.236088,-0.0002474334,0.0011142129,0.002358779,-0.0065807137,0.0051382926,-0.0099624751,0.15568639,0.15192075,0.093665918,0.24800602
272,2,15,2.8673045,283.9658,21.290999,0.0026276685,0.0016638008,0.0032660211,-0.0053232941,-0.022097831,-0.0077766519,0.17880571,0.12974852,0.080173893,0.24935011
272,2,20,2.9696967,290.80998,20.91368,0.0024495517,-0.00085499168,-0.0033653825,-0.0018281952,-0.019858422,-0.00043623039,0.14556984,0.12781434,0.083913462,0.30545445
272,2,25,3.0936696,287.92509,20.801373,0.0010274021,0.00046194765,-0.0068516345,-0.0039047151,-0.0080890132,-0.003744285,0.16300158,0.14642933,0.090272671,0.28097066
272,2,30,2.8491755,284.45793,20.974709,0.0020123029,0.0012362178,-0.0046511038,-0.0059067647,-0.012150672,-0.0033442083,0.17776407,0.12804565,0.092477753,0.29103932
272,2,35,2.8236823,284.6522,20.857302,0.0020241033,-0.00023808496,-0.0042268357,-0.0029275581,-0.019260754,-0.0036742825,0.16186269,0.12767865,0.095872716,0.28445147
272,2,40,2.8636481,285.58781,20.963961,-0.00075026149,-0.0011270175,-0.0020942106,-0.00072387289,-0.022511545,-0.0033256939,0.16214318,0.14752219,0.08946222,0.32011573
272,2,45,2.9523834,285.47918,20.565221,0.0038271096,-0.00012841249,-0.0073749922,-0.0085929163,-0.031816912,0.0036255999,0.1887429,0.12909717,0.095304539,0.37303751
272,2,50,2.6065325,286.57297,20.654099,0.0018017355,0.00065289389,-0.0093232751,-0.0055833019,-0.036107592,0.010635662,0.2025183,0.14823901,0.094961003,0.34425078
272,2,55,2.9724129,288.17428,20.446213,0.0030072373,-0.0006085465,-0.012057198,-0.0085309644,-0.035671557,0.0036876245,0.25845271,0.15840941,0.10701079,0.35265292
272,3,0,2.9128355,291.28209,20.455388,0.0032006555,0.0018332256,-0.0074226697,-0.0095121499,-0.024051834,-0.0034838521,0.2107266,0.15950319,0.11131446,0.29942406
272,3,5,2.9117955,291.6456,20.646706,0.0031464428,-0.00026791469,-0.0046696609,-0.0036583109,-0.0096674453,-0.0050216086,0.19643946,0.16261162,0.1107828,0.27797223
272,3,10,2.9522777,291.16718,20.493974,0.0048139533,-0.00033760453,5.2778432e-05,-0.008329741,-0.021752235,-0.011476902,0.2215813,0.16868081,0.1195028,0.28554844
272,3,15,2.9858294,287.38445,20.533994,0.0041864168,0.00011231576,-0.0096329603,-0.0036319677,-0.029671078,0.0037879394,0.20598418,0.15860632,0.11427258,0.28151866
272,3,20,2.9203749,288.15573,20.459687,0.0062448547,0.00062145448,-0.0087284202,-0.0045921433,-0.028685676,-0.00027511738,0.2518921,0.16050358,0.11843906,0.32490938
272,3,25,3.0061667,289.05949,20.565725,0.0045020329,8.0322386e-05,0.00032679317,-0.0056754059,-0.031915699,-0.0013247041,0.21517255,0.15033136,0.11354648,0.33261533
272,3,30,3.089493,288.62953,20.662357,0.0033785926,-0.0012252514,0.00020749708,-0.0021358809,-0.011328188,-0.016575743,0.15654686,0.15564661,0.093232152,0.29589228
272,3,35,3.0958943,288.18457,20.707767,0.0018985594,-1.8613574e-05,0.011828529,-0.0058836623,-0.03476631,-0.023948648,0.21119798,0.17632976,0.097309215,0.30542805
272,3,40,3.1438362,288.91163,20.762164,0.0035003218,0.00049283672,-0.0010333413,-0.0057593401,-0.020441915,0.00010954189,0.20096975,0.1226413,0.093984665,0.23723227
272,3,45,3.0304878,289.14492,20.813676,0.0037198488,0.00070254311,0.0061864013,-0.0059640055,-0.022857075,-0.013242878,0.1830592,0.1428542,0.085041869,0.24355321
272,3,50,2.9768165,286.54322,20.758554,0.00095205971,-0.00018215055,-0.0026950025,-0.0033595794,-0.017869511,-0.005736061,0.17547994,0.15244598,0.075106855,0.28691589
272,3,55,3.0777179,287.94763,20.479688,0.0026421907,4.3059072e-06,-0.0022620399,-0.0026530408,-0.019054383,-0.0020358391,0.16588275,0.12921808,0.070566885,0.28107407
272,4,0,3.0618144,287.78149,20.573013,0.0015601728,0.0015669701,-0.000284097,-0.0045378598,-0.018777632,-0.0050998466,0.14283927,0.11053456,0.0805097,0.25311435
272,4,5,3.0767093,289.16025,20.477449,0.0018659367,0.00036437492,-0.001056875,-0.0052410608,-0.022119587,-0.013557034,0.16799637,0.15093097,0.08191192,0.30642896
272,4,10,3.1631814,286.88533,20.575953,0.0019734835,-0.0012623542,-0.003438345,-0.0051194858,-0.0073493923,0.0018630861,0.14607845,0.12092228,0.10245959,0.20429658
272,4,15,3.0774036,283.67558,20.60202,0.001547563,-0.0010266455,-0.0093809437,-0.0066655272,-0.013293642,0.0042637851,0.16082631,0.14310299,0.094888614,0.25772038
272,4,20,2.9366085,282.55304,20.685345,-0.00013635703,0.0030079392,-0.0054121256,-0.0071383106,-0.025311784,0.0010542955,0.17591935,0.13967191,0.1117499,0.34849372
272,4,25,2.5562627,284.05019,20.643291,-0.00067351486,0.0040459488,0.00039615401,-0.0059462151,-0.020376917,-0.00092498631,0.21984465,0.15654325,0.12464687,0.40248246
272,4,30,0.81268928,7.5348927,19.793824,0.0036989466,0.0077928918,-0.04721433,-0.015147708,0.075359962,-0.29648359,0.45293949,0.66107689,0.21270027,0.77350638
272,4,35,0.62000441,263.38668,19.931028,0.01291794,-0.001011886,-0.00024603605,-0.0047938904,-0.004638443,0.0048447317,0.22680009,0.17527029,0.16570843,0.17446293
272,4,40,0.54507998,278.70245,19.586748,0.040248588,-0.026015679,-0.012020314,-0.056713409,-0.14884718,0.24301513,0.37739893,0.69306252,0.22882378,0.65804402
272,4,45,1.4748045,295.35144,19.229008,0.0067664265,-0.00084795646,-0.023472752,-0.010212099,-0.074903682,0.015179967,0.30813461,0.17932967,0.13352069,0.43303201
272,4,50,1.2934959,288.12988,18.720688,5.3717706e-05,-0.0027350862,-0.050175847,0.0015193723,-0.080180272,0.068787856,0.27960237,0.30132547,0.13974561,0.41569089
272,4,55,1.4302073,306.13574,18.915457,0.0011709408,-0.0011525652,-0.0031832935,-0.0037837861,-0.052208819,-0.006095945,0.30599326,0.19806524,0.12263047,0.26520259
272,5,0,2.0654666,289.27547,19.164879,0.0095431736,-0.0003757633,-0.02299286,-0.010904373,-0.057734286,0.019120632,0.27936739,0.2098074,0.12206043,0.28628735
272,5,5,2.7190677,282.17767,18.93669,0.00062835053,0.0015338766,-0.022489037,-0.0077024946,-0.055479921,0.068156884,0.2372787,0.24856137,0.14474355,0.64838509
272,5,10,2.6050583,275.78879,18.943135,0.001270972,-0.0032055504,-0.0017646009,-0.036146681,0.026185595,0.099899777,0.3270591,0.25119147,0.15873846,0.70837767
272,5,15,2.9732432,282.64965,19.119562,0.0093307743,0.0098102009,0.0052094427,-0.0092174744,-0.028175121,0.047802233,0.28833468,0.35343989,0.14511256,0.47992799
272,5,20,3.2747943,274.75345,19.274765,0.0045217885,-0.00090477661,-0.0061650252,-0.010472282,0.0057134511,0.031302037,0.22887509,0.22927764,0.13479301,0.44056247
272,5,25,3.0167938,274.4488,19.524442,0.0024403601,0.0022422936,-0.0085110809,-0.011089897,0.0097448557,0.016760962,0.23920519,0.18986331,0.11950128,0.3914305
272,5,30,2.9517213,277.8505,19.354525,-0.0028759591,0.0064590326,0.038959719,-0.017500303,0.063617095,0.04476331,0.32960393,0.28908184,0.15825362,0.46510682
272,5,35,3.0184446,275.95905,19.614915,0.00092894934,0.0032844166,-0.01861083,-0.011933903,-0.00044340276,0.0056228131,0.22550113,0.20620528,0.13805188,0.24788968
272,5,40,2.8670221,278.05738,19.804006,0.0024781794,0.001952373,-0.015354653,-0.0042980329,0.0052034293,0.0012822125,0.25591715,0.16491458,0.12556232,0.27473686
272,5,45,3.0787591,282.1777,19.851455,0.0038885462,0.0059057719,0.0055740941,-0.0069185186,-0.020624766,-0.015077201,0.19923644,0.18896526,0.11145562,0.25507639
272,5,50,3.3227457,279.47994,19.73493,0.0012735968,0.0021500063,-0.013797866,-0.0060250099,-0.011580709,-0.0055880086,0.21096497,0.16468525,0.11147383,0.29828388
272,5,55,3.1725992,286.26721,19.723447,-0.00011577625,0.0026329391,0.01031466,-0.0056074094,-0.0039708642,-0.0028077052,0.217019,0.18468031,0.12927156,0.30505063
272,6,0,3.1681471,289.14302,19.483403,0.0017040352,0.0024196352,3.7849092e-05,-0.0078845531,0.015560061,-0.010532482,0.22282037,0.20040677,0.12009244,0.35591633
272,6,5,3.2559893,291.76943,19.441819,0.0010140504,-0.0038179917,-0.0020029127,-0.0086043797,-0.00072117306,-0.013601527,0.1976636,0.17303681,0.11602615,0.39846212
272,6,10,3.5155718,291.70264,19.801511,0.00067268492,-0.0034843529,0.0014559886,-0.0064071653,-0.0066976437,-0.00359252,0.17715704,0.23166968,0.12885993,0.30681115
272,6,15,2.9004075,296.68746,19.85975,0.00084110306,-0.00019706677,-0.0020739815,-0.0059897081,-0.017733721,-0.0094674638,0.15893785,0.19042054,0.1025401,0.32479747
272,6,20,2.6668293,287.25017,20.105035,0.00055775199,0.0013361036,0.00067097307,-0.0037696696,-0.0052008849,-0.010023893,0.14303069,0.1598767,0.085923812,0.1913023
272,6,25,2.6010404,288.21223,20.117018,0.0024376601,0.0013057372,0.0063266499,-0.0077728904,-0.012200394,-0.014361402,0.13996224,0.15735515,0.069740278,0.279104
272,6,30,2.5821571,282.4444,19.875549,0.0037943632,-0.0011267488,-0.015685425,-0.0032991242,-0.024426313,0.0097254134,0.19552808,0.1479384,0.062518223,0.23930325
272,6,35,2.4557851,289.74531,19.1824,0.00034968598,-0.0012934191,-0.013477476,-0.0019821652,-0.075755953,0.013007583,0.26526807,0.15251084,0.10075261,0.47481772
272,6,40,2.8333884,295.37065,19.202869,0.0020804058,0.00012354207,-0.0030839426,-0.0026218233,-0.025681758,0.00055939897,0.16187078,0.13957327,0.077531373,0.39688724
272,6,45,2.7395294,298.81489,19.329419,-0.0015481622,0.00066608398,0.0064435655,-0.0097190063,-0.041439192,-0.00088456245,0.23414403,0.15994676,0.099891577,0.41714778
272,6,50,2.6061925,300.79708,19.308178,0.0025363622,-0.00073954093,-0.00096286183,-0.00073449589,-0.0072481985,-0.010803789,0.18151339,0.16539925,0.084972366,0.25430963
272,6,55,2.3827345,281.05546,19.749662,-0.0014977385,0.0024388972,-0.0044962631,-0.0047560932,-0.015911382,-0.00087160575,0.25454496,0.16240485,0.11586438,0.27110255
272,7,0,1.6279135,282.49106,19.607923,0.0078253248,-0.00016058068,-0.0079888374,-0.0091985058,-0.058776198,0.0036589344,0.32428848,0.20215418,0.14484983,0.37826672
272,7,5,2.3639753,286.43996,18.895262,0.014325691,-0.0040882726,-0.025240945,-0.0112046,-0.042788419,0.023760069,0.30225238,0.18463663,0.1528216,0.50064154
272,7,10,2.0911751,291.05872,18.648698,0.0042920652,-0.0048773906,0.018220436,0.00431108,0.025931569,0.0029206065,0.29890633,0.27745934,0.17154154,0.63400021
272,7,15,2.4842289,290.5908,18.38633,0.0034498343,-0.00029851861,-0.024718934,-0.0081904317,-0.023208537,-0.0068214392,0.26778899,0.20637674,0.11376377,0.40728506
272,7,20,2.465462,303.12495,18.853407,0.0055573397,-0.0063396457,-0.015011032,-0.0088443341,-0.024014288,0.024661193,0.30301406,0.26527609,0.12986962,0.40323329
272,7,25,2.8601649,307.42884,18.793212,0.0026096794,-0.0020461309,0.0027112119,-0.0056227228,-0.021286208,0.0040287674,0.22616859,0.26312416,0.11978833,0.36262666
272,7,30,3.0050268,300.06773,18.604654,-0.0031523194,0.00035289607,-0.0083665827,-0.019595921,0.036039136,0.014019074,0.33975017,0.31642394,0.18299626,0.45232873
272,7,35,3.2981593,303.09432,18.70536,-0.034622641,-0.015788345,-0.0036820673,-0.028395129,0.12369447,-0.016999148,0.53424599,0.40994459,0.26385795,0.4186637
272,7,40,3.2087665,295.88295,18.861309,-0.0022105785,-0.017649616,-0.0067960897,-0.026006206,0.042926586,-0.016936622,0.4039355,0.38285167,0.26837159,0.39510469
272,7,45,1.5420354,252.60214,19.512466,-0.024791843,-0.019409849,-0.011095829,-0.030275567,0.096277353,0.053326028,0.47470987,0.55223784,0.26966268,0.50411468
272,7,50,2.4682969,229.28992,20.614287,-0.013310725,-0.020200123,-0.022266596,-0.02689889,0.069304319,0.032200686,0.5293701,0.46986707,0.29325122,0.33896445
272,7,55,3.529468,240.94294,20.516564,-0.0036920383,-0.012395939,-0.033807125,-0.033154154,0.059575185,0.055235578,0.57856109,0.44523858,0.29490893,0.3588145
272,8,0,3.2981498,246.46751,20.173667,0.0028257416,-0.00012582166,-0.0060502545,-0.017875305,0.047619359,0.039241281,0.43232377,0.38723259,0.25867703,0.36519482
272,8,5,2.9190734,262.4163,20.040789,-0.0012673439,-0.0054727486,-0.019865621,-0.036699773,0.10318732,0.069764547,0.47070822,0.50832589,0.22711978,0.52021197
272,8,10,2.7194275,261.26642,19.818665,-0.0040502502,-0.00035187382,-0.029345082,-0.0039723804,0.1217138,-0.043518348,0.33074569,0.32303294,0.12262635,0.59313332
272,8,15,2.7867883,262.0761,20.579259,0.0079950777,0.0022565685,0.0059843945,-0.0025353204,0.0065960491,0.0078653933,0.34363762,0.28655384,0.13302776,0.42655249
272,8,20,2.4750857,265.40979,20.318708,0.005847718,0.0060467273,-0.024825231,0.0014358972,-0.015701915,0.01833134,0.38744332,0.26478105,0.13467095,0.54532261
272,8,25,2.784389,281.15099,19.933502,0.00063889288,-0.0062928896,0.012265097,-0.0020625308,-0.038002169,-0.067810311,0.23513303,0.39299497,0.12591633,0.79786103
272,8,30,2.9177915,267.97737,19.519867,-0.0083049982,-0.0043402902,0.0099994793,-0.012255925,0.079371973,0.039721595,0.32485571,0.3586289,0.14764393,0.73257212
272,8,35,2.4894308,258.06524,19.986488,-0.0056421207,-0.019041359,0.0091766901,-0.026985047,0.048076235,0.060476149,0.38057138,0.68378178,0.2012277,0.6655995
272,8,40,2.5513846,255.54011,19.865768,-0.0063364127,0.009094993,0.030104999,-0.04896677,0.061549368,0.11589183,0.51108395,0.53513399,0.22171959,0.76393594
272,8,45,2.6300961,249.08631,20.25346,-0.0075109854,0.009813151,-0.033253169,-0.0559971,0.13511406,0.012420047,0.42709933,0.43948235,0.24933202,0.71127105
272,8,50,2.7110142,237.09356,20.946486,-0.0058799799,-0.013145713,-0.055677621,-0.041478658,0.083823417,0.0076837443,0.54626995,0.46928607,0.29057356,0.46375904
272,8,55,2.9850955,231.57684,21.40749,0.0098330345,-0.033270127,-0.17608208,-0.033328784,0.010263575,0.079277416,0.70524732,0.79036001,0.37361375,0.36166444
272,9,0,2.514389,245.61645,20.934664,-0.0020470754,-0.010320753,-0.020627451,-0.038672018,0.015895104,0.0031365715,0.48871707,0.47537614,0.26548809,0.44743854
272,9,5,3.0813918,255.47227,20.927418,0.0047835281,-0.0082988143,-0.02350433,-0.024616698,0.051938661,-0.027917277,0.42589643,0.52168716,0.21741387,0.59436083
272,9,10,2.7572154,250.97588,20.980995,0.0095743667,-0.01618402,-0.0016966648,-0.030705724,-0.037508206,0.026501353,0.34685551,0.39146517,0.20426987,0.46239451
272,9,15,2.6508685,248.63989,20.682534,-0.0098963932,0.0029769566,-0.041180381,0.0020117775,0.024054541,0.079206487,0.48525074,0.4436125,0.1848647,0.74315753
272,9,20,2.643587,261.74473,20.242497,-0.0018955926,0.0040998441,-0.034794817,0.00052857325,-0.057867408,0.081318134,0.3588325,0.40770212,0.13125046,0.6610596
272,9,25,1.7390499,257.6951,19.581267,-0.081083978,0.026135506,-0.24371212,-0.14120826,0.93404235,-0.36446539,0.85620962,0.41398814,0.18993313,1.3720102
272,9,30,1.7564381,252.83038,18.618782,-0.0022267269,-0.022422712,-0.010476509,-0.053687446,-0.015228721,0.16612583,0.31631828,0.32689902,0.16286075,0.80504574
272,9,35,2.5513385,254.57882,20.477551,-0.0021721459,0.0044109055,-0.0033857142,-0.019125638,0.0051327914,0.0094397641,0.26493121,0.28168707,0.13222037,0.66224948
272,9,40,2.6410789,256.71364,20.641513,0.0018320323,0.0034238419,0.010451944,-0.0092261409,0.00022191326,-0.0088658406,0.20910266,0.24579493,0.108875,0.48192324
272,9,45,2.6839621,251.54178,20.691417,-0.00066297682,0.0075475921,0.011772848,-0.014376806,0.017085648,0.015983159,0.36163332,0.29305107,0.17467329,0.59843756
272,9,50,1.1400336,230.82499,18.311372,-0.018221425,0.011769449,-0.13718964,0.00018748824,0.47723563,-0.17020951,0.52786316,0.40702856,0.18658034,1.4722413
272,9,55,0.23888491,132.02765,16.74698,-0.0094255117,-0.005904314,0.047624053,0.0087629033,-0.066491651,-0.07163767,0.26065919,0.26412277,0.1151489,0.56872611
272,10,0,0.53947945,267.03638,15.970716,0.0015477844,0.010982822,0.019426601,-0.016693735,-0.082578546,-0.15707404,0.21897661,0.29879496,0.12093337,0.67378515
272,10,5,1.9582721,260.93394,19.335644,0.0054565962,0.00018087968,0.011047354,0.0047658994,0.047782676,0.12226796,0.28565007,0.3177318,0.14078019,0.67051087
272,10,10,2.2007822,252.7829,20.502776,-0.0049366764,0.0069296694,0.0075471563,-0.016481524,0.0029408084,-0.0250066,0.31256434,0.27992658,0.11854146,0.55376832
272,10,15,0.55000548,196.60827,17.074487,-0.032602261,0.033726511,-0.2005826,-0.078225833,0.52344824,-0.72732226,0.49823425,0.60005478,0.13926686,1.3636481
272,10,20,0.65465186,158.51914,15.532771,0.0028270628,0.00047556622,0.0077502581,-0.002286116,0.0066119155,0.0081605007,0.18534859,0.15747728,0.085817465,0.1309729
272,10,25,0.2590548,255.50073,15.850328,0.0016105675,-0.0049001193,-0.018384599,-0.0020643759,-0.0073756311,0.01077428,0.21574766,0.18418278,0.094726648,0.11360068
272,10,30,0.43897615,295.88639,16.778337,0.014591432,0.0020730374,0.011182029,-0.0024791846,-0.02445368,-0.026992399,0.30796099,0.19068751,0.099319688,0.25346263
272,10,35,0.73172782,285.81259,16.621617,-0.022499482,-0.001599682,-0.067300864,-0.0039114041,0.10707925,-0.02228615,0.55139814,0.29384677,0.14219766,0.49460713
272,10,40,1.3148828,286.61796,17.321032,0.00097320557,0.0036637797,-0.047088463,-0.011818398,0.022349775,-0.047639912,0.38191147,0.31690427,0.15767767,0.48419924
272,10,45,0.78085919,276.47302,16.949902,0.00035457847,-0.00083263723,-0.025028386,0.00052073057,-0.012742288,-0.008300045,0.30169545,0.24735428,0.13793022,0.2396713
272,10,50,0.42259252,305.42859,16.905175,0.032853591,0.017025544,0.048681472,0.0010649541,0.0021732601,-0.0022762519,0.33480569,0.24184391,0.17514682,0.26211868
272,10,55,1.553237,296.09722,17.457219,-0.0041237499,0.0055061041,-0.007107546,-0.012356122,0.018604399,-0.067373664,0.2446001,0.27559987,0.13934683,0.65052089
272,11,0,2.374135,298.91539,19.003409,-0.00031696377,0.0035217286,0.010860934,-0.0057251523,-0.02170125,-0.013045736,0.22090636,0.17428283,0.11270495,0.34389629
272,11,5,2.5837528,297.18237,18.742677,0.0032215811,0.0028793354,-0.043660276,-0.0048672469,-0.048122893,0.023193762,0.29073357,0.23401421,0.088626249,0.36042289
272,11,10,0.90625283,325.19427,17.308761,-0.010934651,-0.024236891,0.21409067,-0.051671531,0.13133712,0.42768191,0.37139116,0.71456956,0.19400534,0.87523668
272,11,15,0.72117257,324.32484,16.733704,0.0062239945,-0.0010855735,0.017246645,-0.0056985744,-0.12737511,-0.020478103,0.42833201,0.14590256,0.09286913,0.33646269
272,11,20,0.84106978,299.52364,17.489064,0.0010846148,-0.0071612412,-0.00025652925,0.0027124084,0.017500893,-0.0082286254,0.24582456,0.17352848,0.11711272,0.27477223
272,11,25,1.3182399,313.01235,16.743379,0.014976033,-0.029483312,-0.044776932,0.028674408,0.088366081,-0.095845742,0.23953749,0.37930527,0.17508416,0.66958343
272,11,30,1.6766918,287.29898,17.123294,0.0060548787,0.0022713678,0.00082452691,-0.0045896946,0.0016572801,0.017158856,0.20760391,0.17907325,0.12749281,0.42550402
272,11,35,1.9138958,279.59162,17.692416,0.0031801052,0.0043644044,-0.045117407,-0.0097090709,-0.10772959,0.028492473,0.38803021,0.19721366,0.12497629,0.41186437
272,11,40,2.068997,294.67137,17.170087,-0.00087667074,-0.0030033188,-0.0048468687,-0.0047120601,0.0079994226,-0.023359899,0.20331554,0.23015315,0.10784909,0.43591432
272,11,45,1.1808937,351.90245,17.741223,-0.00045909128,-0.018684575,0.013700132,-0.0021438283,-0.01180809,0.015978002,0.17979726,0.45374015,0.09839978,0.28030459
272,11,50,0.82416562,269.79421,17.127956,0.0018689442,-0.00095973348,0.020354719,-0.0028377066,-0.21120519,-0.019152195,0.4158167,0.18757519,0.085624656,0.59868045
272,11,55,1.1707692,271.53426,17.502161,0.0024160551,0.00034426789,-0.0037982245,-0.0023548489,-0.020042847,0.0066584377,0.16464701,0.13936199,0.074068647,0.26472371
272,12,0,1.9900996,286.95995,17.29,0.00036424597,0.00017077829,-0.021092767,-0.0018860584,-0.098833449,0.02995712,0.27485361,0.13648859,0.059213038,0.42997993
272,12,5,2.4867833,293.82386,17.049285,0.001463171,0.003314199,-0.0099290112,-0.00011315264,-0.045806138,0.017252416,0.20834138,0.16662413,0.092931805,0.33616497
272,12,10,2.4918103,292.92434,17.012377,0.0053936803,0.00096758716,-0.0037315701,-0.0045954098,-0.011732654,-0.0027903407,0.19774793,0.15772665,0.10600028,0.32756683
272,12,15,2.3974203,290.98933,17.727124,0.0073143657,-0.00061294266,-0.0030411224,-0.0029086847,-0.012487759,0.0070401481,0.21294544,0.13155799,0.091138863,0.32808307
272,12,20,2.2379784,289.92139,18.110981,0.0092969522,-0.0016737499,-0.0074687795,-0.007060265,-0.015555398,0.015140477,0.32620721,0.18762549,0.11980822,0.43899829
272,12,25,2.294324,286.67806,17.952539,0.0025173607,-0.00037870072,0.0048207227,-0.0024644727,-0.0030571019,-0.0004992134,0.16290712,0.13511549,0.076997682,0.28264989
272,12,30,1.8655551,285.533,17.551304,0.0076664534,0.00078803379,-0.010801022,0.026016279,-0.060552128,0.064314019,0.20427364,0.16858154,0.1222572,0.93267406
272,12,35,1.3229871,271.137,16.10831,0.018188918,-0.011375385,-0.041511267,0.016629553,0.044834924,-0.01285239,0.33287002,0.22128857,0.14926172,0.79297185
272,12,40,1.4995413,293.5893,16.570602,0.010474473,-0.0018288752,-0.018418778,-0.0067519764,-0.06926273,0.041530883,0.26529433,0.21824369,0.13507328,0.47751213
272,12,45,2.096312,292.81006,16.306556,0.015852243,-0.0042385989,-0.0063658957,-0.021394761,-0.043726138,0.0066064606,0.27196952,0.19695785,0.16371832,0.34062384
272,12,50,2.1708896,285.93012,16.631488,0.025009957,0.0079787327,0.0086320805,-0.014369361,-0.0078409779,0.010334559,0.31958546,0.17590928,0.15630561,0.6035006
272,12,55,2.3081306,281.92975,16.765096,0.011897543,0.0026700847,0.0071200876,-0.006758559,-0.030550786,-0.0031044311,0.26666605,0.17476341,0.14312553,0.3094829
272,13,0,1.1351832,275.37475,16.5579,-0.0073498995,0.0038362034,-0.041418775,0.0052573859,-0.05413949,0.062119681,0.35134629,0.237487,0.14586795,0.45374323
272,13,5,0.12172797,153.88937,15.598711,-0.00093853,-0.0086597697,0.031282723,-0.0064657795,0.015900368,0.039575303,0.20794198,0.2676839,0.095498132,0.31575098
272,13,10,0.39888396,294.5749,15.171435,0.0067068713,0.014571343,0.020149309,-0.03951857,-0.073705313,-0.086441066,0.20270449,0.30113352,0.13678746,0.57835589
272,13,15,1.0284166,308.71631,15.256716,0.0046435439,0.0025478143,-0.011306567,-0.012683622,-0.062252171,0.0099375354,0.21095408,0.13247566,0.10940946,0.45451601
272,13,20,1.7441351,294.62709,15.776051,0.0016345734,-0.0002533605,0.0034618741,-0.0026748955,-0.039372564,-0.0094139976,0.19000359,0.1163806,0.080057925,0.32517187
272,13,25,1.8231826,291.75104,15.334029,0.0011605976,0.0012589292,-0.012324042,-0.0016290303,-0.024228035,0.0015945873,0.19048344,0.12805754,0.059494048,0.23705844
272,13,30,1.4353699,280.59871,15.507851,0.0040059134,0.0030564206,-0.025284367,-0.0046260901,-0.028570316,0.014775453,0.20832292,0.21991578,0.10334619,0.2721594
272,13,35,1.3065428,280.39147,15.531537,0.0031324017,-0.00035475254,-0.0086546963,-0.0065879541,-0.019534611,0.017567583,0.16222802,0.18953273,0.10376664,0.29049902
272,13,40,2.2824786,298.03279,15.649321,0.0032400669,-0.0013760423,-0.0012341456,-0.0060662484,-0.018948485,-4.8734352e-05,0.19417748,0.13009964,0.087536156,0.19324425
272,13,45,2.5227299,294.05973,15.370939,-0.00082476195,-0.00026013789,-0.0026759553,-0.00029982756,-0.012245796,-0.0030444143,0.10088316,0.11012781,0.056074069,0.24016554
272,13,50,2.6034189,286.15257,15.853673,-0.00020390196,0.002258319,-0.0028620252,0.0011443165,-0.0088765731,0.014074478,0.10128257,0.1443918,0.077376252,0.21665689
272,13,55,2.6349602,288.72397,15.943145,0.00056372147,0.00085268195,-0.00042300578,-0.00088214428,-0.0059885988,0.0044995153,0.11145977,0.11086837,0.062302154,0.1821568
272,14,0,2.6765772,290.33504,16.368044,0.0016290165,0.00096062999,-0.0092164284,-0.0021124335,0.0034785186,-0.0047194187,0.14607989,0.13216325,0.067851988,0.19069294
272,14,5,2.7059792,295.34912,16.985318,0.001020957,-0.0004184508,-0.0047014197,-0.0016637556,-0.0013540816,0.001286944,0.10891667,0.1051083,0.057588892,0.15422478
272,14,10,2.6805501,300.58513,17.416822,-0.00019171523,-0.0025101865,-0.0036947241,-0.0021164703,-0.0039680881,-0.0012790264,0.14203727,0.15024676,0.094498249,0.20993755
272,14,15,1.7072789,287.40164,18.048214,-9.4237586e-05,0.0020310697,-0.019628178,-0.0023634586,-0.0064099846,0.049517652,0.18457595,0.30041462,0.1129306,0.25644674
272,14,20,1.10133,260.32144,18.713299,-0.04283001,-0.010905035,0.036828673,0.00065640253,-0.0039860295,-0.0027486384,0.47907282,0.22556999,0.17138565,0.1080105
272,14,25,3.4250585,252.35784,18.306427,0.015063755,0.017055763,0.045091078,-0.025538268,-0.010438415,0.0053160911,0.60030416,0.44165263,0.3315225,0.29101162
272,14,30,4.154374,247.07524,18.201469,0.066997612,-0.0069737008,0.055970118,-0.035172908,-0.035940469,0.033515617,0.90642015,0.52694213,0.40911624,0.33879677
272,14,35,4.0601898,243.84784,18.340785,0.041781302,-0.0083275403,-0.040730341,-0.016952128,-0.026895999,0.069728157,0.83196857,0.62039233,0.4669132,0.32200413
272,14,40,4.5003822,243.70486,18.485724,0.038977988,0.0019357727,-0.034088331,-0.026812522,-0.076062444,0.032013413,0.91420396,0.55287603,0.38236445,0.36538277
272,14,45,4.3555854,242.0067,18.458045,-0.023370238,0.023667983,-0.062279313,0.0063814885,-0.05199397,0.049385058,1.1262317,0.63142145,0.4401641,0.31660867
272,14,50,5.3077523,241.60282,18.091258,-0.027292074,-0.020755952,-0.17609955,0.0053821459,-0.10431841,0.029725402,1.1147277,0.62686417,0.47857242,0.25935833
272,14,55,5.1182855,242.10633,18.344871,-0.035625712,-0.0050653896,-0.085975572,0.011893661,-0.043770283,0.023910385,0.93873263,0.58129235,0.46296907,0.21298715
272,15,0,5.0472288,244.97023,18.462961,-0.04102157,0.010641761,0.022520731,0.019259379,-0.052881791,0.0099235255,1.0116224,0.61718636,0.4665519,0.16791026
272,15,5,3.95995,248.99469,18.988186,-0.029080769,-0.040256024,-0.29702957,-2.1033304e-05,-0.19726248,0.15158988,1.0459062,0.72802696,0.47184264,0.31146073
272,15,10,4.0099755,249.74817,19.257222,-0.063655168,0.014623777,-0.34120792,0.06061412,-0.18510054,0.10334529,1.1941807,0.90858822,0.49868391,0.34468653
272,15,15,4.5594708,242.0669,19.412645,-0.0016903198,-0.002616841,-0.26502238,0.045319744,-0.17783634,0.12476137,1.2701148,0.79894066,0.48235425,0.4271597
272,15,20,4.5568997,242.91593,19.157385,-0.0037297428,0.040085232,0.24546673,0.052108886,-0.25205581,0.019313992,1.4538418,0.83995663,0.48074411,0.33103527
272,15,25,5.1798939,243.37375,19.156174,-0.13111229,0.017385482,0.048926178,0.070025929,-0.14958452,0.017089445,1.1531155,0.71162247,0.54428712,0.31179035
272,15,30,5.0805193,244.11416,19.126272,-0.11583022,0.0094460608,-0.11043502,0.077059358,-0.12358037,0.017260215,0.94309161,0.66683323,0.51852343,0.3086677
272,15,35,4.8270617,246.484,19.100956,-0.004076952,0.041187894,0.082682335,0.087753243,-0.29025674,0.11768882,1.7166661,0.8603512,0.5527252,0.43867808
272,15,40,5.1508465,245.71945,19.188216,-0.09049108,0.017844908,0.066607838,0.094316437,-0.28783977,0.042462213,1.3218072,0.79957923,0.54635223,0.38855285
272,15,45,4.5110564,237.69029,19.183869,-0.081240137,0.035787361,-0.50977358,0.10251022,-0.24131407,0.14815449,1.3376218,1.1002886,0.54083454,0.45232812
272,15,50,4.0052272,238.52487,18.952163,-0.14431616,0.001825696,-0.68441951,0.065515102,-0.12316904,0.060244058,1.4449195,1.0507805,0.51674088,0.36749835
272,15,55,5.0318737,244.92178,18.833908,-0.10441336,0.03506727,-0.15712252,0.096795412,-0.33028916,0.082027926,1.3544508,0.79015549,0.52370532,0.43038928
272,16,0,5.051933,244.6575,18.888381,-0.17905159,0.016995052,-0.29555276,0.11237302,-0.34253241,0.085773774,1.178294,0.7331617,0.56566158,0.45381389
272,16,5,5.3334763,240.43897,18.869036,-0.18639982,-0.020361084,-0.058298077,0.10361525,-0.25814604,-0.0011241165,1.2176569,0.80687697,0.58229792,0.41476368
272,16,10,5.2955528,238.08152,18.956142,-0.045705964,-0.037072418,-0.25126956,0.079306267,-0.26095225,0.025818703,1.2605557,0.795395,0.55918865,0.4184889
272,16,15,4.9250765,238.53702,19.036599,-0.16125086,-0.027736006,-0.17495879,0.13475849,-0.28264515,-0.023066669,1.185642,0.80299026,0.63195286,0.48426634
272,16,20,5.2235577,240.44368,19.148463,-0.21042206,-0.0013823069,-0.11185991,0.13175606,-0.40213824,0.017057873,1.2298945,0.70438892,0.58785314,0.51022156
272,16,25,5.4765461,242.47927,19.354102,-0.14217222,-0.031670119,-0.059067813,0.087442224,-0.379082,0.026222025,1.1757601,0.66463756,0.52061627,0.49541699
272,16,30,4.9170502,245.57658,20.107508,-0.058271654,-0.016003659,0.11721805,0.060529591,-0.25554408,-0.02505076,0.92653447,0.57149814,0.41254536,0.44398936
272,16,35,4.4928311,247.43993,20.529582,-0.047782963,-0.010662521,0.056985592,0.092920443,-0.22199643,0.0041733626,0.85255626,0.65590536,0.47032041,0.49463231
272,16,40,4.5231733,248.41936,20.415066,-0.13258806,-0.0089405816,-0.017930852,0.13176414,-0.33979016,0.027916913,0.9618149,0.57025595,0.46149373,0.57561305
272,16,45,4.4663691,243.68653,20.444461,-0.075025618,0.0013274061,-0.0013359409,0.1139812,-0.25804759,-0.019409822,1.092681,0.70809822,0.51110576,0.56909358
272,16,50,4.8002857,241.76296,20.331624,-0.13259366,-0.0012148172,-0.060691159,0.14015241,-0.24174212,0.044959756,0.97824542,0.78259423,0.53545176,0.52390331
272,16,55,4.3877549,241.41432,20.65278,-0.090234651,0.013954807,-0.22081837,0.13490848,-0.24306584,0.023537894,1.0283178,0.72531335,0.54187904,0.58905096
272,17,0,4.4769066,243.64327,20.754861,-0.16432094,0.04077973,-0.082771111,0.15091515,-0.43859235,0.071099245,1.1685755,0.72272029,0.51145255,0.67370356
272,17,5,4.3980775,244.40763,20.575172,-0.08677571,0.04682033,-0.11190703,0.14382186,-0.27675627,0.09339353,1.1071998,0.82923385,0.5194617,0.61356769
272,17,10,4.5325229,240.04588,20.634291,-0.0042321233,-0.019850467,-0.21984003,0.11127722,-0.24109911,0.04511861,1.0208156,0.85369882,0.54237596,0.59733369
272,17,15,4.2819853,242.44248,20.937431,-0.10401239,0.010879417,-0.052926111,0.15241277,-0.1769662,-0.034080625,0.95907275,0.74222979,0.51298021,0.67789062
272,17,20,4.5148015,243.86334,20.903071,-0.1275151,-0.0072037411,-0.14744674,0.14303715,-0.2432184,0.0327992,0.9062732,0.76224146,0.54089655,0.59139982
272,17,25,4.0401034,241.81886,21.163971,-0.085695472,-0.034438966,-0.1638202,0.18307386,-0.26029328,0.0075338143,0.99574187,0.73689166,0.50743126,0.67833202
272,17,30,3.9633643,242.18644,21.203371,-0.058893244,0.01671451,-0.26399614,0.10514551,-0.22520272,0.054593143,0.90987831,0.74259713,0.44564164,0.57582449
272,17,35,3.7013476,232.88121,21.843692,-0.0065981208,-0.0021099166,-0.46050029,0.12822056,-0.31442791,0.13507623,0.95060664,0.96671333,0.45407409,0.74431689
272,17,40,3.1222542,234.89768,22.081641,-0.14039133,0.052658408,-0.35403055,0.17822619,-0.27537235,0.0010355454,0.88467504,0.84102343,0.48774745,0.7532993
272,17,45,3.5637749,235.93562,22.019437,-0.016873266,-0.020400818,-0.18720144,0.12045658,-0.24530679,0.079580908,0.89078657,0.70778357,0.44352856,0.74092197
272,17,50,3.7642947,239.7143,21.739142,-0.06407296,-0.011035618,-0.14810738,0.13952386,-0.16013652,-0.044449425,0.90967907,0.63529442,0.45077418,0.67916978
272,17,55,4.3494268,252.80583,21.471146,-0.014518436,0.0048670471,0.049776886,0.094542175,-0.14866577,-0.0038230275,0.78843926,0.55823165,0.38380779,0.59845649
272,18,0,3.3774437,252.64042,22.440498,-0.12630958,0.0066762011,-0.12062803,0.20901169,-0.25356426,-0.052125072,0.8611676,0.8308455,0.50571567,0.80996684
272,18,5,3.661293,247.79176,22.067371,0.0056337526,-0.0085081109,-0.060913835,0.14181367,-0.079892599,-0.057952839,0.71013493,0.64242699,0.41914944,0.70261509
272,18,10,3.8193873,244.77002,22.05418,-0.037886041,-0.0069579533,-0.071751405,0.13534931,-0.21601811,-0.0016113251,0.71755992,0.53848159,0.39297762,0.68484571
272,18,15,4.0231432,252.10696,22.025908,-0.0014877668,-0.01052919,-0.0099734704,0.084943105,-0.20936755,-0.043097903,0.74470565,0.49873986,0.35068704,0.63870124
272,18,20,3.018622,241.91956,22.311198,0.024046252,0.053683123,-0.19621674,0.12274447,-0.07541921,0.023827057,1.0459292,0.70761845,0.50855081,0.60383395
272,18,25,2.8525556,244.47133,22.722101,-0.027205878,0.031602974,-0.21082644,0.097948015,-0.21822769,0.1373851,0.85680359,0.62748529,0.40162091,0.73069122
272,18,30,3.2051844,251.69282,22.434173,-0.057619811,0.028642063,0.080086034,0.15312632,-0.14480621,0.082606032,0.75224253,0.44581596,0.39230944,0.68238226
272,18,35,2.777593,265.79031,22.803622,-0.046511924,0.0041420292,0.13292677,0.17213711,-0.15687405,0.039425053,0.76592283,0.62750777,0.39172035,0.75300567
272,18,40,3.0987874,257.58531,22.918314,-0.18701599,-0.022507076,-0.032740905,0.18062616,-0.27968831,0.055778827,0.98572414,0.78794537,0.43583541,0.74928926
272,18,45,1.2818351,207.16956,23.148014,-0.025103944,0.15250126,0.034769519,0.15804154,-0.045658255,-0.016689628,0.48242089,1.2014863,0.41132944,0.71044926
272,18,50,1.5376003,238.01316,23.443252,-0.026119464,0.011270969,-0.0075239545,0.15073499,-0.076061461,0.044236973,0.52877399,0.55720503,0.39154575,0.66226398
272,18,55,2.3690897,245.93676,24.051581,-0.11379362,0.018996157,-0.12459277,0.3717774,-0.46627128,0.17799366,0.8092382,0.59442908,0.47672926,1.1645879
272,19,0,2.8266357,281.35698,23.027531,0.016024959,-0.0026413281,-0.010217095,0.14907527,0.030175273,0.051767974,0.59878388,0.63083843,0.34673653,0.68812846
272,19,5,0.85557073,243.55226,24.065052,-0.11000851,0.044721253,-0.35697535,0.25880485,-0.22279762,0.16780756,0.79282246,0.86815109,0.45956005,0.95985679
272,19,10,1.2120516,225.65291,24.143533,-0.12779354,0.046805378,-0.14926962,0.20153462,-0.24729508,0.23531398,0.66876145,0.79614347,0.42014286,0.81538376
272,19,15,1.4560987,253.46782,24.012215,-0.016987439,0.006458203,-0.62459858,0.19827315,-0.12019253,0.080525673,0.8695424,1.1135251,0.38068124,0.85705331
272,19,20,1.4052743,180.69815,24.484274,-0.14512044,0.005589937,0.23839502,0.21325039,-0.15022891,-0.028301315,0.81404869,0.86823868,0.47663055,0.82629039
272,19,25,1.2249393,232.24857,24.475674,-0.047332026,0.075598007,0.21379056,0.1437127,-0.46408872,-0.023047966,0.93984909,1.2982459,0.42310099,0.96408635
272,19,30,2.8257874,270.71481,23.682485,0.00081876829,0.00072437295,-0.41845407,0.13801006,-0.029047792,0.052600336,1.0762977,0.93940555,0.4977839,0.58508594
272,19,35,3.2372908,294.05741,24.354421,-0.18820266,-0.00050547276,-0.019317788,0.2140684,-0.36585273,0.010509246,1.0769474,0.58863726,0.4538907,0.88101003
272,19,40,3.6569126,269.50498,24.247653,-0.05947139,-0.039194078,0.057247683,0.15763674,-0.30503691,-0.14495855,1.3493121,1.0122485,0.46482126,0.80975136
272,19,45,1.6610248,265.68216,24.626783,-0.048879616,-0.072193782,-0.42436798,0.16727453,-0.29674155,0.0046313973,0.90219752,1.0489018,0.46745776,0.7769093
272,19,50,2.9357477,288.7239,24.497572,-0.093332077,-0.013581272,0.14453847,0.20167684,-0.15436603,-0.057698868,0.99247742,0.83022055,0.51051044,0.78959536
272,19,55,1.0303029,268.40896,25.185336,-0.25421407,-0.022622554,0.0078357812,0.26586896,-0.4204686,-0.050454186,1.1451929,1.1171376,0.53942109,0.99763466
272,20,0,2.0668403,266.29575,24.58326,-0.12915824,0.041869892,-0.18241842,0.18561843,-0.15327054,-0.030670035,0.9727476,0.87947086,0.44947886,0.78331301
272,20,5,2.2138112,273.24766,25.568119,0.02031755,-0.050454398,0.082229557,0.11516741,-0.058638749,0.11397171,1.305417,0.86882421,0.44724439,0.87886249
272,20,10,0.79368326,112.60275,25.120899,-0.13496857,0.12204728,-0.41581628,0.18568268,-0.085048664,0.17447352,0.91417177,0.76462308,0.45570215,0.78155299
272,20,15,2.8754455,174.6308,24.937398,0.045767756,0.052136617,0.61202071,0.16887619,0.11207665,-0.015938677,1.2228395,0.99042218,0.40681478,0.78591359
272,20,20,0.43897937,280.35682,25.1674,0.22390037,-0.032106784,-0.20589594,0.19406445,-0.064622028,0.024718682,0.95048176,0.63262613,0.51946108,0.81940894
272,20,25,1.5957902,305.52481,25.157881,-0.040350683,0.058019043,0.081096012,0.18738677,-0.20696323,0.026753912,0.68563251,0.61861987,0.51603516,0.74397128
272,20,30,1.0682286,166.97185,25.450498,-0.16220512,-0.0015949063,0.097849604,0.26089604,-0.34315794,-0.021240115,0.78032391,0.57512739,0.42239359,0.90185893
272,20,35,2.2765073,163.53415,25.147147,0.010887561,-0.0082661878,0.11983834,0.17440076,-0.16693029,-0.11041221,0.9415199,0.54202225,0.36113779,0.86522618
272,20,40,2.2212217,169.478,25.060939,-0.058026016,0.025700985,-0.039585718,0.18120722,-0.17042041,-0.054501633,0.75849472,0.603528,0.35259361,0.8085108
272,20,45,2.951247,166.84505,24.937828,-0.041702014,0.042268299,0.11991874,0.11924104,-0.098229534,-0.04385025,0.82593694,0.71152243,0.3818193,0.66638423
272,20,50,3.1657522,185.59117,25.174124,-0.054956647,0.0046389876,-0.081102026,0.1176127,-0.18678456,0.045286406,0.65989691,0.6957284,0.36667153,0.71798353
272,20,55,0.50845553,216.50114,25.670739,-0.012810394,0.0014501219,-0.057943206,0.13582631,0.034542614,-0.089925357,0.45008328,1.0103148,0.39373947,0.66365833
272,21,0,3.0363229,149.90652,25.765383,-0.047950868,0.035114409,0.23778565,0.095817618,-0.21722678,-0.1781823,0.92907402,0.79775431,0.43161586,0.85590012
272,21,5,1.2101703,155.6905,25.121221,0.091572562,-0.0086606997,-0.15690995,0.10316294,-0.042960722,-0.010182191,1.0379963,0.44475215,0.36303719,0.58307453
272,21,10,2.8608184,146.07889,25.161301,-0.030966668,0.077209886,0.10916283,0.10662768,-0.053489948,0.010335556,0.88478262,0.59133961,0.48984805,0.54153091
272,21,15,0.10436835,77.754378,25.569295,0.1039594,-0.022734506,-0.07843273,0.115652,-0.059103111,0.054908946,0.69753548,0.62609609,0.38244701,0.69682212
272,21,20,1.9350368,132.66664,25.461203,-0.077800048,0.0038467421,0.047444824,0.14724077,-0.079534639,0.011737221,0.93506546,0.46074611,0.35717124,0.74010058
272,21,25,1.629564,118.71944,25.592502,0.029488591,0.042450705,0.0018864473,0.17947555,0.10868851,-0.024809851,0.89078136,0.8074581,0.48450462,0.70108281
272,21,30,2.1703166,98.704918,26.025966,-0.048711727,-0.019850573,-0.18349444,0.19049888,-0.10323166,-0.034739264,0.664309,0.75535132,0.38753788,0.87188195
272,21,35,2.9843983,105.85021,25.740862,-0.052865474,-0.018278574,-0.071555861,0.14766233,-0.12413019,0.022131993,0.59935379,0.54827036,0.32936562,0.7179084
272,21,40,3.3162219,98.478394,25.864061,-0.066645688,-0.0069122715,-0.13205989,0.15512928,-0.08057212,-0.056951798,0.81889742,0.94950679,0.41892371,0.72433776
272,21,45,2.4487239,105.41668,25.524488,0.04536945,0.099085491,0.13562453,0.05959755,-0.035251948,0.098139758,0.73748277,1.5113084,0.45581776,0.42154407
272,21,50,1.7064686,94.637056,25.783871,0.036598102,-0.075489232,-0.2877797,0.090626496,0.094436579,-0.27616083,0.77713384,0.96655812,0.32825907,0.57706883
272,21,55,2.8769659,81.029465,25.949918,-0.063090715,0.027071224,-0.23683466,0.1313744,-0.080941891,0.0092230986,0.69435981,0.74343102,0.38503134,0.61455883
272,22,0,1.5308379,81.324087,25.552979,0.020034891,0.018983073,-0.3900215,0.059828931,-0.016279659,-0.01529451,1.0616364,0.8616877,0.3902509,0.41320404
272,22,5,2.719703,121.36533,26.028706,-0.023596475,0.015675064,-0.083475582,0.12241929,-0.05975168,0.038892744,0.76373935,0.63610986,0.36311642,0.66089396
272,22,10,3.5614278,112.55713,26.037165,-0.075041838,-0.022411314,0.29248941,0.14221817,-0.11764565,0.13679174,0.86042947,1.1938986,0.40762158,0.67186657
272,22,15,2.532933,88.660798,26.22975,-0.062665232,-0.05296097,-0.081927044,0.15556312,-0.14604596,-0.13634486,0.56720459,0.69571685,0.34578434,0.72474152
272,22,20,2.8452395,99.106982,25.854799,-0.009096799,-0.072486129,0.029961651,0.10012144,-0.074641366,-0.054106814,0.69135393,0.64998218,0.38348078,0.60733541
272,22,25,1.5938912,32.762578,25.658567,0.0049232847,-0.020360078,0.023571895,0.087163087,0.013139355,-0.0098874684,0.43245779,0.74931521,0.32943344,0.49949872
272,22,30,1.2915804,19.914866,25.579416,-0.048383502,-0.0064812989,0.24770794,0.095704225,-0.073440813,-0.0068337958,0.76345333,0.52825416,0.35670288,0.44786172
272,22,35,0.50181731,178.34953,25.620499,-0.03689199,0.021677412,-0.051138655,0.067059302,-0.0035202614,-0.00077395276,0.3057741,0.35807865,0.30733066,0.42015607
272,22,40,0.72170386,169.96601,25.752611,0.00023409242,0.022489862,-0.023504503,0.068355758,0.0069849048,-0.019841781,0.26082467,0.47044932,0.26850853,0.43946107
272,22,45,2.2535173,113.29965,25.770032,-0.036302688,0.020435192,-0.11734461,0.075780246,-0.044592498,0.03912138,0.55687166,0.63399652,0.30943921,0.51974539
272,22,50,2.4721214,78.19128,25.892564,-0.062768163,-0.018353488,-0.08695878,0.098363184,-0.029861733,-0.13333511,0.58333415,0.87762177,0.33771655,0.57243773
272,22,55,2.5607127,59.426075,25.624269,-0.017187621,-0.052102796,0.010706957,0.0630553,-0.061566294,-0.03162099,0.68481895,0.66345676,0.32014588,0.4514245
272,23,0,2.0566226,54.508645,25.78977,-0.046381828,-0.050733348,-0.030550657,0.074392059,-0.043836457,-0.05118976,0.40882876,0.62358534,0.34841725,0.46093327
272,23,5,1.6399916,63.103322,25.689165,-0.047923658,-0.017208146,-0.02700358,0.092741473,-0.04480794,0.0070025391,0.65966686,0.43177129,0.33514925,0.42953443
272,23,10,2.1900695,68.751902,25.775301,-0.13897187,-0.0085925568,-0.20023907,0.11110131,-0.10592086,0.0013625599,1.0353526,0.53524167,0.35345917,0.51516516
272,23,15,2.3527026,62.786326,25.67336,-0.11638526,-0.026085193,0.021450861,0.07455431,-0.12554015,-0.014320567,0.73058302,0.65634654,0.3859332,0.38002
272,23,20,1.8239997,105.22565,25.550388,-0.077521412,-0.01915911,0.5030181,0.060917001,-0.015128557,-0.013860493,1.0431578,0.72909225,0.33183252,0.36027183
272,23,25,2.2253694,129.39158,25.428297,-0.00098263485,0.016005767,0.39276612,0.048808987,-0.039387985,-0.064023114,0.66830103,0.93696038,0.31505549,0.33213263
272,23,30,1.5462297,139.42663,25.664536,-0.018853508,0.0087540717,-0.063013086,0.045539585,-0.0071255002,0.0164847,0.38355808,0.70335263,0.23425186,0.35089781
272,23,35,1.4756294,133.10425,25.523211,-0.066167357,-0.0053914261,0.15092956,0.023295429,-0.023596728,-0.043896265,0.63715085,0.51376707,0.2875298,0.25372757
272,23,40,2.2689925,113.76056,25.655015,-0.023885319,0.0029292917,-0.083865843,0.030438649,-0.021440151,0.0092323552,0.47225309,0.4635794,0.22817011,0.28362199
272,23,45,1.6783882,69.250913,25.597063,-0.028936494,-0.015728995,0.12952065,0.02992264,-0.052871237,-0.021522912,0.45887103,0.51119495,0.21920494,0.30461939
272,23,50,1.4535463,78.662474,25.577304,-0.026495664,-0.026720783,-0.08015974,0.034845201,-0.0336698,-0.0020916223,0.52380506,0.41787944,0.23831233,0.23203188
272,23,55,1.1272753,23.318071,25.414366,0.0088896304,0.0026323349,-0.0097142479,0.0085489606,0.0019911157,-0.0116123,0.27485919,0.36060307,0.18740251,0.1137703
273,0,0,0.42914617,286.7938,25.387453,0.0031987262,-6.224749e-05,-0.0010447692,-0.00052083244,-0.001145119,0.00089476593,0.16909278,0.10531796,0.098202091,0.032520178
273,0,5,0.32476023,164.54071,25.353638,-0.036037301,0.0084100279,0.0092904831,-0.0044130578,0.0076344592,0.0098553912,0.4677751,0.36575687,0.19579276,0.13289993
273,0,10,1.2206975,32.339919,25.127953,-0.12443692,-0.006197622,-0.067330191,-0.015473477,0.04163333,-0.01108198,0.75452841,0.53473453,0.29354505,0.094011407
273,0,15,1.1898059,30.047278,24.969981,-0.026849633,0.012502641,-0.0030791926,-0.0076976499,0.0068661749,-0.006125233,0.30518423,0.37769353,0.22656209,0.090015801
273,0,20,0.78108993,32.747753,24.96245,0.0048338541,0.018140882,-0.0082436068,-0.0092861459,0.0069957895,-0.020815496,0.30593954,0.46589419,0.24494423,0.11942147
273,0,25,0.6452952,57.918304,24.974298,0.00089235249,-0.012153492,-0.0078700366,-0.0033753329,0.0038218228,-0.006233501,0.20014171,0.31751849,0.17520625,0.088479785
273,0,30,0.75287768,5.4044051,24.705824,-0.0041554307,-0.0076234634,-0.012782348,-0.0044867741,0.026072771,-0.024416296,0.26221032,0.29986734,0.14169521,0.18374729
273,0,35,1.0044006,339.47245,24.642528,-0.0073691616,-0.015106604,-0.031659216,-0.00061840894,0.033534664,-0.092635255,0.34071608,0.43455757,0.17586997,0.31135484
273,0,40,1.2987013,281.68692,24.323337,0.0017428874,0.0090211209,0.0095807322,0.013062511,-0.030444151,-0.0020245117,0.2188799,0.20057659,0.14537441,0.35925033
273,0,45,1.111375,283.94892,24.432461,0.018305994,0.0027597153,0.018584072,0.012655842,0.015790246,-0.013820145,0.48364858,0.21547602,0.17859162,0.34643348
273,0,50,0.84394517,277.0805,24.419452,0.0081433368,0.0009146906,-0.016612361,-0.003318166,-0.01458397,0.00052223887,0.26234012,0.2604679,0.1338528,0.14990013
273,0,55,0.79674785,261.50916,24.477052,0.0047836186,-0.0025314158,-0.0017599612,-0.0016703233,-0.010223885,0.011803299,0.18383845,0.15380345,0.11177647,0.21661268
273,1,0,0.70670029,293.65616,23.73084,0.015357739,0.012515277,-0.032333119,-0.033392295,-0.12447547,0.011622546,0.3554736,0.30067914,0.17413946,0.63037131
273,1,5,1.4260366,283.3398,23.380356,0.012961429,-0.0012482899,-0.011697094,-0.028001203,-0.054985677,0.018445125,0.22415372,0.14374231,0.13961885,0.49655994
273,1,10,1.5356802,278.38609,23.924021,-0.0044109109,0.0099422967,-0.014761169,-9.3320745e-05,-0.04945743,0.029715551,0.26248502,0.20460281,0.14489423,0.35167674
273,1,15,1.4897822,290.93972,23.564477,0.0061701433,0.0017916136,-0.017567839,-0.013684636,-0.12173474,0.027604542,0.27871569,0.20367042,0.10525917,0.57293263
273,1,20,1.2222181,297.32382,23.792734,0.00058032989,-0.0018989908,0.018895374,-0.010842917,-0.097438226,0.0051170946,0.35494318,0.31016042,0.17023939,0.51308023
273,1,25,1.4997507,295.86058,23.293242,0.018954025,-0.0032987572,-0.024061774,-0.010213878,-0.10893357,0.04369468,0.37832244,0.31170644,0.18484852,0.73857096
273,1,30,2.1775328,284.33961,23.508011,0.0027045652,0.014642915,-0.020997855,-0.0044850928,-0.023025752,0.043666083,0.23345815,0.34800368,0.14648324,0.40335294
273,1,35,2.3928518,290.17148,22.991161,0.0089696498,0.008767142,-0.0013565344,-0.012109663,-0.037420672,-0.015960011,0.27687334,0.2551683,0.14955246,0.40643063
273,1,40,2.6352157,294.14091,23.28531,-0.00040157238,0.0027786342,0.0016198366,-0.0029022572,-0.036746249,-0.010276175,0.19453078,0.21518973,0.089717054,0.31322882
273,1,45,2.6812842,290.42682,22.59069,0.0060278478,0.0069903946,0.017761369,-0.015214457,-0.048844193,0.016444333,0.30442377,0.29888666,0.19174739,0.82116401
273,1,50,2.3714641,291.10316,22.792758,0.0016964605,-0.00049382896,0.13912077,-0.0006267313,-0.12411181,-0.12032593,0.46056359,0.51084786,0.19370073,0.69369019
273,1,55,2.6140336,284.29119,22.599133,0.0012877657,0.0060657025,0.0061193412,0.022601877,-0.044582417,-0.02600721,0.30561584,0.31105881,0.21399497,0.64836046
273,2,0,2.6796382,277.44055,22.419782,0.014167753,0.0032404762,0.0075128538,-0.0093757747,-0.022988454,0.0063903708,0.26939141,0.2707785,0.15158314,0.53473642
273,2,5,2.9069691,275.23891,22.46528,0.0043727963,0.0057653275,0.0031261257,0.0022308441,0.0072334526,0.0040394031,0.17263528,0.21379062,0.12181596,0.42439068
273,2,10,2.8146404,274.57129,22.72382,0.0033398204,0.00079336367,-0.01906504,-0.0049591966,0.011272714,0.0074472691,0.24392862,0.18721393,0.12028741,0.34731596
273,2,15,2.7284645,275.63058,22.499146,0.0041031226,0.0091848032,0.021249266,-0.0068211349,0.056779819,0.023513491,0.27867216,0.22139106,0.15282496,0.45532954
273,2,20,2.9785144,273.94942,22.631043,0.0017832058,0.0021083887,-0.0042923729,-0.0054353002,0.0013146115,0.0077371488,0.21400224,0.16171003,0.13244997,0.32064573
273,2,25,3.0601653,275.4936,22.540193,0.0032203401,0.0054424875,-0.012380912,-0.0089282618,0.018090997,0.015231611,0.26240441,0.20183379,0.14595245,0.38513624
273,2,30,3.0586294,275.96876,22.466948,0.0018755933,0.0038123915,-0.003268184,-0.0033694429,-0.0040476312,0.0086862491,0.19088327,0.17736452,0.11559263,0.30533968
273,2,35,2.8365206,277.8206,22.404959,-0.0010098131,0.0039961922,-0.01871757,-0.012341059,0.017182517,0.0090831559,0.27450768,0.20583969,0.16704391,0.37571545
273,2,40,2.8424216,275.6403,22.691837,0.0063263157,0.0012616957,-0.0097515531,-0.010114804,-0.011422372,0.0030785857,0.24123735,0.18312131,0.14909298,0.35565415
273,2,45,2.6038968,279.53938,22.659773,0.0037484466,0.012968673,-0.0015270415,-0.00054989199,-0.02030504,0.077641334,0.27622453,0.28902008,0.16337616,0.80949354
273,2,50,2.5147967,286.91604,22.106396,-0.00024985149,0.00040914806,0.0014907294,-0.018019454,-0.012013158,-0.011612837,0.18745707,0.13680614,0.1041138,0.47450893
273,2,55,2.7535245,293.09963,21.782091,0.00084287202,-0.0023334666,-0.0053430555,-0.012627948,-0.0180485,0.0054990275,0.2224586,0.1876119,0.12762049,0.45814778
273,3,0,2.9248507,287.03103,22.185749,0.0027112985,-0.0010065025,-0.0027900702,-0.0059929206,-0.014483591,0.0081556633,0.20648453,0.16924671,0.097110587,0.49466587
273,3,5,2.8627566,290.01471,22.204859,0.0075551681,0.002192622,-0.010389344,-0.01342035,-0.061263653,-0.002470898,0.28804825,0.18385062,0.12010197,0.40948063
273,3,10,2.6926203,289.41261,21.941429,0.0039381233,0.0010413817,-0.0044621176,-0.0097009636,-0.068206923,0.0064215987,0.25749906,0.15526841,0.1154616,0.50176797
273,3,15,2.7186714,282.90002,22.071964,0.0050202813,0.00073255096,-0.006754737,-0.009566605,-0.056689077,0.017137225,0.22649634,0.15069309,0.095020079,0.4509749
273,3,20,2.9575528,286.96469,21.997077,0.003308094,7.60393e-05,-0.0098760711,-0.0071324858,-0.087201839,0.016329094,0.26279115,0.15472765,0.10842184,0.54547678
273,3,25,3.0649286,286.77763,22.535382,0.0030630237,0.00011537273,-0.0045391707,-0.0045705121,-0.0019595394,-0.01188837,0.18966861,0.15483496,0.092632977,0.30035006
273,3,30,2.8162,284.3943,22.598528,0.0031826286,0.00035808231,0.00093228559,-0.0015036414,-0.0056771279,0.00077769272,0.16634767,0.11942332,0.085651057,0.24259039
273,3,35,3.1225133,283.60269,22.419928,0.0096632947,0.0014948069,-0.0061612903,-0.0031659258,-0.010940337,-0.013370446,0.24485404,0.1433447,0.10885329,0.35222055
273,3,40,2.926124,279.65599,22.210393,0.0016281242,0.0017539649,-0.032906876,-0.0041771573,-0.048791705,0.0070991046,0.25806983,0.22210432,0.09361874,0.39117533
273,3,45,2.5640483,281.74602,22.443456,0.0038154375,0.0028826668,-0.0096644316,-0.0057380749,-0.037844826,0.023550327,0.24312129,0.18134152,0.10724205,0.49767411
273,3,50,2.8532676,292.74389,21.633632,0.0038503888,-0.0001746275,-0.0026563988,-0.013018577,-0.12530438,-0.00065098121,0.28995194,0.16832754,0.10659443,0.6234001
273,3,55,3.0047885,295.97204,21.771867,0.0013111033,0.00092128215,-0.0031365538,-0.0025965449,-0.022715043,-0.0015071354,0.1545806,0.13801686,0.094571724,0.30415442
273,4,0,3.1752601,290.74308,21.945495,-0.00058714796,0.00072548314,0.0016033804,-0.0023066721,-0.012690666,-0.0060884364,0.15679634,0.12869906,0.082540046,0.2568903
273,4,5,3.2549993,283.85214,21.919219,0.00083601213,0.0020784369,0.0050638945,-0.003632924,-0.012899914,-0.011111387,0.14046922,0.12716243,0.079618443,0.26539833
273,4,10,3.0879991,286.62099,21.752227,0.00037131139,-0.00097749734,0.0031355631,-0.002930461,-0.053417588,-0.010818185,0.16911161,0.1432695,0.078191215,0.46395205
273,4,15,3.1557376,289.45426,21.647199,0.0027017347,-0.0016846854,-0.0023078033,-0.0082152741,-0.028222177,-0.013591556,0.20517985,0.1515133,0.093474746,0.36366319
273,4,20,3.3467594,292.09459,21.469008,-0.00033063455,0.00070276366,-0.0019690674,-0.0030159726,-0.021264351,-0.01900904,0.15933179,0.16861383,0.075452669,0.34329445
273,4,25,3.2362144,292.04464,21.869388,0.0017466542,0.0017372714,0.0020979737,-0.0060437918,-0.017887847,-0.0035980474,0.17389672,0.13098698,0.090447705,0.27188232
273,4,30,3.4391594,288.52241,21.736085,0.002591501,-0.00012079088,0.00076223081,-0.0065509761,-0.022038314,-0.0003302828,0.18626763,0.12989519,0.091836506,0.35614174
273,4,35,3.3812201,295.04627,21.611446,0.0018888306,0.0011509579,-0.0050505717,-0.0040802678,0.00010570186,-0.011293513,0.16031208,0.18111039,0.086589569,0.31359656
273,4,40,3.3031783,293.06885,22.038895,0.00063283699,0.00012438691,-0.00057617898,-0.001569006,-0.01072048,-0.0060223819,0.15246025,0.14257871,0.089179055,0.2582227
273,4,45,3.5171482,285.54007,21.973647,0.0027118642,0.00086305299,-0.0059110911,-0.0030919549,-0.016649989,-0.008657573,0.19483541,0.15256657,0.085497928,0.30077889
273,4,50,3.2560552,283.08504,21.791238,0.0018164038,0.0032494724,0.0028273582,-0.0048870773,-0.011950129,7.3302772e-05,0.16453045,0.14345332,0.099430638,0.32692324
273,4,55,2.928176,288.80603,21.833255,0.00038556052,0.0019455121,0.0054068533,-0.0027315474,-0.025747721,-0.013578888,0.17150358,0.15407712,0.093272829,0.36536452
273,5,0,2.7700555,296.02137,21.621413,0.0034956775,0.00025973458,0.0097755668,-0.0090085022,-0.037460012,-0.013800272,0.22842026,0.17233484,0.10735957,0.42738971
273,5,5,1.5591905,315.5573,21.358494,0.014934387,-0.013246602,0.039995925,0.00078625968,-0.1140601,-0.091726642,0.40733459,0.36363859,0.17758433,0.89431749
273,5,10,1.6638192,287.99327,21.57918,0.012705808,0.005038721,0.027352717,-0.015683045,-0.13601651,-0.027572856,0.43609918,0.24929486,0.18892066,0.56342557
273,5,15,1.6825246,272.23114,21.068817,0.0056426403,0.0026675474,-0.036673703,0.0024949525,-0.028477038,0.014055332,0.29182107,0.22166015,0.12982698,0.46786368
273,5,20,2.257935,293.76697,20.660118,-0.001903066,-0.0079188941,0.019692834,0.0011202249,0.037406541,-0.0052886261,0.28902126,0.18499559,0.1195899,0.80141967
273,5,25,2.3662896,292.96325,20.726661,0.0011395058,0.0021891585,0.0021238364,-0.0073361548,-0.034594625,-0.042433597,0.22709187,0.16483365,0.084765007,0.50847659
273,5,30,2.1434929,285.67437,20.150912,0.0090916671,0.0031377638,-0.019845191,-0.035543913,0.073345147,-0.014855842,0.30543569,0.20995973,0.13826928,0.8619916
273,5,35,1.2960933,298.80027,18.915864,-0.016462544,0.012199671,-0.13938465,-0.0075558498,-0.044529921,0.0076146917,0.58319596,0.43054146,0.16498839,0.29726466
273,5,40,1.9163185,288.1878,19.938216,0.0032947087,-0.00039716333,0.01839,-0.0042886533,-0.037944273,-0.0071300377,0.26919246,0.18170548,0.10217793,0.35610615
273,5,45,2.5481582,283.93108,19.668745,0.00048633707,-0.00047705529,0.00054847674,-0.0042808168,-0.054245717,-0.0053487063,0.22970725,0.14402946,0.080188588,0.52079807
273,5,50,3.0438662,283.34458,20.037123,0.0018072231,0.00085282251,-0.013795141,-0.003458662,-0.068467023,0.03689949,0.21817316,0.15412885,0.084949737,0.50854562
273,5,55,3.5144867,279.26052,20.816127,0.0038838377,0.0023906134,-0.0025573112,-0.011999706,0.024623916,-0.015940844,0.2446119,0.13722241,0.10464849,0.5260125
273,6,0,3.371546,281.74694,19.723506,-0.0091018825,0.001098005,-0.052721094,-0.015967809,0.1060493,-0.016917303,0.3746045,0.28696003,0.1236288,0.64118579
273,6,5,3.7087631,292.12656,20.437265,0.0017297995,-0.0056439216,-0.0037765641,-0.0080061756,-0.0037295546,0.0052474913,0.22441486,0.23630906,0.14261533,0.37037821
273,6,10,3.5383087,286.8646,20.622202,0.00074937852,0.0027906915,0.00032003223,-0.0073063009,0.0063565255,0.011456721,0.2392916,0.20736577,0.12001616,0.49371912
273,6,15,3.8128337,286.30757,20.851336,-0.0015054239,0.0094677743,0.0029299878,-0.01421766,-0.0079837715,-0.012897469,0.25583427,0.23388384,0.16687054,0.34522899
273,6,20,3.9828674,284.99432,20.988499,-0.0010970642,0.013019416,-0.011162679,-0.010881723,0.0013998003,-0.014605482,0.28434999,0.28799081,0.17771915,0.30312453
273,6,25,3.7857239,282.34644,20.460388,-0.0026615374,0.016186594,-0.051193634,-0.016989596,0.067328467,-0.051085298,0.44354757,0.350872,0.1967863,0.37874746
273,6,30,3.853809,285.56164,20.764789,-0.0024432694,0.010119974,-0.00027001521,-0.014999743,0.029962756,-0.024810258,0.24885037,0.26410256,0.16181471,0.42955544
273,6,35,3.8477787,278.63959,20.827299,0.0017029757,0.011293767,-0.038608852,-0.023850271,0.033688815,-0.016070935,0.366599,0.33064008,0.186782,0.48402321
273,6,40,3.8907817,278.24704,20.745722,-0.0042830257,0.017530888,-0.0051611979,-0.013888857,0.027275634,-0.025746491,0.30088708,0.30644182,0.18568941,0.37248192
273,6,45,3.9435226,279.1631,21.186681,0.00077217266,0.0076788331,-0.021665449,-0.0091407307,0.022722341,-0.037418271,0.29181606,0.29260132,0.15621407,0.46193719
273,6,50,3.756483,276.82994,21.337622,0.0049309927,0.0077921663,-0.013438527,-0.013492385,0.010349467,-0.010884459,0.2806615,0.24347021,0.14844676,0.3630538
273,6,55,3.3937016,276.42683,21.576767,-0.0071192871,0.012012058,-0.047712382,-0.024264,0.027531486,-0.020639029,0.36993286,0.32011935,0.2042858,0.43783639
273,7,0,3.3005004,285.21969,21.49684,-0.0018353604,0.0045127989,-0.0058257204,-0.0095017232,-0.027209867,-0.0030124018,0.24690578,0.20641491,0.12794193,0.41228822
273,7,5,2.5292689,289.98417,21.140152,0.0016780897,0.0014506978,-0.093745696,-0.0053513844,-0.11813636,0.055493681,0.44414013,0.32805737,0.12605913,0.4426388
273,7,10,0.97007704,278.20771,21.884562,0.01059592,-0.0058222662,-0.043183088,-0.012732674,-0.030078803,0.013516268,0.28899104,0.2976269,0.15354242,0.31438495
273,7,15,0.95797278,279.69314,21.35974,-0.0015751536,0.0072458758,-0.016842607,-0.033111014,-0.042300395,0.010444057,0.29250657,0.23417518,0.15573971,0.64923706
273,7,20,3.190699,297.45018,20.342575,-0.0040349813,-0.0065817414,0.0013312424,-0.013983639,-0.0077620909,-0.013544487,0.36137732,0.26205104,0.20067431,0.35877195
273,7,25,2.6781201,276.66764,20.81556,-0.01332528,0.00045961128,0.0045582361,-0.026188731,0.057430525,0.064528801,0.28211422,0.30562172,0.1634983,0.51031491
273,7,30,3.4749638,250.04487,22.136388,-0.0048858574,0.0010850459,0.016445864,-0.014537408,0.072253892,0.014325219,0.30664471,0.23120287,0.15325833,0.4007791
273,7,35,3.8005379,245.86709,22.719814,0.00097113902,0.0012741273,0.0032859335,-0.0055392234,0.015366325,0.0052072145,0.17090941,0.16021938,0.12073672,0.32665596
273,7,40,3.3823542,247.91461,22.784714,0.0012058545,0.0044645956,-0.0053727129,-0.0057473685,-0.01438526,-0.0032708202,0.21713491,0.21617473,0.11468103,0.38547383
273,7,45,3.1851014,251.19112,22.90435,0.0012851241,0.0031174504,-0.0041412082,0.00070891864,-0.019613057,0.021548324,0.20336256,0.21991427,0.12234356,0.37540322
273,7,50,3.4415979,254.6152,22.692265,0.0061312692,0.0013824013,0.013201815,-0.016477455,-0.047962489,-0.04874612,0.28035372,0.29643208,0.15007099,0.61604315
273,7,55,3.0449817,253.37457,21.632446,-0.016031219,0.010614146,0.031448029,-0.03030496,0.18093466,0.063809739,0.39441768,0.32924542,0.15854702,0.75464589
273,8,0,3.3009636,262.55522,20.729842,-0.0046712991,0.003370301,0.044409324,-0.019642895,0.2026197,0.095115297,0.40375829,0.26721584,0.14053992,0.81048637
273,8,5,3.2187617,261.11356,21.795297,-0.0025378802,0.01147734,-0.033313468,-0.012153625,-0.055347769,0.12413871,0.25918702,0.38852607,0.13934214,0.84799161
273,8,10,2.7449071,260.0874,22.483038,0.0073753062,0.0084077857,-0.09270779,-0.021300724,-0.048927105,0.063583216,0.45733547,0.45900902,0.16168556,0.79697825
273,8,15,2.8192549,260.19818,22.695484,0.0072853402,0.0077216595,0.024858952,0.0049019817,0.066085316,0.02188716,0.3049382,0.23687575,0.10645493,0.46881666
273,8,20,3.6856339,244.98688,22.493222,-0.0031950595,0.0015512708,0.013940944,-0.016406324,0.049211594,0.026816648,0.49255329,0.31925885,0.2173708,0.47950372
273,8,25,4.0612929,241.10695,21.578581,0.0045100775,-0.0058379387,-0.0086181675,-0.017085589,0.051174963,0.013952125,0.46246704,0.35604758,0.26123933,0.31597346
273,8,30,4.3899141,243.2878,22.093527,-0.0047412078,0.0033703114,0.0046444341,-0.014690577,0.039302349,0.013777102,0.3919904,0.28639008,0.23119591,0.28600246
273,8,35,4.3110123,241.66283,21.979885,-0.030219223,0.0018512272,-0.072984676,-0.034422986,0.11835588,0.0044774862,0.65514109,0.38871922,0.29642751,0.36788588
273,8,40,4.0300772,237.5545,21.833732,0.0030702085,-0.018778099,-0.079897001,-0.030195118,0.10207694,0.0040774924,0.75631649,0.4925643,0.3474119,0.33309626
273,8,45,1.9016849,220.31228,21.273164,-0.012828679,0.018531488,-0.13670285,0.00016308734,0.14635221,-0.083263377,0.52173264,0.56322377,0.28501558,0.56097662
273,8,50,0.78390099,76.767895,18.48861,-0.013393082,-0.0013794475,-0.0079045568,-0.012507945,0.08280697,-0.0089561108,0.28230759,0.16767477,0.11543421,0.39129399
273,8,55,0.18588561,186.53085,18.449743,-0.0015986128,0.0080483049,-0.029549372,0.0030769565,-0.048612086,0.07238158,0.20396065,0.2416306,0.10894557,0.39845918
273,9,0,0.24740641,195.4299,19.112825,0.0012437907,-0.00060232595,0.0027655708,0.0014268291,0.003337206,0.0137282,0.091317047,0.12261094,0.062529108,0.21010292
273,9,5,0.49567872,279.06718,19.368878,0.003679551,0.0017445463,0.0045866499,-0.002697201,-0.001894019,0.017299575,0.10563312,0.16762633,0.06393354,0.16087498
273,9,10,0.70011361,309.71304,19.944519,0.0078003947,0.0019586927,0.0061121616,-0.0032580383,-0.019966462,-0.0047812459,0.2158563,0.15647412,0.12387296,0.19576234
273,9,15,1.1207378,275.19695,20.554515,0.013241497,0.0011536136,0.0080134621,-0.0090113378,-0.035889854,0.023665946,0.3640353,0.3587748,0.12802216,0.52623402
273,9,20,3.5597126,248.33378,21.500779,-0.037140378,0.0059532613,0.0023334076,-0.021620019,0.096486873,0.011310239,0.56640718,0.34820575,0.23854565,0.32440729
273,9,25,3.8117104,249.71379,21.148954,-0.015422122,-0.00083738109,-0.012118029,-0.026680213,0.085276207,0.0062893076,0.5376529,0.38783128,0.28847057,0.30215047
273,9,30,3.7774934,248.69999,21.1193,-0.027549373,0.015726426,-0.0076700799,-0.023271033,0.089264672,0.023538131,0.55156487,0.47741064,0.30002518,0.31706672
273,9,35,3.9020086,254.99051,21.312688,-0.017986483,0.0023650993,-0.032889656,-0.02316143,0.085835802,-0.018702213,0.64170967,0.55032428,0.32926568,0.27656921
273,9,40,2.3614186,283.56021,20.674865,-0.030782356,-0.0075809657,0.051753955,-0.023446124,0.087385178,0.074854632,0.48478813,0.44113054,0.22925141,0.40961176
273,9,45,1.3118994,276.3637,19.66892,-0.02639096,0.0041839295,-0.15455276,-0.017449272,0.31577319,-0.21067717,0.57984705,0.49914907,0.20709209,0.76155178
273,9,50,1.3091453,325.7036,19.728587,-0.0074077516,-0.020566946,-0.091580053,0.0031245881,0.025783474,-0.14057571,0.39712953,0.64947561,0.19861895,0.49785048
273,9,55,0.87327016,280.30964,18.770984,0.012555428,-0.014745713,-0.016404041,0.056014739,0.079752948,-0.15887713,0.30860428,0.37187946,0.20027069,0.93180175
273,10,0,0.49777273,274.10775,19.153821,0.0056954442,-0.0052845468,-0.028337861,-0.0048435829,-0.04894015,0.022511601,0.30344266,0.22788414,0.095543343,0.28070148
273,10,5,1.5516715,303.95175,19.682424,0.019480957,-0.0050263126,-0.033570463,-0.014698003,0.0090378461,-0.050164584,0.28677129,0.31456842,0.19101852,0.49666198
273,10,10,1.8655261,296.08808,20.052337,0.019945439,-0.00083137471,0.01170642,-0.02764664,-0.13600949,-0.02010058,0.47696305,0.29631086,0.20034645,0.57044204
273,10,15,2.5678045,294.65457,19.716333,0.0065831119,-0.0036322589,-0.037677526,0.0050843067,-0.0068683132,0.041474639,0.25704102,0.3120663,0.12753092,0.60016588
273,10,20,2.4723043,298.55249,19.880927,0.0059283118,-0.0040617846,0.0044771098,-0.0058290718,-0.027135453,-0.012753805,0.24693597,0.17543578,0.14622626,0.5917945
273,10,25,2.7344658,292.29635,19.626246,-0.0045327524,-0.0033140748,0.01773427,-0.0081413705,-0.0087066351,-0.010995263,0.21626879,0.24247837,0.099807896,0.5898448
273,10,30,2.7511205,296.44735,19.295859,0.0054429022,0.001847095,-0.037724446,-0.022992034,-0.07717856,-0.0059600438,0.33710427,0.30804582,0.12971016,0.60271486
273,10,35,2.7576128,296.06841,19.324817,-0.00023004751,0.013919673,0.0046645551,-0.013860186,0.040507256,-0.030538149,0.37446133,0.25504052,0.16393352,0.65661651
273,10,40,2.8018467,287.36184,19.332098,6.3368583e-05,0.0028189297,0.0053183564,-0.0051626245,-0.013451935,0.0035756649,0.18029902,0.21907407,0.09218846,0.37312655
273,10,45,2.5703508,281.62442,19.498227,0.0024617127,-0.0013550719,-0.013375262,-0.0046407528,-0.037177756,-0.0029420369,0.24361188,0.17744418,0.08491317,0.36826476
273,10,50,2.7482576,288.27005,19.050462,0.0047654451,-0.0023506669,-0.010904938,-0.0062174155,-0.019326414,0.010468505,0.1922406,0.1552783,0.1031115,0.28886496
273,10,55,3.1536998,289.88208,19.23808,0.0032921805,-0.0011279466,0.0051860804,-0.0043568635,-0.01605929,-0.0018119775,0.18632473,0.13868505,0.10617547,0.30927007
273,11,0,3.1846829,289.65194,19.025008,-0.00014845809,-0.00058639776,-0.010400647,-0.0034228276,-0.03343378,0.00026497955,0.21735022,0.15345588,0.090948214,0.45267162
273,11,5,3.0516466,285.43434,19.72157,0.0038582986,-0.0010048765,-0.004046214,-0.010929982,-0.035428902,0.0066336472,0.25412067,0.18342928,0.10611337,0.37146728
273,11,10,3.0152918,293.02066,19.671985,0.0019886262,9.6810277e-05,0.0026163717,-0.003739954,-0.021880099,-0.0034205624,0.15208307,0.13953112,0.087549829,0.29378087
273,11,15,3.1840502,299.79334,19.830985,0.00056020782,-0.0015558469,-0.0036370666,-0.0060310504,-0.030470639,0.0046078013,0.20283692,0.15978595,0.0938049,0.38096327
273,11,20,3.1759267,298.2053,19.607562,0.0029499236,0.00022953873,0.00096279564,-0.0014620592,-0.057139962,-0.015089838,0.22202785,0.18252525,0.11152061,0.5558791
273,11,25,2.8062936,291.6711,19.201484,-0.0013018296,-0.0027643118,-0.023357431,-0.0016290743,-0.014917902,0.0019909056,0.21389708,0.22654079,0.10431482,0.46765176
273,11,30,2.5793992,296.91009,19.526381,0.016886318,-0.0092948205,-0.022247891,-0.015224995,-0.058321849,0.0098463701,0.29588185,0.35013468,0.17535213,0.74948772
273,11,35,1.2336767,262.94067,20.436509,-0.0063839563,-0.0033943902,-0.047060801,-0.018276409,-0.029950115,0.12857325,0.36933092,0.39040723,0.23190746,0.5841892
273,11,40,1.2196796,252.25471,19.932883,-0.0049190202,0.0012378983,-0.010955403,-0.020012079,0.00058406405,0.10696312,0.27461441,0.33002964,0.19299397,0.69214991
273,11,45,1.314049,245.69175,20.424404,-0.044132695,0.015264259,-0.079471451,-0.015161554,0.081862402,0.12192228,0.61831559,0.49837437,0.29032799,0.51140554
273,11,50,1.8532508,231.07682,20.88678,-0.11906884,-0.023155835,-0.02961962,-0.093344643,0.32440696,0.058508731,0.8389831,0.54239522,0.35378602,0.61748144
273,11,55,3.6751605,243.40789,21.187851,-0.034448827,0.020714479,-0.080198388,-0.032018244,0.073181286,0.028082772,0.68739816,0.54139134,0.36958308,0.31225046
273,12,0,3.3768147,252.38733,20.890925,-0.014083614,0.00084440222,-0.023388436,-0.022598551,0.063768774,0.003948365,0.51649138,0.41442725,0.26633556,0.30458384
273,12,5,3.3475445,250.26122,20.89251,-0.030979875,-0.0094336914,0.005204371,-0.034848681,0.08022658,0.025134577,0.5440379,0.44136639,0.30676132,0.32976621
273,12,10,3.7627574,249.2187,21.041851,-0.07971316,0.017934918,-0.082474244,-0.044843078,0.13234064,-0.011401488,0.6975735,0.50353792,0.360685,0.31406735
273,12,15,3.8354669,255.00998,21.027348,-0.044771557,-0.0047826731,-0.023150985,-0.040909592,0.099645759,-0.01576943,0.61500469,0.5279688,0.35111961,0.33312296
273,12,20,3.2139336,267.32203,20.715683,-0.030091517,-0.0082244399,0.043229007,-0.026229505,0.093280688,0.076287241,0.54935049,0.54062277,0.27636843,0.34762768
273,12,25,3.2112625,296.59636,20.628667,-0.0060106367,-0.0057330822,0.027478511,-0.011682493,0.024303357,0.021309075,0.26802339,0.27499505,0.1301756,0.30586651
273,12,30,1.6279101,6.7403032,20.011297,0.0099728566,-0.023181436,-0.12704334,-0.0042523853,-0.064556777,0.062119522,0.33822442,0.60453246,0.14123653,0.46651165
273,12,35,0.91097613,315.04967,20.192674,-0.0019308266,-0.0068149494,0.036920374,0.0059711461,0.0032434185,-0.03145962,0.23665379,0.30136604,0.13305706,0.33752551
273,12,40,1.2219898,284.46393,19.198719,-0.0034917147,-0.0037494433,0.017145366,-0.0014694553,0.024315456,0.099946697,0.28414591,0.3013978,0.13482027,0.72519391
273,12,45,1.953777,282.96869,19.131855,0.00029120026,0.00013102936,-0.024636073,-0.011430149,0.14198139,-0.097373685,0.2823116,0.31343786,0.10998011,0.82553366
273,12,50,0.95640985,276.20677,17.999193,0.0133431,-0.015525933,-0.057226038,0.01199585,0.033892186,-0.041486237,0.30864199,0.31256441,0.20872051,0.56379822
273,12,55,2.1251103,305.82518,19.693909,-0.0053872003,-0.014490978,0.11996236,-0.0090141188,-0.038940741,-0.087744754,0.3459998,0.52492557,0.15855839,0.66382424
273,13,0,1.609028,301.34944,18.563869,0.0080552115,0.0022898161,0.073393381,0.0049472319,0.23733159,0.14815824,0.39627295,0.32347498,0.16121912,0.90834778
273,13,5,0.46585367,138.52964,16.198824,-0.0052956377,0.0062846994,0.022064701,0.0047414554,-0.13060486,-0.013999581,0.37220321,0.25451891,0.10135938,0.51422254
273,13,10,0.33800945,183.77796,16.853142,-0.00099136672,-0.0053987525,0.028965183,0.0023814627,0.026987792,0.035799086,0.19879183,0.23471477,0.1201136,0.35737535
273,13,15,0.39695313,235.43411,16.342544,0.0063991268,-0.0089180149,0.0060855136,0.0043409051,0.01960405,0.043499364,0.21973279,0.36393503,0.1588208,0.39084337
273,13,20,1.2465054,274.17803,17.17093,-0.0027319607,0.0076053981,-0.021057014,-0.0036939823,-0.022659138,0.05052896,0.22372398,0.24218142,0.11607613,0.55118781
273,13,25,1.5376672,288.93518,17.053105,0.0040496833,-0.0062157268,-0.013860913,-0.00080142635,-0.13223597,0.016987467,0.28202756,0.2231595,0.18269928,0.78133066
273,13,30,1.4526869,268.87571,17.192413,0.01066245,-0.010087852,-0.050244571,-0.0092203261,-0.072898575,0.013032639,0.46134252,0.27654165,0.14276504,0.36245465
273,13,35,1.6519567,296.98068,17.087896,0.011507497,-0.010021894,-0.0027882783,0.00096618251,0.021246569,-0.11111933,0.29992966,0.2567276,0.13188025,0.91409865
273,13,40,1.4724344,225.17696,18.733462,-0.086099064,0.056169138,-0.36770996,-0.027506571,0.001239809,-0.018772522,0.9940948,0.7297555,0.40608047,0.4090419
273,13,45,1.4061881,167.96319,18.31775,0.030545003,0.0084705779,-0.054272397,-0.01288642,-0.030181186,-0.068891063,0.52037314,0.83346628,0.33347046,0.27829548
273,13,50,1.3830094,140.45363,16.973001,-0.0022905447,0.00068640545,-0.01268257,-0.0044042971,0.024350964,-0.031025281,0.19733481,0.41166254,0.094635164,0.24298571
273,13,55,0.58286515,149.72352,16.878018,0.00018042415,0.0050934171,-0.0038053321,-0.0057418278,-0.0037253854,-0.011824236,0.25053777,0.17159322,0.1043434,0.25727567
273,14,0,0.40482258,171.87172,17.420157,-0.10932543,-0.00054621865,0.021560788,-0.058078203,0.1406033,-0.025262084,0.56637599,0.33899757,0.28118445,0.42184161
273,14,5,3.9159051,234.2023,18.692165,-0.075767123,-0.0033871267,-0.19767054,-0.012390709,0.021700151,0.016899879,0.96187204,0.75134113,0.51318714,0.14799977
273,14,10,4.6696278,241.29064,18.666762,-0.099767476,-0.026544888,-0.22476597,-0.0033711155,0.0022388438,0.019312572,0.99857517,0.73726982,0.56513032,0.12644578
273,14,15,4.1748135,241.24842,18.772286,-0.14458734,-0.021541173,-0.070377293,-0.00057583639,0.0083181183,0.03613394,1.0356312,0.71809975,0.50905118,0.14016042
273,14,20,2.7464205,225.10687,19.176902,-0.094774935,-0.02740757,-0.48158952,0.006995717,0.12481384,-0.07080429,1.1352055,0.82657609,0.50861556,0.27282157
273,14,25,0.55472788,79.446717,18.271454,-0.10865529,-0.031821447,0.10109811,0.0026125619,0.009425483,0.018711771,0.54968759,0.4137047,0.2637761,0.14302884
273,14,30,0.88572752,134.65185,18.347685,-0.0065843781,-0.0023015619,-0.012308938,0.00868704,-0.0092284016,0.0022677201,0.28371215,0.25914251,0.15243667,0.13095251
273,14,35,0.47869793,137.4844,18.275541,-0.034484806,-0.022133204,0.07794915,0.02150314,-0.043888349,-0.027305201,0.41148028,0.30503423,0.17651499,0.1774508
273,14,40,0.39934338,169.74366,18.621434,-0.012389469,-0.0017105618,0.057812724,0.014778579,0.021830326,-0.01872085,0.53253298,0.3860721,0.23775653,0.32841821
273,14,45,4.2804422,237.70722,19.620854,-0.15914575,-0.027047702,-0.33726299,0.046381848,-0.16979322,0.056435838,1.2333014,0.80875313,0.62340349,0.28852818
273,14,50,5.6249868,232.07956,19.065042,-0.032690482,-0.089503774,-0.21090375,0.036721547,-0.10236926,0.038202519,1.3802024,0.94165572,0.58354308,0.33223456
273,14,55,6.3305184,232.28001,18.809827,0.074998178,-0.089636811,-0.3205764,0.01771925,-0.11601828,0.076533966,1.3936874,1.052924,0.58494429,0.34445983
273,15,0,5.3407793,227.75231,19.125323,-0.099899187,-0.068408858,-0.11000319,0.043646451,-0.049309047,0.034280995,1.1875074,0.99229592,0.62491006,0.30994338
273,15,5,5.4116037,228.22699,18.774159,-0.056428301,-0.10291371,-0.2474782,0.050402483,-0.038711844,0.002478591,1.1998523,1.1084635,0.6691234,0.32597235
273,15,10,5.0282585,228.06218,18.955531,-0.23442826,-0.0025379331,-0.27047837,0.070583911,-0.14506013,0.018092579,1.3665196,1.0366297,0.66154412,0.3457614
273,15,15,5.2669807,232.43606,19.299333,-0.033859319,-0.049730782,-0.46036434,0.039457441,-0.046455919,0.059373196,1.3894889,1.0007727,0.62210628,0.3091516
273,15,20,4.7323668,234.9587,19.795297,-0.088298339,-0.0023181959,-0.39308699,0.051338249,-0.14508986,0.043003898,1.2709592,0.90296953,0.6014154,0.33775464
273,15,25,4.5324771,238.0884,20.416957,-0.10425719,-0.0062696956,-0.3946078,0.03638549,-0.1377742,-0.014292299,1.2516127,0.85160861,0.53787204,0.39952472
273,15,30,3.8775859,239.22558,21.128513,-0.16257421,0.017405892,-0.32954692,0.040068124,-0.098176239,-0.005577431,1.2158512,0.79396154,0.50449228,0.40608376
273,15,35,2.2507336,23.943933,20.440977,-0.068254869,-0.012344405,-0.034257775,0.070228087,-0.19118434,0.0078821468,0.85699093,0.58880242,0.42647521,0.4025134
273,15,40,2.5501739,34.925451,19.821577,-0.097392823,-0.011524175,0.0918141,0.072379211,-0.13319361,-0.033343068,0.66251315,0.69735851,0.37265378,0.40554041
273,15,45,2.2699517,59.756809,19.800253,-0.071036542,-0.047204717,-0.010320039,0.079251787,-0.13989059,-0.034230507,0.5528131,0.59723198,0.30526845,0.44182174
273,15,50,2.1763572,75.663083,19.586248,-0.029986672,-0.019561672,0.077951102,0.065384689,-0.045518825,-0.002431699,0.4935135,0.45018748,0.29751769,0.46075859
273,15,55,1.2798014,71.626138,19.504922,-0.0097576287,-0.0023821797,-0.037194334,0.11664576,-0.03619106,0.01475947,0.36891102,0.30308955,0.28937829,0.57372518
273,16,0,1.1737182,86.755837,19.253264,0.021091897,0.0015106308,0.023343789,0.057825476,0.0059406434,0.031262987,0.5013404,0.27071458,0.26088923,0.4602856
273,16,5,1.0428781,128.37917,19.401595,-0.0069576832,0.038336233,-0.0014470415,0.10320283,-0.0130416,0.057302911,0.35169787,0.4295101,0.30250252,0.57297768
273,16,10,1.5504733,102.15651,19.582973,-0.0087231073,-0.023269174,-0.0078677492,0.11015361,-0.0133794,-0.029324435,0.36871356,0.36510567,0.31417322,0.56108244
273,16,15,1.0586475,108.13242,19.688508,-0.1408105,0.042426274,-0.18238369,0.16434619,-0.1897372,0.055322247,0.65569259,0.49646105,0.34515203,0.64228648
273,16,20,1.4205926,96.53193,19.660979,-0.0010801205,-0.0011185101,0.034246717,0.087508188,-0.0074871581,-0.018323025,0.58267355,0.33470563,0.28453001,0.49531785
273,16,25,2.0260495,97.167389,19.580975,0.0012567809,-0.0044493076,0.030441134,0.065895286,-0.066153133,0.0017814093,0.71154873,0.32773388,0.26775446,0.4615017
273,16,30,1.5058902,101.39503,19.789176,0.016677488,9.9912834e-05,0.11607594,0.11277242,-0.012001056,-0.021912935,0.59332552,0.42362716,0.31747052,0.56112691
273,16,35,1.6647564,97.106337,19.847067,-0.026280925,-0.02005062,0.062188499,0.17723906,-0.1032926,-0.033459772,0.53641008,0.39102369,0.37667558,0.69437938
273,16,40,1.6603503,107.91798,19.810003,0.0019285407,-0.016486648,-0.026108332,0.11072899,0.011253943,0.022127439,0.49098629,0.44666081,0.31767845,0.59929909
273,16,45,1.8740894,67.32395,20.264148,-0.053203953,-0.018361809,-0.013121331,0.12417645,-0.10130517,-0.065662237,0.60656489,0.67807876,0.33286106,0.67199977
273,16,50,1.9300531,82.821432,20.076727,-0.033675441,-0.033469028,0.035923549,0.10305683,0.00013625863,-0.012358397,0.57850965,0.49047449,0.36618475,0.56429984
273,16,55,1.9392605,88.152669,20.25441,-0.044226535,-0.039066705,0.14641348,0.19356432,-0.026744131,0.059913369,0.60433456,0.5740783,0.42316503,0.76861327
273,17,0,2.0423065,90.871373,20.322609,-0.095290644,-0.041243345,0.053863144,0.21011769,-0.1320738,-0.060185991,0.51589521,0.48220648,0.4582973,0.73277928
273,17,5,1.2894206,97.890449,20.684103,-0.094256167,-0.0037890153,-0.17819771,0.14455747,-0.068559676,-0.109257,0.83487371,0.60492596,0.37358461,0.74780134
273,17,10,1.8134819,159.36426,20.431749,-0.034725228,-0.0021395788,0.06555686,0.12079648,-0.10999668,0.041340314,0.6637604,0.59925385,0.30940178,0.66689986
273,17,15,1.7982373,159.54866,20.513997,-0.053618032,-0.029278669,0.15568796,0.1127059,-0.095855219,-0.030918618,0.57796247,0.52518835,0.36602802,0.60370538
273,17,20,2.0687278,124.01791,20.633143,0.056928814,0.022337554,0.10322495,0.13247492,0.051299617,0.031892647,0.71811009,0.37839438,0.35540278,0.64643961
273,17,25,1.4598715,110.4956,20.73473,-0.032335432,0.018327354,-0.092849021,0.15501953,-0.0023273441,0.0076829421,0.58767769,0.50859014,0.38974727,0.64446287
273,17,30,0.93828144,128.51797,21.155557,-0.0018943947,0.035208293,0.070595693,0.1182423,-0.053686773,0.0027640486,0.51671234,0.62459067,0.35517082,0.67253434
273,17,35,1.6605041,103.08165,20.900722,0.061875859,-0.030804794,-0.095503967,0.21321388,0.10453552,-0.055522649,0.49898867,0.47984962,0.41621976,0.72455507
273,17,40,1.9773602,112.63872,21.094418,-0.0068728657,0.0025997212,-0.079961277,0.22940676,-0.024315324,-0.015705549,0.5362298,0.74318688,0.36485605,0.91997833
273,17,45,1.1283088,116.7444,21.389524,-0.087074221,0.032180957,-0.043321652,0.21167647,-0.19487045,0.043554755,0.64548982,0.57809335,0.39466073,0.8157319
273,17,50,1.687525,121.37502,21.580513,-0.16903776,0.089657621,-0.15961023,0.26478751,-0.37492476,0.16554717,0.82267694,0.49930617,0.41818585,0.92820119
273,17,55,0.52109683,145.56174,21.803248,-0.037641764,-0.00037073613,0.17571984,0.12615632,-0.033802414,0.0036453083,0.70779841,0.47054799,0.36580044,0.65095667
273,18,0,1.8585001,120.58258,21.648365,0.028510084,0.033630518,0.11239491,0.14910247,-0.02236194,0.058369347,0.66765388,0.41687337,0.36658989,0.65736312
273,18,5,0.98674527,63.43639,21.57643,0.041800968,0.0160841,-0.078401622,0.089002424,-0.0059627087,0.059647602,0.63860666,0.50947436,0.38527016,0.45036966
273,18,10,1.5575397,96.429747,21.994299,0.096961288,-0.049277486,-0.08759111,0.16722998,0.082955981,-0.061430701,0.65019653,0.4355518,0.382926,0.66262033
273,18,15,1.1232513,144.57915,21.882349,0.011928658,-0.00067799925,-0.055021779,0.084640335,-0.061219898,0.029359149,0.53233092,0.48950135,0.40058599,0.41966339
273,18,20,1.2036071,113.46009,22.839256,-0.020085864,0.043783509,-0.084576197,0.19140499,-0.12309466,0.1475064,0.54233963,0.5139912,0.36989913,0.83835509
273,18,25,1.4208889,101.00156,23.175459,-0.043592109,-0.013528,0.098765256,0.19114467,-0.12987964,-0.16280706,0.5875896,0.56098042,0.34135432,0.93268092
273,18,30,1.8874806,91.151915,22.811972,-0.0045104817,-0.0010029244,0.026391306,0.14862344,-0.010019562,0.012001567,0.72359429,0.39123386,0.33960158,0.74384484
273,18,35,1.077539,145.95191,23.08076,0.038590021,0.07538312,0.096421638,0.15475928,-0.01265782,0.087831502,0.69170142,0.85932908,0.34603154,0.82072764
273,18,40,1.4850186,55.010201,23.176721,-0.090760756,-0.090665562,0.40052316,0.23099983,-0.050471967,-0.00088158874,0.62178868,1.2220388,0.45195232,0.89131467
273,18,45,1.4759982,100.28778,23.42093,-0.014070435,-0.053525396,-0.10786101,0.23207575,0.076513342,-0.12394121,0.65084961,0.48757934,0.4487016,0.84847098
273,18,50,1.8686713,57.348413,23.05022,-0.00036324128,-0.014943449,-0.20163066,0.16504849,-0.0040029531,0.0056211475,0.63530891,0.68116071,0.4124692,0.65579945
273,18,55,1.1327913,90.63318,23.134202,-0.10254411,0.054948208,-0.64033587,0.11841242,-0.11483202,0.098612475,0.85840714,1.0019642,0.35343555,0.59525407
273,19,0,1.2546136,93.873985,23.243663,0.011326402,-0.0075910038,-0.045259875,0.048562132,-0.019079717,0.038464412,0.45964362,0.45702915,0.29661104,0.40236607
273,19,5,0.62511757,53.331311,23.674151,-0.022948983,0.012238114,-0.12401404,0.073068908,-0.062314603,0.035056504,0.42930346,0.55721756,0.31754923,0.44690467
273,19,10,0.54712231,177.6538,24.112405,-0.068050449,-0.029867489,0.039078589,0.079842215,0.027260727,0.086975954,0.64806332,0.56595184,0.40505168,0.51255232
273,19,15,1.4617559,200.19349,24.389763,0.017024786,0.0040859643,-0.16887142,0.17338075,0.066119767,-0.012573854,0.79255595,0.63219182,0.36240637,0.82791542
273,19,20,2.7134392,145.86479,24.676617,-0.037224154,0.083397836,-0.13039019,0.14173684,0.030052501,0.061003933,1.0904324,1.0664682,0.41828257,0.79115833
273,19,25,3.6052767,112.39869,24.363209,-0.024805745,0.031301291,-0.1110342,0.1488651,-0.1023861,0.07959707,0.97863238,0.78709613,0.38035943,0.73856748
273,19,30,1.5083693,129.62838,24.505846,0.0082610776,0.080955601,0.12069297,0.16751623,-0.038756997,0.11532477,0.8436953,0.87393288,0.39547559,0.79451524
273,19,35,2.4289863,134.90127,25.030806,-0.061508263,0.0091688147,-0.20313028,0.24618465,-0.24696764,0.14772303,0.91785837,0.76890844,0.45120527,0.96251076
273,19,40,2.3387864,94.828182,25.465152,-0.044726569,-0.063705083,0.047094751,0.21286063,-0.070776488,-0.057590678,0.72869479,0.7164268,0.42671384,0.8296629
273,19,45,2.729437,133.94677,25.231365,-0.040236494,0.0021461855,0.12837317,0.16870904,-0.21104465,-0.014120414,0.81463817,0.84071117,0.42658996,0.85376397
273,19,50,2.9773511,146.59905,25.206256,-0.10523243,0.083985353,-0.070351631,0.27890206,-0.32438188,0.33723378,0.87922132,0.67044244,0.38223568,1.062203
273,19,55,3.4553904,132.49966,25.037648,-0.031024275,0.0859342,-0.077957516,0.17635528,0.020844913,0.079691499,0.7641547,1.0430179,0.38305892,0.80687203
273,20,0,2.9142114,133.512,24.905016,-0.061991531,0.034635573,-0.12775293,0.13847903,-0.14393661,0.043453316,0.64431724,0.70534746,0.37898394,0.69908769
273,20,5,1.9859866,102.0705,25.512172,-0.073536696,-0.0617876,0.32602794,0.23991637,-0.17939952,0.05698603,0.83317567,1.0385374,0.46604884,0.92396228
273,20,10,3.1992419,42.702447,25.437046,-0.095522188,-0.015050251,0.57703699,0.24302592,-0.089061,-0.12849068,1.2145013,1.1469564,0.52966228,0.82298788
273,20,15,2.9971371,60.703267,25.568213,-0.1412119,-0.11472289,-0.16196217,0.24642194,-0.12125271,-0.16661591,0.94176507,1.1364702,0.52175138,0.81460024
273,20,20,3.1548451,56.471086,25.933974,-0.27652785,-0.076839615,0.10408265,0.33871102,-0.55447012,-0.014342254,1.0273783,0.92406766,0.63286182,1.00814
273,20,25,3.4414269,47.02665,25.354375,-0.024542932,-0.055004516,0.36546141,0.23628413,-0.042426553,-0.045595494,1.1072558,0.88854067,0.51630164,0.81729877
273,20,30,3.3722024,63.979772,25.557441,-0.16658672,-0.027792144,-0.4452145,0.1723942,-0.22352396,-0.037370398,0.93194775,1.3882468,0.54965575,0.83856556
273,20,35,3.5702431,36.155113,25.602139,-0.13449765,-0.050273179,0.08628382,0.15390504,-0.11584643,-0.11697466,0.99327977,0.94870576,0.50700277,0.67415331
273,20,40,3.3436372,37.483772,25.541034,-0.23977541,0.010957302,0.021514454,0.20574254,-0.31914191,-0.042241188,1.0351772,0.6991731,0.50853614,0.79354408
273,20,45,3.4753915,32.81508,25.456044,-0.13356287,0.0089657165,0.018873828,0.17734177,-0.23815736,0.048812398,1.0272978,0.74068244,0.51196005,0.76913132
273,20,50,3.9134733,21.441794,25.587437,-0.17765229,-0.048269063,-0.055080488,0.2081484,-0.25053726,-0.095414789,0.99122438,1.0187263,0.60641238,0.74697021
273,20,55,3.7027975,25.463121,25.331334,-0.070884612,0.017577111,0.021982663,0.13854405,-0.22553098,0.041783218,0.79608268,0.60075319,0.3978921,0.69500521
273,21,0,3.2734142,28.856928,25.46488,-0.051318428,0.03388831,-0.0099479894,0.15316744,-0.086874353,-0.10068366,0.89532722,0.86646461,0.5131277,0.60244055
273,21,5,3.8038002,29.401163,25.528028,-0.10755288,-0.013738975,0.053623851,0.16933978,-0.27364993,-0.028278243,0.88461976,0.60818249,0.47405068,0.70667069
273,21,10,3.1946706,27.56458,25.573662,-0.014228804,0.022159377,0.048154894,0.12969262,0.0034905188,-0.069834633,0.84636067,0.89393376,0.49145715,0.62860963
273,21,15,3.0603607,49.211753,25.875492,-0.17092095,-0.041532328,-0.04717077,0.2046977,-0.27313901,-0.091191255,1.0542533,0.93962556,0.5646873,0.7342678
273,21,20,3.7648279,34.42332,25.689038,-0.21066496,-0.023357539,0.12261031,0.18231364,-0.44628088,0.0094613771,1.2920227,0.72854122,0.50277619,0.71578389
273,21,25,2.281348,20.351205,25.637702,-0.088519445,0.01672743,-0.31637542,0.16458837,0.056455973,-0.063000786,1.1167805,0.90297631,0.47193748,0.71687566
273,21,30,3.7815519,35.221467,25.472891,-0.2118671,0.04750789,0.038182044,0.20403461,-0.24879213,0.081727034,1.040589,0.67477337,0.51548083,0.69046862
273,21,35,3.6724144,35.156842,25.586199,-0.20508161,0.015022626,-0.030866021,0.11602505,-0.16015332,-0.13410149,1.0125142,0.84589989,0.50781167,0.63551346
273,21,40,3.7710052,26.023664,25.17969,0.087711748,-0.015780021,-0.25600132,0.11042416,-0.02838943,-0.045807892,1.2967288,0.63599516,0.4456232,0.51839936
273,21,45,3.032907,31.948252,25.425243,-0.12733407,-0.030998616,0.075434424,0.12747549,-0.1519072,-0.032277502,0.92451694,0.70125946,0.45648066,0.53968174
273,21,50,2.7189555,26.672001,25.847901,-0.17518051,-0.0098242509,-0.19472057,0.22753951,-0.32683812,0.0041999208,0.97173973,0.84649049,0.5017046,0.74656926
273,21,55,3.0546265,25.260215,25.303328,-0.15291653,0.0089353694,-0.031449331,0.091417295,-0.1171554,-0.040009427,0.98667641,0.51918362,0.38895432,0.44130464
273,22,0,2.5951507,24.271112,25.474089,-0.16407809,-0.0050307791,-0.0089680463,0.12611867,-0.18000689,-0.0026979573,0.9801908,0.69713646,0.4393719,0.51697271
273,22,5,2.9335942,22.512808,25.456251,-0.11046352,-0.016020379,-0.080045045,0.14272689,-0.11326914,0.029534106,1.1103934,0.83908397,0.45930888,0.56748578
273,22,10,1.9157183,33.460826,25.726582,-0.17394393,0.00075069102,-0.74433455,0.16071733,-0.057441455,-0.071498562,1.0987377,1.2478034,0.55846004,0.52656303
273,22,15,2.4741118,53.230594,25.576431,-0.073355249,-0.030216595,0.023111415,0.096994581,-0.075901277,-0.075444731,1.2015548,1.0476853,0.45807375,0.5285165
273,22,20,1.9944065,33.025489,25.30034,0.021302467,-0.064571202,-0.13013699,0.10473378,0.030053996,-0.079060519,1.0437798,0.60830111,0.40512769,0.51732231
273,22,25,2.157867,8.0359638,25.294443,-0.03398326,0.0025957929,-1.0093199,0.069097705,-0.035304958,-0.052205184,1.4439618,1.0920805,0.3985438,0.43788132
273,22,30,1.2609935,331.21401,25.401487,0.07266989,-0.015186376,0.12288448,0.038317988,-0.075718746,0.014298191,0.8413657,0.65806529,0.51211753,0.32184852
273,22,35,1.4368678,36.87279,25.561013,0.034111946,-0.041606984,-0.088202819,0.094912019,0.12392172,-0.074646444,1.0726142,0.53739264,0.40155647,0.51226202
273,22,40,1.9296296,24.626323,25.639115,-0.094632253,0.012171635,-0.3857502,0.1059699,-0.056190805,0.030590255,0.9253135,0.78212295,0.46047009,0.47383409
273,22,45,1.3890619,1.9558228,25.560119,-0.076064829,0.012658916,-0.3357331,0.083742508,-0.050481097,0.025451246,0.72307156,0.91933933,0.35876647,0.45412853
273,22,50,2.0823406,28.265638,25.45476,0.034693312,-0.051035347,-0.19638821,0.055074393,-0.11411609,0.0079484789,0.90975133,0.72460894,0.41947762,0.34794104
273,22,55,1.8581627,334.41619,25.3883,-0.016377971,-0.08863574,-0.23872568,0.098379873,-0.094490906,-0.16585395,0.81917782,0.99431097,0.32745174,0.49630687
273,23,0,0.36754595,354.91466,25.726923,-0.10740973,0.0029444651,-0.03403492,0.10876036,-0.061421069,-0.0068735221,0.73824067,0.62489708,0.4801903,0.4213409
273,23,5,2.5388782,43.763435,25.676473,-0.000273831,-0.061579507,-0.14239216,0.058485773,-0.026144918,-0.022503667,0.9557381,0.64319735,0.39838469,0.32177766
273,23,10,2.8096269,41.907275,25.583801,-0.063962771,-0.042216407,0.094523741,0.1048163,-0.10306645,-0.017971246,0.71759466,0.66883603,0.46901996,0.40899432
273,23,15,1.3285691,42.339469,25.351971,0.048152427,0.0029941692,-0.0026866136,0.050488987,-0.034820891,0.04793445,0.85192306,0.70634815,0.42685793,0.30884784
273,23,20,1.8022646,11.639379,25.547563,-0.0019661819,-0.027673579,-0.057603295,0.052310989,-0.041942943,-0.018427411,0.68612427,0.56523474,0.32964669,0.35730874
273,23,25,1.7305654,9.8800405,25.404848,-0.056454553,-0.014098626,-0.095440989,0.055866691,-0.0031827953,-0.029368515,1.1005178,0.64283244,0.37725818,0.28175808
273,23,30,1.842939,16.404621,25.408635,0.0016329173,-0.032477003,0.036660171,0.033682074,-0.047174729,-0.044539243,0.55876655,0.4881201,0.2738651,0.25795772
273,23,35,1.5642756,26.900424,25.651213,-0.13337594,-0.038811469,0.0421053,0.048118691,-0.05585436,0.012449937,0.77071175,0.57317073,0.34495075,0.2846954
273,23,40,1.8109395,55.289645,25.634863,-0.098918485,-0.055742162,-0.065324577,0.028364559,-0.098484158,0.010996389,0.81138825,0.62666181,0.39952454,0.21144689
273,23,45,2.3816583,36.9905,25.448541,-0.050430895,0.012488568,-0.26259691,0.024549778,0.0043861592,-0.0056687251,0.90096178,0.81975809,0.35559064,0.17006137
273,23,50,1.3650666,42.094304,25.541303,-0.049191075,-0.010895786,0.033152858,0.032720662,-0.046102235,-0.015179597,0.52829505,0.36955393,0.26489118,0.20630356
273,23,55,1.801691,48.976805,25.394644,-0.047590064,-0.04720327,-0.037655746,0.020356145,-0.036707507,-0.022468594,0.67126001,0.48610399,0.2935854,0.17438674
274,0,0,1.4839824,76.657457,25.368947,-0.069574299,-0.022119194,-0.052180581,0.0071037418,-0.0038359134,-0.013232819,0.63653804,0.4826686,0.30018192,0.085252737
274,0,5,1.7712913,47.954022,25.174276,-0.028183889,-0.0071906001,-0.12472545,-0.003923833,0.016914204,-0.018674746,0.51453402,0.5329658,0.28552557,0.095220907
274,0,10,1.6798179,41.109527,25.037047,-0.044152558,0.0010669547,-0.026371719,-0.0099768359,0.011608487,-0.0025050313,0.44270384,0.38348835,0.25539146,0.085780302
274,0,15,2.0222616,32.297409,25.032364,-0.057556111,0.019884832,-0.085342357,-0.0095174977,0.025482936,-0.0024806602,0.6297387,0.3911587,0.23018312,0.098067121
274,0,20,1.3782722,28.747874,25.047772,-0.013343818,0.0026743506,0.025644494,-0.0071799996,0.012792655,0.0017247358,0.32566771,0.29835002,0.18445994,0.097408313
274,0,25,1.6272583,37.754839,24.992406,-0.0019897751,-0.0020507691,0.016862691,-0.0026826454,0.018902233,-0.00070728361,0.34657177,0.46541237,0.20154715,0.13116723
274,0,30,1.6437422,41.451184,24.966427,-0.017865189,-0.0083828651,-0.051812602,-0.0062765457,0.017665515,-0.014924669,0.46760282,0.42020327,0.19692094,0.14638799
274,0,35,0.98530875,24.856236,24.95084,-0.01833261,0.0076138964,-0.027785116,-0.0066553514,0.00091614873,0.0028291284,0.33182133,0.22846817,0.16587376,0.12005604
274,0,40,0.37010458,50.468231,24.7368,-0.0094674592,-0.0015947975,-0.0096499302,-0.0030851827,0.014279794,-0.0078712227,0.23102731,0.17276798,0.14158655,0.13583496
274,0,45,0.3161506,207.26057,24.505382,-0.0077392555,0.0018647634,-0.018412248,0.0025699454,-0.016394449,0.0060641333,0.21978447,0.23200578,0.13245018,0.17353372
274,0,50,0.34695351,259.74772,24.59524,-1.5069453e-05,0.0074517223,-0.0046764563,-0.0028637093,-0.01934832,-0.0071370534,0.23905857,0.17500165,0.16352225,0.21923512
274,0,55,0.69662328,268.3649,24.513498,0.006305784,0.0013599105,-0.0015095064,0.00078035006,-0.00124726,-0.0013277172,0.15399794,0.10887773,0.10239752,0.11588192
274,1,0,0.58514082,308.99841,24.524994,-0.0013474104,-0.015452551,-0.0088744467,-0.00071725653,0.0072277188,-0.039656612,0.1888432,0.40842874,0.14354516,0.22199228
274,1,5,0.33589293,301.53464,24.695433,0.0033555796,0.00041481866,-0.0038032641,0.00058725555,0.0012354485,-0.00058528789,0.16371362,0.16236378,0.097235632,0.15166141
274,1,10,0.61639062,359.95161,24.874682,-0.0013026561,0.0031758858,-0.0065713433,-0.0055800741,0.0060667546,-0.019451969,0.16378144,0.22926312,0.12699974,0.15076704
274,1,15,0.71040608,325.02357,24.580028,-0.002885728,0.0025894212,0.016047087,-0.0025467245,-0.00015666958,-0.039435419,0.19210241,0.28818606,0.13236059,0.27579974
274,1,20,1.5257719,294.61219,23.77721,-0.0051735628,-0.0028234112,-0.010988823,-0.0059022913,-0.11031239,0.028570567,0.3635916,0.19473578,0.13875049,0.48673004
274,1,25,1.7140909,281.64708,23.44548,0.0065555633,0.0048372638,-0.0047543547,-0.0054093095,-0.046888088,0.0097989597,0.20265217,0.1593439,0.10827093,0.35510939
274,1,30,2.0961377,283.56344,23.018198,0.003962538,-0.00034343997,-0.010340407,-0.0093774272,-0.049579587,0.0056502558,0.19041847,0.16271355,0.097162375,0.46124614
274,1,35,2.005989,290.83043,23.242333,0.0047857936,-0.0023481811,-0.0097206236,-0.0087347374,-0.034709021,0.0080297226,0.20217397,0.18604492,0.094193284,0.35574759
274,1,40,2.0896814,296.23863,22.873381,0.0036121737,0.00069152599,-0.021915557,-0.0067031171,-0.076065681,0.031529673,0.28191451,0.20001838,0.12447139,0.44177593
274,1,45,2.3491643,295.0788,22.694798,0.0046750858,-0.0017683813,-0.008639948,-0.0084270982,-0.048889513,0.027659753,0.19273295,0.18233525,0.098997817,0.42476074
274,1,50,2.5119716,294.776,22.310236,0.0033663864,-0.0030773481,-0.0024710173,-0.0077483391,0.035848398,-0.00053251739,0.25688967,0.21690724,0.10499645,0.58326328
274,1,55,2.6692595,296.02706,22.507517,-0.0044647876,0.0044285163,0.0061324658,-0.015732501,0.050189595,0.020706957,0.22205812,0.20490758,0.1207042,0.53328398
274,2,0,2.5967013,299.47175,22.677549,0.0077589121,-0.002220405,-0.0090690934,-0.011877653,-0.065445913,0.0086056097,0.27902589,0.17734593,0.1363427,0.38723512
274,2,5,2.6659905,296.69419,22.30406,0.0029782804,-0.0037242724,-0.013618715,-0.0054943108,-0.084102744,0.018294775,0.28527332,0.17886038,0.12281508,0.44184313
274,2,10,2.7237642,293.9884,23.005461,0.004108789,-0.001260753,0.0026337177,-0.0037712658,-0.022251875,-0.010932622,0.19137836,0.14155837,0.10227361,0.27267441
274,2,15,2.7567181,290.0112,22.606342,0.00073252591,0.00074778044,-0.002338132,0.00037644735,-0.0045874592,0.013209853,0.15064218,0.1456868,0.080545763,0.36110623
274,2,20,3.0270618,290.46854,22.64311,0.00036551716,0.00036628995,-0.0022677423,0.00069548814,-0.014372834,-0.00012888244,0.14655206,0.12877238,0.068421326,0.29074876
274,2,25,2.7633487,289.28967,22.588593,0.00061000424,0.0015393218,-0.0030530197,-0.00060025529,-0.019526357,0.0006188097,0.155473,0.12800663,0.079454895,0.38905539
274,2,30,2.6532664,288.14658,22.33344,0.0034962215,-0.001783169,-0.0040281383,-0.01423399,-0.044796565,0.010095217,0.17794919,0.13831427,0.09087638,0.42480471
274,2,35,2.926647,296.50601,22.212091,0.00087480298,-0.0011492747,-0.0042258843,-0.0015981518,-0.011445827,-0.0061472279,0.14537661,0.15709947,0.090836227,0.23980359
274,2,40,3.0768906,290.63683,22.619499,0.0047430897,-0.003170314,-0.0021755122,-0.0014546725,-0.0012310655,-8.1220526e-05,0.19116136,0.1603652,0.097999563,0.24720874
274,2,45,3.210664,293.05563,22.170375,0.00032950355,0.0016024287,0.004877427,-0.0038494319,0.00042958872,-0.0010197741,0.1665899,0.17650454,0.09294475,0.24633006
274,2,50,3.1127586,295.11532,22.545264,0.00076376995,-0.0012998258,-0.0048379978,-0.0033054496,-0.0050389231,-1.4849549e-05,0.14130863,0.14660734,0.082693112,0.21871091
274,2,55,3.0196749,294.59143,22.49493,0.0016016352,0.00023861818,-0.010599727,-0.0041442104,-0.020931974,0.0018704592,0.17011354,0.18290478,0.089671813,0.25405956
274,3,0,2.95497,299.36789,22.415896,0.0021363544,-0.0024885212,-0.013421942,-0.0064458685,-0.035425757,0.016027415,0.24704664,0.21186573,0.15781723,0.3454077
274,3,5,2.514207,299.1759,22.779327,0.017491961,-0.0087043658,0.0016928932,-0.024460741,-0.050278818,-0.0019320397,0.32217174,0.32594627,0.27198526,0.49290277
274,3,10,3.0488585,292.99069,22.828458,0.0027858685,0.0027486346,-0.0054355156,-0.0045718071,0.0080153618,0.011054452,0.209808,0.20701138,0.12584708,0.39726095
274,3,15,3.4391986,295.11041,23.08063,0.0029765394,5.0827595e-05,-0.0055370218,-0.0061064098,-0.011630413,-0.0088265026,0.17458736,0.17466421,0.10138368,0.35457689
274,3,20,3.3963393,291.88433,22.910158,-0.0025362116,0.0024374858,0.0031259708,-0.0087526383,0.0083458341,-0.0070858371,0.21530119,0.20627035,0.12719553,0.29893844
274,3,25,3.4504267,294.30627,22.758781,-0.0042628413,0.001064465,-0.0015498449,-0.012827435,0.053536092,-0.031266127,0.25414785,0.19024765,0.11742534,0.47345036
274,3,30,3.2579215,290.41373,22.786839,0.0013956799,0.00036365353,-0.001870697,-0.0094897432,0.004487382,-0.0071107446,0.21465414,0.15494938,0.11270924,0.3129845
274,3,35,3.4180985,289.17824,22.457168,-5.414823e-05,0.0027108497,-0.0018568862,-0.0084756448,0.0010164152,-0.0050842899,0.1990315,0.17103963,0.12179486,0.33198214
274,3,40,3.508166,284.71781,22.395223,0.0026062761,0.00054254269,-0.0039575285,-0.0071153038,0.0052832471,0.0096479598,0.20707059,0.21575983,0.12179634,0.46391266
274,3,45,3.2502893,284.05348,22.454708,0.0019836148,-0.00069749134,-0.002820067,-0.0053367928,0.0067167567,-0.0074519612,0.21710248,0.14321134,0.10887449,0.39665355
274,3,50,3.350601,285.55014,22.625428,0.0025725522,-0.00094585939,-0.0096823647,-0.01007995,-0.0049779205,-0.0019519654,0.23319061,0.19282527,0.13104436,0.41665597
274,3,55,3.3385588,289.75722,22.661719,0.0046015677,-0.00084971861,-0.0086574118,-0.0088155135,-0.022416045,-0.0019813985,0.23408765,0.18828308,0.12808283,0.33424972
274,4,0,3.4883136,292.44983,22.774604,0.0014489973,0.002653435,0.008934065,-0.0056184577,-0.023575022,-0.016023263,0.21675279,0.18587373,0.12326209,0.30714257
274,4,5,3.5129762,285.73046,22.793292,0.00013111907,0.0014321064,0.0048998107,-0.0074485514,-0.0073385378,-0.016859748,0.1936845,0.18229416,0.10037648,0.41516913
274,4,10,3.4398582,283.76198,23.027015,0.0037044181,0.003913238,0.0041558276,-0.0076397471,-0.020145479,-0.01132138,0.19953527,0.1760529,0.1097813,0.30918555
274,4,15,3.46729,285.43605,22.801702,0.00058401466,0.0036058698,-0.0021628885,-0.0046229438,-0.011829137,-0.010584462,0.19387362,0.17677231,0.10329046,0.31589178
274,4,20,3.4811707,282.33348,22.889506,0.0012357969,0.0029255575,-0.0043739933,-0.0076596707,-0.00057612436,-0.011569458,0.16712226,0.14691152,0.10809015,0.32895613
274,4,25,3.4846718,285.67862,22.734075,-0.001398262,0.0014994228,0.0023355596,-0.0052223937,-0.028269591,-0.018698003,0.21473995,0.15015923,0.10335188,0.43047929
274,4,30,3.448655,287.15984,22.797667,-0.0026458409,0.0016771209,-0.010843812,-0.0022919337,-0.0089172928,-0.0068028725,0.24123342,0.19046815,0.12258845,0.34503342
274,4,35,3.5496256,287.19393,22.504005,0.0017157044,0.0020052569,-0.0018079792,-0.0031854659,-0.0088424719,-0.015695263,0.18283375,0.16464606,0.10982868,0.31689525
274,4,40,3.6349619,287.097,22.585503,0.001827463,0.00097902168,0.0025782153,-0.0030523676,-0.016600225,-0.01401476,0.19455835,0.17372197,0.10563624,0.31506379
274,4,45,3.7550248,283.82047,22.162654,0.0002061718,0.0015670809,0.0095125182,-0.0042853507,-0.023236337,-0.024487835,0.18690704,0.17337065,0.10374537,0.43335742
274,4,50,3.6935216,290.17567,22.6591,0.00036746912,-0.0002202666,-0.0067300321,-0.0067998316,0.0092015294,-0.021470328,0.21294827,0.17435057,0.1075727,0.40260331
274,4,55,3.7514273,288.60222,22.647105,0.00062141151,0.0014042247,-0.010636262,-0.0032144412,-0.010279642,-0.0001849545,0.20531991,0.15878485,0.10203781,0.22582558
274,5,0,3.755258,285.63258,22.302076,-0.0015748869,0.00078458211,-0.011474679,-0.0046025175,0.0027192012,-0.010165371,0.21393749,0.19428872,0.111822,0.3771702
274,5,5,3.447942,285.7413,22.496493,0.0011954193,0.00080061053,-0.0066330525,-0.0027471693,-0.021235427,-0.035952743,0.23887212,0.21333025,0.099821509,0.48425745
274,5,10,2.7191489,11.26976,18.306045,0.01488459,-0.062418959,-0.89538011,-0.11614018,-1.1366077,1.4056578,1.1092831,1.0880332,0.32868427,1.478868
274,5,15,0.14042056,258.36407,18.531634,-0.73256062,-0.39228992,0.64787836,-0.14180771,0.11054701,-0.20199259,0.98996733,1.0224598,0.86364267,0.8819885
274,5,20,0.80096548,57.642153,18.53033,-0.012364956,-0.037965108,-0.10164108,-0.031715216,0.0037403035,0.094985368,0.49388636,0.59275319,0.30180566,0.31093069
274,5,25,0.81868892,218.54608,18.906666,0.026771099,0.010822036,0.0053851226,-0.020677603,-0.012655082,0.026980109,0.35702467,0.32039686,0.22513217,0.38723423
274,5,30,1.3265054,290.96025,19.318076,-0.0030858393,0.0089407384,-0.16143114,0.00045637167,-0.23965873,0.085326541,0.62269386,0.48918411,0.24399165,0.53020632
274,5,35,3.0094518,310.69154,18.540934,0.0020952585,-0.0091016802,-0.0069606126,-0.01181362,0.0054820984,0.026903288,0.21122237,0.2916247,0.11803932,0.32238156
274,5,40,2.3706019,318.3744,19.644571,-0.0044306926,-0.013225442,-0.0040307712,-0.0025452398,0.011925108,-0.071096919,0.23963629,0.46302362,0.14920646,0.41938018
274,5,45,2.6287777,294.44309,19.858287,0.0021971906,-0.0056362996,-0.0065653747,-0.0096536685,-0.040741062,0.068755983,0.23643751,0.29408518,0.086442627,0.49078049
274,5,50,2.6698705,289.12889,19.659384,0.0060137044,0.0038076208,0.0032274796,-0.006887177,0.040891324,0.084676745,0.23229255,0.23309133,0.11944925,0.76229519
274,5,55,2.745153,294.65848,19.761542,0.011477865,-0.00052783686,-0.022923251,-0.0087787821,-0.022721063,0.016570779,0.25959582,0.22810437,0.12152126,0.51640546
274,6,0,2.7841104,295.74138,20.006561,0.002952912,-0.003782317,-0.040960672,-0.022655746,0.035694944,0.006420145,0.37081202,0.22277525,0.10770645,0.77008074
274,6,5,3.1953016,295.72826,20.245518,0.0017793803,-0.0026315618,-0.024447329,-0.0077189102,-0.2149676,0.013268643,0.34187841,0.21440279,0.10574791,0.97160355
274,6,10,3.4554535,300.46406,20.795893,0.0018389333,-0.0032615466,-0.0030783145,-0.0035074786,0.002571728,0.009089047,0.14187348,0.15323965,0.08210918,0.34024515
274,6,15,3.4049042,298.84238,20.53551,-0.0025052226,0.000457259,0.0061502626,-0.0078288865,0.0047839779,-0.025063816,0.15247645,0.18001714,0.082948046,0.57374851
274,6,20,3.5329695,290.48426,20.242428,0.00189371,0.00024521007,0.00050415154,-0.00050128071,0.011329337,-0.0089565904,0.21202785,0.18440693,0.090220008,0.36338615
274,6,25,3.5284682,285.78145,20.626382,0.0012732688,0.0021410942,-0.0068401729,-0.0016112735,-0.0093188717,-0.0080608913,0.16682799,0.19397726,0.11007257,0.25402129
274,6,30,3.3335352,286.58801,20.891776,0.0026804308,-0.00014455745,-0.0037126179,-0.0031259071,-0.0087767876,-0.0023187885,0.16817958,0.23618047,0.088634765,0.26484902
274,6,35,3.2943929,283.58068,20.823476,0.0034450086,0.00051107585,-0.0014304045,-0.0070374417,-0.010487862,0.0085405455,0.17957634,0.17322692,0.11083926,0.28158827
274,6,40,3.3537643,277.82053,20.930088,0.0036916977,0.0015550674,-0.007671216,-0.0025883547,0.002193972,0.0018501178,0.20724819,0.16707502,0.10214172,0.24348297
274,6,45,3.2020158,283.50116,21.098844,0.004154314,0.0010885904,-0.0059564947,-0.0064440131,-0.012103341,0.0055319638,0.20032192,0.20746638,0.12014489,0.32989786
274,6,50,3.4330982,289.32962,21.021801,-0.00051518865,0.00091881002,-0.0040462233,-0.0034686188,-0.016333398,-0.019667848,0.18264622,0.19665917,0.10543691,0.3647106
274,6,55,3.5289396,282.34747,20.999054,0.00064728643,0.0036180689,0.0031333391,-0.0022631641,-0.0049665803,-0.010853695,0.17962146,0.20167308,0.10931886,0.24300812
274,7,0,3.4181438,284.16152,21.169919,0.0012431162,0.0010434676,-0.0087382841,-0.0078654092,-0.017704384,-0.01442562,0.20596045,0.17840211,0.11243857,0.36702889
274,7,5,3.65154,288.98968,21.035749,0.000893436,-0.00079984016,0.0015539448,-0.0062590902,0.0044585344,-0.0055191808,0.19711297,0.18918425,0.11598243,0.26015117
274,7,10,3.7434152,292.3967,21.328305,0.0024153565,-0.0001107573,0.0046534496,-0.0030661917,-0.012886393,-0.019601112,0.17020483,0.16178242,0.10600956,0.23758945
274,7,15,3.6969908,294.3775,21.281459,0.00021160078,-0.0020667641,0.0013616948,-0.0021083525,-0.0013348338,-0.002440356,0.18925951,0.15189556,0.10590997,0.20304379
274,7,20,3.6996943,292.99903,21.190552,0.0023788427,-0.0017738082,-0.0025880094,-0.0047074321,-0.01134006,-0.0076630346,0.1522873,0.17099509,0.10246575,0.22397988
274,7,25,3.8078933,291.30913,20.986688,0.00030728194,-0.0018756987,-0.0017049102,-0.00078968694,-0.010305079,-0.0028861622,0.18792072,0.16757748,0.10984966,0.2742651
274,7,30,3.8222915,287.73057,21.09948,0.0023252777,-0.0019796861,-0.0012099894,-0.0048529925,-0.0063147562,-0.00046022733,0.1833262,0.18860463,0.13162013,0.24622592
274,7,35,3.9088967,286.71997,20.780099,0.0017752145,-0.00023980451,-0.0052727211,-0.0051758766,0.0081564534,-0.0075375092,0.17347544,0.17212736,0.1101778,0.264514
274,7,40,3.7987882,287.4624,20.804896,-0.001585076,0.0002322888,-0.0026530155,-0.0090522083,0.021744979,-0.002634043,0.23840256,0.21162857,0.13587311,0.34355356
274,7,45,3.5809996,286.1491,21.088865,0.0014723507,0.0065562551,-0.012425238,-0.010238497,0.0090344471,0.0072045074,0.21910507,0.2408547,0.16992211,0.33921058
274,7,50,3.3771232,283.608,21.372386,0.0012465162,0.009172967,-0.0095666294,-0.011925471,-0.0036824785,0.0024104576,0.24484334,0.22533334,0.16019543,0.35761494
274,7,55,3.3073882,285.46399,21.279017,0.0017884141,0.0038197081,0.0040037702,-0.012207812,0.016256322,0.0097808346,0.25550617,0.18729917,0.13526957,0.36127679
274,8,0,3.2168695,281.85023,21.198562,0.0088764677,0.0032535459,-0.0028886473,-0.0046052091,-0.011516509,3.8882139e-05,0.29141024,0.17472659,0.1255066,0.32137002
274,8,5,2.6615047,283.48457,21.23673,0.033544916,-0.00047917419,-0.041153213,-0.0083965374,1.5040015e-05,-0.0021174153,0.48076492,0.31305265,0.18832324,0.27136985
274,8,10,2.0578625,282.31823,21.071888,0.0092981667,0.0030576567,-0.00077848836,0.0055879476,0.035932374,0.025235486,0.37897435,0.24759095,0.18987969,0.72176529
274,8,15,2.313961,279.95707,20.722569,7.5529822e-05,-0.00097256734,0.0069761391,0.00011293226,-0.090309742,0.029511891,0.39843485,0.18632551,0.16696964,0.8114606
274,8,20,2.2658868,277.94915,20.718862,0.016492082,0.0030434012,-0.019793581,0.0093932876,0.049845788,0.03321242,0.27196146,0.23848386,0.13903112,0.89166873
274,8,25,2.8781542,288.8359,19.587505,0.0052996056,-0.00072244916,-0.0071160804,-0.0035343282,-0.022577893,0.081994378,0.2586002,0.21437738,0.11580316,0.71057183
274,8,30,2.9517957,291.43224,20.059105,0.0073067177,-0.0026420998,-0.010013115,-0.010063505,-0.045350959,0.01404409,0.23329494,0.19662729,0.12337093,0.45549431
274,8,35,3.4387819,294.21383,20.48056,0.0035145563,-0.0016296474,-0.0020570218,-0.0046546171,-0.011796419,0.0029649017,0.17566002,0.18115768,0.12198848,0.29118817
274,8,40,3.4969124,292.42938,20.525282,0.0023265233,-0.00098130142,-0.00091672908,-0.0047334496,-0.0077965378,-0.0017173297,0.18610762,0.16077321,0.10413711,0.30821515
274,8,45,3.4967689,292.55841,20.761777,0.0016450818,-0.00089724536,-0.0011315709,0.00046596528,-0.0061948231,-0.0076361708,0.17112312,0.14770482,0.091216954,0.29984568
274,8,50,3.2821189,287.06582,20.67796,0.00037266494,0.00082617251,0.0073789474,-0.0025680161,-0.032068174,-0.0098399505,0.18554709,0.16333253,0.088312091,0.40823514
274,8,55,3.0064769,290.02426,20.801545,0.0021630725,0.00048266881,-0.004750191,-0.0036709472,-0.031855312,-0.010879424,0.21072182,0.14586691,0.10183881,0.34095333
274,9,0,3.2024701,296.91087,20.565378,0.0022507725,-0.0010940178,-0.0031936561,-0.0017055178,-0.0090580849,-0.0049830794,0.18126803,0.15553728,0.10915324,0.25494697
274,9,5,3.0953457,295.16299,20.758979,0.0058175219,0.00063244946,-0.0013926099,-0.0040639692,0.021139137,-0.015787072,0.2078066,0.17806162,0.11557107,0.34903193
274,9,10,3.0228854,292.00916,20.385906,0.0021914894,0.00020551734,0.012246236,0.00031610999,-0.010853692,0.0051132424,0.18932435,0.17880811,0.082022867,0.35525667
274,9,15,3.063735,291.2185,20.253884,0.0011960807,-0.001765458,-0.0014709182,-0.0036707308,-0.017592313,-0.00552384,0.1571195,0.16815307,0.079950539,0.35279357
274,9,20,3.1667109,288.82191,20.486541,0.0028914137,-0.00079157215,-0.0023223074,-0.0045374131,-0.015426256,-0.010498586,0.16703129,0.1518171,0.093653271,0.30352554
274,9,25,3.3193876,289.42898,20.175063,0.00041607513,0.0005605775,0.0041705203,-0.0040921488,-0.03182751,-0.0013794205,0.18287604,0.13501316,0.090770774,0.31439805
274,9,30,3.3154686,286.8337,20.264976,0.00082697819,0.00035782287,-0.001032778,-0.0032877895,-0.023285067,0.00092642302,0.14513358,0.12099968,0.081168162,0.3973745
274,9,35,3.3997978,287.87966,20.430519,0.0015693671,0.00094894906,0.0034222442,-0.0052505886,-0.029539401,-0.0098258249,0.17508572,0.13225193,0.091314757,0.35741371
274,9,40,3.3209145,287.63178,20.471401,0.00075016462,-0.00011754172,0.0030910041,-0.0042702946,-0.025599302,0.00093434657,0.19330337,0.16995817,0.099357336,0.33039682
274,9,45,3.312469,285.054,20.330957,0.0022417347,-0.00037079147,-0.019494585,-0.0064825537,-0.051141752,0.017116528,0.22210467,0.19023593,0.095042398,0.49875565
274,9,50,3.3984645,294.05664,20.195808,0.0021873696,-0.0017605611,-0.0033744698,-0.0052769002,-0.0089856378,-0.00059805483,0.18410488,0.1618993,0.10027873,0.36742767
274,9,55,3.4881736,294.30679,20.680893,0.0015112745,-0.0014472595,-0.0025900801,-0.0031798888,-0.0031860438,-0.0081269222,0.16522862,0.16551099,0.10722655,0.2628436
274,10,0,3.3667851,299.66794,20.934303,0.0032287258,-0.003995486,0.0042201691,-0.0047789918,-0.031298908,-0.009636067,0.24882699,0.20522485,0.13516956,0.36388375
274,10,5,3.4760945,297.84269,20.92263,0.0018736248,-0.0042666306,0.003843591,-0.011492822,0.0066361821,0.0039639578,0.26665342,0.27014807,0.14638874,0.39790686
274,10,10,3.1640436,294.85139,20.535313,0.01525496,-0.0079277308,-0.0086821065,-0.012591468,0.073400545,-0.0077590971,0.35762997,0.29997042,0.21104574,0.68759996
274,10,15,3.085989,294.71598,20.657354,0.01656811,0.016338099,0.021080068,-0.015066109,-0.040034713,-0.0085382756,0.30831128,0.37242369,0.19463598,0.60856061
274,10,20,2.2085106,287.40875,20.138411,-0.0038816083,0.004443809,-0.028060519,-0.025749475,0.1254688,-0.0073747414,0.50025521,0.35124034,0.23764504,0.63435617
274,10,25,2.4913117,295.92182,20.193318,0.018708633,0.0088167168,-0.030705816,-0.037686965,0.0050927777,0.0043106007,0.4432579,0.41759696,0.29720661,0.70590255
274,10,30,1.1675515,287.89702,20.907425,0.0027888058,-0.009616841,-0.20183925,-0.037308919,-0.25343592,0.16335746,0.66986262,0.54620504,0.23527821,0.77926032
274,10,35,0.98427485,292.76312,20.679451,-0.0023627788,0.010359563,-0.11457217,0.023677619,-0.29400664,0.18391541,0.64284352,0.42454688,0.25759675,0.91823065
274,10,40,0.5208214,332.19839,21.237668,0.023495273,-0.011459909,0.042799456,-0.028165396,-0.10775964,-0.077204154,0.33990074,0.31480684,0.25255036,0.54276858
274,10,45,0.57393542,227.96397,21.597532,-0.02473099,0.0075108803,-0.19057677,-0.039450265,-0.022476805,0.043416031,0.65768621,0.45790735,0.28092381,0.53925883
274,10,50,1.7311395,236.13268,21.651361,-0.0077861477,-0.02153553,-0.14844233,-0.035565365,0.11900285,-0.028276563,0.64326966,0.50305001,0.33401345,0.44922466
274,10,55,1.9957088,231.40945,21.572972,-0.040100376,0.02746154,-0.26246685,-0.024447338,0.16681152,-0.088977218,0.75758004,0.67245276,0.33184471,0.38340141
274,11,0,3.4236964,243.26184,22.022531,-0.038003156,0.001558813,-0.044948405,-0.032250431,0.10477778,-0.00034556852,0.69356666,0.49877912,0.33277654,0.29237201
274,11,5,2.6562976,233.15968,21.983929,-0.052965161,0.020430986,-0.089729657,-0.031175815,0.084365073,0.027868297,0.66483365,0.5518831,0.35041197,0.30111477
274,11,10,0.63377843,190.70484,20.80108,-0.028943696,-0.02552392,0.011475208,-0.030072408,0.0055269387,-0.062820111,0.39414241,0.72704362,0.29283033,0.44401481
274,11,15,1.2113057,211.15346,20.631157,-0.054453441,0.038167751,-0.17414679,-0.047259725,0.2350853,-0.22619056,0.64627577,0.70055398,0.35552404,0.6121843
274,11,20,1.5132753,236.14408,20.846614,-0.030396196,-0.0082577975,-0.0044332444,-0.029955673,0.094204355,0.020505784,0.52624209,0.35079032,0.24305875,0.32626441
274,11,25,0.66064351,138.99292,19.896723,-0.011481558,-0.0025799483,0.055119605,-0.0056723919,0.031155079,-0.0096717242,0.32387456,0.41273049,0.19779613,0.31374297
274,11,30,0.62665544,128.48821,20.25208,0.00061698058,0.029501819,0.090989152,0.012146194,0.11797583,0.31450709,0.33422792,0.55061981,0.18877488,0.69313984
274,11,35,0.95920579,146.90102,19.330189,-0.0017973728,0.0093906992,-0.0014884717,-0.0011005705,0.036433837,0.0097575144,0.31243613,0.33925249,0.14695169,0.36483254
274,11,40,0.62925556,237.15901,19.508616,-0.0006143099,-0.0017914657,-0.00024891079,-0.0016640496,0.0025820656,0.023931954,0.16505084,0.22749978,0.092511686,0.26116392
274,11,45,1.5323966,292.2917,19.691124,-0.0041167809,0.0063502621,-0.051309563,-0.00034023389,-0.038524365,0.025339474,0.3015011,0.23973183,0.085841396,0.22001872
274,11,50,1.3938193,289.55618,19.26168,0.0070836114,-0.021177894,-0.012006249,0.0064067227,-0.10189651,-0.15035796,0.2659298,0.43863107,0.1642405,0.79043953
274,11,55,1.2822041,290.25228,19.321466,0.0098544785,0.0001110139,-0.074438099,-0.0065861325,-0.040222964,0.019343095,0.33540644,0.33523486,0.13429236,0.34490314
274,12,0,1.413015,312.83785,19.795596,0.021718217,-0.0030856265,-0.015066295,-0.016035245,-0.049955146,0.0090718966,0.42705935,0.25014108,0.1581223,0.27852661
274,12,5,0.36132986,146.69567,20.008759,-0.0051044737,-0.0030282316,0.023423527,-0.0082297644,0.029224949,0.016588705,0.2398842,0.32078183,0.15387177,0.24655785
274,12,10,0.37694443,198.91176,19.264079,0.0013973949,0.012899257,-0.016623141,0.012865359,-0.012812171,0.084807169,0.16626928,0.33104027,0.10313342,0.30221408
274,12,15,0.53719056,67.257531,19.604586,-0.0060597933,0.0092251148,0.0030625465,-0.0070529815,-0.011140522,0.0081561517,0.24650993,0.18699051,0.11489259,0.35859243
274,12,20,0.60631981,130.47888,17.852632,0.0097563518,0.031740536,0.119353,0.0011919296,0.11610264,0.23535689,0.38974773,0.53493355,0.1829013,0.58930924
274,12,25,0.83420605,172.56777,16.693741,0.016363393,0.033305649,0.11842288,0.026750092,0.13195096,0.23018354,0.32514039,0.5131541,0.14339142,0.65506786
274,12,30,0.49845665,269.92648,18.686003,-0.084685915,0.047610047,-0.038820409,-0.049989692,0.023236001,0.021186556,0.7522474,0.8790433,0.35593761,0.52345466
274,12,35,0.4748638,99.82817,16.867427,-0.0018949321,-0.031034914,0.014697683,0.031398069,-0.20915474,-0.092222088,0.67034296,0.6371886,0.32763634,0.67785733
274,12,40,0.5603933,46.789829,16.322772,0.021337296,-0.0030864736,-0.029653396,-0.009154788,0.021148506,-0.022491868,0.3309359,0.22119779,0.14586218,0.43715496
274,12,45,1.2194447,251.58153,17.614779,-0.042971559,-0.0073161412,0.097491815,0.021062781,-0.054118571,-0.07884038,0.7232504,0.53993595,0.34053168,0.86990185
274,12,50,4.6693059,243.15522,19.132595,-0.063060413,-0.02369965,-0.0067639884,-0.055783828,0.15111712,0.015328235,1.0140549,0.74643557,0.48452304,0.40200909
274,12,55,3.0488859,246.98157,19.019054,-0.10495847,-0.019912815,0.36413079,-0.054314937,0.076956261,0.054214724,1.27369,0.71931603,0.46412955,0.37997891
274,13,0,3.0101458,239.36175,18.19516,-0.19538683,0.012240305,-0.34556018,-0.047457394,0.12591499,-0.01304629,1.2585088,0.91877081,0.6006068,0.32432591
274,13,5,4.2508334,238.55851,18.634342,-0.16521194,-0.0052847421,-0.25011336,-0.044158166,0.12827907,-0.0033278339,1.1232421,0.77206946,0.56655077,0.22802853
274,13,10,2.2851322,220.84411,18.145117,-0.067309142,0.036784996,0.0094497946,-0.034850932,0.34487342,0.21795607,0.87701258,0.85383412,0.50246502,0.80880249
274,13,15,1.4167205,63.129288,15.814088,-0.034524521,-0.020723944,0.034105642,-0.037832991,0.10356892,-0.0083036264,0.54768424,0.37888872,0.2170715,0.42199223
274,13,20,0.93623592,210.60506,16.0059,0.0064717983,-0.0016720531,0.015006039,-0.001865006,0.0046631273,-0.0063450433,0.23568198,0.22444074,0.11524536,0.27658705
274,13,25,0.83782222,219.40237,16.459142,-0.009206014,0.010280457,-0.078249144,-0.00086783055,-0.018105744,0.046356526,0.27443717,0.37252035,0.10305103,0.22750833
274,13,30,0.74473087,275.54092,16.386559,0.031830386,0.0053091179,-0.14689183,-0.017484347,-0.12935739,0.087653702,0.51324637,0.49529057,0.21139827,0.35501098
274,13,35,1.9343878,286.68833,15.947588,0.0032729951,-0.0034730411,-0.026665344,-0.0077390397,-0.049450527,0.04861368,0.22309516,0.22255711,0.088352206,0.3793251
274,13,40,1.5895134,268.94414,16.745966,0.0026369739,-0.00053357436,0.0001142761,-0.00081940499,-0.0049892035,-0.0034956911,0.14545255,0.12958788,0.059108114,0.1269194
274,13,45,1.4749427,275.96284,16.135436,0.0035981388,-0.0013201785,-0.036785259,-0.0082127812,-0.022627355,0.013692669,0.24649403,0.28336561,0.1275446,0.35658449
274,13,50,1.9602286,296.98079,16.120278,0.0013442858,-0.0047937988,-0.012244496,-0.0040515073,-0.021280105,0.0020476517,0.32897124,0.24652588,0.14284706,0.22790899
274,13,55,1.7720969,299.5596,16.507896,0.0062166649,-0.003374812,-0.0053366499,-0.0016178261,-0.022171004,0.0043180036,0.20212368,0.1674096,0.083079384,0.24783357
274,14,0,1.7549216,280.94709,16.406011,0.0020414818,8.0708069e-05,0.019333702,-0.001230574,-0.026040051,0.0032806768,0.34567405,0.1257902,0.062950993,0.17100413
274,14,5,1.6943535,293.0307,16.2496,0.00040133346,-0.00099616605,-0.004908822,-0.0016146292,0.0021806934,0.0057456518,0.15581482,0.12440467,0.07497258,0.2590285
274,14,10,1.9318727,291.18048,16.729398,-0.00018334034,-1.4175497e-05,-0.0038034682,-0.0010753682,-0.0053796937,0.0041824782,0.12026342,0.094254557,0.062863916,0.1335383
274,14,15,1.2431586,299.4873,17.08348,0.0016875492,-0.0012711493,0.0019274868,-0.0016160754,-0.0090144268,-0.0027703878,0.21531967,0.1349662,0.10178039,0.14941881
274,14,20,0.74979673,309.91372,17.336735,-0.00062188132,-0.0047070809,-0.0036157464,0.0011047032,-0.00062770009,0.00058333925,0.14893388,0.16455474,0.10785829,0.062622264
274,14,25,0.16257147,96.597897,17.67484,-0.0053493268,-0.00068173666,0.0034914399,0.015625566,-0.017603115,-0.0033163512,0.18175467,0.10067827,0.134615,0.17937135
274,14,30,0.91292498,120.37755,17.368788,0.00072206348,-0.0019511136,-0.0043371695,0.014089154,-0.0032557487,-0.00058382362,0.17243895,0.16683914,0.14358079,0.1493851
274,14,35,0.71035494,146.07597,17.280915,-0.0022440744,-0.003605177,0.0088000964,0.012833396,-0.0099691334,-0.0095182685,0.17832571,0.14229453,0.12576087,0.16307627
274,14,40,0.49641111,177.73918,17.7585,-0.014128715,-0.0048491293,-0.00030847536,0.030330299,-0.016299288,-0.01479853,0.16205261,0.1690125,0.16956147,0.23346611
274,14,45,0.20644669,137.51598,18.001122,-0.037646657,-0.0092093682,0.0091552698,0.033733061,-0.033482505,-0.010957287,0.3036367,0.13052432,0.17929798,0.2324372
274,14,50,0.60347593,109.40257,18.081812,0.0016396997,0.0031904658,-0.023380779,0.024311018,-0.018500523,0.0085558223,0.24028665,0.21626422,0.19502672,0.2210736
274,14,55,1.0447254,67.529332,18.148029,-0.018473708,-0.0095735593,0.003665013,0.035064024,-0.015540486,-0.013487068,0.25213375,0.36203392,0.21231911,0.25550958
274,15,0,1.2045168,91.026347,17.97639,-0.00063472903,-0.01561589,-0.01223746,0.047130022,-0.010790882,-0.0098029391,0.26074895,0.22730447,0.2424587,0.29273129
274,15,5,0.9350728,90.287564,18.051867,-0.024342,-0.02440347,0.012991004,0.039332144,-0.023303464,-0.009238489,0.25974279,0.24972064,0.23877378,0.31221885
274,15,10,0.71381063,98.677678,18.101562,-0.027301817,0.01122233,0.00043788177,0.064383977,-0.049296745,0.0085450262,0.3100379,0.18976161,0.23242366,0.35417558
274,15,15,0.8452108,96.362587,18.352231,-0.033022904,0.0037541949,-0.019715223,0.077668757,-0.031738696,0.031467027,0.28965958,0.31477473,0.27962385,0.41196194
274,15,20,0.97466253,117.87767,18.218679,-0.0086288547,0.00049664617,-0.0038109259,0.06695643,-0.015431278,-0.0093848601,0.28568865,0.27997831,0.27883872,0.35149788
274,15,25,0.87153561,127.82173,18.254622,0.0034382148,0.00019494025,0.0042624267,0.046736141,0.0063497686,-0.0067994769,0.32844437,0.33904989,0.25640261,0.38215716
274,15,30,0.75251149,104.36995,18.430013,-0.017083878,0.0057989952,0.0088427785,0.062253345,-0.0018771415,-0.003148497,0.39905651,0.34281681,0.31243954,0.38723459
274,15,35,1.0960029,80.120997,18.532222,-0.034182322,0.0089390291,-0.094281441,0.074991126,-0.06179705,0.028790152,0.43423148,0.37575722,0.29469059,0.4143182
274,15,40,0.93027521,113.16327,18.309501,0.015745178,-0.00078238164,-0.00062850774,0.079719706,0.035777176,0.015259923,0.43256178,0.29815839,0.27099199,0.43689217
274,15,45,0.80768352,79.151917,18.40634,-0.020302231,-0.0065221692,-0.095339299,0.090917822,-0.049621174,0.0049166455,0.40431553,0.37139368,0.31843076,0.39911618
274,15,50,0.77047536,94.417156,18.550766,-0.0062405301,0.019406899,-0.034787997,0.08206062,-0.034557678,0.025475709,0.34445223,0.29456324,0.28645729,0.42609623
274,15,55,0.71787732,74.080113,18.934087,-0.021433736,-0.0046638896,-0.0053373774,0.11910225,-0.063461005,-0.0056140532,0.30729659,0.22813103,0.30013496,0.51357075
274,16,0,1.2089716,86.126578,18.987684,-0.012483728,0.011632279,0.0034662064,0.11470477,-0.0089530216,0.016636468,0.40219158,0.34208807,0.29730014,0.53559868
274,16,5,1.442249,66.072125,19.086327,-0.04331064,0.005606427,-0.12116256,0.12112871,-0.0099745032,-0.034522165,0.61850063,0.36717978,0.32776068,0.52772949
274,16,10,1.5740734,90.544481,19.16626,-0.007952757,0.0064939705,-0.037850825,0.075084075,0.028886236,0.040984089,0.51195426,0.54288285,0.30149003,0.51847244
274,16,15,1.1061988,41.672759,19.176094,-0.018479536,0.015111276,-0.0026644245,0.091025284,-0.034837063,-0.0001895256,0.33280187,0.36197274,0.30273177,0.49136429
274,16,20,1.3467506,86.895206,19.304685,-0.020163418,-0.018504449,-0.12069064,0.1161929,0.069263585,-0.080361279,0.61404866,0.72199542,0.35333434,0.57369278
274,16,25,1.9786221,96.243834,19.595685,-0.027390265,-0.013165126,-0.20009663,0.10816244,-0.11684017,0.17695777,0.67087123,0.64474646,0.34020641,0.64636917
274,16,30,1.5460576,100.48269,19.88162,-0.053962913,-0.028987382,0.089383632,0.16528637,-0.059272051,0.015100298,0.5337244,0.64287728,0.36430065,0.68532417
274,16,35,2.0474287,74.49255,19.467295,-0.002017382,-0.031949421,0.024389978,0.12304768,-0.069736525,-0.024655484,0.60963873,0.46984603,0.35068618,0.58212619
274,16,40,1.3763451,89.467363,19.763192,-0.022407582,0.0067094333,-0.13178292,0.15684077,-0.029519368,0.04638921,0.51899083,0.62315766,0.37249285,0.68823509
274,16,45,1.3651589,114.97173,19.6952,0.0028438904,0.0056729109,0.048928931,0.11094639,-0.042589869,-0.0035568082,0.55930945,0.32280248,0.33703076,0.55031349
274,16,50,1.5041881,120.15775,19.88004,0.017927057,-0.025662559,-0.13052351,0.128582,0.033925726,-0.048985708,0.81590455,0.41288781,0.29835785,0.66272767
274,16,55,1.1278215,150.88939,20.52247,-0.066582137,0.084729331,-0.053070771,0.18047013,-0.059150293,0.17301335,0.67092354,0.56699691,0.37705503,0.77602067
274,17,0,1.8864031,141.38738,19.804653,0.031370858,0.021021803,0.064226992,0.082491401,-0.021947161,-0.0053512977,0.57685975,0.44368363,0.31515797,0.49499716
274,17,5,1.289824,126.33887,20.257085,-0.0020038298,0.013695543,-0.19940987,0.14217701,-0.052094277,0.030466651,0.87546726,0.45779881,0.39262457,0.63214126
274,17,10,1.3272308,128.51327,20.481839,0.0072040574,0.018644959,-0.032605564,0.13246061,-0.04331212,0.0429594,0.66714516,0.39106988,0.34852354,0.68446126
274,17,15,1.6894463,146.95916,20.6828,0.018994687,0.032149931,0.030252449,0.16331774,0.031281493,0.010916749,0.53625285,0.54550333,0.37020531,0.73010576
274,17,20,1.9356793,124.76351,20.887298,0.045247948,0.021214071,0.0067796018,0.13734886,0.029900471,0.03104098,0.67751991,0.46067459,0.32795757,0.71280986
274,17,25,2.0132467,137.05161,20.618971,-0.019842678,0.028032366,-0.030607491,0.11973308,-0.037836706,0.034694564,0.67440887,0.52655723,0.3330786,0.68494634
274,17,30,1.706267,135.5363,20.696242,-0.0041202274,0.06703487,0.043494422,0.12278281,0.0058689303,0.046167728,0.62905281,0.66484555,0.3880392,0.57850257
274,17,35,0.70335281,83.933992,20.806031,0.029193939,0.02886876,0.043400521,0.092022168,-0.05213588,0.016635605,0.44598537,0.38582759,0.36610919,0.48436576
274,17,40,0.33385648,161.6633,21.096245,-0.029747301,-0.013151871,-0.037963936,0.057525112,0.0050231882,-0.02722151,0.63504507,0.30731843,0.30828727,0.47253119
274,17,45,1.8446467,134.82165,21.358825,-0.0092887321,0.01922132,-0.011685849,0.14488384,-0.097645675,-0.012594646,0.66720055,0.44548291,0.36110072,0.72203547
274,17,50,2.5861263,128.77223,21.363798,-0.026169511,0.055087281,0.033306949,0.16351743,-0.056862893,0.034758792,0.51697183,0.6849082,0.35427727,0.73202632
274,17,55,1.2018389,129.43424,21.302918,0.013395647,0.00023086051,-0.17846319,0.11371036,-0.047005587,0.009136054,0.60475095,0.50401174,0.35119475,0.52824022
274,18,0,0.54460944,69.941549,21.524615,0.020514413,-0.048623953,-0.0044144364,0.12013803,0.0042358905,-0.044830206,0.36575126,0.38187064,0.39406534,0.48920158
274,18,5,1.2254325,117.76318,22.299789,0.12390059,-0.041976626,-0.23565424,0.16459008,-0.017947077,0.027054971,0.86360594,0.50638216,0.41194571,0.79722013
274,18,10,1.6735138,164.45372,21.82656,0.0011317503,0.009865607,0.00049389235,0.096036201,-0.083979498,0.0098242723,0.64772651,0.42017424,0.29655534,0.55196722
274,18,15,1.2133038,125.49621,22.654879,-0.087687505,0.022870207,0.010103838,0.20940934,-0.14576857,0.015137943,0.81216464,0.43120388,0.38462461,0.80266467
274,18,20,2.479657,114.83764,22.566821,-0.0050762007,0.0035571632,-0.031590134,0.15506155,-0.084109912,-0.1017377,0.61070625,0.54285827,0.33931711,0.76906743
274,18,25,2.0429831,127.86519,22.840685,-0.017684453,0.018474497,-0.0011643608,0.16730277,-0.04672636,0.044083748,0.49871658,0.46779581,0.3588374,0.74624229
274,18,30,1.0353223,129.3199,23.18426,-0.099960769,0.018755403,0.12175997,0.2223295,-0.17382884,0.019627878,0.70743105,0.60483033,0.43020518,0.74340877
274,18,35,3.1153412,143.78215,23.398999,-0.098105512,0.061397931,0.033585084,0.24107324,-0.30587191,0.062437698,0.76589986,0.6428522,0.40232003,0.93353264
274,18,40,2.7126801,132.68215,23.33156,-0.030343249,0.058286725,-0.0393528,0.15579738,-0.090617354,0.070960876,0.835311,0.69576933,0.39487506,0.76324033
274,18,45,2.2001884,109.54802,23.761636,-0.07112154,-0.00029327567,0.034374862,0.24883281,-0.21336345,0.019521758,0.65920901,0.52054985,0.41959417,0.92367639
274,18,50,3.279344,117.45578,23.722551,0.006610283,-0.0013555471,-0.046309892,0.15853847,-0.039404467,0.014992858,0.67516899,0.77833919,0.38104771,0.87676419
274,18,55,2.3636004,95.650942,23.8847,-0.058453391,-0.0024316884,-0.061512275,0.1903198,-0.14353312,-0.027186249,0.6733391,0.70024527,0.4113112,0.82121212
274,19,0,3.4064505,130.82693,23.950445,0.005401663,0.021767244,-0.034259354,0.20093807,0.029150292,0.013317638,1.0224569,0.80481583,0.40579349,0.84342511
274,19,5,2.4730292,91.424332,24.574839,-0.096443271,-0.099922723,-0.043036044,0.27595101,-0.14881572,-0.2409426,0.67849679,1.2153883,0.48583179,0.93150493
274,19,10,2.7365462,112.69108,24.432822,-0.0018102664,-0.02116221,0.06959677,0.19663898,-0.08478716,-0.071847469,0.636004,0.59151014,0.42950839,0.8649087
274,19,15,2.489778,114.02362,24.491877,0.04984809,-0.0065137146,0.24661348,0.26056361,0.1903114,0.074410736,1.1211621,0.76058918,0.45818375,0.95991977
274,19,20,3.2537747,77.420233,24.697609,-0.11416348,-0.055221588,0.065674426,0.23492594,-0.23330689,-0.02068002,0.87920399,0.68610047,0.47141138,0.91991909
274,19,25,2.5890217,82.346476,24.656524,-0.1166325,-0.13101159,0.22884765,0.20108847,-0.10258618,-0.11011948,0.82494132,0.86993107,0.47912209,0.75435541
274,19,30,4.1361715,38.64374,24.847332,-0.13809469,-0.0023817871,0.29979873,0.15952799,-0.11440451,-0.13704572,1.0735678,1.1412229,0.55340923,0.69425548
274,19,35,3.5896352,38.956954,24.67069,-0.11273784,-0.030236715,0.17655808,0.17539723,-0.055016197,0.014726589,1.0302743,0.73503514,0.48897161,0.76434482
274,19,40,4.1517764,35.033126,24.828465,-0.21114977,-0.0078611245,-0.11500256,0.19107212,-0.25376478,-0.0019649365,1.2180045,0.86519189,0.53910294,0.75218559
274,19,45,4.4685965,32.995207,24.841191,-0.15684061,-0.12705945,-0.027451108,0.24839901,-0.19070823,-0.28169023,1.0619435,1.2109815,0.59506202,0.81540433
274,19,50,4.809106,28.554552,24.755529,-0.18853203,0.022956627,0.047569333,0.17496431,-0.3832592,-0.076479804,1.1933567,1.0542275,0.57138328,0.70361175
274,19,55,4.6031893,31.772178,24.681082,-0.14128715,-0.020867948,0.1764522,0.12154876,-0.23749252,0.0085063296,1.1232026,0.93511692,0.51745466,0.67450021
274,20,0,4.7606261,28.822428,24.798136,-0.14924175,0.035694214,0.056566305,0.19508315,-0.4176569,-0.055610241,1.2915322,0.79394457,0.58120879,0.73780468
274,20,5,4.2931445,31.954796,24.898435,-0.18991595,0.023250185,-0.30499875,0.2957422,-0.12254561,-0.017415562,1.5869647,1.0047231,0.66887038,0.80417132
274,20,10,4.2493945,35.330905,24.838142,-0.21245435,-0.10586906,0.1765379,0.18256834,-0.070998829,-0.096474869,1.2404138,0.95840495,0.60643072,0.69450473
274,20,15,4.5955594,35.172745,24.920694,-0.32438296,-0.094495283,-0.10763587,0.26182242,-0.38753318,-0.093184928,1.2471869,1.2588258,0.66132201,0.73502239
274,20,20,5.0622369,39.444427,25.028758,-0.30506409,-0.081772356,0.31551291,0.15463635,-0.32768685,-0.012760497,1.385682,1.1265179,0.67523627,0.68611307
274,20,25,3.6438928,29.89446,24.97879,-0.11122573,0.022917239,-0.064236192,0.17837753,-0.26205288,0.10211935,1.031698,0.67660097,0.48360646,0.77068096
274,20,30,2.5781975,21.441092,24.942858,-0.13252063,-0.026313888,-0.11706355,0.14166065,-0.14387963,0.040849338,0.92053718,0.92844146,0.49828582,0.63155596
274,20,35,3.0900434,41.678525,25.006509,-0.31319051,-0.12560256,0.90625867,0.27908936,-0.48911911,-0.17058725,1.4368105,1.2553338,0.60318751,0.8704105
274,20,40,1.3909102,64.911132,24.977557,-0.23531898,-0.18224369,0.0064120724,0.17223608,-0.15788119,-0.19025009,1.3641313,1.4333035,0.49209728,0.67110558
274,20,45,2.7672957,43.733734,25.006834,-0.3358755,-0.024388271,0.6612589,0.16482696,-0.25675561,0.052221148,1.3891901,1.2247693,0.61384399,0.61070454
274,20,50,3.6932475,45.277453,25.080843,-0.22120767,-0.0067034858,0.17996322,0.20397962,-0.058880372,0.21010154,1.2822915,1.1768599,0.60134846,0.68200574
274,20,55,4.6463802,39.815092,25.052019,-0.17056365,-0.10102596,0.50189435,0.15458539,-0.20481186,-0.32161522,1.3935188,1.6076016,0.55747048,0.69173352
274,21,0,4.2423755,33.902789,24.908522,-0.31096632,-0.011534345,-0.22417871,0.18077961,-0.47578513,0.032287846,1.8044283,1.013998,0.57035185,0.64692873
274,21,5,3.1798245,52.413374,25.03211,-0.12517769,-0.10470161,1.667115,0.14787424,0.062094804,0.094411439,1.6102472,1.4969793,0.53266602,0.64140747
274,21,10,3.1258789,64.731571,24.99223,-0.11797731,-0.11469724,0.054644307,0.16594913,-0.31032588,-0.16749091,1.3097732,1.3292348,0.55009415,0.59986446
274,21,15,3.7056356,49.983051,25.278204,-0.17431555,-0.073137867,0.71830608,0.15897265,-0.38387938,-0.1579826,1.2343067,1.2098876,0.48937226,0.70867309
274,21,20,1.6595912,17.187522,25.21883,-0.024367685,0.029689535,-0.014208844,0.096078501,0.018958932,-0.019813545,0.78156598,0.64256867,0.41576246,0.55981397
274,21,25,2.2607486,34.273471,25.606867,-0.063961416,0.023166947,0.024390443,0.14450644,-0.17377814,0.048049672,0.81851949,0.7097806,0.43210286,0.7102071
274,21,30,1.8414262,41.160631,25.394485,-0.11812244,-0.015085118,-0.15744585,0.20285008,-0.035714329,-0.099838573,0.97186513,0.62334923,0.45007998,0.7521232
274,21,35,3.0469795,39.290169,25.430234,-0.19950038,0.017339358,-0.16516643,0.15876074,0.043157382,0.010787844,1.6979202,1.2799851,0.58009943,0.5744204
274,21,40,3.6737725,58.780696,25.376064,-0.29103789,-0.15936273,0.16629917,0.20186008,-0.34030714,-0.14424297,1.4042499,1.2490986,0.58924368,0.69638308
274,21,45,3.6368145,45.875005,25.568234,-0.19489968,-0.018040844,0.20233623,0.1819106,-0.17104034,0.1222394,1.1877771,1.3000645,0.54589591,0.68019167
274,21,50,2.9087048,34.989193,25.601447,-0.35070269,0.043380939,-0.39394267,0.18176655,-0.24503629,-0.053721308,1.4988615,0.95662715,0.57591873,0.56614865
274,21,55,3.5161148,42.075195,25.675914,-0.30117271,0.01788198,-0.15689931,0.16106635,-0.36011859,0.028413165,1.3409414,1.0046324,0.62707637,0.55411309
274,22,0,1.8881948,22.940899,25.473931,-0.10003947,-0.027011383,0.17897276,0.13227723,-0.20229597,-0.081541321,1.1520083,0.99541326,0.43024068,0.55443558
274,22,5,3.9106061,39.334015,25.513317,-0.30124364,-0.071305231,-0.00091785103,0.13817887,-0.22241089,-0.071255019,1.3473472,0.92984318,0.58624188,0.52523673
274,22,10,2.2224709,36.731456,25.691698,0.02239066,-0.14696146,-0.19991287,0.14051598,-0.14775188,-0.18426273,1.0170145,0.99770622,0.56750166,0.58990584
274,22,15,3.2486921,41.239277,25.573455,-0.29713732,-0.06378224,0.42196306,0.14104341,-0.28372335,-0.072566708,1.3589694,0.85750122,0.56411201,0.52762141
274,22,20,3.5279438,27.130269,25.484345,-0.14289086,-0.016301945,-0.067018991,0.14050421,-0.16854788,-0.028977772,1.2851226,0.88494628,0.56927209,0.49905252
274,22,25,3.1936646,26.392622,25.354263,-0.11449536,-0.080015814,0.10855313,0.14897564,-0.11505289,-0.043162498,0.96868674,1.0348682,0.58836381,0.48563671
274,22,30,4.1477222,36.8555,25.356264,-0.1536164,-0.072778688,0.058163041,0.13637752,-0.17928623,-0.036697018,1.2024744,0.95776145,0.59621302,0.48794697
274,22,35,3.7875967,49.313362,25.355524,-0.35857462,-0.10779649,0.45811598,0.1510451,-0.20392564,0.057609241,1.3427393,1.1981251,0.64610216,0.49323682
274,22,40,4.5000752,49.524437,25.176894,-0.15451999,-0.042083444,-0.26362956,0.11195297,-0.15545585,0.025416422,1.0863826,1.1982773,0.64769759,0.38063303
274,22,45,2.5991884,36.98216,25.197837,-0.20450536,0.018141335,0.040510469,0.079118197,-0.15045925,-0.068624966,1.4248329,0.70609529,0.42358979,0.41348422
274,22,50,3.8862366,34.263346,25.286184,-0.16423631,-0.072555969,0.301837,0.091000159,-0.19067687,0.02698876,1.1591307,1.1209537,0.49634147,0.3726332
274,22,55,2.4399708,35.822492,25.318669,-0.041530144,-0.028911122,0.20140424,0.071481746,-0.076825364,-0.080339799,0.8660634,0.66234994,0.37664224,0.39047759
274,23,0,3.8014339,36.521171,25.268147,-0.040568637,-0.031603552,-0.096037543,0.053136897,-0.06048487,-0.01874325,1.1829523,0.89507054,0.54959384,0.30139951
274,23,5,3.8588393,42.120972,25.350381,-0.13688428,-0.071849178,-0.16318409,0.087239253,-0.10286149,-0.019693235,1.508607,0.88492121,0.5542488,0.35181037
274,23,10,3.2507262,40.950577,25.364625,-0.22774564,-0.090403341,0.1264715,0.080531247,-0.13981994,-0.0091596138,1.3018402,1.0459352,0.54370756,0.34979922
274,23,15,3.7099606,33.700312,25.242001,-0.18511998,-0.0084991122,0.19436604,0.063824921,-0.12282784,-0.01845804,1.1594881,0.79323883,0.47594106,0.28721707
274,23,20,2.8561878,36.20608,25.333437,-0.14882665,0.051934919,0.052872633,0.075928743,-0.10998514,0.014465018,1.0405974,0.76399129,0.45569929,0.32700612
274,23,25,1.9995888,29.495798,25.265286,-0.011825501,-0.015228417,-0.0078438804,0.02633169,-0.02606714,-0.033031349,0.61731035,0.61762301,0.34205353,0.2245225
274,23,30,2.5623455,55.616494,25.328813,-0.062086502,-0.031243793,0.044492727,0.035258865,-0.029262681,0.0221608,1.2835607,0.88417862,0.5160642,0.19102193
274,23,35,2.3929167,46.101796,25.308805,-0.023826853,-0.06946003,0.1541037,0.042175277,-0.064314812,-0.063064286,0.80648404,0.85360967,0.43531488,0.24619352
274,23,40,1.7619313,41.697136,25.391143,-0.11836883,0.016917485,0.10401791,0.036334108,-0.038984654,0.016565252,0.78260229,0.53136207,0.38885528,0.18827121
274,23,45,2.6648244,38.670156,25.392443,-0.13258331,0.0082944971,0.015026493,0.043818491,-0.05123616,-0.0027044865,1.063452,0.77861971,0.4751751,0.20518529
274,23,50,2.0509114,33.36591,25.294091,-0.033305623,-0.043878082,-0.081476944,0.022916983,-0.00066730012,-0.015276115,0.70485451,0.80169759,0.4412233,0.12733774
274,23,55,3.0164439,47.086473,25.186744,-0.13524747,-0.076432319,-0.38867501,0.019628779,-0.03720019,-0.013845312,1.1018572,1.1456487,0.4945367,0.10862537
275,0,0,3.0865941,34.479147,25.053712,-0.15149208,-0.057734675,-0.10013459,-0.0068112509,-0.0024347582,0.0032880579,1.0155124,1.0484992,0.47270711,0.055836376
275,0,5,3.0953479,38.769158,25.004287,-0.098160744,-0.00061081897,-0.04243763,-0.012772451,0.013234703,0.010068044,0.91672078,0.69505134,0.42237884,0.081558217
275,0,10,3.267145,41.427228,24.964299,-0.10392673,-0.0040573531,-0.024894643,-0.010707113,0.0087129376,0.0035088764,0.71036093,0.74563209,0.44137613,0.083990846
275,0,15,2.8591344,49.688782,24.838443,-0.10260587,-0.031638877,-0.079723441,-0.013170141,0.038535112,-0.0095530672,0.82000489,0.75177511,0.38349391,0.11337297
275,0,20,2.1411248,42.151405,24.820389,-0.053014814,0.00053111813,-0.11654342,-0.014742723,0.049731737,-0.010217374,0.71010327,0.51745439,0.32233577,0.14017333
275,0,25,2.4515249,37.959303,24.864999,-0.042548738,-8.2679545e-05,-0.0088379151,-0.01440707,0.0080205702,-0.00043466024,0.74397125,0.73098752,0.42901257,0.12342605
275,0,30,2.4276422,51.726887,24.814339,-0.068436751,-0.026680679,-0.0427522,-0.01519373,0.02362631,-0.01945422,0.65986542,0.54012302,0.34382681,0.17190761
275,0,35,1.7275089,34.415549,24.829486,0.001185183,0.0033203188,0.039006924,-0.018062885,0.0045399555,-0.0035789599,0.57974738,0.51562726,0.26214724,0.14945495
275,0,40,1.2080422,351.84747,24.779362,-0.011990443,-0.010697077,0.053304018,-0.013821013,0.023526255,0.032332991,0.29188105,0.36949153,0.16289959,0.20015363
275,0,45,0.58462451,11.53265,24.390611,-0.01409996,0.020134592,-0.010148723,-0.0012609657,0.0085050216,-0.0036472784,0.29855074,0.2573219,0.20069047,0.19649437
275,0,50,1.3921961,359.37151,24.605214,-0.013269806,-0.014714339,0.129577,-0.0047737535,0.056585402,0.026535144,0.52919905,0.46548455,0.20396515,0.22401369
275,0,55,1.8284977,355.72435,24.79138,-0.027625682,0.018806151,0.028820291,-0.01586585,0.030626892,0.022352786,0.44568188,0.44432428,0.26185255,0.21820593
275,1,0,2.0293493,357.63423,24.985065,-0.011822172,-0.018371046,0.030880165,-0.023250278,0.034608646,0.028095256,0.63218708,0.57974668,0.27519994,0.18369579
275,1,5,2.0723725,339.91366,24.858993,-0.044577448,0.015909689,-0.23045972,-0.01696278,0.013735016,-0.032390156,0.68947151,0.70672983,0.29656443,0.20679261
275,1,10,1.8675026,3.346002,24.794569,-0.018236156,-0.0049910068,-6.7727749e-05,-0.012194147,0.053377089,0.010582633,0.46090431,0.697853,0.25264434,0.29537713
275,1,15,2.1355396,7.428107,24.766717,-0.04690175,-0.016811643,-0.16244721,-0.033482386,0.15389014,-0.070022541,0.79793237,0.67575812,0.29331237,0.29365599
275,1,20,2.2919621,7.9251771,24.765463,0.029079313,0.015846683,-0.068891324,-0.025517938,0.0039125818,0.0036793883,0.56956191,0.53245198,0.31823579,0.23998496
275,1,25,1.9349155,8.4098533,24.594094,-0.0076723746,-0.021305469,-0.1202679,-0.021694458,0.086866646,-0.011418461,0.61405601,0.73476003,0.29458582,0.33248296
275,1,30,2.10141,16.658598,24.67356,-0.078798844,0.024202018,-0.09005243,-0.064173064,0.061085418,-0.058758473,0.67982989,0.63825609,0.42213636,0.37282602
275,1,35,2.9061356,350.05472,25.216308,0.0035821999,-0.050883771,-0.028087521,-0.01986925,0.01168478,0.021850258,0.67428523,0.59246407,0.29016559,0.25783643
275,1,40,3.0182866,345.79041,24.679203,0.0349232,-0.077609146,-0.082810494,0.018250998,0.081130785,-0.073029459,0.6020568,0.73816611,0.40397768,0.41477038
275,1,45,2.4478489,350.86995,24.710426,-0.024471375,0.0053145155,-0.035066827,-0.029533186,0.042390731,-0.034091044,0.46864872,0.53420966,0.30223007,0.251194
275,1,50,2.4619744,344.30035,24.7628,-0.027385755,0.0038938382,0.0016719511,-0.012793512,0.016389558,-0.017864536,0.44153327,0.40085243,0.23165704,0.21970647
275,1,55,2.9811187,350.38366,25.056299,-0.022209985,0.020592559,-0.045097782,-0.017654505,-0.0039424394,-0.013682934,0.55636947,0.50028053,0.27895549,0.18336602
275,2,0,2.0839808,347.48253,24.8305,-0.0096294449,-0.006595388,-0.17251448,-0.010698717,0.11490063,-0.1626967,0.50180096,0.63285294,0.23849755,0.44895586
275,2,5,1.8901041,321.44994,23.978473,0.0029753469,-0.051505651,-0.039518351,0.025685003,0.072978458,-0.32493378,0.36603689,0.80839076,0.31925863,0.71936618
275,2,10,1.8076876,313.51881,23.508272,-0.01189536,0.016908787,0.096495832,-0.025845181,-0.022329727,-0.44688849,0.45261297,0.70932377,0.19130106,0.87898452
275,2,15,1.5326062,321.49577,23.268832,-0.0033553054,-0.021108959,0.085820083,0.017109173,-0.053120531,-0.14169886,0.42383717,0.56439808,0.26039345,0.59593608
275,2,20,1.403871,1.5367926,23.900379,-0.0033342337,-0.014260597,-0.053803135,-0.0014852971,0.044346123,-0.099365707,0.31667364,0.57801478,0.21911183,0.39932035
275,2,25,1.41355,348.65255,23.916086,-0.01635682,0.004770314,0.016051421,-0.017268126,0.06618299,-0.01655782,0.3757473,0.343941,0.16507942,0.32394223
275,2,30,1.2909337,346.21537,23.67977,-0.013565847,0.0019546551,-0.010563554,-0.014774666,0.060415266,-0.10643674,0.28640751,0.39507661,0.1859165,0.55078685
275,2,35,1.6339464,335.93402,23.661282,-0.039278081,-0.0025025975,0.040801999,-0.0519374,0.11151045,-0.18703921,0.45872014,0.53335977,0.28840386,0.74815995
275,2,40,1.7463939,342.21728,24.265677,-0.0075900215,0.014242708,-0.029947933,-0.028684112,0.098404638,-0.11284552,0.4330144,0.46016643,0.23777016,0.5178211
275,2,45,2.0816364,313.26402,23.31128,-0.0057762302,0.04659153,0.18812254,-0.043108879,-0.2131532,-0.32295236,0.55546443,0.61237888,0.24273113,0.95486488
275,2,50,1.7690552,322.16448,24.094206,0.0079341582,-0.012755805,-0.024217339,-0.0059523831,0.014888723,-0.24745975,0.40444763,0.67251811,0.20531278,0.59910371
275,2,55,1.7146494,338.75457,24.241855,-0.006147849,-0.0073810328,-0.060056275,0.0013094218,0.1317736,-0.21477354,0.41770619,0.49605222,0.18444457,0.69310139
275,3,0,1.7887483,318.79119,23.897236,0.0034950245,-0.0067323611,0.071048349,-0.0025863324,-0.080875421,-0.29934222,0.46802661,0.54006303,0.21416726,0.83878739
275,3,5,2.191265,292.06452,22.551881,0.015787467,0.023392072,0.023517869,-0.02030348,-0.054399271,-0.034473179,0.33095387,0.35149177,0.20161662,0.65529887
275,3,10,2.1427199,290.85846,22.236063,0.011113433,0.00095883753,0.054147956,-0.0092419023,-0.087759814,-0.075101003,0.35554502,0.38629018,0.21250004,0.63271129
275,3,15,2.2820996,289.96999,21.977126,0.009438586,0.016348307,0.037201469,-0.012309758,-0.077440681,-0.039564481,0.34311752,0.3724518,0.2084216,0.61732556
275,3,20,2.0916448,289.9299,22.249587,0.009046111,0.014032824,0.067748055,-0.0039858396,-0.080043513,-0.057346147,0.37896301,0.39452638,0.21457956,0.57315193
275,3,25,2.0877835,290.15827,21.95992,-0.0032166101,0.019500067,0.03030323,-0.018632738,-0.034212116,-0.090623834,0.3227591,0.35446955,0.22937258,0.53029892
275,3,30,2.1891678,289.71432,21.991564,0.0072653622,0.00019804311,0.14275427,-0.0049705949,-0.21385313,-0.1386991,0.52786021,0.43710455,0.21777603,0.62210142
275,3,35,2.4837989,286.93754,21.283178,0.013831374,0.014886572,0.019304867,-0.021966669,-0.068964709,-0.070897821,0.30961021,0.28840643,0.19102084,0.61404258
275,3,40,2.148624,290.08577,21.618891,0.0045947507,0.0025145673,0.0046869696,-0.019672225,-0.026674067,0.029455597,0.273115,0.23022801,0.16637585,0.56115912
275,3,45,1.9766136,284.80907,22.168867,0.015440327,-0.00073138935,0.013458146,-0.022616104,-0.09937399,-0.037976716,0.41161747,0.27696066,0.20332008,0.91955691
275,3,50,1.7983621,282.22272,23.153655,0.0040350725,0.0010946516,-0.0052132931,-0.0054920059,-0.022645232,-0.0064178081,0.25365683,0.18159158,0.1112734,0.34521035
275,3,55,1.0254823,274.66612,22.172184,0.020173901,-6.1352329e-05,-0.015067386,-0.035821068,-0.025261147,-0.024187216,0.26006991,0.26250463,0.20721513,0.54695189
275,4,0,0.46204679,264.05818,21.871292,-0.00058427494,0.00092729835,-0.043519831,-0.0024804949,-0.026041328,0.029630655,0.23663718,0.24840062,0.091278189,0.19705332
275,4,5,1.6821433,295.22566,21.893401,0.0026085809,0.00030478478,-0.0031781313,-0.0013435034,-0.022645139,-0.0014025844,0.16097236,0.13580989,0.082478523,0.24668035
275,4,10,2.5837208,291.60054,21.412538,0.0026474781,-0.00016459344,-0.032306,-0.0068839806,-0.08157738,0.042570223,0.26756637,0.23092274,0.077242301,0.53488825
275,4,15,2.4663492,287.09384,21.36293,-0.0022388641,0.0011707,0.0062089893,-0.0040919736,0.028082641,0.020364943,0.23330525,0.17262764,0.085976038,0.59321791
275,4,20,2.1803339,294.56042,21.714844,0.0058099868,-0.003562377,0.0012842443,-0.003563755,-0.039006059,0.0021507195,0.24650152,0.19355928,0.11856805,0.39015541
275,4,25,2.4749033,290.47923,22.394021,0.0057518022,-0.0012925997,-0.011196836,-0.0017786272,-0.019924988,0.0058066342,0.20636131,0.2288978,0.12259744,0.38961966
275,4,30,2.0792114,281.05633,22.717373,0.0035252453,-0.00090525613,-0.0096399754,-0.0051110211,-0.063229654,0.01673258,0.2091092,0.1406273,0.078311532,0.44034001
275,4,35,2.1922558,283.74064,22.397404,-0.00097480655,0.0030027587,-0.010097021,-0.0029111612,-0.045693009,0.003553489,0.26237554,0.1646202,0.091830785,0.424084
275,4,40,1.5981345,285.30841,22.009736,0.01248371,0.00097056376,0.0049303936,-0.010957678,-0.19133363,-0.0057891933,0.42488041,0.26950098,0.16865716,0.61544924
275,4,45,0.82951982,306.23216,22.12037,0.017272824,-0.0015142879,0.014132353,-0.010475329,-0.051247792,-0.033084768,0.28736751,0.26430168,0.16969506,0.35114592
275,4,50,1.5511975,295.98997,21.434682,0.0099159056,-0.0023653042,0.0025894218,-0.008291627,-0.083160351,-0.011614577,0.3359123,0.23610048,0.17118985,0.40112917
275,4,55,2.7639939,297.32504,21.29309,0.0082402151,0.0053193556,0.0066202527,-0.003270527,-0.030976329,0.0152875,0.21839662,0.22887339,0.14350524,0.51286713
275,5,0,3.2318315,287.06657,21.320712,0.0091158144,0.0056307759,-0.0013708442,-0.0032060575,-0.023820501,0.007014037,0.33025444,0.20290427,0.11141733,0.49749815
275,5,5,2.9046198,282.43442,21.639297,0.0026216387,0.0040951371,0.00038451859,-0.0095361882,-0.038555481,-0.00026793228,0.23278087,0.16579983,0.10580869,0.4579899
275,5,10,2.5849371,285.5748,21.87488,0.0011669862,0.00096368931,-0.0033475917,-0.0033116838,-0.050472101,0.0048545904,0.217126,0.13868519,0.1036744,0.37374355
275,5,15,2.4459466,287.09288,22.154484,0.0027052243,-0.00030111273,0.0014527629,-0.003975448,-0.011461619,-0.0016051129,0.15980835,0.11593879,0.076639653,0.23765187
275,5,20,1.8820497,279.19932,22.073405,0.002422723,0.0011409019,0.0099242299,-0.0038877276,-0.029847243,-0.015104397,0.16964118,0.15760234,0.069898445,0.24528552
275,5,25,1.6938952,280.83934,22.049065,-0.0032016789,0.0028896255,-0.0096382604,0.0008352463,-0.11333501,0.013071966,0.30448567,0.13829923,0.10381868,0.50728308
275,5,30,2.425853,283.33331,21.768806,0.0010194918,0.002389712,-0.049498665,0.0039637809,-0.13861837,0.21188575,0.27219342,0.33497995,0.087103394,0.92010047
275,5,35,2.4856143,286.52905,21.606356,0.0022865551,0.0018487853,-0.01579353,0.00092005993,-0.010734567,-0.037180635,0.16933502,0.21227822,0.093421035,0.51341846
275,5,40,2.5592433,289.7235,21.219315,-0.0002981278,0.0016493723,-0.020738011,0.00068012375,-0.046494779,0.034485441,0.23765378,0.17938443,0.09100239,0.45936139
275,5,45,2.0509715,281.60821,21.736974,-0.0034748145,0.0068633049,-0.03191167,-0.013840981,-0.020079599,-0.023235716,0.29851431,0.22953392,0.13004503,0.42090568
275,5,50,1.7882421,275.84151,21.989681,0.0097315859,0.0031942285,-0.011972017,-0.017773971,-0.054278297,-0.0046918042,0.29285834,0.21090826,0.12539695,0.37095438
275,5,55,2.6070759,289.29335,20.467793,0.0063208211,8.9408713e-05,-0.0016404286,-0.013004551,-0.045903255,0.001361797,0.2724581,0.20548858,0.1115961,0.60535923
275,6,0,2.898361,298.32678,21.818984,0.002361366,-0.0037352291,-0.0020626381,-0.012311209,-0.077517493,0.02625821,0.39798659,0.2834415,0.10979128,0.55684848
275,6,5,2.9647187,311.87808,22.118309,-0.0017430476,-0.01345446,0.020187433,-0.0089763876,-0.0119808,-0.038864134,0.26852331,0.32500307,0.14739609,0.56877112
275,6,10,2.0112237,302.55458,22.092693,0.014192795,0.0061208795,0.043958024,-0.002967017,-0.073487375,-0.0013152226,0.37660271,0.29618124,0.17329222,0.48883041
275,6,15,2.0908436,286.5276,22.425079,0.012482983,0.0019613495,0.017797064,-0.0089738422,-0.030549186,-0.0022885059,0.28923615,0.18076992,0.12277965,0.32742038
275,6,20,2.6001458,282.84008,21.768545,0.0017151188,-0.0018806998,-0.0056352345,-0.00089642849,-0.027040905,0.029683767,0.1531317,0.24794157,0.071728669,0.52804974
275,6,25,2.2085569,287.26004,21.716586,0.0039735954,0.0001177574,-0.0042555192,-0.0131481,-0.035477562,0.037511715,0.17779503,0.14349523,0.095663223,0.96704177
275,6,30,1.4177739,293.37739,21.435231,0.012620499,0.0025062056,0.032673054,-0.005866221,-0.11835554,-0.013579868,0.34453627,0.28739787,0.16794256,0.69003887
275,6,35,0.73086377,255.40394,21.659605,0.014715685,-0.0039914247,-0.040967759,-0.017051768,-0.061059881,0.0046523924,0.34168791,0.29448381,0.18206036,0.50946988
275,6,40,1.2863471,304.78691,20.748485,0.040287346,-0.0044849087,-0.0019012366,-0.048810393,-0.13641527,-0.020302572,0.40912963,0.33625414,0.23268528,0.73885251
275,6,45,2.6233283,304.60021,20.718815,0.013049062,0.0034206035,0.0061403721,-0.019712402,-0.059377246,-0.017816922,0.36910837,0.23151247,0.17851069,0.5559419
275,6,50,2.2540594,301.77273,20.580345,0.012609826,-0.0082640185,0.026068345,-0.016070064,-0.026158499,0.031727288,0.32634837,0.29356017,0.17770307,0.57908458
275,6,55,1.7225315,278.64764,20.413014,-0.0034780829,0.0079724937,-0.021140522,-0.0074491226,-0.16307764,-0.050082025,0.45185498,0.27930428,0.13111484,0.81618976
275,7,0,0.89305626,266.66479,20.539692,0.0031989314,0.0019145325,-0.015043798,-0.0030413134,-0.0099064549,0.051073712,0.23173014,0.32442367,0.12973314,0.33532439
275,7,5,1.1052715,256.19473,20.78892,0.00027566256,0.00043272308,0.020187188,-0.0078551018,-0.007882607,0.022870885,0.23301964,0.28930737,0.13519907,0.38200405
275,7,10,1.0622762,251.25919,21.004297,0.0052756959,0.0019056077,-0.014429489,-0.0055762638,-0.032353261,0.060188839,0.20504906,0.2311114,0.12095385,0.47081352
275,7,15,1.0130414,247.48415,20.442396,0.010608183,-0.010690372,-0.020308439,-0.016769616,-0.035364348,0.02829622,0.2762658,0.2241322,0.14758237,0.34668527
275,7,20,0.62036338,250.41795,19.762918,0.019840746,-0.0073462961,-0.0079856794,-0.012626894,-0.012380535,0.033371187,0.23835577,0.23753948,0.16664134,0.3939882
275,7,25,1.1850791,287.81419,19.926504,0.0082720135,-0.00014201449,-0.05828483,-0.0035023366,-0.07632093,0.016089014,0.47438846,0.30382534,0.15093129,0.35102246
275,7,30,1.6646841,292.27836,20.375727,0.0058791811,-0.00057221435,0.025641187,-0.010022682,-0.019127024,-0.027337248,0.28346025,0.29252823,0.1331093,0.36830376
275,7,35,2.0442219,282.85113,20.248699,-6.1780905e-07,0.003067006,-0.0140217,-0.0044077674,-0.0085869857,0.023393387,0.25435949,0.18940859,0.10299827,0.57524209
275,7,40,0.69697974,184.32455,19.42338,-0.012493836,0.0037034374,0.11090826,-0.016687989,0.038474777,0.1217293,0.31380566,0.74366685,0.17820721,0.73430571
275,7,45,0.22119955,79.52666,18.994404,-0.027880993,0.00021866067,0.014615803,-0.0072750598,-0.020952548,-0.10593889,0.32961366,0.42137856,0.22798621,0.45807907
275,7,50,1.7648398,303.42955,19.359778,0.0024607451,-0.002147797,0.074533331,-0.0027131262,-0.026852243,-0.01231666,0.41723941,0.31074557,0.12085353,0.3112817
275,7,55,3.0630248,283.99575,19.805035,0.00052920813,0.0046315039,0.012464712,-0.0007823588,-0.067570813,-0.015166478,0.25466116,0.15880484,0.10692448,0.41167469
275,8,0,1.9059863,280.97079,19.478544,0.010238538,0.029472225,-0.10408149,-0.021374962,0.1625484,-0.089448811,0.64121277,0.28857326,0.21413621,0.8417868
275,8,5,0.54120742,328.43811,18.577751,-0.016622602,-0.0055585505,0.056706672,0.026463835,-0.089662787,-0.050833956,0.42270112,0.24770423,0.14409666,0.54930847
275,8,10,1.0210182,341.25252,18.68888,0.007865119,-0.0019413698,-0.028175102,-0.011145294,0.0046162667,0.022797474,0.25593444,0.32310409,0.17040716,0.38251091
275,8,15,1.7836084,302.23077,18.408171,0.00036519331,-0.0022940415,0.011400894,-0.0010909049,-0.0092421125,-0.00015924456,0.14641426,0.18063924,0.079348855,0.25332211
275,8,20,1.9819465,309.82348,18.55462,0.0020083296,-0.0026578986,-0.0055960565,-0.0076558936,0.020512644,-0.004673605,0.2652856,0.17749012,0.073823628,0.46654832
275,8,25,1.2113085,288.78771,18.211014,0.020427772,0.011152479,0.026911893,-0.015649612,-0.18232616,0.0068636445,0.46435069,0.35519693,0.14519462,0.50540303
275,8,30,2.3133696,291.08305,18.461056,0.0011592212,0.00067195585,0.0099850681,-0.0020528573,-0.013132032,0.0017863675,0.1907206,0.18202396,0.063717644,0.17684466
275,8,35,3.0315438,286.34567,17.674981,-6.5841527e-05,-0.0013013048,-0.014343368,-0.0007554944,-0.034242619,0.13955226,0.17907099,0.23599285,0.095554207,0.77662688
275,8,40,3.2024318,292.48367,19.336292,0.0046925361,-0.0012288615,-0.013028007,-0.01760211,-0.11307933,0.034137369,0.253996,0.16172293,0.094784856,0.63334933
275,8,45,2.9477881,281.65127,19.029248,0.00039958204,-0.0020225305,-0.0071772267,-0.0017720379,-0.0061321156,-0.0050520713,0.17418137,0.18552217,0.093294686,0.32987283
275,8,50,1.987485,286.96065,19.372511,0.0032351388,-0.0024362835,0.0052783303,0.0029673874,-0.080088875,-0.0039198917,0.29137712,0.17843645,0.12923214,0.58852608
275,8,55,0.88640682,328.34532,19.353807,0.019152278,0.0059167861,0.075616086,-0.0082010853,-0.11648405,-0.065856573,0.44997248,0.36235179,0.18353206,0.46335094
275,9,0,1.1498611,297.34962,18.502157,0.0049014631,0.0058277351,0.0017426792,-0.011070233,-0.064724448,-0.0039082752,0.28987455,0.27086385,0.12990426,0.42281882
275,9,5,2.0194303,284.66832,18.378309,0.00683304,0.0066593121,0.0060993644,-0.0081412162,-0.041273817,0.069183546,0.23021526,0.31501249,0.14634042,0.60214322
275,9,10,2.5120554,289.094,18.522265,0.0068183337,-0.0034821132,-0.074647077,-0.01450555,-0.13478471,0.30362221,0.30900472,0.42934159,0.12331477,0.93798838
275,9,15,2.8745106,287.2934,18.673206,-0.0025357804,0.002244962,0.0033216212,-0.0019592479,0.040220061,0.029205622,0.23218474,0.19903482,0.10631533,0.64321702
275,9,20,1.3746571,275.34502,18.479667,-0.00019421157,0.0018946778,-0.069142877,-0.0089653712,0.18512026,-0.24418278,0.38726733,0.40112011,0.18208343,0.97245418
275,9,25,1.1067874,295.85962,19.21885,-0.013489738,0.0052705663,0.0082044206,-0.019472296,-0.044910313,-0.050789093,0.55339122,0.2798251,0.1851731,0.54328272
275,9,30,1.4535704,285.4511,19.00319,0.0055863481,0.0074517442,0.0087851071,-0.015621943,-0.064416965,0.024668139,0.23756062,0.23561937,0.1430726,0.87009547
275,9,35,2.408573,294.28996,18.177588,0.0041963277,-0.00071235358,-0.027596289,-0.01111654,-0.076175523,-0.010741969,0.33423972,0.27257073,0.16639602,0.58539312
275,9,40,2.8500311,291.89538,18.633911,0.00574761,-0.00018467893,-0.0090251256,-0.0096503144,0.011931198,-0.014053003,0.25535486,0.19203221,0.11927443,0.45973703
275,9,45,2.6984221,285.64473,18.6985,-0.00091223134,0.0010244702,-0.013751227,-0.006170308,-0.048510905,0.039235148,0.22614954,0.18377181,0.11826212,0.60877505
275,9,50,2.8860443,285.15359,18.82031,0.0037771196,-0.0027126064,-0.0042678284,-0.0038143043,-0.018184524,-0.016080903,0.18431119,0.17141968,0.10738735,0.44984357
275,9,55,2.6044622,294.71735,19.272118,0.0015075167,-0.0014058385,0.0019450222,-0.0045568672,-0.043418888,-0.0039698539,0.19713889,0.15519711,0.11233927,0.40413304
275,10,0,2.5511477,301.47436,18.624953,-0.001707057,-0.0022602066,0.0062632404,-0.001073626,0.047084235,0.041756507,0.17807101,0.19909644,0.099249049,0.55056472
275,10,5,2.7514583,288.77887,18.445145,0.0070677251,0.0035948915,-0.00092737696,-0.0079290969,-0.0096902017,0.043949187,0.23328621,0.26435123,0.11717603,0.61962041
275,10,10,2.8636977,291.21139,18.942799,0.0036207094,-0.0047858956,-0.0027742911,-0.0090074789,-0.07160743,-0.0058186267,0.28279606,0.17719728,0.13574169,0.53330348
275,10,15,1.9847151,307.91008,18.720408,-0.0029289992,-0.0013164108,-0.015251743,-0.014203963,-0.040103503,0.057281167,0.31628519,0.25168747,0.1530873,0.52665622
275,10,20,0.50337469,341.40319,17.914914,-0.00028170242,0.010475065,0.014123519,-0.00075571834,0.0053224088,-0.0045542754,0.22988066,0.24533715,0.12502588,0.1885692
275,10,25,1.1610043,295.17602,17.743937,0.0041998651,6.3356649e-05,0.017748936,-0.004162508,-0.084387711,-0.015436485,0.27551574,0.18226772,0.099870737,0.46497454
275,10,30,2.0588601,292.98535,16.968959,5.5021852e-05,-0.00664373,-0.0099950961,-0.00045370308,-0.0056869777,-0.006993422,0.23028495,0.18189638,0.082928817,0.52484373
275,10,35,2.0360366,283.15546,16.904418,0.0033145473,0.00073499642,-0.0018760033,-0.008735792,0.0054622862,0.025992993,0.19861654,0.22643956,0.12240944,0.45133823
275,10,40,2.0154072,274.14568,18.366747,0.0038213109,-0.0026875211,-0.01818962,-0.0030640348,0.014216781,-0.00012382118,0.23147453,0.17874988,0.10201807,0.29901045
275,10,45,1.3688377,259.30568,17.430447,0.0046688618,-0.0044739311,-0.036989115,-0.0087508573,0.012324367,-0.014819282,0.32203846,0.21978847,0.12658702,0.58830105
275,10,50,0.71576646,351.58849,17.415401,-0.00075361604,-0.0069123075,0.083127339,-0.021688856,-0.0050362807,0.020110066,0.32762735,0.39556568,0.13637527,0.42869344
275,10,55,1.0094064,15.97718,17.17688,0.0038165601,0.0026633507,0.010097987,-0.0033289907,-0.011003499,-0.012054125,0.19487099,0.13562233,0.099639259,0.27128342
275,11,0,0.057724252,209.27941,16.39054,-0.037006543,0.011385608,-0.03351172,0.011845274,-0.031992731,0.037824722,0.30358233,0.22764682,0.15811051,0.29445708
275,11,5,0.41717652,153.58004,16.06695,-0.0013163535,-0.006797726,-0.0017016561,-0.011917081,0.04458706,0.01710841,0.27087403,0.19473937,0.15870097,0.35857724
275,11,10,0.41408137,153.35925,15.860551,0.0051207781,-0.0038347886,0.020054069,-0.006845515,-0.0046676366,0.00041955696,0.17558617,0.22827456,0.12593069,0.28977447
275,11,15,0.83175898,264.40808,15.367069,0.00017846594,0.002492771,-0.006419983,-0.0038915873,-0.11629612,0.028365186,0.28581298,0.35145405,0.19073978,0.5708679
275,11,20,1.2250377,308.06533,15.338287,0.030093531,0.0037068029,0.045140815,-0.039345493,-0.073797273,-0.048580274,0.38792531,0.35646129,0.23789188,0.38832983
275,11,25,1.8418224,281.51374,15.870888,-0.0029628969,0.0044545677,-0.060162433,0.0032953861,-0.18752299,0.072005536,0.40823885,0.23171349,0.093599494,0.60211125
275,11,30,1.408846,279.50783,16.00527,0.0041043703,0.0019554698,0.015906298,0.0024989563,0.036702156,-0.021392251,0.27712568,0.2501685,0.11105699,0.39687674
275,11,35,0.64939024,269.39938,15.827808,0.022154196,0.0085858321,0.021185493,-0.0084023222,0.001271655,0.0045683638,0.30876849,0.29268344,0.16983367,0.20135779
275,11,40,1.8113931,264.92676,15.880821,0.0015960462,0.00029879357,0.0077095975,-0.0026699432,-0.011619428,-0.010696913,0.17896254,0.31907566,0.11248665,0.25838516
275,11,45,2.9154904,288.63235,15.093159,-0.0045893169,0.00039688151,0.0014959964,-0.012700574,0.066238651,0.17276769,0.2408378,0.40016073,0.097799001,0.73353045
275,11,50,2.6082362,279.65209,16.47664,-0.0020720631,0.0057522898,-0.037592272,-0.0056826805,0.018883114,-0.021197174,0.4048002,0.2731468,0.10474229,0.34758475
275,11,55,2.0706508,160.80481,16.446597,-0.022321388,0.0085932397,0.028551399,-0.012372048,0.048057452,0.014843831,0.48485137,0.34029184,0.18926959,0.37286011
275,12,0,1.343942,147.94661,15.349266,-0.017784529,0.0099659739,-0.023608041,-0.012647603,0.088427813,-0.088944855,0.41517554,0.41619302,0.14068577,0.35896766
275,12,5,0.18635933,298.56544,15.915019,-0.021343534,0.010279817,-0.028711748,0.017151407,-0.038603864,0.031806563,0.26293501,0.26183381,0.1971755,0.29867153
275,12,10,1.4418453,303.6417,15.403635,-0.018068741,-0.024219512,0.13261159,0.0067320645,-0.17224418,-0.15100349,0.50541844,0.40695586,0.2026217,0.55112989
275,12,15,1.6307784,265.95155,15.131593,0.02068338,0.015448835,0.015140188,-0.013124911,-0.026906034,-0.028367838,0.44291052,0.27613822,0.19796547,0.64757113
275,12,20,1.7300677,274.15586,15.717316,0.0063479443,-0.0029854708,-0.0023180772,0.00079478477,0.020293853,-0.0036529194,0.18477719,0.20337011,0.12612818,0.63407428
275,12,25,2.1902029,298.28022,15.330037,-0.0043153808,-0.0011480733,0.010443772,0.0069703117,-0.033439745,-0.088439948,0.1599758,0.35080871,0.10291397,0.52378384
275,12,30,2.199155,285.23519,15.529684,0.002440718,0.0012896449,-0.00033293848,-0.0053623298,-0.024313356,-0.004027938,0.20232099,0.13949539,0.082453667,0.27113525
275,12,35,2.1792303,278.03048,15.746794,0.0019924577,0.0013980405,-0.00047013939,-0.0015175565,-0.0032735469,0.020742593,0.22265499,0.19381336,0.11768536,0.39824654
275,12,40,2.4878072,279.99034,15.570124,0.00050599055,-0.0010694123,-0.015033378,0.00038340079,-0.043900854,0.032635359,0.18257782,0.20349822,0.098378354,0.47183226
275,12,45,2.3513891,275.58582,15.760427,0.00074563737,0.0023852525,-0.035084807,0.0059999464,-0.11338023,0.16725932,0.24759892,0.24087148,0.085578847,0.94647287
275,12,50,1.2992293,261.22096,15.825264,0.00051697227,0.0021077,-0.053221771,-0.017284577,-0.0044649445,0.018689878,0.39811399,0.32325263,0.15590785,0.48225129
275,12,55,1.693218,293.04257,15.911001,0.011594858,-0.0073497485,-0.010246365,-0.025815282,-0.047371833,0.025781318,0.31303231,0.23384104,0.17081009,0.55931302
275,13,0,2.8741331,290.20469,15.983824,0.0017870055,-0.00077220714,-0.0089283162,-0.0054431641,-0.0059148676,0.0066402632,0.23421062,0.20733596,0.10345976,0.39729657
275,13,5,2.9528239,291.14144,16.765995,0.00091555654,-0.00012623131,-0.0069365093,-0.0016767371,-0.0042863075,-0.0034371198,0.16975419,0.16143584,0.098228972,0.23084391
275,13,10,2.604945,288.4752,16.474115,0.0019348585,-0.0015123833,-0.0087890359,-0.012020442,-0.087115107,0.033408891,0.30074974,0.25588214,0.11437631,0.58772891
275,13,15,1.4693331,274.30544,17.630715,-0.0034705276,0.010044276,-0.081179766,0.0020944233,-0.14717806,0.1218717,0.40006391,0.38218582,0.16465866,0.7866373
275,13,20,1.9648635,256.93091,17.93263,0.018558544,-0.0049168231,-0.074621362,-0.01972368,-0.048038096,-0.0021142169,0.51148701,0.29245728,0.15717713,0.45906358
275,13,25,1.7907844,248.71511,18.295206,0.0040651393,-0.0033452754,-0.0034228929,-0.016096911,0.082039032,0.068854771,0.42139637,0.33741478,0.19513774,0.48654775
275,13,30,1.1335475,302.84082,17.36437,0.025942106,-0.012436931,-0.083129587,-0.023040976,-0.12848884,0.027723402,0.57652276,0.41021087,0.25657978,0.57769574
275,13,35,1.4407402,290.16673,17.285618,-0.0071698054,-0.00040483006,-0.030402886,-0.019072789,-0.091369175,0.064156115,0.38431097,0.27521538,0.18830681,0.58907126
275,13,40,2.4633527,298.94512,17.177167,0.023296559,-0.0079403259,-0.033407016,-0.040582424,-0.073790277,0.016351035,0.47383137,0.2683291,0.19843694,0.75425709
275,13,45,1.8446657,316.26628,17.529599,0.010063305,-0.0030208797,-0.00012343089,-0.0036625907,-0.038091352,0.017961351,0.20757252,0.23371041,0.10731095,0.48120428
275,13,50,0.97220127,47.589325,17.429307,-0.0077289665,0.0028781492,-0.016707682,0.0019917296,-0.012543931,0.0042811199,0.23179794,0.15387378,0.075322434,0.13894348
275,13,55,0.76065287,229.23442,17.081214,0.0034065273,-0.0022204468,-0.0031995913,-0.0026851646,-0.0093459503,0.0066971035,0.22293203,0.16379977,0.097308546,0.17069603
275,14,0,0.30823369,313.34231,17.178042,-0.014643679,-0.0057716668,-0.0098049972,0.010992472,-0.059129122,0.015476423,0.29633213,0.23826702,0.14230128,0.29870074
275,14,5,0.50190422,1.4424787,16.508804,-0.0068824906,0.0052403665,0.00073782663,-0.0088001895,-0.0010779825,-0.0086433797,0.17124351,0.26427528,0.17407241,0.15841257
275,14,10,0.37901995,222.70173,16.836141,-0.011544633,-0.0022123918,0.0094369366,-0.00058483309,-0.0052403839,0.00075426238,0.23377234,0.10208414,0.089597911,0.11465349
275,14,15,0.7940289,311.03564,16.911325,-0.003822256,-0.0012550429,0.00052463617,0.0039323147,-0.0068164374,-0.0019641199,0.1309981,0.11603833,0.094503037,0.092480865
275,14,20,0.99240086,340.56619,17.692272,6.4869876e-05,-0.0052422625,-0.0053650228,-0.00086123479,0.0020002827,-0.0028452818,0.16835546,0.20389808,0.12637289,0.084852485
275,14,25,0.3006965,184.64711,17.940887,-0.0068660838,0.0025284408,0.003774355,0.01775203,-0.010809935,0.0077174961,0.21521803,0.1677149,0.14603913,0.20274337
275,14,30,0.48549019,129.95708,17.870325,0.0096478482,0.0030803059,0.0052514629,0.00043174914,-0.0075789332,-0.001691696,0.17229886,0.16096565,0.11729583,0.11488569
275,14,35,0.85938378,76.873628,18.005672,-0.023281965,-0.00076004491,0.0066915264,0.019359709,-0.017323694,0.0022002594,0.24350495,0.22588759,0.17537214,0.17443447
275,14,40,1.4619433,110.19553,17.492837,-0.0095785067,-0.011696273,-0.041474525,0.025364289,-0.030211751,0.024747021,0.37488289,0.3458031,0.1807608,0.38870011
275,14,45,0.98518439,108.10271,16.826468,-0.014806358,-0.0072416013,-0.0013293361,0.02659004,-0.031030573,-0.010075088,0.23594268,0.25288115,0.18673631,0.26451466
275,14,50,0.51938469,217.15354,17.356436,-0.028390944,0.0082680854,-0.0092892545,0.038555078,-0.019966016,0.0056040996,0.24486302,0.19050209,0.21700365,0.28004376
275,14,55,0.49433667,26.575947,17.524832,0.010470152,-0.003991313,-0.011719509,0.013673351,-0.00045873738,-0.0051174635,0.20566181,0.20202608,0.19555813,0.15816217
275,15,0,1.4564764,50.481439,16.677924,-0.0078999707,-0.0089466727,0.0035287478,0.017395129,-0.030709009,-0.013561738,0.23706664,0.25825943,0.17004781,0.33381594
275,15,5,0.58515426,62.63597,16.815182,-0.013400797,-0.0059898551,0.0051851162,0.03211248,-0.013445733,-0.0085927312,0.20709314,0.20512842,0.23574865,0.22830022
275,15,10,0.79975992,75.418,17.305247,-0.030290859,-0.01875708,0.024343,0.066879799,-0.05386523,-0.021647295,0.47319504,0.22725702,0.24069699,0.38494977
275,15,15,2.1316288,51.424206,16.933404,-0.04502665,-0.013838516,0.019710195,0.048023709,-0.082443695,-0.021964471,0.407291,0.32332007,0.26466872,0.32949975
275,15,20,1.6878483,48.020118,16.851676,-0.051800902,-0.01850969,0.027039816,0.076739145,-0.081796231,-0.036865672,0.37952841,0.45431829,0.30957001,0.37947155
275,15,25,0.88445823,42.657589,17.00765,-0.071899164,-0.015973811,0.040370238,0.093379433,-0.084317773,-0.032952415,0.43175732,0.25282674,0.2945759,0.4186224
275,15,30,1.2420659,77.312807,16.79234,-0.014881153,-0.0014423249,-0.028154104,0.070328023,-0.025754505,0.012366061,0.32737354,0.2825435,0.25466888,0.4113626
275,15,35,1.8824802,73.092828,16.721486,-0.0047113088,-0.02495448,-0.033490268,0.057785101,-0.032023921,-0.0073487779,0.38105947,0.42653923,0.27319994,0.42238027
275,15,40,1.7190209,73.499483,16.691737,-0.057762916,-0.002997832,-0.038255773,0.12226536,-0.096744025,0.024117408,0.39408039,0.42325455,0.32252811,0.54695493
275,15,45,0.85264232,73.01862,16.681799,-0.0064198876,-0.002187617,-0.0052315259,0.069719697,-0.036400585,-0.0036616923,0.34950196,0.22327546,0.24625042,0.42190732
275,15,50,0.60506759,38.110517,16.867179,-0.0060719622,0.012124885,-0.022462776,0.052021694,-0.030528599,0.034632204,0.25071904,0.33124598,0.26656165,0.30447387
275,15,55,1.0765214,89.08043,17.306138,-0.014618329,-0.0077767932,0.005329327,0.08234087,-0.023410951,-0.012985046,0.42443958,0.27668934,0.26784115,0.48525755
275,16,0,1.0456273,90.512647,17.256618,-0.010395702,-0.012101184,0.021083292,0.066844946,-0.0078861816,-0.017070879,0.46706553,0.36736567,0.27981854,0.40152769
275,16,5,0.97987393,95.988637,17.794543,-0.048794107,0.006284174,-0.005548512,0.16283599,-0.056278156,-0.027563337,0.38022006,0.35325303,0.3629164,0.63366499
275,16,10,1.1526272,133.42256,17.906904,-0.005792011,0.011269712,-0.036926497,0.18522272,0.010716951,0.059462298,0.48163395,0.44219101,0.33210671,0.74120344
275,16,15,1.4215463,114.91514,17.688022,0.032372924,0.011453821,-0.031829742,0.078443259,-0.008933565,0.073872097,0.49164208,0.35641895,0.27332583,0.50169945
275,16,20,1.7084404,111.95676,17.896625,0.030127617,-0.0060542326,-0.080601937,0.10052665,0.0077250071,-0.015203951,0.57730171,0.36457071,0.31283998,0.53994892
275,16,25,1.0708768,124.51386,18.025642,0.019860586,0.016610783,-0.079246999,0.10103512,-0.010100221,-0.0073701915,0.53429823,0.54967682,0.31548944,0.54881574
275,16,30,1.5508952,112.3104,17.981315,0.00056253076,0.016274867,-0.044379068,0.080830141,-0.16411647,0.059518163,0.61112832,0.5644379,0.30342645,0.5443608
275,16,35,1.2811241,111.06642,18.319931,0.01468107,-0.014733114,0.003366902,0.16517049,0.011299239,0.015581944,0.50888988,0.415079,0.44546743,0.63615879
275,16,40,1.3055953,103.97463,18.570508,0.0019138885,-0.0031744843,-0.045657132,0.18136001,0.056621187,0.020230666,0.49233151,0.41346248,0.3420815,0.75814453
275,16,45,0.70379805,123.55179,18.838201,0.005426875,0.013634945,0.11735317,0.1486926,0.024611581,0.028505837,0.48473655,0.43695815,0.36767899,0.65434561
275,16,50,1.5012326,96.791949,18.777177,-0.010985978,0.014349417,0.018637584,0.1442507,-0.020704678,0.023393846,0.3919744,0.45981636,0.34993715,0.63738737
275,16,55,1.6316416,101.73215,18.810554,0.0060619766,-0.0056944777,-0.061682023,0.173548,-0.078033341,0.030094471,0.66904093,0.44317789,0.38220921,0.6711533
275,17,0,1.4320686,145.88613,18.820116,0.044891356,-0.0058722691,-0.029138011,0.080556683,-0.018892384,-0.014814097,0.57965951,0.31401896,0.28457913,0.53653781
275,17,5,1.3420073,162.98416,19.406295,-0.094417682,-0.013978216,0.105758,0.19984262,-0.15000431,-0.027738684,0.55967135,0.38052722,0.36861211,0.78965697
275,17,10,0.8494681,178.54483,20.012811,-0.038692845,-0.048416009,0.072818204,0.16648021,-0.024222792,0.073861755,0.34554595,0.63298432,0.39362573,0.78252205
275,17,15,0.96758929,126.32094,19.426861,-0.0030367648,0.013234161,0.091032984,0.082101083,-0.092074276,-0.011022179,0.4952821,0.37057268,0.31098666,0.48566633
275,17,20,0.51903312,166.73,20.408285,-0.14529032,-0.044826996,-0.0044399327,0.27682793,-0.08978926,-0.18504547,0.54379803,0.39424847,0.46352116,0.94796729
275,17,25,1.1946777,153.59609,20.321254,0.036747933,0.031466284,0.34716919,0.12658414,-0.090376779,-0.041363305,0.7702776,0.63416837,0.35844656,0.72874289
275,17,30,1.6886737,128.33928,20.239608,-0.055682411,0.029796173,0.26998066,0.12584567,-0.12431242,-0.16415962,0.83987685,0.97051058,0.31239461,0.69830594
275,17,35,1.8880257,126.97373,20.304106,0.012497963,0.061539092,-0.044022039,0.14140005,0.048703904,0.054389567,0.67120465,0.52502378,0.35416196,0.70823352
275,17,40,1.9119058,116.37171,20.542341,0.014569853,0.0073176337,0.21992221,0.19192112,0.10508371,0.06090695,0.77833355,0.66120785,0.39605349,0.89583739
275,17,45,2.0365726,94.626498,20.718507,-0.075935689,-0.0190673,-0.09180614,0.2059668,-0.12645025,0.049237404,0.52444893,0.96831566,0.40193811,0.86278156
275,17,50,1.4916628,66.63602,20.889377,-0.042152629,-0.00055964581,-0.096256517,0.13712842,-0.09200651,0.061926291,0.46913242,0.57186049,0.38492826,0.66767751
275,17,55,1.8350985,165.50989,20.661204,0.0019247728,0.11253137,0.2549724,0.13494693,0.025660112,0.22205153,0.6153317,0.96171661,0.35789669,0.7045662
275,18,0,1.7741607,149.0808,20.402708,0.036260066,0.010802294,0.040086957,0.051468109,-0.015584619,0.0093757252,0.6078354,0.48660845,0.30642852,0.38119295
275,18,5,1.3771403,133.66082,21.266358,-0.021493508,0.038317161,0.26351292,0.15925913,0.043102007,0.12918454,0.67794658,0.72854702,0.37348134,0.69661228
275,18,10,1.739581,154.62275,22.253815,-0.079922984,-0.00053460628,0.10715579,0.24169241,-0.14414002,-0.040643723,0.59773847,0.64510866,0.37920988,0.97152337
275,18,15,1.6273601,147.46015,21.440219,0.027484885,0.021102465,0.25412593,0.18542045,0.18102841,0.060408748,0.96621943,0.6656871,0.37540774,0.81279579
275,18,20,2.2998295,143.0239,21.501477,-0.060892663,0.070816824,-0.10889017,0.20048021,-0.1338886,0.043280455,0.6976026,0.63900036,0.39228356,0.84446068
275,18,25,1.2886246,142.79316,21.603703,-0.046210154,0.0040569298,0.067006608,0.18775309,-0.23036136,-0.017409437,0.74742356,0.33368509,0.33707452,0.82029839
275,18,30,1.8686972,139.8642,21.696078,0.065279765,0.051033393,-0.091398944,0.14330148,0.014022643,0.084197042,0.63149886,0.56989262,0.39412785,0.6388066
275,18,35,1.6026779,146.32629,21.519937,0.027948983,0.022167223,0.036513352,0.068524337,0.00066133344,-0.019200307,0.48422341,0.38895955,0.3172166,0.47520073
275,18,40,1.2093685,158.87592,22.353712,-0.016467838,0.021967038,0.017255563,0.18009932,0.027217173,-0.092216174,0.76747109,0.68844342,0.30779823,0.89300876
275,18,45,2.1964917,155.02441,22.223797,-0.010688104,0.014486082,0.041547163,0.14301218,-0.13127488,-0.017478831,0.58376317,0.46500549,0.31024461,0.83773719
275,18,50,0.89423691,130.27442,22.529204,0.0022884364,0.079317173,-0.045291007,0.19959109,-0.0065065691,0.10451026,0.38712862,0.42716764,0.40556855,0.72530438
275,18,55,2.5162877,131.58386,22.805358,-0.071497967,0.033293335,0.11929208,0.16560663,-0.05697527,0.024429709,0.85128051,0.61293425,0.37688266,0.83735842
275,19,0,1.8506286,116.71869,22.403668,-0.018017709,-0.005561761,-0.043288846,0.080617084,-0.057693885,0.04864425,0.81852276,0.53915604,0.36592738,0.46677942
275,19,5,1.0266328,103.57542,23.182793,-0.040583613,-0.051423374,0.097209939,0.25908265,-0.035979136,-0.01614992,0.52151235,0.50498441,0.4335519,0.85689884
275,19,10,1.6627154,145.66742,23.648218,-0.012832326,0.058803184,-0.41969651,0.13871739,-0.12321017,-0.02887666,1.0237149,0.98309306,0.47619124,0.69990168
275,19,15,1.6790355,129.33735,23.836914,-0.060620786,-0.028009166,0.10931401,0.25701921,-0.062809317,-0.029284491,0.81789597,0.68543243,0.390626,1.0159263
275,19,20,2.2014572,102.01691,23.108362,-0.0099934392,-0.044705973,0.060178422,0.072227504,-0.059167648,-0.043894151,0.73429469,1.065639,0.34257259,0.47112352
275,19,25,1.7375495,64.550227,23.320195,-0.028977356,0.03215036,-0.012251982,0.10691828,-0.087553931,0.014754885,0.78245918,0.57823119,0.41887675,0.53490248
275,19,30,2.1382643,41.559149,23.458688,0.0112993,-0.017229436,-0.3359432,0.11169173,-0.049935925,0.087457548,0.72051167,0.84026002,0.4613049,0.50579505
275,19,35,2.427938,80.966259,24.503012,-0.12684647,-0.11117257,-0.13868703,0.2864378,-0.066879579,-0.13959301,1.1523241,0.76862638,0.50538421,0.96433341
275,19,40,2.4503226,63.75468,23.895748,-0.11729021,-0.15036128,-0.36830362,0.35367535,-0.26774615,-0.26306599,0.938772,1.0056751,0.54359255,1.0210297
275,19,45,3.1309688,104.99854,23.748826,-0.020894438,-0.020918816,-0.083786945,0.17186138,-0.017486389,-0.030344275,0.82741751,0.81236539,0.40343644,0.81077044
275,19,50,2.3051856,134.91652,23.568354,0.010703689,0.01358821,0.082052089,0.15759046,-0.0033354158,-0.025396841,0.58392939,0.53109941,0.37134327,0.72205781
275,19,55,1.3154415,143.61073,23.94705,0.038934722,0.0031889405,0.082120797,0.20000044,-0.061294961,-0.052318604,0.61324119,0.50131988,0.38470507,0.91443832
275,20,0,1.4982329,188.3041,23.83055,-0.03987519,0.0023320268,0.099109736,0.14404629,-0.19998638,-0.025988936,0.69003203,0.54499856,0.37039858,0.72069167
275,20,5,1.160638,162.14852,24.100657,-0.035889498,-0.0024127912,0.01791495,0.19330431,-0.10621313,-0.0012227265,0.48663961,0.50891442,0.39246936,0.75789428
275,20,10,1.9289763,145.54193,23.971291,-0.02819188,0.00038307822,-0.11285542,0.18481892,-0.089256413,0.038014698,0.85557172,0.61607763,0.40747183,0.79223119
275,20,15,2.2639372,139.33024,24.206516,0.023040209,0.013664326,-0.14530912,0.19514059,-0.087445431,0.084975424,0.66808861,0.59621419,0.40273577,0.87112512
275,20,20,2.6563525,123.74912,24.462122,0.0048976516,-0.02470683,-0.12194621,0.14434628,0.065462718,-0.23715975,1.0025488,1.0008335,0.4218226,0.79790196
275,20,25,1.3890599,103.37217,23.961558,-0.010834909,-0.055329759,-0.16068647,0.15967255,-0.046946847,-0.084495682,0.56421455,0.75697424,0.34439862,0.73168688
275,20,30,1.3489532,202.06277,24.121106,-0.0074205194,-0.018593614,0.13066641,0.13508096,-0.01573528,-0.025880592,0.5442879,0.50491649,0.34702368,0.64841744
275,20,35,1.0660986,244.94504,24.346825,-0.073846751,-0.049192103,0.046772369,0.1594857,-0.092501417,-0.0077271503,0.49489309,0.3910328,0.3985872,0.68168755
275,20,40,1.4782542,32.675525,24.816203,-0.10301259,0.042338172,-0.19057641,0.14225179,-0.062774892,-0.038620048,0.89694461,0.81966685,0.44601703,0.66181281
275,20,45,3.4030097,39.430269,24.361196,-0.074328159,0.014441675,-0.041903624,0.1493209,-0.19985195,0.0081264363,0.96889736,0.71843477,0.42633011,0.67903634
275,20,50,3.0589792,43.385092,25.172846,-0.14685164,-0.011083741,-0.080637806,0.20779848,-0.34681164,0.13527769,0.8051299,0.86036381,0.49028327,0.8572808
275,20,55,3.104167,30.84871,24.659358,-0.10694322,0.0048910144,-0.082500172,0.21194746,-0.31418455,0.0085760083,0.82100471,0.53686287,0.46077343,0.80850386
275,21,0,2.5904303,31.856049,24.681622,-0.10422849,-0.028148458,-0.13982091,0.22626577,-0.14538294,-0.1146845,0.78308849,0.8488587,0.45419011,0.79537805
275,21,5,2.609494,40.723997,25.130116,-0.1756399,-0.11052823,0.29238753,0.22666517,-0.17877601,-0.091491202,0.83137984,1.0069528,0.49498465,0.83417752
275,21,10,2.0363398,45.92199,25.30233,-0.20470966,0.0039787772,-0.23505938,0.22307022,-0.23158175,-0.034777609,0.94489613,0.67918038,0.47596715,0.7654489
275,21,15,2.5292698,69.983171,25.223948,-0.10255153,-0.049832371,0.10878202,0.13436828,-0.08215939,0.024662838,0.60743823,0.78753023,0.39015837,0.70010276
275,21,20,2.9455356,73.46999,25.12212,-0.044582102,-0.0095586833,-0.030705599,0.1751976,-0.12983984,-0.02010108,0.75458747,0.74590181,0.44349594,0.74980559
275,21,25,2.2878273,49.830898,25.873716,-0.21247451,-0.096972358,0.19508184,0.29188405,-0.27502563,-0.18155961,0.68836046,0.79309857,0.52926037,0.9034847
275,21,30,2.0877948,70.408325,25.346756,-0.090924401,-0.012836766,0.045501681,0.18078356,-0.14848442,0.081388021,0.68141488,0.61097965,0.37666342,0.76140513
275,21,35,1.3472623,93.953997,25.248423,-0.073196361,-0.063736766,0.13782954,0.20504039,-0.10184022,-0.083632132,0.54906246,0.79547326,0.43488174,0.72980341
275,21,40,2.2351607,41.737402,25.218207,0.0029749759,-0.12085181,-0.73768975,0.16661256,0.12562386,-0.30279786,1.0013835,1.0595931,0.4851281,0.67981177
275,21,45,2.526955,44.791727,25.434199,-0.12977373,-0.10464305,0.12158787,0.19295978,-0.16659271,-0.090007225,0.86644463,0.76873594,0.52202489,0.66910551
275,21,50,3.2319865,41.725171,25.392115,-0.086855559,-0.057205588,0.21396339,0.11110628,-0.15805599,-0.014531772,0.91379609,0.84297685,0.4259865,0.59295418
275,21,55,3.8024112,77.240633,25.503088,-0.11267677,-0.096038545,0.048002674,0.18470547,-0.20683658,-0.15002791,0.85982383,0.74834534,0.48073591,0.68339984
275,22,0,2.8020964,66.269953,25.566039,-0.11940001,-0.014070745,-0.10256933,0.16733817,-0.22624194,0.064537247,0.75876113,0.75750356,0.44793969,0.69218327
275,22,5,2.653678,29.61366,25.554669,-0.094397561,-0.046391603,0.1446445,0.13269527,-0.15959929,-0.16171567,0.91731069,0.77586024,0.45561639,0.61166001
275,22,10,3.3491245,48.834421,25.54618,-0.23427647,-0.16106792,0.29234598,0.17972103,-0.17461536,-0.15595228,1.1109826,1.1286482,0.59779132,0.58023343
275,22,15,3.8677188,64.609871,25.451699,-0.15360064,-0.065709919,0.033912304,0.1440905,-0.15363885,-0.010950299,0.96971712,0.99240763,0.5149378,0.54479698
275,22,20,3.9020277,52.250891,25.459593,-0.14986526,-0.062153502,0.29570505,0.1059097,-0.17737396,0.029676455,0.82866863,1.2492439,0.45082438,0.55052785
275,22,25,2.789908,53.442565,25.353833,-0.075334625,-0.036833369,-0.051116881,0.1009816,-0.073144847,0.0098305552,0.48941643,0.69807218,0.40127437,0.49637338
275,22,30,2.1656693,80.145179,25.321655,-0.043914852,-0.0040038161,-0.054644342,0.11324097,0.018386691,0.013437115,0.80610179,0.45756943,0.40245866,0.54297817
275,22,35,2.5163174,59.209933,25.445079,-0.13839799,-0.071600016,0.082793234,0.10033502,-0.097389447,-0.021572638,0.7194899,0.91741188,0.46659368,0.44345099
275,22,40,3.0650536,43.659614,25.39395,-0.056745022,-0.029125542,-0.030048967,0.069220071,-0.056698073,-0.0086184065,0.57667868,0.64063343,0.39862179,0.42705243
275,22,45,1.8130738,43.255476,25.444863,-0.066129004,0.0059022582,-0.10392008,0.091633989,-0.013735741,0.013391315,0.57282088,0.78405647,0.40688158,0.5066378
275,22,50,2.9708791,31.476415,25.221355,-0.036565165,0.021474806,0.092376421,0.067018753,-0.092728975,-0.072432318,0.61500297,0.71550268,0.34388164,0.42412808
275,22,55,2.7889123,29.641388,25.187911,-0.025195304,0.0086924306,-0.088533489,0.0442811,-0.066463352,0.05717837,0.61273881,0.64246509,0.27568993,0.32539709
275,23,0,2.3554109,30.065473,25.305125,-0.01719931,-0.012720236,0.053875609,0.054878873,-0.0015082358,0.030751054,0.69716976,0.59817744,0.38502326,0.31879567
275,23,5,3.2607878,32.884566,25.281357,-0.066538555,-0.013408079,-0.037880397,0.058411471,-0.055816757,-0.0087170522,0.7148672,0.60309349,0.40170485,0.31146095
275,23,10,3.3878572,39.252287,25.209009,-0.14541493,0.0062843886,0.020183101,0.084494898,-0.12508618,0.033506098,0.77717045,0.73728216,0.4295135,0.35873226
275,23,15,2.574595,42.665489,25.154853,-0.071570703,-0.029292757,0.034498275,0.059213116,-0.087514777,-0.010027057,0.61980101,0.60035673,0.35782531,0.29353179
275,23,20,2.5290596,30.480358,25.317199,-0.085684285,0.00047131328,0.082166013,0.048191954,-0.076217315,-0.020289275,0.67751318,0.49571428,0.37277411,0.30322209
275,23,25,2.7921589,36.825794,25.105793,-0.027964109,-0.031367191,0.11692529,0.038013763,-0.047918758,-0.015266408,0.7704409,0.86049978,0.36683595,0.26380229
275,23,30,3.2789276,26.563278,25.04283,-0.077717925,0.019719188,-0.14463586,0.038673957,-0.089040357,0.026570183,0.7489946,0.59281792,0.36433258,0.22840323
275,23,35,2.3310488,21.551348,25.042381,-0.037196798,0.021316559,0.020467019,0.024697833,-0.045863304,0.0080137325,0.52434092,0.51762014,0.32948007,0.21916913
275,23,40,2.6687033,30.345287,24.906375,-0.036613017,-0.010741641,0.02048421,0.026749688,-0.023376964,-0.006064118,0.72312039,0.45698203,0.2853753,0.20285995
275,23,45,2.586087,30.746722,24.874981,-0.053174536,0.011364935,0.0047637824,0.030142444,-0.055146493,-0.012697055,0.58645849,0.44975943,0.2860408,0.1956073
275,23,50,2.3843004,38.981868,24.829235,-0.068247838,0.010724247,-0.0086454778,0.022085591,-0.034164098,-0.0015298275,0.57530938,0.42577854,0.28402246,0.16173565
275,23,55,1.8076033,48.844065,24.704656,-0.063947489,-0.039357096,0.063301401,0.019498407,-0.034316915,-0.014086814,0.67576732,0.55083404,0.29065408,0.13469518
276,0,0,2.9510178,38.226711,24.54579,-0.057611626,-0.01017713,0.034277851,-0.0010030745,0.0010702903,-0.0012445338,0.4940706,0.41070092,0.2827952,0.039477021
276,0,5,2.4044975,35.065391,24.438202,-0.048703282,-0.0045146243,0.039895324,-0.0044774062,0.0059850761,0.0028171379,0.49689392,0.42747122,0.27048218,0.058948212
276,0,10,2.1593937,46.511444,24.348404,-0.040760111,-0.005807753,-0.032314663,-0.0033470095,0.013723517,-0.0039033237,0.48794267,0.37497117,0.25760885,0.08006066
276,0,15,1.5940665,45.711107,24.279339,-0.085771653,-0.030341414,0.027151183,-0.010232757,0.032229624,-0.0058744777,0.57125026,0.45760213,0.30641721,0.10617509
276,0,20,1.6632914,39.964743,24.295872,-0.025466073,-0.012432921,-0.037298265,-0.011073706,0.032229061,-0.011409455,0.41936148,0.32738224,0.23390191,0.16288936
276,0,25,1.1843081,53.019729,24.199273,-0.012848752,-0.0066762311,0.0083471581,-0.007139859,0.011314637,0.0093141363,0.29125093,0.33818578,0.20770611,0.10796616
276,0,30,0.62637622,182.97012,24.009411,-0.013327742,0.0039150704,-0.043027577,-0.0014472793,-0.011832704,0.016763654,0.31754758,0.26887951,0.15778833,0.22724924
276,0,35,0.96250809,178.90382,23.644049,-0.0074110416,0.00034322813,0.0081506126,-0.0099682778,0.023637067,-0.0062349607,0.22962929,0.19316851,0.11624836,0.238936
276,0,40,0.54444009,175.5705,23.461715,-0.0058517638,0.014159622,0.0066806556,-0.013544662,0.0094673089,-0.0085437573,0.19640003,0.26960863,0.16630769,0.26470734
276,0,45,0.46938002,331.31354,23.608663,-0.0081444907,-0.013679153,0.035637385,0.0047912722,-0.036415907,-0.024379743,0.34103664,0.22833177,0.18517201,0.28481993
276,0,50,0.92849281,279.46188,22.870143,0.0031283658,-0.0020696483,-0.01072115,0.0040508379,-0.014505834,0.022653408,0.30378169,0.27350832,0.1579837,0.36678273
276,0,55,1.604595,282.26937,23.215112,0.0025519828,0.0095742676,-0.031657219,-0.0033577794,-0.010126548,0.010272326,0.2815665,0.24744903,0.12237947,0.33246148
276,1,0,0.53954796,233.31451,23.227964,-0.0054876119,0.040821792,0.0062142216,-0.0016969692,0.02372836,0.34055827,0.17340705,0.82077698,0.14345722,0.59197867
276,1,5,0.58930092,271.99985,23.312774,8.7073294e-05,0.029560658,6.9260243e-05,-0.012616369,-0.01941918,0.0080229749,0.25245409,0.27330739,0.21221596,0.28988195
276,1,10,1.4597615,302.23137,22.616289,-0.016862658,-0.0022229377,-0.0089629094,-0.00079993161,-0.1859653,0.00859195,0.55362463,0.21894908,0.16005835,0.51902036
276,1,15,1.0078624,298.41541,23.319182,0.0075627386,-0.00056716464,-0.0034912582,-0.0046502721,-0.016114533,-0.0003496048,0.21783262,0.22059253,0.14491372,0.20193685
276,1,20,1.5183379,292.45528,22.576265,0.014887221,0.002085192,-0.0011792293,-0.013569742,-0.0474797,0.004344602,0.26489343,0.20699511,0.15119918,0.32146447
276,1,25,1.5463021,280.07691,22.716104,0.0065821258,-0.00014892111,-0.032287987,-0.0061266422,-0.054213763,0.012596823,0.35357708,0.2181679,0.13139831,0.25409677
276,1,30,2.5508801,290.00432,22.366503,0.0010571136,0.0016758861,0.001705698,-0.00045515115,-0.040109416,-0.027444905,0.21583019,0.18577138,0.072380028,0.37252912
276,1,35,2.738962,290.7095,22.021691,0.0018308381,-0.00044415718,0.00078178836,-0.0010140836,-0.010452819,-0.012861003,0.14630765,0.12243919,0.077062924,0.33821815
276,1,40,2.1997211,285.01943,21.500029,0.004080405,-0.00037474502,-0.013841923,-0.010332968,-0.060460462,0.013046335,0.29073588,0.21085809,0.13001926,0.4539155
276,1,45,2.2290996,283.08276,22.044175,0.0072605773,0.00038630604,-0.015885364,-0.012699862,-0.057635025,0.007396991,0.25557504,0.19106413,0.13328682,0.51174079
276,1,50,2.35393,286.59122,21.632186,0.015399144,-0.0033599243,-0.012809516,-0.0169274,-0.060831564,0.0024880668,0.32532682,0.22060886,0.15041577,0.47185857
276,1,55,2.6761331,290.50574,21.690158,0.0014738199,-0.0011800902,-0.0026640737,-0.0019146142,-0.011282122,-0.0028227067,0.18677324,0.12332319,0.084991751,0.27791854
276,2,0,2.935185,292.16835,21.454166,0.0058094933,-0.00050330579,0.00023123337,-0.0043532925,-0.028164841,0.0057905328,0.18892402,0.14495738,0.11856022,0.34306842
276,2,5,2.7779215,291.36874,21.882498,0.0029373023,-4.6840581e-05,-0.0034028097,-0.0019988974,-0.033243983,-0.0081343841,0.19531932,0.14658852,0.087814134,0.30235454
276,2,10,2.5390505,287.45088,22.190496,0.0013738624,0.0024610463,0.0021800491,-0.0067283696,-0.042359552,-0.012306956,0.19701599,0.12964123,0.086188687,0.37865851
276,2,15,2.8035167,291.67226,21.468195,0.0038798866,-0.0010429648,-0.016783288,-0.0090781567,-0.066328003,0.025506115,0.23376418,0.16462532,0.088840659,0.45254972
276,2,20,2.8950195,288.05156,21.849954,0.0017285319,0.001746382,0.001377553,-0.0036658833,-0.046485467,-0.0099507721,0.23420439,0.12491778,0.087240871,0.34891634
276,2,25,2.4428231,282.55443,21.993053,0.0038718367,0.00070467391,-0.0039448086,-0.011517346,-0.053137396,-0.011931988,0.20743136,0.15847725,0.10956769,0.44657444
276,2,30,2.0439904,276.74162,21.699729,0.0083699785,-0.0010018794,-0.020168444,-0.007888402,-0.11172717,0.025886137,0.28654863,0.18383998,0.11734207,0.60091196
276,2,35,1.6835917,282.78824,21.547254,0.03334645,-0.009083944,-0.030699871,-0.021514919,-0.058009113,0.026109711,0.35128797,0.2679311,0.21654463,0.3694438
276,2,40,1.4834355,308.66379,22.374603,0.038990056,-0.0022394736,0.0086546538,-0.0336139,-0.055303537,-0.03761179,0.38816892,0.36012595,0.26907686,0.3440485
276,2,45,1.8701423,289.68737,22.111758,0.0075657583,-0.0043453224,0.0020336043,-0.0053534222,-0.053005754,-0.0041537058,0.25345768,0.18558052,0.12673375,0.33497995
276,2,50,2.61556,281.16764,21.884319,0.0038586422,0.0008129432,0.0086557986,-0.0016642007,-0.046524113,-0.028012268,0.22930858,0.16125258,0.080459093,0.35111764
276,2,55,2.3789432,291.17567,21.069778,0.013848343,-0.0010612363,-0.013654338,-0.0086411901,-0.071053647,0.0089529359,0.29180887,0.23263378,0.16812188,0.47700584
276,3,0,2.4958829,293.93527,21.741089,0.0071441835,0.0014613376,-0.0026417334,-0.0055325222,-0.024397325,-0.0080304433,0.25041661,0.21258107,0.15471711,0.26745897
276,3,5,2.2212014,286.31171,21.696549,0.0028005012,-0.0034672887,0.026250679,0.0078415176,-0.09644397,-0.027276792,0.4476475,0.1850649,0.14022713,0.75158131
276,3,10,2.0379055,280.02182,21.854646,0.0063619789,-0.0053853905,-0.019732595,-0.0041146457,-0.057518042,-0.003768924,0.28956817,0.22512346,0.13794236,0.44330711
276,3,15,2.1087984,287.35848,21.091221,0.0049852169,0.0016910815,-0.016005903,-0.0084303811,-0.088752139,0.010152839,0.32883361,0.17426474,0.11054356,0.39369787
276,3,20,2.7001174,287.89491,20.962195,0.0020884193,-0.00021359418,-0.00025707938,-0.0032620794,-0.025941683,0.0013514178,0.14200271,0.13351762,0.068099468,0.45364903
276,3,25,2.5358748,282.43202,21.385573,0.0015614206,0.0018800674,-0.014840711,-0.0075752502,-0.018778407,0.0032201229,0.19678662,0.15990188,0.090300667,0.31555151
276,3,30,2.3974053,283.52762,21.056629,0.0033211628,-0.0014462681,-0.040610926,-0.012839767,-0.16213745,0.11708039,0.30385508,0.22674735,0.113091,0.77960369
276,3,35,1.9379343,282.11884,21.399475,0.0045396606,-0.00091945445,-0.013082025,-0.009306847,-0.048820508,0.047476201,0.18929688,0.18545515,0.096320462,0.49472822
276,3,40,2.1686857,290.7843,21.099932,0.0064698522,-0.0016061212,-0.019489381,-0.0062917185,-0.052007281,0.012954825,0.25624652,0.18039759,0.10099413,0.307679
276,3,45,2.3808365,285.97315,21.304566,-0.00066189741,-0.0017777511,0.014512098,0.0045147115,-0.050024106,-0.038025021,0.1866985,0.1674114,0.082225245,0.48567015
276,3,50,2.3864432,286.09542,21.1938,0.0023983826,-4.5289315e-05,-0.027837821,-0.0037947102,-0.038237867,0.027498211,0.19822377,0.20209832,0.074753044,0.35893568
276,3,55,2.5532401,293.00617,20.828,0.009080265,-0.0010247112,-0.0055414249,-0.0087892071,-0.049321906,0.0041268257,0.2342031,0.17027349,0.12324469,0.33407871
276,4,0,2.7486909,292.23502,20.893876,0.0070132431,0.00054856877,0.00018894467,-0.005953111,-0.020009725,0.0083435251,0.20933785,0.14333233,0.10991216,0.31595396
276,4,5,2.7032505,287.28594,21.134653,-0.00057320964,-0.0020512227,0.0044913828,-0.0048568013,-0.008258649,-0.0025419616,0.20517975,0.13236632,0.080052409,0.31644176
276,4,10,2.5241771,286.66822,20.954524,0.0031582155,-0.00021514911,-0.013771783,0.0034011954,-0.094623684,0.0034157753,0.24259065,0.17436097,0.097148307,0.63722397
276,4,15,2.7516409,300.12526,20.927926,0.0028633889,-0.0056489032,-0.022756641,0.0033515734,-0.048197496,-0.018916726,0.22624709,0.25820707,0.11785133,0.49005461
276,4,20,2.8157426,294.16858,20.855584,0.0040089357,0.0023563139,-0.011251658,-0.007646937,-0.036624111,0.0039220974,0.24105784,0.21858701,0.10756919,0.53015728
276,4,25,3.4513968,296.84874,20.81507,0.0048407629,-0.0042654247,-0.058275358,-0.02310274,-0.04242457,0.028160572,0.35346316,0.31355506,0.13153197,0.6159725
276,4,30,3.6263191,285.79389,20.650803,0.0016656755,-0.00084905148,0.0032395471,-0.0046950813,0.02290611,0.036193255,0.25862416,0.30966966,0.13898083,0.46657338
276,4,35,3.5163026,288.79793,20.38622,0.0008436351,-0.0015769107,-0.0011855482,3.7914999e-05,-0.0035822163,0.041437336,0.18700951,0.23521874,0.12805924,0.51734775
276,4,40,3.5333621,293.53843,20.528587,0.00049811246,-0.0041270672,0.0012145319,-0.023579297,0.0067729223,0.041032165,0.1851728,0.20816589,0.13025765,0.52610431
276,4,45,3.6137922,296.42951,20.682254,0.0030292801,-0.00096583412,-0.042450563,-0.017153756,0.042596316,-0.01986301,0.274295,0.35483135,0.18549275,0.57573162
276,4,50,3.0534822,264.42139,21.443573,-0.013970873,-0.011187645,0.039262213,-0.062106002,0.15336815,0.19817869,0.37450549,0.41848763,0.20195123,0.80262792
276,4,55,2.5505801,252.42365,22.170236,-0.02852582,-0.013622282,0.054904472,-0.058170701,0.18917811,0.16898821,0.40282061,0.37074517,0.20667488,0.72357836
276,5,0,3.0502194,251.64298,22.68704,-0.024311557,-0.0081211043,0.076147101,-0.035938411,0.15174881,0.10370401,0.48874422,0.34035982,0.18536387,0.57348254
276,5,5,2.6628078,275.78273,21.157862,-0.0068282686,0.00024526428,0.0057546548,-0.014773978,0.037534812,0.17604889,0.32629099,0.42861762,0.20032494,0.64846123
276,5,10,2.6743155,258.45489,22.095752,-0.018176518,0.0028937402,0.12891227,-0.047410335,0.20424367,0.33957538,0.46734033,0.55846343,0.22189168,0.88497849
276,5,15,2.5516662,245.30757,22.511327,-0.099955943,-0.0014602042,0.003996821,-0.050218035,0.25484542,0.10970649,0.95021622,0.44773841,0.29283437,0.59373399
276,5,20,2.6805361,238.74583,22.802422,-0.02928473,-0.012472867,-0.10110206,-0.040151878,0.10731478,0.023463182,0.69645616,0.39207949,0.27118138,0.37852119
276,5,25,2.4840466,241.05036,22.66367,-0.024136391,-0.0093783513,-0.035814947,-0.029566503,0.073491659,0.022273719,0.48537759,0.36796888,0.23197415,0.33427707
276,5,30,2.7254651,244.52185,22.666544,-0.038137626,-0.005168852,0.032392279,-0.042557189,0.16617187,0.054876104,0.54256556,0.34486297,0.23118849,0.45408494
276,5,35,2.9153823,243.11076,22.752282,-0.023843467,-0.0039661115,0.0050962614,-0.028196814,0.097022722,0.016046238,0.47933435,0.30028253,0.23422124,0.35904478
276,5,40,2.7711816,245.27166,22.622273,-0.02228724,-0.0035489623,-0.013749157,-0.025026098,0.061165515,0.024058414,0.48517069,0.31233039,0.21969154,0.33026066
276,5,45,2.8343437,244.47258,22.531531,-0.011670874,-0.0046885955,-0.036450762,-0.023096473,0.056207286,0.029143455,0.44201837,0.36565754,0.24330871,0.37858506
276,5,50,2.6217161,256.42555,22.117127,-0.010231673,-0.00065331369,0.032519842,-0.016205099,0.087742434,0.067708282,0.32326741,0.36721616,0.16301595,0.448051
276,5,55,3.2171501,253.65656,22.463249,-0.027900375,-0.01119674,0.02633273,-0.029694006,0.16948678,0.029971671,0.51395982,0.375466,0.21276881,0.49770353
276,6,0,2.9045215,247.65294,22.688724,-0.014395582,0.0023658247,-0.020724167,-0.022145383,0.097241259,-0.012134481,0.39003814,0.26642311,0.1696058,0.44461435
276,6,5,2.7633317,245.46298,22.923402,-0.026702882,0.010995009,-0.034921367,-0.0175542,0.077441655,0.025411845,0.45052715,0.35848312,0.23067623,0.43144666
276,6,10,2.5905996,245.24475,22.914708,-0.003388185,-0.00085656945,0.024583657,-0.016549394,0.063156858,0.043201223,0.36307082,0.30858603,0.1910478,0.44691285
276,6,15,2.5040918,245.03942,22.83153,-0.0099699519,-0.0020447978,0.014307865,-0.027807384,0.080459011,0.091511694,0.41572719,0.38130325,0.22161055,0.55840602
276,6,20,2.6990304,245.11301,22.970026,-0.0034639696,-0.010099894,-0.022017406,-0.044664028,0.062583145,0.070359924,0.48701758,0.47659381,0.27085033,0.46273343
276,6,25,2.2631585,262.48087,22.555989,-0.019932352,0.029889142,0.022700781,-0.015924502,0.036682965,0.1057849,0.37383465,0.56826703,0.21754038,0.45478793
276,6,30,2.2554659,286.69389,21.632013,0.00018422853,-0.0049123559,-0.010284306,-0.010453984,0.041872065,0.037747724,0.32083333,0.27410349,0.11890728,0.53995815
276,6,35,2.5946612,286.58908,21.502751,0.0047932144,-0.0056984069,0.0063280985,-0.017608695,0.0060482518,0.0181206,0.25021389,0.21419495,0.13048304,0.4989411
276,6,40,2.4586239,295.49232,22.040019,0.00154893,0.0026962319,0.014997531,-0.0041205079,-0.029126595,-0.01986463,0.27085341,0.1960457,0.11835752,0.26820418
276,6,45,2.607275,293.17816,21.722568,0.0042972426,0.0089317543,0.021841366,-0.012806209,-0.038543535,-0.062387195,0.26906672,0.28056618,0.12054265,0.42339398
276,6,50,2.7324145,293.72039,21.308013,0.0046561248,-0.0020516342,-0.0057182573,-0.015067383,-0.016071078,-0.023198159,0.25152728,0.20621418,0.1391672,0.44222729
276,6,55,2.6465083,300.69565,21.175792,0.0068864153,-0.003372078,0.014237999,-0.007004654,-0.082132517,-0.024035395,0.32148996,0.22105215,0.14939898,0.46090563
276,7,0,2.5480811,298.72466,21.710072,-0.00074255839,-0.00091293599,0.0036784834,0.00492704,-0.035872691,-0.017384733,0.22283259,0.15932384,0.10096025,0.39833939
276,7,5,1.6325025,296.48396,20.999433,-0.0055097948,-0.0027537662,0.018426172,-0.0051929589,0.038892629,0.076313623,0.26739772,0.20865163,0.11154604,0.73147868
276,7,10,1.6936796,275.13457,20.469951,0.0053533838,0.00040309461,-0.015382578,-0.010409464,-0.059316174,0.035434284,0.26664639,0.20359036,0.13510278,0.41012703
276,7,15,2.3100396,282.25823,19.890213,-6.8435893e-05,-0.00085792521,-0.0048161576,-0.0043161974,-0.032661597,0.029057821,0.14015421,0.14086094,0.074096394,0.52674578
276,7,20,1.8512104,280.33676,20.202672,0.0080299312,-0.0022470073,-0.1228548,-0.01149242,-0.16552863,0.11501141,0.43432218,0.37539204,0.13458307,0.70578603
276,7,25,2.7106457,292.21922,19.887567,0.010292641,-0.0051821784,-0.0074667637,-0.012685938,-0.040563846,0.0031975653,0.2761492,0.24024588,0.16786267,0.43436998
276,7,30,2.3661266,282.66211,20.298373,0.0081381176,0.00086881926,0.0032762752,-0.014428546,-0.090146755,0.0045290907,0.25459967,0.14951889,0.091273714,0.61018393
276,7,35,2.2608714,289.09368,19.344786,0.0025483091,-0.00025400748,-0.0073186232,-0.0015411904,-0.04935379,0.011308688,0.20155251,0.12858033,0.095990939,0.50640407
276,7,40,2.7332013,293.75116,19.358157,0.0033838742,-0.0024797651,0.0034922642,-0.0049464246,0.0093974106,0.017888887,0.1759923,0.16044418,0.1331428,0.5118219
276,7,45,3.1480252,289.3385,19.864493,0.0065030191,0.00024746517,0.0066376554,0.0021075962,-0.021199953,-0.013944032,0.18431806,0.16145459,0.11223046,0.47638046
276,7,50,2.9294164,285.56097,20.265234,0.0021181428,0.00071154648,0.0027470733,-0.0068896422,-0.041690335,-0.014888282,0.18718897,0.12132125,0.084206677,0.41237197
276,7,55,2.6430472,285.32588,20.174852,0.0074902878,0.0017681075,-0.011458663,-0.010830866,-0.10854984,0.0055120498,0.31354992,0.15915287,0.11978333,0.52743121
276,8,0,2.6837459,287.87777,20.248071,0.0059925098,-0.0013775662,-0.0076634893,-0.0095897579,-0.04788507,-0.0036543224,0.25369247,0.17231123,0.11074873,0.41007939
276,8,5,2.8947276,295.6825,19.827698,0.0041837368,-0.00051913531,-0.0044333665,-0.004685691,-0.021935408,-0.0098728536,0.18368754,0.17672265,0.10416304,0.31797461
276,8,10,3.1110854,294.37965,19.879075,0.0069168926,0.0010381339,0.0017305293,-0.0070613555,-0.0054037879,-0.0044777932,0.20703268,0.19015304,0.14709629,0.24142938
276,8,15,3.1476931,293.77686,20.28778,0.0047718727,-0.00052454503,0.0057459218,-0.0024045877,-0.008125252,-0.0048782875,0.20130095,0.13662106,0.11088338,0.22452663
276,8,20,3.073072,287.35467,20.586813,0.0073897118,6.8888782e-05,-0.011122662,-0.010827979,-0.00036397308,-0.011283203,0.21758932,0.1371027,0.10297406,0.3351425
276,8,25,2.9095057,288.45854,19.980002,0.0060210312,-0.0036077241,-0.0046772751,-0.004359306,-0.037694504,-0.039711039,0.20992631,0.18545904,0.09909205,0.50623932
276,8,30,2.7652225,286.26423,19.928293,0.0027080077,-0.00093541171,-0.0088700174,-0.0019232127,-0.021883964,-0.0011336126,0.19267202,0.14831644,0.088989925,0.35444054
276,8,35,1.6072812,286.38445,19.595786,0.019851135,-0.0014105787,0.0071819264,-0.01520763,-0.063002389,-0.030235335,0.36724533,0.26186285,0.17583167,0.36243758
276,8,40,1.4940769,289.44777,19.630464,0.036503021,-0.0071466591,-0.019865054,-0.02486584,-0.082213364,0.0064093252,0.38713646,0.28917854,0.22875716,0.44882137
276,8,45,1.5751794,288.94806,19.380851,4.0624107e-05,0.0026587605,-0.021965855,-0.0039881967,-0.1612092,0.02038609,0.41597123,0.17843259,0.093787743,0.48628541
276,8,50,1.8479959,298.62288,19.396928,-0.00096523471,-0.0019287948,0.00048441807,-0.0070359106,-0.013325923,-0.0025719976,0.18688358,0.16616144,0.11411575,0.32724288
276,8,55,2.0162766,280.20746,19.562369,0.0041409417,-0.00068002021,-0.0074745789,-0.0044228839,-0.043239188,0.011629849,0.22831925,0.14983874,0.10647306,0.44252233
276,9,0,1.0887031,269.78721,19.699565,0.0029676365,0.0019190736,-0.041408347,-0.0077179069,-0.063856386,0.050814525,0.2981417,0.2529052,0.13081303,0.44544127
276,9,5,1.3824401,293.48316,19.211722,0.01576618,0.0026362273,0.004671867,-0.017648419,-0.049727277,-0.0075343348,0.3174791,0.20981382,0.14747497,0.38581528
276,9,10,2.1182944,284.79236,18.942076,0.00093746753,-0.00010714074,-0.0056333639,0.00089676821,-0.038536874,0.024312003,0.17700866,0.16861452,0.099635011,0.45332761
276,9,15,2.3237974,284.07091,18.680863,-0.0006230349,-0.00031828459,-0.00045643619,0.00029552509,-0.026415321,-0.0031141298,0.17220061,0.14514921,0.082560463,0.46405651
276,9,20,2.2408029,284.10824,18.315671,0.0033384033,0.0019310352,0.0012333248,-0.0026040131,-0.0068421183,-0.0026100923,0.12369735,0.11430617,0.075468814,0.19299694
276,9,25,2.1045147,286.01435,19.040714,0.00088596359,0.0013467534,-0.0016160318,-0.0023808033,-0.016119384,-0.0020708963,0.11594572,0.11618854,0.062629206,0.22339127
276,9,30,2.5123814,285.75348,18.495567,0.0026174468,-0.00093836706,-0.014611463,-0.0061328096,-0.064246811,0.020175894,0.19302023,0.16646623,0.079347084,0.48963834
276,9,35,3.205076,295.75065,18.502904,0.0010609373,-0.0009071385,0.00037250059,-0.0014172762,-0.020965082,0.0020562023,0.15639011,0.13980212,0.092268746,0.33760854
276,9,40,3.2672258,287.72823,18.058907,0.0022152728,0.0012821469,0.00052815446,-0.0020406889,-0.012251785,0.00099207088,0.15258704,0.12911172,0.097809414,0.22497938
276,9,45,2.8904416,281.61773,18.826782,0.00050066101,0.0017513727,-0.0021353859,-0.0049708753,-0.026836431,-0.0086510592,0.1701771,0.15780739,0.095861206,0.34182625
276,9,50,2.3427193,284.22691,18.935734,0.002000296,0.00062831447,-0.012243966,-0.0085387256,-0.092762106,0.023493358,0.23947715,0.13805929,0.091294388,0.59480169
276,9,55,3.1756617,290.95312,18.106427,0.0032746537,-0.00030934957,-0.0068322053,-0.00612718,-0.026259982,0.0070639895,0.19920485,0.13478152,0.10019702,0.36521527
276,10,0,3.3148867,292.65454,18.612305,0.0013798726,-0.0013740868,-0.003014116,-0.00018788092,-0.0044549371,-0.010032665,0.13678817,0.15301363,0.10014147,0.26789522
276,10,5,3.1208131,291.83502,19.100076,0.0020544254,-0.0012274706,-0.011167132,-0.0028833101,-0.0073540813,-0.025541891,0.17696041,0.18627398,0.085740877,0.31636983
276,10,10,3.2383401,289.72422,18.839634,0.0015797118,-0.00040181619,-0.00015540785,0.00047143697,-0.008169048,-0.014223348,0.15433191,0.14864161,0.089176739,0.34318395
276,10,15,3.2300968,290.21526,19.030587,0.0007899335,0.000377534,0.0058390496,-0.004578744,-0.031173354,-0.014416251,0.1756609,0.13858394,0.078407076,0.32867721
276,10,20,3.0455157,286.19547,19.315563,0.0021365837,0.0020218861,-0.0055305503,-0.0081645594,-0.015406909,-0.010432374,0.18139766,0.14951576,0.10015306,0.36108011
276,10,25,3.2729721,287.27693,18.977889,0.0011926756,-0.00068931061,0.0097942453,-0.0045538714,-0.094153274,-0.031796294,0.24535101,0.1729199,0.096404246,0.62046473
276,10,30,3.2393509,286.09924,18.709043,0.009561075,-0.0016083786,-0.0029645478,-0.010801334,-0.042356692,-0.0080339739,0.22541957,0.17969386,0.12496954,0.41886748
276,10,35,3.3682419,288.13215,18.923275,0.0041041013,-0.0018351101,-0.0041429778,-0.0024672546,-0.028546515,-0.017028092,0.19383586,0.1804933,0.11550291,0.39948918
276,10,40,3.1336453,285.81074,19.22242,0.0019663215,0.0014532188,-0.0029985685,-0.00034567612,-0.022010292,-0.016432045,0.23240565,0.16097576,0.11268471,0.38914395
276,10,45,2.890386,285.52271,19.321096,0.0037380563,0.00088746963,-0.0018148915,-0.0077752227,-0.035785666,-0.0089921396,0.17275132,0.15987241,0.096969254,0.37552028
276,10,50,2.8204319,286.21244,18.927639,0.0046496358,-0.00056243618,-0.013589535,-0.0073262894,-0.061557543,0.001591715,0.23700933,0.167447,0.091618113,0.4261578
276,10,55,2.6853714,285.30419,18.398503,0.0062908181,-0.0013535316,-0.014590536,-0.011658084,-0.11606288,0.024379132,0.26961618,0.14592756,0.090593482,0.55716927
276,11,0,3.0339402,286.21618,18.636755,0.0074898528,-0.00067571463,-0.0048692833,-0.011932021,-0.055522285,-0.0028568507,0.23969126,0.15444562,0.11167358,0.42036713
276,11,5,3.1308139,284.46494,18.892293,0.0057804953,0.0010912479,-0.0016998144,-0.011134659,-0.082431648,-0.011253448,0.27358281,0.16611335,0.10287934,0.51363538
276,11,10,3.1919451,282.0044,18.710043,0.0065197963,-2.4098325e-05,-0.018017713,-0.015362441,-0.057832215,0.024373049,0.26792539,0.21551927,0.12767442,0.56632856
276,11,15,3.3618644,282.76299,19.102829,0.0027645125,0.00021952995,-0.004302928,-0.0046618308,-0.0475103,0.00099636475,0.23060381,0.18014667,0.10907567,0.46885254
276,11,20,3.4411119,288.76309,19.528593,0.0020198113,0.0027022709,-0.0046029737,-0.0094146909,-0.0075027584,-0.027603293,0.1707036,0.18541972,0.1058258,0.37123114
276,11,25,3.2391809,288.56212,18.814859,0.00022786518,7.4911242e-05,0.00045823351,-0.0099832526,0.011721776,-0.0022045079,0.2439116,0.17736584,0.10236397,0.46708902
276,11,30,3.2058569,293.38896,18.511799,0.0022265596,0.00072996153,0.0069691463,-0.002881089,-0.011137245,0.0032447993,0.19360214,0.19617149,0.10584117,0.40015954
276,11,35,3.0941673,291.12061,18.472537,0.0016397195,-0.0028261048,-0.0090240672,-0.0065259464,-0.018327502,0.01071288,0.16256939,0.19188683,0.087893723,0.49481826
276,11,40,3.1394953,291.42336,18.667461,0.0025786714,-0.0010608421,-0.015878756,-0.0049582896,-0.014069775,0.014499206,0.2064726,0.18496596,0.11034565,0.38996912
276,11,45,3.2386392,292.10049,18.37953,0.005700065,-0.00030344772,-0.0058447264,-0.009879131,-0.046230266,-0.0067240847,0.24525028,0.21655861,0.12422398,0.44239033
276,11,50,3.29167,294.30491,18.748329,0.0056422528,-0.0014873432,-0.01032868,-0.0060178216,-0.008156702,0.0046140345,0.24106449,0.19525954,0.13586449,0.40863337
276,11,55,3.1049935,293.89759,19.493423,0.0016586926,-0.00050572732,0.0016653651,0.00066192461,-0.011069774,-0.011364109,0.15586396,0.14736358,0.095265343,0.36406407
276,12,0,2.3117511,296.20818,19.14323,0.0071863506,-0.0059139148,-0.088116074,-0.0111767,-0.24508286,0.11980153,0.4497747,0.28767123,0.11796217,0.75634234
276,12,5,1.136096,245.34588,18.673231,-0.0031119093,-0.0022146111,0.016478001,-0.0074067697,0.093763492,0.070631083,0.2584993,0.21543359,0.10834222,0.57905822
276,12,10,2.0747928,293.35406,18.182527,0.028337924,-0.010326287,-0.10030592,-0.024999562,-0.10746314,0.099056092,0.53251835,0.38847615,0.24482838,0.64235095
276,12,15,2.9115138,292.59319,18.606917,0.0033028416,-0.013826208,-0.075198311,-0.01891018,-0.003654865,-0.011967069,0.39281013,0.386697,0.19535755,0.62404351
276,12,20,3.013621,293.77493,18.846378,0.027779885,-0.013935252,-0.019725256,-0.03128092,-0.10183344,-0.06192717,0.38620618,0.30177708,0.21413656,0.94365178
276,12,25,2.9820054,292.4866,19.067922,0.032328707,-0.012248791,-0.032472322,-0.017298226,0.09090977,0.0045232185,0.47077568,0.31458031,0.22589606,0.73204032
276,12,30,2.8778327,287.60189,18.62088,0.0064470789,-0.010630525,-0.033689239,-0.024357923,-0.13284502,0.078379574,0.40296402,0.34741796,0.29164038,0.89699525
276,12,35,2.8554449,288.1161,18.808988,0.017264604,-0.015941655,-0.031385858,-0.022288726,-0.04734578,0.031953831,0.28187115,0.32550291,0.1860537,0.51060217
276,12,40,1.8871793,235.62261,20.262859,-0.0083165671,-0.0022342815,-0.029983491,0.011221349,0.029361143,0.039212878,0.39896383,0.28589136,0.16864066,0.74149718
276,12,45,2.0003763,223.23895,21.005547,-0.00022344462,0.0064409942,0.017319007,-0.03353621,0.0075373006,-0.068720771,0.51294276,0.41622606,0.23559567,0.49288588
276,12,50,2.3684681,222.05773,20.622563,0.0043301064,0.0084905234,-0.034963541,-0.017869843,0.085845069,0.0054313891,0.51898746,0.46862797,0.26655682,0.38733556
276,12,55,1.3448773,218.67522,19.577161,-0.0016675414,0.011184509,-0.033297085,0.0070144291,0.43476648,-0.058967711,0.59369893,0.42791541,0.24017317,0.96201989
276,13,0,0.78657668,86.428567,16.078981,-0.01542956,-0.0065933991,0.014293515,-0.006994141,0.022950074,0.00044396056,0.32788675,0.3026879,0.16629403,0.19194444
276,13,5,0.80845414,12.778142,16.602806,0.0022259805,0.0019570394,-0.0064530685,-0.020105473,0.0034879119,-0.11621955,0.22740975,0.46901507,0.17817341,0.43343208
276,13,10,0.73474114,321.38445,17.307991,0.0092387087,0.010667482,0.031532504,-0.0085313592,-0.061075111,-0.035104234,0.38796536,0.28098118,0.20817429,0.32172328
276,13,15,1.4169814,237.42319,19.841776,0.00031864657,0.00048556913,0.049071089,-0.014586832,0.14798646,0.086354397,0.45008877,0.43321166,0.21610918,0.60186379
276,13,20,1.9334599,236.10263,20.397082,-0.02525351,-0.0017328073,-0.1724227,-0.0495917,0.13881948,-0.045151404,0.68928937,0.52323737,0.25417356,0.56853246
276,13,25,2.622819,245.81546,20.625447,-0.014730504,0.024119275,-0.26773295,-0.054051223,0.15166225,-0.06989654,0.74575261,0.61399997,0.30709306,0.50183657
276,13,30,2.8010324,245.37648,20.634154,-0.028368667,0.022446554,-0.021843176,-0.032423017,0.081975942,0.063689041,0.51603555,0.48594109,0.31428624,0.43681129
276,13,35,3.1803753,246.92761,20.683681,-0.04979646,0.034901351,-0.07905119,-0.040622359,0.097345004,-0.03172196,0.67031092,0.49801774,0.33022949,0.40258202
276,13,40,3.2080799,245.889,20.726573,-0.020463677,0.026949505,-0.15377263,-0.02912698,0.090869835,-0.0539806,0.74862557,0.59984134,0.32352355,0.33566824
276,13,45,3.5138628,250.65696,20.648615,-0.029812831,0.04015516,-0.12043425,-0.041135501,0.10633949,-0.070257799,0.7330681,0.6600738,0.36272743,0.33965535
276,13,50,3.4708142,253.89976,20.779131,-0.048016805,0.041736725,-0.14344297,-0.021109351,0.072517543,-0.0017556818,0.78158772,0.57284546,0.35338005,0.24242574
276,13,55,2.8247312,255.67737,20.781716,-0.058617018,0.063836183,-0.041365647,-0.031397944,0.09756958,-0.0061558956,0.80981403,0.72486809,0.38286206,0.25747788
276,14,0,3.3815526,260.74571,21.11786,-0.03223888,0.070307893,-0.47427853,-0.02932748,0.10827545,-0.11077169,1.2063802,0.87807572,0.43331164,0.26241672
276,14,5,2.8204687,243.58309,20.932302,-0.11294641,0.046987816,-0.40535737,-0.034946243,0.080592478,-0.038374014,0.99405824,0.92680193,0.47811658,0.20260258
276,14,10,2.9724435,246.26098,20.887005,-0.077134834,-0.00060191774,-0.15197355,-0.012971946,0.030169084,-0.0099134243,0.80887683,0.62461144,0.44521788,0.12596434
276,14,15,3.0721329,259.69202,21.041646,-0.11612545,0.019409255,-0.3153986,-0.022133329,0.12903344,-0.068341979,1.0584827,0.77021986,0.47930171,0.18781046
276,14,20,2.4526404,255.63203,20.987597,-0.053320543,0.030599944,-0.055417032,-0.00088260483,-0.018010861,-0.011298719,0.88130182,0.67752733,0.45761573,0.082563783
276,14,25,1.3092078,254.42703,21.051224,-0.085852548,0.0092900297,-0.072443989,0.0020196543,-0.0010620213,-0.0094054347,0.63270181,0.56835669,0.38709555,0.076799272
276,14,30,2.7026599,274.30785,21.181104,-0.12871802,-0.035293729,0.11158431,0.0037502612,-0.014735627,0.0048244685,1.0890166,0.96420026,0.55264632,0.077460671
276,14,35,1.4596063,237.19471,21.181323,-0.034666394,0.024403895,-0.36986261,0.0034355605,-0.015200763,0.019135997,0.87713794,0.67517989,0.39876898,0.091634764
276,14,40,1.8565582,216.02996,21.24423,0.0050387128,0.056404137,-0.092939899,0.0080311565,-0.01518107,-0.0040375263,0.74743207,0.68001072,0.48375982,0.1021243
276,14,45,1.324798,219.21722,21.230265,0.084263722,0.03062851,-0.12898594,0.018650233,-0.016152062,0.0062933197,0.62945008,0.72621098,0.49719324,0.14126397
276,14,50,0.8099263,22.265345,19.098068,-0.052094205,-0.0073411942,0.062659794,0.074400613,-0.45359357,0.037995104,0.84085338,0.55610373,0.3304178,0.98805987
276,14,55,1.2732469,72.265477,18.407181,-0.024239286,-0.0095662745,-0.018332292,0.021449555,-0.015153757,0.01152802,0.32075563,0.28253946,0.23731088,0.22159718
276,15,0,0.9291358,83.083122,18.67936,-0.021913437,-0.0048206712,0.00041462193,0.041206864,-0.045385771,0.0066766167,0.24790238,0.23167126,0.2279186,0.31365956
276,15,5,1.1810013,99.958161,18.901109,-0.00037240767,0.00074467029,-0.0084670877,0.028934705,-0.0089311303,0.014286648,0.24491698,0.2352181,0.19293373,0.26856102
276,15,10,1.3623758,75.310962,19.003074,-0.0065456835,-0.011041167,0.0014538787,0.052635414,-0.014684406,-0.044739208,0.2254172,0.32658379,0.25326268,0.37724602
276,15,15,1.8004219,74.835382,19.047696,-0.058259385,-0.023771816,0.05245834,0.047422352,-0.045052121,-0.010038624,0.45192754,0.367781,0.28767217,0.3113054
276,15,20,1.3951572,100.15799,18.789266,-0.0049494377,-0.0034381301,0.011109407,0.038240048,-0.019198859,-0.0022133079,0.26365816,0.27617291,0.21101245,0.33713886
276,15,25,1.1092596,96.427526,18.994797,-0.0040536204,-0.012481093,-0.03414702,0.078226721,-0.011594818,0.0025134479,0.35113523,0.35123636,0.24147806,0.47766373
276,15,30,1.2516429,108.65448,18.94331,-0.015854147,0.00043781356,-0.0049173235,0.069558358,-0.036962262,0.017497612,0.30491334,0.2325277,0.25532774,0.38441373
276,15,35,1.0149373,113.12017,19.106013,-0.019066536,0.00076046966,-0.0085982011,0.09162914,-0.048198349,-0.020201337,0.32632888,0.26231217,0.25339628,0.48498583
276,15,40,2.4487639,201.29531,20.085545,-0.040206362,-0.015496885,-0.044963384,0.075962553,-0.088820017,-0.032963948,0.93175031,0.67170641,0.48312394,0.34970344
276,15,45,1.6744878,178.29377,20.091958,-0.095310772,0.14789669,-0.2513203,0.0070892112,0.062841928,-0.43683587,0.74426049,1.1788112,0.5026161,0.69907489
276,15,50,2.8226847,192.72939,19.976278,-0.097918607,0.095732216,-0.73141977,0.031931304,0.15914535,-0.30314235,1.1060414,1.1622751,0.48418951,0.47011003
276,15,55,4.0228693,208.91818,20.191074,-0.016230535,0.028656812,-0.045959825,0.048757083,-0.069399475,0.024954442,0.84286815,0.59641774,0.44938472,0.31602545
276,16,0,1.3333323,178.57378,20.514831,-0.0076049577,0.0061394523,-0.12675682,0.087301412,0.081794191,-0.27027442,0.70705449,0.81612218,0.42172217,0.85986508
276,16,5,2.5585819,57.244063,19.046854,-0.068114484,-0.014718607,0.0050005659,0.12011411,-0.12178862,0.037126566,0.42612949,0.40267113,0.34476433,0.59557058
276,16,10,1.8507586,46.899542,19.460565,-0.061648324,-0.017173584,0.034224389,0.1036856,-0.0840239,0.0082790784,0.36257551,0.38786236,0.3309364,0.50072157
276,16,15,1.3258902,68.344477,19.523232,-0.069331366,0.011553271,-0.044725977,0.097610594,-0.13094387,0.024581252,0.62970874,0.34528472,0.28126006,0.49689324
276,16,20,1.7456039,87.296764,19.502567,-3.477067e-05,-0.021868822,0.0093616544,0.07075254,0.021144568,-0.020329888,0.37746606,0.40138776,0.27121646,0.44833002
276,16,25,1.4540596,66.426602,20.071984,-0.012221876,-0.021420401,0.0094476551,0.1030599,0.0031663938,-0.042148694,0.31964337,0.41840886,0.28300711,0.61543804
276,16,30,1.4692665,104.91682,19.827313,-0.010345491,-0.026732504,0.0080448393,0.083411288,0.0061932643,0.056558799,0.38408828,0.54332512,0.28914806,0.54989438
276,16,35,0.87844006,87.090082,20.106893,0.0019535422,-0.01354013,-0.016663324,0.038811115,-0.039200713,-0.011096312,0.4799119,0.35583078,0.29040208,0.35903276
276,16,40,0.98203224,100.07741,20.383413,0.060518831,0.014065248,0.099810157,0.044362233,-0.042746774,-0.011874541,0.5749933,0.32832333,0.326958,0.36877753
276,16,45,1.6357256,55.631,20.616488,0.0076259492,0.0029470784,-0.017093225,0.088932922,-0.012783743,0.028321411,0.38667668,0.3235026,0.31568732,0.52636707
276,16,50,1.9295504,37.27911,21.395687,-0.15762762,0.014725745,-0.052975528,0.31383435,-0.26300061,0.0041912218,0.57653367,0.4839894,0.44893962,0.90096745
276,16,55,1.6337763,46.869278,21.274614,-0.0044886821,-0.013923256,-0.010664285,0.10117131,-0.027875264,0.0040854693,0.43269061,0.55250624,0.32008018,0.52452022
276,17,0,1.70848,72.107724,21.528745,-0.028252027,0.01667369,-0.032211783,0.14731086,-0.055761747,0.12165807,0.47782138,0.51967296,0.40126779,0.6402681
276,17,5,1.241601,346.7887,21.552079,0.043959381,-0.0052409942,-0.025801289,0.07667304,0.024675543,0.048223625,0.52284014,0.35245721,0.33062044,0.43993508
276,17,10,0.7961932,1.7576704,22.038233,-0.040033114,0.017082437,0.026459468,0.161109,0.009995336,0.05577176,0.52288192,0.40282987,0.36539139,0.63113469
276,17,15,1.778906,348.83766,22.138636,-0.00026224864,-0.035962474,0.032431406,0.12083693,-0.082849749,-0.088367275,0.46177915,0.58106856,0.34146338,0.59709251
276,17,20,2.0654161,104.64819,22.608528,0.098929081,-0.01175649,0.17265914,0.14451526,0.050951642,0.0093968332,0.9384963,0.52267682,0.43492027,0.62599171
276,17,25,2.6900742,116.65017,22.47605,0.0083661009,-0.037577137,-0.046081565,0.14416474,-0.09494133,-0.07245681,0.64759074,0.57641081,0.35712496,0.74146063
276,17,30,1.5474852,121.99855,22.627567,-0.020470015,0.022540251,0.043784307,0.12754039,0.024279188,0.061815475,0.66734306,0.45215955,0.35855198,0.60719735
276,17,35,1.7086714,98.131068,22.689319,-0.037928247,-0.016262617,-0.44261128,0.1311963,-0.086125361,-0.059170258,1.0789752,0.74986197,0.41279678,0.66544241
276,17,40,0.44380036,75.151044,22.561036,0.028124462,-0.0098646836,-0.023304012,0.020031251,0.005640977,-0.010868777,0.31639464,0.28379243,0.35654451,0.25272344
276,17,45,0.48410793,66.939012,23.356547,0.051053776,-0.041051093,-0.19155529,0.16423599,0.09935849,-0.098192252,0.58188985,0.63126052,0.36718766,0.72041568
276,17,50,1.5478558,126.9026,23.214946,0.12432794,0.027171223,-0.0088716908,0.16676318,0.0015154572,0.08382862,0.81559752,0.55426952,0.48148517,0.72434231
276,17,55,2.5069058,119.16389,23.297833,-0.025252814,0.0013324074,0.18952629,0.098542895,-0.17110333,-0.14373677,0.64963228,0.70746985,0.34078775,0.71867388
276,18,0,0.87874786,124.75845,23.261135,-0.027130795,0.01150169,0.07490234,0.061466753,-0.00053585108,0.014195687,0.54004491,0.45847175,0.34625186,0.45667701
276,18,5,0.53616186,20.434007,23.606991,-0.01372264,-0.13783464,0.022602354,0.19581016,-0.028170304,-0.15721567,0.66708689,0.65711164,0.48251467,0.60804394
276,18,10,0.58425437,82.331553,23.816646,0.070343997,0.0088031729,0.10267831,0.13925277,0.098061039,0.15216956,0.68102582,0.63159427,0.44158437,0.67624153
276,18,15,1.488986,84.836905,23.768877,0.0098980288,-0.011389643,0.006153101,0.17332251,-0.023489629,-0.019142219,0.59479038,0.41112214,0.40143666,0.71356607
276,18,20,0.62298822,95.427019,23.511476,0.076079799,-0.058916516,-0.055081062,0.017493901,-0.0068924625,-0.011882198,0.400098,0.33116606,0.3775481,0.25153262
276,18,25,0.37614906,213.82534,24.116058,0.0069174986,0.01575969,-0.024029628,0.072584515,-0.0068942742,0.020142253,0.26001418,0.32144067,0.30814646,0.44445422
276,18,30,1.2272985,246.57904,24.746151,-0.048262119,0.059483083,-0.086983103,0.23092054,-0.11550851,0.19945414,0.5664716,0.54533845,0.37156611,0.95249659
276,18,35,2.5904357,253.12879,24.275326,0.038871669,0.036329261,0.21708503,0.14011618,-0.085840669,0.046628639,0.78727242,0.63874086,0.37920799,0.71444694
276,18,40,2.1625583,246.41154,24.604659,-0.0096540425,-0.0065153727,0.0016170424,0.19449844,-0.12728993,-0.016615002,0.58358238,0.43429393,0.39396203,0.8054572
276,18,45,2.2685485,238.9711,24.821347,-0.031015934,0.013864359,-0.15765048,0.16273902,-0.084310331,0.054981762,0.6584563,0.63936168,0.42235252,0.74153318
276,18,50,2.2620772,241.24653,24.898904,-0.10432709,0.026642725,-0.24289516,0.21613696,-0.1318662,-0.047498202,0.88561693,0.66516778,0.46866634,0.77800793
276,18,55,1.7651566,253.04834,24.990591,0.0012776985,0.0039920839,-0.0087614781,0.16510403,-0.058237112,0.040430865,0.9272769,0.48931718,0.38927322,0.7509251
276,19,0,2.2674699,232.59859,25.569654,-0.11014175,-0.033223069,-0.18237807,0.26196226,-0.20616662,-0.060123138,0.80246324,0.7971127,0.53752459,0.87778816
276,19,5,1.6892309,227.98543,25.279558,-0.057367102,0.0065505799,0.013588199,0.15863223,-0.13247749,0.042146234,0.62366181,0.48892591,0.38119138,0.719162
276,19,10,1.5432781,234.05988,25.389071,-0.097224896,0.097167432,-0.2993184,0.17389665,-0.094681593,0.30283842,0.85521348,0.86858378,0.4324465,0.75701542
276,19,15,3.0310215,244.63838,25.495892,-0.0068309992,0.040351687,-0.090330066,0.14416541,-0.093961998,0.14355666,0.77734942,0.72406658,0.44094773,0.70932658
276,19,20,2.2102068,219.76082,25.944703,-0.020825433,0.047557172,-0.024762919,0.17136595,-0.054622534,0.19835683,0.50912192,0.6924497,0.40722847,0.75844167
276,19,25,2.3884465,244.52709,26.009254,-0.045163434,0.029613238,0.012691837,0.15420796,-0.18841546,-0.014265578,0.92861739,0.86999013,0.50288347,0.77994146
276,19,30,2.1557177,220.43555,25.994613,0.0033317887,0.022672655,-0.053039728,0.16966484,-0.072150224,0.032759312,0.53196543,0.60260433,0.39230682,0.78429795
276,19,35,2.2069433,229.07514,25.857893,-0.019581019,-0.0012939099,-0.0062038848,0.11664413,-0.14673626,-0.028182538,0.63990709,0.48653912,0.33111927,0.6724107
276,19,40,0.94555885,204.63208,26.496336,-0.020403824,0.052767222,0.12494475,0.24089123,-0.057486013,0.097221201,0.42251867,0.72001031,0.43013716,0.8841493
276,19,45,2.0492469,232.10006,26.294136,-0.070848834,0.048060049,-0.078755853,0.1812082,-0.16315392,0.089302931,0.63534864,0.75295891,0.42156893,0.77207931
276,19,50,2.6261486,218.79107,26.090171,-0.016498336,-0.013289978,-0.12010665,0.11827221,-0.077429572,-0.021690211,0.69416121,0.84946615,0.36353929,0.66888217
276,19,55,2.6377242,234.19485,26.183505,-0.056253179,0.014314602,-0.085834271,0.1727107,-0.15197631,0.063452909,0.69415703,0.74544926,0.41944274,0.75936505
276,20,0,2.666174,214.27159,26.082527,-0.064007356,-0.0044999193,-0.20451644,0.13240924,-0.13999799,-0.068149461,0.87446105,1.1753938,0.4282817,0.67625306
276,20,5,2.9400328,215.77931,26.128123,-0.11653178,0.015213703,0.015243568,0.15756418,-0.19925147,-0.00037326003,1.2280811,0.73888476,0.49664248,0.63439245
276,20,10,3.2550444,239.50278,26.480894,-0.14985136,-0.010206543,-0.12677467,0.22366642,-0.39928595,0.031424766,0.93836868,0.71313241,0.49842847,0.83819619
276,20,15,3.0824066,227.87614,26.404812,-0.028467235,0.029591427,-0.1035585,0.1585416,-0.12102619,0.051910252,0.82054174,0.75798441,0.45641419,0.73021287
276,20,20,3.0064709,241.53635,26.640771,-0.092214491,0.01454115,-0.11140131,0.24633092,-0.32211343,-0.021949342,0.86052488,0.70052585,0.47148238,0.911137
276,20,25,1.6862583,348.80369,26.210168,0.016962284,-0.023057031,0.10078144,0.090500687,-0.032668763,-0.0014725916,0.71779711,0.6903879,0.40138995,0.44887909
276,20,30,1.5211316,1.6079314,26.505125,-0.036852226,0.00090357832,-0.15262608,0.13630654,-0.0064019013,-0.057030465,0.57578013,0.94390851,0.39732927,0.63480141
276,20,35,3.2645141,35.474754,26.756428,-0.12236467,-0.070851946,0.23147986,0.18023962,-0.24837858,-0.16093333,0.83586121,0.73279407,0.43259602,0.80237709
276,20,40,2.1590037,31.417652,26.771912,-0.033097909,0.036504289,-0.052144951,0.245959,-0.0869662,0.065286606,0.55962143,0.64887857,0.45201764,0.86968865
276,20,45,2.198549,54.169991,27.008074,-0.13905806,0.00037083998,-0.0034291249,0.20918623,-0.19512271,0.18248678,0.76732858,0.70119573,0.47013782,0.86379832
276,20,50,1.7457626,44.626959,26.653339,0.0056465134,-0.14055565,-0.47281005,0.18229504,-0.12975214,-0.070383519,1.1905068,1.0258856,0.52042787,0.65100047
276,20,55,4.0322975,71.391851,27.002203,-0.17717774,-0.030917659,-0.061095651,0.21638361,-0.43333693,0.051422342,0.85254832,0.81885304,0.47856736,0.87781959
276,21,0,2.1747204,56.223708,26.652098,-0.049865375,-0.045263868,0.6077279,0.10158904,-0.094280091,-0.096467927,1.0288047,0.92158004,0.37408907,0.52371715
276,21,5,2.8332437,19.319229,27.024445,-0.10639832,0.038168351,-0.082958992,0.15123659,-0.27623761,-0.11200934,0.9259343,0.83065551,0.42742292,0.70536167
276,21,10,3.3473372,53.11248,27.317479,-0.15851424,0.0022623542,-0.290373,0.11001449,-0.059070353,-0.032517296,1.0493635,0.78441787,0.4506786,0.68937297
276,21,15,3.7620788,75.383456,27.196717,-0.10380721,-0.060616722,0.054824831,0.13650985,-0.069398178,0.12924746,0.89275052,1.2236738,0.42993098,0.74950426
276,21,20,3.6456546,93.968449,27.24671,-0.097136116,-0.081528207,-0.065050844,0.21604649,-0.22001473,-0.02957438,0.73756101,0.85433759,0.4233074,0.88400574
276,21,25,2.496233,87.369133,27.191937,-0.16454549,0.0074879457,-0.547437,0.29125194,-0.35985177,0.089953053,1.0217035,1.2070094,0.48705118,0.89154131
276,21,30,3.5636417,84.218096,27.459654,-0.20475634,-0.070382977,0.027461752,0.27881069,-0.46814552,-0.10888069,0.80063982,0.66396268,0.48639119,0.90189642
276,21,35,3.7559682,96.627056,27.375049,-0.10443984,-0.042784446,-0.19931385,0.223303,-0.12999976,-0.032345574,0.74253433,0.90410913,0.4657208,0.88445426
276,21,40,1.8498427,76.108508,27.122152,-0.038323749,-0.017854275,0.11463485,0.1296586,-0.027806939,0.013961848,0.61627398,0.65107393,0.36855298,0.69164172
276,21,45,2.4343478,71.853113,27.3563,-0.1542225,-0.093265403,0.16388618,0.19760889,-0.016344967,-0.0088123275,0.84090614,0.78216079,0.50093871,0.82446115
276,21,50,2.8787889,71.195746,27.188045,-0.064731762,-0.085789392,-0.13456288,0.11461588,-0.056990522,-0.065836063,0.87359328,0.83459153,0.39230716,0.60988787
276,21,55,3.3636182,99.933863,27.016722,-0.037322277,-0.034425409,-0.37879682,0.12873085,-0.13209241,-0.0069753022,1.0303607,0.67104765,0.36677264,0.63832349
276,22,0,1.4340993,69.486531,26.975779,-0.022742519,-0.024498875,0.060538695,0.10622266,-0.05648026,-0.0080707874,0.43703606,0.41489668,0.32650336,0.56654332
276,22,5,0.72316415,20.980774,27.087559,-0.012203548,-0.037807701,-0.072641871,0.092880303,-0.031790922,-0.034078003,0.58644726,0.44455009,0.34659763,0.47772156
276,22,10,2.2028478,93.454698,27.47203,-0.072483555,-0.066499269,0.03273902,0.1587061,-0.06336423,-0.035173193,0.66105534,1.043791,0.4150705,0.70916298
276,22,15,2.0315363,89.149292,27.645121,-0.10171483,-0.032924122,-0.021915705,0.14162514,-0.05312319,-0.18008255,0.60655839,0.62778099,0.41108159,0.68213042
276,22,20,1.6721764,104.45796,27.161843,-0.019605743,0.010861946,-0.12148996,0.17044319,-0.010774205,-0.024965366,0.64567962,0.55426825,0.34212717,0.74245086
276,22,25,0.80107208,59.766911,26.697786,0.024649356,-0.01524948,-0.081555321,0.020901435,-0.010991331,0.014713103,0.43232669,0.40785209,0.24984196,0.22986426
276,22,30,1.8234716,140.31137,26.981747,-0.015819986,-0.0086378195,-0.09328249,0.0762868,-0.06673579,0.019162609,0.93845097,0.63544368,0.32924218,0.48865681
276,22,35,1.9050367,98.121779,27.487717,-0.02157703,0.019591157,0.12813295,0.13074313,0.0030047894,0.19043448,0.69824342,0.78244928,0.42261116,0.59092152
276,22,40,2.0523099,73.15115,27.45112,-0.14509799,-0.083445495,0.211271,0.11348862,-0.17681592,-0.16802612,0.67079762,0.72448654,0.38748219,0.60590929
276,22,45,1.7217725,83.869203,27.361159,-0.03523675,-0.0068873151,0.0081946252,0.10841484,-0.067406411,-0.024853001,0.48707475,0.54275849,0.33193419,0.55850665
276,22,50,1.2590723,143.19166,27.328798,-0.056059527,0.001137865,0.12635269,0.088314728,-0.048393213,0.021150267,0.69894416,0.45964712,0.31465635,0.53625201
276,22,55,1.4833665,135.24923,26.945153,0.022944073,0.00077979499,0.10428372,0.03502793,-0.073907844,-0.062791236,0.53700674,0.49882694,0.25143176,0.41079581
276,23,0,1.2199601,54.149526,27.280655,-0.02693668,-0.038557171,0.065625286,0.11515754,-0.0099080155,-0.026212038,0.53466074,0.40609094,0.32497456,0.51444726
276,23,5,0.85632858,31.742766,27.19622,-0.068971024,-0.039029623,0.078678677,0.071884082,-0.050604721,-0.047355829,0.42803913,0.42519948,0.28151153,0.42864999
276,23,10,2.2852122,116.45265,27.112537,-0.03739039,-0.010968409,-0.0087721053,0.0567869,-0.041169815,-0.0053080527,0.46067745,0.64412879,0.26284283,0.42857815
276,23,15,1.3175809,61.150109,27.053712,-0.042172818,0.016911443,-0.078016603,0.064450438,-0.036199748,-0.0018145461,0.44251368,0.41620532,0.25875417,0.38691848
276,23,20,1.1377077,27.494246,27.224635,-0.027131584,-0.029399859,0.010102491,0.075052713,-0.024423182,-0.064423244,0.37774384,0.50149166,0.30443599,0.41291818
276,23,25,0.34843459,352.71845,27.131577,-0.0094666501,-0.016337912,0.028788015,0.042286187,-0.010350933,-0.00083142075,0.31256029,0.40012738,0.26321541,0.25503504
276,23,30,1.3048282,85.200954,27.32856,-0.052011391,-0.0051056545,0.16836844,0.045920293,-0.037107739,-0.011536169,0.75718918,0.61404522,0.26783867,0.31933519
276,23,35,1.8754604,101.52209,27.285954,-0.082551687,-0.077193241,0.33706406,0.069048164,-0.092744764,-0.091165539,0.66687061,0.71412362,0.32996627,0.33207118
276,23,40,0.84813413,142.52718,27.166367,-0.014933033,-0.011684266,0.012402008,0.023683655,-0.019633241,-0.010449793,0.44078864,0.44781938,0.26774862,0.17912411
276,23,45,1.0845218,147.254,26.929577,-0.043156463,-0.0057708918,0.077919271,0.013810014,-0.0039722679,0.034913907,0.51767793,0.44511929,0.20796476,0.18027244
276,23,50,0.38052569,198.79248,26.761294,0.0036434294,-0.0036646316,0.0066738129,-0.0036866388,-0.012651591,-0.0093763299,0.20063723,0.21968276,0.12198158,0.14933273
276,23,55,0.59695599,240.64881,26.552446,-0.0092662671,-0.0027799614,0.011099269,0.0018050355,-0.039218256,0.0065810195,0.29475666,0.19760358,0.13474481,0.23783178
