    Time  Press    Temp     Rh    Alt  Speed    Dir   Batt  P.Temp  Dew   S.H.   M.R.     Et    Ozone O3Curr O3Temp   AD1    AD2    AD3    AD4    AD5    AD6
            hPa      °C     %      m    mps    deg      v     °C     °C          g/kg      s      ppb     µA     °C     v      v      v      v      v      v 
--------------------------------------------------------------------------------------------------------------------------------------------------------------
03:16:25 870.33   13.4   49.7   1311    0.5     87    8.6    25.0   3.2   0.85   5.53    1.0     0.00   0.00    0.0  0.001  0.000  0.000  0.000  0.000  0.000
03:16:26 870.24   13.4   49.7   1312    0.5     87    8.5    25.0   3.1   0.85   5.52    2.0     0.00   0.00    0.0  0.001  0.000  0.000  0.000  0.000  0.000
03:16:27 870.57   13.4   49.8   1309    0.5     87    8.5    24.9   3.1   0.85   5.51    3.0     0.00   0.00    0.0  0.001  0.000  0.000  0.000  0.000  0.000
03:16:28 870.21   13.3   49.9   1312    0.5     87    8.5    24.9   3.0   0.85   5.48    4.0     0.00   0.00    0.0  0.001  0.000  0.000  0.000  0.000  0.000
03:16:29 870.22   13.4   50.0   1312    0.5     87    8.5    25.0   3.2   0.85   5.54    5.0     0.00   0.00    0.0  0.001  0.000  0.000  0.000  0.000  0.000
03:16:31 870.16   13.2   50.3   1313    0.5     87    8.5    24.8   3.1   0.85   5.50    7.0     0.00   0.00    0.0  0.001  0.000  0.000  0.000  0.000  0.000
03:16:33 870.31   13.5   49.9   1312    0.6     87    8.5    25.1   3.3   0.85   5.58    9.0     0.00   0.00    0.0  0.001  0.000  0.000  0.000  0.000  0.000
03:16:35 870.48   13.6   49.5   1310    0.7     87    8.5    25.2   3.3   0.85   5.57   11.0     0.00   0.00    0.0  0.001  0.000  0.000  0.000  0.000  0.000
03:16:36 870.02   13.5   49.6   1314    0.7     87    8.5    25.1   3.1   0.85   5.52   12.0     0.00   0.00    0.0  0.001  0.000  0.000  0.000  0.000  0.000
03:16:37 870.34   13.4   49.8   1311    0.7     87    8.5    25.0   3.1   0.85   5.52   13.0     0.00   0.00    0.0  0.001  0.000  0.000  0.000  0.000  0.000
03:16:38 870.30   13.4   49.7   1312    0.6     87    8.5    25.0   3.2   0.85   5.53   14.0     0.00   0.00    0.0  0.001  0.000  0.000  0.000  0.000  0.000
03:16:39 870.24   13.4   49.9   1312    0.6     87    8.5    25.0   3.2   0.85   5.53   15.0     0.00   0.00    0.0  0.001  0.000  0.000  0.000  0.000  0.000
03:16:41 870.13   13.2   50.1   1313    0.5     87    8.5    24.9   3.1   0.85   5.50   17.0     0.00   0.00    0.0  0.001  0.000  0.000  0.000  0.000  0.000
03:16:42 869.98   13.6   49.7   1315    0.5     87    8.5    25.2   3.3   0.85   5.59   18.0     0.00   0.00    0.0  0.001  0.000  0.000  0.000  0.000  0.000
03:16:43 870.15   13.6   49.6   1313    0.6     87    8.5    25.3   3.3   0.85   5.59   19.0     0.00   0.00    0.0  0.001  0.000  0.000  0.000  0.000  0.000
03:16:44 870.02   13.5   49.8   1314    0.6     87    8.5    25.1   3.2   0.85   5.56   20.0     0.00   0.00    0.0  0.001  0.000  0.000  0.000  0.000  0.000
03:16:46 870.12   13.4   49.8   1313    0.6     87    8.5    25.0   3.2   0.85   5.53   22.0     0.00   0.00    0.0  0.001  0.000  0.000  0.000  0.000  0.000
03:16:47 870.34   13.3   50.1   1311    0.6     87    8.5    24.9   3.2   0.85   5.53   23.0     0.00   0.00    0.0  0.001  0.000  0.000  0.000  0.000  0.000
03:16:48 870.49   13.5   49.7   1310    0.6     87    8.5    25.0   3.2   0.85   5.53   24.0     0.00   0.00    0.0  0.001  0.000  0.000  0.000  0.000  0.000
03:16:49 870.36   13.5   49.9   1311    0.6     87    8.5    25.1   3.2   0.85   5.56   25.0     0.00   0.00    0.0  0.001  0.000  0.000  0.000  0.000  0.000
03:16:50 870.20   13.3   50.0   1313    0.6     87    8.5    24.9   3.1   0.85   5.52   26.0     0.00   0.00    0.0  0.001  0.000  0.000  0.000  0.000  0.000
03:16:51 870.17   13.4   49.9   1313    0.6     87    8.5    25.0   3.2   0.85   5.54   27.0     0.00   0.00    0.0  0.001  0.000  0.000  0.000  0.000  0.000
03:16:52 870.39   13.6   49.7   1311    0.6     87    8.5    25.2   3.3   0.85   5.57   28.0     0.00   0.00    0.0  0.001  0.000  0.000  0.000  0.000  0.000
03:16:53 870.19   13.6   49.8   1313    0.6     87    8.5    25.2   3.3   0.85   5.59   29.0     0.00   0.00    0.0  0.001  0.000  0.000  0.000  0.000  0.000
03:16:55 870.35   13.2   50.3   1311    0.6     87    8.5    24.8   3.1   0.85   5.49   31.0     0.00   0.00    0.0  0.001  0.000  0.000  0.000  0.000  0.000
03:16:56 870.23   13.2   50.5   1312    0.6     87    8.5    24.8   3.2   0.85   5.54   32.0     0.00   0.00    0.0  0.001  0.000  0.000  0.000  0.000  0.000
03:16:58 870.33   13.5   50.3   1311    0.5     87    8.5    25.1   3.3   0.85   5.60   34.0     0.00   0.00    0.0  0.001  0.001  0.000  0.000  0.000  0.000
03:16:59 870.23   13.4   50.3   1312    0.6     87    8.5    25.0   3.3   0.85   5.57   35.0     0.00   0.00    0.0  0.001  0.000  0.000  0.000  0.000  0.000
03:17:00 870.28   13.3   50.5   1312    0.6     87    8.5    24.9   3.3   0.85   5.57   36.0     0.00   0.00    0.0  0.001  0.000  0.000  0.000  0.000  0.000
03:17:01 870.42   13.4   50.5   1310    0.5     87    8.5    25.0   3.3   0.85   5.59   37.0     0.00   0.00    0.0  0.001  0.000  0.000  0.000  0.000  0.000
03:17:02 870.15   13.4   50.5   1313    0.6     87    8.5    25.0   3.3   0.85   5.59   38.0     0.00   0.00    0.0  0.001  0.000  0.000  0.000  0.000  0.000
03:17:03 870.00   13.2   50.6   1315    0.5     87    8.5    24.9   3.2   0.85   5.56   39.0     0.00   0.00    0.0  0.001  0.000  0.000  0.000  0.000  0.000
03:17:04 870.16   13.3   50.6   1313    0.5     87    8.5    24.9   3.3   0.85   5.57   40.0     0.00   0.00    0.0  0.001  0.000  0.000  0.000  0.000  0.000
03:17:05 870.17   13.3   50.5   1313    0.5     87    8.5    24.9   3.3   0.85   5.58   41.0     0.00   0.00    0.0  0.001  0.001  0.000  0.000  0.000  0.000
03:17:10 870.08   13.3   50.3   1314    0.6     87    8.5    24.9   3.2   0.85   5.55   46.0     0.00   0.00    0.0  0.001  0.000  0.000  0.000  0.000  0.000
03:17:11 870.17   13.6   50.1   1313    0.6     87    8.5    25.2   3.4   0.85   5.63   47.0     0.00   0.00    0.0  0.001  0.000  0.000  0.000  0.000  0.000
03:17:12 870.23   13.5   50.1   1312    0.6     87    8.5    25.1   3.3   0.85   5.59   48.0     0.00   0.00    0.0  0.001  0.001  0.000  0.000  0.000  0.000
03:17:13 870.42   13.5   50.2   1311    0.6     87    8.5    25.1   3.4   0.85   5.62   49.0     0.00   0.00    0.0  0.001  0.001  0.000  0.000  0.000  0.000
03:17:14 870.22   13.7   50.1   1312    0.6     87    8.5    25.3   3.5   0.85   5.66   50.0     0.00   0.00    0.0  0.001  0.000  0.000  0.000  0.000  0.000
03:17:16 870.43   13.4   50.3   1310    0.5     87    8.5    25.0   3.3   0.85   5.57   52.0     0.00   0.00    0.0  0.001  0.001  0.000  0.000  0.000  0.000
03:17:17 870.25   13.5   50.1   1312    0.6     87    8.5    25.1   3.3   0.85   5.60   53.0     0.00   0.00    0.0  0.001  0.001  0.000  0.000  0.000  0.000
03:17:18 870.45   13.3   50.5   1310    0.6     87    8.5    24.9   3.3   0.85   5.57   54.0     0.00   0.00    0.0  0.001  0.001  0.000  0.000  0.000  0.000
03:17:20 870.45   13.2   50.7   1310    0.6     87    8.5    24.8   3.2   0.85   5.54   56.0     0.00   0.00    0.0  0.001  0.001  0.000  0.000  0.000  0.000
03:17:23 870.27   13.3   50.7   1312    0.5     87    8.5    24.9   3.3   0.85   5.58   59.0     0.00   0.00    0.0  0.001  0.001  0.000  0.000  0.000  0.000
03:17:25 869.96   13.3   50.4   1315    0.6     87    8.5    24.9   3.2   0.85   5.55   61.0     0.00   0.00    0.0  0.001  0.001  0.000  0.000  0.000  0.000
03:17:26 870.44   13.3   50.5   1310    0.5     87    8.5    24.9   3.3   0.85   5.58   61.9     0.00   0.00    0.0  0.001  0.001  0.000  0.000  0.000  0.000
03:17:28 870.16   13.3   50.4   1313    0.6     87    8.5    25.0   3.3   0.85   5.57   63.9     0.00   0.00    0.0  0.001  0.001  0.000  0.000  0.000  0.000
03:17:29 870.42   13.5   50.1   1310    0.5     87    8.5    25.1   3.3   0.85   5.59   64.9     0.00   0.00    0.0  0.001  0.001  0.000  0.000  0.000  0.000
03:17:30 870.24   13.4   50.4   1312    0.5     87    8.5    25.0   3.3   0.85   5.58   65.9     0.00   0.00    0.0  0.001  0.001  0.000  0.000  0.000  0.000
03:17:31 870.42   13.3   50.7   1310    0.6     87    8.5    24.9   3.3   0.85   5.60   66.9     0.00   0.00    0.0  0.001  0.001  0.000  0.000  0.000  0.000
03:17:33 870.17   13.5   50.5   1313    0.6     87    8.5    25.1   3.4   0.85   5.62   68.9     0.00   0.00    0.0  0.001  0.001  0.000  0.000  0.000  0.000
03:17:35 870.39   13.5   50.6   1311    0.6     87    8.5    25.0   3.4   0.85   5.64   70.9     0.00   0.00    0.0  0.001  0.001  0.000  0.000  0.000  0.000
03:17:39 870.28   13.4   50.3   1312    0.6     87    8.5    25.0   3.3   0.85   5.57   74.9     0.00   0.00    0.0  0.001  0.001  0.000  0.000  0.000  0.000
03:17:40 870.37   13.3   50.3   1311    0.6     87    8.5    24.9   3.2   0.85   5.55   75.9     0.00   0.00    0.0  0.001  0.001  0.001  0.000  0.000  0.000
03:17:41 870.24   13.6   49.8   1312    0.6     87    8.5    25.2   3.3   0.85   5.59   76.9     0.00   0.00    0.0  0.001  0.001  0.001  0.000  0.000  0.000
03:17:42 870.22   13.5   50.1   1312    0.6     87    8.5    25.1   3.3   0.85   5.60   77.9     0.00   0.00    0.0  0.001  0.001  0.000  0.000  0.000  0.000
03:17:43 870.23   13.2   50.4   1312    0.6     87    8.5    24.8   3.2   0.85   5.53   78.9     0.00   0.00    0.0  0.001  0.001  0.000  0.000  0.000  0.000
03:17:44 870.09   13.5   50.2   1314    0.6     87    8.5    25.1   3.4   0.85   5.61   79.9     0.00   0.00    0.0  0.001  0.001  0.001  0.000  0.000  0.000
03:17:45 870.15   13.5   50.2   1313    0.6     87    8.5    25.2   3.4   0.85   5.62   80.9     0.00   0.00    0.0  0.001  0.001  0.001  0.000  0.000  0.000
03:17:46 870.27   13.5   50.1   1312    0.6     87    8.5    25.2   3.4   0.85   5.61   81.9     0.00   0.00    0.0  0.001  0.001  0.001  0.000  0.000  0.000
03:17:47 870.10   13.6   50.0   1314    0.6     87    8.5    25.3   3.4   0.85   5.63   82.9     0.00   0.00    0.0  0.001  0.001  0.001  0.000  0.000  0.000
03:17:48 870.31   13.5   50.0   1312    0.6     87    8.5    25.1   3.3   0.85   5.58   83.9     0.00   0.00    0.0  0.001  0.001  0.001  0.000  0.000  0.000
03:17:49 870.29   13.4   50.3   1312    0.6     87    8.5    25.0   3.3   0.85   5.57   84.9     0.00   0.00    0.0  0.001  0.001  0.001  0.000  0.000  0.000
03:17:51 870.14   13.5   50.0   1313    0.6     87    8.5    25.1   3.3   0.85   5.58   86.9     0.00   0.00    0.0  0.001  0.001  0.001  0.000  0.000  0.000
03:17:53 870.23   13.5   50.0   1312    0.6     87    8.5    25.1   3.3   0.85   5.60   88.9     0.00   0.00    0.0  0.001  0.001  0.001  0.000  0.000  0.000
03:17:54 870.23   13.7   49.9   1312    0.7     87    8.5    25.3   3.5   0.85   5.65   89.9     0.00   0.00    0.0  0.001  0.001  0.001  0.000  0.000  0.000
03:17:55 870.09   13.8   49.9   1314    0.6     87    8.5    25.4   3.5   0.85   5.66   90.9     0.00   0.00    0.0  0.001  0.001  0.001  0.000  0.000  0.000
03:17:56 870.22   13.7   49.7   1312    0.7     87    8.5    25.3   3.4   0.85   5.61   91.9     0.00   0.00    0.0  0.001  0.001  0.001  0.000  0.000  0.000
03:17:58 870.02   13.5   49.9   1314    0.7     87    8.5    25.2   3.3   0.85   5.58   93.9     0.00   0.00    0.0  0.001  0.001  0.001  0.000  0.000  0.000
03:18:02 870.39   13.2   50.5   1311    0.6     87    8.5    24.8   3.2   0.85   5.54   97.9     0.00   0.00    0.0  0.001  0.001  0.001  0.000  0.000  0.000
03:18:03 870.11   13.3   50.7   1313    0.6     87    8.5    24.9   3.3   0.85   5.57   98.9     0.00   0.00    0.0  0.001  0.001  0.001  0.000  0.000  0.000
03:18:04 869.95   13.2   50.9   1315    0.5     87    8.5    24.8   3.3   0.85   5.57   99.9     0.00   0.00    0.0  0.001  0.001  0.001  0.000  0.000  0.000
03:18:06 870.20   13.3   50.5   1313    0.6     87    8.5    24.9   3.3   0.85   5.57  101.9     0.00   0.00    0.0  0.001  0.001  0.001  0.000  0.000  0.000
03:18:07 870.23   13.4   50.6   1312    0.6     87    8.5    25.0   3.3   0.85   5.60  102.9     0.00   0.00    0.0  0.001  0.001  0.001  0.000  0.000  0.000
03:18:08 870.31   13.5   50.2   1311    0.6     87    8.5    25.1   3.3   0.85   5.60  103.9     0.00   0.00    0.0  0.001  0.001  0.001  0.000  0.000  0.000
03:18:09 870.25   13.7   49.9   1312    0.6     87    8.5    25.3   3.5   0.85   5.65  104.9     0.00   0.00    0.0  0.001  0.001  0.001  0.000  0.000  0.000
03:18:10 870.05   13.5   50.3   1314    0.6     87    8.5    25.2   3.4   0.85   5.62  105.9     0.00   0.00    0.0  0.001  0.001  0.001  0.000  0.000  0.000
03:18:11 870.41   13.3   50.4   1311    0.6     87    8.5    24.9   3.3   0.85   5.56  106.9     0.00   0.00    0.0  0.001  0.001  0.001  0.000  0.000  0.000
03:18:12 870.19   13.3   50.6   1313    0.6     87    8.5    24.9   3.3   0.85   5.58  107.9     0.00   0.00    0.0  0.001  0.001  0.001  0.000  0.000  0.000
03:18:13 870.22   13.3   50.7   1312    0.6     87    8.5    25.0   3.4   0.85   5.61  108.9     0.00   0.00    0.0  0.001  0.001  0.001  0.000  0.000  0.000
03:18:14 870.40   13.5   50.6   1311    0.6     87    8.5    25.1   3.5   0.85   5.67  109.9     0.00   0.00    0.0  0.001  0.001  0.001  0.000  0.000  0.000
03:18:15 870.06   13.6   50.2   1314    0.6     87    8.5    25.3   3.5   0.85   5.65  110.9     0.00   0.00    0.0  0.001  0.001  0.001  0.000  0.000  0.000
03:18:16 870.42   13.8   50.1   1310    0.6     87    8.5    25.4   3.6   0.85   5.72  111.9     0.00   0.00    0.0  0.001  0.001  0.001  0.000  0.000  0.000
03:18:17 870.48   13.5   50.2   1310    0.6     87    8.5    25.1   3.4   0.85   5.61  112.9     0.00   0.00    0.0  0.001  0.001  0.001  0.000  0.000  0.000
03:18:18 870.36   13.5   50.1   1311    0.6     87    8.5    25.1   3.4   0.85   5.60  113.9     0.00   0.00    0.0  0.001  0.001  0.001  0.000  0.000  0.000
03:18:19 870.27   13.6   50.1   1312    0.6     87    8.5    25.2   3.4   0.85   5.64  114.9     0.00   0.00    0.0  0.001  0.001  0.001  0.000  0.000  0.000
03:18:20 870.23   13.6   50.0   1312    0.6     87    8.5    25.2   3.4   0.85   5.62  115.9     0.00   0.00    0.0  0.001  0.001  0.001  0.000  0.000  0.000
03:18:21 870.13   13.6   50.1   1313    0.6     87    8.5    25.2   3.4   0.85   5.63  116.9     0.00   0.00    0.0  0.001  0.001  0.001  0.000  0.000  0.000
03:18:22 870.20   13.6   50.2   1313    0.7     87    8.5    25.2   3.4   0.85   5.63  117.9     0.00   0.00    0.0  0.001  0.001  0.001  0.000  0.000  0.000
03:18:23 870.18   13.5   50.1   1313    0.7     87    8.5    25.1   3.3   0.85   5.59  118.9     0.00   0.00    0.0  0.001  0.001  0.001  0.000  0.000  0.000
03:18:27 870.07   13.6   50.4   1314    0.6     87    8.5    25.2   3.5   0.85   5.67  122.9     0.00   0.00    0.0  0.001  0.001  0.001  0.000  0.000  0.000
03:18:28 870.20   13.6   50.4   1313    0.7     87    8.5    25.2   3.5   0.85   5.66  123.9     0.00   0.00    0.0  0.001  0.001  0.001  0.001  0.000  0.000
03:18:29 870.02   13.3   50.7   1314    0.6     87    8.5    24.9   3.3   0.85   5.58  124.9     0.00   0.00    0.0  0.001  0.001  0.001  0.001  0.000  0.000
03:18:30 870.19   13.6   50.8   1313    0.6     87    8.5    25.2   3.6   0.85   5.71  125.9     0.00   0.00    0.0  0.001  0.001  0.001  0.001  0.000  0.000
03:18:31 870.12   13.7   50.6   1313    0.6     87    8.5    25.3   3.6   0.85   5.71  126.9     0.00   0.00    0.0  0.001  0.001  0.001  0.001  0.000  0.000
03:18:32 870.09   13.5   50.5   1314    0.6     87    8.5    25.2   3.5   0.85   5.66  127.9     0.00   0.00    0.0  0.001  0.001  0.001  0.000  0.000  0.000
03:18:34 870.00   13.7   50.2   1314    0.6     87    8.5    25.3   3.5   0.85   5.68  129.9     0.00   0.00    0.0  0.001  0.001  0.001  0.001  0.000  0.000
03:18:35 870.10   13.6   50.3   1314    0.6     87    8.5    25.2   3.4   0.85   5.64  130.9     0.00   0.00    0.0  0.001  0.001  0.001  0.001  0.000  0.000
03:18:38 870.01   13.2   51.1   1314    0.6     87    8.4    24.9   3.4   0.85   5.61  133.9     0.00   0.00    0.0  0.001  0.001  0.001  0.001  0.000  0.000
03:18:39 870.27   13.2   51.4   1312    0.5     87    8.4    24.8   3.4   0.85   5.64  134.9     0.00   0.00    0.0  0.001  0.001  0.001  0.000  0.000  0.000
03:18:40 870.10   13.1   51.9   1314    0.5     87    8.4    24.7   3.4   0.85   5.64  135.9     0.00   0.00    0.0  0.001  0.001  0.001  0.000  0.000  0.000
03:18:41 870.16   13.2   51.8   1313    0.5     87    8.4    24.8   3.5   0.85   5.67  136.9     0.00   0.00    0.0  0.001  0.001  0.001  0.001  0.000  0.000
03:18:42 870.26   13.2   51.8   1312    0.5     87    8.4    24.8   3.5   0.85   5.68  137.9     0.00   0.00    0.0  0.001  0.001  0.001  0.001  0.000  0.000
03:18:43 870.49   13.2   51.8   1310    0.4     87    8.4    24.8   3.5   0.85   5.68  138.9     0.00   0.00    0.0  0.001  0.001  0.001  0.001  0.000  0.000
03:18:44 870.36   13.2   52.0   1311    0.5     87    8.4    24.8   3.6   0.85   5.71  139.9     0.00   0.00    0.0  0.001  0.001  0.001  0.001  0.000  0.000
03:18:45 870.53   13.2   52.0   1309    0.5     87    8.4    24.8   3.6   0.85   5.70  140.9     0.00   0.00    0.0  0.001  0.001  0.001  0.001  0.000  0.000
03:18:46 870.22   13.2   52.1   1312    0.4     87    8.4    24.8   3.6   0.85   5.69  141.9     0.00   0.00    0.0  0.001  0.001  0.001  0.001  0.000  0.000
03:18:49 870.39   13.3   52.0   1311    0.5     87    8.4    24.9   3.6   0.85   5.72  144.9     0.00   0.00    0.0  0.001  0.001  0.001  0.001  0.000  0.000
03:18:50 870.42   13.1   52.4   1310    0.5     87    8.4    24.7   3.6   0.85   5.70  145.9     0.00   0.00    0.0  0.001  0.001  0.001  0.001  0.000  0.000
03:18:51 870.28   13.2   52.5   1312    0.5     87    8.4    24.8   3.7   0.85   5.76  146.9     0.00   0.00    0.0  0.001  0.001  0.001  0.001  0.000  0.000
03:18:52 870.20   13.3   52.4   1313    0.4     87    8.4    24.9   3.7   0.85   5.76  147.9     0.00   0.00    0.0  0.001  0.001  0.001  0.001  0.000  0.000
03:18:53 870.22   13.7   51.7   1312    0.5     87    8.4    25.3   3.9   0.85   5.84  148.9     0.00   0.00    0.0  0.001  0.001  0.001  0.001  0.000  0.000
03:18:54 870.40   13.5   51.4   1311    0.4     87    8.4    25.1   3.7   0.85   5.74  149.9     0.00   0.00    0.0  0.001  0.001  0.001  0.001  0.000  0.000
03:18:55 870.19   13.5   51.4   1313    0.5     87    8.4    25.1   3.7   0.85   5.73  150.9     0.00   0.00    0.0  0.001  0.001  0.001  0.001  0.000  0.000
03:18:56 870.13   13.5   51.4   1313    0.6     87    8.4    25.2   3.7   0.85   5.76  151.9     0.00   0.00    0.0  0.001  0.001  0.001  0.001  0.000  0.000
03:18:57 870.35   13.6   51.1   1311    0.6     87    8.4    25.3   3.7   0.85   5.76  152.9     0.00   0.00    0.0  0.001  0.001  0.001  0.001  0.000  0.000
03:18:58 870.41   13.5   51.0   1311    0.6     87    8.4    25.1   3.6   0.85   5.70  153.9     0.00   0.00    0.0  0.001  0.001  0.001  0.001  0.000  0.000
03:18:59 870.44   13.5   51.0   1310    0.6     87    8.4    25.1   3.6   0.85   5.69  154.9     0.00   0.00    0.0  0.001  0.001  0.001  0.001  0.000  0.000
03:19:00 870.32   13.5   51.1   1311    0.6     87    8.4    25.1   3.6   0.85   5.70  155.9     0.00   0.00    0.0  0.001  0.001  0.001  0.001  0.000  0.000
03:19:02 870.13   13.5   51.2   1313    0.6     87    8.4    25.1   3.6   0.85   5.71  157.9     0.00   0.00    0.0  0.001  0.001  0.001  0.001  0.000  0.000
03:19:04 870.42   13.6   51.0   1310    0.7     87    8.4    25.1   3.6   0.85   5.72  159.9     0.00   0.00    0.0  0.001  0.001  0.001  0.001  0.000  0.000
03:19:05 870.13   13.4   51.1   1313    0.6     87    8.4    25.0   3.5   0.85   5.68  160.9     0.00   0.00    0.0  0.001  0.001  0.001  0.001  0.000  0.000
03:19:06 870.36   13.2   51.3   1311    0.6     87    8.4    24.8   3.4   0.85   5.62  161.9     0.00   0.00    0.0  0.001  0.001  0.001  0.001  0.000  0.000
03:19:07 870.30   13.3   51.5   1312    0.7     87    8.4    24.9   3.5   0.85   5.67  162.8     0.00   0.00    0.0  0.001  0.001  0.001  0.001  0.000  0.000
03:19:09 870.28   13.3   51.6   1312    0.7     87    8.4    24.9   3.5   0.85   5.68  164.8     0.00   0.00    0.0  0.001  0.001  0.001  0.001  0.000  0.000
03:19:10 870.30   13.3   51.7   1312    0.6     87    8.4    24.9   3.6   0.85   5.70  165.9     0.00   0.00    0.0  0.001  0.001  0.001  0.001  0.000  0.000
03:19:11 870.29   13.3   51.7   1312    0.6     87    8.4    24.9   3.6   0.85   5.71  166.8     0.00   0.00    0.0  0.001  0.001  0.001  0.001  0.000  0.000
03:19:18 870.37   13.0   52.8   1311    0.7     87    8.4    24.6   3.6   0.85   5.71  173.8     0.00   0.00    0.0  0.002  0.001  0.001  0.001  0.000  0.000
03:19:20 870.32   13.2   52.6   1311    0.6     87    8.4    24.7   3.7   0.85   5.74  175.8     0.00   0.00    0.0  0.001  0.001  0.001  0.001  0.000  0.000
03:19:21 870.21   13.1   52.2   1312    0.6     87    8.4    24.7   3.5   0.85   5.66  176.8     0.00   0.00    0.0  0.001  0.001  0.001  0.001  0.000  0.000
03:19:22 870.05   13.0   52.1   1314    0.6     87    8.4    24.6   3.5   0.85   5.65  177.8     0.00   0.00    0.0  0.001  0.001  0.001  0.001  0.000  0.000
03:19:23 870.35   13.1   52.4   1311    0.7     87    8.4    24.6   3.6   0.85   5.68  178.8     0.00   0.00    0.0  0.001  0.001  0.001  0.001  0.000  0.000
03:19:25 870.15   12.9   52.5   1313    0.7     87    8.4    24.5   3.5   0.85   5.65  180.8     0.00   0.00    0.0  0.001  0.001  0.001  0.001  0.000  0.000
03:19:26 870.47   12.9   52.4   1310    0.8     87    8.4    24.5   3.4   0.85   5.64  181.8     0.00   0.00    0.0  0.002  0.001  0.001  0.001  0.000  0.000
03:19:27 870.20   12.8   52.7   1313    0.8     87    8.4    24.4   3.4   0.85   5.63  182.8     0.00   0.00    0.0  0.002  0.001  0.001  0.001  0.000  0.000
03:19:28 870.32   12.7   52.9   1311    0.8     87    8.4    24.3   3.4   0.85   5.61  183.8     0.00   0.00    0.0  0.001  0.001  0.001  0.001  0.000  0.000
03:19:29 870.24   12.6   53.2   1312    0.9     87    8.4    24.2   3.4   0.85   5.61  184.8     0.00   0.00    0.0  0.001  0.001  0.001  0.001  0.000  0.000
03:19:30 870.25   12.7   53.2   1312    0.9     87    8.4    24.3   3.4   0.85   5.64  185.8     0.00   0.00    0.0  0.002  0.001  0.001  0.001  0.000  0.000
03:19:32 870.26   12.6   53.2   1312    1.0     87    8.4    24.1   3.3   0.85   5.59  187.8     0.00   0.00    0.0  0.002  0.001  0.001  0.001  0.000  0.000
03:19:33 870.21   12.5   53.3   1313    1.0     87    8.4    24.0   3.3   0.85   5.57  188.8     0.00   0.00    0.0  0.002  0.001  0.001  0.001  0.000  0.000
03:19:34 870.16   12.7   53.1   1313    1.0     87    8.4    24.2   3.4   0.85   5.61  189.9     0.00   0.00    0.0  0.002  0.001  0.001  0.001  0.000  0.000
03:19:35 870.23   12.6   53.2   1312    1.1     87    8.4    24.1   3.3   0.85   5.59  190.8     0.00   0.00    0.0  0.002  0.001  0.001  0.001  0.000  0.000
03:19:38 870.29   12.6   53.6   1312    1.2     87    8.4    24.1   3.4   0.85   5.63  193.8     0.00   0.00    0.0  0.001  0.001  0.001  0.001  0.000  0.001
03:19:39 870.20   12.5   53.6   1313    1.2     87    8.4    24.1   3.4   0.85   5.62  194.8     0.00   0.00    0.0  0.002  0.001  0.001  0.001  0.000  0.000
03:19:43 870.40   12.5   53.8   1311    1.0     87    8.4    24.0   3.4   0.85   5.61  198.8     0.00   0.00    0.0  0.002  0.001  0.001  0.001  0.000  0.000
03:19:44 870.37   12.7   53.4   1311    1.1     87    8.4    24.2   3.4   0.85   5.64  199.8     0.00   0.00    0.0  0.002  0.001  0.001  0.001  0.000  0.001
03:19:47 870.21   12.7   53.6   1313    1.1     87    8.4    24.2   3.5   0.85   5.66  202.8     0.00   0.00    0.0  0.002  0.001  0.001  0.001  0.000  0.001
03:19:48 870.19   12.6   53.5   1313    1.0     87    8.4    24.2   3.4   0.85   5.63  203.8     0.00   0.00    0.0  0.002  0.001  0.001  0.001  0.000  0.001
03:19:49 870.37   12.5   53.6   1311    1.0     87    8.4    24.1   3.4   0.85   5.60  204.8     0.00   0.00    0.0  0.002  0.001  0.001  0.001  0.000  0.001
03:19:50 870.21   12.5   53.9   1312    1.0     86    8.4    24.0   3.4   0.85   5.63  205.8     0.00   0.00    0.0  0.002  0.001  0.001  0.001  0.000  0.001
03:19:51 870.20   12.5   53.9   1313    1.0     87    8.4    24.1   3.4   0.85   5.62  206.8     0.00   0.00    0.0  0.002  0.001  0.001  0.001  0.000  0.000
03:19:57 870.05   12.4   54.6   1314    0.9     87    8.4    24.0   3.5   0.85   5.67  212.8     0.00   0.00    0.0  0.002  0.001  0.001  0.001  0.000  0.001
03:19:58 870.33   12.4   54.8   1311    0.8     87    8.4    24.0   3.6   0.85   5.69  213.8     0.00   0.00    0.0  0.002  0.001  0.001  0.001  0.000  0.001
03:19:59 870.05   12.3   55.0   1314    0.8     87    8.4    23.9   3.5   0.85   5.68  214.8     0.00   0.00    0.0  0.002  0.001  0.001  0.001  0.000  0.001
03:20:00 870.14   12.6   53.6   1313    0.8     87    8.4    24.2   3.5   0.85   5.66  215.8     0.00   0.00    0.0  0.002  0.001  0.001  0.001  0.000  0.001
03:20:01 870.15   12.8   53.3   1313    0.9     87    8.4    24.4   3.5   0.85   5.68  216.8     0.00   0.00    0.0  0.002  0.001  0.001  0.001  0.000  0.001
03:20:02 870.30   12.5   53.9   1312    0.9     87    8.4    24.1   3.5   0.85   5.65  217.8     0.00   0.00    0.0  0.002  0.001  0.001  0.001  0.000  0.001
03:20:03 870.34   12.5   54.2   1311    0.9     87    8.4    24.1   3.5   0.85   5.68  218.8     0.00   0.00    0.0  0.002  0.001  0.001  0.001  0.000  0.001
03:20:04 870.31   12.6   54.1   1312    0.8     87    8.4    24.2   3.6   0.85   5.71  219.8     0.00   0.00    0.0  0.002  0.001  0.001  0.001  0.000  0.001
03:20:05 870.17   12.5   54.4   1313    0.8     87    8.4    24.0   3.5   0.85   5.68  220.8     0.00   0.00    0.0  0.002  0.001  0.001  0.001  0.000  0.001
03:20:06 870.24   12.4   54.3   1312    0.8     87    8.4    24.0   3.5   0.85   5.65  221.8     0.00   0.00    0.0  0.002  0.001  0.001  0.001  0.000  0.001
03:20:07 870.45   12.6   53.6   1310    0.8     87    8.4    24.1   3.4   0.85   5.64  222.8     0.00   0.00    0.0  0.002  0.001  0.001  0.001  0.000  0.001
03:20:10 870.35   12.6   54.1   1311    0.9     87    8.4    24.2   3.6   0.85   5.69  225.8     0.00   0.00    0.0  0.002  0.001  0.001  0.001  0.000  0.001
03:20:11 870.04   12.8   53.4   1314    0.8     87    8.4    24.4   3.6   0.85   5.70  226.8     0.00   0.00    0.0  0.002  0.001  0.001  0.001  0.000  0.001
03:20:12 870.07   12.6   53.5   1314    0.9     87    8.4    24.2   3.5   0.85   5.65  227.8     0.00   0.00    0.0  0.002  0.001  0.001  0.001  0.000  0.001
03:20:13 870.36   12.7   53.7   1311    0.9     87    8.4    24.3   3.6   0.85   5.69  228.8     0.00   0.00    0.0  0.002  0.001  0.001  0.001  0.000  0.001
03:20:14 870.51   12.7   53.9   1310    0.9     87    8.4    24.2   3.6   0.85   5.69  229.8     0.00   0.00    0.0  0.002  0.001  0.001  0.001  0.000  0.001
03:20:15 870.43   12.5   54.0   1310    0.8     87    8.4    24.1   3.5   0.85   5.67  230.8     0.00   0.00    0.0  0.002  0.001  0.001  0.001  0.000  0.001
03:20:16 870.21   12.5   53.9   1313    0.8     87    8.4    24.1   3.5   0.85   5.65  231.8     0.00   0.00    0.0  0.002  0.001  0.001  0.001  0.000  0.001
03:20:17 870.44   12.6   53.9   1310    0.8     87    8.4    24.1   3.5   0.85   5.67  232.8     0.00   0.00    0.0  0.002  0.001  0.001  0.001  0.000  0.001
03:20:18 870.12   12.5   54.3   1313    0.8     87    8.4    24.1   3.5   0.85   5.67  233.8     0.00   0.00    0.0  0.002  0.001  0.001  0.001  0.000  0.001
03:20:20 870.18   12.5   54.4   1313    0.7     87    8.4    24.1   3.6   0.85   5.69  235.8     0.00   0.00    0.0  0.002  0.001  0.001  0.001  0.000  0.001
03:20:21 870.22   12.4   54.5   1312    0.7     87    8.4    23.9   3.5   0.85   5.65  236.8     0.00   0.00    0.0  0.002  0.001  0.001  0.001  0.000  0.001
03:20:22 870.32   12.5   54.2   1311    0.7     87    8.4    24.0   3.5   0.85   5.65  237.8     0.00   0.00    0.0  0.002  0.001  0.001  0.001  0.000  0.001
03:20:23 870.40   12.6   54.0   1311    0.7     87    8.4    24.1   3.5   0.85   5.68  238.8     0.00   0.00    0.0  0.002  0.001  0.001  0.001  0.000  0.001
03:20:25 870.41   12.6   54.1   1311    0.8     87    8.4    24.2   3.6   0.85   5.70  240.8     0.00   0.00    0.0  0.002  0.001  0.001  0.001  0.000  0.001
03:20:26 870.22   12.7   54.0   1312    0.8     87    8.4    24.3   3.7   0.85   5.73  241.8     0.00   0.00    0.0  0.002  0.001  0.001  0.001  0.000  0.001
03:20:27 870.43   12.6   54.1   1310    0.9     87    8.4    24.2   3.6   0.85   5.71  242.8     0.00   0.00    0.0  0.002  0.001  0.001  0.001  0.000  0.001
03:20:30 870.07   12.6   54.2   1314    0.8     87    8.4    24.2   3.6   0.85   5.72  245.8     0.00   0.00    0.0  0.002  0.001  0.001  0.001  0.000  0.001
03:20:31 870.47   12.6   54.0   1310    0.8     87    8.4    24.1   3.5   0.85   5.67  246.8     0.00   0.00    0.0  0.002  0.001  0.001  0.001  0.000  0.001
03:20:32 870.24   12.7   54.1   1312    0.7     87    8.4    24.2   3.6   0.85   5.71  247.8     0.00   0.00    0.0  0.002  0.001  0.001  0.001  0.000  0.001
03:20:35 870.36   12.6   54.0   1311    0.7     87    8.4    24.2   3.5   0.85   5.68  250.8     0.00   0.00    0.0  0.002  0.002  0.001  0.001  0.000  0.001
03:20:36 870.51   12.6   53.9   1310    0.7     87    8.4    24.2   3.5   0.85   5.68  251.8     0.00   0.00    0.0  0.002  0.002  0.001  0.001  0.000  0.001
03:20:37 870.33   12.5   54.3   1311    0.8     87    8.4    24.1   3.5   0.85   5.68  252.8     0.00   0.00    0.0  0.002  0.002  0.001  0.001  0.000  0.001
03:20:38 870.26   12.7   54.3   1312    0.8     87    8.4    24.3   3.7   0.85   5.76  253.8     0.00   0.00    0.0  0.002  0.002  0.001  0.001  0.000  0.001
03:20:40 870.35   12.8   53.6   1311    0.8     87    8.4    24.4   3.7   0.85   5.73  255.8     0.00   0.00    0.0  0.002  0.002  0.001  0.001  0.000  0.001
03:20:41 870.30   12.7   53.7   1312    0.8     87    8.4    24.3   3.6   0.85   5.69  256.8     0.00   0.00    0.0  0.002  0.001  0.001  0.001  0.000  0.001
03:20:42 870.20   12.6   54.0   1313    0.8     87    8.4    24.2   3.6   0.85   5.69  257.8     0.00   0.00    0.0  0.002  0.002  0.001  0.001  0.000  0.001
03:20:43 870.33   12.7   53.9   1311    0.8     87    8.4    24.2   3.6   0.85   5.70  258.8     0.00   0.00    0.0  0.002  0.002  0.001  0.001  0.000  0.001
03:20:44 870.38   12.8   53.7   1311    0.8     87    8.4    24.3   3.6   0.85   5.72  259.8     0.00   0.00    0.0  0.002  0.002  0.001  0.001  0.000  0.001
03:20:45 870.21   12.8   53.6   1312    0.9     86    8.4    24.4   3.6   0.85   5.71  260.8     0.00   0.00    0.0  0.002  0.002  0.001  0.001  0.000  0.001
03:20:46 870.08   12.9   53.6   1314    0.9     87    8.4    24.5   3.7   0.85   5.74  261.8     0.00   0.00    0.0  0.002  0.002  0.001  0.001  0.000  0.001
03:20:46 870.53   12.9   53.4   1309    0.9     87    8.4    24.4   3.6   0.85   5.72  262.8     0.00   0.00    0.0  0.002  0.002  0.001  0.001  0.000  0.001
03:20:49 870.55   12.7   53.5   1309    0.9     87    8.4    24.2   3.5   0.85   5.66  264.7     0.00   0.00    0.0  0.002  0.002  0.001  0.001  0.000  0.001
03:20:50 870.20   12.7   53.4   1313    0.8     87    8.4    24.3   3.5   0.85   5.67  265.7     0.00   0.00    0.0  0.002  0.002  0.001  0.001  0.000  0.001
03:20:51 870.35   12.7   53.6   1311    0.8     87    8.4    24.3   3.6   0.85   5.69  266.7     0.00   0.00    0.0  0.002  0.002  0.001  0.001  0.000  0.001
03:20:54 870.27   12.7   54.0   1312    0.8     87    8.4    24.3   3.7   0.85   5.73  269.7     0.00   0.00    0.0  0.002  0.002  0.001  0.001  0.000  0.001
03:20:55 870.06   12.8   53.9   1314    0.7     87    8.4    24.4   3.7   0.85   5.74  270.7     0.00   0.00    0.0  0.002  0.002  0.001  0.001  0.000  0.001
03:20:56 870.34   12.7   53.9   1311    0.7     87    8.4    24.3   3.6   0.85   5.72  271.7     0.00   0.00    0.0  0.002  0.002  0.001  0.001  0.000  0.001
03:20:58 870.22   12.7   53.6   1312    0.6     87    8.4    24.3   3.5   0.85   5.68  273.7     0.00   0.00    0.0  0.002  0.002  0.001  0.001  0.000  0.001
03:20:59 870.24   12.7   53.9   1312    0.6     87    8.4    24.3   3.6   0.85   5.72  274.7     0.00   0.00    0.0  0.002  0.002  0.001  0.001  0.000  0.001
03:21:01 870.42   12.8   54.3   1310    0.5     87    8.4    24.3   3.8   0.85   5.79  276.7     0.00   0.00    0.0  0.002  0.002  0.001  0.001  0.000  0.001
03:21:03 870.32   12.7   54.7   1311    0.5     87    8.4    24.3   3.8   0.85   5.80  278.7     0.00   0.00    0.0  0.002  0.002  0.001  0.001  0.000  0.001
03:21:06 870.52   13.1   53.3   1310    0.6     87    8.4    24.6   3.8   0.85   5.79  281.7     0.00   0.00    0.0  0.002  0.002  0.001  0.001  0.000  0.001
03:21:07 870.08   13.0   53.6   1314    0.6     87    8.4    24.6   3.8   0.85   5.78  282.7     0.00   0.00    0.0  0.002  0.002  0.001  0.001  0.000  0.001
03:21:09 870.10   12.9   53.7   1314    0.5     87    8.4    24.5   3.7   0.85   5.76  284.7     0.00   0.00    0.0  0.002  0.002  0.001  0.001  0.000  0.001
03:21:10 869.95   12.8   53.8   1315    0.5     87    8.4    24.4   3.7   0.85   5.73  285.7     0.00   0.00    0.0  0.002  0.002  0.001  0.001  0.000  0.001
03:21:11 870.39   12.9   54.2   1311    0.4     87    8.4    24.4   3.8   0.85   5.80  286.7     0.00   0.00    0.0  0.002  0.002  0.001  0.001  0.000  0.001
03:21:13 870.37   12.8   54.3   1311    0.4     87    8.4    24.4   3.8   0.85   5.79  288.7     0.00   0.00    0.0  0.002  0.002  0.001  0.001  0.000  0.001
03:21:14 870.20   12.8   54.4   1313    0.4     87    8.4    24.4   3.8   0.85   5.80  289.7     0.00   0.00    0.0  0.002  0.002  0.001  0.001  0.000  0.001
03:21:19 870.29   13.3   52.7   1312    0.6    234    8.4    24.9   3.8   0.85   5.80  294.7     0.00   0.00    0.0  0.002  0.002  0.001  0.001  0.000  0.001
03:21:20 870.25   13.3   52.2   1312    0.7    217    8.4    24.9   3.7   0.85   5.74  295.7     0.00   0.00    0.0  0.002  0.002  0.001  0.001  0.000  0.001
03:21:25 870.22   13.5   50.6   1312    1.0     27    8.4    25.1   3.4   0.85   5.64  300.8     0.00   0.00    0.0  0.002  0.002  0.002  0.001  0.000  0.001
03:23:35 870.27   12.7   51.3   1312    0.0    283    8.5    24.3   2.9   0.84   5.44  431.0     0.00   0.00    0.0  0.002  0.002  0.001  0.001  0.000  0.001
03:23:36 870.34   12.9   51.3   1311   38.5    173    8.5    24.4   3.1   0.85   5.50  432.0     0.00   0.00    0.0  0.002  0.002  0.001  0.001  0.000  0.001
03:23:37 870.35   12.8   51.3   1311    0.6    181    8.5    24.4   3.0   0.85   5.47  433.0     0.00   0.00    0.0  0.002  0.002  0.001  0.001  0.000  0.001
03:23:38 870.20   13.0   51.3   1313    0.6    194    8.5    24.5   3.1   0.85   5.52  434.0     0.00   0.00    0.0  0.002  0.002  0.001  0.001  0.000  0.001
03:23:39 870.29   13.0   51.2   1312    0.6    204    8.5    24.6   3.2   0.85   5.53  435.0     0.00   0.00    0.0  0.002  0.002  0.001  0.001  0.000  0.001
03:23:40 870.32   12.9   51.2   1311    0.6    210    8.5    24.5   3.1   0.85   5.51  436.0     0.00   0.00    0.0  0.002  0.001  0.001  0.001  0.000  0.001
03:23:41 870.15   12.9   51.4   1313    0.6    215    8.5    24.5   3.1   0.85   5.51  437.0     0.00   0.00    0.0  0.002  0.002  0.001  0.001  0.000  0.001
03:23:42 870.16   12.9   51.4   1313    0.6    211    8.4    24.5   3.1   0.85   5.52  438.0     0.00   0.00    0.0  0.002  0.002  0.001  0.001  0.000  0.001
03:23:43 870.20   12.9   51.5   1313    0.6    211    8.4    24.5   3.1   0.85   5.52  439.0     0.00   0.00    0.0  0.002  0.002  0.001  0.001  0.000  0.001
03:23:45 870.11   13.1   51.3   1313    0.6    222    8.4    24.7   3.3   0.85   5.58  440.9     0.00   0.00    0.0  0.002  0.002  0.001  0.001  0.000  0.001
03:23:46 870.15   13.0   51.4   1313    0.6    226    8.4    24.6   3.2   0.85   5.56  441.9     0.00   0.00    0.0  0.002  0.002  0.001  0.001  0.000  0.001
03:23:49 870.25   12.9   51.8   1312    0.6    229    8.4    24.5   3.2   0.85   5.55  444.9     0.00   0.00    0.0  0.002  0.002  0.001  0.001  0.000  0.001
03:23:50 870.46   13.0   51.5   1310    0.6    230    8.4    24.5   3.2   0.85   5.55  445.9     0.00   0.00    0.0  0.002  0.002  0.001  0.001  0.000  0.001
03:23:51 870.52   12.9   51.7   1310    0.7    231    8.4    24.5   3.2   0.85   5.56  446.9     0.00   0.00    0.0  0.002  0.002  0.001  0.001  0.000  0.001
03:23:53 870.40   13.0   51.5   1311    0.6    227    8.4    24.6   3.2   0.85   5.56  448.9     0.00   0.00    0.0  0.002  0.002  0.001  0.001  0.000  0.001
03:23:54 870.29   13.0   51.5   1312    0.7    225    8.4    24.6   3.2   0.85   5.56  449.9     0.00   0.00    0.0  0.002  0.002  0.001  0.001  0.000  0.001
03:23:55 870.33   13.0   51.6   1311    0.7    223    8.4    24.5   3.2   0.85   5.56  450.9     0.00   0.00    0.0  0.002  0.002  0.001  0.001  0.000  0.001
03:23:57 870.20   13.0   51.5   1313    0.7    212    8.4    24.6   3.2   0.85   5.56  452.9     0.00   0.00    0.0  0.002  0.002  0.001  0.001  0.000  0.001
03:23:58 870.17   13.0   51.6   1313    0.7    209    8.4    24.6   3.3   0.85   5.57  453.9     0.00   0.00    0.0  0.002  0.002  0.002  0.001  0.000  0.001
03:24:00 870.46   13.0   51.5   1310    0.7    211    8.4    24.6   3.2   0.85   5.56  455.9     0.00   0.00    0.0  0.002  0.002  0.001  0.001  0.000  0.001
03:24:02 870.32   13.1   51.3   1311    0.7    230    8.4    24.6   3.2   0.85   5.56  457.9     0.00   0.00    0.0  0.002  0.002  0.001  0.001  0.000  0.001
03:24:03 870.50   13.1   51.2   1310    0.7    222    8.4    24.7   3.3   0.85   5.58  458.9     0.00   0.00    0.0  0.002  0.002  0.001  0.001  0.000  0.001
03:24:04 870.42   13.1   51.3   1310    0.7    217    8.4    24.6   3.3   0.85   5.57  459.9     0.00   0.00    0.0  0.002  0.002  0.002  0.001  0.000  0.001
03:24:05 870.19   13.0   51.4   1313    0.7    212    8.4    24.6   3.2   0.85   5.56  460.9     0.00   0.00    0.0  0.002  0.002  0.001  0.001  0.000  0.001
03:24:06 870.25   13.0   51.3   1312    0.6    209    8.4    24.6   3.2   0.85   5.55  461.9     0.00   0.00    0.0  0.002  0.002  0.001  0.001  0.000  0.001
03:24:07 870.23   13.0   51.3   1312    0.7    204    8.4    24.6   3.2   0.85   5.54  462.9     0.00   0.00    0.0  0.002  0.002  0.002  0.001  0.000  0.001
03:24:08 870.43   13.0   51.2   1310    0.7    201    8.4    24.6   3.2   0.85   5.55  463.9     0.00   0.00    0.0  0.002  0.002  0.001  0.001  0.000  0.001
03:24:09 870.19   13.2   51.2   1313    0.6    203    8.4    24.8   3.3   0.85   5.59  464.9     0.00   0.00    0.0  0.002  0.002  0.001  0.001  0.000  0.001
03:24:10 870.41   13.1   51.3   1311    0.7    208    8.4    24.6   3.2   0.85   5.56  465.9     0.00   0.00    0.0  0.002  0.002  0.002  0.001  0.000  0.001
03:24:11 870.29   13.1   51.2   1312    0.7    212    8.4    24.7   3.3   0.85   5.58  466.9     0.00   0.00    0.0  0.002  0.002  0.002  0.001  0.000  0.001
03:24:12 870.49   13.1   51.3   1310    0.7    216    8.4    24.6   3.3   0.85   5.56  467.9     0.00   0.00    0.0  0.002  0.002  0.002  0.001  0.000  0.001
03:24:13 870.43   13.0   51.3   1310    0.7    216    8.4    24.6   3.2   0.85   5.55  468.9     0.00   0.00    0.0  0.002  0.002  0.002  0.001  0.000  0.001
03:24:14 870.32   13.0   51.3   1311    0.7    218    8.4    24.6   3.3   0.85   5.56  469.9     0.00   0.00    0.0  0.002  0.002  0.002  0.001  0.000  0.001
03:24:15 870.26   13.0   51.4   1312    0.6    223    8.4    24.6   3.2   0.85   5.56  470.9     0.00   0.00    0.0  0.002  0.002  0.001  0.001  0.000  0.001
03:24:16 870.31   13.0   51.3   1311    0.7    226    8.4    24.6   3.2   0.85   5.55  471.9     0.00   0.00    0.0  0.002  0.002  0.002  0.001  0.000  0.001
03:24:17 870.45   13.1   51.2   1310    0.7    225    8.4    24.7   3.3   0.85   5.57  472.9     0.00   0.00    0.0  0.002  0.002  0.002  0.001  0.000  0.001
03:24:18 870.25   13.1   51.1   1312    0.7    224    8.4    24.7   3.3   0.85   5.58  473.9     0.00   0.00    0.0  0.002  0.002  0.002  0.001  0.000  0.001
03:24:20 870.26   13.2   51.1   1312    0.7    223    8.4    24.8   3.3   0.85   5.58  475.9     0.00   0.00    0.0  0.002  0.002  0.002  0.001  0.000  0.001
03:24:23 870.23   13.1   51.2   1312    0.8    225    8.4    24.7   3.3   0.85   5.58  478.9     0.00   0.00    0.0  0.002  0.002  0.002  0.001  0.000  0.001
03:24:25 870.27   13.2   51.0   1312    0.8    228    8.4    24.8   3.3   0.85   5.57  480.9     0.00   0.00    0.0  0.002  0.002  0.002  0.001  0.000  0.001
03:24:26 870.32   13.2   51.1   1311    0.8    228    8.4    24.8   3.3   0.85   5.59  481.9     0.00   0.00    0.0  0.002  0.002  0.002  0.001  0.000  0.001
03:24:27 870.10   13.1   51.2   1314    0.8    229    8.4    24.7   3.3   0.85   5.57  482.9     0.00   0.00    0.0  0.002  0.002  0.002  0.001  0.000  0.001
03:24:28 870.36   13.1   51.1   1311    0.8    229    8.4    24.7   3.3   0.85   5.57  483.9     0.00   0.00    0.0  0.002  0.002  0.002  0.001  0.000  0.001
03:24:29 870.45   13.1   51.0   1310    0.8    230    8.4    24.7   3.2   0.85   5.55  484.9     0.00   0.00    0.0  0.002  0.002  0.002  0.001  0.000  0.001
03:24:30 870.15   13.2   51.1   1313    0.8    232    8.4    24.8   3.3   0.85   5.58  485.9     0.00   0.00    0.0  0.002  0.002  0.002  0.001  0.000  0.001
03:24:31 870.28   13.2   51.0   1312    0.8    233    8.4    24.8   3.3   0.85   5.58  486.9     0.00   0.00    0.0  0.002  0.002  0.002  0.001  0.000  0.001
03:24:32 870.40   13.2   51.0   1311    0.8    233    8.4    24.8   3.3   0.85   5.58  487.9     0.00   0.00    0.0  0.002  0.002  0.002  0.001  0.000  0.001
03:24:33 870.51   13.2   51.0   1310    0.8    233    8.4    24.8   3.3   0.85   5.57  488.9     0.00   0.00    0.0  0.002  0.002  0.002  0.001  0.000  0.001
03:24:34 870.40   13.2   51.0   1311    0.8    232    8.4    24.8   3.3   0.85   5.59  489.9     0.00   0.00    0.0  0.002  0.002  0.002  0.001  0.000  0.001
03:24:36 870.37   13.2   51.1   1311    0.8    234    8.4    24.8   3.3   0.85   5.58  491.9     0.00   0.00    0.0  0.002  0.002  0.002  0.001  0.000  0.001
03:24:37 870.22   13.1   51.1   1312    0.8    235    8.4    24.7   3.3   0.85   5.57  492.9     0.00   0.00    0.0  0.002  0.002  0.002  0.001  0.000  0.001
03:24:38 870.28   13.2   51.0   1312    0.8    235    8.4    24.8   3.3   0.85   5.58  493.9     0.00   0.00    0.0  0.002  0.002  0.002  0.001  0.000  0.001
03:24:39 870.24   13.2   51.1   1312    0.8    236    8.4    24.8   3.3   0.85   5.59  494.9     0.00   0.00    0.0  0.002  0.002  0.002  0.001  0.000  0.001
03:24:40 870.36   13.2   51.1   1311    0.8    238    8.4    24.7   3.3   0.85   5.57  495.9     0.00   0.00    0.0  0.002  0.002  0.002  0.001  0.000  0.001
03:24:42 870.26   13.2   51.1   1312    0.7    236    8.4    24.8   3.3   0.85   5.57  497.9     0.00   0.00    0.0  0.002  0.002  0.002  0.001  0.000  0.001
03:24:44 870.49   13.1   51.2   1310    0.8    235    8.4    24.7   3.3   0.85   5.57  499.9     0.00   0.00    0.0  0.002  0.002  0.002  0.001  0.000  0.001
03:24:45 870.20   13.2   51.0   1313    0.7    235    8.4    24.8   3.3   0.85   5.58  500.9     0.00   0.00    0.0  0.002  0.002  0.002  0.001  0.000  0.001
03:24:46 870.46   13.1   51.2   1310    0.7    235    8.4    24.7   3.2   0.85   5.56  501.9     0.00   0.00    0.0  0.002  0.002  0.002  0.001  0.000  0.001
03:24:47 870.34   13.1   51.2   1311    0.7    239    8.3    24.7   3.3   0.85   5.56  502.9     0.00   0.00    0.0  0.002  0.002  0.002  0.001  0.000  0.001
03:24:48 870.26   13.0   51.4   1312    0.7    244    8.3    24.6   3.2   0.85   5.54  503.9     0.00   0.00    0.0  0.002  0.002  0.002  0.001  0.000  0.001
03:24:49 870.67   13.0   51.2   1308    0.7    238    8.3    24.6   3.2   0.85   5.55  504.9     0.00   0.00    0.0  0.002  0.002  0.002  0.001  0.000  0.001
03:24:51 870.23   13.0   51.4   1312    0.6    247    8.3    24.6   3.3   0.85   5.57  506.9     0.00   0.00    0.0  0.002  0.002  0.002  0.001  0.000  0.001
03:24:52 870.21   13.1   51.2   1312    0.7    236    8.3    24.7   3.2   0.85   5.56  507.9     0.00   0.00    0.0  0.002  0.002  0.002  0.001  0.000  0.001
03:24:56 870.18   13.9   50.0   1313    0.8    217    8.3    25.5   3.6   0.85   5.71  511.9     0.00   0.00    0.0  0.002  0.002  0.002  0.001  0.000  0.001
03:24:58 870.15   14.0   49.2   1313    0.9    214    8.3    25.6   3.5   0.85   5.66  513.9     0.00   0.00    0.0  0.002  0.002  0.002  0.001  0.000  0.001
03:24:59 870.01   13.9   49.0   1314    1.0    214    8.3    25.6   3.4   0.85   5.62  514.9     0.00   0.00    0.0  0.002  0.002  0.002  0.001  0.000  0.001
03:25:00 869.96   14.0   48.8   1315    1.1    218    8.3    25.6   3.4   0.85   5.63  515.9     0.00   0.00    0.0  0.002  0.002  0.002  0.001  0.000  0.001
03:25:03 869.87   14.3   47.7   1316    1.4    224    8.3    26.0   3.4   0.85   5.64  518.9     0.00   0.00    0.0  0.002  0.002  0.002  0.002  0.000  0.001
03:25:04 869.88   14.5   47.3   1316    1.5    222    8.3    26.2   3.4   0.85   5.64  519.9     0.00   0.00    0.0  0.002  0.002  0.002  0.002  0.000  0.001
03:25:05 869.71   14.8   45.9   1317    1.6    221    8.3    26.5   3.3   0.85   5.59  520.9     0.00   0.00    0.0  0.002  0.002  0.002  0.001  0.000  0.001
03:25:08 869.80   15.6   43.0   1316    2.0    218    8.3    27.4   3.1   0.85   5.51  523.9     0.00   0.00    0.0  0.002  0.002  0.002  0.002  0.000  0.001
03:25:10 869.66   15.8   41.9   1318    2.2    222    8.3    27.6   2.9   0.84   5.45  525.9     0.00   0.00    0.0  0.002  0.002  0.002  0.002  0.000  0.001
03:25:11 869.37   16.0   41.6   1321    2.3    226    8.3    27.8   3.0   0.85   5.46  526.9     0.00   0.00    0.0  0.002  0.002  0.002  0.002  0.001  0.001
03:25:12 869.63   15.9   41.4   1318    2.3    225    8.3    27.7   2.8   0.84   5.40  527.9     0.00   0.00    0.0  0.002  0.002  0.002  0.002  0.000  0.001
03:25:13 869.67   16.0   40.8   1318    2.3    224    8.3    27.8   2.8   0.84   5.37  528.9     0.00   0.00    0.0  0.002  0.002  0.002  0.002  0.000  0.001
03:25:14 869.49   16.0   40.6   1319    2.3    224    8.3    27.8   2.7   0.84   5.35  529.9     0.00   0.00    0.0  0.002  0.002  0.002  0.002  0.000  0.001
03:25:15 869.68   16.0   40.3   1318    2.3    225    8.3    27.8   2.6   0.84   5.30  530.9     0.00   0.00    0.0  0.002  0.002  0.002  0.002  0.000  0.001
03:25:17 869.38   16.1   39.8   1321    2.3    225    8.3    27.9   2.4   0.84   5.25  532.9     0.00   0.00    0.0  0.002  0.002  0.002  0.002  0.001  0.001
03:25:20 869.09   16.2   39.1   1323    2.4    221    8.3    28.1   2.3   0.84   5.21  535.9     0.00   0.00    0.0  0.002  0.002  0.002  0.002  0.001  0.001
03:25:21 868.95   16.3   38.8   1325    2.4    222    8.3    28.1   2.2   0.84   5.18  536.9     0.00   0.00    0.0  0.002  0.002  0.002  0.002  0.001  0.001
03:25:22 869.27   16.3   38.6   1322    2.4    226    8.3    28.1   2.2   0.84   5.16  537.9     0.00   0.00    0.0  0.002  0.002  0.002  0.002  0.001  0.001
03:25:23 869.05   16.4   38.0   1324    2.4    228    8.3    28.2   2.1   0.84   5.11  538.9     0.00   0.00    0.0  0.002  0.002  0.002  0.002  0.001  0.001
03:25:24 869.03   16.4   37.7   1324    2.4    227    8.3    28.2   1.9   0.84   5.07  539.9     0.00   0.00    0.0  0.002  0.002  0.002  0.002  0.001  0.001
03:25:25 868.90   16.4   37.7   1325    2.4    229    8.3    28.2   1.9   0.84   5.07  540.8     0.00   0.00    0.0  0.002  0.002  0.002  0.002  0.001  0.001
03:25:26 868.90   16.4   37.5   1325    2.5    226    8.3    28.3   1.9   0.84   5.07  541.8     0.00   0.00    0.0  0.002  0.002  0.002  0.002  0.000  0.001
03:25:27 869.11   16.4   37.4   1323    2.5    232    8.3    28.3   1.9   0.83   5.05  542.8     0.00   0.00    0.0  0.002  0.002  0.002  0.002  0.001  0.001
03:25:30 868.63   16.4   37.1   1328    2.5    223    8.3    28.3   1.8   0.83   5.01  545.8     0.00   0.00    0.0  0.002  0.002  0.002  0.002  0.001  0.001
03:25:32 868.57   16.4   36.9   1328    2.6    222    8.3    28.3   1.7   0.83   4.98  547.8     0.00   0.00    0.0  0.002  0.002  0.002  0.002  0.001  0.001
03:25:33 868.71   16.4   36.7   1327    2.5    221    8.3    28.3   1.6   0.83   4.96  548.8     0.00   0.00    0.0  0.002  0.002  0.002  0.002  0.001  0.001
03:25:36 868.41   16.5   36.4   1330    2.6    218    8.3    28.4   1.6   0.83   4.95  551.8     0.00   0.00    0.0  0.002  0.002  0.002  0.002  0.001  0.001
03:25:38 868.29   16.5   36.4   1331    2.6    217    8.3    28.5   1.6   0.83   4.94  553.8     0.00   0.00    0.0  0.002  0.002  0.002  0.002  0.001  0.001
03:25:39 868.51   16.6   35.9   1329    2.6    220    8.3    28.5   1.4   0.83   4.89  554.8     0.00   0.00    0.0  0.002  0.002  0.002  0.002  0.001  0.001
03:25:41 868.52   16.6   36.3   1329    2.6    222    8.3    28.5   1.6   0.83   4.95  556.8     0.00   0.00    0.0  0.002  0.002  0.002  0.002  0.001  0.001
03:25:43 868.24   16.5   36.1   1332    2.6    219    8.3    28.4   1.4   0.83   4.89  558.8     0.00   0.00    0.0  0.002  0.002  0.002  0.002  0.001  0.001
03:25:44 868.35   16.6   35.9   1331    2.6    222    8.3    28.5   1.4   0.83   4.90  559.8     0.00   0.00    0.0  0.002  0.002  0.002  0.002  0.001  0.001
03:25:45 868.24   16.6   35.8   1332    2.6    222    8.3    28.5   1.4   0.83   4.89  560.8     0.00   0.00    0.0  0.002  0.002  0.002  0.002  0.001  0.001
03:25:46 868.24   16.5   35.8   1332    2.6    218    8.3    28.5   1.4   0.83   4.87  561.8     0.00   0.00    0.0  0.002  0.002  0.002  0.002  0.001  0.001
03:25:47 868.02   16.6   35.8   1334    2.6    217    8.3    28.5   1.4   0.83   4.88  562.8     0.00   0.00    0.0  0.002  0.002  0.002  0.002  0.001  0.001
03:25:48 868.15   16.6   35.8   1333    2.6    215    8.3    28.5   1.4   0.83   4.89  563.8     0.00   0.00    0.0  0.002  0.002  0.002  0.002  0.001  0.001
03:25:49 868.12   16.6   35.9   1333    2.6    217    8.3    28.5   1.4   0.83   4.89  564.8     0.00   0.00    0.0  0.002  0.002  0.002  0.002  0.001  0.001
03:25:50 867.93   16.5   36.0   1335    2.6    222    8.3    28.5   1.4   0.83   4.89  565.8     0.00   0.00    0.0  0.002  0.002  0.002  0.002  0.001  0.001
03:25:51 867.86   16.5   36.0   1335    2.6    220    8.3    28.5   1.4   0.83   4.90  566.8     0.00   0.00    0.0  0.002  0.002  0.002  0.002  0.001  0.001
03:25:52 868.10   16.5   35.8   1333    2.6    220    8.3    28.5   1.4   0.83   4.87  567.8     0.00   0.00    0.0  0.002  0.002  0.002  0.002  0.001  0.001
03:25:53 867.98   16.5   35.8   1334    2.5    220    8.3    28.5   1.3   0.83   4.87  568.8     0.00   0.00    0.0  0.002  0.002  0.002  0.002  0.001  0.002
03:25:54 867.82   16.5   35.7   1336    2.6    219    8.3    28.5   1.3   0.83   4.86  569.8     0.00   0.00    0.0  0.002  0.002  0.002  0.002  0.001  0.002
03:25:57 867.82   16.6   35.4   1336    2.6    219    8.3    28.6   1.3   0.83   4.84  572.8     0.00   0.00    0.0  0.002  0.002  0.002  0.002  0.001  0.001
03:25:58 867.77   16.6   35.2   1336    2.6    219    8.3    28.6   1.2   0.83   4.81  573.8     0.00   0.00    0.0  0.002  0.002  0.002  0.002  0.001  0.001
03:26:00 867.75   16.6   35.1   1337    2.7    218    8.3    28.6   1.2   0.83   4.81  575.8     0.00   0.00    0.0  0.002  0.002  0.002  0.002  0.001  0.001
03:26:01 867.61   16.6   35.3   1338    2.6    221    8.2    28.6   1.3   0.83   4.83  576.8     0.00   0.00    0.0  0.002  0.002  0.002  0.002  0.001  0.001
03:26:04 867.59   16.6   34.9   1338    2.7    219    8.2    28.7   1.1   0.83   4.78  579.8     0.00   0.00    0.0  0.002  0.002  0.002  0.002  0.001  0.002
03:26:06 867.62   16.6   34.8   1338    2.6    214    8.2    28.6   1.0   0.83   4.76  581.8     0.00   0.00    0.0  0.002  0.002  0.002  0.002  0.001  0.002
03:26:07 867.40   16.7   34.8   1340    2.6    211    8.2    28.7   1.1   0.83   4.77  582.8     0.00   0.00    0.0  0.002  0.002  0.002  0.002  0.001  0.002
03:26:08 867.54   16.7   34.7   1339    2.6    211    8.2    28.7   1.0   0.83   4.76  583.8     0.00   0.00    0.0  0.002  0.002  0.002  0.002  0.001  0.002
03:26:10 867.39   16.7   34.7   1340    2.6    209    8.2    28.7   1.0   0.83   4.76  585.8     0.00   0.00    0.0  0.002  0.002  0.002  0.002  0.001  0.002
03:26:12 867.05   16.7   34.4   1343    2.7    210    8.2    28.7   0.9   0.83   4.72  587.8     0.00   0.00    0.0  0.002  0.002  0.002  0.002  0.001  0.002
03:26:13 867.05   16.7   34.2   1343    2.7    211    8.2    28.7   0.9   0.82   4.71  588.8     0.00   0.00    0.0  0.002  0.002  0.002  0.002  0.001  0.002
03:26:15 867.26   16.7   34.2   1341    2.7    206    8.2    28.7   0.9   0.82   4.70  590.8     0.00   0.00    0.0  0.003  0.002  0.002  0.002  0.001  0.002
03:26:16 867.10   16.7   34.2   1343    2.7    210    8.2    28.8   0.9   0.83   4.72  591.8     0.00   0.00    0.0  0.002  0.002  0.002  0.002  0.001  0.002
03:26:17 867.06   16.8   33.9   1343    2.7    204    8.2    28.8   0.8   0.82   4.68  592.8     0.00   0.00    0.0  0.003  0.002  0.002  0.002  0.001  0.002
03:26:18 867.01   16.7   34.3   1344    2.7    207    8.2    28.7   0.9   0.83   4.72  593.8     0.00   0.00    0.0  0.003  0.002  0.002  0.002  0.001  0.002
03:26:20 867.05   16.6   34.7   1343    2.8    216    8.2    28.7   1.0   0.83   4.75  595.8     0.00   0.00    0.0  0.002  0.002  0.002  0.002  0.001  0.002
03:26:22 866.99   16.6   34.5   1344    2.7    218    8.2    28.7   0.9   0.83   4.73  597.8     0.00   0.00    0.0  0.003  0.002  0.002  0.002  0.001  0.002
03:26:23 866.85   16.6   34.4   1345    2.6    213    8.2    28.7   0.9   0.82   4.71  598.8     0.00   0.00    0.0  0.003  0.002  0.002  0.002  0.001  0.002
03:26:27 866.73   16.7   34.0   1347    2.8    210    8.2    28.8   0.8   0.82   4.68  602.8     0.00   0.00    0.0  0.003  0.003  0.002  0.002  0.001  0.002
03:26:28 866.62   16.8   34.1   1348    2.7    210    8.2    28.9   0.9   0.82   4.71  603.8     0.00   0.00    0.0  0.003  0.002  0.002  0.002  0.001  0.002
03:26:29 866.61   16.7   34.2   1348    2.6    215    8.2    28.8   0.9   0.82   4.70  604.8     0.00   0.00    0.0  0.003  0.003  0.002  0.002  0.001  0.002
03:26:30 866.62   16.7   34.3   1348    2.6    217    8.2    28.8   0.9   0.83   4.72  605.8     0.00   0.00    0.0  0.003  0.002  0.002  0.002  0.001  0.002
03:26:31 866.60   16.7   34.3   1348    2.6    211    8.2    28.8   0.9   0.82   4.71  606.8     0.00   0.00    0.0  0.003  0.002  0.002  0.002  0.001  0.002
03:26:35 866.36   16.6   34.2   1350    2.6    206    8.2    28.8   0.8   0.82   4.69  610.8     0.00   0.00    0.0  0.003  0.003  0.002  0.002  0.001  0.002
03:26:36 866.05   16.7   34.1   1353    2.7    200    8.2    28.8   0.8   0.82   4.70  611.8     0.00   0.00    0.0  0.003  0.003  0.002  0.002  0.001  0.002
03:26:37 866.40   16.7   34.1   1350    2.7    205    8.2    28.8   0.8   0.82   4.69  612.8     0.00   0.00    0.0  0.003  0.003  0.002  0.002  0.001  0.002
03:26:38 866.05   16.7   34.2   1353    2.8    208    8.2    28.8   0.9   0.82   4.70  613.8     0.00   0.00    0.0  0.003  0.002  0.002  0.002  0.001  0.002
03:26:40 866.28   16.6   34.3   1351    2.8    205    8.2    28.8   0.9   0.82   4.70  615.8     0.00   0.00    0.0  0.003  0.003  0.002  0.002  0.001  0.002
03:26:41 866.07   16.7   34.0   1353    2.8    203    8.2    28.8   0.8   0.82   4.67  616.8     0.00   0.00    0.0  0.003  0.002  0.002  0.002  0.001  0.002
03:26:43 866.02   16.7   34.0   1353    2.8    200    8.2    28.9   0.8   0.82   4.69  618.8     0.00   0.00    0.0  0.003  0.003  0.002  0.002  0.001  0.002
03:26:44 865.92   16.7   34.2   1354    2.8    206    8.2    28.8   0.8   0.82   4.70  619.8     0.00   0.00    0.0  0.003  0.003  0.002  0.002  0.001  0.002
03:26:45 865.77   16.6   34.0   1356    2.7    202    8.2    28.8   0.7   0.82   4.66  620.8     0.00   0.00    0.0  0.003  0.003  0.002  0.002  0.001  0.002
03:26:46 866.09   16.8   33.3   1353    2.6    199    8.2    29.0   0.6   0.82   4.61  621.8     0.00   0.00    0.0  0.003  0.003  0.002  0.002  0.001  0.002
03:26:47 865.78   16.8   33.4   1356    2.7    200    8.2    29.0   0.6   0.82   4.62  622.8     0.00   0.00    0.0  0.003  0.002  0.002  0.002  0.001  0.002
03:26:48 866.08   16.8   33.2   1353    2.7    196    8.2    29.0   0.5   0.82   4.60  623.8     0.00   0.00    0.0  0.003  0.003  0.002  0.002  0.001  0.002
03:26:49 865.52   16.8   33.4   1358    2.7    200    8.2    29.0   0.6   0.82   4.63  624.8     0.00   0.00    0.0  0.003  0.003  0.002  0.002  0.001  0.002
03:26:50 865.95   16.9   33.1   1354    2.7    198    8.2    29.0   0.6   0.82   4.61  625.8     0.00   0.00    0.0  0.003  0.003  0.002  0.002  0.001  0.002
03:26:53 865.53   16.9   33.0   1358    2.7    196    8.2    29.1   0.6   0.82   4.61  628.8     0.00   0.00    0.0  0.003  0.003  0.002  0.002  0.001  0.002
03:26:54 865.52   16.9   33.0   1358    2.7    195    8.2    29.1   0.5   0.82   4.60  629.8     0.00   0.00    0.0  0.003  0.003  0.002  0.002  0.001  0.002
03:26:55 865.54   16.9   33.0   1358    2.7    195    8.2    29.1   0.6   0.82   4.61  630.8     0.00   0.00    0.0  0.003  0.003  0.002  0.002  0.001  0.002
03:26:56 865.59   16.9   33.0   1358    2.7    195    8.2    29.2   0.6   0.82   4.61  631.8     0.00   0.00    0.0  0.003  0.003  0.002  0.002  0.001  0.002
03:26:57 865.55   17.0   33.0   1358    2.7    195    8.2    29.2   0.6   0.82   4.62  632.8     0.00   0.00    0.0  0.003  0.003  0.002  0.002  0.001  0.002
03:26:58 865.52   17.0   32.9   1358    2.7    195    8.2    29.2   0.6   0.82   4.62  633.8     0.00   0.00    0.0  0.003  0.003  0.002  0.002  0.001  0.002
03:27:01 865.41   17.0   32.9   1359    2.8    194    8.2    29.2   0.6   0.82   4.61  636.8     0.00   0.00    0.0  0.003  0.003  0.002  0.002  0.001  0.002
03:27:02 865.24   17.0   32.9   1361    2.7    193    8.2    29.2   0.6   0.82   4.61  637.8     0.00   0.00    0.0  0.003  0.003  0.002  0.002  0.001  0.002
03:27:03 865.34   17.0   32.8   1360    2.7    193    8.2    29.2   0.6   0.82   4.61  638.8     0.00   0.00    0.0  0.003  0.003  0.002  0.002  0.001  0.002
03:27:04 865.33   17.0   32.9   1360    2.7    193    8.2    29.2   0.6   0.82   4.62  639.8     0.00   0.00    0.0  0.003  0.003  0.002  0.002  0.001  0.002
03:27:05 865.40   17.0   32.8   1360    2.7    192    8.2    29.2   0.6   0.82   4.61  640.8     0.00   0.00    0.0  0.003  0.003  0.002  0.002  0.001  0.002
03:27:06 865.12   17.0   32.8   1362    2.7    192    8.2    29.3   0.6   0.82   4.61  641.7     0.00   0.00    0.0  0.003  0.003  0.002  0.002  0.001  0.002
03:27:07 865.27   17.0   32.7   1361    2.7    192    8.2    29.3   0.6   0.82   4.61  642.7     0.00   0.00    0.0  0.003  0.003  0.002  0.002  0.001  0.002
03:27:09 865.18   17.0   32.7   1362    2.7    191    8.2    29.3   0.6   0.82   4.61  644.7     0.00   0.00    0.0  0.003  0.003  0.002  0.002  0.001  0.002
03:27:10 864.94   17.0   32.8   1364    2.7    191    8.2    29.3   0.6   0.82   4.62  645.7     0.00   0.00    0.0  0.003  0.003  0.002  0.002  0.001  0.002
03:27:12 865.05   17.0   32.7   1363    2.7    192    8.2    29.3   0.6   0.82   4.61  647.7     0.00   0.00    0.0  0.003  0.003  0.002  0.002  0.001  0.002
03:27:14 865.10   17.0   32.7   1363    2.7    191    8.2    29.3   0.5   0.82   4.60  649.7     0.00   0.00    0.0  0.003  0.003  0.002  0.002  0.001  0.002
03:27:15 864.88   17.0   32.7   1365    2.6    191    8.2    29.3   0.5   0.82   4.59  650.7     0.00   0.00    0.0  0.003  0.003  0.002  0.002  0.001  0.002
03:27:17 864.77   17.0   32.7   1366    2.6    192    8.2    29.3   0.5   0.82   4.60  652.7     0.00   0.00    0.0  0.003  0.003  0.002  0.002  0.001  0.002
03:27:20 864.60   17.0   32.6   1367    2.7    190    8.2    29.3   0.5   0.82   4.59  655.7     0.00   0.00    0.0  0.003  0.003  0.003  0.002  0.001  0.002
03:27:21 864.47   17.0   32.7   1369    2.6    190    8.2    29.3   0.5   0.82   4.59  656.7     0.00   0.00    0.0  0.003  0.003  0.003  0.002  0.001  0.002
03:27:22 864.41   17.0   32.7   1369    2.6    190    8.2    29.3   0.5   0.82   4.59  657.7     0.00   0.00    0.0  0.003  0.003  0.002  0.002  0.001  0.002
03:27:23 864.43   17.0   32.6   1369    2.7    190    8.2    29.3   0.5   0.82   4.58  658.7     0.00   0.00    0.0  0.003  0.003  0.002  0.002  0.001  0.002
03:27:24 864.39   17.0   32.7   1369    2.7    191    8.2    29.4   0.5   0.82   4.60  659.7     0.00   0.00    0.0  0.003  0.003  0.003  0.002  0.001  0.002
03:27:25 864.37   17.0   32.7   1370    2.6    191    8.2    29.3   0.5   0.82   4.60  660.7     0.00   0.00    0.0  0.003  0.003  0.003  0.002  0.001  0.002
03:27:30 864.42   17.0   32.6   1369    2.7    190    8.2    29.3   0.5   0.82   4.58  665.7     0.00   0.00    0.0  0.003  0.003  0.003  0.002  0.001  0.002
03:27:31 864.30   17.0   32.6   1370    2.7    190    8.2    29.3   0.5   0.82   4.58  666.7     0.00   0.00    0.0  0.003  0.003  0.003  0.002  0.001  0.002
03:27:32 864.12   17.0   32.5   1372    2.7    190    8.2    29.3   0.4   0.82   4.57  667.7     0.00   0.00    0.0  0.003  0.003  0.003  0.002  0.001  0.002
03:27:33 864.30   17.0   32.6   1370    2.7    190    8.2    29.3   0.5   0.82   4.58  668.7     0.00   0.00    0.0  0.003  0.003  0.003  0.002  0.001  0.002
03:27:34 864.08   17.0   32.6   1373    2.7    190    8.2    29.4   0.5   0.82   4.58  669.7     0.00   0.00    0.0  0.003  0.003  0.003  0.002  0.001  0.002
03:27:35 864.17   17.0   32.6   1372    2.7    190    8.2    29.3   0.4   0.82   4.58  670.7     0.00   0.00    0.0  0.003  0.003  0.003  0.002  0.001  0.002
03:27:36 864.06   17.0   32.5   1373    2.7    190    8.2    29.4   0.5   0.82   4.58  671.7     0.00   0.00    0.0  0.003  0.003  0.002  0.002  0.001  0.002
03:27:39 863.83   17.0   32.6   1375    2.7    190    8.2    29.4   0.5   0.82   4.58  674.7     0.00   0.00    0.0  0.003  0.003  0.002  0.002  0.001  0.002
03:27:40 863.80   17.0   32.6   1375    2.7    189    8.1    29.4   0.4   0.82   4.58  675.7     0.00   0.00    0.0  0.003  0.003  0.002  0.002  0.001  0.002
03:27:41 863.55   16.9   32.6   1378    2.7    189    8.2    29.4   0.4   0.82   4.57  676.7     0.00   0.00    0.0  0.003  0.003  0.003  0.002  0.001  0.002
03:27:42 863.54   17.0   32.5   1378    2.8    189    8.2    29.4   0.4   0.82   4.58  677.7     0.00   0.00    0.0  0.003  0.003  0.003  0.002  0.001  0.002
03:27:44 863.87   16.9   32.5   1375    2.8    189    8.1    29.3   0.4   0.82   4.56  679.7     0.00   0.00    0.0  0.003  0.003  0.003  0.002  0.001  0.002
03:27:45 863.43   17.0   32.5   1379    2.8    189    8.1    29.4   0.4   0.82   4.58  680.7     0.00   0.00    0.0  0.003  0.003  0.003  0.002  0.001  0.002
03:27:46 863.94   17.0   32.5   1374    2.7    189    8.1    29.4   0.5   0.82   4.58  681.7     0.00   0.00    0.0  0.003  0.003  0.003  0.002  0.001  0.002
03:27:47 863.81   17.0   32.6   1375    2.8    188    8.1    29.3   0.4   0.82   4.57  682.7     0.00   0.00    0.0  0.003  0.003  0.003  0.002  0.001  0.002
03:27:48 863.44   16.9   32.5   1379    2.7    188    8.1    29.4   0.4   0.82   4.56  683.7     0.00   0.00    0.0  0.003  0.003  0.003  0.002  0.001  0.002
03:27:49 863.62   17.0   32.5   1377    2.7    188    8.1    29.4   0.4   0.82   4.57  684.7     0.00   0.00    0.0  0.003  0.003  0.003  0.002  0.001  0.002
03:27:50 863.33   16.9   32.6   1380    2.7    188    8.1    29.3   0.4   0.82   4.56  685.7     0.00   0.00    0.0  0.003  0.003  0.003  0.002  0.001  0.002
03:27:51 863.37   17.0   32.5   1380    2.7    188    8.1    29.4   0.4   0.82   4.56  686.7     0.00   0.00    0.0  0.003  0.003  0.003  0.002  0.001  0.002
03:27:52 863.34   16.9   32.5   1380    2.7    188    8.1    29.4   0.4   0.82   4.57  687.7     0.00   0.00    0.0  0.003  0.003  0.003  0.002  0.001  0.002
03:27:56 863.40   17.0   32.5   1379    2.7    189    8.1    29.4   0.4   0.82   4.57  691.7     0.00   0.00    0.0  0.003  0.003  0.003  0.002  0.001  0.002
03:27:57 863.35   17.0   32.5   1380    2.7    190    8.1    29.4   0.4   0.82   4.57  692.7     0.00   0.00    0.0  0.003  0.003  0.003  0.002  0.001  0.002
03:27:58 863.20   17.0   32.5   1381    2.7    190    8.1    29.4   0.4   0.82   4.57  693.7     0.00   0.00    0.0  0.003  0.003  0.003  0.002  0.001  0.002
03:27:59 863.17   16.9   32.5   1382    2.7    190    8.1    29.4   0.4   0.82   4.56  694.7     0.00   0.00    0.0  0.003  0.003  0.003  0.002  0.001  0.002
03:28:00 863.15   16.9   32.5   1382    2.7    189    8.1    29.4   0.4   0.82   4.55  695.7     0.00   0.00    0.0  0.003  0.003  0.003  0.002  0.001  0.002
03:28:01 863.11   16.9   32.5   1382    2.7    188    8.1    29.4   0.4   0.82   4.57  696.7     0.00   0.00    0.0  0.003  0.003  0.003  0.002  0.001  0.002
03:28:07 862.82   16.9   32.6   1385    2.7    188    8.1    29.4   0.4   0.82   4.57  702.7     0.00   0.00    0.0  0.003  0.003  0.003  0.002  0.001  0.002
03:28:09 862.88   16.9   32.5   1384    2.7    188    8.1    29.4   0.4   0.82   4.56  704.7     0.00   0.00    0.0  0.003  0.003  0.003  0.002  0.001  0.002
03:28:12 862.28   16.9   32.6   1390    2.7    188    8.1    29.4   0.4   0.82   4.56  707.7     0.00   0.00    0.0  0.003  0.003  0.003  0.002  0.001  0.002
03:28:13 862.50   16.9   32.6   1388    2.7    189    8.1    29.4   0.4   0.82   4.56  708.7     0.00   0.00    0.0  0.003  0.003  0.003  0.002  0.001  0.002
03:28:14 862.47   16.9   32.6   1388    2.7    190    8.1    29.4   0.4   0.82   4.56  709.7     0.00   0.00    0.0  0.003  0.003  0.003  0.002  0.001  0.002
03:28:16 862.48   16.9   32.5   1388    2.7    189    8.1    29.4   0.4   0.82   4.56  711.7     0.00   0.00    0.0  0.003  0.003  0.003  0.002  0.001  0.002
03:28:20 862.28   16.8   32.6   1390    2.7    188    8.1    29.4   0.3   0.82   4.55  715.7     0.00   0.00    0.0  0.003  0.003  0.003  0.003  0.001  0.002
03:28:21 862.23   16.9   32.6   1391    2.8    188    8.1    29.4   0.4   0.82   4.56  716.7     0.00   0.00    0.0  0.003  0.003  0.003  0.002  0.001  0.002
03:28:22 862.20   16.8   32.5   1391    2.7    189    8.1    29.4   0.3   0.82   4.54  717.7     0.00   0.00    0.0  0.003  0.003  0.003  0.003  0.001  0.002
03:28:23 862.29   16.9   32.6   1390    2.7    190    8.1    29.4   0.4   0.82   4.56  718.7     0.00   0.00    0.0  0.003  0.003  0.003  0.003  0.001  0.002
03:28:24 862.36   16.9   32.6   1390    2.7    190    8.1    29.4   0.4   0.82   4.56  719.7     0.00   0.00    0.0  0.003  0.003  0.003  0.003  0.001  0.002
03:28:25 862.15   16.9   32.6   1392    2.7    190    8.1    29.4   0.3   0.82   4.55  720.7     0.00   0.00    0.0  0.003  0.003  0.003  0.003  0.001  0.002
03:28:26 862.11   16.8   32.6   1392    2.7    191    8.1    29.4   0.3   0.82   4.55  721.7     0.00   0.00    0.0  0.003  0.003  0.003  0.003  0.001  0.002
03:28:27 862.27   16.9   32.6   1390    2.7    190    8.1    29.4   0.3   0.82   4.55  722.7     0.00   0.00    0.0  0.003  0.003  0.003  0.002  0.001  0.002
03:28:32 862.07   16.8   32.6   1392    2.7    190    8.1    29.4   0.3   0.82   4.55  727.7     0.00   0.00    0.0  0.003  0.003  0.003  0.003  0.001  0.002
03:28:33 861.97   16.8   32.6   1393    2.8    190    8.1    29.4   0.3   0.82   4.54  728.7     0.00   0.00    0.0  0.003  0.003  0.003  0.002  0.001  0.002
03:28:34 861.74   16.8   32.7   1396    2.8    190    8.1    29.4   0.3   0.82   4.55  729.7     0.00   0.00    0.0  0.003  0.003  0.003  0.003  0.001  0.002
03:28:35 861.84   16.8   32.6   1395    2.7    191    8.1    29.4   0.3   0.82   4.55  730.7     0.00   0.00    0.0  0.003  0.003  0.003  0.003  0.001  0.002
03:28:36 862.03   16.8   32.6   1393    2.8    191    8.1    29.4   0.3   0.82   4.55  731.7     0.00   0.00    0.0  0.003  0.003  0.003  0.003  0.001  0.002
03:28:37 861.84   16.8   32.6   1395    2.8    192    8.1    29.3   0.3   0.82   4.53  732.7     0.00   0.00    0.0  0.003  0.003  0.003  0.002  0.001  0.002
03:28:38 861.54   16.8   32.7   1398    2.8    191    8.1    29.4   0.3   0.82   4.55  733.7     0.00   0.00    0.0  0.003  0.003  0.003  0.003  0.001  0.002
03:28:39 861.62   16.8   32.7   1397    2.8    189    8.1    29.4   0.3   0.82   4.55  734.7     0.00   0.00    0.0  0.003  0.003  0.003  0.003  0.001  0.002
03:28:41 861.53   16.8   32.7   1398    2.8    190    8.1    29.4   0.3   0.82   4.56  736.7     0.00   0.00    0.0  0.003  0.003  0.003  0.003  0.001  0.002
03:28:42 861.58   16.8   32.7   1397    2.7    190    8.1    29.4   0.3   0.82   4.54  737.7     0.00   0.00    0.0  0.003  0.003  0.003  0.003  0.001  0.002
03:28:43 861.59   16.8   32.6   1397    2.7    193    8.1    29.4   0.3   0.82   4.55  738.7     0.00   0.00    0.0  0.003  0.003  0.003  0.003  0.001  0.002
03:28:44 861.58   16.8   32.7   1397    2.8    193    8.1    29.4   0.3   0.82   4.54  739.7     0.00   0.00    0.0  0.003  0.003  0.003  0.003  0.001  0.002
03:28:45 861.64   16.8   32.6   1397    2.8    192    8.1    29.4   0.3   0.82   4.55  740.7     0.00   0.00    0.0  0.003  0.003  0.003  0.003  0.001  0.002
03:28:49 861.24   16.8   32.7   1401    2.8    190    8.1    29.4   0.3   0.82   4.55  744.6     0.00   0.00    0.0  0.003  0.003  0.003  0.003  0.001  0.002
03:28:50 861.19   16.8   32.7   1401    2.8    193    8.1    29.5   0.3   0.82   4.56  745.6     0.00   0.00    0.0  0.003  0.003  0.003  0.003  0.001  0.002
03:28:52 861.25   16.8   32.7   1400    2.7    193    8.1    29.4   0.3   0.82   4.54  747.6     0.00   0.00    0.0  0.003  0.003  0.003  0.003  0.001  0.002
03:28:54 861.21   16.8   32.6   1401    2.7    194    8.1    29.4   0.3   0.82   4.54  749.6     0.00   0.00    0.0  0.003  0.003  0.003  0.003  0.001  0.002
03:28:56 860.94   16.7   32.7   1404    2.7    193    8.1    29.4   0.3   0.82   4.54  751.6     0.00   0.00    0.0  0.003  0.003  0.003  0.003  0.001  0.002
03:28:57 861.07   16.8   32.7   1402    2.7    193    8.1    29.4   0.3   0.82   4.54  752.6     0.00   0.00    0.0  0.003  0.003  0.003  0.003  0.001  0.002
03:28:58 860.69   16.7   32.7   1406    2.7    193    8.1    29.4   0.3   0.82   4.54  753.6     0.00   0.00    0.0  0.003  0.003  0.003  0.003  0.001  0.002
03:28:59 860.99   16.7   32.7   1403    2.7    193    8.1    29.4   0.3   0.82   4.54  754.6     0.00   0.00    0.0  0.003  0.003  0.003  0.003  0.001  0.002
03:29:00 860.77   16.7   32.7   1405    2.6    192    8.1    29.4   0.3   0.82   4.54  755.6     0.00   0.00    0.0  0.003  0.003  0.003  0.003  0.001  0.002
03:29:01 860.69   16.7   32.7   1406    2.7    192    8.1    29.4   0.3   0.82   4.54  756.6     0.00   0.00    0.0  0.003  0.003  0.003  0.003  0.001  0.002
03:29:03 860.82   16.7   32.7   1405    2.6    193    8.1    29.4   0.3   0.82   4.55  758.6     0.00   0.00    0.0  0.003  0.003  0.003  0.003  0.001  0.002
03:29:04 860.75   16.7   32.7   1405    2.6    193    8.1    29.4   0.3   0.82   4.54  759.6     0.00   0.00    0.0  0.003  0.003  0.003  0.003  0.001  0.003
03:29:06 860.61   16.7   32.7   1407    2.6    194    8.1    29.4   0.3   0.82   4.54  761.6     0.00   0.00    0.0  0.003  0.003  0.003  0.003  0.001  0.002
03:29:07 860.47   16.7   32.8   1408    2.6    193    8.1    29.4   0.3   0.82   4.55  762.6     0.00   0.00    0.0  0.003  0.003  0.003  0.003  0.001  0.002
03:29:08 860.55   16.7   32.8   1407    2.7    192    8.1    29.4   0.2   0.82   4.53  763.6     0.00   0.00    0.0  0.003  0.003  0.003  0.003  0.002  0.002
03:29:09 860.66   16.7   32.8   1406    2.7    192    8.1    29.4   0.3   0.82   4.54  764.6     0.00   0.00    0.0  0.003  0.003  0.003  0.003  0.002  0.003
03:29:10 860.46   16.7   32.7   1408    2.6    193    8.1    29.4   0.3   0.82   4.53  765.6     0.00   0.00    0.0  0.003  0.003  0.003  0.003  0.001  0.002
03:29:12 860.35   16.7   32.8   1409    2.7    193    8.1    29.4   0.3   0.82   4.55  767.6     0.00   0.00    0.0  0.003  0.003  0.003  0.003  0.001  0.002
03:29:15 860.32   16.7   32.8   1410    2.7    193    8.1    29.4   0.3   0.82   4.55  770.6     0.00   0.00    0.0  0.003  0.003  0.003  0.003  0.001  0.002
03:29:16 860.43   16.7   32.7   1409    2.7    192    8.1    29.4   0.3   0.82   4.53  771.6     0.00   0.00    0.0  0.003  0.003  0.003  0.003  0.001  0.002
03:29:17 860.47   16.6   32.8   1408    2.7    190    8.1    29.4   0.2   0.82   4.53  772.6     0.00   0.00    0.0  0.003  0.003  0.003  0.003  0.001  0.003
03:29:19 860.03   16.6   32.8   1413    2.6    190    8.1    29.4   0.2   0.82   4.53  774.6     0.00   0.00    0.0  0.003  0.003  0.003  0.003  0.001  0.002
03:29:20 860.19   16.6   32.8   1411    2.6    191    8.1    29.4   0.2   0.82   4.53  775.6     0.00   0.00    0.0  0.003  0.003  0.003  0.003  0.001  0.002
03:29:21 860.12   16.7   32.8   1412    2.7    193    8.1    29.4   0.3   0.82   4.55  776.6     0.00   0.00    0.0  0.003  0.003  0.003  0.003  0.002  0.003
03:29:22 859.92   16.7   32.8   1414    2.7    192    8.1    29.5   0.3   0.82   4.55  777.6     0.00   0.00    0.0  0.003  0.003  0.003  0.003  0.001  0.002
03:29:24 859.95   16.7   32.8   1413    2.7    191    8.1    29.4   0.3   0.82   4.54  779.6     0.00   0.00    0.0  0.003  0.003  0.003  0.003  0.001  0.003
03:29:25 859.80   16.6   32.8   1415    2.7    192    8.1    29.4   0.2   0.82   4.53  780.6     0.00   0.00    0.0  0.003  0.003  0.003  0.003  0.002  0.003
03:29:26 860.01   16.7   32.8   1413    2.7    194    8.1    29.4   0.3   0.82   4.54  781.6     0.00   0.00    0.0  0.003  0.003  0.003  0.003  0.002  0.003
03:29:29 859.60   16.6   32.8   1417    2.6    193    8.1    29.4   0.2   0.82   4.53  784.6     0.00   0.00    0.0  0.003  0.003  0.003  0.003  0.002  0.003
03:29:30 859.77   16.6   32.8   1415    2.6    191    8.1    29.4   0.3   0.82   4.54  785.6     0.00   0.00    0.0  0.003  0.003  0.003  0.003  0.001  0.003
03:29:31 859.76   16.6   32.8   1415    2.6    192    8.1    29.4   0.3   0.82   4.54  786.6     0.00   0.00    0.0  0.003  0.003  0.003  0.003  0.002  0.003
03:29:32 859.59   16.6   32.9   1417    2.7    192    8.1    29.4   0.3   0.82   4.54  787.6     0.00   0.00    0.0  0.003  0.003  0.003  0.003  0.002  0.003
03:29:33 859.49   16.6   32.9   1418    2.7    193    8.1    29.4   0.2   0.82   4.53  788.6     0.00   0.00    0.0  0.003  0.003  0.003  0.003  0.001  0.003
03:29:34 859.52   16.6   32.9   1418    2.7    192    8.1    29.4   0.2   0.82   4.53  789.6     0.00   0.00    0.0  0.003  0.003  0.003  0.003  0.001  0.003
03:29:35 859.45   16.6   32.9   1418    2.7    191    8.1    29.4   0.2   0.82   4.53  790.6     0.00   0.00    0.0  0.003  0.003  0.003  0.003  0.002  0.003
03:29:36 859.64   16.6   32.8   1416    2.7    192    8.1    29.4   0.2   0.82   4.52  791.6     0.00   0.00    0.0  0.003  0.003  0.003  0.003  0.002  0.003
03:29:38 859.49   16.6   32.9   1418    2.7    191    8.1    29.4   0.2   0.82   4.53  793.6     0.00   0.00    0.0  0.003  0.003  0.003  0.003  0.001  0.003
03:29:39 859.39   16.6   32.9   1419    2.7    192    8.1    29.4   0.3   0.82   4.54  794.6     0.00   0.00    0.0  0.003  0.003  0.003  0.003  0.002  0.003
03:29:40 859.25   16.6   32.8   1420    2.7    192    8.1    29.5   0.2   0.82   4.54  795.6     0.00   0.00    0.0  0.003  0.003  0.003  0.003  0.002  0.003
03:29:41 859.37   16.6   32.9   1419    2.7    193    8.1    29.4   0.2   0.82   4.53  796.6     0.00   0.00    0.0  0.003  0.003  0.003  0.003  0.002  0.003
03:29:42 859.31   16.6   32.9   1420    2.7    193    8.1    29.4   0.2   0.82   4.53  797.6     0.00   0.00    0.0  0.003  0.003  0.003  0.003  0.002  0.003
03:29:43 859.14   16.6   32.9   1421    2.7    193    8.1    29.4   0.2   0.82   4.52  798.6     0.00   0.00    0.0  0.003  0.003  0.003  0.003  0.002  0.003
03:29:44 859.09   16.6   32.9   1422    2.7    193    8.1    29.4   0.2   0.82   4.52  799.6     0.00   0.00    0.0  0.003  0.003  0.003  0.003  0.002  0.003
03:29:45 859.14   16.6   32.9   1421    2.7    193    8.1    29.4   0.2   0.82   4.53  800.6     0.00   0.00    0.0  0.003  0.003  0.003  0.003  0.002  0.003
03:29:46 859.07   16.6   32.9   1422    2.7    193    8.1    29.4   0.3   0.82   4.54  801.6     0.00   0.00    0.0  0.003  0.003  0.003  0.003  0.002  0.003
03:29:47 859.17   16.5   32.9   1421    2.7    194    8.1    29.4   0.2   0.82   4.53  802.6     0.00   0.00    0.0  0.003  0.003  0.003  0.003  0.002  0.003
03:29:48 859.05   16.5   32.9   1422    2.7    193    8.1    29.4   0.2   0.82   4.51  803.6     0.00   0.00    0.0  0.003  0.003  0.003  0.003  0.002  0.003
03:29:49 859.13   16.6   32.9   1421    2.7    193    8.1    29.4   0.2   0.82   4.53  804.6     0.00   0.00    0.0  0.003  0.003  0.003  0.003  0.002  0.003
03:29:50 859.02   16.5   32.9   1423    2.7    193    8.1    29.4   0.2   0.82   4.53  805.6     0.00   0.00    0.0  0.003  0.003  0.003  0.003  0.002  0.003
03:29:51 859.06   16.5   33.0   1422    2.7    193    8.1    29.4   0.2   0.82   4.52  806.6     0.00   0.00    0.0  0.003  0.003  0.003  0.003  0.002  0.003
03:29:53 858.92   16.5   32.9   1424    2.7    193    8.1    29.4   0.2   0.82   4.52  808.6     0.00   0.00    0.0  0.003  0.003  0.003  0.003  0.002  0.003
03:29:54 859.06   16.6   32.9   1422    2.7    192    8.1    29.4   0.2   0.82   4.53  809.6     0.00   0.00    0.0  0.003  0.003  0.003  0.003  0.002  0.003
03:29:56 858.63   16.5   32.9   1426    2.7    192    8.1    29.4   0.2   0.82   4.51  811.6     0.00   0.00    0.0  0.003  0.003  0.003  0.003  0.002  0.003
03:29:57 858.95   16.5   32.9   1423    2.6    193    8.1    29.4   0.2   0.82   4.52  812.6     0.00   0.00    0.0  0.003  0.003  0.003  0.003  0.002  0.003
03:29:58 858.75   16.5   32.9   1425    2.6    192    8.1    29.4   0.2   0.82   4.52  813.6     0.00   0.00    0.0  0.003  0.003  0.003  0.003  0.002  0.003
03:30:00 858.78   16.5   33.0   1425    2.6    192    8.1    29.4   0.2   0.82   4.53  815.6     0.00   0.00    0.0  0.003  0.003  0.003  0.003  0.002  0.003
03:30:02 858.44   16.5   33.0   1428    2.7    192    8.1    29.4   0.2   0.82   4.53  817.6     0.00   0.00    0.0  0.003  0.003  0.003  0.003  0.002  0.003
03:30:03 858.53   16.5   33.0   1427    2.6    193    8.1    29.4   0.2   0.82   4.53  818.6     0.00   0.00    0.0  0.003  0.003  0.003  0.003  0.002  0.003
03:30:04 858.69   16.5   33.0   1426    2.6    191    8.1    29.4   0.2   0.82   4.53  819.6     0.00   0.00    0.0  0.003  0.003  0.003  0.003  0.002  0.003
03:30:05 858.27   16.5   33.0   1430    2.7    191    8.1    29.4   0.2   0.82   4.53  820.6     0.00   0.00    0.0  0.003  0.003  0.003  0.003  0.002  0.003
03:30:06 858.34   16.5   33.0   1429    2.6    193    8.1    29.4   0.2   0.82   4.52  821.6     0.00   0.00    0.0  0.003  0.003  0.003  0.003  0.002  0.003
03:30:07 858.21   16.5   33.0   1431    2.6    193    8.1    29.4   0.2   0.82   4.52  822.6     0.00   0.00    0.0  0.003  0.003  0.003  0.003  0.002  0.003
03:30:08 858.25   16.5   33.0   1430    2.6    193    8.1    29.4   0.2   0.82   4.53  823.6     0.00   0.00    0.0  0.003  0.003  0.003  0.003  0.002  0.003
03:30:09 858.32   16.5   33.1   1430    2.6    193    8.1    29.4   0.2   0.82   4.54  824.6     0.00   0.00    0.0  0.003  0.003  0.003  0.003  0.002  0.003
03:30:10 858.21   16.4   33.0   1431    2.6    192    8.1    29.4   0.2   0.82   4.52  825.6     0.00   0.00    0.0  0.003  0.003  0.003  0.003  0.002  0.003
03:30:11 858.26   16.5   33.0   1430    2.6    193    8.1    29.4   0.2   0.82   4.53  826.6     0.00   0.00    0.0  0.003  0.003  0.003  0.003  0.002  0.003
03:30:15 858.14   16.5   33.1   1431    2.6    193    8.1    29.4   0.2   0.82   4.54  830.6     0.00   0.00    0.0  0.003  0.003  0.003  0.003  0.002  0.003
03:30:17 857.92   16.5   33.1   1433    2.7    193    8.1    29.4   0.2   0.82   4.52  832.6     0.00   0.00    0.0  0.003  0.003  0.003  0.003  0.002  0.003
03:30:18 857.79   16.5   33.1   1435    2.6    193    8.1    29.4   0.2   0.82   4.52  833.6     0.00   0.00    0.0  0.003  0.003  0.003  0.003  0.002  0.003
03:30:19 858.07   16.5   33.1   1432    2.7    192    8.1    29.4   0.2   0.82   4.53  834.6     0.00   0.00    0.0  0.003  0.003  0.003  0.003  0.002  0.003
03:30:20 857.67   16.4   33.1   1436    2.6    192    8.1    29.4   0.2   0.82   4.52  835.6     0.00   0.00    0.0  0.003  0.003  0.003  0.003  0.002  0.003
03:30:22 857.88   16.4   33.1   1434    2.6    192    8.1    29.4   0.2   0.82   4.52  837.6     0.00   0.00    0.0  0.003  0.003  0.003  0.003  0.002  0.003
03:30:23 857.90   16.5   33.1   1434    2.6    192    8.1    29.5   0.2   0.82   4.54  838.6     0.00   0.00    0.0  0.003  0.003  0.003  0.003  0.002  0.003
03:30:24 857.61   16.4   33.1   1437    2.6    192    8.1    29.4   0.2   0.82   4.52  839.6     0.00   0.00    0.0  0.003  0.003  0.003  0.003  0.002  0.003
03:30:25 857.74   16.4   33.1   1435    2.6    193    8.1    29.4   0.2   0.82   4.53  840.6     0.00   0.00    0.0  0.003  0.003  0.003  0.003  0.002  0.003
03:30:27 857.89   16.4   33.1   1434    2.6    194    8.1    29.4   0.2   0.82   4.52  842.6     0.00   0.00    0.0  0.003  0.003  0.003  0.003  0.002  0.003
03:30:27 857.67   16.4   33.1   1436    2.6    195    8.1    29.4   0.2   0.82   4.53  843.5     0.00   0.00    0.0  0.003  0.003  0.003  0.003  0.002  0.003
03:30:31 857.59   16.4   33.1   1437    2.6    194    8.1    29.4   0.2   0.82   4.53  846.5     0.00   0.00    0.0  0.003  0.003  0.003  0.003  0.002  0.003
03:30:32 857.28   16.4   33.1   1440    2.6    194    8.1    29.5   0.2   0.82   4.53  847.5     0.00   0.00    0.0  0.003  0.003  0.003  0.003  0.002  0.003
03:30:34 857.27   16.4   33.2   1440    2.6    195    8.1    29.4   0.2   0.82   4.52  849.5     0.00   0.00    0.0  0.003  0.003  0.003  0.003  0.002  0.003
03:30:35 857.12   16.4   33.2   1441    2.6    194    8.1    29.4   0.2   0.82   4.53  850.5     0.00   0.00    0.0  0.003  0.003  0.003  0.003  0.002  0.003
03:30:36 857.14   16.4   33.1   1441    2.6    195    8.1    29.5   0.2   0.82   4.53  851.5     0.00   0.00    0.0  0.003  0.004  0.003  0.003  0.002  0.003
03:30:37 857.19   16.4   33.2   1441    2.6    196    8.1    29.4   0.2   0.82   4.53  852.5     0.00   0.00    0.0  0.003  0.003  0.003  0.003  0.002  0.003
03:30:38 857.15   16.4   33.2   1441    2.6    195    8.1    29.5   0.2   0.82   4.54  853.5     0.00   0.00    0.0  0.003  0.003  0.003  0.003  0.002  0.003
03:30:39 857.08   16.4   33.2   1442    2.6    194    8.1    29.5   0.2   0.82   4.53  854.5     0.00   0.00    0.0  0.003  0.003  0.003  0.003  0.002  0.003
03:30:42 857.13   16.4   33.2   1441    2.6    193    8.1    29.5   0.2   0.82   4.54  857.5     0.00   0.00    0.0  0.003  0.003  0.003  0.003  0.002  0.003
03:30:43 856.88   16.4   33.2   1444    2.6    193    8.1    29.5   0.2   0.82   4.54  858.5     0.00   0.00    0.0  0.003  0.004  0.003  0.003  0.002  0.003
03:30:44 857.18   16.4   33.2   1441    2.6    195    8.1    29.4   0.2   0.82   4.53  859.5     0.00   0.00    0.0  0.003  0.003  0.003  0.003  0.002  0.003
03:30:45 856.92   16.4   33.2   1443    2.6    194    8.1    29.5   0.2   0.82   4.53  860.5     0.00   0.00    0.0  0.003  0.003  0.003  0.003  0.002  0.003
03:30:46 856.92   16.4   33.2   1443    2.6    194    8.1    29.5   0.2   0.82   4.53  861.5     0.00   0.00    0.0  0.003  0.003  0.003  0.003  0.002  0.003
03:30:47 856.98   16.4   33.1   1443    2.6    193    8.1    29.5   0.2   0.82   4.53  862.5     0.00   0.00    0.0  0.003  0.004  0.003  0.003  0.002  0.003
03:30:48 856.79   16.4   33.2   1445    2.6    192    8.1    29.5   0.2   0.82   4.53  863.5     0.00   0.00    0.0  0.003  0.003  0.003  0.003  0.002  0.003
03:30:52 856.51   16.4   33.2   1447    2.6    197    8.1    29.5   0.2   0.82   4.53  868.5     0.00   0.00    0.0  0.003  0.003  0.003  0.003  0.002  0.003
03:30:53 856.59   16.4   33.2   1447    2.6    196    8.1    29.5   0.2   0.82   4.53  869.5     0.00   0.00    0.0  0.003  0.003  0.003  0.003  0.002  0.003
03:30:54 856.51   16.4   33.2   1447    2.6    196    8.1    29.5   0.2   0.82   4.53  870.5     0.00   0.00    0.0  0.003  0.003  0.003  0.003  0.002  0.003
03:30:55 856.36   16.3   33.2   1449    2.6    195    8.1    29.5   0.1   0.82   4.52  871.5     0.00   0.00    0.0  0.003  0.003  0.003  0.003  0.002  0.003
03:30:56 856.50   16.4   33.2   1447    2.6    195    8.1    29.5   0.2   0.82   4.52  872.5     0.00   0.00    0.0  0.003  0.004  0.003  0.003  0.002  0.003
03:30:57 856.57   16.4   33.2   1447    2.6    195    8.1    29.5   0.2   0.82   4.53  873.5     0.00   0.00    0.0  0.003  0.004  0.003  0.003  0.002  0.003
03:30:58 856.38   16.3   33.2   1449    2.6    195    8.1    29.5   0.1   0.82   4.52  874.5     0.00   0.00    0.0  0.003  0.003  0.003  0.003  0.002  0.003
03:31:00 856.32   16.3   33.2   1449    2.6    195    8.1    29.5   0.1   0.82   4.52  875.5     0.00   0.00    0.0  0.003  0.004  0.003  0.003  0.002  0.003
03:31:01 856.34   16.4   33.2   1449    2.6    195    8.1    29.5   0.2   0.82   4.53  877.5     0.00   0.00    0.0  0.003  0.004  0.003  0.003  0.002  0.003
03:31:02 856.34   16.3   33.3   1449    2.6    196    8.1    29.4   0.2   0.82   4.52  878.5     0.00   0.00    0.0  0.003  0.004  0.003  0.003  0.002  0.003
03:31:05 855.92   16.4   33.3   1453    2.5    195    8.1    29.5   0.2   0.82   4.53  881.5     0.00   0.00    0.0  0.003  0.003  0.003  0.003  0.002  0.003
03:31:06 856.11   16.3   33.3   1451    2.6    195    8.1    29.5   0.2   0.82   4.52  882.5     0.00   0.00    0.0  0.003  0.004  0.003  0.003  0.002  0.003
03:31:07 855.92   16.3   33.2   1453    2.5    196    8.1    29.5   0.2   0.82   4.52  883.5     0.00   0.00    0.0  0.003  0.003  0.003  0.003  0.002  0.003
03:31:09 856.00   16.3   33.3   1453    2.5    196    8.1    29.5   0.2   0.82   4.53  885.5     0.00   0.00    0.0  0.003  0.004  0.003  0.003  0.002  0.003
03:31:10 856.21   16.3   33.3   1450    2.5    196    8.1    29.4   0.1   0.82   4.51  886.5     0.00   0.00    0.0  0.003  0.004  0.003  0.003  0.002  0.003
03:31:12 855.93   16.3   33.3   1453    2.5    196    8.1    29.4   0.1   0.82   4.52  888.5     0.00   0.00    0.0  0.003  0.003  0.003  0.003  0.002  0.003
03:31:13 855.77   16.3   33.3   1455    2.5    196    8.1    29.5   0.2   0.82   4.53  889.5     0.00   0.00    0.0  0.003  0.004  0.003  0.003  0.002  0.003
03:31:14 855.57   16.3   33.3   1457    2.5    196    8.1    29.5   0.1   0.82   4.52  890.5     0.00   0.00    0.0  0.003  0.004  0.003  0.003  0.002  0.003
03:31:15 855.79   16.3   33.3   1455    2.5    197    8.1    29.5   0.2   0.82   4.52  891.5     0.00   0.00    0.0  0.003  0.004  0.003  0.003  0.002  0.003
03:31:16 855.80   16.3   33.3   1454    2.5    197    8.1    29.5   0.2   0.82   4.52  892.5     0.00   0.00    0.0  0.003  0.004  0.003  0.003  0.002  0.003
03:31:17 855.52   16.2   33.3   1457    2.4    197    8.1    29.4   0.1   0.82   4.51  893.5     0.00   0.00    0.0  0.003  0.004  0.003  0.003  0.002  0.003
03:31:18 855.81   16.3   33.3   1454    2.5    197    8.1    29.4   0.1   0.82   4.51  894.5     0.00   0.00    0.0  0.004  0.004  0.003  0.003  0.002  0.003
03:31:20 855.62   16.3   33.3   1456    2.4    196    8.1    29.4   0.1   0.82   4.51  896.5     0.00   0.00    0.0  0.003  0.004  0.003  0.003  0.002  0.003
03:31:21 855.50   16.3   33.3   1457    2.5    196    8.1    29.5   0.2   0.82   4.53  897.5     0.00   0.00    0.0  0.003  0.004  0.003  0.003  0.002  0.003
03:31:22 855.34   16.3   33.3   1459    2.4    195    8.1    29.5   0.1   0.82   4.51  898.5     0.00   0.00    0.0  0.003  0.004  0.003  0.003  0.002  0.003
03:31:23 855.30   16.2   33.4   1459    2.5    196    8.1    29.5   0.1   0.82   4.52  899.5     0.00   0.00    0.0  0.003  0.004  0.003  0.003  0.002  0.003
03:31:24 855.52   16.3   33.4   1457    2.4    196    8.1    29.5   0.1   0.82   4.52  900.5     0.00   0.00    0.0  0.003  0.004  0.003  0.003  0.002  0.003
03:31:25 855.48   16.2   33.4   1458    2.4    196    8.1    29.4   0.1   0.82   4.51  901.5     0.00   0.00    0.0  0.003  0.004  0.003  0.003  0.002  0.003
03:31:26 855.41   16.2   33.4   1458    2.4    197    8.1    29.4   0.1   0.82   4.51  902.5     0.00   0.00    0.0  0.004  0.004  0.003  0.003  0.002  0.003
03:31:27 855.22   16.3   33.4   1460    2.4    198    8.1    29.5   0.2   0.82   4.53  903.5     0.00   0.00    0.0  0.003  0.004  0.003  0.003  0.002  0.003
03:31:28 855.37   16.2   33.4   1459    2.4    196    8.1    29.4   0.1   0.82   4.51  904.5     0.00   0.00    0.0  0.003  0.004  0.003  0.003  0.002  0.003
03:31:29 855.42   16.2   33.4   1458    2.4    196    8.1    29.4   0.1   0.82   4.52  905.5     0.00   0.00    0.0  0.003  0.004  0.003  0.003  0.002  0.003
03:31:31 855.32   16.2   33.4   1459    2.5    196    8.1    29.4   0.1   0.82   4.52  907.5     0.00   0.00    0.0  0.003  0.004  0.003  0.003  0.002  0.003
03:31:32 855.37   16.2   33.4   1459    2.4    196    8.1    29.4   0.1   0.82   4.52  908.5     0.00   0.00    0.0  0.003  0.004  0.003  0.003  0.002  0.003
03:31:35 854.92   16.2   33.4   1463    2.5    196    8.1    29.5   0.1   0.82   4.52  911.5     0.00   0.00    0.0  0.003  0.004  0.003  0.003  0.002  0.003
03:31:36 855.03   16.2   33.4   1462    2.4    196    8.1    29.5   0.1   0.82   4.52  912.5     0.00   0.00    0.0  0.004  0.004  0.003  0.003  0.002  0.003
03:31:38 854.81   16.2   33.4   1464    2.4    197    8.1    29.5   0.1   0.82   4.52  914.5     0.00   0.00    0.0  0.003  0.004  0.003  0.003  0.002  0.003
03:31:39 854.99   16.2   33.4   1463    2.4    196    8.1    29.5   0.1   0.82   4.52  915.5     0.00   0.00    0.0  0.003  0.004  0.003  0.003  0.002  0.003
03:31:40 854.83   16.2   33.4   1464    2.4    196    8.1    29.5   0.1   0.82   4.52  916.5     0.00   0.00    0.0  0.003  0.004  0.003  0.003  0.002  0.003
03:31:41 854.66   16.2   33.5   1466    2.4    197    8.1    29.5   0.1   0.82   4.52  917.5     0.00   0.00    0.0  0.003  0.004  0.003  0.003  0.002  0.003
03:31:42 854.55   16.2   33.4   1467    2.4    197    8.1    29.5   0.1   0.82   4.52  918.5     0.00   0.00    0.0  0.004  0.004  0.003  0.003  0.002  0.003
03:31:43 854.76   16.2   33.4   1465    2.4    196    8.1    29.5   0.1   0.82   4.52  919.5     0.00   0.00    0.0  0.004  0.004  0.003  0.003  0.002  0.003
03:31:45 854.80   16.2   33.4   1464    2.4    197    8.1    29.4   0.1   0.82   4.51  921.5     0.00   0.00    0.0  0.004  0.004  0.003  0.003  0.002  0.003
03:31:47 854.53   16.2   33.4   1467    2.5    199    8.1    29.5   0.1   0.82   4.52  923.5     0.00   0.00    0.0  0.003  0.004  0.003  0.003  0.002  0.003
03:31:48 854.62   16.2   33.4   1466    2.5    200    8.1    29.5   0.1   0.82   4.52  924.5     0.00   0.00    0.0  0.004  0.004  0.003  0.003  0.002  0.003
03:31:50 854.45   16.1   33.5   1468    2.4    198    8.1    29.4   0.1   0.82   4.50  926.5     0.00   0.00    0.0  0.003  0.004  0.003  0.003  0.002  0.003
03:31:51 854.45   16.2   33.4   1468    2.4    195    8.1    29.5   0.1   0.82   4.52  927.5     0.00   0.00    0.0  0.004  0.004  0.003  0.003  0.002  0.003
03:31:52 854.49   16.2   33.4   1467    2.5    194    8.1    29.4   0.1   0.82   4.50  928.5     0.00   0.00    0.0  0.003  0.004  0.003  0.003  0.002  0.003
03:31:54 854.46   16.2   33.4   1468    2.4    195    8.1    29.5   0.1   0.82   4.50  930.5     0.00   0.00    0.0  0.004  0.004  0.003  0.003  0.002  0.003
03:31:57 854.16   16.1   33.4   1471    2.4    197    8.1    29.5   0.1   0.82   4.50  933.5     0.00   0.00    0.0  0.003  0.004  0.003  0.003  0.002  0.003
03:31:58 854.11   16.2   33.4   1471    2.4    195    8.1    29.5   0.1   0.82   4.51  934.5     0.00   0.00    0.0  0.004  0.004  0.003  0.003  0.002  0.003
03:31:59 854.14   16.2   33.5   1471    2.4    195    8.1    29.5   0.1   0.82   4.51  935.5     0.00   0.00    0.0  0.004  0.004  0.003  0.003  0.002  0.003
03:32:00 854.08   16.2   33.5   1472    2.4    195    8.1    29.5   0.1   0.82   4.52  936.5     0.00   0.00    0.0  0.004  0.004  0.003  0.003  0.002  0.003
03:32:01 854.22   16.1   33.5   1470    2.3    193    8.1    29.4   0.1   0.82   4.50  937.5     0.00   0.00    0.0  0.004  0.004  0.003  0.003  0.002  0.003
03:32:04 853.86   16.2   33.5   1474    2.3    194    8.1    29.5   0.1   0.82   4.52  940.5     0.00   0.00    0.0  0.004  0.004  0.003  0.003  0.002  0.003
03:32:05 854.12   16.1   33.5   1471    2.4    193    8.1    29.5   0.1   0.82   4.51  941.5     0.00   0.00    0.0  0.004  0.004  0.003  0.003  0.002  0.003
03:32:06 853.83   16.1   33.5   1474    2.4    193    8.1    29.5   0.1   0.82   4.51  942.5     0.00   0.00    0.0  0.004  0.004  0.003  0.003  0.002  0.003
03:32:07 853.67   16.1   33.5   1476    2.4    195    8.1    29.5   0.1   0.82   4.51  943.5     0.00   0.00    0.0  0.004  0.004  0.003  0.003  0.002  0.003
03:32:08 853.97   16.1   33.5   1473    2.3    194    8.1    29.5   0.1   0.82   4.51  944.4     0.00   0.00    0.0  0.004  0.004  0.003  0.003  0.002  0.003
03:32:09 853.83   16.1   33.6   1474    2.3    194    8.1    29.4   0.1   0.82   4.51  945.4     0.00   0.00    0.0  0.004  0.004  0.003  0.003  0.002  0.003
03:32:10 853.56   16.1   33.5   1477    2.4    195    8.1    29.5   0.1   0.82   4.52  946.4     0.00   0.00    0.0  0.004  0.004  0.003  0.003  0.002  0.003
03:32:11 853.86   16.1   33.5   1474    2.4    195    8.1    29.5   0.1   0.82   4.52  947.4     0.00   0.00    0.0  0.004  0.004  0.003  0.003  0.002  0.003
03:32:15 853.76   16.1   33.6   1475    2.4    196    8.1    29.4   0.1   0.82   4.51  951.4     0.00   0.00    0.0  0.003  0.004  0.003  0.003  0.002  0.003
03:32:17 853.51   16.1   33.6   1477    2.4    195    8.1    29.5   0.1   0.82   4.51  953.4     0.00   0.00    0.0  0.004  0.004  0.003  0.003  0.002  0.003
03:32:18 853.48   16.1   33.6   1478    2.4    195    8.1    29.5   0.1   0.82   4.51  954.4     0.00   0.00    0.0  0.003  0.004  0.003  0.003  0.002  0.003
03:32:19 853.43   16.1   33.6   1478    2.4    195    8.1    29.5   0.1   0.82   4.52  955.4     0.00   0.00    0.0  0.004  0.004  0.003  0.003  0.002  0.003
03:32:20 853.39   16.1   33.6   1478    2.4    195    8.1    29.5   0.1   0.82   4.51  956.4     0.00   0.00    0.0  0.004  0.004  0.003  0.003  0.002  0.003
03:32:22 853.55   16.1   33.6   1477    2.4    194    8.1    29.5   0.1   0.82   4.51  958.4     0.00   0.00    0.0  0.004  0.004  0.003  0.003  0.002  0.003
03:32:23 853.37   16.1   33.6   1479    2.4    195    8.1    29.5   0.1   0.82   4.51  959.4     0.00   0.00    0.0  0.004  0.004  0.004  0.003  0.002  0.003
03:32:24 853.42   16.1   33.7   1478    2.4    196    8.1    29.5   0.1   0.82   4.52  960.4     0.00   0.00    0.0  0.004  0.004  0.003  0.003  0.002  0.003
03:32:27 853.45   16.1   33.6   1478    2.5    196    8.1    29.5   0.1   0.82   4.51  963.4     0.00   0.00    0.0  0.004  0.004  0.003  0.003  0.002  0.003
03:32:28 853.18   16.0   33.6   1481    2.5    195    8.1    29.5   0.1   0.82   4.50  964.4     0.00   0.00    0.0  0.004  0.004  0.003  0.003  0.002  0.003
03:32:29 853.02   16.1   33.6   1482    2.5    195    8.1    29.5   0.1   0.82   4.51  965.4     0.00   0.00    0.0  0.004  0.004  0.003  0.003  0.002  0.003
03:32:32 853.10   16.0   33.6   1481    2.5    195    8.1    29.4   0.0   0.82   4.49  968.4     0.00   0.00    0.0  0.004  0.004  0.003  0.003  0.002  0.003
03:32:33 852.94   16.0   33.6   1483    2.5    195    8.1    29.5   0.0   0.82   4.50  969.4     0.00   0.00    0.0  0.004  0.004  0.003  0.003  0.002  0.003
03:32:34 853.20   16.1   33.6   1480    2.4    195    8.1    29.5   0.1   0.82   4.51  970.4     0.00   0.00    0.0  0.004  0.004  0.004  0.003  0.002  0.003
03:32:35 852.89   16.1   33.6   1483    2.5    195    8.1    29.5   0.1   0.82   4.52  971.4     0.00   0.00    0.0  0.004  0.004  0.003  0.003  0.002  0.003
03:32:36 853.03   16.0   33.6   1482    2.4    194    8.1    29.5   0.1   0.82   4.51  972.4     0.00   0.00    0.0  0.004  0.004  0.003  0.003  0.002  0.003
03:32:37 853.15   16.0   33.6   1481    2.4    194    8.1    29.4   0.0   0.82   4.50  973.4     0.00   0.00    0.0  0.004  0.004  0.003  0.003  0.002  0.003
03:32:39 852.91   16.0   33.6   1483    2.4    194    8.1    29.5   0.1   0.82   4.51  975.4     0.00   0.00    0.0  0.004  0.004  0.003  0.003  0.002  0.003
03:32:40 852.51   16.0   33.7   1487    2.4    194    8.1    29.5   0.0   0.82   4.50  976.4     0.00   0.00    0.0  0.004  0.004  0.004  0.003  0.002  0.003
03:32:41 852.73   16.0   33.7   1485    2.4    195    8.1    29.5   0.1   0.82   4.51  977.4     0.00   0.00    0.0  0.004  0.004  0.003  0.003  0.002  0.003
03:32:42 852.92   16.0   33.6   1483    2.4    195    8.1    29.4   0.0   0.82   4.49  978.4     0.00   0.00    0.0  0.004  0.004  0.004  0.003  0.002  0.003
03:32:43 852.79   16.0   33.7   1484    2.4    194    8.1    29.4   0.0   0.82   4.50  979.4     0.00   0.00    0.0  0.004  0.004  0.003  0.003  0.002  0.003
03:32:44 852.32   16.0   33.7   1489    2.4    195    8.1    29.5   0.0   0.82   4.50  980.4     0.00   0.00    0.0  0.004  0.004  0.004  0.003  0.002  0.003
03:32:45 852.48   16.0   33.7   1487    2.4    194    8.1    29.5   0.0   0.82   4.50  981.4     0.00   0.00    0.0  0.004  0.004  0.004  0.003  0.002  0.003
03:32:46 852.29   16.0   33.7   1489    2.4    193    8.1    29.5   0.1   0.82   4.51  982.4     0.00   0.00    0.0  0.004  0.004  0.004  0.003  0.002  0.003
03:32:47 852.24   16.0   33.7   1490    2.4    195    8.1    29.5   0.0   0.82   4.51  983.4     0.00   0.00    0.0  0.004  0.004  0.003  0.003  0.002  0.003
03:32:48 852.25   16.0   33.7   1490    2.4    196    8.1    29.5   0.1   0.82   4.51  984.4     0.00   0.00    0.0  0.004  0.004  0.004  0.003  0.002  0.003
03:32:49 852.37   16.0   33.7   1489    2.4    196    8.1    29.5   0.0   0.82   4.50  985.4     0.00   0.00    0.0  0.004  0.004  0.004  0.003  0.002  0.003
03:32:50 852.24   16.0   33.6   1490    2.4    195    8.1    29.5   0.0   0.82   4.49  986.4     0.00   0.00    0.0  0.004  0.004  0.004  0.003  0.002  0.003
03:32:51 852.38   16.0   33.7   1488    2.5    195    8.1    29.5   0.0   0.82   4.50  987.4     0.00   0.00    0.0  0.004  0.004  0.004  0.003  0.002  0.003
03:32:52 852.37   16.0   33.6   1489    2.5    196    8.1    29.5   0.0   0.82   4.50  988.4     0.00   0.00    0.0  0.004  0.004  0.004  0.003  0.002  0.003
03:32:56 852.36   16.0   33.7   1489    2.6    196    8.1    29.5   0.0   0.82   4.49  992.4     0.00   0.00    0.0  0.004  0.004  0.003  0.003  0.002  0.003
03:32:58 852.32   16.0   33.6   1489    2.6    195    8.1    29.5  -0.0   0.82   4.49  994.4     0.00   0.00    0.0  0.004  0.004  0.004  0.003  0.002  0.003
03:33:00 852.00   16.0   33.7   1492    2.6    196    8.1    29.5  -0.0   0.82   4.49  996.4     0.00   0.00    0.0  0.004  0.004  0.004  0.003  0.002  0.003
03:33:01 851.99   16.0   33.7   1492    2.6    197    8.1    29.5   0.0   0.82   4.49  997.4     0.00   0.00    0.0  0.004  0.004  0.004  0.003  0.002  0.003
03:33:04 851.68   15.9   33.7   1495    2.5    195    8.1    29.5  -0.0   0.82   4.49 1000.4     0.00   0.00    0.0  0.004  0.004  0.003  0.003  0.002  0.003
03:33:05 851.77   16.0   33.7   1495    2.5    196    8.1    29.5   0.0   0.82   4.50 1001.4     0.00   0.00    0.0  0.004  0.004  0.004  0.003  0.002  0.003
03:33:06 851.63   16.0   33.7   1496    2.5    195    8.1    29.5   0.0   0.82   4.50 1002.4     0.00   0.00    0.0  0.004  0.004  0.004  0.003  0.002  0.003
03:33:07 851.56   15.9   33.7   1497    2.5    196    8.1    29.5  -0.0   0.82   4.49 1003.4     0.00   0.00    0.0  0.004  0.004  0.004  0.003  0.002  0.003
03:33:09 851.57   15.9   33.7   1497    2.5    195    8.1    29.5  -0.0   0.82   4.49 1005.4     0.00   0.00    0.0  0.004  0.004  0.004  0.003  0.002  0.003
03:33:10 851.81   15.9   33.7   1494    2.5    196    8.1    29.5  -0.0   0.82   4.49 1006.4     0.00   0.00    0.0  0.004  0.004  0.004  0.003  0.002  0.003
03:33:12 851.53   15.9   33.7   1497    2.5    196    8.1    29.5  -0.0   0.82   4.48 1008.4     0.00   0.00    0.0  0.004  0.004  0.004  0.003  0.002  0.003
03:33:13 851.54   15.9   33.7   1497    2.5    199    8.1    29.5  -0.0   0.82   4.48 1009.4     0.00   0.00    0.0  0.004  0.004  0.004  0.003  0.002  0.003
03:33:14 851.54   15.9   33.7   1497    2.6    201    8.1    29.5  -0.0   0.82   4.48 1010.4     0.00   0.00    0.0  0.004  0.004  0.004  0.003  0.002  0.003
03:33:16 851.26   15.9   33.7   1500    2.5    197    8.1    29.5  -0.0   0.82   4.48 1012.4     0.00   0.00    0.0  0.004  0.004  0.004  0.003  0.002  0.003
03:33:18 851.18   15.9   33.7   1500    2.5    197    8.1    29.5  -0.0   0.82   4.48 1014.4     0.00   0.00    0.0  0.004  0.004  0.004  0.003  0.002  0.003
03:33:19 851.23   15.9   33.7   1500    2.5    198    8.1    29.5  -0.0   0.82   4.49 1015.4     0.00   0.00    0.0  0.004  0.004  0.004  0.003  0.002  0.003
03:33:20 851.38   15.9   33.7   1498    2.5    199    8.1    29.5  -0.0   0.82   4.49 1016.4     0.00   0.00    0.0  0.004  0.004  0.004  0.003  0.002  0.003
03:33:21 851.18   15.9   33.7   1500    2.4    199    8.1    29.5  -0.0   0.82   4.48 1017.4     0.00   0.00    0.0  0.004  0.004  0.004  0.003  0.002  0.003
03:33:22 851.31   15.9   33.7   1499    2.4    199    8.1    29.5  -0.0   0.82   4.49 1018.4     0.00   0.00    0.0  0.004  0.004  0.004  0.003  0.002  0.003
03:33:23 851.22   15.9   33.8   1500    2.3    198    8.1    29.5  -0.0   0.82   4.49 1019.4     0.00   0.00    0.0  0.004  0.004  0.004  0.003  0.002  0.003
03:33:24 851.17   15.9   33.7   1501    2.3    199    8.1    29.5  -0.0   0.82   4.48 1020.4     0.00   0.00    0.0  0.004  0.004  0.004  0.003  0.002  0.003
03:33:26 850.95   15.9   33.8   1503    2.3    197    8.1    29.5  -0.0   0.82   4.49 1022.4     0.00   0.00    0.0  0.004  0.004  0.004  0.003  0.002  0.003
03:33:27 850.98   15.9   33.8   1502    2.3    197    8.1    29.5  -0.0   0.82   4.48 1023.4     0.00   0.00    0.0  0.004  0.004  0.004  0.003  0.002  0.003
03:33:28 850.90   15.9   33.8   1503    2.3    197    8.1    29.5  -0.0   0.82   4.49 1024.4     0.00   0.00    0.0  0.004  0.004  0.004  0.003  0.002  0.003
03:33:29 851.05   15.8   33.8   1502    2.3    196    8.1    29.5  -0.0   0.82   4.48 1025.4     0.00   0.00    0.0  0.004  0.004  0.004  0.003  0.002  0.003
03:33:30 850.94   15.9   33.8   1503    2.3    196    8.1    29.5  -0.0   0.82   4.49 1026.4     0.00   0.00    0.0  0.004  0.004  0.004  0.003  0.002  0.003
03:33:31 851.10   15.9   33.8   1501    2.3    197    8.1    29.5  -0.0   0.82   4.49 1027.4     0.00   0.00    0.0  0.004  0.004  0.004  0.003  0.002  0.003
03:33:32 850.81   15.9   33.8   1504    2.2    196    8.1    29.5   0.0   0.82   4.50 1028.4     0.00   0.00    0.0  0.004  0.004  0.004  0.003  0.002  0.003
03:33:33 851.09   15.8   33.8   1501    2.2    196    8.1    29.5  -0.1   0.82   4.47 1029.4     0.00   0.00    0.0  0.004  0.004  0.004  0.003  0.002  0.003
03:33:36 850.84   15.9   33.9   1504    2.2    197    8.1    29.5   0.0   0.82   4.51 1032.4     0.00   0.00    0.0  0.004  0.004  0.004  0.003  0.002  0.003
03:33:37 850.75   15.8   33.8   1505    2.2    197    8.1    29.5  -0.0   0.82   4.49 1033.4     0.00   0.00    0.0  0.004  0.004  0.004  0.003  0.002  0.003
03:33:39 850.84   15.8   33.8   1504    2.3    199    8.1    29.5  -0.1   0.82   4.48 1035.4     0.00   0.00    0.0  0.004  0.004  0.004  0.003  0.002  0.003
03:33:40 850.74   15.9   33.8   1505    2.3    194    8.1    29.5  -0.0   0.82   4.49 1036.4     0.00   0.00    0.0  0.004  0.004  0.004  0.003  0.002  0.003
03:33:42 850.59   15.9   33.8   1506    2.4    193    8.1    29.5  -0.0   0.82   4.49 1038.4     0.00   0.00    0.0  0.004  0.004  0.004  0.003  0.002  0.003
03:33:43 850.55   15.8   33.8   1507    2.4    194    8.1    29.5  -0.1   0.82   4.47 1039.4     0.00   0.00    0.0  0.004  0.004  0.004  0.003  0.002  0.003
03:33:44 850.66   15.9   33.8   1506    2.4    198    8.1    29.5  -0.0   0.82   4.50 1040.4     0.00   0.00    0.0  0.004  0.004  0.004  0.003  0.002  0.003
03:33:45 850.41   15.8   33.9   1508    2.4    199    8.1    29.5  -0.0   0.82   4.49 1041.4     0.00   0.00    0.0  0.004  0.004  0.004  0.003  0.002  0.003
03:33:46 850.23   15.8   33.8   1510    2.4    198    8.1    29.5  -0.1   0.82   4.47 1042.4     0.00   0.00    0.0  0.004  0.004  0.004  0.003  0.002  0.003
03:33:48 850.43   15.8   33.9   1508    2.5    198    8.1    29.5  -0.0   0.82   4.48 1044.4     0.00   0.00    0.0  0.004  0.004  0.004  0.003  0.002  0.003
03:33:49 850.34   15.8   33.9   1509    2.6    197    8.1    29.5  -0.0   0.82   4.48 1045.4     0.00   0.00    0.0  0.004  0.004  0.004  0.003  0.002  0.003
03:33:50 850.29   15.8   33.9   1509    2.5    197    8.1    29.5  -0.1   0.82   4.47 1046.3     0.00   0.00    0.0  0.004  0.004  0.004  0.003  0.002  0.003
03:33:51 850.19   15.8   33.8   1510    2.5    198    8.1    29.6  -0.0   0.82   4.49 1047.3     0.00   0.00    0.0  0.004  0.004  0.004  0.003  0.002  0.003
03:33:52 850.32   15.8   33.8   1509    2.6    197    8.1    29.5  -0.1   0.82   4.48 1048.3     0.00   0.00    0.0  0.004  0.004  0.004  0.003  0.002  0.003
03:33:54 850.07   15.8   33.8   1512    2.5    200    8.1    29.5  -0.1   0.82   4.48 1050.3     0.00   0.00    0.0  0.004  0.004  0.004  0.003  0.002  0.003
03:33:56 850.20   15.8   33.8   1510    2.6    201    8.1    29.5  -0.1   0.82   4.47 1052.3     0.00   0.00    0.0  0.004  0.004  0.004  0.003  0.002  0.003
03:33:59 849.83   15.8   33.9   1514    2.6    197    8.1    29.5  -0.1   0.82   4.48 1055.3     0.00   0.00    0.0  0.004  0.004  0.004  0.003  0.002  0.003
03:34:00 850.14   15.8   33.9   1511    2.5    197    8.0    29.5  -0.1   0.82   4.48 1056.3     0.00   0.00    0.0  0.004  0.004  0.004  0.003  0.002  0.003
03:34:01 849.73   15.8   33.9   1515    2.6    197    8.1    29.5  -0.0   0.82   4.49 1057.3     0.00   0.00    0.0  0.004  0.004  0.004  0.003  0.002  0.003
03:34:02 849.75   15.8   33.9   1515    2.6    197    8.1    29.5  -0.1   0.82   4.48 1058.3     0.00   0.00    0.0  0.004  0.004  0.004  0.003  0.002  0.003
03:34:03 849.80   15.7   33.9   1514    2.6    200    8.1    29.5  -0.1   0.82   4.47 1059.3     0.00   0.00    0.0  0.004  0.004  0.004  0.004  0.002  0.003
03:34:04 849.91   15.8   33.9   1513    2.6    201    8.1    29.5  -0.0   0.82   4.49 1060.3     0.00   0.00    0.0  0.004  0.004  0.004  0.003  0.002  0.003
03:34:05 849.88   15.8   33.9   1513    2.6    198    8.0    29.5  -0.1   0.82   4.47 1061.3     0.00   0.00    0.0  0.004  0.004  0.004  0.003  0.002  0.003
03:34:06 849.88   15.7   33.9   1513    2.5    197    8.0    29.5  -0.1   0.82   4.47 1062.3     0.00   0.00    0.0  0.004  0.004  0.004  0.003  0.002  0.003
03:34:08 849.78   15.7   33.9   1514    2.6    197    8.0    29.5  -0.1   0.82   4.47 1064.3     0.00   0.00    0.0  0.004  0.004  0.004  0.003  0.002  0.003
03:34:09 849.63   15.7   33.9   1516    2.6    197    8.0    29.5  -0.1   0.82   4.46 1065.3     0.00   0.00    0.0  0.004  0.004  0.004  0.003  0.002  0.003
03:34:10 849.45   15.7   34.0   1518    2.7    197    8.0    29.5  -0.1   0.82   4.48 1066.3     0.00   0.00    0.0  0.004  0.004  0.004  0.003  0.002  0.003
03:34:11 849.64   15.8   34.0   1516    2.7    196    8.0    29.5  -0.1   0.82   4.48 1067.3     0.00   0.00    0.0  0.004  0.004  0.004  0.003  0.002  0.003
03:34:12 849.33   15.7   34.0   1519    2.7    198    8.0    29.5  -0.1   0.82   4.47 1068.3     0.00   0.00    0.0  0.004  0.004  0.004  0.003  0.002  0.003
03:34:13 849.55   15.7   33.9   1517    2.7    198    8.0    29.5  -0.1   0.82   4.47 1069.3     0.00   0.00    0.0  0.004  0.004  0.004  0.003  0.002  0.003
03:34:14 849.41   15.8   33.9   1518    2.7    197    8.0    29.5  -0.1   0.82   4.48 1070.3     0.00   0.00    0.0  0.004  0.004  0.004  0.003  0.002  0.003
03:34:15 849.27   15.7   33.9   1520    2.7    197    8.0    29.5  -0.1   0.82   4.46 1071.3     0.00   0.00    0.0  0.004  0.004  0.004  0.003  0.002  0.003
03:34:16 849.19   15.7   34.0   1520    2.7    198    8.0    29.5  -0.1   0.82   4.46 1072.3     0.00   0.00    0.0  0.004  0.004  0.004  0.003  0.002  0.003
03:34:17 849.15   15.7   34.0   1521    2.7    198    8.0    29.5  -0.1   0.82   4.47 1073.3     0.00   0.00    0.0  0.004  0.004  0.004  0.003  0.002  0.003
03:34:18 849.17   15.7   34.0   1521    2.7    199    8.0    29.5  -0.1   0.82   4.48 1074.3     0.00   0.00    0.0  0.004  0.004  0.004  0.003  0.002  0.003
03:34:20 849.25   15.7   34.0   1520    2.7    201    8.0    29.5  -0.1   0.82   4.46 1076.3     0.00   0.00    0.0  0.004  0.004  0.004  0.003  0.002  0.003
03:34:21 849.41   15.7   34.0   1518    2.7    203    8.0    29.5  -0.1   0.82   4.47 1077.3     0.00   0.00    0.0  0.004  0.004  0.004  0.003  0.002  0.003
03:34:23 849.34   15.7   33.9   1519    2.9    202    8.0    29.5  -0.1   0.82   4.48 1079.3     0.00   0.00    0.0  0.004  0.004  0.004  0.003  0.002  0.003
03:34:24 849.08   15.7   34.0   1521    2.9    203    8.0    29.5  -0.1   0.82   4.47 1080.3     0.00   0.00    0.0  0.004  0.004  0.004  0.003  0.002  0.003
03:34:25 849.43   15.7   34.0   1518    3.0    203    8.0    29.5  -0.1   0.82   4.47 1081.3     0.00   0.00    0.0  0.004  0.004  0.004  0.003  0.002  0.003
03:34:26 849.42   15.7   34.0   1518    3.1    202    8.0    29.5  -0.1   0.82   4.48 1082.3     0.00   0.00    0.0  0.004  0.004  0.004  0.003  0.002  0.003
03:34:28 849.22   15.7   33.9   1520    3.3    201    8.0    29.5  -0.1   0.82   4.46 1084.3     0.00   0.00    0.0  0.004  0.004  0.004  0.003  0.002  0.003
03:34:30 849.11   15.7   34.0   1521    3.7    202    8.0    29.5  -0.1   0.82   4.47 1086.3     0.00   0.00    0.0  0.004  0.004  0.004  0.003  0.002  0.003
03:34:32 849.16   15.7   33.9   1521    3.9    204    8.0    29.5  -0.1   0.82   4.46 1088.3     0.00   0.00    0.0  0.004  0.004  0.004  0.003  0.002  0.003
03:34:34 849.14   15.7   33.9   1521    4.0    202    8.0    29.5  -0.1   0.82   4.46 1090.3     0.00   0.00    0.0  0.004  0.004  0.004  0.003  0.003  0.003
03:34:37 849.41   15.7   33.9   1518    4.0    203    8.0    29.5  -0.1   0.82   4.46 1093.3     0.00   0.00    0.0  0.004  0.004  0.004  0.003  0.002  0.003
03:34:38 849.23   15.7   33.9   1520    4.0    201    8.0    29.5  -0.1   0.82   4.45 1094.3     0.00   0.00    0.0  0.004  0.004  0.004  0.003  0.003  0.003
03:34:39 849.48   15.7   33.9   1517    4.0    203    8.0    29.5  -0.1   0.82   4.45 1095.3     0.00   0.00    0.0  0.004  0.004  0.004  0.004  0.002  0.003
03:34:40 849.53   15.7   33.8   1517    4.0    202    8.0    29.5  -0.1   0.82   4.46 1096.3     0.00   0.00    0.0  0.004  0.004  0.004  0.003  0.002  0.003
03:34:41 849.55   15.7   33.9   1517    4.0    202    8.0    29.5  -0.1   0.82   4.46 1097.3     0.00   0.00    0.0  0.004  0.004  0.004  0.003  0.003  0.003
03:34:42 849.29   15.7   33.9   1519    4.1    202    8.0    29.5  -0.1   0.82   4.46 1098.3     0.00   0.00    0.0  0.004  0.004  0.004  0.004  0.002  0.003
03:34:43 849.24   15.7   33.9   1520    4.0    203    8.0    29.5  -0.1   0.82   4.46 1099.3     0.00   0.00    0.0  0.004  0.004  0.004  0.003  0.002  0.003
03:34:44 849.55   15.8   33.9   1517    4.0    204    8.0    29.5  -0.1   0.82   4.47 1100.3     0.00   0.00    0.0  0.004  0.004  0.004  0.003  0.003  0.003
03:34:45 849.35   15.7   33.8   1519    3.9    204    8.0    29.5  -0.1   0.82   4.46 1101.3     0.00   0.00    0.0  0.004  0.004  0.004  0.004  0.003  0.003
03:34:46 849.49   15.7   33.8   1517    3.8    202    8.0    29.5  -0.1   0.82   4.46 1102.3     0.00   0.00    0.0  0.004  0.004  0.004  0.003  0.002  0.003
03:34:47 849.58   15.8   33.8   1516    3.8    204    8.0    29.5  -0.1   0.82   4.47 1103.3     0.00   0.00    0.0  0.004  0.004  0.004  0.004  0.003  0.003
03:34:48 849.43   15.7   33.9   1518    3.8    207    8.0    29.5  -0.1   0.82   4.47 1104.3     0.00   0.00    0.0  0.004  0.004  0.004  0.004  0.002  0.003
03:34:50 849.81   15.7   33.9   1514    3.6    203    8.0    29.5  -0.1   0.82   4.47 1106.3     0.00   0.00    0.0  0.004  0.004  0.004  0.004  0.002  0.003
03:34:51 849.71   15.7   33.8   1515    3.6    203    8.0    29.5  -0.1   0.82   4.46 1107.3     0.00   0.00    0.0  0.004  0.004  0.004  0.004  0.002  0.003
03:34:52 849.66   15.7   33.9   1516    3.5    204    8.0    29.5  -0.1   0.82   4.46 1108.3     0.00   0.00    0.0  0.004  0.004  0.004  0.004  0.002  0.003
03:34:53 849.92   15.8   33.8   1513    3.5    205    8.0    29.5  -0.1   0.82   4.46 1109.3     0.00   0.00    0.0  0.004  0.004  0.004  0.003  0.002  0.003
03:34:55 849.80   15.8   33.8   1514    3.3    204    8.0    29.5  -0.1   0.82   4.46 1111.3     0.00   0.00    0.0  0.004  0.004  0.004  0.004  0.003  0.003
03:34:56 850.01   15.8   33.8   1512    3.3    199    8.0    29.5  -0.1   0.82   4.47 1112.3     0.00   0.00    0.0  0.004  0.004  0.004  0.004  0.003  0.003
03:34:58 849.80   15.8   34.0   1514    3.2    205    8.0    29.5  -0.0   0.82   4.49 1114.3     0.00   0.00    0.0  0.004  0.004  0.004  0.004  0.003  0.003
03:34:59 850.04   15.8   34.0   1512    3.2    208    8.0    29.5  -0.0   0.82   4.50 1115.3     0.00   0.00    0.0  0.004  0.004  0.004  0.003  0.002  0.003
03:35:00 850.22   15.8   33.9   1510    3.2    204    8.0    29.5  -0.1   0.82   4.48 1116.3     0.00   0.00    0.0  0.004  0.004  0.004  0.004  0.003  0.003
03:35:01 849.92   15.7   34.0   1513    3.2    201    8.0    29.5  -0.1   0.82   4.48 1117.3     0.00   0.00    0.0  0.004  0.004  0.004  0.003  0.002  0.003
03:35:02 850.33   15.8   34.0   1509    3.1    198    8.0    29.5  -0.1   0.82   4.48 1118.3     0.00   0.00    0.0  0.004  0.004  0.004  0.003  0.002  0.003
03:35:03 850.04   15.8   34.0   1512    3.1    200    8.0    29.5  -0.0   0.82   4.49 1119.3     0.00   0.00    0.0  0.004  0.004  0.004  0.004  0.003  0.003
03:35:04 850.19   15.8   34.0   1510    3.0    201    8.0    29.5  -0.0   0.82   4.49 1120.3     0.00   0.00    0.0  0.004  0.004  0.004  0.004  0.003  0.003
03:35:05 850.26   15.8   34.0   1510    3.0    202    8.0    29.5  -0.0   0.82   4.50 1121.3     0.00   0.00    0.0  0.004  0.004  0.004  0.004  0.003  0.003
03:35:06 850.34   15.8   34.0   1509    3.0    205    8.0    29.5  -0.0   0.82   4.50 1122.3     0.00   0.00    0.0  0.004  0.004  0.004  0.004  0.003  0.003
03:35:09 850.37   15.8   34.0   1509    2.9    209    8.0    29.5  -0.0   0.82   4.50 1125.3     0.00   0.00    0.0  0.004  0.004  0.004  0.004  0.003  0.003
03:35:11 850.68   15.8   34.0   1505    2.8    205    8.0    29.5   0.0   0.82   4.50 1127.3     0.00   0.00    0.0  0.004  0.004  0.004  0.004  0.003  0.003
03:35:12 850.88   15.8   34.0   1503    2.7    208    8.0    29.5   0.0   0.82   4.50 1128.3     0.00   0.00    0.0  0.004  0.004  0.004  0.004  0.003  0.003
03:35:14 850.81   15.8   34.0   1504    2.7    205    8.0    29.5   0.0   0.82   4.51 1130.3     0.00   0.00    0.0  0.004  0.004  0.004  0.004  0.003  0.003
03:35:18 851.13   15.9   33.9   1501    2.6    209    8.0    29.5   0.0   0.82   4.50 1134.3     0.00   0.00    0.0  0.004  0.004  0.004  0.004  0.003  0.003
03:35:19 851.07   15.8   34.0   1502    2.6    216    8.0    29.5   0.0   0.82   4.50 1135.3     0.00   0.00    0.0  0.004  0.004  0.004  0.004  0.003  0.003
03:35:21 851.32   15.9   34.0   1499    2.6    219    8.0    29.5   0.1   0.82   4.52 1137.3     0.00   0.00    0.0  0.004  0.004  0.004  0.004  0.003  0.003
03:35:22 851.27   15.9   34.0   1500    2.7    214    8.0    29.5   0.1   0.82   4.52 1138.3     0.00   0.00    0.0  0.004  0.004  0.004  0.004  0.003  0.003
03:35:23 851.32   15.9   34.0   1499    2.7    212    8.0    29.5   0.1   0.82   4.52 1139.3     0.00   0.00    0.0  0.004  0.004  0.004  0.004  0.003  0.003
03:35:24 851.62   15.9   33.9   1496    2.7    212    8.0    29.5   0.1   0.82   4.52 1140.3     0.00   0.00    0.0  0.004  0.004  0.004  0.004  0.003  0.003
03:35:25 851.53   15.9   33.9   1497    2.8    212    8.0    29.5   0.1   0.82   4.51 1141.3     0.00   0.00    0.0  0.004  0.004  0.004  0.004  0.003  0.003
03:35:26 851.56   15.9   34.0   1497    2.8    211    8.0    29.5   0.1   0.82   4.51 1142.3     0.00   0.00    0.0  0.004  0.004  0.004  0.004  0.003  0.003
03:35:31 851.86   15.9   33.9   1494    2.9    212    8.0    29.5   0.1   0.82   4.52 1147.2     0.00   0.00    0.0  0.004  0.004  0.004  0.004  0.003  0.003
03:35:32 851.96   15.9   33.9   1493    3.0    209    8.0    29.5   0.1   0.82   4.52 1148.2     0.00   0.00    0.0  0.004  0.004  0.004  0.004  0.003  0.003
03:35:34 851.91   15.9   33.8   1493    3.0    212    8.0    29.5   0.0   0.82   4.51 1150.2     0.00   0.00    0.0  0.004  0.004  0.004  0.004  0.003  0.003
03:35:35 852.05   16.0   33.8   1492    3.0    210    8.0    29.5   0.1   0.82   4.51 1151.2     0.00   0.00    0.0  0.004  0.004  0.004  0.004  0.003  0.003
03:35:37 852.21   16.0   33.8   1490    3.1    210    8.0    29.5   0.1   0.82   4.52 1153.2     0.00   0.00    0.0  0.004  0.004  0.004  0.004  0.003  0.003
03:35:38 852.21   15.9   33.8   1490    3.1    208    8.0    29.5   0.0   0.82   4.50 1154.2     0.00   0.00    0.0  0.004  0.004  0.004  0.004  0.003  0.003
03:35:39 852.31   15.9   33.8   1489    3.2    208    8.0    29.4  -0.0   0.82   4.49 1155.2     0.00   0.00    0.0  0.004  0.004  0.004  0.004  0.003  0.003
03:35:40 852.06   16.0   33.8   1492    3.2    209    8.0    29.5   0.1   0.82   4.52 1156.2     0.00   0.00    0.0  0.004  0.004  0.004  0.004  0.003  0.003
03:35:41 852.10   16.0   33.8   1491    3.2    207    8.0    29.5   0.1   0.82   4.51 1157.2     0.00   0.00    0.0  0.004  0.004  0.004  0.004  0.003  0.004
03:35:43 852.28   16.0   33.8   1489    3.2    209    8.0    29.5   0.1   0.82   4.51 1159.2     0.00   0.00    0.0  0.004  0.004  0.004  0.004  0.003  0.003
03:35:44 852.35   16.0   33.7   1489    3.2    205    8.0    29.5   0.0   0.82   4.50 1160.2     0.00   0.00    0.0  0.004  0.004  0.004  0.004  0.003  0.003
03:35:45 852.50   16.0   33.8   1487    3.2    206    8.0    29.5   0.1   0.82   4.51 1161.2     0.00   0.00    0.0  0.004  0.004  0.004  0.004  0.003  0.003
03:35:46 852.41   16.0   33.7   1488    3.1    207    8.0    29.4   0.0   0.82   4.50 1162.2     0.00   0.00    0.0  0.004  0.004  0.004  0.004  0.003  0.003
03:35:48 852.63   16.0   33.7   1486    3.1    207    8.0    29.4   0.0   0.82   4.50 1164.2     0.00   0.00    0.0  0.004  0.004  0.004  0.004  0.003  0.003
03:35:49 852.83   16.0   33.7   1484    3.1    209    8.0    29.4   0.1   0.82   4.51 1165.2     0.00   0.00    0.0  0.004  0.004  0.004  0.004  0.003  0.004
03:35:50 852.64   16.0   33.8   1486    3.0    209    8.0    29.5   0.1   0.82   4.51 1166.2     0.00   0.00    0.0  0.004  0.004  0.004  0.004  0.003  0.003
03:35:52 852.78   16.0   33.8   1484    2.9    207    8.0    29.5   0.1   0.82   4.51 1168.2     0.00   0.00    0.0  0.004  0.004  0.004  0.004  0.003  0.004
03:35:53 852.79   16.0   33.8   1484    2.9    205    8.0    29.5   0.1   0.82   4.52 1169.2     0.00   0.00    0.0  0.004  0.004  0.004  0.004  0.003  0.003
03:35:54 852.89   16.0   33.8   1483    2.9    206    8.0    29.5   0.1   0.82   4.52 1170.2     0.00   0.00    0.0  0.004  0.004  0.004  0.004  0.003  0.003
03:35:56 853.00   16.0   33.8   1482    2.8    207    8.0    29.5   0.1   0.82   4.52 1172.2     0.00   0.00    0.0  0.004  0.004  0.004  0.004  0.003  0.003
03:35:59 853.31   16.1   33.7   1479    2.8    212    8.0    29.5   0.1   0.82   4.52 1175.2     0.00   0.00    0.0  0.004  0.004  0.004  0.004  0.003  0.004
03:36:00 853.40   16.1   33.7   1478    2.7    211    8.0    29.5   0.1   0.82   4.52 1176.2     0.00   0.00    0.0  0.004  0.004  0.004  0.004  0.003  0.004
03:36:01 853.23   16.0   33.7   1480    2.8    211    8.0    29.4   0.1   0.82   4.51 1177.2     0.00   0.00    0.0  0.004  0.004  0.004  0.004  0.003  0.003
03:36:02 853.35   16.1   33.7   1479    2.7    212    8.0    29.5   0.1   0.82   4.52 1178.2     0.00   0.00    0.0  0.004  0.004  0.004  0.004  0.003  0.003
03:36:03 853.44   16.0   33.7   1478    2.7    213    8.0    29.4   0.1   0.82   4.51 1179.2     0.00   0.00    0.0  0.004  0.004  0.004  0.004  0.003  0.004
03:36:04 853.59   16.1   33.7   1476    2.7    211    8.0    29.5   0.1   0.82   4.53 1180.2     0.00   0.00    0.0  0.004  0.004  0.004  0.004  0.003  0.003
03:36:05 853.50   16.1   33.7   1477    2.7    208    8.0    29.4   0.1   0.82   4.52 1181.2     0.00   0.00    0.0  0.004  0.004  0.004  0.004  0.003  0.003
03:36:07 853.84   16.1   33.7   1474    2.7    210    8.0    29.4   0.1   0.82   4.51 1183.2     0.00   0.00    0.0  0.004  0.004  0.004  0.004  0.003  0.003
03:36:08 853.86   16.1   33.7   1474    2.7    205    8.0    29.5   0.1   0.82   4.53 1184.2     0.00   0.00    0.0  0.004  0.004  0.004  0.004  0.003  0.004
03:36:09 853.98   16.1   33.6   1473    2.7    207    8.0    29.4   0.1   0.82   4.52 1185.2     0.00   0.00    0.0  0.004  0.004  0.004  0.004  0.003  0.003
03:36:10 853.92   16.1   33.7   1473    2.8    210    8.0    29.5   0.1   0.82   4.52 1186.2     0.00   0.00    0.0  0.004  0.004  0.004  0.004  0.003  0.004
03:36:12 853.80   16.1   33.6   1474    2.8    207    8.0    29.5   0.1   0.82   4.53 1188.2     0.00   0.00    0.0  0.004  0.004  0.004  0.004  0.003  0.004
03:36:13 854.14   16.1   33.6   1471    2.8    206    8.0    29.4   0.1   0.82   4.52 1189.2     0.00   0.00    0.0  0.004  0.004  0.004  0.004  0.003  0.004
03:36:14 854.04   16.1   33.6   1472    2.8    205    8.0    29.5   0.1   0.82   4.53 1190.2     0.00   0.00    0.0  0.004  0.004  0.004  0.004  0.003  0.004
03:36:16 854.46   16.2   33.6   1468    2.9    209    8.0    29.5   0.2   0.82   4.53 1192.2     0.00   0.00    0.0  0.004  0.004  0.004  0.004  0.003  0.004
03:36:18 854.30   16.2   33.5   1469    2.9    208    8.0    29.5   0.1   0.82   4.52 1194.2     0.00   0.00    0.0  0.004  0.004  0.004  0.004  0.003  0.004
03:36:19 854.49   16.1   33.5   1468    2.9    206    8.0    29.4   0.1   0.82   4.51 1195.2     0.00   0.00    0.0  0.004  0.004  0.004  0.004  0.003  0.004
03:36:20 854.44   16.2   33.6   1468    2.9    206    8.0    29.5   0.1   0.82   4.53 1196.2     0.00   0.00    0.0  0.004  0.004  0.004  0.004  0.003  0.004
03:36:21 854.50   16.2   33.6   1467    3.0    206    8.0    29.5   0.1   0.82   4.53 1197.2     0.00   0.00    0.0  0.004  0.004  0.004  0.004  0.003  0.004
03:36:22 854.43   16.2   33.5   1468    3.0    207    8.0    29.5   0.1   0.82   4.52 1198.2     0.00   0.00    0.0  0.004  0.004  0.004  0.004  0.003  0.004
03:36:25 854.61   16.1   33.5   1466    3.0    204    8.0    29.4   0.1   0.82   4.51 1201.2     0.00   0.00    0.0  0.004  0.004  0.004  0.004  0.003  0.004
03:36:26 854.81   16.2   33.5   1464    3.0    204    8.0    29.4   0.1   0.82   4.52 1202.2     0.00   0.00    0.0  0.004  0.004  0.004  0.004  0.003  0.004
03:36:27 854.72   16.2   33.5   1465    3.0    203    7.9    29.5   0.1   0.82   4.52 1203.2     0.00   0.00    0.0  0.004  0.004  0.004  0.004  0.003  0.004
03:36:28 854.87   16.2   33.5   1464    3.0    206    7.9    29.5   0.1   0.82   4.52 1204.2     0.00   0.00    0.0  0.004  0.004  0.004  0.004  0.003  0.004
03:36:29 854.78   16.2   33.5   1465    3.0    207    8.0    29.4   0.1   0.82   4.52 1205.2     0.00   0.00    0.0  0.004  0.004  0.004  0.004  0.003  0.004
03:36:30 854.81   16.2   33.5   1464    3.0    207    7.9    29.5   0.1   0.82   4.52 1206.2     0.00   0.00    0.0  0.004  0.004  0.004  0.004  0.003  0.004
03:36:33 855.00   16.2   33.4   1462    3.0    202    7.9    29.5   0.1   0.82   4.52 1209.2     0.00   0.00    0.0  0.004  0.004  0.004  0.004  0.003  0.004
03:36:34 855.13   16.2   33.4   1461    3.0    200    7.9    29.4   0.1   0.82   4.51 1210.2     0.00   0.00    0.0  0.004  0.004  0.004  0.004  0.003  0.004
03:36:35 855.36   16.2   33.4   1459    3.0    204    7.9    29.4   0.1   0.82   4.50 1211.2     0.00   0.00    0.0  0.004  0.004  0.004  0.004  0.003  0.004
03:36:36 855.30   16.2   33.4   1459    2.9    205    7.9    29.4   0.1   0.82   4.51 1212.2     0.00   0.00    0.0  0.004  0.004  0.004  0.004  0.003  0.004
03:36:37 855.47   16.2   33.4   1458    3.0    208    7.9    29.4   0.1   0.82   4.51 1213.2     0.00   0.00    0.0  0.004  0.004  0.004  0.004  0.003  0.004
03:36:38 855.33   16.2   33.4   1459    3.0    208    7.9    29.4   0.1   0.82   4.52 1214.2     0.00   0.00    0.0  0.004  0.004  0.004  0.004  0.003  0.004
03:36:39 855.32   16.3   33.4   1459    3.0    209    7.9    29.5   0.2   0.82   4.53 1215.2     0.00   0.00    0.0  0.004  0.004  0.004  0.004  0.003  0.004
03:36:41 855.24   16.2   33.4   1460    3.0    207    7.9    29.4   0.1   0.82   4.52 1217.2     0.00   0.00    0.0  0.004  0.004  0.004  0.004  0.003  0.004
03:36:43 855.47   16.2   33.4   1458    3.0    206    7.9    29.4   0.1   0.82   4.52 1219.2     0.00   0.00    0.0  0.004  0.004  0.004  0.004  0.003  0.004
03:36:45 855.45   16.2   33.4   1458    3.0    204    7.9    29.4   0.1   0.82   4.52 1221.2     0.00   0.00    0.0  0.004  0.004  0.004  0.004  0.003  0.004
03:36:46 855.94   16.3   33.4   1453    3.0    206    7.9    29.4   0.2   0.82   4.53 1222.2     0.00   0.00    0.0  0.004  0.004  0.004  0.004  0.003  0.004
03:36:47 855.99   16.2   33.4   1453    3.0    206    7.9    29.4   0.1   0.82   4.52 1223.2     0.00   0.00    0.0  0.004  0.004  0.004  0.004  0.003  0.004
03:36:48 855.98   16.3   33.3   1453    3.0    208    7.9    29.4   0.2   0.82   4.52 1224.2     0.00   0.00    0.0  0.004  0.004  0.004  0.004  0.003  0.004
03:36:49 855.93   16.3   33.4   1453    3.0    206    7.9    29.4   0.1   0.82   4.52 1225.2     0.00   0.00    0.0  0.004  0.004  0.004  0.004  0.003  0.004
03:36:50 855.99   16.3   33.4   1453    3.0    206    7.9    29.4   0.2   0.82   4.53 1226.2     0.00   0.00    0.0  0.004  0.004  0.004  0.004  0.003  0.004
03:36:51 856.02   16.3   33.3   1452    2.9    205    7.9    29.4   0.1   0.82   4.52 1227.2     0.00   0.00    0.0  0.004  0.004  0.004  0.004  0.003  0.004
03:36:53 855.98   16.3   33.3   1453    2.9    204    7.9    29.5   0.2   0.82   4.53 1229.2     0.00   0.00    0.0  0.004  0.004  0.004  0.004  0.003  0.004
03:36:54 855.92   16.3   33.3   1453    2.9    204    7.9    29.5   0.2   0.82   4.54 1230.2     0.00   0.00    0.0  0.004  0.004  0.004  0.004  0.003  0.004
03:36:56 856.04   16.3   33.3   1452    2.9    203    7.9    29.5   0.2   0.82   4.53 1232.2     0.00   0.00    0.0  0.004  0.004  0.004  0.004  0.003  0.004
03:36:57 856.35   16.3   33.3   1449    2.9    203    7.9    29.4   0.2   0.82   4.53 1233.2     0.00   0.00    0.0  0.004  0.004  0.004  0.004  0.003  0.004
03:36:58 856.17   16.3   33.3   1451    2.9    205    7.9    29.5   0.2   0.82   4.54 1234.2     0.00   0.00    0.0  0.004  0.004  0.004  0.004  0.003  0.004
03:37:00 856.51   16.3   33.3   1447    2.9    206    7.9    29.4   0.2   0.82   4.53 1236.2     0.00   0.00    0.0  0.004  0.004  0.004  0.004  0.003  0.004
03:37:01 856.55   16.3   33.3   1447    2.9    206    7.9    29.4   0.2   0.82   4.52 1237.2     0.00   0.00    0.0  0.004  0.004  0.004  0.004  0.003  0.004
03:37:02 856.36   16.4   33.3   1449    2.9    205    7.9    29.5   0.2   0.82   4.53 1238.2     0.00   0.00    0.0  0.004  0.004  0.004  0.004  0.003  0.004
03:37:03 856.70   16.3   33.3   1446    2.8    207    7.9    29.4   0.2   0.82   4.52 1239.2     0.00   0.00    0.0  0.004  0.004  0.004  0.004  0.003  0.004
03:37:04 856.77   16.4   33.3   1445    2.9    207    7.9    29.4   0.2   0.82   4.53 1240.2     0.00   0.00    0.0  0.004  0.004  0.004  0.004  0.003  0.004
03:37:05 856.87   16.4   33.2   1444    2.8    205    7.9    29.5   0.2   0.82   4.54 1241.2     0.00   0.00    0.0  0.004  0.004  0.004  0.004  0.003  0.004
03:37:06 856.58   16.4   33.3   1447    2.8    206    7.9    29.5   0.2   0.82   4.54 1242.2     0.00   0.00    0.0  0.004  0.004  0.004  0.004  0.003  0.004
03:37:07 856.84   16.4   33.3   1444    2.8    207    7.9    29.4   0.2   0.82   4.53 1243.2     0.00   0.00    0.0  0.004  0.004  0.004  0.004  0.003  0.004
03:37:08 856.76   16.4   33.2   1445    2.8    206    7.9    29.4   0.2   0.82   4.52 1244.2     0.00   0.00    0.0  0.004  0.004  0.004  0.004  0.003  0.004
03:37:09 856.96   16.4   33.3   1443    2.8    208    7.9    29.4   0.2   0.82   4.53 1245.2     0.00   0.00    0.0  0.004  0.004  0.004  0.004  0.003  0.004
03:37:11 856.97   16.4   33.2   1443    2.8    208    7.9    29.5   0.2   0.82   4.54 1247.1     0.00   0.00    0.0  0.004  0.004  0.004  0.004  0.003  0.004
03:37:12 857.19   16.4   33.3   1441    2.7    209    7.9    29.4   0.2   0.82   4.53 1248.1     0.00   0.00    0.0  0.004  0.004  0.004  0.004  0.003  0.004
03:37:14 857.13   16.4   33.2   1441    2.8    211    7.9    29.4   0.2   0.82   4.53 1250.1     0.00   0.00    0.0  0.004  0.004  0.004  0.004  0.003  0.004
03:37:15 857.32   16.4   33.2   1439    2.8    212    7.9    29.4   0.2   0.82   4.54 1251.1     0.00   0.00    0.0  0.004  0.004  0.004  0.004  0.003  0.004
03:37:16 857.50   16.4   33.2   1438    2.8    210    7.9    29.4   0.2   0.82   4.53 1252.1     0.00   0.00    0.0  0.004  0.004  0.004  0.004  0.003  0.004
03:37:17 857.68   16.4   33.2   1436    2.8    211    7.9    29.4   0.2   0.82   4.53 1253.1     0.00   0.00    0.0  0.004  0.004  0.004  0.004  0.003  0.004
03:37:18 857.53   16.4   33.2   1437    2.8    210    7.9    29.4   0.2   0.82   4.54 1254.1     0.00   0.00    0.0  0.004  0.004  0.004  0.004  0.003  0.004
03:37:19 857.23   16.4   33.2   1440    2.8    210    7.9    29.5   0.3   0.82   4.55 1255.1     0.00   0.00    0.0  0.004  0.004  0.004  0.004  0.003  0.004
03:37:20 857.47   16.4   33.2   1438    2.8    213    7.9    29.4   0.2   0.82   4.54 1256.1     0.00   0.00    0.0  0.004  0.004  0.004  0.004  0.003  0.004
03:37:21 857.52   16.4   33.2   1437    2.9    212    7.9    29.4   0.2   0.82   4.54 1257.1     0.00   0.00    0.0  0.004  0.004  0.004  0.004  0.003  0.004
03:37:24 858.01   16.5   33.2   1433    2.9    209    7.9    29.4   0.2   0.82   4.54 1260.1     0.00   0.00    0.0  0.004  0.004  0.004  0.004  0.003  0.004
03:37:25 857.75   16.5   33.1   1435    2.9    211    7.9    29.4   0.2   0.82   4.53 1261.1     0.00   0.00    0.0  0.004  0.004  0.004  0.004  0.003  0.004
03:37:27 858.20   16.5   33.1   1431    3.0    207    7.9    29.4   0.2   0.82   4.54 1263.1     0.00   0.00    0.0  0.004  0.004  0.004  0.004  0.003  0.004
03:37:28 858.16   16.5   33.1   1431    3.0    208    7.9    29.4   0.2   0.82   4.53 1264.1     0.00   0.00    0.0  0.004  0.004  0.004  0.004  0.003  0.004
03:37:29 857.99   16.5   33.1   1433    3.1    208    7.9    29.4   0.2   0.82   4.54 1265.1     0.00   0.00    0.0  0.004  0.004  0.004  0.004  0.003  0.004
03:37:30 857.91   16.5   33.1   1434    3.1    208    7.9    29.4   0.2   0.82   4.53 1266.1     0.00   0.00    0.0  0.004  0.004  0.004  0.004  0.003  0.004
03:37:31 858.01   16.5   33.1   1433    3.1    207    7.9    29.4   0.2   0.82   4.54 1267.1     0.00   0.00    0.0  0.004  0.004  0.004  0.004  0.003  0.004
03:37:32 858.22   16.5   33.1   1430    3.1    203    7.9    29.4   0.2   0.82   4.53 1268.1     0.00   0.00    0.0  0.004  0.004  0.004  0.004  0.003  0.004
03:37:33 858.22   16.5   33.1   1431    3.1    203    7.9    29.4   0.2   0.82   4.54 1269.1     0.00   0.00    0.0  0.004  0.005  0.004  0.004  0.003  0.004
03:37:34 858.20   16.5   33.1   1431    3.2    204    7.9    29.4   0.2   0.82   4.53 1270.1     0.00   0.00    0.0  0.004  0.004  0.004  0.004  0.003  0.004
03:37:35 858.50   16.5   33.0   1428    3.2    203    7.9    29.4   0.3   0.82   4.54 1271.1     0.00   0.00    0.0  0.004  0.004  0.004  0.004  0.003  0.004
03:37:36 858.73   16.5   33.0   1425    3.2    204    7.9    29.4   0.2   0.82   4.52 1272.1     0.00   0.00    0.0  0.004  0.004  0.004  0.004  0.003  0.004
03:37:37 858.59   16.5   33.0   1427    3.2    204    7.9    29.4   0.2   0.82   4.53 1273.1     0.00   0.00    0.0  0.004  0.004  0.004  0.004  0.003  0.004
03:37:38 858.70   16.5   33.0   1426    3.2    203    7.9    29.4   0.2   0.82   4.54 1274.1     0.00   0.00    0.0  0.004  0.004  0.004  0.004  0.003  0.004
03:37:39 858.62   16.5   33.0   1426    3.2    205    7.9    29.4   0.2   0.82   4.53 1275.1     0.00   0.00    0.0  0.004  0.004  0.004  0.004  0.003  0.004
03:37:40 858.78   16.5   33.0   1425    3.2    205    7.9    29.4   0.2   0.82   4.52 1276.1     0.00   0.00    0.0  0.004  0.004  0.004  0.004  0.003  0.004
03:37:41 858.56   16.6   33.0   1427    3.2    207    7.9    29.5   0.3   0.82   4.54 1277.1     0.00   0.00    0.0  0.004  0.005  0.004  0.004  0.003  0.004
03:37:42 858.75   16.6   33.0   1425    3.2    206    7.9    29.4   0.3   0.82   4.54 1278.1     0.00   0.00    0.0  0.004  0.005  0.004  0.004  0.003  0.004
03:37:44 858.63   16.5   32.9   1426    3.1    207    7.9    29.4   0.2   0.82   4.53 1280.1     0.00   0.00    0.0  0.004  0.004  0.004  0.004  0.003  0.004
03:37:45 858.99   16.5   33.0   1423    3.1    205    7.9    29.4   0.2   0.82   4.53 1281.1     0.00   0.00    0.0  0.004  0.004  0.004  0.004  0.003  0.004
03:37:46 858.94   16.5   32.9   1423    3.1    206    7.9    29.4   0.2   0.82   4.52 1282.1     0.00   0.00    0.0  0.004  0.004  0.004  0.004  0.003  0.004
03:37:47 859.09   16.5   32.9   1422    3.0    205    7.9    29.4   0.2   0.82   4.53 1283.1     0.00   0.00    0.0  0.004  0.004  0.004  0.004  0.003  0.004
03:37:48 858.95   16.6   33.0   1423    3.0    207    7.9    29.4   0.2   0.82   4.53 1284.1     0.00   0.00    0.0  0.004  0.004  0.004  0.004  0.003  0.004
03:37:51 859.43   16.6   32.9   1418    3.0    208    7.9    29.4   0.2   0.82   4.53 1287.1     0.00   0.00    0.0  0.004  0.004  0.004  0.004  0.003  0.004
03:37:52 859.01   16.5   32.9   1423    3.0    207    7.9    29.4   0.2   0.82   4.52 1288.1     0.00   0.00    0.0  0.004  0.004  0.004  0.004  0.003  0.004
03:37:53 859.43   16.6   32.9   1419    2.9    208    7.9    29.4   0.3   0.82   4.54 1289.1     0.00   0.00    0.0  0.004  0.005  0.004  0.004  0.003  0.004
03:37:54 859.39   16.5   32.9   1419    2.9    210    7.9    29.4   0.2   0.82   4.52 1290.1     0.00   0.00    0.0  0.004  0.004  0.004  0.004  0.003  0.004
03:37:55 859.19   16.6   32.9   1421    2.9    209    7.9    29.4   0.3   0.82   4.54 1291.1     0.00   0.00    0.0  0.004  0.004  0.004  0.004  0.003  0.004
03:37:57 859.75   16.6   32.9   1415    2.9    208    7.9    29.4   0.2   0.82   4.53 1293.1     0.00   0.00    0.0  0.004  0.004  0.004  0.004  0.003  0.004
03:37:58 859.69   16.6   32.9   1416    3.0    206    7.9    29.4   0.2   0.82   4.53 1294.1     0.00   0.00    0.0  0.004  0.004  0.004  0.004  0.003  0.004
03:37:59 859.71   16.6   32.9   1416    3.0    204    7.9    29.4   0.3   0.82   4.54 1295.1     0.00   0.00    0.0  0.004  0.004  0.004  0.004  0.003  0.004
03:38:00 859.84   16.6   32.8   1415    3.0    204    7.9    29.4   0.2   0.82   4.53 1296.1     0.00   0.00    0.0  0.004  0.004  0.004  0.004  0.003  0.004
03:38:01 859.81   16.6   32.9   1415    3.0    201    7.9    29.4   0.3   0.82   4.54 1297.1     0.00   0.00    0.0  0.004  0.005  0.004  0.004  0.003  0.004
03:38:04 859.85   16.6   32.8   1414    3.1    205    7.9    29.4   0.2   0.82   4.53 1300.1     0.00   0.00    0.0  0.004  0.004  0.004  0.004  0.003  0.004
03:38:06 859.94   16.6   32.8   1413    3.1    211    7.9    29.4   0.3   0.82   4.54 1302.1     0.00   0.00    0.0  0.004  0.004  0.004  0.004  0.003  0.004
03:38:07 860.05   16.6   32.8   1412    3.1    207    7.9    29.4   0.2   0.82   4.53 1303.1     0.00   0.00    0.0  0.004  0.005  0.004  0.004  0.003  0.004
03:38:08 859.96   16.6   32.9   1413    3.1    207    7.9    29.4   0.3   0.82   4.54 1304.1     0.00   0.00    0.0  0.004  0.004  0.004  0.004  0.003  0.004
03:38:09 860.20   16.7   32.8   1411    3.1    209    7.9    29.4   0.3   0.82   4.54 1305.1     0.00   0.00    0.0  0.004  0.005  0.004  0.004  0.003  0.004
03:38:11 860.34   16.7   32.8   1410    3.1    207    7.9    29.4   0.3   0.82   4.54 1307.1     0.00   0.00    0.0  0.004  0.005  0.004  0.004  0.003  0.004
03:38:12 860.27   16.6   32.8   1410    3.1    207    7.9    29.4   0.2   0.82   4.53 1308.1     0.00   0.00    0.0  0.004  0.005  0.004  0.004  0.003  0.004
03:38:14 860.51   16.7   32.8   1408    3.1    206    7.9    29.4   0.2   0.82   4.53 1310.1     0.00   0.00    0.0  0.004  0.005  0.004  0.004  0.003  0.004
03:38:16 860.63   16.7   32.7   1407    3.2    204    7.9    29.4   0.3   0.82   4.54 1312.1     0.00   0.00    0.0  0.004  0.005  0.004  0.004  0.003  0.004
03:38:17 860.64   16.6   32.8   1407    3.2    205    7.9    29.3   0.2   0.82   4.52 1313.1     0.00   0.00    0.0  0.004  0.005  0.004  0.004  0.003  0.004
03:38:18 860.82   16.7   32.8   1405    3.2    202    7.9    29.3   0.2   0.82   4.52 1314.1     0.00   0.00    0.0  0.004  0.005  0.004  0.004  0.003  0.004
03:38:22 860.97   16.7   32.7   1403    3.2    203    7.9    29.4   0.3   0.82   4.54 1318.1     0.00   0.00    0.0  0.004  0.005  0.004  0.004  0.003  0.004
03:38:23 860.94   16.7   32.7   1404    3.2    203    7.9    29.4   0.3   0.82   4.53 1319.1     0.00   0.00    0.0  0.004  0.005  0.004  0.004  0.003  0.004
03:38:25 861.09   16.8   32.6   1402    3.1    202    7.9    29.4   0.3   0.82   4.54 1321.1     0.00   0.00    0.0  0.004  0.005  0.004  0.004  0.003  0.004
03:38:26 861.08   16.7   32.6   1402    3.1    203    7.9    29.4   0.2   0.82   4.52 1322.1     0.00   0.00    0.0  0.004  0.005  0.004  0.004  0.003  0.004
03:38:27 861.05   16.7   32.7   1402    3.0    203    7.9    29.4   0.2   0.82   4.53 1323.1     0.00   0.00    0.0  0.004  0.004  0.004  0.004  0.003  0.004
03:38:29 861.35   16.8   32.6   1400    3.0    204    7.9    29.4   0.3   0.82   4.53 1325.1     0.00   0.00    0.0  0.004  0.005  0.004  0.004  0.003  0.004
03:38:30 861.43   16.7   32.7   1399    3.0    206    7.9    29.3   0.3   0.82   4.53 1326.1     0.00   0.00    0.0  0.004  0.005  0.004  0.004  0.003  0.004
03:38:31 861.58   16.8   32.6   1397    3.0    206    7.9    29.4   0.3   0.82   4.53 1327.1     0.00   0.00    0.0  0.004  0.005  0.004  0.004  0.003  0.004
03:38:32 861.42   16.7   32.7   1399    3.0    204    7.9    29.4   0.3   0.82   4.53 1328.1     0.00   0.00    0.0  0.004  0.004  0.004  0.004  0.003  0.004
03:38:34 861.33   16.7   32.7   1400    3.0    204    7.9    29.4   0.3   0.82   4.53 1330.1     0.00   0.00    0.0  0.004  0.005  0.004  0.004  0.003  0.004
03:38:36 861.64   16.8   32.6   1397    3.0    207    7.9    29.4   0.3   0.82   4.54 1332.1     0.00   0.00    0.0  0.004  0.005  0.004  0.004  0.003  0.004
03:38:37 861.69   16.8   32.6   1396    3.0    205    7.9    29.4   0.3   0.82   4.54 1333.1     0.00   0.00    0.0  0.004  0.005  0.004  0.004  0.003  0.004
03:38:38 861.85   16.8   32.6   1395    3.0    206    7.9    29.4   0.3   0.82   4.54 1334.1     0.00   0.00    0.0  0.004  0.005  0.004  0.004  0.003  0.004
03:38:39 861.75   16.8   32.6   1396    3.0    205    7.9    29.4   0.3   0.82   4.54 1335.1     0.00   0.00    0.0  0.004  0.005  0.004  0.004  0.003  0.004
03:38:41 861.99   16.8   32.6   1393    3.0    208    7.9    29.4   0.3   0.82   4.54 1337.1     0.00   0.00    0.0  0.004  0.005  0.004  0.004  0.003  0.004
03:38:42 862.02   16.8   32.6   1393    3.1    209    7.9    29.4   0.3   0.82   4.54 1338.1     0.00   0.00    0.0  0.004  0.005  0.004  0.004  0.003  0.004
03:38:43 862.10   16.8   32.6   1392    3.1    208    7.9    29.4   0.3   0.82   4.54 1339.1     0.00   0.00    0.0  0.004  0.005  0.004  0.004  0.003  0.004
03:38:44 861.96   16.8   32.6   1394    3.1    207    7.9    29.4   0.3   0.82   4.53 1340.1     0.00   0.00    0.0  0.004  0.005  0.004  0.004  0.003  0.004
03:38:45 862.20   16.8   32.6   1391    3.1    207    7.9    29.3   0.3   0.82   4.54 1341.1     0.00   0.00    0.0  0.004  0.005  0.004  0.004  0.003  0.004
03:38:46 862.37   16.8   32.5   1390    3.2    205    7.9    29.4   0.3   0.82   4.54 1342.1     0.00   0.00    0.0  0.004  0.005  0.004  0.004  0.003  0.004
03:38:48 862.35   16.8   32.6   1390    3.2    206    7.9    29.4   0.3   0.82   4.55 1344.1     0.00   0.00    0.0  0.004  0.005  0.004  0.004  0.003  0.004
03:38:49 862.16   16.8   32.6   1392    3.2    204    7.9    29.4   0.3   0.82   4.55 1345.1     0.00   0.00    0.0  0.004  0.005  0.004  0.004  0.003  0.004
03:38:50 862.42   16.8   32.6   1389    3.2    205    7.9    29.4   0.3   0.82   4.54 1346.1     0.00   0.00    0.0  0.004  0.005  0.004  0.004  0.003  0.004
03:38:51 862.36   16.8   32.6   1390    3.2    204    7.9    29.4   0.3   0.82   4.54 1347.1     0.00   0.00    0.0  0.004  0.005  0.004  0.004  0.003  0.004
03:38:55 862.69   16.9   32.5   1386    3.2    199    7.9    29.4   0.3   0.82   4.53 1351.0     0.00   0.00    0.0  0.004  0.005  0.004  0.004  0.003  0.004
03:38:56 862.78   16.9   32.5   1385    3.2    199    7.9    29.4   0.3   0.82   4.54 1352.0     0.00   0.00    0.0  0.004  0.005  0.004  0.004  0.003  0.004
03:38:57 862.80   16.8   32.5   1385    3.2    200    7.9    29.3   0.3   0.82   4.53 1353.0     0.00   0.00    0.0  0.004  0.005  0.004  0.004  0.003  0.004
03:39:00 862.97   16.9   32.5   1384    3.2    202    7.9    29.4   0.3   0.82   4.54 1356.0     0.00   0.00    0.0  0.004  0.005  0.004  0.004  0.003  0.004
03:39:01 862.84   16.9   32.4   1385    3.2    202    7.9    29.4   0.3   0.82   4.53 1357.0     0.00   0.00    0.0  0.004  0.005  0.004  0.004  0.003  0.004
03:39:02 862.96   16.8   32.4   1384    3.1    203    7.9    29.3   0.2   0.82   4.51 1358.0     0.00   0.00    0.0  0.004  0.005  0.004  0.004  0.003  0.004
03:39:03 863.08   16.9   32.3   1382    3.1    203    7.8    29.3   0.3   0.82   4.52 1359.0     0.00   0.00    0.0  0.004  0.005  0.004  0.004  0.003  0.004
03:39:05 863.13   16.9   32.4   1382    3.1    205    7.8    29.3   0.3   0.82   4.52 1361.0     0.00   0.00    0.0  0.004  0.005  0.004  0.004  0.003  0.004
03:39:06 863.42   16.9   32.3   1379    3.1    206    7.8    29.3   0.3   0.82   4.52 1362.0     0.00   0.00    0.0  0.004  0.005  0.004  0.004  0.003  0.004
03:39:07 863.36   16.9   32.4   1380    3.1    206    7.9    29.3   0.3   0.82   4.52 1363.0     0.00   0.00    0.0  0.004  0.005  0.004  0.004  0.003  0.004
03:39:09 863.43   16.9   32.3   1379    3.1    206    7.8    29.3   0.3   0.82   4.52 1365.0     0.00   0.00    0.0  0.004  0.005  0.004  0.004  0.003  0.004
03:39:12 863.53   16.9   32.3   1378    3.2    205    7.8    29.3   0.3   0.82   4.52 1368.0     0.00   0.00    0.0  0.004  0.005  0.004  0.004  0.003  0.004
03:39:13 863.57   16.9   32.3   1378    3.1    204    7.8    29.3   0.3   0.82   4.53 1369.0     0.00   0.00    0.0  0.004  0.005  0.004  0.004  0.003  0.004
03:39:14 863.57   16.9   32.4   1378    3.2    205    7.8    29.3   0.3   0.82   4.52 1370.0     0.00   0.00    0.0  0.004  0.005  0.004  0.004  0.003  0.004
03:39:15 863.76   16.9   32.3   1376    3.2    203    7.8    29.3   0.3   0.82   4.52 1371.0     0.00   0.00    0.0  0.004  0.005  0.004  0.004  0.003  0.004
03:39:17 863.89   16.9   32.3   1374    3.2    203    7.8    29.3   0.3   0.82   4.52 1373.0     0.00   0.00    0.0  0.004  0.005  0.004  0.004  0.003  0.004
03:39:18 863.87   16.9   32.3   1375    3.2    202    7.8    29.3   0.3   0.82   4.53 1374.0     0.00   0.00    0.0  0.004  0.005  0.004  0.004  0.003  0.004
03:39:19 863.71   16.9   32.4   1376    3.2    203    7.8    29.3   0.3   0.82   4.53 1375.0     0.00   0.00    0.0  0.004  0.005  0.004  0.004  0.003  0.004
03:39:20 864.11   16.9   32.3   1372    3.2    202    7.8    29.3   0.3   0.82   4.53 1376.0     0.00   0.00    0.0  0.004  0.005  0.004  0.004  0.003  0.004
03:39:21 863.94   16.9   32.3   1374    3.2    202    7.8    29.3   0.3   0.82   4.53 1377.0     0.00   0.00    0.0  0.004  0.005  0.004  0.004  0.003  0.004
03:39:24 864.30   17.0   32.3   1370    3.2    201    7.8    29.3   0.3   0.82   4.54 1380.0     0.00   0.00    0.0  0.004  0.005  0.004  0.004  0.003  0.004
03:39:25 864.09   16.9   32.3   1372    3.3    200    7.8    29.3   0.3   0.82   4.53 1381.0     0.00   0.00    0.0  0.004  0.005  0.004  0.004  0.003  0.004
03:39:26 864.17   17.0   32.3   1372    3.3    201    7.8    29.3   0.3   0.82   4.53 1382.0     0.00   0.00    0.0  0.004  0.005  0.004  0.004  0.003  0.004
03:39:27 864.46   17.0   32.3   1369    3.2    201    7.8    29.3   0.3   0.82   4.53 1383.0     0.00   0.00    0.0  0.004  0.005  0.004  0.004  0.003  0.004
03:39:28 864.33   17.0   32.3   1370    3.2    200    7.8    29.3   0.3   0.82   4.53 1384.0     0.00   0.00    0.0  0.004  0.005  0.004  0.004  0.003  0.004
03:39:30 864.61   16.9   32.3   1367    3.2    201    7.8    29.2   0.3   0.82   4.52 1386.0     0.00   0.00    0.0  0.004  0.005  0.004  0.004  0.003  0.004
03:39:32 864.73   17.0   32.3   1366    3.2    202    7.8    29.3   0.3   0.82   4.53 1388.0     0.00   0.00    0.0  0.004  0.005  0.004  0.004  0.003  0.004
03:39:33 864.71   17.0   32.2   1366    3.2    202    7.8    29.3   0.3   0.82   4.53 1389.0     0.00   0.00    0.0  0.004  0.005  0.004  0.004  0.003  0.004
03:39:35 864.97   17.0   32.3   1364    3.2    203    7.8    29.3   0.3   0.82   4.54 1391.0     0.00   0.00    0.0  0.004  0.005  0.004  0.004  0.003  0.004
03:39:36 865.07   17.0   32.3   1363    3.2    204    7.8    29.3   0.4   0.82   4.54 1392.0     0.00   0.00    0.0  0.004  0.005  0.004  0.004  0.003  0.004
03:39:37 864.78   17.0   32.3   1366    3.2    205    7.8    29.3   0.3   0.82   4.53 1393.0     0.00   0.00    0.0  0.004  0.005  0.004  0.004  0.003  0.004
03:39:38 865.24   17.0   32.3   1361    3.1    205    7.8    29.3   0.4   0.82   4.54 1394.0     0.00   0.00    0.0  0.004  0.005  0.004  0.004  0.003  0.004
03:39:39 865.28   17.0   32.2   1361    3.1    204    7.8    29.3   0.3   0.82   4.54 1395.0     0.00   0.00    0.0  0.004  0.005  0.004  0.004  0.003  0.004
03:39:42 865.33   17.0   32.2   1360    3.2    205    7.8    29.3   0.4   0.82   4.54 1398.0     0.00   0.00    0.0  0.004  0.005  0.004  0.004  0.003  0.004
03:39:43 865.17   17.0   32.2   1362    3.1    204    7.8    29.3   0.3   0.82   4.53 1399.0     0.00   0.00    0.0  0.004  0.005  0.004  0.004  0.003  0.004
03:39:44 865.49   17.0   32.2   1359    3.2    204    7.8    29.2   0.3   0.82   4.53 1400.0     0.00   0.00    0.0  0.004  0.005  0.004  0.004  0.003  0.004
03:39:45 865.33   17.0   32.3   1360    3.2    204    7.8    29.3   0.4   0.82   4.54 1401.0     0.00   0.00    0.0  0.004  0.005  0.004  0.004  0.003  0.004
03:39:46 865.42   17.0   32.2   1359    3.2    203    7.8    29.3   0.4   0.82   4.54 1402.0     0.00   0.00    0.0  0.004  0.005  0.004  0.004  0.003  0.004
03:39:47 865.66   17.0   32.2   1357    3.2    202    7.8    29.2   0.3   0.82   4.53 1403.0     0.00   0.00    0.0  0.004  0.005  0.004  0.004  0.003  0.004
03:39:48 865.61   17.0   32.2   1358    3.2    202    7.8    29.2   0.3   0.82   4.53 1404.0     0.00   0.00    0.0  0.004  0.005  0.004  0.004  0.003  0.004
03:39:49 865.54   17.0   32.3   1358    3.2    201    7.8    29.2   0.3   0.82   4.53 1405.0     0.00   0.00    0.0  0.004  0.005  0.004  0.004  0.003  0.004
03:39:50 865.74   17.1   32.2   1356    3.2    202    7.8    29.3   0.4   0.82   4.54 1406.0     0.00   0.00    0.0  0.004  0.005  0.004  0.004  0.003  0.004
03:39:51 865.87   17.0   32.2   1355    3.2    203    7.8    29.2   0.3   0.82   4.53 1407.0     0.00   0.00    0.0  0.004  0.005  0.004  0.004  0.003  0.004
03:39:52 865.66   17.0   32.2   1357    3.3    203    7.8    29.2   0.3   0.82   4.53 1408.0     0.00   0.00    0.0  0.004  0.005  0.004  0.004  0.003  0.004
03:39:54 865.96   17.1   32.2   1354    3.3    204    7.8    29.2   0.4   0.82   4.54 1410.0     0.00   0.00    0.0  0.004  0.005  0.004  0.004  0.003  0.004
03:39:55 865.92   17.1   32.2   1355    3.2    203    7.8    29.3   0.4   0.82   4.54 1411.0     0.00   0.00    0.0  0.004  0.005  0.004  0.004  0.003  0.004
03:39:58 866.09   17.1   32.2   1353    3.2    204    7.8    29.2   0.4   0.82   4.54 1414.0     0.00   0.00    0.0  0.004  0.005  0.004  0.004  0.003  0.004
03:39:59 866.42   17.1   32.2   1350    3.2    204    7.8    29.2   0.4   0.82   4.53 1415.0     0.00   0.00    0.0  0.004  0.005  0.004  0.004  0.003  0.004
03:40:00 866.35   17.1   32.2   1350    3.2    204    7.8    29.2   0.3   0.82   4.53 1416.0     0.00   0.00    0.0  0.004  0.005  0.004  0.004  0.003  0.004
03:40:02 866.34   17.0   32.2   1350    3.2    206    7.8    29.2   0.4   0.82   4.53 1418.0     0.00   0.00    0.0  0.004  0.005  0.004  0.004  0.003  0.004
03:40:03 866.39   17.0   32.2   1350    3.2    206    7.8    29.2   0.3   0.82   4.53 1419.0     0.00   0.00    0.0  0.004  0.005  0.004  0.004  0.003  0.004
03:40:08 866.72   16.9   32.6   1347    3.3    214    7.8    29.0   0.4   0.82   4.55 1424.0     0.00   0.00    0.0  0.005  0.005  0.004  0.004  0.003  0.004
03:40:09 866.63   17.0   32.6   1348    3.3    208    7.8    29.1   0.4   0.82   4.56 1425.0     0.00   0.00    0.0  0.004  0.005  0.004  0.004  0.003  0.004
03:40:12 866.75   16.9   32.8   1346    3.2    216    7.8    29.0   0.5   0.82   4.57 1428.0     0.00   0.00    0.0  0.004  0.005  0.004  0.004  0.003  0.004
03:40:13 866.94   16.9   32.8   1344    3.2    212    7.8    29.0   0.4   0.82   4.56 1429.0     0.00   0.00    0.0  0.004  0.005  0.004  0.004  0.003  0.004
03:40:15 866.92   16.9   32.9   1345    3.1    219    7.8    28.9   0.5   0.82   4.58 1431.0     0.00   0.00    0.0  0.004  0.005  0.004  0.004  0.003  0.004
03:40:16 866.98   16.9   32.9   1344    3.2    217    7.8    29.0   0.5   0.82   4.58 1432.0     0.00   0.00    0.0  0.004  0.005  0.004  0.004  0.003  0.004
03:40:17 867.07   16.9   33.0   1343    3.1    217    7.8    28.9   0.5   0.82   4.58 1433.0     0.00   0.00    0.0  0.004  0.005  0.004  0.004  0.003  0.004
03:40:19 867.35   16.9   32.9   1340    3.1    220    7.8    28.9   0.5   0.82   4.58 1435.0     0.00   0.00    0.0  0.004  0.005  0.004  0.004  0.003  0.004
03:40:20 867.33   16.9   32.9   1341    3.2    221    7.8    28.9   0.5   0.82   4.58 1436.0     0.00   0.00    0.0  0.004  0.005  0.004  0.004  0.003  0.004
03:40:21 867.36   16.9   32.9   1340    3.2    223    7.8    29.0   0.5   0.82   4.59 1437.0     0.00   0.00    0.0  0.004  0.005  0.004  0.004  0.003  0.004
03:40:23 867.54   16.9   32.9   1339    3.2    218    7.8    28.9   0.5   0.82   4.59 1439.0     0.00   0.00    0.0  0.004  0.005  0.004  0.004  0.003  0.004
03:40:25 867.62   16.9   33.0   1338    3.1    214    7.8    28.9   0.6   0.82   4.60 1441.0     0.00   0.00    0.0  0.004  0.005  0.005  0.004  0.003  0.004
03:40:29 867.82   16.8   33.6   1336    3.1    224    7.8    28.8   0.7   0.82   4.66 1445.0     0.00   0.00    0.0  0.004  0.005  0.004  0.004  0.003  0.004
03:40:31 867.93   16.8   33.6   1335    3.1    226    7.8    28.8   0.8   0.82   4.66 1447.0     0.00   0.00    0.0  0.004  0.005  0.004  0.004  0.003  0.004
03:40:32 868.06   16.8   33.6   1333    3.2    224    7.8    28.8   0.8   0.82   4.67 1448.0     0.00   0.00    0.0  0.004  0.005  0.004  0.004  0.003  0.004
03:40:33 867.92   16.9   33.6   1335    3.2    226    7.8    28.8   0.8   0.82   4.66 1448.9     0.00   0.00    0.0  0.005  0.005  0.004  0.004  0.003  0.004
03:40:34 868.17   16.8   33.6   1332    3.2    225    7.8    28.8   0.7   0.82   4.65 1449.9     0.00   0.00    0.0  0.004  0.005  0.005  0.004  0.003  0.004
03:40:36 868.26   16.8   33.7   1332    3.1    232    7.8    28.8   0.8   0.82   4.67 1451.9     0.00   0.00    0.0  0.004  0.005  0.004  0.004  0.003  0.004
03:40:37 868.33   16.9   33.5   1331    3.1    231    7.8    28.8   0.8   0.82   4.66 1452.9     0.00   0.00    0.0  0.005  0.005  0.004  0.004  0.003  0.004
03:40:38 868.40   16.8   33.8   1330    3.1    232    7.8    28.7   0.8   0.82   4.67 1453.9     0.00   0.00    0.0  0.004  0.005  0.005  0.004  0.003  0.004
03:40:40 868.44   16.8   33.7   1330    3.0    235    7.8    28.8   0.8   0.82   4.67 1455.9     0.00   0.00    0.0  0.004  0.005  0.004  0.004  0.003  0.004
03:40:41 868.62   16.9   33.4   1328    3.0    232    7.8    28.8   0.7   0.82   4.65 1456.9     0.00   0.00    0.0  0.004  0.005  0.004  0.004  0.003  0.004
03:40:42 868.66   16.9   33.6   1328    3.0    232    7.8    28.8   0.8   0.82   4.68 1457.9     0.00   0.00    0.0  0.005  0.005  0.004  0.004  0.003  0.004
03:40:43 868.75   16.8   33.7   1327    3.0    234    7.8    28.7   0.8   0.82   4.68 1458.9     0.00   0.00    0.0  0.004  0.005  0.004  0.004  0.003  0.004
03:40:44 868.52   16.8   33.9   1329    3.0    231    7.8    28.7   0.8   0.82   4.68 1459.9     0.00   0.00    0.0  0.005  0.005  0.005  0.004  0.003  0.004
03:40:45 868.90   16.8   34.1   1325    2.9    233    7.8    28.7   0.9   0.83   4.72 1460.9     0.00   0.00    0.0  0.004  0.005  0.004  0.004  0.003  0.004
03:40:46 868.63   16.8   34.2   1328    2.9    233    7.8    28.7   1.0   0.83   4.73 1461.9     0.00   0.00    0.0  0.004  0.005  0.005  0.004  0.003  0.004
03:40:47 868.87   16.7   34.3   1326    2.9    229    7.8    28.6   0.9   0.83   4.72 1462.9     0.00   0.00    0.0  0.005  0.005  0.005  0.004  0.003  0.004
03:40:48 868.80   16.7   34.4   1326    2.9    225    7.8    28.6   1.0   0.83   4.72 1463.9     0.00   0.00    0.0  0.005  0.005  0.004  0.004  0.003  0.004
03:40:49 869.02   16.7   34.4   1324    2.9    222    7.8    28.6   1.0   0.83   4.72 1464.9     0.00   0.00    0.0  0.004  0.005  0.005  0.004  0.003  0.004
03:40:50 869.08   16.7   34.4   1323    2.9    224    7.8    28.6   1.0   0.83   4.74 1465.9     0.00   0.00    0.0  0.004  0.005  0.005  0.004  0.003  0.004
03:40:51 869.08   16.7   34.5   1323    3.0    225    7.8    28.6   1.0   0.83   4.73 1466.9     0.00   0.00    0.0  0.004  0.005  0.005  0.004  0.003  0.004
03:40:52 869.00   16.7   34.6   1324    2.9    228    7.8    28.5   1.0   0.83   4.74 1467.9     0.00   0.00    0.0  0.004  0.005  0.005  0.004  0.003  0.004
03:40:56 869.34   16.6   35.2   1321    2.9    228    7.8    28.4   1.2   0.83   4.80 1471.9     0.00   0.00    0.0  0.004  0.005  0.005  0.004  0.003  0.004
03:41:00 869.56   16.1   36.2   1319    2.7    237    7.8    27.9   1.1   0.83   4.78 1475.9     0.00   0.00    0.0  0.005  0.005  0.005  0.004  0.003  0.004
03:41:05 869.67   15.3   39.4   1318    2.6    237    7.8    27.0   1.6   0.83   4.95 1480.9     0.00   0.00    0.0  0.005  0.005  0.005  0.004  0.003  0.004
03:41:06 869.86   15.2   40.2   1316    2.5    239    7.8    27.0   1.8   0.83   5.02 1481.9     0.00   0.00    0.0  0.005  0.005  0.005  0.004  0.003  0.004
03:41:07 869.81   15.1   40.7   1316    2.5    238    7.8    26.8   1.9   0.83   5.05 1482.9     0.00   0.00    0.0  0.004  0.005  0.005  0.004  0.003  0.004
03:41:09 870.26   14.9   42.4   1312    2.4    240    7.8    26.6   2.3   0.84   5.19 1484.9     0.00   0.00    0.0  0.005  0.005  0.005  0.004  0.003  0.004
03:41:10 870.06   14.6   43.2   1314    2.1    243    7.8    26.3   2.3   0.84   5.19 1485.9     0.00   0.00    0.0  0.004  0.005  0.005  0.004  0.003  0.004
03:41:11 870.13   14.4   43.8   1313    2.1    240    7.8    26.1   2.3   0.84   5.20 1486.9     0.00   0.00    0.0  0.005  0.005  0.005  0.004  0.003  0.004
03:41:13 870.41   14.0   44.8   1310    1.8    216    7.8    25.6   2.2   0.84   5.15 1488.9     0.00   0.00    0.0  0.005  0.005  0.005  0.004  0.003  0.004
03:41:15 870.23   14.0   45.5   1312    1.6    206    7.8    25.6   2.4   0.84   5.23 1490.9     0.00   0.00    0.0  0.005  0.005  0.005  0.004  0.003  0.004
03:41:16 870.22   13.8   45.9   1312    1.4    206    7.8    25.4   2.3   0.84   5.21 1491.9     0.00   0.00    0.0  0.005  0.005  0.005  0.004  0.003  0.004
03:41:18 870.46   13.6   46.6   1310    1.2    202    7.8    25.2   2.4   0.84   5.23 1493.9     0.00   0.00    0.0  0.004  0.005  0.005  0.004  0.003  0.004
03:41:19 870.37   13.5   47.0   1311    1.2    200    7.8    25.1   2.4   0.84   5.23 1494.9     0.00   0.00    0.0  0.005  0.005  0.005  0.004  0.003  0.004
03:41:20 870.52   13.5   47.4   1309    1.1    200    7.8    25.0   2.5   0.84   5.27 1495.9     0.00   0.00    0.0  0.005  0.005  0.005  0.004  0.003  0.004
03:41:21 870.28   13.4   47.7   1312    1.0    201    7.8    25.0   2.5   0.84   5.28 1496.9     0.00   0.00    0.0  0.005  0.005  0.005  0.004  0.003  0.004
03:41:22 870.17   13.3   47.9   1313    1.1    205    7.8    24.9   2.5   0.84   5.28 1497.9     0.00   0.00    0.0  0.004  0.005  0.005  0.004  0.003  0.004
03:41:23 870.49   13.1   48.5   1310    1.0    202    7.8    24.7   2.5   0.84   5.28 1498.9     0.00   0.00    0.0  0.005  0.005  0.005  0.004  0.003  0.004
03:41:24 870.18   13.2   48.6   1313    1.0    201    7.8    24.9   2.7   0.84   5.34 1499.9     0.00   0.00    0.0  0.005  0.005  0.005  0.004  0.003  0.004
03:41:25 870.34   13.2   48.8   1311    1.0    201    7.8    24.8   2.7   0.84   5.36 1500.9     0.00   0.00    0.0  0.005  0.005  0.005  0.004  0.003  0.004
03:41:27 870.12   13.2   49.2   1313    0.9    194    7.8    24.8   2.8   0.84   5.38 1502.9     0.00   0.00    0.0  0.005  0.005  0.005  0.004  0.003  0.004
03:41:28 870.33   13.0   49.8   1311    0.9    192    7.8    24.6   2.8   0.84   5.38 1503.9     0.00   0.00    0.0  0.005  0.005  0.005  0.004  0.003  0.004
03:41:29 870.20   13.0   49.9   1313    0.9    188    7.8    24.6   2.8   0.84   5.40 1504.9     0.00   0.00    0.0  0.004  0.005  0.005  0.004  0.003  0.004
03:41:30 870.40   13.1   49.9   1311    0.9    183    7.8    24.7   2.9   0.84   5.42 1505.9     0.00   0.00    0.0  0.004  0.005  0.005  0.004  0.003  0.004
03:41:31 870.43   12.8   50.1   1310    0.8    179    7.8    24.4   2.7   0.84   5.35 1506.9     0.00   0.00    0.0  0.004  0.005  0.005  0.004  0.003  0.004
03:41:57 870.59   12.6   52.9   1309   38.5    203    7.9    24.1   3.3   0.85   5.57 1533.0     0.00   0.00    0.0  0.004  0.005  0.004  0.004  0.003  0.004
03:42:00 870.47   12.9   52.9   1310    0.7    194    7.9    24.4   3.5   0.85   5.66 1536.0     0.00   0.00    0.0  0.004  0.005  0.004  0.004  0.003  0.004
03:42:01 870.39   12.8   53.0   1311    0.8    188    7.9    24.3   3.5   0.85   5.65 1537.0     0.00   0.00    0.0  0.004  0.005  0.004  0.004  0.003  0.004
03:42:02 870.52   13.0   52.7   1309    0.8    186    7.9    24.6   3.6   0.85   5.69 1538.0     0.00   0.00    0.0  0.004  0.005  0.004  0.004  0.003  0.004
03:42:03 870.40   12.9   53.0   1311    0.8    188    7.9    24.5   3.6   0.85   5.70 1539.0     0.00   0.00    0.0  0.004  0.005  0.004  0.004  0.003  0.004
03:42:05 870.38   12.9   53.2   1311    0.8    182    7.9    24.4   3.6   0.85   5.69 1541.0     0.00   0.00    0.0  0.005  0.005  0.004  0.004  0.003  0.004
03:42:06 870.41   12.9   53.1   1311    0.8    180    7.8    24.4   3.5   0.85   5.68 1542.0     0.00   0.00    0.0  0.004  0.005  0.004  0.004  0.003  0.004
03:42:09 870.45   12.6   53.7   1310    0.8    178    7.8    24.1   3.5   0.85   5.65 1545.0     0.00   0.00    0.0  0.004  0.005  0.005  0.004  0.003  0.004
03:42:10 870.46   12.7   53.8   1310    0.8    180    7.8    24.2   3.6   0.85   5.68 1546.0     0.00   0.00    0.0  0.004  0.005  0.005  0.004  0.003  0.004
03:42:11 870.19   12.7   53.7   1313    0.8    183    7.8    24.3   3.6   0.85   5.69 1547.0     0.00   0.00    0.0  0.004  0.005  0.005  0.004  0.003  0.004
03:42:12 870.29   12.7   53.7   1312    0.8    185    7.8    24.3   3.6   0.85   5.70 1548.0     0.00   0.00    0.0  0.004  0.005  0.004  0.004  0.003  0.004
03:42:13 870.44   12.8   53.6   1310    0.8    184    7.8    24.4   3.6   0.85   5.72 1549.0     0.00   0.00    0.0  0.004  0.005  0.004  0.004  0.003  0.004
03:42:14 870.15   12.8   53.6   1313    0.8    186    7.8    24.4   3.6   0.85   5.71 1550.0     0.00   0.00    0.0  0.004  0.005  0.004  0.004  0.003  0.004
03:42:18 870.12   13.3   52.8   1313    1.0    195    7.8    24.9   3.9   0.85   5.81 1554.0     0.00   0.00    0.0  0.004  0.005  0.004  0.004  0.003  0.004
03:42:19 870.26   13.4   52.6   1312    1.1    198    7.8    25.0   3.9   0.85   5.83 1555.0     0.00   0.00    0.0  0.004  0.005  0.004  0.004  0.003  0.004
03:42:20 870.22   13.3   52.6   1312    1.2    201    7.8    24.9   3.8   0.85   5.80 1556.0     0.00   0.00    0.0  0.004  0.005  0.005  0.004  0.003  0.004
03:42:21 869.99   13.5   52.4   1315    1.2    201    7.8    25.1   3.9   0.85   5.84 1557.0     0.00   0.00    0.0  0.004  0.005  0.004  0.004  0.003  0.004
03:42:22 870.01   13.5   52.3   1314    1.3    202    7.8    25.2   4.0   0.85   5.85 1558.0     0.00   0.00    0.0  0.005  0.005  0.004  0.004  0.003  0.004
03:42:24 869.95   13.7   51.8   1315    1.4    203    7.8    25.3   3.9   0.85   5.85 1560.0     0.00   0.00    0.0  0.004  0.005  0.004  0.004  0.003  0.004
03:42:25 869.88   13.9   50.9   1316    1.5    206    7.8    25.6   3.9   0.85   5.84 1561.0     0.00   0.00    0.0  0.004  0.005  0.004  0.004  0.003  0.004
03:42:26 869.92   14.0   50.4   1315    1.6    205    7.8    25.7   3.9   0.85   5.82 1562.0     0.00   0.00    0.0  0.004  0.005  0.004  0.004  0.003  0.004
03:42:27 870.00   14.1   49.9   1315    1.7    206    7.8    25.7   3.8   0.85   5.80 1563.0     0.00   0.00    0.0  0.005  0.005  0.004  0.004  0.003  0.004
03:42:28 869.85   14.3   48.9   1316    1.9    209    7.8    26.0   3.7   0.85   5.76 1564.0     0.00   0.00    0.0  0.004  0.005  0.005  0.004  0.003  0.004
03:42:29 870.06   14.5   47.6   1314    1.9    209    7.8    26.2   3.5   0.85   5.66 1565.0     0.00   0.00    0.0  0.004  0.005  0.004  0.004  0.003  0.004
03:42:30 869.89   14.8   46.4   1316    2.0    211    7.8    26.5   3.4   0.85   5.63 1566.0     0.00   0.00    0.0  0.004  0.005  0.005  0.004  0.003  0.004
03:42:31 869.81   15.0   44.3   1316    2.1    211    7.8    26.7   3.0   0.85   5.47 1567.0     0.00   0.00    0.0  0.004  0.005  0.004  0.004  0.003  0.004
03:42:33 869.59   15.4   42.5   1318    2.2    211    7.8    27.1   2.7   0.84   5.36 1569.0     0.00   0.00    0.0  0.004  0.005  0.004  0.004  0.003  0.004
03:42:34 869.68   15.4   42.5   1318    2.2    210    7.8    27.1   2.7   0.84   5.35 1570.0     0.00   0.00    0.0  0.004  0.005  0.005  0.004  0.003  0.004
03:42:35 869.65   15.4   42.4   1318    2.2    209    7.8    27.2   2.7   0.84   5.37 1571.0     0.00   0.00    0.0  0.004  0.005  0.004  0.004  0.003  0.004
03:42:36 869.60   15.5   42.0   1318    2.2    208    7.8    27.2   2.7   0.84   5.34 1572.0     0.00   0.00    0.0  0.004  0.005  0.004  0.004  0.003  0.004
03:42:37 869.76   15.7   41.0   1317    2.3    207    7.8    27.5   2.5   0.84   5.29 1573.0     0.00   0.00    0.0  0.005  0.005  0.004  0.004  0.003  0.004
03:42:40 869.76   15.9   39.3   1317    2.3    209    7.8    27.7   2.1   0.84   5.13 1576.0     0.00   0.00    0.0  0.004  0.005  0.004  0.004  0.003  0.004
03:42:42 869.56   16.0   39.1   1319    2.3    209    7.8    27.8   2.1   0.84   5.14 1578.0     0.00   0.00    0.0  0.004  0.005  0.004  0.004  0.003  0.004
03:42:43 869.33   16.0   39.0   1321    2.3    210    7.8    27.8   2.1   0.84   5.13 1579.0     0.00   0.00    0.0  0.004  0.005  0.004  0.004  0.003  0.004
03:42:44 869.36   16.0   38.9   1321    2.3    207    7.8    27.8   2.0   0.84   5.11 1580.0     0.00   0.00    0.0  0.004  0.005  0.005  0.004  0.003  0.004
03:42:45 869.16   16.1   38.7   1323    2.3    207    7.8    27.9   2.0   0.84   5.10 1581.0     0.00   0.00    0.0  0.004  0.005  0.004  0.004  0.003  0.004
03:42:46 869.31   16.2   38.5   1321    2.3    206    7.8    28.0   2.1   0.84   5.11 1582.0     0.00   0.00    0.0  0.004  0.005  0.004  0.004  0.003  0.004
03:42:48 869.28   16.3   37.9   1321    2.4    205    7.8    28.1   1.9   0.84   5.07 1584.0     0.00   0.00    0.0  0.004  0.005  0.005  0.004  0.003  0.004
03:42:49 869.32   16.3   37.6   1321    2.4    205    7.8    28.1   1.8   0.83   5.03 1585.0     0.00   0.00    0.0  0.004  0.005  0.005  0.004  0.003  0.004
03:42:50 869.22   16.4   37.4   1322    2.4    204    7.8    28.2   1.9   0.83   5.04 1586.0     0.00   0.00    0.0  0.004  0.005  0.004  0.004  0.003  0.004
03:42:51 869.29   16.3   37.3   1321    2.4    203    7.8    28.2   1.8   0.83   5.01 1587.0     0.00   0.00    0.0  0.004  0.005  0.004  0.004  0.003  0.004
03:42:54 869.25   16.5   36.8   1322    2.3    204    7.8    28.3   1.7   0.83   4.98 1590.0     0.00   0.00    0.0  0.005  0.005  0.004  0.004  0.003  0.004
03:42:55 869.14   16.4   36.7   1323    2.3    204    7.8    28.2   1.6   0.83   4.95 1591.0     0.00   0.00    0.0  0.004  0.005  0.004  0.004  0.003  0.004
03:42:57 869.28   16.5   36.5   1321    2.3    208    7.8    28.3   1.6   0.83   4.95 1593.0     0.00   0.00    0.0  0.004  0.005  0.004  0.004  0.003  0.004
03:42:58 869.20   16.5   36.4   1322    2.3    211    7.8    28.3   1.5   0.83   4.92 1594.0     0.00   0.00    0.0  0.004  0.005  0.004  0.004  0.003  0.004
03:43:00 869.13   16.6   36.2   1323    2.3    210    7.8    28.4   1.5   0.83   4.92 1595.9     0.00   0.00    0.0  0.004  0.005  0.005  0.004  0.003  0.004
03:43:02 869.03   16.6   36.0   1324    2.4    207    7.8    28.4   1.5   0.83   4.90 1597.9     0.00   0.00    0.0  0.005  0.005  0.005  0.004  0.003  0.004
03:43:03 868.67   16.6   35.8   1327    2.3    205    7.8    28.5   1.5   0.83   4.90 1598.9     0.00   0.00    0.0  0.004  0.005  0.005  0.004  0.003  0.004
03:43:05 868.70   16.6   35.6   1327    2.4    206    7.8    28.5   1.4   0.83   4.87 1600.9     0.00   0.00    0.0  0.004  0.005  0.005  0.004  0.003  0.004
03:43:06 868.88   16.7   35.4   1325    2.4    207    7.8    28.6   1.3   0.83   4.85 1601.9     0.00   0.00    0.0  0.005  0.005  0.004  0.004  0.003  0.004
03:43:07 868.66   16.7   35.3   1328    2.4    208    7.8    28.6   1.3   0.83   4.86 1602.9     0.00   0.00    0.0  0.004  0.005  0.005  0.004  0.003  0.004
03:43:08 869.06   16.7   35.3   1324    2.5    207    7.8    28.6   1.3   0.83   4.85 1603.9     0.00   0.00    0.0  0.004  0.005  0.005  0.004  0.003  0.004
03:43:09 868.76   16.7   35.3   1327    2.5    208    7.8    28.6   1.3   0.83   4.85 1604.9     0.00   0.00    0.0  0.004  0.005  0.005  0.004  0.003  0.004
03:43:10 868.83   16.7   35.2   1326    2.5    205    7.8    28.5   1.2   0.83   4.82 1605.9     0.00   0.00    0.0  0.004  0.005  0.005  0.004  0.003  0.004
03:43:11 868.73   16.7   35.1   1327    2.4    206    7.8    28.6   1.2   0.83   4.82 1606.9     0.00   0.00    0.0  0.004  0.005  0.005  0.004  0.003  0.004
03:43:12 868.55   16.7   35.0   1329    2.5    209    7.8    28.6   1.2   0.83   4.80 1607.9     0.00   0.00    0.0  0.005  0.005  0.005  0.004  0.003  0.004
03:43:13 868.71   16.7   35.0   1327    2.4    213    7.8    28.6   1.2   0.83   4.82 1608.9     0.00   0.00    0.0  0.004  0.005  0.005  0.004  0.003  0.004
03:43:15 868.44   16.7   34.9   1330    2.5    207    7.8    28.6   1.1   0.83   4.79 1610.9     0.00   0.00    0.0  0.004  0.005  0.005  0.004  0.003  0.004
03:43:16 868.41   16.7   34.9   1330    2.5    206    7.8    28.7   1.2   0.83   4.80 1611.9     0.00   0.00    0.0  0.004  0.005  0.005  0.004  0.003  0.004
03:43:17 868.37   16.7   34.8   1330    2.5    204    7.8    28.6   1.1   0.83   4.77 1612.9     0.00   0.00    0.0  0.005  0.005  0.005  0.004  0.003  0.004
03:43:18 868.62   16.7   34.7   1328    2.6    206    7.8    28.6   1.1   0.83   4.77 1613.9     0.00   0.00    0.0  0.005  0.005  0.005  0.004  0.003  0.004
03:43:19 868.30   16.7   34.6   1331    2.5    210    7.8    28.6   1.1   0.83   4.76 1614.9     0.00   0.00    0.0  0.004  0.005  0.005  0.004  0.003  0.004
03:43:20 868.24   16.7   34.6   1332    2.5    208    7.8    28.7   1.0   0.83   4.76 1615.9     0.00   0.00    0.0  0.004  0.005  0.005  0.004  0.003  0.004
03:43:21 868.53   16.7   34.7   1329    2.5    205    7.8    28.7   1.1   0.83   4.78 1616.9     0.00   0.00    0.0  0.005  0.005  0.005  0.004  0.003  0.004
03:43:23 868.32   16.8   34.5   1331    2.5    204    7.8    28.7   1.1   0.83   4.76 1618.9     0.00   0.00    0.0  0.005  0.005  0.005  0.004  0.003  0.004
03:43:24 868.33   16.7   34.5   1331    2.6    206    7.8    28.6   1.0   0.83   4.73 1619.9     0.00   0.00    0.0  0.005  0.005  0.005  0.004  0.004  0.004
03:43:26 868.33   16.7   34.4   1331    2.6    208    7.8    28.7   1.0   0.83   4.73 1621.9     0.00   0.00    0.0  0.005  0.005  0.005  0.004  0.003  0.004
03:43:27 868.14   16.8   34.4   1333    2.6    208    7.8    28.7   1.0   0.83   4.74 1622.9     0.00   0.00    0.0  0.005  0.005  0.005  0.004  0.003  0.004
03:43:28 868.28   16.8   34.4   1331    2.6    208    7.8    28.7   1.0   0.83   4.75 1623.9     0.00   0.00    0.0  0.005  0.005  0.005  0.004  0.003  0.004
03:43:30 868.07   16.8   34.3   1333    2.6    209    7.8    28.7   1.0   0.83   4.73 1625.9     0.00   0.00    0.0  0.005  0.005  0.004  0.004  0.004  0.004
03:43:31 868.20   16.7   34.3   1332    2.6    213    7.8    28.7   1.0   0.83   4.73 1626.9     0.00   0.00    0.0  0.005  0.005  0.005  0.004  0.003  0.004
03:43:32 868.20   16.7   34.2   1332    2.6    210    7.8    28.7   0.9   0.82   4.71 1627.9     0.00   0.00    0.0  0.005  0.005  0.005  0.004  0.003  0.004
03:43:34 867.85   16.7   34.2   1336    2.6    210    7.8    28.7   0.9   0.82   4.70 1629.9     0.00   0.00    0.0  0.005  0.005  0.005  0.004  0.003  0.004
03:43:35 867.72   16.8   34.1   1337    2.7    212    7.8    28.8   0.9   0.82   4.71 1630.9     0.00   0.00    0.0  0.005  0.005  0.005  0.004  0.004  0.004
03:43:36 867.75   16.8   34.1   1336    2.7    215    7.8    28.8   0.9   0.82   4.71 1631.9     0.00   0.00    0.0  0.005  0.005  0.005  0.004  0.004  0.004
03:43:37 867.86   16.8   34.2   1335    2.7    215    7.8    28.7   0.9   0.83   4.71 1632.9     0.00   0.00    0.0  0.005  0.005  0.005  0.004  0.003  0.004
03:43:38 867.93   16.8   34.1   1335    2.7    212    7.8    28.7   0.9   0.82   4.70 1633.9     0.00   0.00    0.0  0.005  0.005  0.005  0.004  0.003  0.004
03:43:39 867.86   16.8   34.1   1335    2.7    209    7.8    28.8   0.9   0.83   4.71 1634.9     0.00   0.00    0.0  0.005  0.005  0.005  0.004  0.004  0.004
03:43:40 867.89   16.8   34.1   1335    2.7    205    7.8    28.8   0.9   0.83   4.72 1635.9     0.00   0.00    0.0  0.005  0.005  0.005  0.004  0.003  0.004
03:43:41 867.84   16.8   34.0   1336    2.7    202    7.8    28.8   0.9   0.82   4.70 1636.9     0.00   0.00    0.0  0.005  0.005  0.005  0.004  0.004  0.004
03:43:44 867.76   16.7   34.0   1336    2.7    212    7.8    28.7   0.8   0.82   4.68 1639.9     0.00   0.00    0.0  0.005  0.005  0.005  0.004  0.003  0.004
03:43:45 867.47   16.8   34.0   1339    2.7    211    7.8    28.8   0.9   0.82   4.70 1640.9     0.00   0.00    0.0  0.005  0.005  0.005  0.004  0.003  0.004
03:43:46 867.67   16.7   34.0   1337    2.6    211    7.8    28.7   0.8   0.82   4.69 1641.9     0.00   0.00    0.0  0.005  0.005  0.005  0.004  0.004  0.004
03:43:47 867.65   16.8   34.1   1337    2.7    209    7.8    28.8   0.9   0.82   4.71 1642.9     0.00   0.00    0.0  0.005  0.005  0.005  0.004  0.004  0.004
03:43:49 867.59   16.8   34.1   1338    2.7    213    7.8    28.8   0.9   0.82   4.70 1644.9     0.00   0.00    0.0  0.005  0.005  0.005  0.004  0.003  0.004
03:43:50 867.52   16.8   34.1   1339    2.8    209    7.8    28.8   0.9   0.82   4.70 1645.9     0.00   0.00    0.0  0.005  0.005  0.005  0.004  0.003  0.004
03:43:51 867.51   16.8   34.0   1339    2.8    207    7.8    28.8   0.9   0.83   4.72 1646.9     0.00   0.00    0.0  0.005  0.005  0.005  0.004  0.003  0.004
03:43:52 867.71   16.8   34.0   1337    2.8    208    7.8    28.8   0.9   0.82   4.70 1647.9     0.00   0.00    0.0  0.005  0.005  0.005  0.004  0.004  0.004
03:43:53 867.34   16.8   34.0   1341    2.8    208    7.8    28.8   0.9   0.82   4.70 1648.9     0.00   0.00    0.0  0.005  0.005  0.005  0.004  0.004  0.004
03:43:54 867.29   16.8   34.0   1341    2.8    210    7.8    28.9   0.9   0.82   4.71 1649.9     0.00   0.00    0.0  0.005  0.005  0.005  0.004  0.004  0.004
03:43:55 867.37   16.7   34.1   1340    2.8    211    7.8    28.8   0.9   0.82   4.70 1650.9     0.00   0.00    0.0  0.005  0.005  0.005  0.004  0.004  0.004
03:43:56 867.05   16.8   34.1   1343    2.8    209    7.8    28.9   0.9   0.83   4.72 1651.9     0.00   0.00    0.0  0.005  0.005  0.005  0.004  0.004  0.004
03:43:57 867.12   16.7   34.1   1343    2.8    208    7.8    28.8   0.8   0.82   4.69 1652.9     0.00   0.00    0.0  0.005  0.005  0.005  0.004  0.004  0.004
03:43:58 867.54   16.8   34.0   1339    2.8    208    7.8    28.8   0.9   0.82   4.70 1653.9     0.00   0.00    0.0  0.005  0.005  0.005  0.004  0.004  0.004
03:43:59 867.40   16.8   34.0   1340    2.8    209    7.8    28.8   0.9   0.82   4.70 1654.9     0.00   0.00    0.0  0.005  0.005  0.005  0.005  0.004  0.004
03:44:00 867.39   16.8   34.0   1340    2.8    207    7.8    28.8   0.9   0.82   4.70 1655.9     0.00   0.00    0.0  0.005  0.005  0.005  0.005  0.004  0.004
03:44:01 867.35   16.8   34.0   1340    2.8    201    7.8    28.8   0.9   0.82   4.71 1656.9     0.00   0.00    0.0  0.005  0.005  0.005  0.004  0.004  0.004
03:44:02 867.17   16.8   34.0   1342    2.9    205    7.8    28.8   0.8   0.82   4.69 1657.9     0.00   0.00    0.0  0.005  0.005  0.005  0.004  0.004  0.004
03:44:03 867.26   16.8   33.9   1341    2.8    202    7.8    28.8   0.8   0.82   4.69 1658.9     0.00   0.00    0.0  0.005  0.005  0.005  0.004  0.004  0.004
03:44:05 867.21   16.8   34.0   1342    2.9    203    7.8    28.8   0.9   0.82   4.71 1660.9     0.00   0.00    0.0  0.005  0.005  0.005  0.004  0.004  0.004
03:44:06 867.02   16.8   34.0   1344    2.8    204    7.8    28.8   0.8   0.82   4.70 1661.9     0.00   0.00    0.0  0.005  0.005  0.005  0.004  0.004  0.004
03:44:08 867.25   16.8   34.0   1341    2.8    206    7.8    28.8   0.8   0.82   4.70 1663.9     0.00   0.00    0.0  0.005  0.005  0.005  0.004  0.003  0.004
03:44:10 867.02   16.8   34.0   1344    2.8    204    7.8    28.8   0.9   0.82   4.70 1665.9     0.00   0.00    0.0  0.005  0.005  0.005  0.004  0.004  0.004
03:44:12 866.89   16.7   34.1   1345    2.9    210    7.8    28.8   0.9   0.82   4.71 1667.9     0.00   0.00    0.0  0.005  0.005  0.005  0.005  0.004  0.004
03:44:13 867.03   16.8   34.1   1344    2.9    208    7.8    28.8   0.9   0.82   4.70 1668.9     0.00   0.00    0.0  0.005  0.005  0.005  0.005  0.004  0.004
03:44:14 866.56   16.7   34.1   1348    2.9    210    7.8    28.8   0.9   0.82   4.70 1669.9     0.00   0.00    0.0  0.005  0.005  0.005  0.005  0.004  0.004
03:44:15 866.62   16.8   34.1   1348    2.9    208    7.8    28.9   0.9   0.83   4.72 1670.9     0.00   0.00    0.0  0.005  0.005  0.005  0.004  0.004  0.004
03:44:16 866.56   16.7   34.1   1348    2.9    205    7.8    28.8   0.9   0.82   4.70 1671.9     0.00   0.00    0.0  0.005  0.005  0.005  0.004  0.004  0.004
03:44:17 866.61   16.8   34.1   1348    2.9    207    7.8    28.9   0.9   0.82   4.71 1672.9     0.00   0.00    0.0  0.005  0.005  0.005  0.004  0.004  0.004
03:44:23 866.62   16.7   34.0   1348    3.0    208    7.8    28.8   0.8   0.82   4.68 1678.9     0.00   0.00    0.0  0.005  0.005  0.005  0.005  0.004  0.004
03:44:25 866.59   16.7   34.0   1348    3.0    210    7.8    28.8   0.8   0.82   4.69 1680.9     0.00   0.00    0.0  0.005  0.005  0.005  0.005  0.004  0.004
03:44:26 866.73   16.7   33.6   1347    3.0    206    7.8    28.8   0.7   0.82   4.64 1681.9     0.00   0.00    0.0  0.005  0.005  0.005  0.005  0.004  0.004
03:44:28 866.51   16.8   33.4   1349    3.0    202    7.8    28.9   0.6   0.82   4.62 1683.9     0.00   0.00    0.0  0.005  0.005  0.005  0.005  0.004  0.004
03:44:29 866.22   16.8   33.6   1352    3.0    206    7.8    28.9   0.7   0.82   4.64 1684.9     0.00   0.00    0.0  0.005  0.005  0.005  0.004  0.004  0.004
03:44:30 866.20   16.8   33.3   1352    2.9    204    7.8    28.9   0.6   0.82   4.61 1685.9     0.00   0.00    0.0  0.005  0.005  0.005  0.004  0.004  0.004
03:44:31 866.20   16.8   33.4   1352    3.0    205    7.8    28.9   0.6   0.82   4.62 1686.9     0.00   0.00    0.0  0.005  0.005  0.005  0.004  0.004  0.004
03:44:32 866.23   16.8   33.3   1351    3.0    205    7.8    28.9   0.5   0.82   4.60 1687.9     0.00   0.00    0.0  0.005  0.005  0.005  0.004  0.004  0.004
03:44:37 866.20   16.8   33.5   1352    3.0    204    7.8    28.9   0.7   0.82   4.64 1692.9     0.00   0.00    0.0  0.005  0.005  0.005  0.005  0.004  0.004
03:44:38 866.23   16.8   33.3   1351    3.0    200    7.8    28.9   0.6   0.82   4.61 1693.9     0.00   0.00    0.0  0.005  0.005  0.005  0.005  0.004  0.004
03:44:39 866.20   16.8   33.1   1352    3.0    199    7.8    28.9   0.5   0.82   4.59 1694.9     0.00   0.00    0.0  0.005  0.005  0.005  0.005  0.004  0.004
03:44:41 866.04   16.8   33.3   1353    3.0    199    7.8    28.9   0.6   0.82   4.61 1696.9     0.00   0.00    0.0  0.005  0.005  0.005  0.005  0.004  0.004
03:44:43 865.75   16.8   33.2   1356    3.0    198    7.8    29.0   0.5   0.82   4.59 1698.8     0.00   0.00    0.0  0.005  0.005  0.005  0.005  0.004  0.004
03:44:44 866.04   16.8   33.1   1353    3.0    198    7.8    28.9   0.5   0.82   4.58 1699.8     0.00   0.00    0.0  0.005  0.005  0.005  0.005  0.004  0.004
03:44:45 865.96   16.7   33.1   1354    3.0    198    7.8    28.9   0.5   0.82   4.57 1700.8     0.00   0.00    0.0  0.005  0.005  0.005  0.005  0.004  0.004
03:44:46 865.96   16.8   32.9   1354    3.1    197    7.8    29.0   0.4   0.82   4.56 1701.8     0.00   0.00    0.0  0.005  0.005  0.005  0.005  0.004  0.004
03:44:47 865.94   16.8   33.0   1354    3.1    197    7.8    29.0   0.4   0.82   4.57 1702.8     0.00   0.00    0.0  0.005  0.005  0.005  0.005  0.004  0.004
03:44:49 865.65   16.8   32.9   1357    3.1    195    7.8    29.0   0.4   0.82   4.55 1704.8     0.00   0.00    0.0  0.005  0.005  0.005  0.005  0.004  0.004
03:44:50 865.79   16.8   32.8   1356    3.1    193    7.8    29.0   0.4   0.82   4.55 1705.8     0.00   0.00    0.0  0.005  0.005  0.005  0.005  0.004  0.004
03:44:51 865.84   16.8   32.7   1355    3.1    193    7.8    29.0   0.4   0.82   4.55 1706.8     0.00   0.00    0.0  0.005  0.005  0.005  0.005  0.004  0.004
03:44:52 865.82   16.8   32.8   1355    3.1    194    7.8    29.0   0.4   0.82   4.55 1707.8     0.00   0.00    0.0  0.005  0.005  0.005  0.005  0.004  0.004
03:44:54 865.79   16.8   32.8   1356    3.1    195    7.8    29.0   0.4   0.82   4.54 1709.8     0.00   0.00    0.0  0.005  0.005  0.005  0.005  0.004  0.004
03:44:59 865.67   16.9   32.6   1357    3.1    192    7.8    29.1   0.4   0.82   4.55 1714.8     0.00   0.00    0.0  0.005  0.005  0.005  0.005  0.004  0.005
03:45:00 865.63   16.8   32.6   1357    3.1    192    7.8    29.0   0.3   0.82   4.53 1715.8     0.00   0.00    0.0  0.005  0.005  0.005  0.005  0.004  0.004
03:45:01 865.39   16.9   32.6   1360    3.1    192    7.8    29.1   0.4   0.82   4.55 1716.8     0.00   0.00    0.0  0.005  0.005  0.005  0.005  0.004  0.004
03:45:02 865.43   16.9   32.6   1359    3.1    193    7.8    29.1   0.4   0.82   4.55 1717.8     0.00   0.00    0.0  0.005  0.005  0.005  0.005  0.004  0.005
03:45:03 865.30   16.8   32.7   1361    3.1    193    7.8    29.1   0.4   0.82   4.54 1718.8     0.00   0.00    0.0  0.005  0.005  0.005  0.005  0.004  0.004
03:45:05 865.22   16.8   32.6   1361    3.1    193    7.8    29.1   0.3   0.82   4.54 1720.8     0.00   0.00    0.0  0.005  0.005  0.005  0.005  0.004  0.004
03:45:09 865.09   16.9   32.5   1363    3.1    191    7.8    29.2   0.4   0.82   4.55 1724.8     0.00   0.00    0.0  0.005  0.005  0.005  0.005  0.004  0.004
03:45:10 865.41   16.9   32.5   1359    3.1    191    7.8    29.1   0.3   0.82   4.53 1725.8     0.00   0.00    0.0  0.005  0.005  0.005  0.005  0.004  0.004
03:45:11 865.17   16.9   32.5   1362    3.0    191    7.8    29.2   0.4   0.82   4.54 1726.8     0.00   0.00    0.0  0.005  0.005  0.005  0.005  0.004  0.004
03:45:13 865.12   16.9   32.5   1362    3.0    191    7.8    29.2   0.4   0.82   4.54 1728.8     0.00   0.00    0.0  0.005  0.005  0.005  0.005  0.004  0.004
03:45:14 864.98   16.9   32.5   1364    3.0    191    7.8    29.2   0.3   0.82   4.53 1729.8     0.00   0.00    0.0  0.005  0.005  0.005  0.005  0.004  0.004
03:45:15 864.83   16.9   32.5   1365    3.0    191    7.8    29.2   0.3   0.82   4.54 1730.8     0.00   0.00    0.0  0.005  0.005  0.005  0.005  0.004  0.004
03:45:16 864.98   16.9   32.5   1364    3.1    191    7.8    29.2   0.3   0.82   4.53 1731.8     0.00   0.00    0.0  0.005  0.005  0.005  0.005  0.004  0.005
03:45:17 864.96   16.9   32.4   1364    3.1    191    7.8    29.2   0.3   0.82   4.53 1732.8     0.00   0.00    0.0  0.005  0.005  0.005  0.005  0.004  0.005
03:45:18 864.97   16.9   32.5   1364    3.1    191    7.8    29.2   0.3   0.82   4.54 1733.8     0.00   0.00    0.0  0.005  0.005  0.005  0.005  0.004  0.004
03:45:22 864.84   16.9   32.4   1365    3.1    191    7.8    29.2   0.3   0.82   4.53 1737.8     0.00   0.00    0.0  0.005  0.005  0.005  0.005  0.004  0.005
03:45:24 865.07   16.9   32.4   1363    3.1    190    7.8    29.2   0.3   0.82   4.53 1739.8     0.00   0.00    0.0  0.005  0.005  0.005  0.005  0.004  0.005
03:45:25 864.73   16.9   32.4   1366    3.1    191    7.8    29.2   0.3   0.82   4.54 1740.8     0.00   0.00    0.0  0.005  0.005  0.005  0.005  0.004  0.004
03:45:26 864.60   16.9   32.4   1367    3.2    191    7.8    29.2   0.3   0.82   4.52 1741.8     0.00   0.00    0.0  0.005  0.005  0.005  0.005  0.004  0.004
03:45:27 864.67   16.9   32.4   1367    3.2    190    7.8    29.2   0.3   0.82   4.53 1742.8     0.00   0.00    0.0  0.005  0.005  0.005  0.005  0.004  0.004
03:45:28 864.51   16.9   32.4   1368    3.2    190    7.8    29.2   0.3   0.82   4.52 1743.8     0.00   0.00    0.0  0.005  0.005  0.005  0.005  0.004  0.004
03:45:30 864.52   16.9   32.4   1368    3.2    191    7.8    29.3   0.3   0.82   4.54 1745.8     0.00   0.00    0.0  0.005  0.005  0.005  0.005  0.004  0.004
03:45:31 864.48   16.9   32.4   1369    3.2    191    7.8    29.2   0.3   0.82   4.53 1746.8     0.00   0.00    0.0  0.005  0.005  0.005  0.005  0.004  0.004
03:45:32 864.39   16.9   32.4   1370    3.2    191    7.8    29.2   0.3   0.82   4.52 1747.8     0.00   0.00    0.0  0.005  0.005  0.005  0.005  0.004  0.004
03:45:33 864.47   16.9   32.4   1369    3.2    192    7.8    29.2   0.3   0.82   4.52 1748.8     0.00   0.00    0.0  0.005  0.005  0.005  0.005  0.004  0.005
03:45:34 864.39   16.9   32.4   1369    3.2    192    7.8    29.3   0.3   0.82   4.53 1749.8     0.00   0.00    0.0  0.005  0.005  0.005  0.005  0.004  0.005
03:45:35 864.47   17.0   32.3   1369    3.2    192    7.8    29.3   0.3   0.82   4.54 1750.8     0.00   0.00    0.0  0.005  0.005  0.005  0.005  0.004  0.005
03:45:38 864.26   16.9   32.4   1371    3.2    192    7.8    29.3   0.3   0.82   4.52 1753.8     0.00   0.00    0.0  0.005  0.005  0.005  0.005  0.004  0.004
03:45:39 864.44   16.9   32.3   1369    3.2    192    7.8    29.3   0.3   0.82   4.53 1754.8     0.00   0.00    0.0  0.005  0.005  0.005  0.005  0.004  0.005
03:45:40 864.24   16.9   32.3   1371    3.2    192    7.8    29.3   0.3   0.82   4.52 1755.8     0.00   0.00    0.0  0.005  0.005  0.005  0.005  0.004  0.005
03:45:44 864.26   16.9   32.3   1371    3.2    191    7.8    29.2   0.2   0.82   4.50 1759.8     0.00   0.00    0.0  0.005  0.005  0.005  0.005  0.004  0.005
03:45:45 864.02   16.9   32.3   1373    3.2    191    7.8    29.2   0.2   0.82   4.51 1760.8     0.00   0.00    0.0  0.005  0.005  0.005  0.005  0.004  0.005
03:45:46 864.18   16.9   32.3   1372    3.2    190    7.8    29.3   0.3   0.82   4.51 1761.8     0.00   0.00    0.0  0.005  0.005  0.005  0.005  0.004  0.005
03:45:47 864.03   16.9   32.3   1373    3.2    190    7.8    29.2   0.2   0.82   4.51 1762.8     0.00   0.00    0.0  0.005  0.005  0.005  0.005  0.004  0.005
03:45:48 863.91   16.9   32.3   1374    3.2    190    7.8    29.3   0.3   0.82   4.52 1763.8     0.00   0.00    0.0  0.005  0.005  0.005  0.005  0.004  0.005
03:45:49 863.78   16.9   32.3   1376    3.2    189    7.8    29.3   0.3   0.82   4.53 1764.8     0.00   0.00    0.0  0.005  0.005  0.005  0.005  0.004  0.005
03:45:50 863.84   16.9   32.3   1375    3.2    189    7.8    29.3   0.2   0.82   4.51 1765.8     0.00   0.00    0.0  0.005  0.005  0.005  0.005  0.004  0.005
03:45:51 864.03   16.9   32.3   1373    3.2    190    7.8    29.3   0.3   0.82   4.52 1766.8     0.00   0.00    0.0  0.005  0.005  0.005  0.005  0.004  0.005
03:45:52 863.89   16.9   32.3   1374    3.2    191    7.8    29.2   0.2   0.82   4.51 1767.8     0.00   0.00    0.0  0.005  0.005  0.005  0.005  0.004  0.005
03:45:53 863.94   16.9   32.3   1374    3.2    190    7.8    29.2   0.2   0.82   4.51 1768.8     0.00   0.00    0.0  0.005  0.005  0.005  0.005  0.004  0.005
03:45:54 863.74   16.9   32.4   1376    3.2    190    7.8    29.3   0.3   0.82   4.53 1769.8     0.00   0.00    0.0  0.005  0.005  0.005  0.005  0.004  0.005
03:45:55 863.84   16.9   32.4   1375    3.2    190    7.8    29.3   0.3   0.82   4.52 1770.8     0.00   0.00    0.0  0.005  0.005  0.005  0.005  0.004  0.005
03:45:56 863.87   16.9   32.3   1375    3.2    191    7.8    29.3   0.3   0.82   4.52 1771.8     0.00   0.00    0.0  0.005  0.005  0.005  0.005  0.004  0.005
03:45:57 863.99   16.9   32.3   1373    3.2    190    7.8    29.2   0.3   0.82   4.51 1772.8     0.00   0.00    0.0  0.005  0.005  0.005  0.005  0.004  0.005
03:45:58 863.72   16.9   32.4   1376    3.2    190    7.8    29.3   0.3   0.82   4.53 1773.8     0.00   0.00    0.0  0.005  0.005  0.005  0.005  0.004  0.005
03:45:59 863.91   16.9   32.3   1374    3.2    189    7.8    29.2   0.2   0.82   4.51 1774.8     0.00   0.00    0.0  0.005  0.005  0.005  0.005  0.004  0.005
03:46:00 863.66   16.8   32.3   1377    3.2    189    7.6    29.2   0.2   0.82   4.50 1775.8     0.00   0.00    0.0  0.005  0.005  0.005  0.005  0.004  0.005
03:46:01 863.78   16.9   32.3   1376    3.2    189    7.8    29.3   0.3   0.82   4.51 1776.8     0.00   0.00    0.0  0.005  0.005  0.005  0.005  0.004  0.005
03:46:02 863.73   16.9   32.3   1376    3.2    189    7.8    29.3   0.3   0.82   4.52 1777.8     0.00   0.00    0.0  0.005  0.005  0.005  0.005  0.004  0.005
03:46:03 863.86   16.9   32.3   1375    3.2    188    7.8    29.3   0.3   0.82   4.52 1778.8     0.00   0.00    0.0  0.005  0.005  0.005  0.005  0.004  0.005
03:46:04 863.67   16.9   32.3   1377    3.2    189    7.8    29.3   0.2   0.82   4.51 1779.8     0.00   0.00    0.0  0.005  0.005  0.005  0.005  0.004  0.005
03:46:06 863.85   16.9   32.4   1375    3.2    189    7.6    29.3   0.3   0.82   4.53 1781.8     0.00   0.00    0.0  0.005  0.005  0.005  0.005  0.004  0.005
03:46:07 863.85   16.9   32.3   1375    3.2    188    7.6    29.3   0.3   0.82   4.52 1782.8     0.00   0.00    0.0  0.005  0.005  0.005  0.005  0.004  0.005
03:46:08 863.43   16.9   32.3   1379    3.2    188    7.6    29.3   0.2   0.82   4.51 1783.8     0.00   0.00    0.0  0.005  0.005  0.005  0.005  0.004  0.005
03:46:09 863.50   16.9   32.3   1378    3.2    188    7.6    29.3   0.2   0.82   4.50 1784.8     0.00   0.00    0.0  0.005  0.005  0.005  0.005  0.004  0.005
03:46:10 863.55   16.9   32.3   1378    3.2    188    7.6    29.3   0.3   0.82   4.52 1785.8     0.00   0.00    0.0  0.005  0.005  0.005  0.005  0.004  0.005
03:46:11 863.67   16.9   32.3   1377    3.2    188    7.6    29.3   0.2   0.82   4.51 1786.8     0.00   0.00    0.0  0.005  0.005  0.005  0.005  0.004  0.005
03:46:12 863.47   16.9   32.3   1379    3.3    189    7.6    29.3   0.3   0.82   4.52 1787.8     0.00   0.00    0.0  0.005  0.005  0.005  0.005  0.004  0.005
03:46:13 863.54   16.9   32.3   1378    3.3    189    7.6    29.3   0.3   0.82   4.52 1788.8     0.00   0.00    0.0  0.005  0.005  0.005  0.005  0.004  0.005
03:46:16 863.39   16.8   32.3   1379    3.2    188    7.6    29.3   0.2   0.82   4.51 1791.8     0.00   0.00    0.0  0.005  0.005  0.005  0.005  0.004  0.005
03:46:17 863.13   16.9   32.3   1382    3.2    188    7.6    29.3   0.2   0.82   4.51 1792.8     0.00   0.00    0.0  0.005  0.005  0.005  0.005  0.004  0.005
03:46:18 863.27   16.9   32.3   1381    3.2    189    7.6    29.3   0.3   0.82   4.52 1793.8     0.00   0.00    0.0  0.005  0.005  0.005  0.005  0.004  0.005
03:46:19 863.12   16.9   32.4   1382    3.3    189    7.6    29.3   0.2   0.82   4.51 1794.8     0.00   0.00    0.0  0.005  0.005  0.005  0.005  0.004  0.005
03:46:20 863.20   16.9   32.3   1381    3.2    189    7.6    29.3   0.2   0.82   4.51 1795.8     0.00   0.00    0.0  0.005  0.005  0.005  0.005  0.004  0.005
03:46:21 863.15   16.9   32.3   1382    3.3    189    7.6    29.3   0.2   0.82   4.51 1796.8     0.00   0.00    0.0  0.005  0.005  0.005  0.005  0.004  0.005
03:46:22 863.06   16.9   32.3   1383    3.2    189    7.6    29.3   0.2   0.82   4.51 1797.8     0.00   0.00    0.0  0.005  0.005  0.005  0.005  0.004  0.005
03:46:28 862.81   16.9   32.4   1385    3.2    190    7.6    29.3   0.3   0.82   4.53 1803.7     0.00   0.00    0.0  0.005  0.005  0.005  0.005  0.004  0.005
03:46:29 862.90   16.8   32.4   1384    3.2    190    7.6    29.3   0.2   0.82   4.52 1804.7     0.00   0.00    0.0  0.005  0.005  0.005  0.005  0.004  0.005
03:46:30 862.80   16.8   32.4   1385    3.2    190    7.6    29.3   0.2   0.82   4.51 1805.7     0.00   0.00    0.0  0.005  0.005  0.005  0.005  0.004  0.005
03:46:31 862.97   16.8   32.4   1384    3.2    190    7.6    29.3   0.3   0.82   4.53 1806.7     0.00   0.00    0.0  0.005  0.005  0.005  0.005  0.004  0.005
03:46:32 862.88   16.8   32.4   1384    3.2    190    7.6    29.3   0.2   0.82   4.51 1807.7     0.00   0.00    0.0  0.005  0.005  0.005  0.005  0.004  0.005
03:46:33 862.91   16.9   32.4   1384    3.2    190    7.6    29.3   0.3   0.82   4.52 1808.7     0.00   0.00    0.0  0.005  0.005  0.005  0.005  0.004  0.005
03:46:34 862.79   16.8   32.5   1385    3.2    190    7.6    29.3   0.2   0.82   4.52 1809.7     0.00   0.00    0.0  0.005  0.005  0.005  0.005  0.004  0.005
03:46:35 862.66   16.8   32.4   1387    3.2    189    7.6    29.3   0.2   0.82   4.51 1810.7     0.00   0.00    0.0  0.005  0.005  0.005  0.005  0.004  0.005
03:46:36 862.74   16.8   32.4   1386    3.2    190    7.6    29.3   0.2   0.82   4.51 1811.7     0.00   0.00    0.0  0.005  0.005  0.005  0.005  0.004  0.005
03:46:37 862.92   16.8   32.4   1384    3.2    190    7.6    29.3   0.2   0.82   4.51 1812.7     0.00   0.00    0.0  0.005  0.005  0.005  0.005  0.004  0.005
03:46:38 862.77   16.8   32.4   1385    3.2    190    7.6    29.3   0.3   0.82   4.52 1813.7     0.00   0.00    0.0  0.005  0.005  0.005  0.005  0.004  0.005
03:46:39 862.49   16.8   32.5   1388    3.2    190    7.6    29.3   0.2   0.82   4.52 1814.7     0.00   0.00    0.0  0.005  0.005  0.005  0.005  0.004  0.005
03:46:40 862.63   16.8   32.5   1387    3.2    190    7.6    29.3   0.3   0.82   4.52 1815.7     0.00   0.00    0.0  0.005  0.005  0.005  0.005  0.004  0.005
03:46:41 862.76   16.8   32.5   1386    3.2    190    7.6    29.3   0.3   0.82   4.52 1816.7     0.00   0.00    0.0  0.005  0.005  0.005  0.005  0.004  0.005
03:46:42 862.68   16.8   32.5   1386    3.2    190    7.6    29.3   0.2   0.82   4.51 1817.7     0.00   0.00    0.0  0.005  0.005  0.005  0.005  0.004  0.005
03:46:44 862.69   16.8   32.4   1386    3.2    190    7.6    29.3   0.2   0.82   4.51 1819.7     0.00   0.00    0.0  0.005  0.005  0.005  0.005  0.004  0.005
03:46:46 862.59   16.8   32.4   1387    3.2    190    7.6    29.4   0.3   0.82   4.53 1821.7     0.00   0.00    0.0  0.005  0.005  0.005  0.005  0.004  0.005
03:46:47 862.45   16.8   32.4   1389    3.2    190    7.6    29.4   0.3   0.82   4.52 1822.7     0.00   0.00    0.0  0.005  0.005  0.005  0.005  0.004  0.005
03:46:50 862.46   16.8   32.4   1389    3.2    191    7.6    29.3   0.2   0.82   4.51 1825.7     0.00   0.00    0.0  0.005  0.005  0.005  0.005  0.004  0.005
03:46:51 862.36   16.8   32.4   1390    3.2    190    7.6    29.3   0.2   0.82   4.51 1826.7     0.00   0.00    0.0  0.005  0.005  0.005  0.005  0.004  0.005
03:46:52 862.26   16.8   32.5   1391    3.2    190    7.6    29.3   0.2   0.82   4.50 1827.7     0.00   0.00    0.0  0.005  0.005  0.005  0.005  0.004  0.005
03:46:53 862.21   16.8   32.4   1391    3.2    190    7.6    29.4   0.2   0.82   4.52 1828.7     0.00   0.00    0.0  0.005  0.005  0.005  0.005  0.004  0.005
03:46:54 862.08   16.8   32.4   1392    3.2    189    7.6    29.4   0.2   0.82   4.52 1829.7     0.00   0.00    0.0  0.005  0.005  0.005  0.005  0.004  0.005
03:46:55 862.31   16.8   32.5   1390    3.2    189    7.6    29.3   0.2   0.82   4.52 1830.7     0.00   0.00    0.0  0.005  0.005  0.005  0.005  0.004  0.005
03:46:56 862.18   16.8   32.4   1391    3.2    189    7.6    29.3   0.2   0.82   4.51 1831.7     0.00   0.00    0.0  0.005  0.005  0.005  0.005  0.004  0.005
03:46:57 862.28   16.7   32.4   1390    3.2    190    7.6    29.3   0.2   0.82   4.50 1832.7     0.00   0.00    0.0  0.005  0.005  0.005  0.005  0.004  0.005
03:46:59 862.12   16.8   32.5   1392    3.2    190    7.6    29.3   0.2   0.82   4.52 1835.7     0.00   0.00    0.0  0.005  0.005  0.005  0.005  0.004  0.005
03:47:02 861.87   16.8   32.5   1394    3.2    190    7.6    29.3   0.2   0.82   4.51 1837.7     0.00   0.00    0.0  0.005  0.005  0.005  0.005  0.004  0.005
03:47:03 861.73   16.7   32.5   1396    3.2    190    7.6    29.3   0.2   0.82   4.51 1838.7     0.00   0.00    0.0  0.005  0.005  0.005  0.005  0.004  0.005
03:47:04 861.84   16.8   32.5   1395    3.2    190    7.6    29.4   0.2   0.82   4.52 1839.7     0.00   0.00    0.0  0.005  0.005  0.005  0.005  0.004  0.005
03:47:05 861.67   16.8   32.5   1396    3.1    190    7.6    29.4   0.2   0.82   4.51 1840.7     0.00   0.00    0.0  0.005  0.005  0.005  0.005  0.004  0.005
03:47:06 861.97   16.7   32.5   1393    3.2    189    7.6    29.3   0.2   0.82   4.50 1841.7     0.00   0.00    0.0  0.005  0.005  0.005  0.005  0.004  0.005
03:47:07 861.91   16.8   32.5   1394    3.1    190    7.6    29.3   0.2   0.82   4.51 1842.7     0.00   0.00    0.0  0.005  0.005  0.005  0.005  0.004  0.005
03:47:08 861.87   16.8   32.5   1394    3.2    190    7.6    29.4   0.3   0.82   4.52 1843.7     0.00   0.00    0.0  0.005  0.005  0.005  0.005  0.004  0.005
03:47:09 861.68   16.7   32.5   1396    3.2    190    7.6    29.3   0.2   0.82   4.51 1844.7     0.00   0.00    0.0  0.005  0.005  0.005  0.005  0.004  0.005
03:47:10 861.99   16.7   32.5   1393    3.2    191    7.6    29.3   0.2   0.82   4.50 1845.7     0.00   0.00    0.0  0.005  0.005  0.005  0.005  0.004  0.005
03:47:11 861.53   16.7   32.5   1398    3.2    190    7.6    29.4   0.2   0.82   4.51 1846.7     0.00   0.00    0.0  0.005  0.005  0.005  0.005  0.004  0.005
03:47:13 861.80   16.7   32.5   1395    3.1    190    7.6    29.3   0.2   0.82   4.51 1848.7     0.00   0.00    0.0  0.005  0.005  0.005  0.005  0.004  0.005
03:47:14 861.54   16.7   32.5   1398    3.1    189    7.6    29.4   0.2   0.82   4.51 1849.7     0.00   0.00    0.0  0.005  0.005  0.005  0.005  0.004  0.005
03:47:15 861.67   16.7   32.5   1396    3.1    189    7.6    29.3   0.2   0.82   4.50 1850.7     0.00   0.00    0.0  0.005  0.005  0.005  0.005  0.004  0.005
03:47:16 861.55   16.7   32.5   1398    3.1    189    7.6    29.4   0.2   0.82   4.52 1851.7     0.00   0.00    0.0  0.005  0.005  0.005  0.005  0.004  0.005
03:47:18 861.52   16.7   32.5   1398    3.1    190    7.6    29.3   0.2   0.82   4.51 1853.7     0.00   0.00    0.0  0.005  0.005  0.005  0.005  0.004  0.005
03:47:19 861.67   16.7   32.6   1396    3.0    190    7.6    29.3   0.2   0.82   4.52 1854.7     0.00   0.00    0.0  0.005  0.005  0.005  0.005  0.004  0.005
03:47:20 861.35   16.7   32.6   1400    3.1    190    7.6    29.3   0.2   0.82   4.52 1855.7     0.00   0.00    0.0  0.005  0.006  0.005  0.005  0.004  0.005
03:47:21 861.33   16.7   32.5   1400    3.1    189    7.6    29.4   0.2   0.82   4.51 1856.7     0.00   0.00    0.0  0.005  0.006  0.005  0.005  0.004  0.005
03:47:22 861.34   16.7   32.5   1400    3.1    189    7.6    29.4   0.2   0.82   4.51 1857.7     0.00   0.00    0.0  0.005  0.005  0.005  0.005  0.004  0.005
03:47:23 861.60   16.7   32.5   1397    3.0    189    7.6    29.3   0.2   0.82   4.51 1858.7     0.00   0.00    0.0  0.005  0.006  0.005  0.005  0.004  0.005
03:47:26 861.45   16.7   32.6   1398    3.1    188    7.6    29.3   0.2   0.82   4.51 1861.7     0.00   0.00    0.0  0.005  0.005  0.005  0.005  0.004  0.005
03:47:28 861.28   16.7   32.6   1400    3.1    188    7.6    29.3   0.2   0.82   4.50 1863.7     0.00   0.00    0.0  0.005  0.005  0.005  0.005  0.004  0.005
03:47:29 861.17   16.7   32.6   1401    3.0    189    7.6    29.3   0.2   0.82   4.50 1864.7     0.00   0.00    0.0  0.005  0.006  0.005  0.005  0.004  0.005
03:47:31 861.34   16.7   32.5   1400    3.0    189    7.6    29.3   0.2   0.82   4.51 1866.7     0.00   0.00    0.0  0.005  0.005  0.005  0.005  0.004  0.005
03:47:32 861.18   16.7   32.6   1401    3.0    190    7.6    29.3   0.2   0.82   4.50 1867.7     0.00   0.00    0.0  0.005  0.006  0.005  0.005  0.004  0.005
03:47:33 861.07   16.7   32.6   1402    3.0    190    7.6    29.3   0.2   0.82   4.50 1868.7     0.00   0.00    0.0  0.005  0.006  0.005  0.005  0.004  0.005
03:47:34 861.29   16.7   32.6   1400    3.1    190    7.6    29.3   0.2   0.82   4.50 1869.7     0.00   0.00    0.0  0.005  0.005  0.005  0.005  0.004  0.005
03:47:36 861.35   16.7   32.6   1399    3.0    190    7.6    29.3   0.2   0.82   4.51 1871.7     0.00   0.00    0.0  0.005  0.006  0.005  0.005  0.004  0.005
03:47:37 861.12   16.7   32.6   1402    3.1    190    7.6    29.3   0.2   0.82   4.51 1872.7     0.00   0.00    0.0  0.005  0.005  0.005  0.005  0.004  0.005
03:47:38 861.07   16.7   32.6   1402    3.1    190    7.6    29.4   0.2   0.82   4.52 1873.7     0.00   0.00    0.0  0.005  0.005  0.005  0.005  0.004  0.005
03:47:39 860.80   16.7   32.6   1405    3.1    191    7.6    29.4   0.2   0.82   4.51 1874.7     0.00   0.00    0.0  0.005  0.005  0.005  0.005  0.004  0.005
03:47:40 860.84   16.7   32.6   1405    3.0    191    7.6    29.4   0.2   0.82   4.51 1875.7     0.00   0.00    0.0  0.005  0.006  0.005  0.005  0.004  0.005
03:47:41 860.91   16.7   32.6   1404    3.1    191    7.6    29.4   0.2   0.82   4.52 1876.7     0.00   0.00    0.0  0.005  0.005  0.005  0.005  0.004  0.005
03:47:42 861.09   16.7   32.6   1402    3.0    191    7.6    29.3   0.2   0.82   4.51 1877.7     0.00   0.00    0.0  0.005  0.005  0.005  0.005  0.004  0.005
03:47:43 860.93   16.7   32.6   1404    3.0    191    7.6    29.3   0.2   0.82   4.51 1878.7     0.00   0.00    0.0  0.005  0.005  0.005  0.005  0.004  0.005
03:47:45 860.63   16.7   32.7   1407    3.0    190    7.6    29.4   0.2   0.82   4.51 1880.7     0.00   0.00    0.0  0.005  0.006  0.005  0.005  0.004  0.005
03:47:47 860.85   16.7   32.7   1404    3.0    190    7.6    29.4   0.2   0.82   4.53 1882.7     0.00   0.00    0.0  0.005  0.005  0.005  0.005  0.004  0.005
03:47:48 860.65   16.7   32.7   1406    3.0    189    7.6    29.4   0.2   0.82   4.52 1883.7     0.00   0.00    0.0  0.005  0.005  0.005  0.005  0.004  0.005
03:47:49 860.70   16.6   32.7   1406    3.0    190    7.6    29.3   0.2   0.82   4.51 1884.7     0.00   0.00    0.0  0.005  0.005  0.005  0.005  0.004  0.005
03:47:50 860.64   16.7   32.7   1406    3.0    190    7.6    29.4   0.3   0.82   4.53 1885.7     0.00   0.00    0.0  0.005  0.006  0.005  0.005  0.004  0.005
03:47:51 860.69   16.7   32.7   1406    3.0    190    7.6    29.4   0.2   0.82   4.52 1886.7     0.00   0.00    0.0  0.005  0.005  0.005  0.005  0.004  0.005
03:47:54 860.70   16.7   32.7   1406    3.0    191    7.6    29.4   0.2   0.82   4.52 1889.7     0.00   0.00    0.0  0.005  0.005  0.005  0.005  0.004  0.005
03:47:56 860.50   16.7   32.7   1408    3.0    191    7.6    29.4   0.2   0.82   4.52 1891.7     0.00   0.00    0.0  0.005  0.005  0.005  0.005  0.004  0.005
03:47:57 860.26   16.6   32.7   1410    3.0    191    7.6    29.4   0.2   0.82   4.51 1892.7     0.00   0.00    0.0  0.005  0.005  0.005  0.005  0.004  0.005
03:47:58 860.35   16.7   32.7   1409    3.0    192    7.6    29.4   0.2   0.82   4.52 1893.7     0.00   0.00    0.0  0.005  0.005  0.005  0.005  0.004  0.005
03:47:59 860.29   16.7   32.7   1410    3.0    191    7.6    29.4   0.2   0.82   4.52 1894.7     0.00   0.00    0.0  0.005  0.006  0.005  0.005  0.004  0.005
03:48:00 860.33   16.7   32.7   1410    3.0    191    7.6    29.4   0.2   0.82   4.53 1895.7     0.00   0.00    0.0  0.005  0.006  0.005  0.005  0.004  0.005
03:48:01 860.50   16.7   32.7   1408    3.0    191    7.6    29.4   0.2   0.82   4.52 1896.7     0.00   0.00    0.0  0.005  0.005  0.005  0.005  0.004  0.005
03:48:02 860.52   16.6   32.7   1408    2.9    191    7.6    29.4   0.2   0.82   4.51 1897.7     0.00   0.00    0.0  0.005  0.006  0.005  0.005  0.004  0.005
03:48:03 860.45   16.6   32.7   1408    2.9    191    7.6    29.3   0.2   0.82   4.50 1898.7     0.00   0.00    0.0  0.005  0.006  0.005  0.005  0.004  0.005
03:48:04 860.18   16.6   32.7   1411    2.9    191    7.6    29.4   0.2   0.82   4.52 1899.6     0.00   0.00    0.0  0.005  0.006  0.005  0.005  0.004  0.005
03:48:05 860.14   16.6   32.7   1411    2.9    191    7.6    29.4   0.2   0.82   4.51 1900.6     0.00   0.00    0.0  0.005  0.006  0.005  0.005  0.004  0.005
03:48:06 860.23   16.6   32.7   1411    2.9    191    7.6    29.3   0.2   0.82   4.51 1901.6     0.00   0.00    0.0  0.005  0.006  0.005  0.005  0.004  0.005
03:48:07 860.15   16.6   32.7   1411    3.0    190    7.6    29.4   0.2   0.82   4.52 1902.6     0.00   0.00    0.0  0.005  0.005  0.005  0.005  0.004  0.005
03:48:09 860.14   16.6   32.7   1411    3.0    190    7.6    29.4   0.2   0.82   4.51 1904.6     0.00   0.00    0.0  0.005  0.006  0.005  0.005  0.004  0.005
03:48:10 860.20   16.7   32.7   1411    3.0    191    7.6    29.4   0.2   0.82   4.52 1905.6     0.00   0.00    0.0  0.005  0.006  0.005  0.005  0.004  0.005
03:48:11 860.14   16.6   32.7   1411    3.0    191    7.6    29.4   0.2   0.82   4.52 1906.6     0.00   0.00    0.0  0.005  0.006  0.005  0.005  0.004  0.005
03:48:12 860.26   16.6   32.7   1410    3.0    190    7.6    29.3   0.1   0.82   4.50 1907.6     0.00   0.00    0.0  0.005  0.005  0.005  0.005  0.004  0.005
03:48:14 860.18   16.6   32.7   1411    3.0    190    7.6    29.4   0.2   0.82   4.50 1909.6     0.00   0.00    0.0  0.005  0.006  0.005  0.005  0.004  0.005
03:48:16 859.86   16.7   32.7   1414    3.0    191    7.6    29.4   0.2   0.82   4.52 1911.6     0.00   0.00    0.0  0.005  0.006  0.005  0.005  0.004  0.005
03:48:17 860.12   16.6   32.7   1412    3.0    191    7.6    29.4   0.2   0.82   4.52 1912.6     0.00   0.00    0.0  0.005  0.005  0.005  0.005  0.004  0.005
03:48:18 859.75   16.7   32.7   1415    3.0    190    7.6    29.4   0.2   0.82   4.53 1913.6     0.00   0.00    0.0  0.005  0.005  0.005  0.005  0.004  0.005
03:48:19 859.83   16.6   32.7   1415    3.0    190    7.6    29.4   0.2   0.82   4.51 1914.6     0.00   0.00    0.0  0.005  0.006  0.005  0.005  0.004  0.005
03:48:20 859.91   16.6   32.7   1414    3.0    190    7.6    29.4   0.2   0.82   4.51 1915.6     0.00   0.00    0.0  0.005  0.006  0.005  0.005  0.004  0.005
03:48:22 859.69   16.6   32.7   1416    3.0    190    7.6    29.4   0.2   0.82   4.51 1917.6     0.00   0.00    0.0  0.005  0.006  0.005  0.005  0.004  0.005
03:48:23 859.86   16.6   32.7   1414    3.0    191    7.6    29.4   0.2   0.82   4.51 1918.6     0.00   0.00    0.0  0.005  0.006  0.005  0.005  0.004  0.005
03:48:24 859.87   16.6   32.7   1414    3.0    191    7.6    29.4   0.1   0.82   4.50 1919.6     0.00   0.00    0.0  0.005  0.006  0.005  0.005  0.004  0.005
03:48:25 859.64   16.6   32.7   1416    2.9    190    7.6    29.4   0.2   0.82   4.51 1920.6     0.00   0.00    0.0  0.005  0.006  0.005  0.005  0.004  0.005
03:48:26 859.66   16.6   32.7   1416    2.9    191    7.6    29.4   0.2   0.82   4.52 1921.6     0.00   0.00    0.0  0.005  0.006  0.005  0.005  0.004  0.005
03:48:27 859.44   16.6   32.7   1418    2.9    191    7.6    29.4   0.2   0.82   4.51 1922.6     0.00   0.00    0.0  0.005  0.006  0.005  0.005  0.004  0.005
03:48:28 859.90   16.6   32.7   1414    2.9    190    7.6    29.4   0.2   0.82   4.51 1923.6     0.00   0.00    0.0  0.005  0.005  0.005  0.005  0.004  0.005
03:48:29 859.63   16.6   32.7   1416    2.9    190    7.6    29.4   0.2   0.82   4.51 1924.6     0.00   0.00    0.0  0.005  0.006  0.005  0.005  0.004  0.005
03:48:30 859.57   16.6   32.8   1417    2.9    191    7.6    29.4   0.2   0.82   4.51 1925.6     0.00   0.00    0.0  0.005  0.006  0.005  0.005  0.004  0.005
03:48:31 859.64   16.6   32.7   1416    2.9    190    7.6    29.4   0.2   0.82   4.51 1926.6     0.00   0.00    0.0  0.005  0.006  0.005  0.005  0.004  0.005
03:48:33 859.25   16.6   32.7   1420    2.8    190    7.6    29.4   0.2   0.82   4.52 1928.6     0.00   0.00    0.0  0.005  0.006  0.005  0.005  0.004  0.005
03:48:35 859.82   16.6   32.8   1415    2.8    189    7.6    29.3   0.2   0.82   4.51 1930.6     0.00   0.00    0.0  0.005  0.006  0.005  0.005  0.004  0.005
03:48:36 859.49   16.6   32.8   1418    2.8    189    7.6    29.4   0.1   0.82   4.50 1931.6     0.00   0.00    0.0  0.005  0.006  0.005  0.005  0.004  0.005
03:48:37 859.32   16.5   32.8   1420    2.8    189    7.6    29.4   0.2   0.82   4.51 1932.6     0.00   0.00    0.0  0.005  0.006  0.005  0.005  0.004  0.005
03:48:39 859.44   16.5   32.8   1418    2.8    188    7.6    29.3   0.1   0.82   4.50 1934.6     0.00   0.00    0.0  0.005  0.006  0.005  0.005  0.004  0.005
03:48:40 859.21   16.6   32.8   1421    2.8    189    7.6    29.4   0.2   0.82   4.52 1935.6     0.00   0.00    0.0  0.005  0.006  0.005  0.005  0.004  0.005
03:48:41 859.05   16.6   32.9   1422    2.8    189    7.6    29.4   0.2   0.82   4.53 1936.6     0.00   0.00    0.0  0.005  0.006  0.005  0.005  0.004  0.005
03:48:42 859.27   16.5   32.9   1420    2.8    189    7.6    29.3   0.2   0.82   4.50 1937.6     0.00   0.00    0.0  0.005  0.006  0.005  0.005  0.004  0.005
03:48:43 859.06   16.6   32.8   1422    2.8    190    7.6    29.4   0.2   0.82   4.52 1938.6     0.00   0.00    0.0  0.005  0.006  0.005  0.005  0.004  0.005
03:48:44 858.94   16.6   32.8   1423    2.8    190    7.6    29.5   0.2   0.82   4.53 1939.6     0.00   0.00    0.0  0.005  0.006  0.005  0.005  0.004  0.005
03:48:45 858.99   16.5   32.8   1423    2.8    190    7.6    29.4   0.2   0.82   4.51 1940.6     0.00   0.00    0.0  0.005  0.006  0.005  0.005  0.004  0.005
03:48:46 858.93   16.6   32.8   1423    2.8    191    7.6    29.4   0.2   0.82   4.52 1941.6     0.00   0.00    0.0  0.005  0.006  0.005  0.005  0.004  0.005
03:48:47 858.98   16.5   32.8   1423    2.8    190    7.6    29.4   0.1   0.82   4.50 1942.6     0.00   0.00    0.0  0.005  0.006  0.005  0.005  0.004  0.005
03:48:49 859.04   16.5   32.8   1422    2.8    190    7.6    29.4   0.2   0.82   4.52 1944.6     0.00   0.00    0.0  0.005  0.006  0.005  0.005  0.004  0.005
03:48:50 859.00   16.5   32.9   1423    2.8    190    7.6    29.4   0.2   0.82   4.52 1945.6     0.00   0.00    0.0  0.005  0.006  0.005  0.005  0.004  0.005
03:48:51 859.06   16.5   32.8   1422    2.8    190    7.6    29.4   0.2   0.82   4.51 1946.6     0.00   0.00    0.0  0.005  0.006  0.005  0.005  0.004  0.005
03:48:53 858.93   16.5   32.8   1423    2.8    190    7.6    29.4   0.2   0.82   4.51 1948.6     0.00   0.00    0.0  0.005  0.006  0.005  0.005  0.004  0.005
03:48:56 858.39   16.5   32.9   1429    2.9    189    7.6    29.4   0.2   0.82   4.51 1951.6     0.00   0.00    0.0  0.005  0.006  0.005  0.005  0.004  0.005
03:48:57 858.71   16.5   32.8   1426    2.9    189    7.6    29.4   0.2   0.82   4.51 1952.6     0.00   0.00    0.0  0.005  0.006  0.005  0.005  0.004  0.005
03:48:58 858.61   16.5   32.9   1427    2.9    189    7.6    29.4   0.1   0.82   4.51 1953.6     0.00   0.00    0.0  0.005  0.006  0.005  0.005  0.004  0.005
03:48:59 858.47   16.5   32.9   1428    2.9    189    7.6    29.4   0.1   0.82   4.50 1954.6     0.00   0.00    0.0  0.005  0.006  0.005  0.005  0.004  0.005
03:49:00 858.45   16.5   32.9   1428    2.9    189    7.6    29.5   0.2   0.82   4.52 1955.6     0.00   0.00    0.0  0.005  0.006  0.005  0.005  0.004  0.005
03:49:01 858.60   16.5   32.9   1427    2.9    189    7.6    29.4   0.1   0.82   4.50 1956.6     0.00   0.00    0.0  0.005  0.006  0.005  0.005  0.004  0.005
03:49:04 858.18   16.5   32.9   1431    2.9    189    7.6    29.4   0.1   0.82   4.50 1959.6     0.00   0.00    0.0  0.005  0.006  0.005  0.005  0.004  0.005
03:49:06 858.41   16.5   32.9   1429    2.9    190    7.6    29.4   0.2   0.82   4.51 1961.6     0.00   0.00    0.0  0.005  0.006  0.005  0.005  0.004  0.005
03:49:07 858.14   16.5   32.9   1431    2.8    189    7.6    29.4   0.2   0.82   4.51 1962.6     0.00   0.00    0.0  0.005  0.006  0.005  0.005  0.004  0.005
03:49:08 858.22   16.5   33.0   1430    2.8    189    7.6    29.4   0.2   0.82   4.52 1963.6     0.00   0.00    0.0  0.005  0.006  0.005  0.005  0.004  0.005
03:49:10 858.26   16.5   32.9   1430    2.8    188    7.6    29.4   0.2   0.82   4.51 1965.6     0.00   0.00    0.0  0.005  0.006  0.005  0.005  0.004  0.005
03:49:12 858.27   16.5   32.9   1430    2.9    189    7.6    29.4   0.1   0.82   4.50 1967.6     0.00   0.00    0.0  0.005  0.006  0.005  0.005  0.004  0.005
03:49:13 858.05   16.5   32.9   1432    2.8    189    7.6    29.4   0.1   0.82   4.50 1968.6     0.00   0.00    0.0  0.005  0.006  0.005  0.005  0.004  0.005
03:49:14 858.06   16.5   32.9   1432    2.8    189    7.6    29.4   0.1   0.82   4.51 1969.6     0.00   0.00    0.0  0.005  0.006  0.005  0.005  0.004  0.005
03:49:17 858.36   16.5   32.9   1429    2.8    188    7.6    29.4   0.1   0.82   4.50 1972.6     0.00   0.00    0.0  0.005  0.006  0.005  0.005  0.004  0.005
03:49:18 857.85   16.4   33.0   1434    2.8    189    7.6    29.4   0.1   0.82   4.51 1973.6     0.00   0.00    0.0  0.005  0.006  0.005  0.005  0.004  0.005
03:49:19 857.85   16.4   33.0   1434    2.8    189    7.6    29.4   0.1   0.82   4.50 1974.6     0.00   0.00    0.0  0.005  0.006  0.005  0.005  0.004  0.005
03:49:21 857.75   16.4   33.0   1435    2.8    189    7.6    29.4   0.1   0.82   4.51 1976.6     0.00   0.00    0.0  0.005  0.006  0.005  0.005  0.004  0.005
03:49:23 857.82   16.4   32.9   1434    2.9    189    7.6    29.4   0.1   0.82   4.49 1978.6     0.00   0.00    0.0  0.005  0.006  0.005  0.005  0.004  0.005
03:49:24 857.74   16.4   32.9   1435    2.9    189    7.6    29.4   0.1   0.82   4.50 1979.6     0.00   0.00    0.0  0.005  0.006  0.005  0.005  0.004  0.005
03:49:26 857.68   16.4   32.9   1436    2.9    189    7.6    29.4   0.1   0.82   4.50 1981.6     0.00   0.00    0.0  0.005  0.006  0.005  0.005  0.004  0.005
03:49:27 857.53   16.4   33.0   1437    2.9    189    7.6    29.4   0.1   0.82   4.51 1982.6     0.00   0.00    0.0  0.005  0.006  0.005  0.005  0.004  0.005
03:49:29 857.58   16.5   32.9   1437    2.9    190    7.6    29.5   0.1   0.82   4.51 1984.6     0.00   0.00    0.0  0.005  0.006  0.005  0.005  0.004  0.005
03:49:30 857.57   16.4   32.9   1437    2.8    189    7.6    29.4   0.1   0.82   4.50 1985.6     0.00   0.00    0.0  0.005  0.006  0.005  0.005  0.004  0.005
03:49:36 857.16   16.4   33.0   1441    2.8    188    7.6    29.4   0.1   0.82   4.50 1991.6     0.00   0.00    0.0  0.005  0.006  0.005  0.005  0.004  0.005
03:49:37 857.38   16.4   33.0   1439    2.8    188    7.6    29.4   0.1   0.82   4.49 1992.6     0.00   0.00    0.0  0.005  0.006  0.005  0.005  0.004  0.005
03:49:38 857.13   16.4   33.0   1441    2.8    189    7.6    29.4   0.1   0.82   4.50 1993.6     0.00   0.00    0.0  0.005  0.006  0.005  0.005  0.004  0.005
03:49:39 857.15   16.4   33.0   1441    2.8    188    7.6    29.4   0.1   0.82   4.50 1994.6     0.00   0.00    0.0  0.005  0.006  0.005  0.005  0.004  0.005
03:49:40 857.08   16.4   33.0   1442    2.8    188    7.6    29.4   0.1   0.82   4.50 1995.6     0.00   0.00    0.0  0.005  0.006  0.005  0.005  0.004  0.005
03:49:44 856.84   16.3   33.0   1444    2.9    187    7.6    29.4   0.1   0.82   4.49 2000.5     0.00   0.00    0.0  0.005  0.006  0.005  0.005  0.004  0.005
03:49:46 857.16   16.3   33.0   1441    2.9    187    7.6    29.4   0.1   0.82   4.48 2001.5     0.00   0.00    0.0  0.005  0.006  0.005  0.005  0.004  0.005
03:49:47 856.71   16.3   33.0   1445    2.9    187    7.6    29.4   0.1   0.82   4.49 2002.5     0.00   0.00    0.0  0.005  0.006  0.005  0.005  0.004  0.005
03:49:48 856.84   16.4   33.0   1444    2.8    187    7.6    29.5   0.1   0.82   4.51 2003.5     0.00   0.00    0.0  0.005  0.006  0.005  0.005  0.004  0.005
03:49:49 856.51   16.3   33.1   1447    2.8    188    7.6    29.4   0.1   0.82   4.50 2004.5     0.00   0.00    0.0  0.005  0.006  0.005  0.005  0.004  0.005
03:49:51 856.52   16.3   33.1   1447    2.9    187    7.6    29.4   0.1   0.82   4.49 2006.5     0.00   0.00    0.0  0.005  0.006  0.005  0.005  0.004  0.005
03:49:52 856.48   16.4   33.1   1448    2.8    187    7.6    29.5   0.1   0.82   4.51 2007.5     0.00   0.00    0.0  0.005  0.006  0.005  0.005  0.004  0.005
03:49:54 856.60   16.3   33.1   1446    2.8    187    7.6    29.4   0.1   0.82   4.49 2009.5     0.00   0.00    0.0  0.005  0.006  0.005  0.005  0.004  0.005
03:49:55 856.49   16.3   33.1   1448    2.8    187    7.6    29.4   0.1   0.82   4.49 2010.5     0.00   0.00    0.0  0.005  0.006  0.005  0.005  0.004  0.005
03:49:57 856.52   16.3   33.1   1447    2.8    190    7.6    29.4   0.1   0.82   4.49 2012.5     0.00   0.00    0.0  0.005  0.006  0.005  0.005  0.004  0.005
03:49:58 856.31   16.3   33.1   1449    2.8    189    7.6    29.4   0.1   0.82   4.50 2013.5     0.00   0.00    0.0  0.005  0.006  0.005  0.005  0.004  0.005
03:49:59 856.29   16.3   33.1   1450    2.8    190    7.6    29.4   0.1   0.82   4.49 2014.5     0.00   0.00    0.0  0.005  0.006  0.005  0.005  0.004  0.005
03:50:00 856.16   16.3   33.1   1451    2.8    189    7.6    29.4   0.1   0.82   4.50 2015.5     0.00   0.00    0.0  0.005  0.006  0.005  0.005  0.004  0.005
03:50:01 856.04   16.3   33.1   1452    2.8    189    7.6    29.4   0.1   0.82   4.49 2016.5     0.00   0.00    0.0  0.005  0.006  0.005  0.005  0.004  0.005
03:50:02 856.25   16.3   33.1   1450    2.8    189    7.6    29.4   0.1   0.82   4.49 2017.5     0.00   0.00    0.0  0.005  0.006  0.005  0.005  0.004  0.005
03:50:04 856.21   16.3   33.2   1450    2.8    189    7.6    29.4   0.1   0.82   4.49 2019.5     0.00   0.00    0.0  0.005  0.006  0.005  0.005  0.004  0.005
03:50:06 856.19   16.3   33.2   1451    2.8    188    7.6    29.4   0.1   0.82   4.50 2021.5     0.00   0.00    0.0  0.005  0.006  0.005  0.005  0.004  0.005
03:50:07 855.93   16.3   33.2   1453    2.8    188    7.6    29.4   0.1   0.82   4.49 2022.5     0.00   0.00    0.0  0.005  0.006  0.005  0.005  0.004  0.005
03:50:08 855.81   16.3   33.2   1454    2.8    189    7.6    29.4   0.1   0.82   4.50 2024.5     0.00   0.00    0.0  0.005  0.006  0.005  0.005  0.004  0.005
03:50:10 855.94   16.2   33.2   1453    2.8    190    7.6    29.4   0.0   0.82   4.49 2025.5     0.00   0.00    0.0  0.005  0.006  0.005  0.005  0.004  0.005
03:50:11 856.02   16.3   33.2   1452    2.8    190    7.6    29.4   0.1   0.82   4.50 2026.5     0.00   0.00    0.0  0.005  0.006  0.005  0.005  0.004  0.005
03:50:12 855.86   16.3   33.2   1454    2.8    189    7.6    29.4   0.1   0.82   4.50 2027.5     0.00   0.00    0.0  0.005  0.006  0.005  0.005  0.004  0.005
03:50:13 856.07   16.3   33.2   1452    2.8    188    7.6    29.4   0.1   0.82   4.49 2028.5     0.00   0.00    0.0  0.005  0.006  0.005  0.005  0.004  0.005
03:50:16 855.96   16.3   33.2   1453    2.8    189    7.6    29.4   0.1   0.82   4.50 2031.5     0.00   0.00    0.0  0.005  0.006  0.005  0.005  0.004  0.005
03:50:17 855.70   16.3   33.2   1455    2.8    189    7.6    29.4   0.1   0.82   4.50 2032.5     0.00   0.00    0.0  0.005  0.006  0.005  0.005  0.004  0.005
03:50:19 855.63   16.3   33.2   1456    2.8    187    7.6    29.4   0.1   0.82   4.50 2034.5     0.00   0.00    0.0  0.005  0.006  0.005  0.005  0.004  0.005
03:50:19 855.78   16.3   33.2   1455    2.8    187    7.6    29.4   0.1   0.82   4.49 2035.5     0.00   0.00    0.0  0.005  0.006  0.005  0.005  0.004  0.005
03:50:24 855.37   16.2   33.3   1459    2.8    188    7.6    29.4   0.1   0.82   4.50 2039.5     0.00   0.00    0.0  0.005  0.006  0.005  0.005  0.004  0.005
03:50:25 855.34   16.2   33.2   1459    2.8    189    7.6    29.4   0.1   0.82   4.49 2040.5     0.00   0.00    0.0  0.005  0.006  0.005  0.005  0.004  0.005
03:50:26 855.34   16.2   33.3   1459    2.8    190    7.6    29.4   0.1   0.82   4.50 2041.5     0.00   0.00    0.0  0.005  0.006  0.005  0.005  0.004  0.005
03:50:28 855.33   16.2   33.3   1459    2.9    190    7.6    29.4   0.1   0.82   4.50 2043.5     0.00   0.00    0.0  0.005  0.006  0.005  0.005  0.004  0.005
03:50:29 855.39   16.2   33.2   1459    2.9    189    7.6    29.4   0.1   0.82   4.49 2044.5     0.00   0.00    0.0  0.005  0.006  0.005  0.005  0.004  0.005
03:50:31 855.26   16.2   33.3   1460    2.9    189    7.6    29.4   0.1   0.82   4.50 2046.5     0.00   0.00    0.0  0.005  0.006  0.005  0.005  0.004  0.005
03:50:33 855.11   16.2   33.3   1461    2.9    190    7.6    29.4   0.0   0.82   4.49 2048.5     0.00   0.00    0.0  0.005  0.006  0.005  0.005  0.004  0.005
03:50:34 854.96   16.2   33.3   1463    2.8    190    7.6    29.5   0.1   0.82   4.50 2049.5     0.00   0.00    0.0  0.005  0.006  0.005  0.005  0.004  0.005
03:50:35 855.04   16.2   33.3   1462    2.9    190    7.6    29.4   0.0   0.82   4.49 2050.5     0.00   0.00    0.0  0.005  0.006  0.005  0.005  0.004  0.005
03:50:36 855.02   16.2   33.3   1462    2.9    190    7.6    29.4   0.0   0.82   4.48 2051.5     0.00   0.00    0.0  0.005  0.006  0.005  0.005  0.004  0.005
03:50:37 854.89   16.2   33.3   1463    2.9    190    7.6    29.4   0.1   0.82   4.50 2052.5     0.00   0.00    0.0  0.005  0.006  0.005  0.005  0.004  0.005
03:50:39 854.81   16.2   33.3   1464    2.8    189    7.6    29.5   0.1   0.82   4.51 2054.5     0.00   0.00    0.0  0.005  0.006  0.005  0.005  0.004  0.005
03:50:40 854.62   16.1   33.4   1466    2.8    188    7.6    29.4   0.0   0.82   4.49 2055.5     0.00   0.00    0.0  0.005  0.006  0.005  0.005  0.004  0.005
03:50:40 854.99   16.2   33.3   1462    2.8    188    7.6    29.4   0.0   0.82   4.49 2056.5     0.00   0.00    0.0  0.005  0.006  0.005  0.005  0.004  0.005
03:50:41 854.69   16.2   33.3   1465    2.8    187    7.6    29.4   0.0   0.82   4.49 2057.5     0.00   0.00    0.0  0.005  0.006  0.005  0.005  0.004  0.005
03:50:42 854.52   16.2   33.3   1467    2.8    188    7.6    29.5   0.0   0.82   4.50 2058.5     0.00   0.00    0.0  0.005  0.006  0.005  0.005  0.004  0.005
03:50:43 854.62   16.2   33.4   1466    2.8    188    7.6    29.4   0.0   0.82   4.49 2059.5     0.00   0.00    0.0  0.005  0.006  0.005  0.005  0.004  0.005
03:50:44 854.98   16.2   33.3   1463    2.8    187    7.6    29.4   0.1   0.82   4.50 2060.5     0.00   0.00    0.0  0.005  0.006  0.005  0.005  0.004  0.005
03:50:46 854.92   16.2   33.3   1463    2.8    187    7.6    29.4   0.0   0.82   4.49 2062.5     0.00   0.00    0.0  0.005  0.006  0.005  0.005  0.004  0.005
03:50:47 854.42   16.2   33.3   1468    2.8    187    7.6    29.5   0.0   0.82   4.49 2063.5     0.00   0.00    0.0  0.005  0.006  0.005  0.005  0.004  0.005
03:50:48 854.59   16.1   33.3   1466    2.8    187    7.6    29.4   0.0   0.82   4.48 2064.5     0.00   0.00    0.0  0.005  0.006  0.005  0.005  0.004  0.005
03:50:49 854.54   16.1   33.4   1467    2.7    187    7.6    29.4   0.0   0.82   4.49 2065.5     0.00   0.00    0.0  0.005  0.006  0.005  0.005  0.004  0.005
03:50:50 854.47   16.1   33.4   1468    2.8    187    7.6    29.4   0.0   0.82   4.49 2066.5     0.00   0.00    0.0  0.005  0.006  0.005  0.005  0.004  0.005
03:50:51 854.56   16.1   33.4   1467    2.7    187    7.6    29.4   0.0   0.82   4.49 2067.5     0.00   0.00    0.0  0.005  0.006  0.005  0.005  0.004  0.005
03:50:53 854.32   16.2   33.3   1469    2.7    188    7.6    29.5   0.0   0.82   4.49 2069.5     0.00   0.00    0.0  0.005  0.006  0.005  0.005  0.004  0.005
03:50:54 854.50   16.1   33.4   1467    2.7    188    7.6    29.4   0.0   0.82   4.49 2070.5     0.00   0.00    0.0  0.005  0.006  0.005  0.005  0.004  0.005
03:50:55 854.56   16.1   33.4   1467    2.8    188    7.6    29.4   0.0   0.82   4.49 2071.5     0.00   0.00    0.0  0.005  0.006  0.005  0.005  0.004  0.005
03:50:56 854.32   16.1   33.4   1469    2.8    187    7.6    29.4  -0.0   0.82   4.48 2072.5     0.00   0.00    0.0  0.005  0.006  0.005  0.005  0.004  0.005
03:50:57 854.49   16.1   33.4   1467    2.8    187    7.6    29.4   0.1   0.82   4.50 2073.5     0.00   0.00    0.0  0.005  0.006  0.005  0.005  0.004  0.005
03:50:58 853.90   16.1   33.4   1473    2.8    187    7.6    29.4  -0.0   0.82   4.48 2074.5     0.00   0.00    0.0  0.005  0.006  0.005  0.005  0.004  0.005
03:50:59 854.37   16.1   33.4   1469    2.7    188    7.6    29.4   0.0   0.82   4.49 2075.5     0.00   0.00    0.0  0.005  0.006  0.005  0.005  0.004  0.005
03:51:00 854.07   16.1   33.4   1472    2.7    188    7.6    29.4   0.0   0.82   4.49 2076.5     0.00   0.00    0.0  0.005  0.006  0.005  0.005  0.004  0.005
03:51:01 853.93   16.1   33.4   1473    2.7    189    7.6    29.4   0.0   0.82   4.49 2077.5     0.00   0.00    0.0  0.005  0.006  0.005  0.005  0.004  0.005
03:51:02 853.90   16.1   33.4   1473    2.7    190    7.6    29.4   0.0   0.82   4.49 2078.5     0.00   0.00    0.0  0.005  0.006  0.005  0.005  0.004  0.005
03:51:03 854.07   16.1   33.4   1472    2.7    190    7.6    29.4   0.0   0.82   4.48 2079.5     0.00   0.00    0.0  0.005  0.006  0.005  0.005  0.004  0.005
03:51:04 854.13   16.1   33.5   1471    2.7    192    7.6    29.4   0.0   0.82   4.49 2080.5     0.00   0.00    0.0  0.005  0.006  0.005  0.005  0.004  0.005
03:51:05 854.00   16.1   33.4   1472    2.8    191    7.6    29.5   0.0   0.82   4.49 2081.5     0.00   0.00    0.0  0.005  0.006  0.005  0.005  0.004  0.005
03:51:07 854.04   16.1   33.5   1472    2.8    191    7.6    29.4   0.0   0.82   4.50 2083.5     0.00   0.00    0.0  0.005  0.006  0.005  0.005  0.004  0.005
03:51:08 853.87   16.0   33.4   1474    2.8    190    7.6    29.4  -0.0   0.82   4.48 2084.5     0.00   0.00    0.0  0.005  0.006  0.005  0.005  0.004  0.005
03:51:09 854.02   16.0   33.4   1472    2.8    190    7.6    29.4  -0.0   0.82   4.48 2085.5     0.00   0.00    0.0  0.005  0.006  0.005  0.005  0.004  0.005
03:51:10 853.67   16.0   33.5   1476    2.8    189    7.6    29.4  -0.0   0.82   4.48 2086.5     0.00   0.00    0.0  0.005  0.006  0.005  0.005  0.004  0.005
03:51:11 853.60   16.1   33.5   1476    2.8    189    7.6    29.5   0.0   0.82   4.50 2087.5     0.00   0.00    0.0  0.005  0.006  0.005  0.005  0.004  0.005
03:51:12 853.55   16.1   33.5   1477    2.8    188    7.6    29.5   0.0   0.82   4.49 2088.5     0.00   0.00    0.0  0.005  0.006  0.005  0.005  0.004  0.005
03:51:13 853.41   16.0   33.5   1478    2.7    188    7.6    29.4  -0.0   0.82   4.48 2089.5     0.00   0.00    0.0  0.005  0.006  0.005  0.005  0.004  0.005
03:51:14 853.45   16.0   33.5   1478    2.8    188    7.6    29.4  -0.0   0.82   4.47 2090.5     0.00   0.00    0.0  0.005  0.006  0.005  0.005  0.004  0.005
03:51:15 853.58   16.0   33.5   1477    2.8    187    7.6    29.4  -0.0   0.82   4.48 2091.5     0.00   0.00    0.0  0.005  0.006  0.005  0.005  0.004  0.005
03:51:16 853.43   16.0   33.5   1478    2.8    188    7.6    29.4  -0.0   0.82   4.48 2092.5     0.00   0.00    0.0  0.005  0.006  0.005  0.005  0.004  0.005
03:51:17 853.38   16.0   33.5   1478    2.7    187    7.6    29.4  -0.0   0.82   4.48 2093.5     0.00   0.00    0.0  0.005  0.006  0.005  0.005  0.004  0.005
03:51:20 853.32   16.0   33.5   1479    2.7    190    7.6    29.4   0.0   0.82   4.49 2096.5     0.00   0.00    0.0  0.005  0.006  0.005  0.005  0.004  0.005
03:51:21 853.30   16.0   33.6   1479    2.7    190    7.6    29.4   0.0   0.82   4.50 2097.5     0.00   0.00    0.0  0.005  0.006  0.005  0.005  0.004  0.005
03:51:22 853.12   16.0   33.6   1481    2.7    189    7.6    29.4   0.0   0.82   4.49 2098.5     0.00   0.00    0.0  0.005  0.006  0.005  0.005  0.004  0.005
03:51:23 853.11   16.0   33.5   1481    2.7    189    7.6    29.5   0.0   0.82   4.49 2099.5     0.00   0.00    0.0  0.005  0.006  0.005  0.005  0.004  0.005
03:51:24 853.21   16.0   33.6   1480    2.7    190    7.6    29.4   0.0   0.82   4.49 2100.5     0.00   0.00    0.0  0.005  0.006  0.005  0.005  0.004  0.005
03:51:26 853.22   16.0   33.6   1480    2.7    189    7.6    29.4   0.0   0.82   4.49 2102.4     0.00   0.00    0.0  0.005  0.006  0.005  0.005  0.004  0.005
03:51:27 853.24   16.0   33.6   1480    2.7    189    7.6    29.4  -0.0   0.82   4.48 2103.4     0.00   0.00    0.0  0.005  0.006  0.005  0.005  0.004  0.005
03:51:28 852.95   15.9   33.6   1483    2.8    189    7.6    29.4  -0.0   0.82   4.47 2104.4     0.00   0.00    0.0  0.005  0.006  0.005  0.005  0.004  0.005
03:51:29 853.01   16.0   33.6   1482    2.7    189    7.6    29.5   0.0   0.82   4.49 2105.4     0.00   0.00    0.0  0.005  0.006  0.005  0.005  0.004  0.005
03:51:30 853.04   16.0   33.6   1482    2.7    189    7.6    29.4  -0.0   0.82   4.48 2106.4     0.00   0.00    0.0  0.005  0.006  0.005  0.005  0.004  0.005
03:51:31 853.03   16.0   33.6   1482    2.7    190    7.6    29.4  -0.0   0.82   4.49 2107.4     0.00   0.00    0.0  0.005  0.006  0.005  0.005  0.004  0.005
03:51:32 852.97   16.0   33.6   1483    2.7    189    7.6    29.4  -0.0   0.82   4.48 2108.4     0.00   0.00    0.0  0.005  0.006  0.005  0.005  0.004  0.005
03:51:33 852.99   16.0   33.6   1482    2.7    190    7.6    29.4  -0.0   0.82   4.49 2109.4     0.00   0.00    0.0  0.005  0.006  0.005  0.005  0.004  0.005
03:51:34 852.95   15.9   33.6   1483    2.7    190    7.6    29.4  -0.0   0.82   4.48 2110.4     0.00   0.00    0.0  0.005  0.006  0.005  0.005  0.004  0.005
03:51:36 852.94   16.0   33.6   1483    2.7    191    7.6    29.4   0.0   0.82   4.49 2112.4     0.00   0.00    0.0  0.005  0.006  0.005  0.005  0.004  0.005
03:51:41 852.71   15.9   33.7   1485    2.7    188    7.6    29.4  -0.0   0.82   4.47 2117.4     0.00   0.00    0.0  0.005  0.006  0.005  0.005  0.004  0.005
03:51:44 852.35   15.9   33.7   1489    2.7    189    7.6    29.4  -0.0   0.82   4.48 2120.4     0.00   0.00    0.0  0.005  0.006  0.005  0.005  0.004  0.005
03:51:45 852.24   15.9   33.7   1490    2.7    189    7.6    29.4  -0.0   0.82   4.49 2121.4     0.00   0.00    0.0  0.005  0.006  0.005  0.005  0.004  0.005
03:51:46 852.32   15.9   33.7   1489    2.7    189    7.6    29.4  -0.1   0.82   4.47 2122.4     0.00   0.00    0.0  0.005  0.006  0.005  0.005  0.004  0.005
03:51:47 852.65   16.0   33.7   1486    2.7    189    7.6    29.4   0.0   0.82   4.49 2123.4     0.00   0.00    0.0  0.005  0.006  0.005  0.005  0.004  0.005
03:51:48 852.36   15.9   33.7   1489    2.7    190    7.6    29.4  -0.0   0.82   4.49 2124.4     0.00   0.00    0.0  0.005  0.006  0.005  0.005  0.004  0.005
03:51:50 852.17   15.9   33.7   1491    2.7    190    7.6    29.4  -0.0   0.82   4.48 2126.4     0.00   0.00    0.0  0.005  0.006  0.005  0.005  0.004  0.005
03:51:51 852.04   15.9   33.7   1492    2.8    190    7.6    29.4  -0.0   0.82   4.48 2127.4     0.00   0.00    0.0  0.005  0.006  0.005  0.005  0.004  0.005
03:51:52 852.14   15.9   33.7   1491    2.8    190    7.6    29.4  -0.0   0.82   4.48 2128.4     0.00   0.00    0.0  0.005  0.006  0.005  0.005  0.004  0.005
03:51:53 852.22   15.9   33.7   1490    2.8    190    7.6    29.4  -0.0   0.82   4.48 2129.4     0.00   0.00    0.0  0.005  0.006  0.005  0.005  0.004  0.005
03:51:54 852.10   15.9   33.7   1491    2.8    190    7.6    29.5  -0.0   0.82   4.49 2130.4     0.00   0.00    0.0  0.005  0.006  0.005  0.005  0.004  0.005
03:51:55 851.95   15.9   33.7   1493    2.8    191    7.6    29.5   0.0   0.82   4.50 2131.4     0.00   0.00    0.0  0.005  0.006  0.005  0.005  0.004  0.005
03:51:56 851.98   15.9   33.7   1492    2.8    190    7.6    29.4  -0.0   0.82   4.48 2132.4     0.00   0.00    0.0  0.005  0.006  0.005  0.005  0.004  0.005
03:51:57 852.05   15.9   33.7   1492    2.8    190    7.6    29.4  -0.0   0.82   4.48 2133.4     0.00   0.00    0.0  0.005  0.006  0.005  0.005  0.004  0.005
03:51:58 852.04   15.9   33.7   1492    2.9    190    7.6    29.4  -0.0   0.82   4.48 2134.4     0.00   0.00    0.0  0.005  0.006  0.005  0.005  0.004  0.005
03:51:59 852.07   15.9   33.7   1492    2.8    190    7.6    29.5  -0.0   0.82   4.49 2135.4     0.00   0.00    0.0  0.005  0.006  0.005  0.005  0.004  0.005
03:52:00 852.09   15.9   33.7   1491    2.8    190    7.6    29.4  -0.0   0.82   4.48 2136.4     0.00   0.00    0.0  0.005  0.006  0.005  0.005  0.004  0.005
03:52:01 851.99   15.9   33.7   1492    2.9    190    7.6    29.5  -0.0   0.82   4.49 2137.4     0.00   0.00    0.0  0.005  0.006  0.005  0.005  0.004  0.005
03:52:05 851.54   15.9   33.7   1497    2.9    189    7.6    29.5  -0.0   0.82   4.48 2141.4     0.00   0.00    0.0  0.005  0.006  0.005  0.005  0.004  0.005
03:52:06 851.75   15.9   33.7   1495    2.9    189    7.6    29.4  -0.1   0.82   4.47 2142.4     0.00   0.00    0.0  0.005  0.006  0.005  0.005  0.004  0.005
03:52:07 851.82   15.8   33.8   1494    2.9    190    7.6    29.4  -0.1   0.82   4.47 2143.4     0.00   0.00    0.0  0.005  0.006  0.005  0.005  0.004  0.005
03:52:08 851.52   15.9   33.7   1497    2.9    189    7.6    29.5  -0.1   0.82   4.48 2144.4     0.00   0.00    0.0  0.005  0.006  0.005  0.005  0.004  0.005
03:52:09 851.43   15.9   33.8   1498    2.9    189    7.6    29.5  -0.0   0.82   4.49 2145.4     0.00   0.00    0.0  0.005  0.006  0.005  0.005  0.004  0.005
03:52:10 851.33   15.9   33.7   1499    2.9    189    7.6    29.5  -0.0   0.82   4.49 2146.4     0.00   0.00    0.0  0.005  0.006  0.005  0.005  0.004  0.005
03:52:11 851.45   15.9   33.7   1498    2.9    190    7.6    29.4  -0.1   0.82   4.48 2147.4     0.00   0.00    0.0  0.005  0.006  0.005  0.005  0.004  0.005
03:52:12 851.47   15.8   33.8   1497    2.9    190    7.6    29.4  -0.1   0.82   4.47 2148.4     0.00   0.00    0.0  0.005  0.006  0.005  0.005  0.004  0.005
03:52:13 851.42   15.9   33.8   1498    2.9    190    7.6    29.5  -0.0   0.82   4.49 2149.4     0.00   0.00    0.0  0.005  0.006  0.005  0.005  0.004  0.005
03:52:15 851.37   15.9   33.8   1498    3.0    190    7.6    29.5  -0.0   0.82   4.49 2151.4     0.00   0.00    0.0  0.005  0.006  0.005  0.005  0.004  0.005
03:52:16 851.29   15.9   33.8   1499    2.9    190    7.6    29.5  -0.0   0.82   4.48 2152.4     0.00   0.00    0.0  0.005  0.006  0.005  0.005  0.004  0.005
03:52:17 851.22   15.9   33.7   1500    3.0    190    7.6    29.5  -0.1   0.82   4.47 2153.4     0.00   0.00    0.0  0.005  0.006  0.005  0.005  0.004  0.005
03:52:19 851.28   15.9   33.8   1499    2.9    189    7.6    29.5  -0.0   0.82   4.48 2155.4     0.00   0.00    0.0  0.005  0.006  0.005  0.005  0.004  0.005
03:52:20 851.14   15.8   33.8   1501    2.9    189    7.6    29.4  -0.1   0.82   4.48 2156.4     0.00   0.00    0.0  0.005  0.006  0.005  0.005  0.004  0.005
03:52:21 851.03   15.8   33.8   1502    2.9    189    7.6    29.5  -0.0   0.82   4.48 2157.4     0.00   0.00    0.0  0.005  0.006  0.005  0.005  0.004  0.005
03:52:22 851.05   15.8   33.8   1502    2.9    190    7.6    29.4  -0.1   0.82   4.47 2158.4     0.00   0.00    0.0  0.005  0.006  0.005  0.005  0.004  0.005
03:52:23 850.94   15.8   33.8   1503    2.9    191    7.6    29.5  -0.1   0.82   4.48 2159.4     0.00   0.00    0.0  0.005  0.006  0.005  0.005  0.004  0.005
03:52:24 850.91   15.8   33.8   1503    2.9    190    7.6    29.5  -0.1   0.82   4.48 2160.4     0.00   0.00    0.0  0.005  0.006  0.005  0.005  0.004  0.005
03:52:28 850.81   15.8   33.8   1504    2.9    192    7.6    29.5  -0.1   0.82   4.48 2164.4     0.00   0.00    0.0  0.005  0.006  0.005  0.005  0.004  0.005
03:52:29 850.83   15.8   33.8   1504    2.9    192    7.6    29.4  -0.1   0.82   4.47 2165.4     0.00   0.00    0.0  0.005  0.006  0.005  0.005  0.004  0.005
03:52:30 850.76   15.8   33.8   1505    2.9    191    7.6    29.5  -0.1   0.82   4.47 2166.4     0.00   0.00    0.0  0.005  0.006  0.005  0.005  0.004  0.005
03:52:31 850.67   15.8   33.8   1505    2.9    190    7.6    29.5  -0.1   0.82   4.47 2167.4     0.00   0.00    0.0  0.005  0.006  0.005  0.005  0.004  0.005
03:52:36 850.79   15.8   33.8   1504    2.9    189    7.6    29.4  -0.1   0.82   4.47 2172.4     0.00   0.00    0.0  0.005  0.006  0.005  0.005  0.004  0.005
03:52:37 850.37   15.8   33.9   1509    2.9    189    7.6    29.5  -0.1   0.82   4.48 2173.4     0.00   0.00    0.0  0.005  0.006  0.005  0.005  0.004  0.005
03:52:38 850.59   15.8   33.9   1506    2.9    189    7.6    29.4  -0.1   0.82   4.46 2174.4     0.00   0.00    0.0  0.005  0.006  0.005  0.005  0.004  0.005
03:52:40 850.37   15.7   33.9   1508    2.8    190    7.6    29.4  -0.1   0.82   4.46 2176.4     0.00   0.00    0.0  0.005  0.006  0.005  0.005  0.004  0.005
03:52:41 850.28   15.7   33.9   1509    2.8    191    7.6    29.4  -0.1   0.82   4.46 2177.4     0.00   0.00    0.0  0.005  0.006  0.005  0.005  0.004  0.005
03:52:42 850.57   15.7   33.9   1506    2.8    191    7.6    29.4  -0.1   0.82   4.47 2178.4     0.00   0.00    0.0  0.005  0.006  0.005  0.005  0.004  0.005
03:52:43 850.42   15.8   33.9   1508    2.9    190    7.6    29.5  -0.1   0.82   4.48 2179.4     0.00   0.00    0.0  0.005  0.006  0.005  0.005  0.004  0.005
03:52:44 850.18   15.7   33.9   1510    2.8    190    7.6    29.5  -0.1   0.82   4.47 2180.4     0.00   0.00    0.0  0.005  0.006  0.005  0.005  0.004  0.005
03:52:45 850.28   15.7   33.9   1509    2.9    191    7.6    29.4  -0.1   0.82   4.47 2181.4     0.00   0.00    0.0  0.005  0.006  0.005  0.005  0.004  0.005
03:52:46 850.20   15.7   33.9   1510    2.8    190    7.6    29.4  -0.1   0.82   4.46 2182.4     0.00   0.00    0.0  0.005  0.006  0.005  0.005  0.004  0.005
03:52:47 850.50   15.8   33.9   1507    2.9    191    7.6    29.4  -0.1   0.82   4.47 2183.4     0.00   0.00    0.0  0.005  0.006  0.005  0.005  0.004  0.005
03:52:48 850.14   15.7   33.9   1511    2.9    192    7.6    29.4  -0.1   0.82   4.46 2184.4     0.00   0.00    0.0  0.005  0.006  0.005  0.005  0.004  0.005
03:52:49 850.16   15.7   33.9   1511    2.9    191    7.6    29.5  -0.1   0.82   4.47 2185.4     0.00   0.00    0.0  0.005  0.006  0.005  0.005  0.004  0.005
03:52:51 849.99   15.7   33.9   1512    2.8    191    7.6    29.5  -0.1   0.82   4.47 2187.4     0.00   0.00    0.0  0.005  0.006  0.005  0.005  0.004  0.005
03:52:52 850.17   15.8   33.9   1510    2.8    190    7.6    29.5  -0.1   0.82   4.47 2188.4     0.00   0.00    0.0  0.005  0.006  0.005  0.005  0.004  0.005
03:52:53 850.02   15.7   33.9   1512    2.8    190    7.6    29.5  -0.1   0.82   4.47 2189.4     0.00   0.00    0.0  0.005  0.006  0.005  0.005  0.004  0.005
03:52:55 849.84   15.7   33.9   1514    2.7    191    7.6    29.4  -0.1   0.82   4.46 2191.4     0.00   0.00    0.0  0.005  0.006  0.005  0.005  0.004  0.005
03:52:56 849.96   15.7   33.9   1513    2.7    190    7.6    29.4  -0.1   0.82   4.46 2192.4     0.00   0.00    0.0  0.005  0.006  0.005  0.005  0.004  0.005
03:52:57 849.77   15.7   33.9   1514    2.7    190    7.6    29.5  -0.1   0.82   4.47 2193.4     0.00   0.00    0.0  0.005  0.006  0.005  0.005  0.004  0.005
03:52:58 849.67   15.7   34.0   1515    2.7    191    7.6    29.4  -0.1   0.82   4.46 2194.4     0.00   0.00    0.0  0.005  0.006  0.005  0.005  0.004  0.005
03:53:00 849.65   15.7   33.9   1516    2.7    191    7.6    29.5  -0.1   0.82   4.47 2196.4     0.00   0.00    0.0  0.005  0.006  0.005  0.005  0.004  0.005
03:53:01 849.73   15.7   33.9   1515    2.6    190    7.6    29.5  -0.1   0.82   4.46 2197.4     0.00   0.00    0.0  0.005  0.006  0.005  0.005  0.004  0.005
03:53:02 849.57   15.7   33.9   1516    2.7    190    7.6    29.4  -0.2   0.82   4.45 2198.4     0.00   0.00    0.0  0.005  0.006  0.005  0.005  0.004  0.005
03:53:03 849.51   15.7   34.0   1517    2.7    189    7.6    29.5  -0.1   0.82   4.46 2199.4     0.00   0.00    0.0  0.005  0.006  0.005  0.005  0.004  0.005
03:53:04 849.58   15.6   34.0   1516    2.6    189    7.6    29.4  -0.2   0.82   4.44 2200.4     0.00   0.00    0.0  0.005  0.006  0.005  0.005  0.004  0.005
03:53:05 849.46   15.7   34.0   1518    2.7    190    7.6    29.4  -0.1   0.82   4.45 2201.4     0.00   0.00    0.0  0.005  0.006  0.005  0.005  0.004  0.005
03:53:09 849.19   15.6   34.0   1520    2.7    190    7.6    29.5  -0.1   0.82   4.46 2205.3     0.00   0.00    0.0  0.005  0.006  0.005  0.005  0.004  0.005
03:53:10 849.31   15.6   34.0   1519    2.7    190    7.6    29.4  -0.1   0.82   4.46 2206.3     0.00   0.00    0.0  0.005  0.006  0.005  0.005  0.004  0.005
03:53:11 849.30   15.6   34.0   1519    2.7    191    7.6    29.4  -0.1   0.82   4.45 2207.3     0.00   0.00    0.0  0.005  0.006  0.005  0.005  0.004  0.005
03:53:12 849.20   15.6   34.1   1520    2.7    190    7.6    29.5  -0.1   0.82   4.47 2208.3     0.00   0.00    0.0  0.005  0.006  0.005  0.005  0.004  0.005
03:53:13 849.17   15.6   34.0   1520    2.7    190    7.6    29.4  -0.1   0.82   4.45 2209.3     0.00   0.00    0.0  0.005  0.006  0.005  0.005  0.004  0.005
03:53:14 848.95   15.6   34.0   1523    2.7    190    7.6    29.5  -0.1   0.82   4.46 2210.3     0.00   0.00    0.0  0.005  0.006  0.005  0.005  0.004  0.005
03:53:16 848.88   15.6   34.1   1523    2.8    191    7.6    29.5  -0.1   0.82   4.46 2212.3     0.00   0.00    0.0  0.005  0.006  0.005  0.005  0.004  0.005
03:53:17 848.92   15.6   34.1   1523    2.8    191    7.6    29.4  -0.1   0.82   4.46 2213.3     0.00   0.00    0.0  0.005  0.006  0.005  0.005  0.004  0.005
03:53:18 848.61   15.6   34.1   1526    2.8    191    7.6    29.4  -0.2   0.82   4.45 2214.3     0.00   0.00    0.0  0.005  0.006  0.005  0.005  0.004  0.005
03:53:19 848.74   15.6   34.1   1525    2.8    190    7.6    29.4  -0.2   0.82   4.45 2215.3     0.00   0.00    0.0  0.005  0.006  0.005  0.005  0.004  0.005
03:53:20 848.78   15.6   34.0   1524    2.8    190    7.6    29.5  -0.1   0.82   4.45 2216.3     0.00   0.00    0.0  0.005  0.006  0.005  0.005  0.004  0.005
03:53:23 848.70   15.6   34.1   1525    2.8    190    7.6    29.4  -0.2   0.82   4.45 2219.3     0.00   0.00    0.0  0.005  0.006  0.005  0.005  0.004  0.005
03:53:24 848.69   15.6   34.0   1525    2.8    189    7.6    29.4  -0.2   0.82   4.45 2220.3     0.00   0.00    0.0  0.005  0.006  0.005  0.005  0.004  0.005
03:53:26 848.46   15.6   34.1   1528    2.9    190    7.6    29.4  -0.2   0.82   4.45 2222.3     0.00   0.00    0.0  0.005  0.006  0.005  0.005  0.004  0.005
03:53:29 848.13   15.6   34.1   1531    2.9    191    7.6    29.5  -0.1   0.82   4.46 2225.3     0.00   0.00    0.0  0.005  0.006  0.005  0.005  0.004  0.005
03:53:30 848.31   15.6   34.1   1529    2.9    191    7.6    29.5  -0.1   0.82   4.46 2226.3     0.00   0.00    0.0  0.005  0.006  0.005  0.005  0.004  0.005
03:53:31 848.31   15.6   34.1   1529    2.9    192    7.6    29.4  -0.2   0.82   4.45 2227.3     0.00   0.00    0.0  0.005  0.006  0.005  0.005  0.004  0.005
03:53:32 848.12   15.5   34.1   1531    2.9    192    7.6    29.5  -0.2   0.82   4.45 2228.3     0.00   0.00    0.0  0.005  0.006  0.005  0.005  0.004  0.005
03:53:33 847.86   15.5   34.2   1533    2.9    191    7.6    29.5  -0.2   0.82   4.46 2229.3     0.00   0.00    0.0  0.005  0.006  0.005  0.005  0.004  0.005
03:53:34 847.98   15.5   34.1   1532    2.9    191    7.6    29.5  -0.2   0.82   4.44 2230.3     0.00   0.00    0.0  0.005  0.006  0.005  0.005  0.004  0.005
03:53:35 847.91   15.6   34.1   1533    2.9    191    7.6    29.5  -0.2   0.82   4.45 2231.3     0.00   0.00    0.0  0.005  0.006  0.005  0.005  0.004  0.005
03:53:36 847.79   15.5   34.1   1534    2.9    191    7.6    29.5  -0.2   0.82   4.45 2232.3     0.00   0.00    0.0  0.005  0.006  0.005  0.005  0.004  0.005
03:53:37 847.87   15.5   34.2   1533    2.9    192    7.6    29.5  -0.2   0.82   4.45 2233.3     0.00   0.00    0.0  0.005  0.006  0.005  0.005  0.005  0.005
03:53:38 847.72   15.5   34.2   1535    2.9    191    7.6    29.5  -0.2   0.82   4.45 2234.3     0.00   0.00    0.0  0.005  0.006  0.005  0.005  0.004  0.005
03:53:41 847.77   15.5   34.2   1534    2.9    191    7.6    29.5  -0.2   0.82   4.46 2237.3     0.00   0.00    0.0  0.005  0.006  0.005  0.005  0.004  0.005
03:53:42 847.66   15.5   34.2   1535    2.9    191    7.6    29.4  -0.2   0.82   4.44 2238.3     0.00   0.00    0.0  0.005  0.006  0.005  0.005  0.004  0.005
03:53:43 847.41   15.5   34.2   1538    2.9    190    7.6    29.5  -0.2   0.82   4.45 2239.3     0.00   0.00    0.0  0.005  0.006  0.005  0.005  0.004  0.005
03:53:44 847.47   15.5   34.2   1537    2.9    189    7.6    29.5  -0.2   0.82   4.44 2240.3     0.00   0.00    0.0  0.005  0.006  0.005  0.005  0.005  0.005
03:53:45 847.50   15.5   34.2   1537    2.9    189    7.6    29.5  -0.2   0.82   4.44 2241.3     0.00   0.00    0.0  0.005  0.006  0.005  0.005  0.004  0.005
03:53:46 847.13   15.5   34.2   1541    2.8    190    7.6    29.5  -0.2   0.82   4.45 2242.3     0.00   0.00    0.0  0.005  0.006  0.005  0.005  0.004  0.005
03:53:47 847.20   15.5   34.2   1540    2.9    190    7.6    29.5  -0.2   0.82   4.45 2243.3     0.00   0.00    0.0  0.005  0.006  0.005  0.005  0.004  0.005
03:53:49 847.17   15.5   34.2   1540    2.8    190    7.6    29.5  -0.2   0.82   4.45 2245.3     0.00   0.00    0.0  0.005  0.006  0.005  0.005  0.004  0.005
03:53:52 847.21   15.5   34.2   1540    2.8    189    7.6    29.5  -0.2   0.82   4.44 2248.3     0.00   0.00    0.0  0.005  0.006  0.005  0.005  0.004  0.005
03:53:53 847.09   15.5   34.2   1541    2.8    190    7.6    29.5  -0.2   0.82   4.44 2249.3     0.00   0.00    0.0  0.005  0.006  0.005  0.005  0.005  0.005
03:53:55 846.93   15.5   34.3   1543    2.8    188    7.6    29.5  -0.2   0.82   4.45 2251.3     0.00   0.00    0.0  0.005  0.006  0.005  0.005  0.004  0.005
03:53:57 846.93   15.4   34.3   1543    2.9    190    7.6    29.5  -0.2   0.82   4.44 2253.3     0.00   0.00    0.0  0.005  0.006  0.005  0.005  0.004  0.005
03:53:58 846.73   15.4   34.3   1545    2.9    191    7.6    29.5  -0.2   0.82   4.45 2254.3     0.00   0.00    0.0  0.005  0.006  0.005  0.005  0.004  0.005
03:53:59 846.70   15.4   34.3   1545    2.9    190    7.6    29.5  -0.2   0.82   4.44 2255.3     0.00   0.00    0.0  0.005  0.006  0.005  0.005  0.004  0.005
03:54:00 846.64   15.5   34.3   1546    2.9    190    7.6    29.5  -0.2   0.82   4.46 2256.3     0.00   0.00    0.0  0.005  0.006  0.006  0.005  0.004  0.005
03:54:02 846.84   15.4   34.3   1544    2.8    192    7.6    29.4  -0.2   0.82   4.44 2258.3     0.00   0.00    0.0  0.005  0.006  0.005  0.005  0.005  0.005
03:54:03 846.54   15.4   34.3   1547    2.8    192    7.6    29.4  -0.3   0.82   4.43 2259.3     0.00   0.00    0.0  0.005  0.006  0.005  0.005  0.004  0.005
03:54:04 846.55   15.4   34.4   1547    2.8    193    7.6    29.5  -0.2   0.82   4.45 2260.3     0.00   0.00    0.0  0.005  0.006  0.005  0.005  0.004  0.005
03:54:06 846.39   15.4   34.4   1548    2.8    189    7.6    29.5  -0.2   0.82   4.45 2262.3     0.00   0.00    0.0  0.005  0.006  0.005  0.005  0.004  0.005
03:54:08 846.49   15.4   34.3   1547    2.8    187    7.6    29.5  -0.2   0.82   4.45 2264.3     0.00   0.00    0.0  0.005  0.006  0.005  0.005  0.004  0.005
03:54:09 846.22   15.4   34.3   1550    2.8    187    7.6    29.5  -0.3   0.82   4.43 2265.3     0.00   0.00    0.0  0.005  0.006  0.006  0.005  0.004  0.005
03:54:11 845.98   15.4   34.3   1552    2.7    188    7.6    29.6  -0.2   0.82   4.45 2267.3     0.00   0.00    0.0  0.005  0.006  0.005  0.005  0.004  0.005
03:54:12 846.17   15.4   34.4   1550    2.7    189    7.6    29.5  -0.2   0.82   4.44 2268.3     0.00   0.00    0.0  0.005  0.006  0.005  0.005  0.004  0.005
03:54:15 845.78   15.4   34.5   1554    2.7    190    7.6    29.5  -0.2   0.82   4.46 2271.3     0.00   0.00    0.0  0.005  0.006  0.005  0.005  0.005  0.005
03:54:16 845.89   15.4   34.5   1553    2.7    188    7.6    29.5  -0.2   0.82   4.46 2272.3     0.00   0.00    0.0  0.005  0.006  0.005  0.005  0.004  0.005
03:54:18 845.75   15.3   34.5   1555    2.6    186    7.6    29.5  -0.2   0.82   4.45 2274.3     0.00   0.00    0.0  0.005  0.006  0.005  0.005  0.004  0.005
03:54:19 845.91   15.3   34.5   1553    2.6    186    7.6    29.5  -0.2   0.82   4.44 2275.3     0.00   0.00    0.0  0.005  0.006  0.006  0.005  0.005  0.005
03:54:20 845.91   15.4   34.5   1553    2.7    188    7.6    29.5  -0.2   0.82   4.46 2276.3     0.00   0.00    0.0  0.005  0.006  0.005  0.005  0.004  0.005
03:54:23 845.62   15.3   34.5   1556    2.7    190    7.6    29.5  -0.2   0.82   4.45 2279.3     0.00   0.00    0.0  0.005  0.006  0.005  0.005  0.005  0.005
03:54:24 845.40   15.4   34.5   1558    2.7    190    7.6    29.5  -0.2   0.82   4.45 2280.3     0.00   0.00    0.0  0.005  0.006  0.005  0.005  0.004  0.005
03:54:25 845.51   15.3   34.4   1557    2.7    191    7.6    29.5  -0.2   0.82   4.44 2281.3     0.00   0.00    0.0  0.005  0.006  0.005  0.005  0.005  0.005
03:54:27 845.29   15.3   34.5   1559    2.7    190    7.6    29.5  -0.2   0.82   4.44 2283.3     0.00   0.00    0.0  0.005  0.006  0.005  0.005  0.005  0.005
03:54:28 845.47   15.3   34.5   1557    2.7    190    7.6    29.5  -0.2   0.82   4.44 2284.3     0.00   0.00    0.0  0.005  0.006  0.005  0.005  0.004  0.005
03:54:29 845.25   15.3   34.5   1560    2.7    190    7.6    29.5  -0.2   0.82   4.44 2285.3     0.00   0.00    0.0  0.005  0.006  0.005  0.005  0.005  0.005
03:54:30 845.31   15.3   34.6   1559    2.8    189    7.6    29.5  -0.2   0.82   4.44 2286.3     0.00   0.00    0.0  0.005  0.006  0.006  0.005  0.005  0.005
03:54:31 845.17   15.3   34.6   1560    2.7    189    7.6    29.5  -0.2   0.82   4.45 2287.3     0.00   0.00    0.0  0.005  0.006  0.005  0.005  0.004  0.005
03:54:32 845.16   15.3   34.6   1561    2.8    190    7.6    29.5  -0.2   0.82   4.45 2288.3     0.00   0.00    0.0  0.005  0.006  0.006  0.005  0.005  0.005
03:54:34 845.10   15.3   34.6   1561    2.7    191    7.6    29.5  -0.2   0.82   4.46 2290.3     0.00   0.00    0.0  0.005  0.006  0.006  0.005  0.005  0.005
03:54:37 845.05   15.3   34.6   1562    2.7    189    7.6    29.5  -0.2   0.82   4.44 2293.3     0.00   0.00    0.0  0.006  0.006  0.005  0.005  0.005  0.005
03:54:38 844.95   15.2   34.6   1563    2.7    190    7.6    29.5  -0.3   0.82   4.43 2294.3     0.00   0.00    0.0  0.005  0.006  0.005  0.005  0.005  0.005
03:54:39 844.77   15.3   34.6   1564    2.7    190    7.6    29.5  -0.2   0.82   4.44 2295.3     0.00   0.00    0.0  0.005  0.006  0.005  0.005  0.004  0.005
03:54:40 844.62   15.2   34.6   1566    2.7    188    7.6    29.5  -0.2   0.82   4.44 2296.3     0.00   0.00    0.0  0.005  0.006  0.005  0.005  0.005  0.005
03:54:41 844.70   15.3   34.6   1565    2.8    189    7.6    29.5  -0.2   0.82   4.44 2297.3     0.00   0.00    0.0  0.005  0.006  0.005  0.005  0.004  0.005
03:54:42 844.93   15.2   34.6   1563    2.8    188    7.6    29.4  -0.3   0.82   4.43 2298.3     0.00   0.00    0.0  0.005  0.006  0.005  0.005  0.004  0.005
03:54:43 844.62   15.3   34.6   1566    2.9    189    7.6    29.5  -0.2   0.82   4.45 2299.3     0.00   0.00    0.0  0.005  0.006  0.005  0.005  0.005  0.005
03:54:44 844.54   15.2   34.6   1567    2.9    190    7.6    29.5  -0.3   0.82   4.44 2300.3     0.00   0.00    0.0  0.005  0.006  0.005  0.005  0.005  0.005
03:54:45 844.40   15.2   34.6   1568    2.8    190    7.6    29.5  -0.3   0.82   4.43 2301.3     0.00   0.00    0.0  0.005  0.006  0.005  0.005  0.005  0.005
03:54:48 844.53   15.2   34.7   1567    3.0    190    7.6    29.5  -0.2   0.82   4.45 2304.2     0.00   0.00    0.0  0.005  0.006  0.006  0.005  0.005  0.005
03:54:49 844.58   15.2   34.6   1566    3.0    189    7.6    29.5  -0.3   0.82   4.44 2305.2     0.00   0.00    0.0  0.005  0.006  0.005  0.005  0.004  0.005
03:54:51 844.38   15.2   34.7   1568    2.9    190    7.6    29.5  -0.3   0.82   4.44 2307.2     0.00   0.00    0.0  0.005  0.006  0.006  0.005  0.005  0.005
03:54:52 844.26   15.2   34.6   1570    2.9    190    7.6    29.5  -0.3   0.82   4.43 2308.2     0.00   0.00    0.0  0.005  0.006  0.006  0.005  0.005  0.005
03:54:53 844.08   15.2   34.7   1571    3.0    191    7.6    29.5  -0.3   0.82   4.43 2309.2     0.00   0.00    0.0  0.005  0.006  0.006  0.005  0.005  0.005
03:54:54 844.00   15.2   34.8   1572    2.9    192    7.6    29.5  -0.3   0.82   4.44 2310.2     0.00   0.00    0.0  0.005  0.006  0.005  0.005  0.005  0.005
03:54:55 844.23   15.1   34.7   1570    3.0    191    7.6    29.4  -0.3   0.82   4.43 2311.2     0.00   0.00    0.0  0.005  0.006  0.005  0.005  0.005  0.005
03:54:57 843.98   15.1   34.8   1572    3.0    190    7.6    29.4  -0.3   0.82   4.43 2313.2     0.00   0.00    0.0  0.005  0.006  0.005  0.005  0.005  0.005
03:54:58 843.74   15.1   34.8   1575    3.0    191    7.6    29.5  -0.3   0.82   4.43 2314.2     0.00   0.00    0.0  0.005  0.006  0.005  0.005  0.005  0.005
03:54:59 843.85   15.2   34.8   1574    3.0    193    7.6    29.5  -0.3   0.82   4.44 2315.2     0.00   0.00    0.0  0.005  0.006  0.005  0.005  0.005  0.005
03:55:01 843.61   15.1   34.7   1576    2.9    191    7.6    29.5  -0.3   0.82   4.43 2317.2     0.00   0.00    0.0  0.005  0.006  0.005  0.005  0.005  0.005
03:55:02 843.53   15.1   34.8   1577    2.9    191    7.6    29.5  -0.3   0.82   4.43 2318.2     0.00   0.00    0.0  0.005  0.006  0.006  0.005  0.005  0.005
03:55:03 843.54   15.2   34.8   1577    2.9    191    7.6    29.5  -0.3   0.82   4.44 2319.2     0.00   0.00    0.0  0.005  0.006  0.005  0.005  0.005  0.005
03:55:04 843.80   15.2   34.8   1574    2.9    192    7.6    29.5  -0.3   0.82   4.44 2320.2     0.00   0.00    0.0  0.005  0.006  0.005  0.005  0.005  0.005
03:55:05 843.48   15.1   34.8   1577    2.8    191    7.6    29.5  -0.3   0.82   4.44 2321.2     0.00   0.00    0.0  0.005  0.006  0.005  0.005  0.005  0.005
03:55:06 843.54   15.1   34.8   1577    2.9    189    7.6    29.5  -0.3   0.82   4.43 2322.2     0.00   0.00    0.0  0.005  0.006  0.005  0.005  0.005  0.005
03:55:07 843.57   15.2   34.8   1576    2.8    190    7.6    29.5  -0.3   0.82   4.44 2323.2     0.00   0.00    0.0  0.005  0.006  0.005  0.005  0.004  0.005
03:55:08 843.61   15.1   34.8   1576    2.8    190    7.6    29.5  -0.3   0.82   4.43 2324.2     0.00   0.00    0.0  0.005  0.006  0.006  0.005  0.005  0.005
03:55:09 843.52   15.1   34.8   1577    2.9    190    7.6    29.5  -0.3   0.82   4.43 2325.2     0.00   0.00    0.0  0.005  0.006  0.005  0.005  0.005  0.005
03:55:15 843.08   15.1   34.9   1581    2.9    188    7.6    29.5  -0.3   0.82   4.44 2331.2     0.00   0.00    0.0  0.005  0.006  0.006  0.005  0.005  0.005
03:55:16 843.37   15.1   34.9   1579    2.9    187    7.6    29.5  -0.3   0.82   4.43 2332.2     0.00   0.00    0.0  0.005  0.006  0.005  0.005  0.005  0.005
03:55:17 843.05   15.1   34.9   1582    2.8    188    7.6    29.5  -0.3   0.82   4.44 2333.2     0.00   0.00    0.0  0.005  0.006  0.005  0.005  0.005  0.005
03:55:18 842.85   15.1   34.9   1584    2.8    189    7.6    29.5  -0.3   0.82   4.44 2334.2     0.00   0.00    0.0  0.005  0.006  0.005  0.005  0.005  0.005
03:55:19 842.94   15.1   35.0   1583    2.8    190    7.6    29.5  -0.3   0.82   4.44 2335.2     0.00   0.00    0.0  0.005  0.006  0.005  0.005  0.005  0.005
03:55:20 842.71   15.1   34.9   1585    2.8    190    7.6    29.5  -0.3   0.82   4.44 2336.2     0.00   0.00    0.0  0.005  0.006  0.006  0.005  0.005  0.005
03:55:21 843.00   15.0   34.9   1582    2.8    189    7.6    29.5  -0.3   0.82   4.43 2337.2     0.00   0.00    0.0  0.005  0.006  0.005  0.005  0.005  0.005
03:55:22 842.75   15.0   34.9   1585    2.7    188    7.6    29.5  -0.3   0.82   4.43 2338.2     0.00   0.00    0.0  0.005  0.006  0.005  0.005  0.005  0.005
03:55:24 842.49   15.0   34.9   1587    2.7    189    7.6    29.5  -0.3   0.82   4.43 2340.2     0.00   0.00    0.0  0.005  0.006  0.005  0.005  0.005  0.005
03:55:25 842.67   15.0   35.0   1586    2.7    191    7.6    29.5  -0.3   0.82   4.44 2341.2     0.00   0.00    0.0  0.005  0.006  0.006  0.005  0.005  0.005
03:55:27 842.38   15.1   35.0   1588    2.7    189    7.6    29.5  -0.3   0.82   4.45 2343.2     0.00   0.00    0.0  0.005  0.006  0.005  0.005  0.005  0.005
03:55:28 842.38   15.0   35.0   1588    2.7    190    7.6    29.5  -0.3   0.82   4.44 2344.2     0.00   0.00    0.0  0.005  0.006  0.005  0.005  0.005  0.005
03:55:30 842.32   15.0   35.0   1589    2.7    188    7.6    29.5  -0.3   0.82   4.44 2346.2     0.00   0.00    0.0  0.005  0.006  0.006  0.005  0.005  0.005
03:55:34 842.23   15.0   35.1   1590    2.7    186    7.6    29.5  -0.3   0.82   4.44 2350.2     0.00   0.00    0.0  0.005  0.006  0.005  0.005  0.005  0.005
03:55:36 842.43   15.0   35.1   1588    2.7    188    7.6    29.5  -0.3   0.82   4.44 2352.2     0.00   0.00    0.0  0.005  0.006  0.006  0.005  0.005  0.005
03:55:37 842.41   15.0   35.1   1588    2.7    189    7.6    29.5  -0.3   0.82   4.44 2353.2     0.00   0.00    0.0  0.005  0.006  0.005  0.005  0.005  0.005
03:55:38 842.08   15.0   35.1   1591    2.7    189    7.6    29.5  -0.3   0.82   4.44 2354.2     0.00   0.00    0.0  0.005  0.006  0.006  0.005  0.005  0.005
03:55:39 842.23   15.0   35.1   1590    2.6    187    7.6    29.5  -0.3   0.82   4.44 2355.2     0.00   0.00    0.0  0.005  0.006  0.005  0.005  0.005  0.005
03:55:40 841.97   15.0   35.1   1592    2.6    186    7.6    29.5  -0.3   0.82   4.43 2356.2     0.00   0.00    0.0  0.005  0.006  0.005  0.005  0.005  0.005
03:55:44 841.83   15.0   34.9   1594    2.6    188    7.6    29.5  -0.4   0.82   4.42 2360.2     0.00   0.00    0.0  0.005  0.006  0.005  0.005  0.005  0.005
03:55:46 841.59   14.9   35.0   1596    2.6    190    7.6    29.5  -0.3   0.82   4.42 2362.2     0.00   0.00    0.0  0.005  0.006  0.006  0.005  0.005  0.005
03:55:47 841.75   15.0   35.1   1595    2.7    188    7.6    29.5  -0.3   0.82   4.42 2363.2     0.00   0.00    0.0  0.005  0.006  0.006  0.005  0.005  0.005
03:55:48 841.51   15.0   35.1   1597    2.7    190    7.6    29.5  -0.3   0.82   4.45 2364.2     0.00   0.00    0.0  0.005  0.006  0.005  0.005  0.005  0.005
03:55:49 841.61   14.9   35.1   1596    2.7    192    7.6    29.5  -0.3   0.82   4.43 2365.2     0.00   0.00    0.0  0.005  0.006  0.005  0.006  0.005  0.005
03:55:50 841.79   15.0   35.0   1594    2.7    193    7.6    29.5  -0.3   0.82   4.44 2366.2     0.00   0.00    0.0  0.005  0.006  0.005  0.005  0.005  0.005
03:55:51 841.58   14.9   35.0   1596    2.6    190    7.6    29.5  -0.4   0.82   4.42 2367.2     0.00   0.00    0.0  0.005  0.006  0.005  0.005  0.005  0.005
03:55:52 841.80   14.9   35.0   1594    2.6    190    7.6    29.5  -0.4   0.82   4.41 2368.2     0.00   0.00    0.0  0.005  0.006  0.006  0.005  0.005  0.005
03:55:53 841.63   15.0   35.0   1596    2.6    192    7.6    29.5  -0.3   0.82   4.42 2369.2     0.00   0.00    0.0  0.005  0.006  0.005  0.005  0.005  0.005
03:55:54 841.58   15.0   35.1   1596    2.6    195    7.6    29.5  -0.3   0.82   4.43 2370.2     0.00   0.00    0.0  0.005  0.006  0.005  0.005  0.005  0.005
03:55:56 841.29   15.0   35.0   1599    2.7    194    7.6    29.5  -0.4   0.82   4.42 2372.2     0.00   0.00    0.0  0.005  0.006  0.005  0.005  0.005  0.005
03:55:57 841.24   14.9   35.0   1600    2.7    194    7.6    29.5  -0.4   0.82   4.42 2373.2     0.00   0.00    0.0  0.005  0.006  0.005  0.005  0.005  0.005
03:56:00 841.33   14.9   35.1   1599    2.8    192    7.6    29.5  -0.4   0.82   4.41 2376.2     0.00   0.00    0.0  0.005  0.006  0.006  0.005  0.005  0.005
03:56:01 841.34   14.9   35.0   1599    2.8    188    7.6    29.5  -0.4   0.81   4.40 2377.2     0.00   0.00    0.0  0.005  0.006  0.006  0.005  0.005  0.005
03:56:02 841.26   14.9   35.0   1600    2.8    185    7.6    29.5  -0.4   0.82   4.42 2378.2     0.00   0.00    0.0  0.005  0.006  0.005  0.005  0.005  0.005
03:56:03 841.23   14.9   35.0   1600    2.7    182    7.6    29.5  -0.4   0.81   4.41 2379.2     0.00   0.00    0.0  0.005  0.006  0.006  0.005  0.005  0.005
03:56:08 840.79   14.9   35.1   1604    2.5    190    7.6    29.5  -0.4   0.82   4.41 2384.2     0.00   0.00    0.0  0.005  0.006  0.006  0.005  0.005  0.005
03:56:09 840.61   14.9   35.1   1606    2.5    188    7.6    29.5  -0.4   0.82   4.41 2385.2     0.00   0.00    0.0  0.005  0.006  0.005  0.005  0.005  0.005
03:56:10 840.90   14.9   35.2   1603    2.6    186    7.6    29.5  -0.4   0.82   4.42 2386.2     0.00   0.00    0.0  0.005  0.006  0.006  0.005  0.005  0.005
03:56:11 840.92   14.9   35.2   1603    2.6    187    7.6    29.5  -0.4   0.82   4.42 2387.2     0.00   0.00    0.0  0.005  0.006  0.005  0.005  0.005  0.005
03:56:12 840.71   14.9   35.2   1605    2.7    187    7.6    29.5  -0.3   0.82   4.43 2388.2     0.00   0.00    0.0  0.005  0.006  0.006  0.005  0.005  0.005
03:56:14 840.58   14.8   35.2   1607    2.7    186    7.6    29.5  -0.4   0.82   4.42 2390.2     0.00   0.00    0.0  0.005  0.006  0.005  0.005  0.005  0.005
03:56:15 840.41   14.9   35.3   1608    2.7    190    7.6    29.5  -0.3   0.82   4.43 2391.2     0.00   0.00    0.0  0.005  0.006  0.006  0.005  0.005  0.005
03:56:16 840.59   14.9   35.2   1606    2.7    192    7.6    29.5  -0.4   0.82   4.42 2392.2     0.00   0.00    0.0  0.005  0.006  0.006  0.005  0.005  0.005
03:56:17 840.36   14.8   35.3   1609    2.7    192    7.6    29.5  -0.3   0.82   4.43 2393.2     0.00   0.00    0.0  0.005  0.006  0.006  0.005  0.005  0.005
03:56:18 840.36   14.8   35.3   1609    2.7    192    7.6    29.5  -0.3   0.82   4.43 2394.2     0.00   0.00    0.0  0.005  0.006  0.006  0.006  0.005  0.005
03:56:19 840.48   14.8   35.3   1607    2.7    194    7.6    29.5  -0.3   0.82   4.43 2395.2     0.00   0.00    0.0  0.005  0.006  0.006  0.005  0.005  0.005
03:56:20 840.29   14.8   35.3   1609    2.7    194    7.6    29.5  -0.3   0.82   4.43 2396.2     0.00   0.00    0.0  0.005  0.006  0.005  0.006  0.005  0.005
03:56:21 840.27   14.8   35.3   1610    2.7    192    7.6    29.5  -0.3   0.82   4.43 2397.2     0.00   0.00    0.0  0.005  0.006  0.006  0.005  0.005  0.005
03:56:22 840.12   14.8   35.3   1611    2.7    194    7.6    29.5  -0.3   0.82   4.43 2398.2     0.00   0.00    0.0  0.005  0.006  0.006  0.005  0.005  0.005
03:56:24 840.05   14.8   35.3   1612    2.7    191    7.6    29.5  -0.4   0.82   4.42 2400.2     0.00   0.00    0.0  0.005  0.006  0.006  0.005  0.005  0.005
03:56:25 839.90   14.8   35.4   1613    2.7    190    7.6    29.5  -0.4   0.82   4.41 2401.2     0.00   0.00    0.0  0.005  0.006  0.006  0.005  0.005  0.005
03:56:26 840.12   14.8   35.4   1611    2.7    190    7.6    29.5  -0.4   0.82   4.42 2402.2     0.00   0.00    0.0  0.005  0.006  0.006  0.005  0.005  0.005
03:56:28 839.82   14.8   35.4   1614    2.7    189    7.6    29.5  -0.4   0.82   4.43 2404.2     0.00   0.00    0.0  0.005  0.006  0.006  0.005  0.005  0.005
03:56:29 840.13   14.8   35.4   1611    2.7    191    7.6    29.5  -0.3   0.82   4.44 2405.1     0.00   0.00    0.0  0.005  0.006  0.006  0.005  0.005  0.005
03:56:30 839.87   14.8   35.4   1614    2.7    192    7.6    29.5  -0.3   0.82   4.43 2406.1     0.00   0.00    0.0  0.005  0.006  0.006  0.005  0.005  0.005
03:56:31 839.95   14.8   35.4   1613    2.7    191    7.6    29.5  -0.4   0.82   4.42 2407.1     0.00   0.00    0.0  0.005  0.006  0.006  0.005  0.005  0.005
03:56:32 839.68   14.8   35.4   1616    2.7    192    7.6    29.5  -0.4   0.82   4.42 2408.1     0.00   0.00    0.0  0.005  0.006  0.005  0.005  0.005  0.005
03:56:33 839.65   14.8   35.4   1616    2.7    192    7.6    29.5  -0.3   0.82   4.43 2409.1     0.00   0.00    0.0  0.005  0.006  0.006  0.005  0.005  0.005
03:56:34 839.47   14.8   35.4   1618    2.7    191    7.6    29.5  -0.3   0.82   4.43 2410.1     0.00   0.00    0.0  0.005  0.006  0.005  0.005  0.005  0.005
03:56:35 839.64   14.8   35.5   1616    2.7    190    7.6    29.5  -0.3   0.82   4.44 2411.1     0.00   0.00    0.0  0.005  0.006  0.005  0.005  0.005  0.005
03:56:37 839.77   14.7   35.4   1615    2.7    188    7.6    29.5  -0.4   0.82   4.42 2413.1     0.00   0.00    0.0  0.005  0.006  0.006  0.005  0.005  0.005
03:56:38 839.56   14.7   35.4   1617    2.6    189    7.6    29.5  -0.4   0.82   4.42 2414.1     0.00   0.00    0.0  0.005  0.006  0.005  0.005  0.005  0.005
03:56:39 839.36   14.7   35.4   1619    2.7    189    7.6    29.5  -0.4   0.82   4.42 2415.1     0.00   0.00    0.0  0.005  0.006  0.006  0.006  0.005  0.005
03:56:40 839.52   14.7   35.5   1617    2.6    190    7.6    29.5  -0.4   0.82   4.43 2416.1     0.00   0.00    0.0  0.005  0.006  0.006  0.005  0.005  0.005
03:56:41 839.19   14.7   35.5   1621    2.7    190    7.6    29.5  -0.3   0.82   4.43 2417.1     0.00   0.00    0.0  0.005  0.006  0.006  0.005  0.005  0.005
03:56:42 839.31   14.7   35.5   1619    2.7    189    7.6    29.5  -0.4   0.82   4.42 2418.1     0.00   0.00    0.0  0.005  0.006  0.006  0.005  0.005  0.005
03:56:43 839.13   14.7   35.5   1621    2.8    189    7.6    29.5  -0.4   0.82   4.43 2419.1     0.00   0.00    0.0  0.005  0.006  0.006  0.005  0.005  0.005
03:56:44 839.08   14.7   35.5   1622    2.7    189    7.6    29.5  -0.4   0.82   4.43 2420.1     0.00   0.00    0.0  0.005  0.006  0.006  0.005  0.005  0.005
03:56:45 839.33   14.7   35.4   1619    2.8    189    7.6    29.5  -0.4   0.82   4.41 2421.1     0.00   0.00    0.0  0.005  0.006  0.005  0.005  0.005  0.005
03:56:46 838.91   14.7   35.5   1623    2.8    189    7.6    29.5  -0.4   0.82   4.42 2422.1     0.00   0.00    0.0  0.006  0.006  0.006  0.006  0.005  0.005
03:56:47 838.91   14.7   35.5   1623    2.7    190    7.6    29.5  -0.4   0.82   4.43 2423.1     0.00   0.00    0.0  0.005  0.006  0.006  0.005  0.005  0.005
03:56:48 839.16   14.7   35.5   1621    2.8    190    7.6    29.5  -0.4   0.82   4.42 2424.1     0.00   0.00    0.0  0.005  0.006  0.005  0.005  0.005  0.005
03:56:49 838.85   14.7   35.4   1624    2.7    188    7.6    29.5  -0.4   0.81   4.40 2425.1     0.00   0.00    0.0  0.005  0.006  0.005  0.005  0.005  0.005
03:56:53 838.88   14.7   35.3   1624    2.7    190    7.6    29.5  -0.4   0.81   4.40 2429.1     0.00   0.00    0.0  0.005  0.006  0.006  0.005  0.005  0.005
03:56:54 838.59   14.7   35.4   1627    2.6    192    7.6    29.6  -0.4   0.82   4.42 2430.1     0.00   0.00    0.0  0.005  0.006  0.006  0.005  0.005  0.005
03:56:55 838.66   14.7   35.4   1626    2.6    188    7.6    29.5  -0.4   0.82   4.41 2431.1     0.00   0.00    0.0  0.005  0.006  0.005  0.005  0.005  0.005
03:56:57 838.59   14.7   35.4   1626    2.6    185    7.6    29.5  -0.4   0.82   4.41 2433.1     0.00   0.00    0.0  0.005  0.006  0.006  0.005  0.005  0.005
03:57:00 838.49   14.7   35.4   1628    2.6    190    7.6    29.6  -0.4   0.81   4.40 2436.1     0.00   0.00    0.0  0.005  0.006  0.006  0.005  0.005  0.005
03:57:01 838.38   14.7   35.4   1629    2.6    188    7.6    29.5  -0.5   0.81   4.40 2437.1     0.00   0.00    0.0  0.005  0.006  0.006  0.005  0.005  0.005
03:57:02 838.09   14.7   35.4   1632    2.5    185    7.6    29.6  -0.4   0.81   4.40 2438.1     0.00   0.00    0.0  0.005  0.006  0.006  0.005  0.005  0.005
03:57:03 838.36   14.6   35.4   1629    2.6    188    7.6    29.5  -0.5   0.81   4.39 2439.1     0.00   0.00    0.0  0.005  0.006  0.006  0.005  0.005  0.005
03:57:06 837.87   14.7   35.5   1634    2.5    195    7.6    29.6  -0.4   0.82   4.41 2442.1     0.00   0.00    0.0  0.005  0.006  0.006  0.005  0.005  0.005
03:57:08 838.07   14.6   35.4   1632    2.6    188    7.6    29.5  -0.5   0.81   4.39 2444.1     0.00   0.00    0.0  0.005  0.006  0.005  0.005  0.005  0.005
03:57:09 838.16   14.6   35.4   1631    2.6    191    7.6    29.5  -0.5   0.81   4.38 2445.1     0.00   0.00    0.0  0.005  0.006  0.006  0.005  0.005  0.005
03:57:12 837.73   14.6   35.4   1635    2.5    194    7.6    29.5  -0.5   0.81   4.39 2448.1     0.00   0.00    0.0  0.005  0.006  0.006  0.005  0.005  0.005
03:57:13 837.72   14.6   35.5   1635    2.5    194    7.6    29.6  -0.5   0.81   4.40 2449.1     0.00   0.00    0.0  0.005  0.006  0.005  0.005  0.005  0.005
03:57:15 837.76   14.6   35.5   1635    2.4    196    7.6    29.5  -0.5   0.81   4.39 2451.1     0.00   0.00    0.0  0.005  0.006  0.005  0.005  0.005  0.005
03:57:16 837.75   14.6   35.5   1635    2.5    193    7.6    29.5  -0.5   0.81   4.39 2452.1     0.00   0.00    0.0  0.005  0.006  0.006  0.006  0.005  0.005
03:57:18 837.75   14.6   35.5   1635    2.4    194    7.6    29.5  -0.5   0.81   4.39 2454.1     0.00   0.00    0.0  0.005  0.006  0.006  0.005  0.005  0.005
03:57:20 837.45   14.6   35.6   1638    2.4    194    7.6    29.5  -0.5   0.81   4.39 2456.1     0.00   0.00    0.0  0.005  0.006  0.005  0.005  0.005  0.005
03:57:21 837.17   14.6   35.5   1641    2.3    190    7.6    29.6  -0.5   0.81   4.39 2457.1     0.00   0.00    0.0  0.005  0.006  0.005  0.005  0.005  0.005
03:57:23 837.30   14.6   35.5   1640    2.4    188    7.6    29.6  -0.5   0.81   4.40 2459.1     0.00   0.00    0.0  0.005  0.006  0.006  0.005  0.005  0.005
03:57:24 837.32   14.5   35.5   1639    2.4    190    7.6    29.5  -0.5   0.81   4.39 2460.1     0.00   0.00    0.0  0.005  0.006  0.006  0.006  0.005  0.005
03:57:25 837.17   14.6   35.6   1641    2.4    189    7.6    29.6  -0.5   0.81   4.40 2461.1     0.00   0.00    0.0  0.005  0.006  0.006  0.005  0.005  0.005
03:57:27 837.08   14.6   35.6   1642    2.3    189    7.6    29.6  -0.5   0.81   4.40 2463.1     0.00   0.00    0.0  0.005  0.006  0.006  0.006  0.005  0.005
03:57:28 837.01   14.6   35.5   1642    2.3    190    7.6    29.6  -0.5   0.81   4.39 2464.1     0.00   0.00    0.0  0.005  0.006  0.006  0.005  0.005  0.005
03:57:29 837.16   14.6   35.6   1641    2.3    192    7.6    29.6  -0.5   0.81   4.40 2465.1     0.00   0.00    0.0  0.005  0.006  0.006  0.005  0.005  0.005
03:57:30 836.84   14.6   35.6   1644    2.3    192    7.6    29.6  -0.5   0.82   4.41 2466.1     0.00   0.00    0.0  0.005  0.006  0.006  0.006  0.005  0.005
03:57:31 836.96   14.6   35.6   1643    2.3    194    7.6    29.6  -0.5   0.81   4.40 2467.1     0.00   0.00    0.0  0.005  0.006  0.006  0.005  0.005  0.005
03:57:34 836.72   14.5   35.7   1645    2.2    193    7.6    29.5  -0.5   0.81   4.39 2470.1     0.00   0.00    0.0  0.005  0.006  0.006  0.006  0.005  0.005
03:57:35 837.12   14.6   35.6   1641    2.2    196    7.6    29.5  -0.5   0.81   4.40 2471.1     0.00   0.00    0.0  0.005  0.006  0.006  0.005  0.005  0.005
03:57:36 836.81   14.5   35.7   1644    2.2    195    7.6    29.5  -0.5   0.81   4.40 2472.1     0.00   0.00    0.0  0.005  0.006  0.006  0.005  0.005  0.005
03:57:37 836.65   14.5   35.7   1646    2.1    193    7.6    29.6  -0.4   0.82   4.41 2473.1     0.00   0.00    0.0  0.005  0.006  0.006  0.006  0.005  0.005
03:57:38 836.67   14.5   35.8   1646    2.1    193    7.6    29.5  -0.5   0.82   4.41 2474.1     0.00   0.00    0.0  0.005  0.006  0.005  0.005  0.005  0.005
03:57:39 836.65   14.5   35.8   1646    2.1    192    7.6    29.5  -0.5   0.81   4.40 2475.1     0.00   0.00    0.0  0.005  0.006  0.006  0.005  0.005  0.005
03:57:41 836.74   14.5   35.8   1645    2.1    195    7.6    29.5  -0.5   0.81   4.40 2477.1     0.00   0.00    0.0  0.005  0.006  0.006  0.006  0.005  0.005
03:57:44 836.37   14.5   35.8   1649    2.0    190    7.6    29.5  -0.5   0.81   4.40 2480.1     0.00   0.00    0.0  0.005  0.006  0.005  0.005  0.005  0.005
03:57:45 836.39   14.5   35.8   1649    2.1    188    7.6    29.6  -0.5   0.82   4.41 2481.1     0.00   0.00    0.0  0.005  0.006  0.006  0.005  0.005  0.005
03:57:46 836.18   14.5   35.7   1651    2.1    189    7.6    29.6  -0.5   0.81   4.40 2482.1     0.00   0.00    0.0  0.005  0.006  0.005  0.006  0.005  0.005
03:57:47 836.21   14.5   35.8   1651    2.1    189    7.6    29.6  -0.5   0.81   4.40 2483.1     0.00   0.00    0.0  0.005  0.006  0.006  0.005  0.005  0.005
03:57:48 836.29   14.5   35.8   1650    2.0    189    7.6    29.6  -0.5   0.81   4.40 2484.1     0.00   0.00    0.0  0.006  0.006  0.006  0.006  0.005  0.005
03:57:49 836.25   14.5   35.8   1650    2.0    192    7.6    29.6  -0.4   0.82   4.41 2485.1     0.00   0.00    0.0  0.005  0.006  0.006  0.005  0.005  0.005
03:57:53 835.94   14.4   35.8   1653    2.0    191    7.6    29.5  -0.5   0.81   4.39 2489.1     0.00   0.00    0.0  0.005  0.006  0.005  0.005  0.005  0.005
03:57:54 836.18   14.4   35.9   1651    2.0    191    7.6    29.5  -0.5   0.81   4.40 2490.1     0.00   0.00    0.0  0.005  0.006  0.006  0.006  0.005  0.005
03:57:55 835.88   14.5   35.8   1654    1.9    190    7.6    29.6  -0.5   0.81   4.40 2491.1     0.00   0.00    0.0  0.005  0.006  0.006  0.006  0.005  0.005
03:57:56 835.99   14.4   35.9   1653    1.9    194    7.6    29.5  -0.5   0.81   4.40 2492.1     0.00   0.00    0.0  0.005  0.006  0.006  0.005  0.005  0.005
03:57:57 835.96   14.5   35.9   1653    2.0    194    7.5    29.6  -0.4   0.82   4.42 2493.1     0.00   0.00    0.0  0.005  0.006  0.006  0.005  0.005  0.005
03:57:58 835.78   14.4   35.9   1655    1.9    191    7.6    29.5  -0.5   0.81   4.40 2494.1     0.00   0.00    0.0  0.005  0.006  0.006  0.006  0.005  0.005
03:57:59 835.82   14.4   35.9   1654    1.9    193    7.6    29.5  -0.5   0.81   4.40 2495.1     0.00   0.00    0.0  0.005  0.006  0.006  0.005  0.005  0.005
03:58:00 835.92   14.4   35.8   1653    2.0    195    7.6    29.5  -0.5   0.81   4.39 2496.1     0.00   0.00    0.0  0.005  0.006  0.006  0.005  0.005  0.005
03:58:01 835.69   14.4   35.9   1656    2.0    192    7.5    29.6  -0.5   0.81   4.40 2497.1     0.00   0.00    0.0  0.005  0.006  0.006  0.005  0.005  0.005
03:58:02 835.72   14.4   35.8   1655    2.0    193    7.5    29.6  -0.5   0.81   4.39 2498.1     0.00   0.00    0.0  0.005  0.006  0.005  0.006  0.005  0.005
03:58:03 835.84   14.4   35.9   1654    2.1    197    7.5    29.5  -0.5   0.81   4.39 2499.1     0.00   0.00    0.0  0.005  0.006  0.006  0.005  0.005  0.005
03:58:04 835.76   14.4   35.9   1655    2.1    194    7.6    29.5  -0.5   0.81   4.40 2500.1     0.00   0.00    0.0  0.005  0.006  0.006  0.005  0.005  0.005
03:58:06 835.49   14.4   35.8   1658    2.1    193    7.5    29.6  -0.5   0.81   4.38 2502.1     0.00   0.00    0.0  0.005  0.006  0.006  0.005  0.005  0.005
03:58:07 835.45   14.4   35.9   1658    2.1    192    7.5    29.5  -0.5   0.81   4.40 2503.1     0.00   0.00    0.0  0.005  0.006  0.006  0.005  0.005  0.005
03:58:08 835.54   14.4   35.9   1657    2.1    191    7.5    29.6  -0.5   0.81   4.40 2504.1     0.00   0.00    0.0  0.005  0.006  0.006  0.006  0.005  0.005
03:58:10 835.37   14.4   35.9   1659    2.0    191    7.5    29.6  -0.5   0.81   4.39 2506.1     0.00   0.00    0.0  0.005  0.006  0.006  0.006  0.005  0.005
03:58:11 835.21   14.4   35.9   1661    1.9    191    7.5    29.6  -0.5   0.81   4.40 2507.0     0.00   0.00    0.0  0.005  0.006  0.006  0.005  0.005  0.005
03:58:13 835.46   14.4   35.8   1658    1.9    191    7.5    29.5  -0.6   0.81   4.37 2509.0     0.00   0.00    0.0  0.005  0.006  0.006  0.006  0.005  0.005
03:58:14 835.23   14.4   35.9   1660    1.9    191    7.5    29.5  -0.5   0.81   4.38 2510.0     0.00   0.00    0.0  0.005  0.006  0.006  0.005  0.005  0.005
03:58:15 835.15   14.4   35.9   1661    1.9    192    7.5    29.6  -0.5   0.81   4.39 2511.0     0.00   0.00    0.0  0.005  0.006  0.006  0.005  0.005  0.005
03:58:16 834.98   14.3   35.8   1663    1.9    189    7.5    29.5  -0.6   0.81   4.37 2512.0     0.00   0.00    0.0  0.005  0.006  0.006  0.005  0.005  0.005
03:58:17 835.00   14.4   35.9   1663    1.9    189    7.5    29.6  -0.5   0.81   4.39 2513.0     0.00   0.00    0.0  0.005  0.006  0.006  0.006  0.005  0.005
03:58:18 835.15   14.3   35.9   1661    1.9    188    7.5    29.5  -0.5   0.81   4.39 2514.0     0.00   0.00    0.0  0.005  0.006  0.006  0.006  0.005  0.005
03:58:19 834.95   14.4   35.9   1663    2.0    189    7.5    29.6  -0.5   0.81   4.39 2515.0     0.00   0.00    0.0  0.006  0.006  0.006  0.006  0.005  0.005
03:58:23 834.84   14.3   36.0   1664    1.9    195    7.5    29.6  -0.5   0.81   4.39 2519.0     0.00   0.00    0.0  0.005  0.006  0.006  0.005  0.005  0.005
03:58:24 834.80   14.3   36.0   1665    1.9    193    7.5    29.5  -0.5   0.81   4.39 2520.0     0.00   0.00    0.0  0.005  0.006  0.006  0.006  0.005  0.005
03:58:25 834.77   14.3   35.9   1665    1.9    191    7.5    29.5  -0.6   0.81   4.38 2521.0     0.00   0.00    0.0  0.005  0.006  0.006  0.006  0.005  0.005
03:58:26 834.72   14.3   36.0   1666    1.9    191    7.5    29.6  -0.5   0.81   4.40 2522.0     0.00   0.00    0.0  0.005  0.006  0.006  0.006  0.005  0.005
03:58:27 834.64   14.3   36.0   1666    1.9    192    7.5    29.5  -0.5   0.81   4.38 2523.0     0.00   0.00    0.0  0.005  0.006  0.006  0.006  0.005  0.005
03:58:28 834.82   14.3   36.0   1665    1.9    192    7.5    29.6  -0.5   0.81   4.39 2524.0     0.00   0.00    0.0  0.005  0.006  0.006  0.005  0.005  0.005
03:58:30 834.72   14.3   36.0   1666    1.8    194    7.5    29.5  -0.5   0.81   4.39 2526.0     0.00   0.00    0.0  0.006  0.006  0.005  0.005  0.005  0.005
03:58:31 834.83   14.3   36.0   1664    1.8    193    7.5    29.6  -0.5   0.81   4.40 2527.0     0.00   0.00    0.0  0.006  0.006  0.006  0.006  0.005  0.005
03:58:32 834.50   14.3   36.0   1668    1.9    192    7.5    29.6  -0.5   0.81   4.39 2528.0     0.00   0.00    0.0  0.005  0.006  0.006  0.005  0.005  0.005
03:58:34 834.45   14.3   36.0   1668    1.9    190    7.5    29.5  -0.6   0.81   4.38 2530.0     0.00   0.00    0.0  0.005  0.006  0.006  0.006  0.005  0.005
03:58:35 834.21   14.3   36.0   1671    1.9    190    7.5    29.6  -0.5   0.81   4.39 2531.0     0.00   0.00    0.0  0.006  0.006  0.006  0.005  0.005  0.005
03:58:36 834.43   14.3   36.0   1669    2.0    191    7.5    29.5  -0.6   0.81   4.38 2532.0     0.00   0.00    0.0  0.005  0.006  0.006  0.006  0.005  0.005
03:58:38 834.14   14.3   36.1   1671    1.9    192    7.5    29.6  -0.5   0.81   4.40 2534.0     0.00   0.00    0.0  0.005  0.006  0.006  0.006  0.005  0.005
03:58:39 833.86   14.3   36.1   1674    1.9    189    7.5    29.6  -0.5   0.81   4.39 2535.0     0.00   0.00    0.0  0.006  0.006  0.006  0.006  0.005  0.005
03:58:40 834.12   14.3   36.1   1672    1.9    192    7.5    29.6  -0.5   0.81   4.39 2536.0     0.00   0.00    0.0  0.005  0.006  0.006  0.006  0.005  0.005
03:58:41 833.97   14.2   36.1   1673    2.0    191    7.5    29.5  -0.5   0.81   4.39 2537.0     0.00   0.00    0.0  0.005  0.006  0.006  0.005  0.005  0.005
03:58:43 834.06   14.2   36.2   1672    2.2    192    7.5    29.5  -0.5   0.81   4.39 2539.0     0.00   0.00    0.0  0.005  0.006  0.006  0.006  0.005  0.005
03:58:44 833.74   14.3   36.2   1675    2.2    196    7.5    29.6  -0.5   0.81   4.40 2540.0     0.00   0.00    0.0  0.005  0.006  0.006  0.006  0.005  0.005
03:58:45 833.71   14.2   36.2   1676    2.2    195    7.5    29.5  -0.5   0.81   4.39 2541.0     0.00   0.00    0.0  0.005  0.006  0.006  0.006  0.005  0.005
03:58:46 833.69   14.3   36.2   1676    2.3    195    7.5    29.6  -0.5   0.82   4.41 2542.0     0.00   0.00    0.0  0.005  0.006  0.006  0.006  0.005  0.005
03:58:47 833.87   14.2   36.2   1674    2.3    194    7.5    29.6  -0.5   0.81   4.39 2543.0     0.00   0.00    0.0  0.005  0.006  0.006  0.005  0.005  0.005
03:58:48 833.47   14.2   36.2   1678    2.3    194    7.5    29.6  -0.6   0.81   4.38 2544.0     0.00   0.00    0.0  0.005  0.006  0.006  0.005  0.005  0.005
03:58:49 833.62   14.2   36.1   1677    2.3    193    7.5    29.6  -0.6   0.81   4.38 2545.0     0.00   0.00    0.0  0.005  0.006  0.006  0.006  0.005  0.005
03:58:50 833.63   14.2   36.1   1677    2.3    194    7.5    29.6  -0.6   0.81   4.38 2546.0     0.00   0.00    0.0  0.005  0.006  0.006  0.006  0.005  0.005
03:58:52 833.38   14.2   36.1   1679    2.4    194    7.5    29.6  -0.6   0.81   4.39 2548.0     0.00   0.00    0.0  0.005  0.006  0.006  0.006  0.005  0.005
03:58:53 833.59   14.2   36.2   1677    2.4    191    7.5    29.5  -0.6   0.81   4.38 2549.0     0.00   0.00    0.0  0.005  0.006  0.006  0.005  0.005  0.005
03:58:54 833.56   14.2   36.1   1677    2.4    190    7.5    29.6  -0.6   0.81   4.38 2550.0     0.00   0.00    0.0  0.005  0.006  0.006  0.005  0.005  0.005
03:58:55 833.46   14.2   36.1   1678    2.4    190    7.5    29.5  -0.6   0.81   4.37 2551.0     0.00   0.00    0.0  0.005  0.006  0.006  0.005  0.005  0.005
03:58:56 833.31   14.2   36.1   1680    2.4    192    7.5    29.6  -0.6   0.81   4.37 2552.0     0.00   0.00    0.0  0.005  0.006  0.006  0.005  0.005  0.005
03:58:57 833.51   14.2   36.1   1678    2.4    192    7.5    29.5  -0.6   0.81   4.37 2553.0     0.00   0.00    0.0  0.005  0.006  0.006  0.006  0.005  0.005
03:59:00 833.32   14.2   36.2   1680    2.4    196    7.5    29.5  -0.6   0.81   4.37 2556.0     0.00   0.00    0.0  0.005  0.006  0.006  0.006  0.005  0.005
03:59:01 833.31   14.2   36.2   1680    2.3    195    7.5    29.5  -0.6   0.81   4.38 2557.0     0.00   0.00    0.0  0.005  0.006  0.006  0.006  0.005  0.005
03:59:03 832.79   14.2   36.3   1685    2.4    198    7.5    29.6  -0.6   0.81   4.38 2559.0     0.00   0.00    0.0  0.005  0.006  0.006  0.006  0.005  0.005
03:59:04 833.18   14.1   36.3   1681    2.3    198    7.5    29.5  -0.6   0.81   4.37 2560.0     0.00   0.00    0.0  0.005  0.006  0.006  0.006  0.005  0.005
03:59:06 833.01   14.1   36.2   1683    2.3    196    7.5    29.5  -0.6   0.81   4.36 2562.0     0.00   0.00    0.0  0.005  0.006  0.006  0.006  0.005  0.005
03:59:07 832.97   14.1   36.2   1683    2.3    196    7.5    29.5  -0.6   0.81   4.37 2563.0     0.00   0.00    0.0  0.005  0.006  0.005  0.006  0.005  0.005
03:59:09 832.69   14.2   36.2   1686    2.3    190    7.5    29.6  -0.6   0.81   4.39 2565.0     0.00   0.00    0.0  0.006  0.006  0.006  0.006  0.005  0.005
03:59:10 832.84   14.2   36.2   1685    2.4    189    7.5    29.6  -0.6   0.81   4.38 2566.0     0.00   0.00    0.0  0.005  0.006  0.006  0.006  0.005  0.005
03:59:11 832.72   14.1   36.2   1686    2.4    190    7.5    29.5  -0.6   0.81   4.37 2567.0     0.00   0.00    0.0  0.005  0.006  0.006  0.006  0.005  0.005
03:59:12 832.59   14.1   36.3   1687    2.4    192    7.5    29.6  -0.6   0.81   4.38 2568.0     0.00   0.00    0.0  0.005  0.006  0.006  0.006  0.005  0.005
03:59:13 832.47   14.2   36.3   1688    2.3    195    7.5    29.6  -0.6   0.81   4.39 2569.0     0.00   0.00    0.0  0.005  0.006  0.006  0.006  0.005  0.005
03:59:14 832.52   14.2   36.3   1688    2.3    195    7.5    29.6  -0.6   0.81   4.38 2570.0     0.00   0.00    0.0  0.005  0.006  0.006  0.006  0.005  0.005
03:59:17 832.39   14.1   36.2   1689    2.3    195    7.5    29.6  -0.6   0.81   4.36 2573.0     0.00   0.00    0.0  0.005  0.006  0.006  0.006  0.005  0.005
03:59:18 832.49   14.1   36.2   1688    2.3    195    7.5    29.6  -0.6   0.81   4.36 2574.0     0.00   0.00    0.0  0.005  0.006  0.006  0.006  0.005  0.005
03:59:19 832.37   14.1   36.3   1689    2.2    195    7.5    29.6  -0.6   0.81   4.37 2575.0     0.00   0.00    0.0  0.006  0.006  0.006  0.006  0.005  0.005
03:59:21 832.11   14.1   36.3   1692    2.3    195    7.5    29.6  -0.6   0.81   4.38 2577.0     0.00   0.00    0.0  0.005  0.006  0.006  0.006  0.005  0.005
03:59:22 832.10   14.1   36.4   1692    2.3    195    7.5    29.6  -0.6   0.81   4.39 2578.0     0.00   0.00    0.0  0.005  0.006  0.006  0.006  0.005  0.005
03:59:23 832.06   14.1   36.3   1692    2.3    194    7.5    29.6  -0.6   0.81   4.37 2579.0     0.00   0.00    0.0  0.005  0.006  0.006  0.006  0.005  0.005
03:59:24 832.34   14.1   36.4   1690    2.3    192    7.5    29.5  -0.6   0.81   4.37 2580.0     0.00   0.00    0.0  0.005  0.006  0.006  0.006  0.005  0.005
03:59:25 832.12   14.1   36.4   1692    2.3    191    7.5    29.5  -0.6   0.81   4.38 2581.0     0.00   0.00    0.0  0.005  0.006  0.006  0.006  0.005  0.005
03:59:28 832.11   14.1   36.4   1692    2.2    189    7.5    29.6  -0.6   0.81   4.38 2584.0     0.00   0.00    0.0  0.006  0.006  0.006  0.006  0.005  0.005
03:59:29 831.87   14.1   36.5   1694    2.2    188    7.5    29.6  -0.6   0.81   4.39 2585.0     0.00   0.00    0.0  0.005  0.006  0.006  0.006  0.005  0.005
03:59:30 831.75   14.0   36.5   1696    2.2    189    7.5    29.6  -0.6   0.81   4.38 2586.0     0.00   0.00    0.0  0.005  0.006  0.006  0.006  0.005  0.005
03:59:31 832.10   14.1   36.5   1692    2.1    188    7.5    29.5  -0.6   0.81   4.38 2587.0     0.00   0.00    0.0  0.006  0.006  0.006  0.006  0.005  0.005
03:59:32 831.90   14.1   36.5   1694    2.1    190    7.5    29.6  -0.6   0.81   4.39 2588.0     0.00   0.00    0.0  0.005  0.006  0.006  0.006  0.005  0.005
03:59:33 831.83   14.1   36.5   1695    2.2    193    7.5    29.6  -0.6   0.81   4.38 2589.0     0.00   0.00    0.0  0.005  0.006  0.006  0.006  0.005  0.005
03:59:36 831.72   14.1   36.5   1696    2.2    196    7.5    29.6  -0.6   0.81   4.39 2592.0     0.00   0.00    0.0  0.006  0.006  0.006  0.005  0.005  0.005
03:59:39 831.67   14.0   36.5   1696    2.1    195    7.5    29.5  -0.6   0.81   4.37 2595.0     0.00   0.00    0.0  0.005  0.006  0.006  0.006  0.005  0.005
03:59:40 831.36   14.0   36.6   1700    2.2    195    7.5    29.6  -0.6   0.81   4.38 2596.0     0.00   0.00    0.0  0.005  0.006  0.006  0.006  0.005  0.005
03:59:41 831.36   14.0   36.5   1700    2.1    193    7.5    29.6  -0.6   0.81   4.38 2597.0     0.00   0.00    0.0  0.005  0.006  0.006  0.005  0.005  0.005
03:59:44 831.33   14.0   36.5   1700    2.1    191    7.5    29.5  -0.6   0.81   4.37 2600.0     0.00   0.00    0.0  0.005  0.006  0.006  0.006  0.005  0.005
03:59:45 831.27   14.0   36.6   1700    2.1    193    7.5    29.6  -0.6   0.81   4.39 2601.0     0.00   0.00    0.0  0.005  0.006  0.006  0.006  0.005  0.005
03:59:46 831.13   14.0   36.6   1702    2.1    193    7.5    29.5  -0.6   0.81   4.37 2602.0     0.00   0.00    0.0  0.005  0.006  0.006  0.006  0.005  0.005
03:59:47 831.24   14.0   36.6   1701    2.1    192    7.5    29.6  -0.6   0.81   4.39 2603.0     0.00   0.00    0.0  0.005  0.006  0.006  0.006  0.005  0.005
03:59:48 830.90   13.9   36.6   1704    2.1    191    7.5    29.5  -0.6   0.81   4.37 2604.0     0.00   0.00    0.0  0.005  0.006  0.006  0.006  0.005  0.005
03:59:49 831.28   14.0   36.6   1700    2.1    191    7.5    29.5  -0.6   0.81   4.37 2605.0     0.00   0.00    0.0  0.005  0.006  0.006  0.006  0.005  0.005
03:59:50 831.28   14.0   36.6   1700    2.1    191    7.5    29.5  -0.6   0.81   4.37 2606.0     0.00   0.00    0.0  0.005  0.006  0.006  0.006  0.005  0.005
03:59:52 830.96   14.0   36.7   1704    2.1    191    7.5    29.6  -0.6   0.81   4.39 2607.9     0.00   0.00    0.0  0.005  0.006  0.006  0.005  0.005  0.005
03:59:53 830.76   13.9   36.7   1706    2.1    190    7.5    29.6  -0.6   0.81   4.38 2608.9     0.00   0.00    0.0  0.005  0.006  0.006  0.006  0.005  0.005
03:59:54 830.84   14.0   36.7   1705    2.1    191    7.5    29.6  -0.6   0.81   4.39 2609.9     0.00   0.00    0.0  0.006  0.006  0.006  0.006  0.005  0.005
03:59:55 830.76   13.9   36.6   1706    2.1    192    7.5    29.6  -0.6   0.81   4.37 2610.9     0.00   0.00    0.0  0.006  0.006  0.006  0.006  0.005  0.005
03:59:56 830.77   13.9   36.7   1706    2.1    194    7.5    29.5  -0.6   0.81   4.37 2611.9     0.00   0.00    0.0  0.005  0.006  0.006  0.006  0.005  0.005
03:59:57 830.83   13.9   36.7   1705    2.2    194    7.5    29.5  -0.6   0.81   4.37 2612.9     0.00   0.00    0.0  0.005  0.006  0.006  0.006  0.005  0.005
03:59:58 830.68   13.9   36.7   1707    2.2    194    7.5    29.5  -0.6   0.81   4.37 2613.9     0.00   0.00    0.0  0.005  0.006  0.006  0.006  0.005  0.005
03:59:59 830.65   13.9   36.7   1707    2.2    194    7.5    29.5  -0.6   0.81   4.37 2614.9     0.00   0.00    0.0  0.006  0.006  0.006  0.006  0.005  0.005
04:00:01 830.50   13.9   36.7   1708    2.1    192    7.5    29.6  -0.6   0.81   4.38 2616.9     0.00   0.00    0.0  0.005  0.006  0.006  0.006  0.005  0.005
04:00:04 830.60   13.9   36.7   1707    2.2    190    7.5    29.5  -0.6   0.81   4.38 2619.9     0.00   0.00    0.0  0.005  0.006  0.006  0.006  0.005  0.005
04:00:05 830.34   13.9   36.7   1710    2.2    191    7.5    29.6  -0.6   0.81   4.38 2620.9     0.00   0.00    0.0  0.005  0.006  0.006  0.006  0.005  0.005
04:00:08 830.38   13.8   36.8   1709    2.2    193    7.5    29.5  -0.7   0.81   4.37 2623.9     0.00   0.00    0.0  0.005  0.006  0.006  0.006  0.005  0.005
04:00:09 830.26   13.9   36.7   1711    2.2    194    7.5    29.6  -0.6   0.81   4.38 2624.9     0.00   0.00    0.0  0.005  0.006  0.006  0.006  0.005  0.005
04:00:10 830.21   13.9   36.7   1711    2.2    193    7.5    29.6  -0.6   0.81   4.38 2625.9     0.00   0.00    0.0  0.006  0.006  0.006  0.006  0.005  0.005
04:00:11 830.07   13.9   36.7   1713    2.2    192    7.5    29.6  -0.6   0.81   4.37 2626.9     0.00   0.00    0.0  0.005  0.006  0.006  0.006  0.005  0.005
04:00:13 829.93   13.8   36.8   1714    2.2    196    7.5    29.5  -0.7   0.81   4.36 2628.9     0.00   0.00    0.0  0.005  0.006  0.006  0.006  0.005  0.005
04:00:14 830.06   13.8   36.8   1713    2.1    194    7.5    29.5  -0.6   0.81   4.37 2629.9     0.00   0.00    0.0  0.005  0.006  0.006  0.006  0.005  0.005
04:00:15 829.89   13.9   36.8   1715    2.1    195    7.5    29.6  -0.6   0.81   4.38 2630.9     0.00   0.00    0.0  0.005  0.006  0.006  0.006  0.005  0.005
04:00:16 830.16   13.8   36.8   1712    2.1    192    7.5    29.5  -0.7   0.81   4.36 2631.9     0.00   0.00    0.0  0.006  0.006  0.006  0.006  0.005  0.005
04:00:17 829.94   13.8   36.7   1714    2.1    193    7.5    29.5  -0.7   0.81   4.35 2632.9     0.00   0.00    0.0  0.005  0.006  0.006  0.006  0.005  0.005
04:00:19 829.72   13.9   36.8   1716    2.2    195    7.5    29.6  -0.6   0.81   4.37 2634.9     0.00   0.00    0.0  0.005  0.006  0.006  0.006  0.005  0.005
04:00:20 829.68   13.8   36.8   1717    2.2    194    7.5    29.5  -0.7   0.81   4.36 2635.9     0.00   0.00    0.0  0.005  0.006  0.006  0.006  0.005  0.005
04:00:21 829.55   13.8   36.8   1718    2.2    195    7.5    29.5  -0.7   0.81   4.36 2636.9     0.00   0.00    0.0  0.005  0.006  0.006  0.006  0.005  0.005
04:00:22 829.52   13.9   36.8   1718    2.3    194    7.5    29.6  -0.6   0.81   4.38 2637.9     0.00   0.00    0.0  0.006  0.006  0.006  0.006  0.005  0.005
04:00:23 829.68   13.8   36.8   1717    2.3    195    7.5    29.6  -0.7   0.81   4.37 2638.9     0.00   0.00    0.0  0.005  0.006  0.006  0.006  0.005  0.005
04:00:24 829.58   13.8   36.8   1718    2.3    196    7.5    29.6  -0.7   0.81   4.36 2640.0     0.00   0.00    0.0  0.005  0.006  0.006  0.006  0.005  0.005
04:00:26 829.37   13.8   36.8   1720    2.2    198    7.5    29.6  -0.7   0.81   4.36 2641.9     0.00   0.00    0.0  0.005  0.006  0.006  0.006  0.005  0.005
04:00:27 829.47   13.8   36.8   1719    2.2    195    7.5    29.6  -0.7   0.81   4.36 2642.9     0.00   0.00    0.0  0.005  0.006  0.006  0.006  0.005  0.005
04:00:28 829.23   13.8   36.8   1721    2.1    194    7.5    29.6  -0.7   0.81   4.35 2643.9     0.00   0.00    0.0  0.005  0.006  0.006  0.006  0.005  0.005
04:00:29 829.37   13.8   36.8   1720    2.1    194    7.5    29.6  -0.7   0.81   4.36 2644.9     0.00   0.00    0.0  0.006  0.006  0.006  0.006  0.005  0.005
04:00:32 829.08   13.8   36.8   1723    2.1    194    7.5    29.6  -0.7   0.81   4.36 2647.9     0.00   0.00    0.0  0.005  0.006  0.006  0.006  0.005  0.005
04:00:33 828.94   13.8   36.8   1724    2.2    196    7.5    29.6  -0.7   0.81   4.37 2648.9     0.00   0.00    0.0  0.006  0.006  0.006  0.006  0.005  0.005
04:00:34 829.04   13.8   36.8   1723    2.2    195    7.5    29.6  -0.7   0.81   4.37 2649.9     0.00   0.00    0.0  0.005  0.006  0.006  0.006  0.005  0.005
04:00:35 828.94   13.7   36.8   1724    2.3    192    7.5    29.5  -0.7   0.81   4.35 2650.9     0.00   0.00    0.0  0.006  0.006  0.006  0.006  0.005  0.005
04:00:36 828.98   13.8   36.8   1724    2.3    190    7.5    29.6  -0.7   0.81   4.35 2651.9     0.00   0.00    0.0  0.005  0.006  0.006  0.006  0.005  0.005
04:00:37 829.12   13.7   36.8   1722    2.4    190    7.5    29.5  -0.8   0.81   4.34 2652.9     0.00   0.00    0.0  0.006  0.006  0.006  0.006  0.005  0.005
04:00:38 829.15   13.8   36.8   1722    2.4    190    7.5    29.5  -0.7   0.81   4.35 2653.9     0.00   0.00    0.0  0.005  0.006  0.006  0.006  0.005  0.005
04:00:39 829.18   13.8   36.8   1722    2.4    191    7.5    29.6  -0.7   0.81   4.36 2654.9     0.00   0.00    0.0  0.005  0.006  0.006  0.006  0.005  0.005
04:00:40 829.15   13.8   36.9   1722    2.5    190    7.5    29.6  -0.7   0.81   4.36 2655.9     0.00   0.00    0.0  0.005  0.006  0.006  0.006  0.005  0.005
04:00:42 829.11   13.8   36.8   1722    2.6    192    7.5    29.6  -0.7   0.81   4.36 2657.9     0.00   0.00    0.0  0.006  0.006  0.006  0.006  0.005  0.005
04:00:44 829.01   13.8   36.9   1723    2.7    189    7.5    29.6  -0.7   0.81   4.37 2659.9     0.00   0.00    0.0  0.005  0.006  0.006  0.006  0.005  0.005
04:00:45 829.18   13.8   36.8   1722    2.9    189    7.5    29.6  -0.7   0.81   4.35 2660.9     0.00   0.00    0.0  0.005  0.006  0.006  0.006  0.005  0.005
04:00:48 829.11   13.8   36.8   1722    3.3    194    7.5    29.5  -0.7   0.81   4.35 2663.9     0.00   0.00    0.0  0.005  0.006  0.006  0.006  0.005  0.005
04:00:49 828.97   13.8   36.8   1724    3.5    193    7.5    29.6  -0.7   0.81   4.35 2664.9     0.00   0.00    0.0  0.006  0.006  0.006  0.006  0.005  0.005
04:00:50 829.12   13.8   36.8   1722    3.6    194    7.5    29.6  -0.7   0.81   4.36 2665.9     0.00   0.00    0.0  0.006  0.006  0.006  0.006  0.005  0.005
04:00:51 828.91   13.8   36.7   1724    3.9    194    7.5    29.6  -0.7   0.81   4.36 2666.9     0.00   0.00    0.0  0.005  0.006  0.006  0.006  0.005  0.005
04:00:52 829.11   13.8   36.7   1722    3.9    195    7.5    29.6  -0.7   0.81   4.34 2667.9     0.00   0.00    0.0  0.006  0.006  0.006  0.006  0.005  0.005
04:00:53 828.90   13.8   36.7   1725    3.9    193    7.5    29.6  -0.7   0.81   4.35 2668.9     0.00   0.00    0.0  0.005  0.006  0.006  0.006  0.005  0.005
04:00:54 829.10   13.8   36.7   1723    3.9    192    7.5    29.5  -0.8   0.81   4.33 2669.9     0.00   0.00    0.0  0.006  0.006  0.006  0.006  0.005  0.005
04:00:55 828.81   13.8   36.7   1725    3.9    191    7.5    29.6  -0.7   0.81   4.35 2670.9     0.00   0.00    0.0  0.006  0.006  0.006  0.006  0.005  0.005
04:00:56 828.85   13.7   36.7   1725    3.9    191    7.5    29.5  -0.8   0.81   4.33 2671.9     0.00   0.00    0.0  0.006  0.006  0.006  0.006  0.005  0.005
04:00:57 828.95   13.7   36.7   1724    4.0    192    7.5    29.5  -0.8   0.81   4.34 2672.9     0.00   0.00    0.0  0.006  0.006  0.006  0.006  0.005  0.005
04:00:58 829.09   13.7   36.7   1723    4.0    192    7.5    29.5  -0.8   0.81   4.33 2673.9     0.00   0.00    0.0  0.006  0.006  0.006  0.006  0.005  0.005
04:01:00 828.87   13.7   36.7   1725    3.9    193    7.5    29.6  -0.8   0.81   4.33 2675.9     0.00   0.00    0.0  0.006  0.006  0.006  0.006  0.005  0.005
04:01:02 828.79   13.8   36.7   1726    3.9    196    7.5    29.6  -0.7   0.81   4.34 2677.9     0.00   0.00    0.0  0.005  0.006  0.006  0.006  0.005  0.005
04:01:03 828.88   13.8   36.7   1725    3.9    192    7.5    29.6  -0.7   0.81   4.34 2678.9     0.00   0.00    0.0  0.005  0.006  0.006  0.006  0.005  0.005
04:01:04 828.75   13.8   36.7   1726    3.8    192    7.5    29.6  -0.7   0.81   4.35 2679.9     0.00   0.00    0.0  0.006  0.006  0.006  0.006  0.005  0.005
04:01:06 829.09   13.8   36.7   1723    3.6    194    7.5    29.6  -0.8   0.81   4.33 2681.9     0.00   0.00    0.0  0.006  0.006  0.006  0.006  0.005  0.005
04:01:07 828.94   13.8   36.8   1724    3.6    194    7.5    29.6  -0.7   0.81   4.35 2682.9     0.00   0.00    0.0  0.005  0.006  0.006  0.006  0.005  0.005
04:01:08 829.12   13.8   36.7   1722    3.6    194    7.5    29.6  -0.7   0.81   4.34 2683.9     0.00   0.00    0.0  0.006  0.006  0.006  0.006  0.005  0.005
04:01:09 829.03   13.8   36.7   1723    3.6    194    7.5    29.6  -0.8   0.81   4.34 2684.9     0.00   0.00    0.0  0.005  0.006  0.006  0.006  0.005  0.005
04:01:10 828.88   13.8   36.7   1725    3.7    191    7.5    29.6  -0.8   0.81   4.33 2685.9     0.00   0.00    0.0  0.006  0.006  0.006  0.006  0.005  0.005
04:01:11 828.97   13.8   36.7   1724    3.6    190    7.5    29.6  -0.7   0.81   4.34 2686.9     0.00   0.00    0.0  0.005  0.006  0.006  0.006  0.005  0.005
04:01:12 829.15   13.8   36.7   1722    3.7    192    7.5    29.6  -0.7   0.81   4.34 2687.9     0.00   0.00    0.0  0.006  0.006  0.006  0.006  0.005  0.005
04:01:13 828.93   13.8   36.7   1724    3.7    191    7.5    29.6  -0.7   0.81   4.35 2688.9     0.00   0.00    0.0  0.006  0.006  0.006  0.006  0.005  0.005
04:01:14 829.08   13.8   36.7   1723    3.6    194    7.5    29.6  -0.7   0.81   4.35 2689.9     0.00   0.00    0.0  0.005  0.006  0.006  0.006  0.005  0.005
04:01:15 828.96   13.8   36.7   1724    3.6    197    7.5    29.6  -0.7   0.81   4.35 2690.9     0.00   0.00    0.0  0.005  0.006  0.006  0.006  0.005  0.005
04:01:16 828.88   13.8   36.7   1725    3.6    197    7.5    29.6  -0.7   0.81   4.34 2691.9     0.00   0.00    0.0  0.005  0.006  0.006  0.006  0.005  0.005
04:01:17 828.82   13.8   36.8   1725    3.5    196    7.5    29.6  -0.7   0.81   4.35 2692.9     0.00   0.00    0.0  0.006  0.006  0.006  0.006  0.005  0.005
04:01:18 829.06   13.8   36.7   1723    3.5    195    7.5    29.6  -0.8   0.81   4.33 2693.9     0.00   0.00    0.0  0.005  0.006  0.006  0.006  0.005  0.005
04:01:19 829.00   13.8   36.7   1724    3.6    200    7.5    29.5  -0.8   0.81   4.33 2694.9     0.00   0.00    0.0  0.006  0.006  0.006  0.006  0.005  0.005
04:01:20 828.92   13.8   36.7   1724    3.6    203    7.5    29.6  -0.7   0.81   4.35 2695.9     0.00   0.00    0.0  0.005  0.006  0.006  0.006  0.005  0.005
04:01:22 829.13   13.8   36.7   1722    3.5    195    7.5    29.5  -0.8   0.81   4.34 2697.9     0.00   0.00    0.0  0.005  0.006  0.006  0.006  0.005  0.005
04:01:23 829.13   13.8   36.7   1722    3.5    197    7.5    29.5  -0.8   0.81   4.34 2698.9     0.00   0.00    0.0  0.006  0.006  0.006  0.006  0.005  0.005
04:01:25 829.16   13.8   36.7   1722    3.5    195    7.5    29.5  -0.8   0.81   4.34 2700.9     0.00   0.00    0.0  0.005  0.006  0.006  0.006  0.005  0.005
04:01:28 829.07   13.8   36.7   1723    3.7    193    7.5    29.6  -0.7   0.81   4.35 2703.9     0.00   0.00    0.0  0.005  0.006  0.006  0.006  0.005  0.005
04:01:30 829.48   13.8   36.7   1719    3.7    197    7.5    29.5  -0.7   0.81   4.34 2705.9     0.00   0.00    0.0  0.005  0.006  0.006  0.006  0.005  0.005
04:01:31 829.34   13.8   36.7   1720    3.7    194    7.5    29.6  -0.7   0.81   4.35 2706.9     0.00   0.00    0.0  0.006  0.006  0.006  0.006  0.005  0.005
04:01:32 829.27   13.8   36.7   1721    3.7    195    7.5    29.6  -0.7   0.81   4.36 2707.9     0.00   0.00    0.0  0.005  0.006  0.006  0.006  0.005  0.005
04:01:35 829.40   13.8   36.7   1719    3.7    192    7.5    29.6  -0.7   0.81   4.35 2710.8     0.00   0.00    0.0  0.006  0.006  0.006  0.006  0.005  0.005
04:01:36 829.47   13.8   36.8   1719    3.7    191    7.5    29.5  -0.7   0.81   4.35 2711.8     0.00   0.00    0.0  0.006  0.006  0.006  0.006  0.005  0.005
04:01:37 829.52   13.8   36.7   1718    3.7    190    7.5    29.6  -0.7   0.81   4.37 2712.8     0.00   0.00    0.0  0.005  0.006  0.006  0.006  0.005  0.005
04:01:39 829.70   13.8   36.8   1716    3.9    189    7.5    29.5  -0.7   0.81   4.36 2714.8     0.00   0.00    0.0  0.005  0.006  0.006  0.006  0.005  0.005
04:01:40 829.58   13.8   36.7   1718    3.9    189    7.5    29.6  -0.7   0.81   4.35 2715.8     0.00   0.00    0.0  0.005  0.006  0.006  0.006  0.005  0.005
04:01:41 829.64   13.8   36.8   1717    3.8    192    7.5    29.5  -0.7   0.81   4.35 2716.8     0.00   0.00    0.0  0.006  0.006  0.006  0.006  0.005  0.005
04:01:42 829.89   13.8   36.7   1714    3.8    194    7.5    29.5  -0.7   0.81   4.34 2717.8     0.00   0.00    0.0  0.005  0.006  0.006  0.006  0.005  0.005
04:01:43 829.75   13.8   36.7   1716    3.8    192    7.5    29.6  -0.7   0.81   4.36 2718.8     0.00   0.00    0.0  0.005  0.006  0.006  0.006  0.005  0.005
04:01:44 829.91   13.8   36.7   1714    3.7    192    7.5    29.5  -0.7   0.81   4.35 2719.8     0.00   0.00    0.0  0.005  0.006  0.006  0.006  0.005  0.005
04:01:46 830.13   13.8   36.7   1712    3.7    189    7.5    29.5  -0.7   0.81   4.35 2721.8     0.00   0.00    0.0  0.006  0.006  0.006  0.006  0.005  0.005
04:01:47 830.21   13.8   36.7   1711    3.7    189    7.5    29.5  -0.7   0.81   4.35 2722.8     0.00   0.00    0.0  0.006  0.006  0.006  0.006  0.005  0.005
04:01:50 830.13   13.8   36.8   1712    3.5    189    7.5    29.5  -0.7   0.81   4.36 2725.8     0.00   0.00    0.0  0.006  0.006  0.006  0.006  0.005  0.005
04:01:51 830.23   13.8   36.8   1711    3.5    193    7.5    29.5  -0.7   0.81   4.36 2726.8     0.00   0.00    0.0  0.005  0.006  0.006  0.006  0.005  0.005
04:01:54 830.25   13.9   36.8   1711    3.4    194    7.5    29.5  -0.6   0.81   4.37 2729.8     0.00   0.00    0.0  0.006  0.006  0.006  0.006  0.005  0.005
04:01:55 830.55   13.9   36.7   1708    3.2    194    7.5    29.5  -0.7   0.81   4.36 2730.8     0.00   0.00    0.0  0.006  0.006  0.006  0.006  0.005  0.005
04:01:57 830.55   13.9   36.7   1708    3.2    193    7.5    29.5  -0.7   0.81   4.36 2732.8     0.00   0.00    0.0  0.005  0.006  0.006  0.006  0.005  0.005
04:01:58 830.39   13.9   36.7   1709    3.0    191    7.5    29.6  -0.6   0.81   4.39 2733.8     0.00   0.00    0.0  0.006  0.006  0.006  0.006  0.005  0.005
04:01:59 830.50   13.9   36.7   1708    3.0    192    7.5    29.5  -0.6   0.81   4.37 2734.8     0.00   0.00    0.0  0.005  0.006  0.006  0.006  0.005  0.005
04:02:00 830.76   13.9   36.7   1706    3.1    187    7.5    29.5  -0.6   0.81   4.37 2735.8     0.00   0.00    0.0  0.005  0.006  0.006  0.006  0.005  0.005
04:02:01 830.68   13.9   36.7   1707    3.2    184    7.5    29.5  -0.6   0.81   4.38 2736.8     0.00   0.00    0.0  0.006  0.006  0.006  0.006  0.005  0.005
04:02:02 830.65   13.9   36.8   1707    3.2    186    7.5    29.6  -0.6   0.81   4.39 2737.8     0.00   0.00    0.0  0.006  0.006  0.006  0.006  0.005  0.005
04:02:05 830.75   14.0   36.7   1706    3.3    184    7.5    29.6  -0.6   0.81   4.39 2740.8     0.00   0.00    0.0  0.005  0.006  0.006  0.006  0.005  0.005
04:02:07 831.02   13.9   36.8   1703    3.3    196    7.5    29.5  -0.6   0.81   4.38 2742.8     0.00   0.00    0.0  0.005  0.006  0.006  0.006  0.005  0.005
04:02:08 831.05   13.9   36.8   1703    3.3    190    7.5    29.5  -0.6   0.81   4.39 2743.8     0.00   0.00    0.0  0.005  0.006  0.006  0.006  0.005  0.005
04:02:09 831.16   13.9   36.8   1702    3.3    187    7.5    29.5  -0.6   0.81   4.38 2744.8     0.00   0.00    0.0  0.006  0.006  0.006  0.006  0.005  0.005
04:02:10 831.28   13.9   36.7   1700    3.4    189    7.5    29.5  -0.6   0.81   4.38 2745.8     0.00   0.00    0.0  0.006  0.006  0.006  0.006  0.005  0.005
04:02:11 831.48   13.9   36.7   1698    3.4    188    7.5    29.5  -0.6   0.81   4.38 2746.8     0.00   0.00    0.0  0.006  0.006  0.006  0.006  0.005  0.005
04:02:12 831.44   14.0   36.7   1699    3.4    186    7.5    29.5  -0.6   0.81   4.39 2747.8     0.00   0.00    0.0  0.006  0.006  0.006  0.006  0.005  0.005
04:02:13 831.49   14.0   36.6   1698    3.3    191    7.5    29.5  -0.6   0.81   4.38 2748.8     0.00   0.00    0.0  0.006  0.006  0.006  0.006  0.005  0.005
04:02:14 831.48   14.0   36.7   1698    3.3    194    7.5    29.5  -0.6   0.81   4.39 2749.8     0.00   0.00    0.0  0.006  0.006  0.006  0.006  0.005  0.005
04:02:15 831.59   13.9   36.6   1697    3.3    191    7.5    29.5  -0.6   0.81   4.37 2750.8     0.00   0.00    0.0  0.006  0.006  0.006  0.006  0.005  0.005
04:02:16 831.46   14.0   36.6   1699    3.2    191    7.5    29.5  -0.6   0.81   4.39 2751.8     0.00   0.00    0.0  0.006  0.006  0.006  0.006  0.005  0.005
04:02:19 831.80   14.0   36.6   1695    2.9    194    7.5    29.5  -0.6   0.81   4.38 2754.8     0.00   0.00    0.0  0.006  0.006  0.006  0.006  0.005  0.005
04:02:20 831.74   14.0   36.6   1696    2.9    195    7.5    29.5  -0.6   0.81   4.38 2755.8     0.00   0.00    0.0  0.006  0.006  0.006  0.006  0.005  0.005
04:02:22 832.00   14.0   36.7   1693    2.9    195    7.5    29.5  -0.5   0.81   4.40 2757.8     0.00   0.00    0.0  0.005  0.006  0.006  0.006  0.005  0.005
04:02:25 832.16   14.1   36.7   1691    2.8    194    7.5    29.5  -0.5   0.82   4.41 2760.8     0.00   0.00    0.0  0.006  0.006  0.006  0.006  0.005  0.005
04:02:26 832.02   14.0   36.7   1693    2.8    198    7.5    29.5  -0.5   0.81   4.40 2761.8     0.00   0.00    0.0  0.006  0.006  0.006  0.006  0.005  0.005
04:02:27 832.33   14.0   36.7   1690    2.7    199    7.5    29.5  -0.5   0.81   4.41 2762.8     0.00   0.00    0.0  0.006  0.006  0.006  0.006  0.005  0.005
04:02:28 832.31   14.0   36.7   1690    2.7    200    7.5    29.5  -0.5   0.82   4.41 2763.8     0.00   0.00    0.0  0.006  0.006  0.006  0.006  0.005  0.005
04:02:29 832.48   14.0   36.7   1688    2.7    204    7.5    29.5  -0.5   0.81   4.40 2764.8     0.00   0.00    0.0  0.005  0.006  0.006  0.006  0.005  0.005
04:02:30 832.52   14.1   36.7   1688    2.6    197    7.5    29.5  -0.5   0.82   4.41 2765.8     0.00   0.00    0.0  0.006  0.006  0.006  0.006  0.005  0.005
04:02:35 832.87   14.1   36.7   1684    2.2    220    7.5    29.5  -0.5   0.82   4.42 2770.8     0.00   0.00    0.0  0.006  0.006  0.006  0.006  0.005  0.005
04:02:36 833.33   14.1   36.7   1680    2.1    197    7.5    29.5  -0.5   0.82   4.41 2771.8     0.00   0.00    0.0  0.006  0.006  0.006  0.006  0.005  0.005
04:02:37 833.35   14.1   36.7   1679    2.0    167    7.5    29.5  -0.5   0.82   4.42 2772.8     0.00   0.00    0.0  0.005  0.006  0.006  0.006  0.005  0.005
04:02:38 833.45   14.1   36.7   1678    2.0    142    7.5    29.4  -0.5   0.82   4.41 2773.8     0.00   0.00    0.0  0.006  0.006  0.006  0.006  0.005  0.005
04:02:39 833.20   14.1   36.7   1681    1.9    116    7.5    29.5  -0.5   0.82   4.42 2774.8     0.00   0.00    0.0  0.006  0.006  0.006  0.006  0.005  0.005
04:02:41 833.50   14.2   36.7   1678    1.9     85    7.5    29.5  -0.4   0.82   4.45 2776.8     0.00   0.00    0.0  0.006  0.006  0.006  0.006  0.005  0.005
04:02:42 833.45   14.1   36.7   1678    1.9     92    7.5    29.5  -0.4   0.82   4.44 2777.8     0.00   0.00    0.0  0.006  0.006  0.006  0.006  0.005  0.005
04:02:45 833.92   14.2   36.8   1674    1.9    120    7.5    29.5  -0.4   0.82   4.46 2780.8     0.00   0.00    0.0  0.006  0.006  0.006  0.006  0.005  0.005
04:02:47 834.03   14.1   36.8   1673    1.9    125    7.5    29.4  -0.4   0.82   4.44 2782.8     0.00   0.00    0.0  0.006  0.006  0.006  0.006  0.005  0.005
04:02:48 834.49   14.2   36.7   1668    1.9    117    7.5    29.4  -0.4   0.82   4.45 2783.8     0.00   0.00    0.0  0.006  0.006  0.006  0.006  0.005  0.005
04:02:49 834.42   14.2   36.8   1669    1.9    116    7.5    29.4  -0.3   0.82   4.46 2784.8     0.00   0.00    0.0  0.006  0.006  0.006  0.006  0.005  0.005
04:02:50 834.49   14.2   36.8   1668    1.9     88    7.5    29.4  -0.4   0.82   4.45 2785.8     0.00   0.00    0.0  0.006  0.006  0.006  0.006  0.005  0.005
04:02:51 834.52   14.2   36.8   1668    1.9     86    7.5    29.4  -0.3   0.82   4.46 2786.8     0.00   0.00    0.0  0.006  0.006  0.006  0.006  0.005  0.005
04:02:52 834.64   14.2   36.8   1666    2.0    109    7.5    29.4  -0.4   0.82   4.45 2787.8     0.00   0.00    0.0  0.006  0.006  0.006  0.006  0.005  0.005
04:02:55 834.70   14.2   36.8   1666    2.1    194    7.5    29.5  -0.3   0.82   4.47 2790.8     0.00   0.00    0.0  0.006  0.006  0.006  0.006  0.005  0.005
04:02:57 835.15   14.2   36.8   1661    2.1    222    7.5    29.4  -0.3   0.82   4.47 2792.8     0.00   0.00    0.0  0.006  0.006  0.006  0.006  0.005  0.005
04:02:58 835.31   14.3   36.7   1660    2.2    218    7.5    29.4  -0.3   0.82   4.46 2793.8     0.00   0.00    0.0  0.006  0.006  0.006  0.006  0.005  0.005
04:03:00 835.30   14.3   36.7   1660    2.3    199    7.5    29.4  -0.3   0.82   4.47 2795.8     0.00   0.00    0.0  0.006  0.006  0.006  0.006  0.005  0.005
04:03:05 835.58   14.3   36.5   1657    2.6    192    7.5    29.5  -0.3   0.82   4.47 2800.8     0.00   0.00    0.0  0.006  0.006  0.006  0.006  0.005  0.005
04:03:06 835.67   14.3   36.5   1656    2.6    191    7.5    29.5  -0.3   0.82   4.46 2801.8     0.00   0.00    0.0  0.006  0.006  0.006  0.006  0.005  0.005
04:03:07 835.74   14.3   36.6   1655    2.7    184    7.5    29.5  -0.3   0.82   4.47 2802.8     0.00   0.00    0.0  0.006  0.006  0.006  0.006  0.005  0.005
04:03:12 836.25   14.3   36.4   1650    3.0    192    7.5    29.4  -0.4   0.82   4.44 2807.8     0.00   0.00    0.0  0.006  0.006  0.006  0.006  0.005  0.005
04:03:14 836.28   14.4   36.3   1650    3.3    190    7.5    29.5  -0.4   0.82   4.44 2809.8     0.00   0.00    0.0  0.006  0.006  0.006  0.006  0.005  0.005
04:03:15 836.33   14.4   36.2   1649    3.3    190    7.5    29.5  -0.4   0.82   4.44 2810.8     0.00   0.00    0.0  0.006  0.006  0.006  0.006  0.005  0.005
04:03:16 836.51   14.4   36.2   1648    3.3    187    7.5    29.4  -0.4   0.82   4.43 2811.7     0.00   0.00    0.0  0.006  0.006  0.006  0.006  0.005  0.005
04:03:17 836.49   14.4   36.2   1648    3.5    188    7.5    29.5  -0.3   0.82   4.45 2812.7     0.00   0.00    0.0  0.006  0.006  0.006  0.006  0.005  0.005
04:03:18 836.62   14.4   36.2   1646    3.5    187    7.5    29.4  -0.4   0.82   4.42 2813.7     0.00   0.00    0.0  0.006  0.006  0.006  0.006  0.005  0.006
04:03:20 836.77   14.4   36.2   1645    3.5    191    7.5    29.4  -0.4   0.82   4.43 2815.7     0.00   0.00    0.0  0.006  0.006  0.006  0.006  0.005  0.005
04:03:21 836.85   14.5   36.1   1644    3.5    190    7.5    29.5  -0.3   0.82   4.45 2816.7     0.00   0.00    0.0  0.006  0.006  0.006  0.006  0.005  0.005
04:03:22 836.97   14.4   36.1   1643    3.5    190    7.5    29.4  -0.4   0.82   4.43 2817.7     0.00   0.00    0.0  0.006  0.006  0.006  0.006  0.005  0.005
04:03:23 836.95   14.5   36.1   1643    3.5    189    7.5    29.5  -0.4   0.82   4.44 2818.7     0.00   0.00    0.0  0.006  0.006  0.006  0.006  0.005  0.005
04:03:25 836.77   14.4   36.1   1645    3.5    189    7.5    29.5  -0.4   0.82   4.43 2820.7     0.00   0.00    0.0  0.006  0.006  0.006  0.006  0.005  0.005
04:03:26 836.91   14.5   36.1   1644    3.5    187    7.5    29.5  -0.3   0.82   4.44 2821.7     0.00   0.00    0.0  0.006  0.006  0.006  0.006  0.005  0.005
04:03:29 836.97   14.5   36.1   1643    3.5    188    7.5    29.5  -0.4   0.82   4.44 2824.7     0.00   0.00    0.0  0.006  0.006  0.006  0.006  0.005  0.006
04:03:30 837.09   14.5   36.1   1642    3.5    188    7.5    29.5  -0.3   0.82   4.44 2825.7     0.00   0.00    0.0  0.006  0.006  0.006  0.006  0.005  0.005
04:03:31 837.38   14.5   36.1   1639    3.3    188    7.5    29.4  -0.4   0.82   4.44 2826.7     0.00   0.00    0.0  0.006  0.006  0.006  0.006  0.005  0.005
04:03:33 837.42   14.5   36.1   1638    3.4    186    7.5    29.4  -0.4   0.82   4.43 2828.7     0.00   0.00    0.0  0.006  0.006  0.006  0.006  0.005  0.006
04:03:35 837.32   14.5   36.0   1639    3.3    187    7.5    29.5  -0.3   0.82   4.44 2830.7     0.00   0.00    0.0  0.006  0.006  0.006  0.006  0.005  0.006
04:03:37 837.79   14.5   36.0   1635    3.2    185    7.5    29.5  -0.3   0.82   4.44 2832.7     0.00   0.00    0.0  0.006  0.006  0.006  0.006  0.005  0.005
04:03:38 837.93   14.5   36.0   1633    3.2    184    7.5    29.4  -0.3   0.82   4.44 2833.7     0.00   0.00    0.0  0.006  0.006  0.006  0.006  0.005  0.006
04:03:39 838.06   14.5   36.0   1632    3.1    183    7.5    29.4  -0.3   0.82   4.44 2834.7     0.00   0.00    0.0  0.006  0.006  0.006  0.006  0.005  0.006
04:03:40 837.81   14.5   36.0   1634    3.1    182    7.5    29.5  -0.3   0.82   4.45 2835.7     0.00   0.00    0.0  0.006  0.006  0.006  0.006  0.005  0.005
04:03:41 837.77   14.5   36.1   1635    3.1    182    7.5    29.4  -0.3   0.82   4.44 2836.7     0.00   0.00    0.0  0.006  0.006  0.006  0.006  0.005  0.006
04:03:43 838.00   14.6   36.0   1633    3.0    180    7.5    29.5  -0.3   0.82   4.45 2838.7     0.00   0.00    0.0  0.006  0.006  0.006  0.006  0.005  0.005
04:03:44 838.23   14.5   36.0   1630    3.0    180    7.5    29.4  -0.3   0.82   4.44 2839.7     0.00   0.00    0.0  0.006  0.006  0.006  0.006  0.005  0.006
04:03:45 838.01   14.6   36.0   1632    3.0    181    7.5    29.5  -0.3   0.82   4.46 2840.7     0.00   0.00    0.0  0.006  0.006  0.006  0.006  0.005  0.005
04:03:46 838.24   14.6   36.0   1630    2.9    182    7.5    29.5  -0.3   0.82   4.46 2841.8     0.00   0.00    0.0  0.006  0.006  0.006  0.006  0.005  0.005
04:03:47 838.20   14.5   36.0   1630    2.9    184    7.5    29.4  -0.3   0.82   4.44 2842.7     0.00   0.00    0.0  0.006  0.006  0.006  0.006  0.005  0.005
04:03:48 838.38   14.6   36.0   1629    2.9    185    7.5    29.4  -0.3   0.82   4.44 2843.7     0.00   0.00    0.0  0.006  0.006  0.006  0.006  0.005  0.006
04:03:51 838.80   14.6   36.0   1624    2.8    185    7.5    29.4  -0.3   0.82   4.45 2846.7     0.00   0.00    0.0  0.006  0.006  0.006  0.006  0.005  0.006
04:03:52 838.78   14.6   36.0   1625    2.7    183    7.5    29.4  -0.3   0.82   4.45 2847.7     0.00   0.00    0.0  0.006  0.006  0.006  0.006  0.005  0.006
04:03:58 839.15   14.7   36.0   1621    2.5    175    7.5    29.5  -0.2   0.82   4.48 2853.7     0.00   0.00    0.0  0.006  0.006  0.006  0.006  0.005  0.005
04:03:59 839.34   14.7   35.9   1619    2.5    175    7.5    29.4  -0.3   0.82   4.47 2854.7     0.00   0.00    0.0  0.006  0.006  0.006  0.006  0.005  0.006
04:04:03 839.68   14.7   35.9   1616    2.3    170    7.5    29.4  -0.2   0.82   4.47 2858.7     0.00   0.00    0.0  0.006  0.006  0.006  0.006  0.005  0.006
04:04:04 839.82   14.7   35.9   1614    2.3    166    7.5    29.4  -0.2   0.82   4.47 2859.7     0.00   0.00    0.0  0.006  0.006  0.006  0.006  0.005  0.005
04:04:05 839.74   14.7   35.9   1615    2.3    168    7.5    29.4  -0.2   0.82   4.47 2860.7     0.00   0.00    0.0  0.006  0.006  0.006  0.006  0.005  0.006
04:04:06 839.99   14.7   35.9   1612    2.3    164    7.5    29.4  -0.2   0.82   4.47 2861.7     0.00   0.00    0.0  0.006  0.006  0.006  0.006  0.005  0.006
04:04:07 840.12   14.7   35.9   1611    2.3    161    7.5    29.4  -0.2   0.82   4.47 2862.7     0.00   0.00    0.0  0.006  0.006  0.006  0.006  0.005  0.006
04:04:11 840.47   14.7   35.9   1608    2.2    160    7.5    29.4  -0.2   0.82   4.48 2866.7     0.00   0.00    0.0  0.006  0.006  0.006  0.006  0.005  0.006
04:04:12 840.38   14.8   35.9   1609    2.2    169    7.5    29.4  -0.1   0.82   4.50 2867.7     0.00   0.00    0.0  0.006  0.006  0.006  0.006  0.005  0.005
04:04:13 840.46   14.8   35.9   1608    2.2    167    7.5    29.4  -0.2   0.82   4.49 2868.7     0.00   0.00    0.0  0.006  0.006  0.006  0.006  0.005  0.006
04:04:15 840.57   14.8   35.9   1607    2.2    171    7.5    29.4  -0.2   0.82   4.49 2870.7     0.00   0.00    0.0  0.006  0.006  0.006  0.006  0.005  0.006
04:04:18 840.86   14.8   35.9   1604    2.2    171    7.5    29.4  -0.2   0.82   4.50 2873.7     0.00   0.00    0.0  0.006  0.006  0.006  0.006  0.005  0.006
04:04:20 841.39   14.8   35.8   1598    2.3    172    7.5    29.4  -0.2   0.82   4.49 2875.7     0.00   0.00    0.0  0.006  0.006  0.006  0.006  0.005  0.006
04:04:21 841.06   14.8   35.8   1602    2.3    176    7.5    29.4  -0.2   0.82   4.49 2876.7     0.00   0.00    0.0  0.006  0.006  0.006  0.006  0.005  0.006
04:04:22 841.25   14.8   35.8   1600    2.4    180    7.5    29.4  -0.2   0.82   4.49 2877.7     0.00   0.00    0.0  0.006  0.006  0.006  0.006  0.005  0.006
04:04:23 841.19   14.8   35.8   1600    2.4    187    7.5    29.4  -0.2   0.82   4.48 2878.7     0.00   0.00    0.0  0.006  0.006  0.006  0.006  0.005  0.006
04:04:24 841.42   14.8   35.8   1598    2.4    188    7.5    29.4  -0.2   0.82   4.49 2879.7     0.00   0.00    0.0  0.006  0.006  0.006  0.006  0.005  0.006
04:04:25 841.54   14.9   35.8   1597    2.5    186    7.5    29.4  -0.1   0.82   4.50 2880.7     0.00   0.00    0.0  0.006  0.006  0.006  0.006  0.005  0.006
04:04:26 841.51   14.9   35.7   1597    2.5    189    7.5    29.4  -0.1   0.82   4.50 2881.7     0.00   0.00    0.0  0.006  0.006  0.006  0.006  0.005  0.006
04:04:27 841.68   14.9   35.7   1595    2.6    193    7.5    29.4  -0.1   0.82   4.49 2882.7     0.00   0.00    0.0  0.006  0.006  0.006  0.006  0.005  0.006
04:04:28 841.84   14.9   35.7   1594    2.6    194    7.5    29.4  -0.1   0.82   4.49 2883.7     0.00   0.00    0.0  0.006  0.006  0.006  0.006  0.005  0.006
04:04:31 842.06   14.9   35.6   1592    2.7    190    7.5    29.4  -0.1   0.82   4.49 2886.7     0.00   0.00    0.0  0.006  0.006  0.006  0.006  0.005  0.006
04:04:32 842.18   14.9   35.6   1590    2.8    193    7.5    29.4  -0.2   0.82   4.48 2887.7     0.00   0.00    0.0  0.006  0.006  0.006  0.006  0.005  0.006
04:04:34 842.09   14.9   35.6   1591    3.0    190    7.5    29.4  -0.2   0.82   4.48 2889.7     0.00   0.00    0.0  0.006  0.006  0.006  0.006  0.005  0.006
04:04:35 842.20   14.9   35.5   1590    3.1    188    7.5    29.4  -0.2   0.82   4.49 2890.7     0.00   0.00    0.0  0.006  0.006  0.006  0.006  0.005  0.006
04:04:37 842.25   14.9   35.5   1590    3.2    188    7.5    29.4  -0.2   0.82   4.48 2892.7     0.00   0.00    0.0  0.006  0.006  0.006  0.006  0.005  0.006
04:04:39 842.47   14.9   35.5   1588    3.3    189    7.5    29.4  -0.2   0.82   4.47 2894.7     0.00   0.00    0.0  0.006  0.006  0.006  0.006  0.005  0.006
04:04:40 842.54   14.9   35.4   1587    3.3    187    7.5    29.4  -0.2   0.82   4.47 2895.7     0.00   0.00    0.0  0.006  0.006  0.006  0.006  0.005  0.006
04:04:43 842.69   14.9   35.4   1585    3.4    187    7.5    29.4  -0.2   0.82   4.46 2898.7     0.00   0.00    0.0  0.006  0.006  0.006  0.006  0.005  0.006
04:04:45 842.93   15.0   35.4   1583    3.4    186    7.5    29.4  -0.2   0.82   4.47 2900.7     0.00   0.00    0.0  0.006  0.006  0.006  0.006  0.005  0.006
04:04:47 843.20   15.0   35.4   1580    3.5    187    7.5    29.4  -0.1   0.82   4.49 2902.7     0.00   0.00    0.0  0.006  0.006  0.006  0.006  0.005  0.006
04:04:48 842.97   15.0   35.3   1582    3.4    189    7.5    29.4  -0.2   0.82   4.48 2903.7     0.00   0.00    0.0  0.006  0.006  0.006  0.006  0.005  0.006
04:04:49 843.15   15.0   35.3   1581    3.4    187    7.5    29.4  -0.2   0.82   4.47 2904.7     0.00   0.00    0.0  0.006  0.006  0.006  0.006  0.005  0.006
04:04:50 843.21   15.0   35.3   1580    3.3    186    7.5    29.4  -0.2   0.82   4.45 2905.7     0.00   0.00    0.0  0.006  0.006  0.006  0.006  0.005  0.006
04:04:51 843.15   15.1   35.3   1581    3.4    186    7.5    29.5  -0.2   0.82   4.48 2906.7     0.00   0.00    0.0  0.006  0.006  0.006  0.006  0.005  0.006
04:04:52 843.18   15.0   35.3   1580    3.4    186    7.5    29.4  -0.2   0.82   4.46 2907.7     0.00   0.00    0.0  0.006  0.006  0.006  0.006  0.005  0.006
04:04:56 843.49   15.0   35.3   1577    3.2    187    7.5    29.4  -0.2   0.82   4.47 2911.6     0.00   0.00    0.0  0.006  0.006  0.006  0.006  0.005  0.006
04:04:57 843.61   15.0   35.2   1576    3.2    187    7.5    29.4  -0.2   0.82   4.46 2912.6     0.00   0.00    0.0  0.006  0.006  0.006  0.006  0.005  0.006
04:04:58 843.86   15.1   35.2   1574    3.2    187    7.5    29.4  -0.2   0.82   4.48 2913.6     0.00   0.00    0.0  0.006  0.006  0.006  0.006  0.005  0.006
04:04:59 843.83   15.0   35.2   1574    3.2    185    7.5    29.4  -0.2   0.82   4.46 2914.6     0.00   0.00    0.0  0.006  0.006  0.006  0.006  0.005  0.006
04:05:00 843.84   15.0   35.2   1574    3.1    183    7.5    29.4  -0.2   0.82   4.46 2915.6     0.00   0.00    0.0  0.006  0.006  0.006  0.006  0.005  0.006
04:05:02 844.08   15.1   35.2   1571    3.0    187    7.5    29.4  -0.2   0.82   4.46 2917.6     0.00   0.00    0.0  0.006  0.006  0.006  0.006  0.005  0.006
04:05:04 843.97   15.1   35.2   1572    2.9    184    7.5    29.4  -0.2   0.82   4.47 2919.6     0.00   0.00    0.0  0.006  0.006  0.006  0.006  0.005  0.006
04:05:05 844.15   15.1   35.2   1571    2.9    185    7.5    29.4  -0.1   0.82   4.49 2920.6     0.00   0.00    0.0  0.006  0.006  0.006  0.006  0.005  0.006
04:05:07 844.49   15.1   35.1   1567    2.7    179    7.5    29.4  -0.2   0.82   4.47 2922.6     0.00   0.00    0.0  0.006  0.006  0.006  0.006  0.005  0.006
04:05:08 844.49   15.1   35.1   1567    2.7    180    7.5    29.4  -0.1   0.82   4.48 2923.6     0.00   0.00    0.0  0.006  0.006  0.006  0.006  0.005  0.006
04:05:09 844.64   15.1   35.1   1566    2.7    182    7.5    29.4  -0.2   0.82   4.47 2924.6     0.00   0.00    0.0  0.006  0.006  0.006  0.006  0.005  0.006
04:05:10 844.69   15.1   35.1   1565    2.7    189    7.5    29.4  -0.1   0.82   4.48 2925.6     0.00   0.00    0.0  0.006  0.006  0.006  0.006  0.005  0.006
04:05:11 844.64   15.2   35.1   1566    2.7    199    7.5    29.4  -0.1   0.82   4.48 2926.6     0.00   0.00    0.0  0.006  0.006  0.006  0.006  0.005  0.006
04:05:13 844.84   15.1   35.1   1564    2.6    185    7.5    29.4  -0.1   0.82   4.48 2928.6     0.00   0.00    0.0  0.006  0.006  0.006  0.006  0.005  0.006
04:05:14 844.74   15.2   35.1   1565    2.6    181    7.5    29.4  -0.1   0.82   4.48 2929.6     0.00   0.00    0.0  0.006  0.006  0.006  0.006  0.005  0.006
04:05:15 844.87   15.2   35.1   1564    2.6    175    7.5    29.4  -0.1   0.82   4.49 2930.6     0.00   0.00    0.0  0.006  0.006  0.006  0.006  0.005  0.006
04:05:17 845.06   15.2   35.1   1562    2.5    173    7.5    29.4  -0.1   0.82   4.48 2932.6     0.00   0.00    0.0  0.006  0.006  0.006  0.006  0.005  0.006
04:05:19 845.63   15.2   35.0   1556    2.5    173    7.5    29.3  -0.1   0.82   4.48 2934.6     0.00   0.00    0.0  0.006  0.006  0.006  0.006  0.005  0.006
04:05:21 845.45   15.2   35.1   1558    2.5    181    7.3    29.4  -0.1   0.82   4.49 2936.6     0.00   0.00    0.0  0.006  0.006  0.006  0.006  0.005  0.006
04:05:22 845.87   15.2   35.1   1553    2.5    185    7.5    29.3  -0.1   0.82   4.49 2937.6     0.00   0.00    0.0  0.006  0.006  0.006  0.006  0.005  0.006
04:05:23 845.47   15.3   35.1   1557    2.5    187    7.3    29.4  -0.0   0.82   4.51 2938.6     0.00   0.00    0.0  0.006  0.006  0.006  0.006  0.005  0.006
04:05:25 846.00   15.3   35.0   1552    2.5    181    7.3    29.4  -0.1   0.82   4.50 2940.6     0.00   0.00    0.0  0.006  0.006  0.006  0.006  0.005  0.006
04:05:26 845.85   15.2   35.0   1554    2.5    180    7.3    29.4  -0.1   0.82   4.49 2941.6     0.00   0.00    0.0  0.006  0.006  0.006  0.006  0.005  0.006
04:05:27 846.13   15.2   35.0   1551    2.4    178    7.3    29.3  -0.1   0.82   4.48 2942.6     0.00   0.00    0.0  0.006  0.006  0.006  0.006  0.005  0.006
04:05:31 846.29   15.3   35.1   1549    2.4    180    7.3    29.4  -0.0   0.82   4.51 2946.6     0.00   0.00    0.0  0.006  0.006  0.006  0.006  0.005  0.006
04:05:36 847.02   15.3   35.0   1542    2.3    186    7.3    29.3  -0.0   0.82   4.51 2951.6     0.00   0.00    0.0  0.006  0.006  0.006  0.006  0.005  0.006
04:05:37 846.98   15.3   35.0   1542    2.3    183    7.3    29.3  -0.1   0.82   4.50 2952.6     0.00   0.00    0.0  0.006  0.006  0.006  0.006  0.005  0.006
04:05:38 847.01   15.3   35.0   1542    2.4    188    7.3    29.3  -0.0   0.82   4.50 2953.6     0.00   0.00    0.0  0.006  0.006  0.006  0.006  0.005  0.006
04:05:40 847.11   15.4   34.9   1541    2.4    189    7.3    29.4  -0.0   0.82   4.51 2955.6     0.00   0.00    0.0  0.006  0.006  0.006  0.006  0.005  0.006
04:05:42 847.34   15.4   34.9   1539    2.5    191    7.3    29.4  -0.0   0.82   4.51 2957.6     0.00   0.00    0.0  0.006  0.006  0.006  0.006  0.005  0.006
04:05:43 847.27   15.4   34.9   1539    2.5    192    7.3    29.4  -0.0   0.82   4.51 2958.6     0.00   0.00    0.0  0.006  0.006  0.006  0.006  0.005  0.006
04:05:44 847.52   15.4   34.9   1537    2.6    193    7.3    29.3  -0.1   0.82   4.50 2959.6     0.00   0.00    0.0  0.006  0.006  0.006  0.006  0.005  0.006
04:05:46 847.52   15.4   34.9   1537    2.7    197    7.3    29.4  -0.0   0.82   4.52 2961.6     0.00   0.00    0.0  0.006  0.006  0.006  0.006  0.005  0.006
04:05:52 848.27   15.5   34.6   1529    3.0    190    7.3    29.3  -0.0   0.82   4.50 2967.6     0.00   0.00    0.0  0.006  0.006  0.006  0.006  0.005  0.006
04:05:53 847.99   15.4   34.7   1532    3.2    191    7.3    29.3  -0.1   0.82   4.49 2968.6     0.00   0.00    0.0  0.006  0.006  0.006  0.006  0.005  0.006
04:05:55 848.50   15.5   34.6   1527    3.4    190    7.3    29.3  -0.1   0.82   4.49 2970.6     0.00   0.00    0.0  0.006  0.006  0.006  0.006  0.005  0.006
04:05:56 848.44   15.5   34.6   1528    3.4    189    7.3    29.3  -0.1   0.82   4.49 2971.6     0.00   0.00    0.0  0.006  0.006  0.006  0.006  0.005  0.006
04:05:57 848.58   15.5   34.6   1526    3.4    191    7.3    29.4  -0.0   0.82   4.50 2972.6     0.00   0.00    0.0  0.006  0.006  0.006  0.006  0.005  0.006
04:05:58 848.53   15.5   34.5   1527    3.5    191    7.3    29.4  -0.0   0.82   4.50 2973.6     0.00   0.00    0.0  0.006  0.006  0.006  0.006  0.005  0.006
04:06:04 849.01   15.5   34.5   1522    3.6    188    7.3    29.3  -0.1   0.82   4.48 2979.6     0.00   0.00    0.0  0.006  0.006  0.006  0.006  0.005  0.006
04:06:08 849.23   15.5   34.4   1520    3.5    187    7.3    29.3  -0.1   0.82   4.49 2983.6     0.00   0.00    0.0  0.006  0.006  0.006  0.006  0.005  0.006
04:06:09 849.30   15.6   34.4   1519    3.5    185    7.3    29.3  -0.1   0.82   4.49 2984.6     0.00   0.00    0.0  0.006  0.006  0.006  0.006  0.005  0.006
04:06:10 849.35   15.5   34.3   1519    3.5    184    7.3    29.3  -0.1   0.82   4.47 2985.6     0.00   0.00    0.0  0.006  0.006  0.006  0.006  0.005  0.006
04:06:11 849.26   15.6   34.4   1520    3.5    185    7.3    29.4  -0.0   0.82   4.49 2986.6     0.00   0.00    0.0  0.006  0.006  0.006  0.006  0.005  0.006
04:06:15 849.80   15.6   34.3   1514    3.4    185    7.3    29.3  -0.1   0.82   4.47 2990.6     0.00   0.00    0.0  0.006  0.006  0.006  0.006  0.005  0.006
04:06:16 849.65   15.6   34.3   1516    3.3    185    7.3    29.3  -0.1   0.82   4.47 2991.6     0.00   0.00    0.0  0.006  0.006  0.006  0.006  0.005  0.006
04:06:17 849.73   15.6   34.3   1515    3.3    187    7.3    29.3  -0.1   0.82   4.48 2992.6     0.00   0.00    0.0  0.006  0.006  0.006  0.006  0.005  0.006
04:06:21 850.07   15.6   34.3   1511    3.1    187    7.3    29.4  -0.0   0.82   4.49 2997.6     0.00   0.00    0.0  0.006  0.006  0.006  0.006  0.005  0.006
04:06:23 850.29   15.6   34.3   1509    3.2    187    7.3    29.3  -0.0   0.82   4.49 2998.6     0.00   0.00    0.0  0.006  0.006  0.006  0.006  0.005  0.006
04:06:24 850.39   15.6   34.2   1508    3.2    187    7.3    29.3  -0.1   0.82   4.48 2999.6     0.00   0.00    0.0  0.006  0.006  0.006  0.006  0.005  0.006
04:06:25 850.43   15.7   34.2   1508    3.1    187    7.3    29.4  -0.0   0.82   4.49 3000.6     0.00   0.00    0.0  0.006  0.006  0.006  0.006  0.005  0.006
04:06:26 850.51   15.7   34.2   1507    3.0    186    7.3    29.3  -0.0   0.82   4.49 3001.6     0.00   0.00    0.0  0.006  0.006  0.006  0.006  0.005  0.006
04:06:27 850.66   15.7   34.2   1506    3.0    185    7.3    29.3  -0.0   0.82   4.50 3002.6     0.00   0.00    0.0  0.006  0.006  0.006  0.006  0.005  0.006
04:06:28 850.74   15.7   34.2   1505    3.0    186    7.3    29.4   0.0   0.82   4.50 3003.6     0.00   0.00    0.0  0.006  0.006  0.006  0.006  0.005  0.006
04:06:31 850.62   15.6   34.2   1506    2.9    192    7.3    29.3  -0.0   0.82   4.49 3006.6     0.00   0.00    0.0  0.006  0.006  0.006  0.006  0.005  0.006
04:06:34 851.03   15.7   34.2   1502    2.9    191    7.3    29.4   0.0   0.82   4.51 3009.6     0.00   0.00    0.0  0.006  0.006  0.006  0.006  0.005  0.006
04:06:37 851.31   15.7   34.2   1499    2.9    193    7.3    29.3  -0.0   0.82   4.49 3012.6     0.00   0.00    0.0  0.006  0.007  0.006  0.006  0.005  0.006
04:06:39 851.50   15.7   34.2   1497    2.9    193    7.3    29.3   0.0   0.82   4.50 3014.5     0.00   0.00    0.0  0.006  0.006  0.006  0.006  0.005  0.006
04:06:40 851.42   15.8   34.2   1498    2.9    195    7.3    29.4   0.0   0.82   4.51 3015.5     0.00   0.00    0.0  0.006  0.006  0.006  0.006  0.005  0.006
04:06:43 852.20   15.8   34.1   1490    2.8    194    7.3    29.3   0.0   0.82   4.50 3018.5     0.00   0.00    0.0  0.006  0.006  0.006  0.006  0.005  0.006
04:06:44 851.96   15.8   34.1   1493    2.8    189    7.3    29.3   0.0   0.82   4.50 3019.5     0.00   0.00    0.0  0.006  0.006  0.006  0.006  0.005  0.006
04:06:45 852.19   15.8   34.0   1490    2.8    187    7.3    29.3   0.0   0.82   4.50 3020.5     0.00   0.00    0.0  0.006  0.006  0.006  0.006  0.005  0.006
04:06:46 852.28   15.8   34.0   1489    2.8    186    7.3    29.3   0.0   0.82   4.50 3021.5     0.00   0.00    0.0  0.006  0.006  0.006  0.006  0.005  0.006
04:06:47 852.54   15.8   34.0   1487    2.8    188    7.3    29.3   0.0   0.82   4.49 3022.5     0.00   0.00    0.0  0.006  0.006  0.006  0.006  0.005  0.006
04:06:48 852.35   15.8   34.1   1489    2.8    189    7.3    29.3   0.0   0.82   4.50 3023.5     0.00   0.00    0.0  0.006  0.006  0.006  0.006  0.005  0.006
04:06:49 852.42   15.8   34.1   1488    2.8    187    7.3    29.3   0.0   0.82   4.50 3024.5     0.00   0.00    0.0  0.006  0.006  0.006  0.006  0.005  0.006
04:06:50 852.51   15.8   34.0   1487    2.8    187    7.3    29.3   0.0   0.82   4.49 3025.5     0.00   0.00    0.0  0.006  0.006  0.006  0.006  0.005  0.006
04:06:52 852.57   15.9   34.0   1487    2.8    189    7.3    29.3   0.0   0.82   4.50 3027.5     0.00   0.00    0.0  0.006  0.007  0.006  0.006  0.005  0.006
04:06:54 852.65   15.8   34.1   1486    2.8    181    7.3    29.3   0.1   0.82   4.52 3029.5     0.00   0.00    0.0  0.006  0.007  0.006  0.006  0.005  0.006
04:06:57 853.05   15.9   34.0   1482    2.9    188    7.3    29.3   0.1   0.82   4.51 3032.5     0.00   0.00    0.0  0.006  0.007  0.006  0.006  0.005  0.006
04:06:58 853.03   15.9   34.1   1482    2.9    187    7.3    29.3   0.1   0.82   4.52 3033.5     0.00   0.00    0.0  0.006  0.006  0.006  0.006  0.005  0.006
04:07:00 853.14   15.8   34.1   1481    2.9    192    7.3    29.2   0.1   0.82   4.51 3035.5     0.00   0.00    0.0  0.006  0.007  0.006  0.006  0.005  0.006
04:07:01 853.22   15.9   34.2   1480    3.0    192    7.3    29.3   0.2   0.82   4.54 3036.5     0.00   0.00    0.0  0.006  0.006  0.006  0.006  0.005  0.006
04:07:03 853.59   15.9   34.1   1477    3.0    192    7.3    29.2   0.1   0.82   4.52 3038.5     0.00   0.00    0.0  0.006  0.007  0.006  0.006  0.005  0.006
04:07:04 853.40   15.8   34.1   1478    3.1    194    7.3    29.2   0.1   0.82   4.51 3039.5     0.00   0.00    0.0  0.006  0.007  0.006  0.006  0.005  0.006
04:07:05 853.60   15.8   34.1   1476    3.1    194    7.3    29.2   0.1   0.82   4.51 3040.5     0.00   0.00    0.0  0.006  0.007  0.006  0.006  0.005  0.006
04:07:06 853.42   15.9   34.2   1478    3.2    194    7.3    29.3   0.1   0.82   4.53 3041.5     0.00   0.00    0.0  0.006  0.007  0.006  0.006  0.005  0.006
04:07:08 854.00   15.9   34.1   1472    3.2    193    7.3    29.2   0.2   0.82   4.53 3043.5     0.00   0.00    0.0  0.006  0.006  0.006  0.006  0.005  0.006
04:07:10 854.07   15.9   34.0   1472    3.2    193    7.3    29.2   0.1   0.82   4.51 3045.5     0.00   0.00    0.0  0.006  0.007  0.006  0.006  0.005  0.006
04:07:11 854.20   15.9   34.2   1470    3.2    200    7.3    29.2   0.1   0.82   4.52 3046.5     0.00   0.00    0.0  0.006  0.007  0.006  0.006  0.005  0.006
04:07:12 854.30   15.9   34.2   1469    3.2    212    7.3    29.2   0.1   0.82   4.52 3047.5     0.00   0.00    0.0  0.006  0.007  0.006  0.006  0.005  0.006
04:07:13 854.34   15.9   34.2   1469    3.3    208    7.3    29.2   0.1   0.82   4.52 3048.5     0.00   0.00    0.0  0.006  0.007  0.006  0.006  0.005  0.006
04:07:16 854.59   15.8   34.2   1467    3.3    197    7.3    29.1   0.1   0.82   4.50 3051.5     0.00   0.00    0.0  0.006  0.007  0.006  0.006  0.005  0.006
04:07:18 854.62   15.8   34.2   1466    3.1    236    7.3    29.1   0.1   0.82   4.52 3053.5     0.00   0.00    0.0  0.006  0.007  0.006  0.006  0.005  0.006
04:07:19 854.56   15.9   34.2   1467    3.0    206    7.3    29.2   0.1   0.82   4.53 3054.5     0.00   0.00    0.0  0.006  0.007  0.006  0.006  0.005  0.006
04:07:22 854.99   15.9   34.2   1463    3.0    208    7.3    29.1   0.2   0.82   4.54 3057.5     0.00   0.00    0.0  0.006  0.007  0.006  0.006  0.005  0.006
04:07:23 855.08   15.9   34.2   1462    2.9    206    7.3    29.1   0.2   0.82   4.53 3058.5     0.00   0.00    0.0  0.006  0.006  0.006  0.006  0.005  0.006
04:07:29 855.66   16.0   34.0   1456    3.1    198    7.3    29.2   0.2   0.82   4.54 3064.5     0.00   0.00    0.0  0.006  0.007  0.006  0.006  0.005  0.006
04:07:30 855.68   15.9   34.1   1456    3.1    201    7.3    29.1   0.2   0.82   4.52 3065.5     0.00   0.00    0.0  0.006  0.007  0.006  0.006  0.005  0.006
04:07:32 855.77   16.0   33.9   1455    3.0    202    7.3    29.2   0.2   0.82   4.53 3067.5     0.00   0.00    0.0  0.006  0.007  0.006  0.006  0.005  0.006
04:07:32 856.05   16.0   33.9   1452    3.1    204    7.3    29.2   0.2   0.82   4.52 3068.5     0.00   0.00    0.0  0.006  0.007  0.006  0.006  0.005  0.006
04:07:33 856.01   16.0   33.9   1452    3.2    198    7.3    29.1   0.1   0.82   4.51 3069.5     0.00   0.00    0.0  0.006  0.007  0.006  0.006  0.005  0.006
04:07:35 856.11   16.0   33.9   1451    3.2    193    7.3    29.1   0.1   0.82   4.52 3070.5     0.00   0.00    0.0  0.006  0.007  0.006  0.006  0.005  0.006
04:07:36 856.05   16.0   33.9   1452    3.2    190    7.3    29.1   0.1   0.82   4.51 3071.5     0.00   0.00    0.0  0.006  0.007  0.006  0.006  0.005  0.006
04:07:42 856.61   15.9   34.3   1447    3.4    193    7.3    29.0   0.2   0.82   4.55 3077.5     0.00   0.00    0.0  0.006  0.007  0.006  0.006  0.006  0.006
04:07:43 856.69   16.0   34.0   1446    3.4    191    7.3    29.0   0.2   0.82   4.53 3078.5     0.00   0.00    0.0  0.006  0.007  0.006  0.006  0.005  0.006
04:07:44 856.70   16.0   34.0   1446    3.4    195    7.3    29.1   0.2   0.82   4.53 3079.5     0.00   0.00    0.0  0.006  0.007  0.006  0.006  0.005  0.006
04:07:45 856.77   16.0   34.1   1445    3.6    196    7.3    29.1   0.2   0.82   4.53 3080.5     0.00   0.00    0.0  0.006  0.007  0.006  0.006  0.005  0.006
04:07:50 857.24   16.0   34.4   1440    3.6    199    7.3    29.0   0.3   0.82   4.57 3085.5     0.00   0.00    0.0  0.006  0.007  0.006  0.006  0.005  0.006
04:07:52 857.29   16.0   34.4   1440    3.5    217    7.3    29.0   0.4   0.82   4.59 3087.5     0.00   0.00    0.0  0.006  0.007  0.006  0.006  0.005  0.006
04:07:53 857.48   16.0   34.6   1438    3.5    213    7.3    29.0   0.4   0.82   4.60 3089.5     0.00   0.00    0.0  0.006  0.007  0.006  0.006  0.006  0.006
04:07:54 857.68   16.0   34.6   1436    3.4    218    7.3    29.0   0.4   0.82   4.60 3090.5     0.00   0.00    0.0  0.006  0.007  0.006  0.006  0.005  0.006
04:07:55 857.72   16.0   34.6   1436    3.4    221    7.3    29.0   0.4   0.82   4.60 3091.5     0.00   0.00    0.0  0.006  0.007  0.006  0.006  0.005  0.006
04:07:56 857.69   16.0   34.7   1436    3.3    232    7.3    29.0   0.4   0.82   4.61 3092.5     0.00   0.00    0.0  0.006  0.007  0.006  0.006  0.005  0.006
04:07:57 857.81   16.0   34.5   1435    3.3    238    7.3    29.0   0.4   0.82   4.60 3093.5     0.00   0.00    0.0  0.006  0.007  0.006  0.006  0.005  0.006
04:08:00 858.17   16.0   34.5   1431    3.4    228    7.3    28.9   0.4   0.82   4.59 3096.5     0.00   0.00    0.0  0.006  0.007  0.006  0.006  0.005  0.006
04:08:01 858.10   16.0   34.5   1432    3.5    237    7.3    29.0   0.4   0.82   4.61 3097.5     0.00   0.00    0.0  0.006  0.007  0.006  0.006  0.006  0.006
04:08:02 858.28   16.1   34.6   1430    3.5    250    7.3    29.0   0.5   0.82   4.61 3098.5     0.00   0.00    0.0  0.006  0.007  0.006  0.006  0.006  0.006
04:08:04 858.31   16.0   34.6   1430    3.5    252    7.3    28.9   0.5   0.82   4.61 3100.5     0.00   0.00    0.0  0.006  0.007  0.006  0.006  0.005  0.006
04:08:05 858.58   16.1   34.6   1427    3.3    246    7.3    29.0   0.5   0.82   4.63 3101.5     0.00   0.00    0.0  0.006  0.007  0.006  0.006  0.005  0.006
04:08:07 858.72   16.1   34.6   1426    3.2    235    7.3    29.0   0.5   0.82   4.62 3103.5     0.00   0.00    0.0  0.006  0.007  0.006  0.006  0.005  0.006
04:08:08 858.73   16.1   34.6   1426    3.2    230    7.3    29.0   0.5   0.82   4.63 3104.5     0.00   0.00    0.0  0.006  0.007  0.006  0.006  0.006  0.006
04:08:10 858.92   16.1   34.6   1424    3.0    228    7.3    28.9   0.5   0.82   4.62 3106.5     0.00   0.00    0.0  0.006  0.007  0.006  0.006  0.005  0.006
04:08:11 859.12   16.1   34.6   1422    3.0    226    7.3    28.9   0.5   0.82   4.62 3107.5     0.00   0.00    0.0  0.006  0.007  0.006  0.006  0.006  0.006
04:08:13 859.11   16.1   34.7   1422    3.0    221    7.3    29.0   0.6   0.82   4.64 3109.5     0.00   0.00    0.0  0.006  0.007  0.006  0.006  0.005  0.006
04:08:14 859.40   16.1   34.7   1419    3.0    224    7.3    28.9   0.6   0.82   4.64 3110.5     0.00   0.00    0.0  0.006  0.007  0.006  0.006  0.005  0.006
04:08:15 859.43   16.2   34.7   1419    3.0    236    7.3    29.0   0.6   0.82   4.65 3111.5     0.00   0.00    0.0  0.006  0.007  0.006  0.006  0.006  0.006
04:08:16 859.53   16.2   34.7   1418    3.0    244    7.3    29.0   0.6   0.82   4.65 3112.5     0.00   0.00    0.0  0.006  0.007  0.006  0.006  0.005  0.006
04:08:18 859.61   16.2   34.7   1417    3.0    249    7.3    29.0   0.6   0.82   4.66 3114.4     0.00   0.00    0.0  0.006  0.007  0.006  0.006  0.006  0.006
04:08:19 859.69   16.1   34.8   1416    3.0    246    7.3    28.9   0.6   0.82   4.66 3115.4     0.00   0.00    0.0  0.006  0.007  0.006  0.006  0.006  0.006
04:08:22 859.97   16.2   34.8   1413    3.4    235    7.3    28.9   0.6   0.82   4.66 3118.4     0.00   0.00    0.0  0.006  0.007  0.006  0.006  0.006  0.006
04:08:23 859.99   16.2   34.8   1413    3.5    236    7.3    28.9   0.6   0.82   4.66 3119.4     0.00   0.00    0.0  0.006  0.007  0.006  0.006  0.005  0.006
04:08:24 860.05   16.2   34.8   1412    3.5    235    7.3    28.9   0.7   0.82   4.67 3120.4     0.00   0.00    0.0  0.006  0.007  0.006  0.006  0.006  0.006
04:08:28 860.30   16.2   34.8   1410    3.7    237    7.3    28.9   0.7   0.82   4.69 3123.4     0.00   0.00    0.0  0.006  0.007  0.006  0.006  0.006  0.006
04:08:28 860.53   16.2   34.7   1408    3.8    237    7.3    28.9   0.7   0.82   4.66 3124.4     0.00   0.00    0.0  0.006  0.007  0.006  0.006  0.006  0.006
04:08:29 860.52   16.2   34.5   1408    3.8    237    7.3    28.9   0.6   0.82   4.65 3125.4     0.00   0.00    0.0  0.006  0.007  0.006  0.006  0.006  0.006
04:08:30 860.61   16.3   34.7   1407    3.8    236    7.3    28.9   0.7   0.82   4.68 3126.4     0.00   0.00    0.0  0.006  0.007  0.006  0.006  0.006  0.006
04:08:31 860.60   16.2   34.7   1407    3.8    238    7.3    28.9   0.7   0.82   4.67 3127.4     0.00   0.00    0.0  0.006  0.007  0.006  0.006  0.005  0.006
04:08:33 860.74   16.3   34.5   1406    3.7    228    7.3    28.9   0.6   0.82   4.65 3129.4     0.00   0.00    0.0  0.006  0.007  0.006  0.006  0.006  0.006
04:08:36 860.92   16.3   34.4   1404    3.5    231    7.3    29.0   0.6   0.82   4.65 3132.4     0.00   0.00    0.0  0.006  0.007  0.006  0.006  0.006  0.006
04:08:40 861.25   16.3   35.0   1401    3.3    240    7.3    28.9   0.8   0.83   4.72 3136.4     0.00   0.00    0.0  0.006  0.007  0.006  0.006  0.006  0.006
04:08:42 861.45   16.3   34.8   1399    3.4    227    7.3    28.9   0.8   0.82   4.70 3138.4     0.00   0.00    0.0  0.006  0.007  0.006  0.006  0.006  0.006
04:08:43 861.48   16.3   34.8   1398    3.4    232    7.3    28.9   0.8   0.82   4.71 3139.4     0.00   0.00    0.0  0.006  0.007  0.006  0.006  0.006  0.006
04:08:45 861.83   16.3   34.7   1395    3.4    242    7.3    28.9   0.7   0.82   4.68 3141.4     0.00   0.00    0.0  0.006  0.007  0.006  0.006  0.006  0.006
04:08:46 861.81   16.3   34.9   1395    3.5    250    7.3    28.9   0.8   0.82   4.70 3142.4     0.00   0.00    0.0  0.006  0.007  0.006  0.006  0.006  0.006
04:08:49 861.95   16.3   34.9   1394    3.5    253    7.3    28.9   0.8   0.83   4.72 3145.4     0.00   0.00    0.0  0.006  0.007  0.006  0.006  0.006  0.006
04:08:50 862.17   16.4   34.9   1392    3.5    245    7.3    28.9   0.8   0.83   4.72 3146.4     0.00   0.00    0.0  0.006  0.007  0.006  0.006  0.006  0.006
04:08:53 862.36   16.4   34.8   1390    3.5    252    7.3    28.9   0.9   0.83   4.73 3149.4     0.00   0.00    0.0  0.006  0.007  0.006  0.006  0.006  0.006
04:08:54 862.77   16.4   34.8   1386    3.5    256    7.3    28.9   0.9   0.83   4.72 3150.4     0.00   0.00    0.0  0.006  0.007  0.006  0.006  0.006  0.006
04:08:55 862.70   16.4   34.7   1386    3.5    252    7.3    28.9   0.8   0.82   4.71 3151.4     0.00   0.00    0.0  0.006  0.007  0.006  0.006  0.006  0.006
04:08:58 862.95   16.4   34.9   1384    3.4    251    7.3    28.8   0.9   0.83   4.73 3154.4     0.00   0.00    0.0  0.006  0.007  0.006  0.006  0.006  0.006
04:08:59 862.80   16.4   35.0   1385    3.5    253    7.3    28.9   1.0   0.83   4.76 3155.4     0.00   0.00    0.0  0.006  0.007  0.006  0.006  0.006  0.006
04:09:01 863.24   16.4   35.4   1381    3.5    252    7.3    28.8   1.1   0.83   4.79 3157.4     0.00   0.00    0.0  0.006  0.007  0.006  0.006  0.006  0.006
04:09:02 863.11   16.4   35.3   1382    3.5    253    7.3    28.8   1.1   0.83   4.79 3158.4     0.00   0.00    0.0  0.006  0.007  0.006  0.006  0.006  0.006
04:09:04 863.38   16.4   35.4   1380    3.7    250    7.3    28.8   1.1   0.83   4.79 3160.4     0.00   0.00    0.0  0.006  0.007  0.006  0.006  0.006  0.006
04:09:05 863.46   16.4   35.3   1379    3.6    246    7.3    28.8   1.1   0.83   4.79 3161.4     0.00   0.00    0.0  0.006  0.007  0.006  0.006  0.006  0.006
04:09:06 863.60   16.4   35.2   1377    3.7    246    7.3    28.8   1.0   0.83   4.77 3162.4     0.00   0.00    0.0  0.006  0.007  0.006  0.006  0.006  0.006
04:09:07 863.76   16.4   35.2   1376    3.7    245    7.3    28.8   1.0   0.83   4.78 3163.4     0.00   0.00    0.0  0.006  0.007  0.006  0.006  0.006  0.006
04:09:08 863.73   16.4   35.3   1376    3.7    239    7.3    28.8   1.0   0.83   4.78 3164.4     0.00   0.00    0.0  0.006  0.007  0.006  0.006  0.006  0.006
04:09:09 863.87   16.4   35.2   1375    3.7    236    7.3    28.7   1.0   0.83   4.76 3165.4     0.00   0.00    0.0  0.006  0.007  0.006  0.006  0.006  0.006
04:09:11 864.12   16.4   35.1   1372    3.7    235    7.3    28.7   1.0   0.83   4.75 3167.4     0.00   0.00    0.0  0.006  0.007  0.006  0.006  0.006  0.006
04:09:12 864.09   16.4   35.1   1373    3.8    238    7.3    28.8   1.0   0.83   4.75 3168.4     0.00   0.00    0.0  0.006  0.007  0.006  0.006  0.006  0.006
04:09:13 864.04   16.4   35.1   1373    3.7    233    7.3    28.8   1.0   0.83   4.76 3169.4     0.00   0.00    0.0  0.006  0.007  0.006  0.006  0.006  0.006
04:09:14 864.16   16.4   35.1   1372    3.8    231    7.3    28.8   1.0   0.83   4.76 3170.4     0.00   0.00    0.0  0.006  0.007  0.006  0.006  0.006  0.006
04:09:16 864.26   16.4   35.2   1371    4.0    231    7.3    28.7   1.0   0.83   4.77 3172.4     0.00   0.00    0.0  0.006  0.007  0.006  0.006  0.006  0.006
04:09:19 864.71   16.5   35.3   1367    4.0    235    7.3    28.8   1.1   0.83   4.80 3175.4     0.00   0.00    0.0  0.006  0.007  0.006  0.006  0.006  0.006
04:09:21 864.77   16.4   35.5   1366    4.2    244    7.3    28.7   1.1   0.83   4.81 3177.4     0.00   0.00    0.0  0.006  0.007  0.006  0.006  0.006  0.006
04:09:22 864.76   16.4   35.6   1366    4.3    247    7.3    28.7   1.2   0.83   4.83 3178.4     0.00   0.00    0.0  0.006  0.007  0.006  0.006  0.006  0.006
04:09:26 865.12   16.5   35.6   1362    4.3    243    7.3    28.7   1.2   0.83   4.84 3182.4     0.00   0.00    0.0  0.006  0.007  0.006  0.006  0.006  0.006
04:09:27 865.30   16.5   35.5   1361    4.3    242    7.3    28.7   1.2   0.83   4.84 3183.4     0.00   0.00    0.0  0.006  0.007  0.006  0.006  0.006  0.006
04:09:29 865.41   16.5   35.5   1360    4.2    238    7.3    28.7   1.2   0.83   4.84 3185.4     0.00   0.00    0.0  0.006  0.007  0.006  0.006  0.006  0.006
04:09:30 865.60   16.5   35.5   1358    4.2    234    7.3    28.7   1.2   0.83   4.83 3186.4     0.00   0.00    0.0  0.006  0.007  0.006  0.006  0.006  0.006
04:09:31 865.39   16.5   35.6   1360    4.3    235    7.3    28.7   1.2   0.83   4.84 3187.4     0.00   0.00    0.0  0.006  0.007  0.006  0.006  0.006  0.006
04:09:32 865.62   16.5   35.7   1358    4.2    231    7.3    28.7   1.3   0.83   4.85 3188.4     0.00   0.00    0.0  0.006  0.007  0.006  0.006  0.006  0.006
04:09:35 866.18   16.5   35.9   1352    4.4    227    7.3    28.6   1.4   0.83   4.88 3191.4     0.00   0.00    0.0  0.006  0.007  0.006  0.006  0.006  0.006
04:09:36 866.03   16.5   36.0   1354    4.4    231    7.3    28.6   1.4   0.83   4.89 3192.4     0.00   0.00    0.0  0.006  0.007  0.006  0.006  0.006  0.006
04:09:37 865.99   16.5   36.0   1354    4.4    231    7.3    28.6   1.4   0.83   4.90 3193.4     0.00   0.00    0.0  0.006  0.007  0.006  0.006  0.006  0.006
04:09:38 866.39   16.5   36.0   1350    4.4    233    7.3    28.6   1.4   0.83   4.89 3194.4     0.00   0.00    0.0  0.006  0.007  0.006  0.006  0.006  0.006
04:09:39 866.24   16.5   36.2   1352    4.4    235    7.3    28.6   1.4   0.83   4.91 3195.4     0.00   0.00    0.0  0.006  0.007  0.006  0.006  0.006  0.006
04:09:40 866.28   16.4   36.3   1351    4.4    238    7.3    28.6   1.5   0.83   4.92 3196.4     0.00   0.00    0.0  0.006  0.007  0.006  0.006  0.006  0.006
04:09:41 866.46   16.5   36.4   1349    4.4    239    7.3    28.6   1.5   0.83   4.94 3197.4     0.00   0.00    0.0  0.006  0.007  0.006  0.006  0.006  0.006
04:09:42 866.32   16.5   36.4   1351    4.3    240    7.3    28.6   1.5   0.83   4.94 3198.4     0.00   0.00    0.0  0.006  0.007  0.006  0.006  0.006  0.006
04:09:43 866.42   16.5   36.5   1350    4.3    240    7.3    28.6   1.6   0.83   4.95 3199.4     0.00   0.00    0.0  0.006  0.007  0.006  0.006  0.006  0.006
04:09:47 867.04   16.5   36.7   1344    4.1    243    7.3    28.5   1.6   0.83   4.97 3203.4     0.00   0.00    0.0  0.006  0.007  0.006  0.006  0.006  0.006
04:09:48 867.04   16.4   36.7   1344    4.0    241    7.3    28.5   1.6   0.83   4.97 3204.4     0.00   0.00    0.0  0.006  0.007  0.006  0.006  0.006  0.006
04:09:49 867.20   16.4   36.7   1342    4.0    241    7.3    28.5   1.6   0.83   4.96 3205.4     0.00   0.00    0.0  0.006  0.007  0.006  0.006  0.006  0.006
04:09:51 867.17   16.4   36.8   1342    3.9    241    7.3    28.4   1.6   0.83   4.97 3207.4     0.00   0.00    0.0  0.006  0.007  0.006  0.006  0.006  0.006
04:09:56 867.83   16.3   38.0   1336    3.8    240    7.3    28.2   1.9   0.84   5.08 3212.4     0.00   0.00    0.0  0.006  0.007  0.006  0.006  0.006  0.006
04:10:01 868.02   16.1   38.8   1334    3.9    247    7.3    28.1   2.1   0.84   5.15 3217.3     0.00   0.00    0.0  0.006  0.007  0.006  0.006  0.006  0.006
04:10:02 868.41   16.1   39.0   1330    3.9    250    7.3    28.0   2.1   0.84   5.14 3218.3     0.00   0.00    0.0  0.006  0.007  0.006  0.006  0.006  0.006
04:10:03 868.15   16.0   39.0   1333    3.9    253    7.3    28.0   2.1   0.84   5.14 3219.3     0.00   0.00    0.0  0.006  0.007  0.006  0.006  0.006  0.006
04:10:05 868.12   16.0   39.2   1333    3.9    253    7.3    27.9   2.1   0.84   5.15 3221.3     0.00   0.00    0.0  0.006  0.007  0.006  0.006  0.006  0.006
04:10:08 868.75   16.0   39.4   1327    3.9    250    7.3    27.8   2.2   0.84   5.17 3224.3     0.00   0.00    0.0  0.006  0.007  0.006  0.006  0.006  0.006
04:10:09 868.81   15.9   39.4   1326    3.9    251    7.3    27.8   2.2   0.84   5.15 3225.3     0.00   0.00    0.0  0.006  0.007  0.006  0.006  0.006  0.006
04:10:13 869.02   15.7   40.4   1324    3.6    255    7.3    27.5   2.3   0.84   5.20 3229.3     0.00   0.00    0.0  0.006  0.007  0.006  0.006  0.006  0.006
04:10:14 869.28   15.6   40.8   1322    3.6    255    7.3    27.4   2.4   0.84   5.23 3230.3     0.00   0.00    0.0  0.006  0.007  0.006  0.006  0.006  0.006
04:10:15 869.22   15.5   41.5   1322    3.6    255    7.3    27.3   2.5   0.84   5.29 3231.3     0.00   0.00    0.0  0.006  0.007  0.006  0.006  0.006  0.006
04:10:16 869.21   15.4   42.0   1322    3.5    256    7.3    27.2   2.6   0.84   5.33 3232.3     0.00   0.00    0.0  0.006  0.007  0.006  0.006  0.006  0.006
04:10:17 869.19   15.3   42.6   1323    3.4    257    7.3    27.1   2.7   0.84   5.37 3233.3     0.00   0.00    0.0  0.006  0.007  0.006  0.006  0.006  0.006
04:10:21 870.07   14.2   45.0   1314    2.9    273    7.3    25.9   2.5   0.84   5.26 3237.3     0.00   0.00    0.0  0.006  0.007  0.006  0.006  0.006  0.006
04:10:22 869.89   14.0   45.6   1316    2.7    279    7.3    25.6   2.4   0.84   5.24 3238.3     0.00   0.00    0.0  0.006  0.007  0.006  0.006  0.006  0.006
04:10:23 869.75   13.8   46.1   1317    2.5    282    7.3    25.5   2.4   0.84   5.25 3239.3     0.00   0.00    0.0  0.006  0.007  0.006  0.006  0.006  0.006
04:10:24 870.05   13.6   46.6   1314    2.3    287    7.3    25.2   2.4   0.84   5.24 3240.3     0.00   0.00    0.0  0.006  0.007  0.006  0.006  0.006  0.006
04:10:26 870.32   13.4   47.8   1312    1.8    299    7.3    25.0   2.6   0.84   5.29 3242.3     0.00   0.00    0.0  0.006  0.007  0.006  0.006  0.006  0.006
04:10:27 870.48   13.0   48.6   1310    1.8    314    7.3    24.5   2.4   0.84   5.23 3243.3     0.00   0.00    0.0  0.006  0.007  0.006  0.006  0.006  0.006
04:10:28 870.46   12.8   49.1   1310    1.7    215    7.3    24.3   2.4   0.84   5.23 3244.3     0.00   0.00    0.0  0.006  0.007  0.006  0.006  0.006  0.006
04:10:29 870.56   12.2   49.9   1309    1.4    202    7.3    23.7   2.1   0.84   5.11 3245.3     0.00   0.00    0.0  0.006  0.007  0.006  0.006  0.006  0.006
04:10:30 870.33   12.4   50.3   1312    1.3    192    7.3    23.9   2.3   0.84   5.20 3246.3     0.00   0.00    0.0  0.006  0.007  0.006  0.006  0.006  0.006
04:10:31 870.36   12.4   50.5   1311    1.2    194    7.3    24.0   2.5   0.84   5.26 3247.3     0.00   0.00    0.0  0.006  0.007  0.006  0.006  0.006  0.006
04:10:32 870.41   12.3   50.7   1311    1.1    195    7.3    23.9   2.4   0.84   5.24 3248.3     0.00   0.00    0.0  0.006  0.007  0.006  0.006  0.006  0.006
04:10:34 870.38   12.2   51.1   1311    0.9    175    7.3    23.8   2.4   0.84   5.24 3250.3     0.00   0.00    0.0  0.006  0.007  0.006  0.006  0.006  0.006
04:33:25 870.80   10.5   68.9   1307   38.5    123    7.8    21.9   5.0   0.86   6.29 4621.2     0.00   0.00    0.0  0.003  0.004  0.003  0.003  0.003  0.003
04:33:28 870.42   10.5   69.2   1311    0.8    117    7.8    22.0   5.1   0.86   6.34 4624.2     0.00   0.00    0.0  0.003  0.004  0.003  0.003  0.003  0.003
04:33:29 870.49   10.5   69.3   1310    0.8    114    7.8    22.0   5.1   0.86   6.36 4625.2     0.00   0.00    0.0  0.003  0.004  0.003  0.003  0.003  0.003
04:33:30 870.36   10.6   69.3   1311    0.8    112    7.8    22.0   5.2   0.86   6.38 4626.2     0.00   0.00    0.0  0.003  0.004  0.003  0.003  0.003  0.003
04:33:31 870.59   10.5   69.5   1309    0.8    111    7.8    21.9   5.1   0.86   6.36 4627.2     0.00   0.00    0.0  0.003  0.004  0.003  0.003  0.003  0.003
04:33:32 870.36   10.4   69.6   1311    0.8    114    7.8    21.9   5.1   0.86   6.35 4628.2     0.00   0.00    0.0  0.003  0.004  0.003  0.003  0.003  0.003
04:33:33 870.45   10.4   69.8   1310    0.8    120    7.8    21.8   5.1   0.86   6.34 4629.2     0.00   0.00    0.0  0.003  0.004  0.003  0.004  0.003  0.003
04:33:35 870.35   10.5   69.7   1311    0.8    120    7.8    22.0   5.2   0.86   6.40 4631.2     0.00   0.00    0.0  0.003  0.004  0.003  0.003  0.003  0.003
04:33:36 870.15   10.4   69.9   1313    0.8    121    7.8    21.9   5.2   0.86   6.38 4632.2     0.00   0.00    0.0  0.003  0.004  0.003  0.003  0.003  0.003
04:33:37 870.61   10.5   69.9   1309    0.8    121    7.6    22.0   5.3   0.87   6.42 4633.2     0.00   0.00    0.0  0.003  0.004  0.003  0.003  0.003  0.003
04:33:38 870.45   10.5   69.9   1310    0.8    135    7.6    21.9   5.2   0.86   6.40 4634.2     0.00   0.00    0.0  0.003  0.004  0.003  0.004  0.003  0.003
04:33:39 870.15   10.7   70.0   1313    0.8    138    7.6    22.2   5.4   0.87   6.48 4635.1     0.00   0.00    0.0  0.003  0.004  0.003  0.004  0.003  0.003
04:33:40 870.15   10.7   69.9   1313    0.8    137    7.6    22.2   5.4   0.87   6.50 4636.1     0.00   0.00    0.0  0.003  0.004  0.003  0.004  0.003  0.003
04:33:45 870.38   11.2   68.6   1311    1.0    151    7.6    22.7   5.7   0.87   6.60 4641.1     0.00   0.00    0.0  0.003  0.004  0.003  0.004  0.003  0.003
04:33:46 870.37   11.2   68.5   1311    1.0    151    7.6    22.7   5.6   0.87   6.59 4642.1     0.00   0.00    0.0  0.004  0.004  0.003  0.004  0.003  0.003
04:33:48 870.38   11.3   67.9   1311    1.2    145    7.6    22.8   5.6   0.87   6.57 4644.1     0.00   0.00    0.0  0.004  0.004  0.003  0.004  0.003  0.003
04:33:49 870.37   11.3   67.8   1311    1.2    144    7.6    22.8   5.6   0.87   6.56 4645.1     0.00   0.00    0.0  0.004  0.004  0.003  0.004  0.003  0.003
04:33:52 870.21   11.5   67.2   1313    1.3    149    7.6    23.1   5.7   0.87   6.61 4648.1     0.00   0.00    0.0  0.004  0.004  0.003  0.004  0.003  0.003
04:33:53 869.96   11.5   67.1   1315    1.3    153    7.6    23.1   5.6   0.87   6.60 4649.1     0.00   0.00    0.0  0.004  0.004  0.003  0.004  0.003  0.003
04:33:54 869.95   11.5   66.9   1315    1.3    154    7.6    23.1   5.6   0.87   6.56 4650.1     0.00   0.00    0.0  0.004  0.004  0.003  0.004  0.003  0.003
04:33:56 870.02   11.5   66.5   1315    1.3    154    7.6    23.1   5.5   0.87   6.53 4652.1     0.00   0.00    0.0  0.004  0.004  0.004  0.004  0.003  0.003
04:33:57 870.04   11.6   66.1   1314    1.3    153    7.6    23.2   5.5   0.87   6.53 4653.1     0.00   0.00    0.0  0.004  0.004  0.003  0.004  0.003  0.003
04:34:02 870.03   11.8   65.0   1314    1.3    157    7.6    23.3   5.4   0.87   6.49 4658.1     0.00   0.00    0.0  0.004  0.004  0.004  0.004  0.003  0.003
04:34:03 869.85   11.9   64.7   1316    1.4    156    7.6    23.5   5.5   0.87   6.51 4659.1     0.00   0.00    0.0  0.004  0.004  0.004  0.004  0.003  0.003
04:34:04 869.59   12.0   64.5   1319    1.4    157    7.6    23.6   5.5   0.87   6.54 4660.1     0.00   0.00    0.0  0.004  0.004  0.003  0.004  0.003  0.003
04:34:05 869.53   12.0   64.3   1319    1.3    157    7.6    23.6   5.5   0.87   6.52 4661.1     0.00   0.00    0.0  0.004  0.004  0.004  0.004  0.003  0.003
04:34:06 869.75   12.1   64.1   1317    1.4    157    7.6    23.7   5.5   0.87   6.53 4662.1     0.00   0.00    0.0  0.004  0.004  0.003  0.004  0.003  0.003
04:34:07 869.86   12.2   63.9   1316    1.3    159    7.6    23.8   5.6   0.87   6.55 4663.1     0.00   0.00    0.0  0.004  0.004  0.004  0.004  0.003  0.003
04:34:08 869.77   12.1   63.8   1317    1.3    162    7.6    23.7   5.5   0.87   6.52 4664.1     0.00   0.00    0.0  0.004  0.004  0.004  0.004  0.003  0.003
04:34:09 869.72   12.1   63.6   1317    1.3    162    7.6    23.7   5.4   0.87   6.49 4665.1     0.00   0.00    0.0  0.004  0.004  0.004  0.004  0.003  0.003
04:34:10 869.84   12.1   63.4   1316    1.2    162    7.6    23.7   5.4   0.87   6.48 4666.1     0.00   0.00    0.0  0.004  0.004  0.004  0.004  0.003  0.003
04:34:13 869.56   12.2   62.9   1319    1.3    164    7.6    23.8   5.4   0.87   6.47 4669.1     0.00   0.00    0.0  0.004  0.004  0.004  0.004  0.003  0.003
04:34:17 869.53   12.4   61.9   1319    1.2    181    7.6    24.0   5.3   0.87   6.44 4673.1     0.00   0.00    0.0  0.004  0.004  0.004  0.004  0.003  0.003
04:34:18 869.40   12.4   61.6   1321    1.2    173    7.6    24.1   5.3   0.87   6.43 4674.1     0.00   0.00    0.0  0.004  0.004  0.004  0.004  0.004  0.003
04:34:19 869.57   13.0   61.7   1319    1.2    174    7.6    24.6   5.8   0.87   6.67 4675.1     0.00   0.00    0.0  0.004  0.004  0.004  0.004  0.003  0.003
04:34:20 869.47   12.8   61.5   1320    1.2    180    7.6    24.5   5.6   0.87   6.58 4676.1     0.00   0.00    0.0  0.004  0.004  0.004  0.004  0.003  0.003
04:34:23 869.18   12.9   60.9   1323    1.2    172    7.6    24.6   5.6   0.87   6.56 4679.1     0.00   0.00    0.0  0.004  0.004  0.004  0.004  0.003  0.003
04:34:25 869.25   12.7   60.3   1322    1.3    175    7.6    24.4   5.3   0.87   6.43 4681.1     0.00   0.00    0.0  0.004  0.004  0.004  0.004  0.003  0.003
04:34:26 869.11   12.8   60.2   1323    1.4    176    7.6    24.5   5.3   0.87   6.44 4682.1     0.00   0.00    0.0  0.004  0.004  0.004  0.004  0.004  0.003
04:34:27 869.08   13.1   60.0   1324    1.3    182    7.6    24.8   5.5   0.87   6.54 4683.1     0.00   0.00    0.0  0.004  0.004  0.004  0.004  0.004  0.003
04:34:28 869.05   13.2   59.6   1324    1.4    194    7.6    24.9   5.5   0.87   6.53 4684.1     0.00   0.00    0.0  0.004  0.004  0.004  0.004  0.003  0.003
04:34:30 868.88   12.9   59.2   1326    1.3    204    7.6    24.6   5.1   0.86   6.37 4686.1     0.00   0.00    0.0  0.004  0.004  0.004  0.004  0.003  0.003
04:34:31 869.15   13.0   59.2   1323    1.3    202    7.6    24.7   5.2   0.86   6.40 4687.1     0.00   0.00    0.0  0.004  0.004  0.004  0.004  0.003  0.003
04:34:32 868.98   13.0   59.2   1325    1.3    202    7.6    24.8   5.3   0.87   6.43 4688.1     0.00   0.00    0.0  0.004  0.004  0.004  0.004  0.004  0.003
04:34:33 869.06   13.0   59.1   1324    1.4    200    7.6    24.7   5.2   0.87   6.41 4689.1     0.00   0.00    0.0  0.004  0.004  0.004  0.004  0.003  0.003
04:34:35 868.83   13.0   58.7   1326    1.4    192    7.6    24.8   5.2   0.86   6.38 4691.1     0.00   0.00    0.0  0.004  0.004  0.004  0.004  0.003  0.003
04:34:36 868.78   13.1   58.5   1327    1.5    194    7.6    24.8   5.1   0.86   6.36 4692.1     0.00   0.00    0.0  0.004  0.004  0.004  0.004  0.003  0.003
04:34:41 868.71   13.4   58.6   1327    1.5    211    7.6    25.1   5.4   0.87   6.51 4697.1     0.00   0.00    0.0  0.004  0.004  0.004  0.004  0.003  0.003
04:34:42 868.84   13.4   58.5   1326    1.5    208    7.6    25.1   5.5   0.87   6.52 4698.1     0.00   0.00    0.0  0.004  0.004  0.004  0.004  0.003  0.003
04:34:43 868.52   13.5   58.4   1329    1.4    200    7.6    25.2   5.5   0.87   6.53 4699.1     0.00   0.00    0.0  0.004  0.004  0.004  0.004  0.004  0.003
04:34:47 868.41   13.4   57.4   1330    1.6    183    7.6    25.2   5.2   0.86   6.40 4703.1     0.00   0.00    0.0  0.004  0.004  0.004  0.004  0.004  0.004
04:34:48 868.44   13.5   57.3   1330    1.7    193    7.6    25.3   5.2   0.87   6.41 4704.1     0.00   0.00    0.0  0.004  0.004  0.004  0.004  0.004  0.004
04:34:49 868.50   13.4   57.3   1329    1.8    200    7.6    25.2   5.2   0.86   6.40 4705.1     0.00   0.00    0.0  0.004  0.004  0.004  0.004  0.004  0.003
04:34:50 868.56   13.5   57.2   1329    1.8    208    7.6    25.3   5.2   0.86   6.40 4706.1     0.00   0.00    0.0  0.004  0.004  0.004  0.004  0.004  0.003
04:34:52 868.33   13.4   57.1   1331    1.9    209    7.5    25.2   5.1   0.86   6.36 4708.1     0.00   0.00    0.0  0.004  0.004  0.004  0.004  0.003  0.003
04:34:54 868.22   13.4   56.8   1332    1.9    210    7.5    25.2   5.0   0.86   6.31 4710.1     0.00   0.00    0.0  0.004  0.004  0.004  0.004  0.004  0.003
04:34:55 868.34   13.4   56.8   1331    1.8    212    7.5    25.2   5.0   0.86   6.33 4711.1     0.00   0.00    0.0  0.004  0.004  0.004  0.004  0.004  0.003
04:34:57 868.00   13.4   56.9   1334    1.9    204    7.5    25.3   5.1   0.86   6.36 4713.1     0.00   0.00    0.0  0.004  0.004  0.004  0.004  0.004  0.003
04:35:00 868.32   13.3   56.3   1331    1.9    195    7.5    25.1   4.8   0.86   6.24 4716.1     0.00   0.00    0.0  0.004  0.004  0.004  0.004  0.004  0.004
04:35:01 868.05   13.6   56.7   1334    1.9    207    7.5    25.4   5.1   0.86   6.38 4717.1     0.00   0.00    0.0  0.004  0.004  0.004  0.004  0.004  0.003
04:35:02 868.13   13.6   56.5   1333    2.0    212    7.5    25.4   5.1   0.86   6.37 4718.1     0.00   0.00    0.0  0.004  0.004  0.004  0.004  0.004  0.004
04:35:03 868.20   13.5   56.6   1332    1.9    213    7.5    25.4   5.1   0.86   6.36 4719.1     0.00   0.00    0.0  0.004  0.004  0.004  0.004  0.004  0.004
04:35:05 867.79   13.5   56.3   1336    1.9    202    7.5    25.3   5.0   0.86   6.30 4721.1     0.00   0.00    0.0  0.004  0.004  0.004  0.004  0.004  0.004
04:35:06 867.92   13.4   56.3   1335    1.9    201    7.5    25.2   4.9   0.86   6.27 4722.1     0.00   0.00    0.0  0.004  0.004  0.004  0.004  0.004  0.004
04:35:07 867.87   13.4   56.2   1335    1.9    203    7.5    25.3   4.9   0.86   6.26 4723.1     0.00   0.00    0.0  0.004  0.004  0.004  0.004  0.004  0.004
04:35:08 868.09   13.4   56.1   1333    1.8    199    7.5    25.2   4.8   0.86   6.25 4724.1     0.00   0.00    0.0  0.004  0.004  0.004  0.004  0.004  0.004
04:35:09 868.04   13.5   56.2   1334    1.8    204    7.5    25.3   4.9   0.86   6.28 4725.1     0.00   0.00    0.0  0.004  0.004  0.004  0.004  0.004  0.004
04:35:10 867.82   13.5   56.2   1336    1.8    207    7.5    25.3   4.9   0.86   6.29 4726.1     0.00   0.00    0.0  0.004  0.004  0.004  0.004  0.004  0.003
04:35:11 867.92   13.4   56.1   1335    1.9    210    7.5    25.3   4.9   0.86   6.25 4727.1     0.00   0.00    0.0  0.004  0.004  0.004  0.004  0.004  0.004
04:35:12 867.88   13.4   56.1   1335    1.9    205    7.5    25.2   4.8   0.86   6.25 4728.1     0.00   0.00    0.0  0.004  0.004  0.004  0.004  0.004  0.004
04:35:14 867.78   13.5   56.1   1336    1.9    207    7.5    25.3   4.9   0.86   6.27 4730.1     0.00   0.00    0.0  0.004  0.004  0.004  0.004  0.004  0.004
04:35:15 867.81   13.4   56.1   1336    2.0    205    7.5    25.3   4.9   0.86   6.26 4731.1     0.00   0.00    0.0  0.004  0.004  0.004  0.004  0.004  0.004
04:35:17 867.59   13.5   56.0   1338    2.0    201    7.5    25.4   4.9   0.86   6.27 4733.1     0.00   0.00    0.0  0.004  0.004  0.004  0.004  0.004  0.004
04:35:18 867.51   13.5   56.0   1339    2.0    201    7.5    25.4   4.9   0.86   6.28 4734.1     0.00   0.00    0.0  0.004  0.004  0.004  0.004  0.004  0.004
04:35:19 867.71   13.5   56.0   1337    2.0    206    7.5    25.3   4.9   0.86   6.27 4735.0     0.00   0.00    0.0  0.004  0.004  0.004  0.004  0.004  0.004
04:35:20 867.55   13.5   56.0   1338    2.1    206    7.5    25.4   4.9   0.86   6.28 4736.0     0.00   0.00    0.0  0.004  0.004  0.004  0.004  0.004  0.004
04:35:26 867.51   13.7   55.7   1339    2.3    213    7.5    25.6   5.0   0.86   6.32 4742.0     0.00   0.00    0.0  0.004  0.004  0.004  0.004  0.004  0.004
04:35:27 867.40   13.8   55.3   1340    2.3    214    7.5    25.7   5.0   0.86   6.31 4743.0     0.00   0.00    0.0  0.004  0.004  0.004  0.004  0.004  0.004
04:35:29 867.25   13.9   54.9   1341    2.3    217    7.5    25.8   5.0   0.86   6.32 4745.0     0.00   0.00    0.0  0.004  0.004  0.004  0.004  0.004  0.004
04:35:31 867.28   14.0   54.4   1341    2.4    217    7.5    26.0   5.0   0.86   6.32 4747.0     0.00   0.00    0.0  0.004  0.004  0.004  0.004  0.004  0.004
04:35:32 867.35   14.0   54.0   1340    2.5    216    7.5    26.0   4.9   0.86   6.27 4748.0     0.00   0.00    0.0  0.004  0.004  0.004  0.004  0.004  0.004
04:35:34 867.16   14.2   53.4   1342    2.5    214    7.5    26.1   4.9   0.86   6.26 4750.0     0.00   0.00    0.0  0.004  0.004  0.004  0.004  0.004  0.004
04:35:35 867.13   14.2   53.2   1343    2.4    214    7.5    26.2   4.8   0.86   6.25 4751.0     0.00   0.00    0.0  0.004  0.004  0.004  0.004  0.004  0.004
04:35:36 867.28   14.3   53.1   1341    2.4    213    7.5    26.2   4.9   0.86   6.26 4752.0     0.00   0.00    0.0  0.004  0.004  0.004  0.004  0.004  0.004
04:35:37 866.87   14.2   52.9   1345    2.4    212    7.5    26.2   4.8   0.86   6.22 4753.0     0.00   0.00    0.0  0.004  0.004  0.004  0.004  0.004  0.004
04:35:38 866.88   14.2   52.8   1345    2.4    212    7.5    26.2   4.7   0.86   6.20 4754.0     0.00   0.00    0.0  0.004  0.004  0.004  0.004  0.004  0.004
04:35:39 866.80   14.2   52.7   1346    2.4    211    7.5    26.2   4.7   0.86   6.20 4755.0     0.00   0.00    0.0  0.004  0.004  0.004  0.004  0.004  0.004
04:35:40 866.92   14.3   52.6   1345    2.4    208    7.5    26.2   4.7   0.86   6.20 4756.0     0.00   0.00    0.0  0.004  0.004  0.004  0.004  0.004  0.004
04:35:41 866.95   14.3   52.5   1344    2.4    210    7.5    26.2   4.7   0.86   6.20 4757.0     0.00   0.00    0.0  0.004  0.004  0.004  0.004  0.004  0.004
04:35:42 866.89   14.3   52.4   1345    2.4    210    7.5    26.2   4.7   0.86   6.18 4758.0     0.00   0.00    0.0  0.004  0.004  0.004  0.004  0.004  0.004
04:35:43 866.88   14.3   52.3   1345    2.4    211    7.5    26.2   4.7   0.86   6.17 4759.0     0.00   0.00    0.0  0.004  0.004  0.004  0.004  0.004  0.004
04:35:44 866.82   14.3   52.0   1346    2.4    211    7.5    26.3   4.6   0.86   6.15 4760.0     0.00   0.00    0.0  0.004  0.004  0.004  0.004  0.004  0.004
04:35:46 866.92   14.4   51.6   1345    2.4    206    7.5    26.3   4.6   0.86   6.13 4762.0     0.00   0.00    0.0  0.004  0.004  0.004  0.004  0.004  0.004
04:35:47 866.76   14.4   51.5   1346    2.4    206    7.5    26.4   4.5   0.86   6.13 4763.0     0.00   0.00    0.0  0.004  0.004  0.004  0.004  0.004  0.004
04:35:48 866.85   14.4   51.2   1345    2.4    205    7.5    26.4   4.5   0.86   6.10 4764.0     0.00   0.00    0.0  0.004  0.004  0.004  0.004  0.004  0.004
04:35:50 866.71   14.4   51.0   1347    2.4    203    7.5    26.4   4.4   0.86   6.08 4766.0     0.00   0.00    0.0  0.004  0.004  0.004  0.004  0.004  0.004
04:35:51 866.92   14.5   50.7   1345    2.4    202    7.5    26.5   4.4   0.86   6.06 4767.0     0.00   0.00    0.0  0.004  0.004  0.004  0.004  0.004  0.004
04:35:52 866.69   14.5   50.3   1347    2.4    201    7.5    26.5   4.3   0.86   6.02 4768.0     0.00   0.00    0.0  0.004  0.004  0.004  0.004  0.004  0.004
04:35:53 866.51   14.5   50.2   1349    2.4    200    7.5    26.6   4.3   0.86   6.02 4769.0     0.00   0.00    0.0  0.004  0.004  0.004  0.004  0.004  0.004
04:35:54 866.88   14.6   49.9   1345    2.5    198    7.5    26.6   4.3   0.86   6.01 4770.0     0.00   0.00    0.0  0.004  0.005  0.004  0.004  0.004  0.004
04:35:55 866.59   14.6   49.7   1348    2.5    198    7.5    26.6   4.2   0.86   5.98 4771.0     0.00   0.00    0.0  0.004  0.004  0.004  0.004  0.004  0.004
04:35:56 866.58   14.6   49.7   1348    2.6    198    7.5    26.6   4.2   0.86   5.99 4772.0     0.00   0.00    0.0  0.004  0.004  0.004  0.004  0.004  0.004
04:35:57 866.50   14.6   49.3   1349    2.6    197    7.5    26.6   4.1   0.86   5.95 4773.0     0.00   0.00    0.0  0.004  0.005  0.004  0.004  0.004  0.004
04:35:58 866.36   14.6   49.1   1350    2.6    195    7.5    26.7   4.1   0.86   5.93 4774.0     0.00   0.00    0.0  0.004  0.005  0.004  0.004  0.004  0.004
04:36:02 866.27   14.7   48.5   1351    2.6    195    7.5    26.7   4.0   0.85   5.88 4778.0     0.00   0.00    0.0  0.004  0.005  0.004  0.004  0.004  0.004
04:36:03 866.46   14.7   48.4   1349    2.6    196    7.5    26.8   4.0   0.85   5.88 4779.0     0.00   0.00    0.0  0.004  0.005  0.004  0.004  0.004  0.004
04:36:04 866.36   14.8   48.2   1350    2.6    196    7.5    26.8   4.0   0.85   5.88 4780.0     0.00   0.00    0.0  0.004  0.005  0.004  0.004  0.004  0.004
04:36:05 866.16   14.8   48.0   1352    2.6    199    7.5    26.8   3.9   0.85   5.85 4781.0     0.00   0.00    0.0  0.004  0.005  0.004  0.004  0.004  0.004
04:36:06 866.21   14.9   47.7   1351    2.6    200    7.5    26.9   3.9   0.85   5.85 4782.0     0.00   0.00    0.0  0.004  0.005  0.004  0.004  0.004  0.004
04:36:07 866.25   14.9   47.5   1351    2.7    202    7.5    26.9   3.8   0.85   5.83 4783.0     0.00   0.00    0.0  0.004  0.005  0.004  0.004  0.004  0.004
04:36:09 866.15   15.0   46.9   1352    2.7    205    7.5    27.1   3.8   0.85   5.80 4785.0     0.00   0.00    0.0  0.004  0.005  0.004  0.004  0.004  0.004
04:36:11 866.22   15.0   46.4   1351    2.8    205    7.5    27.1   3.6   0.85   5.74 4787.0     0.00   0.00    0.0  0.004  0.005  0.004  0.004  0.004  0.004
04:36:13 866.16   15.0   46.0   1352    3.0    207    7.5    27.1   3.5   0.85   5.70 4789.0     0.00   0.00    0.0  0.004  0.005  0.004  0.004  0.004  0.004
04:36:14 865.97   15.2   45.1   1354    3.0    207    7.5    27.3   3.4   0.85   5.65 4790.0     0.00   0.00    0.0  0.004  0.005  0.004  0.004  0.004  0.004
04:36:15 866.15   15.2   45.3   1352    3.1    206    7.5    27.2   3.4   0.85   5.66 4791.0     0.00   0.00    0.0  0.004  0.005  0.004  0.004  0.004  0.004
04:36:16 865.99   15.1   45.4   1354    3.2    207    7.5    27.2   3.4   0.85   5.67 4792.0     0.00   0.00    0.0  0.004  0.005  0.004  0.004  0.004  0.004
04:36:17 865.95   15.2   45.2   1354    3.1    207    7.5    27.3   3.4   0.85   5.65 4793.0     0.00   0.00    0.0  0.004  0.005  0.004  0.004  0.004  0.004
04:36:18 865.90   15.2   45.1   1354    3.2    206    7.5    27.3   3.4   0.85   5.63 4794.0     0.00   0.00    0.0  0.004  0.005  0.004  0.004  0.004  0.004
04:36:19 866.15   15.2   44.8   1352    3.2    208    7.5    27.2   3.3   0.85   5.60 4795.0     0.00   0.00    0.0  0.004  0.005  0.004  0.004  0.004  0.004
04:36:24 865.86   15.4   43.3   1355    3.4    207    7.5    27.5   3.0   0.85   5.49 4800.0     0.00   0.00    0.0  0.004  0.005  0.004  0.004  0.004  0.004
04:36:27 865.73   15.7   41.7   1356    3.5    210    7.5    27.8   2.8   0.84   5.40 4803.0     0.00   0.00    0.0  0.004  0.005  0.004  0.004  0.004  0.004
04:36:28 865.55   15.6   41.6   1358    3.5    210    7.5    27.8   2.7   0.84   5.36 4804.0     0.00   0.00    0.0  0.004  0.005  0.004  0.004  0.004  0.004
04:36:29 865.47   15.7   41.5   1359    3.6    211    7.5    27.8   2.6   0.84   5.36 4805.0     0.00   0.00    0.0  0.004  0.005  0.004  0.004  0.004  0.004
04:36:30 865.69   15.7   41.4   1357    3.6    211    7.5    27.9   2.6   0.84   5.35 4806.0     0.00   0.00    0.0  0.004  0.005  0.004  0.004  0.004  0.004
04:36:31 865.76   15.8   41.1   1356    3.6    209    7.5    28.0   2.6   0.84   5.35 4807.0     0.00   0.00    0.0  0.004  0.005  0.004  0.004  0.004  0.004
04:36:32 865.32   15.8   40.9   1360    3.6    210    7.5    28.0   2.5   0.84   5.32 4808.0     0.00   0.00    0.0  0.004  0.005  0.004  0.004  0.004  0.004
04:36:33 865.19   15.8   40.8   1361    3.6    211    7.5    28.0   2.6   0.84   5.33 4809.0     0.00   0.00    0.0  0.004  0.005  0.004  0.004  0.004  0.004
04:36:34 865.39   15.8   40.7   1360    3.6    210    7.5    28.0   2.5   0.84   5.32 4810.0     0.00   0.00    0.0  0.004  0.005  0.004  0.004  0.004  0.004
04:36:35 865.62   15.9   40.6   1357    3.6    210    7.5    28.1   2.5   0.84   5.31 4811.0     0.00   0.00    0.0  0.004  0.005  0.004  0.004  0.004  0.004
04:36:36 865.21   15.9   40.4   1361    3.6    209    7.5    28.1   2.5   0.84   5.30 4812.0     0.00   0.00    0.0  0.004  0.005  0.004  0.004  0.004  0.004
04:36:38 865.15   15.9   40.2   1362    3.7    209    7.3    28.1   2.4   0.84   5.27 4814.0     0.00   0.00    0.0  0.004  0.005  0.004  0.004  0.004  0.004
04:36:39 865.31   16.0   40.0   1360    3.7    209    7.3    28.2   2.4   0.84   5.26 4815.0     0.00   0.00    0.0  0.004  0.005  0.005  0.004  0.004  0.004
04:36:40 865.41   16.0   39.9   1359    3.6    209    7.3    28.2   2.4   0.84   5.26 4816.0     0.00   0.00    0.0  0.004  0.005  0.005  0.004  0.004  0.004
04:36:41 865.21   15.9   39.9   1361    3.6    209    7.3    28.2   2.4   0.84   5.25 4817.0     0.00   0.00    0.0  0.005  0.005  0.004  0.004  0.004  0.004
04:36:42 865.04   15.9   39.8   1363    3.7    212    7.3    28.1   2.3   0.84   5.23 4818.0     0.00   0.00    0.0  0.004  0.005  0.004  0.004  0.004  0.004
04:36:43 865.40   16.0   39.8   1359    3.6    210    7.3    28.1   2.3   0.84   5.23 4819.0     0.00   0.00    0.0  0.004  0.005  0.005  0.004  0.004  0.004
04:36:44 865.07   15.9   39.7   1363    3.7    209    7.3    28.2   2.3   0.84   5.22 4820.0     0.00   0.00    0.0  0.004  0.005  0.005  0.004  0.004  0.004
04:36:45 865.27   16.0   39.6   1361    3.7    210    7.3    28.2   2.3   0.84   5.23 4821.0     0.00   0.00    0.0  0.004  0.005  0.005  0.004  0.004  0.004
04:36:46 865.22   15.9   39.5   1361    3.7    210    7.3    28.1   2.2   0.84   5.19 4822.0     0.00   0.00    0.0  0.005  0.005  0.004  0.005  0.004  0.004
04:36:47 865.12   15.9   39.5   1362    3.7    210    7.3    28.2   2.2   0.84   5.19 4823.0     0.00   0.00    0.0  0.004  0.005  0.005  0.005  0.004  0.004
04:36:50 865.18   16.1   39.1   1362    3.6    208    7.3    28.3   2.2   0.84   5.19 4826.0     0.00   0.00    0.0  0.005  0.005  0.005  0.005  0.004  0.004
04:36:51 865.02   16.1   39.1   1363    3.7    211    7.3    28.3   2.2   0.84   5.19 4827.0     0.00   0.00    0.0  0.005  0.005  0.005  0.004  0.004  0.004
04:36:52 864.87   16.1   39.2   1365    3.6    211    7.3    28.3   2.2   0.84   5.19 4828.0     0.00   0.00    0.0  0.005  0.005  0.005  0.004  0.004  0.004
04:36:54 865.10   16.0   39.3   1362    3.6    209    7.3    28.2   2.1   0.84   5.17 4830.0     0.00   0.00    0.0  0.005  0.005  0.005  0.005  0.004  0.004
04:36:55 864.87   16.1   39.0   1365    3.6    207    7.3    28.3   2.1   0.84   5.17 4830.9     0.00   0.00    0.0  0.005  0.005  0.005  0.005  0.004  0.004
04:36:56 864.75   16.0   39.0   1366    3.6    205    7.3    28.2   2.1   0.84   5.14 4832.0     0.00   0.00    0.0  0.004  0.005  0.005  0.005  0.004  0.004
04:36:57 864.68   16.1   38.9   1367    3.6    207    7.3    28.3   2.1   0.84   5.16 4833.0     0.00   0.00    0.0  0.005  0.005  0.005  0.005  0.004  0.004
04:36:58 864.68   16.0   39.1   1367    3.7    206    7.3    28.2   2.1   0.84   5.15 4834.0     0.00   0.00    0.0  0.005  0.005  0.005  0.005  0.004  0.004
04:36:59 864.64   16.0   39.0   1367    3.6    206    7.3    28.3   2.1   0.84   5.16 4834.9     0.00   0.00    0.0  0.005  0.005  0.005  0.005  0.004  0.004
04:37:00 864.66   16.0   38.9   1367    3.6    207    7.3    28.3   2.1   0.84   5.14 4835.9     0.00   0.00    0.0  0.005  0.005  0.005  0.005  0.004  0.004
04:37:01 864.63   16.1   38.8   1367    3.6    207    7.3    28.3   2.1   0.84   5.14 4836.9     0.00   0.00    0.0  0.005  0.005  0.005  0.005  0.004  0.004
04:37:02 864.66   16.0   38.9   1367    3.6    207    7.3    28.3   2.1   0.84   5.15 4837.9     0.00   0.00    0.0  0.005  0.005  0.005  0.005  0.004  0.004
04:37:05 864.71   16.1   38.7   1366    3.6    207    7.3    28.3   2.0   0.84   5.13 4840.9     0.00   0.00    0.0  0.005  0.005  0.005  0.005  0.004  0.004
04:37:06 864.60   16.0   38.7   1367    3.6    205    7.3    28.3   2.0   0.84   5.13 4841.9     0.00   0.00    0.0  0.005  0.005  0.005  0.005  0.004  0.004
04:37:09 864.44   16.1   38.6   1369    3.5    204    7.3    28.4   2.0   0.84   5.12 4844.9     0.00   0.00    0.0  0.005  0.005  0.005  0.005  0.004  0.004
04:37:11 864.28   16.1   38.4   1370    3.5    204    7.3    28.4   1.9   0.84   5.09 4846.9     0.00   0.00    0.0  0.005  0.005  0.005  0.005  0.004  0.004
04:37:12 864.15   16.0   38.5   1372    3.5    205    7.3    28.4   1.9   0.84   5.10 4847.9     0.00   0.00    0.0  0.005  0.005  0.005  0.005  0.004  0.004
04:37:13 864.28   16.0   38.6   1370    3.6    205    7.3    28.3   1.9   0.84   5.09 4848.9     0.00   0.00    0.0  0.005  0.005  0.005  0.005  0.004  0.004
04:37:14 864.21   16.0   38.4   1371    3.6    204    7.3    28.3   1.9   0.84   5.08 4849.9     0.00   0.00    0.0  0.005  0.005  0.005  0.005  0.004  0.004
04:37:16 864.44   16.0   38.3   1369    3.6    202    7.3    28.3   1.9   0.84   5.07 4851.9     0.00   0.00    0.0  0.005  0.005  0.005  0.005  0.004  0.004
04:37:17 864.04   16.1   38.3   1373    3.6    202    7.3    28.4   1.9   0.84   5.08 4852.9     0.00   0.00    0.0  0.005  0.005  0.005  0.005  0.004  0.004
04:37:18 864.06   16.1   38.2   1373    3.6    200    7.3    28.4   1.9   0.84   5.07 4853.9     0.00   0.00    0.0  0.005  0.005  0.005  0.005  0.004  0.004
04:37:19 864.08   16.0   38.2   1372    3.6    202    7.3    28.4   1.8   0.84   5.07 4854.9     0.00   0.00    0.0  0.005  0.005  0.005  0.005  0.004  0.004
04:37:20 864.00   16.0   38.2   1373    3.6    201    7.3    28.4   1.8   0.84   5.06 4855.9     0.00   0.00    0.0  0.005  0.005  0.005  0.005  0.004  0.004
04:37:24 863.87   16.0   38.2   1374    3.6    204    7.3    28.4   1.8   0.83   5.05 4859.9     0.00   0.00    0.0  0.005  0.005  0.005  0.005  0.004  0.004
04:37:25 863.92   16.0   38.4   1374    3.6    205    7.3    28.4   1.9   0.84   5.08 4860.9     0.00   0.00    0.0  0.005  0.005  0.005  0.005  0.004  0.004
04:37:26 863.98   16.0   38.3   1373    3.6    203    7.3    28.4   1.8   0.84   5.07 4861.9     0.00   0.00    0.0  0.005  0.005  0.005  0.005  0.004  0.004
04:37:27 863.69   16.0   38.3   1376    3.6    202    7.3    28.4   1.8   0.84   5.07 4862.9     0.00   0.00    0.0  0.005  0.005  0.005  0.005  0.004  0.004
04:37:29 863.76   16.0   38.0   1376    3.5    199    7.3    28.4   1.7   0.83   5.02 4864.9     0.00   0.00    0.0  0.005  0.005  0.005  0.005  0.004  0.004
04:37:30 863.60   16.1   38.0   1377    3.5    201    7.3    28.4   1.8   0.83   5.05 4865.9     0.00   0.00    0.0  0.005  0.005  0.005  0.005  0.004  0.004
04:37:32 863.66   16.0   38.2   1377    3.5    201    7.3    28.4   1.8   0.83   5.05 4867.9     0.00   0.00    0.0  0.005  0.005  0.005  0.005  0.004  0.004
04:37:33 863.53   16.0   38.3   1378    3.5    203    7.3    28.4   1.8   0.83   5.06 4868.9     0.00   0.00    0.0  0.005  0.005  0.005  0.005  0.004  0.004
04:37:34 863.65   16.0   38.2   1377    3.5    202    7.3    28.4   1.8   0.83   5.05 4869.9     0.00   0.00    0.0  0.005  0.005  0.005  0.005  0.004  0.004
04:37:35 863.59   16.0   37.9   1377    3.5    201    7.3    28.4   1.7   0.83   5.01 4870.9     0.00   0.00    0.0  0.005  0.005  0.005  0.005  0.004  0.005
04:37:36 863.52   16.0   38.1   1378    3.5    201    7.3    28.4   1.8   0.83   5.04 4871.9     0.00   0.00    0.0  0.005  0.005  0.005  0.005  0.004  0.004
04:37:37 863.67   16.0   38.2   1376    3.5    203    7.3    28.4   1.8   0.83   5.05 4872.9     0.00   0.00    0.0  0.005  0.005  0.005  0.005  0.004  0.004
04:37:38 863.41   16.0   38.1   1379    3.5    201    7.3    28.4   1.7   0.83   5.03 4873.9     0.00   0.00    0.0  0.005  0.005  0.005  0.005  0.004  0.004
04:37:39 863.60   16.0   38.0   1377    3.5    200    7.3    28.4   1.7   0.83   5.03 4874.9     0.00   0.00    0.0  0.005  0.005  0.005  0.005  0.004  0.004
04:37:40 863.49   16.0   38.0   1378    3.5    200    7.3    28.4   1.7   0.83   5.03 4875.9     0.00   0.00    0.0  0.005  0.005  0.005  0.005  0.004  0.004
04:37:41 863.42   16.0   37.7   1379    3.5    199    7.3    28.4   1.7   0.83   5.00 4876.9     0.00   0.00    0.0  0.005  0.005  0.005  0.005  0.004  0.004
04:37:43 863.56   16.1   37.5   1377    3.5    197    7.3    28.5   1.6   0.83   4.98 4878.9     0.00   0.00    0.0  0.005  0.005  0.005  0.005  0.004  0.004
04:37:45 863.33   16.1   37.4   1380    3.6    198    7.3    28.5   1.6   0.83   4.97 4880.9     0.00   0.00    0.0  0.005  0.005  0.005  0.005  0.004  0.005
04:37:46 863.24   16.1   37.4   1381    3.6    198    7.3    28.5   1.6   0.83   4.97 4881.9     0.00   0.00    0.0  0.005  0.005  0.005  0.005  0.004  0.005
04:37:47 863.23   16.1   37.4   1381    3.6    197    7.3    28.5   1.6   0.83   4.97 4882.9     0.00   0.00    0.0  0.005  0.005  0.005  0.005  0.004  0.005
04:37:49 863.29   16.1   37.3   1380    3.5    197    7.3    28.5   1.6   0.83   4.98 4884.9     0.00   0.00    0.0  0.005  0.005  0.005  0.005  0.004  0.005
04:37:51 863.16   16.1   37.3   1381    3.5    197    7.3    28.6   1.6   0.83   4.98 4886.9     0.00   0.00    0.0  0.005  0.005  0.005  0.005  0.004  0.005
04:37:53 863.22   16.1   37.3   1381    3.5    198    7.3    28.5   1.5   0.83   4.96 4888.9     0.00   0.00    0.0  0.005  0.005  0.005  0.005  0.004  0.005
04:37:54 862.85   16.1   37.2   1384    3.5    198    7.3    28.6   1.6   0.83   4.97 4889.9     0.00   0.00    0.0  0.005  0.005  0.005  0.005  0.004  0.005
04:37:55 863.10   16.2   37.2   1382    3.5    198    7.3    28.6   1.6   0.83   4.97 4890.9     0.00   0.00    0.0  0.005  0.005  0.005  0.005  0.004  0.005
04:37:56 862.90   16.1   37.2   1384    3.5    197    7.3    28.6   1.6   0.83   4.97 4891.9     0.00   0.00    0.0  0.005  0.005  0.005  0.005  0.004  0.005
04:37:58 862.92   16.2   37.2   1384    3.5    198    7.3    28.6   1.6   0.83   4.97 4893.9     0.00   0.00    0.0  0.005  0.005  0.005  0.005  0.004  0.005
04:37:59 862.73   16.1   37.2   1386    3.4    198    7.3    28.6   1.5   0.83   4.96 4894.9     0.00   0.00    0.0  0.005  0.005  0.005  0.005  0.004  0.005
04:38:00 862.92   16.1   37.1   1384    3.4    198    7.3    28.6   1.5   0.83   4.95 4895.9     0.00   0.00    0.0  0.005  0.005  0.005  0.005  0.004  0.005
04:38:01 862.82   16.1   37.1   1385    3.5    198    7.3    28.6   1.5   0.83   4.95 4896.9     0.00   0.00    0.0  0.005  0.005  0.005  0.005  0.004  0.005
04:38:02 862.78   16.1   37.1   1385    3.5    198    7.3    28.6   1.5   0.83   4.95 4897.9     0.00   0.00    0.0  0.005  0.005  0.005  0.005  0.004  0.005
04:38:03 862.93   16.1   37.1   1384    3.5    199    7.3    28.6   1.5   0.83   4.95 4898.9     0.00   0.00    0.0  0.005  0.005  0.005  0.005  0.004  0.005
04:38:05 862.67   16.1   37.2   1386    3.5    199    7.3    28.6   1.5   0.83   4.96 4900.9     0.00   0.00    0.0  0.005  0.005  0.005  0.005  0.004  0.005
04:38:07 862.42   16.1   37.1   1389    3.5    200    7.3    28.6   1.5   0.83   4.94 4902.9     0.00   0.00    0.0  0.005  0.005  0.005  0.005  0.004  0.005
04:38:08 862.68   16.1   37.1   1386    3.5    199    7.3    28.6   1.5   0.83   4.95 4903.9     0.00   0.00    0.0  0.005  0.005  0.005  0.005  0.004  0.005
04:38:09 862.66   16.1   37.1   1386    3.5    199    7.3    28.6   1.5   0.83   4.94 4904.9     0.00   0.00    0.0  0.005  0.005  0.005  0.005  0.004  0.005
04:38:10 862.61   16.1   37.1   1387    3.5    199    7.3    28.6   1.5   0.83   4.95 4905.9     0.00   0.00    0.0  0.005  0.005  0.005  0.005  0.004  0.005
04:38:11 862.52   16.1   37.0   1388    3.5    199    7.3    28.6   1.5   0.83   4.94 4906.9     0.00   0.00    0.0  0.005  0.005  0.005  0.005  0.004  0.005
04:38:12 862.37   16.1   37.0   1389    3.5    199    7.3    28.6   1.4   0.83   4.93 4907.9     0.00   0.00    0.0  0.005  0.005  0.005  0.005  0.004  0.005
04:38:13 862.18   16.1   37.0   1391    3.5    199    7.3    28.6   1.5   0.83   4.94 4908.9     0.00   0.00    0.0  0.005  0.005  0.005  0.005  0.004  0.005
04:38:14 862.12   16.1   37.0   1392    3.5    199    7.3    28.7   1.5   0.83   4.94 4909.9     0.00   0.00    0.0  0.005  0.005  0.005  0.005  0.004  0.005
04:38:15 862.00   16.1   37.0   1393    3.5    200    7.3    28.6   1.4   0.83   4.93 4910.9     0.00   0.00    0.0  0.005  0.005  0.005  0.005  0.004  0.005
04:38:16 862.38   16.1   36.9   1389    3.5    199    7.3    28.6   1.4   0.83   4.92 4911.9     0.00   0.00    0.0  0.005  0.005  0.005  0.005  0.004  0.005
04:38:17 862.15   16.1   37.0   1391    3.5    200    7.3    28.7   1.5   0.83   4.94 4912.9     0.00   0.00    0.0  0.005  0.005  0.005  0.005  0.004  0.005
04:38:18 862.37   16.1   36.9   1389    3.5    199    7.3    28.6   1.4   0.83   4.91 4913.9     0.00   0.00    0.0  0.005  0.005  0.005  0.005  0.004  0.005
04:38:19 862.08   16.1   36.9   1392    3.5    201    7.3    28.6   1.4   0.83   4.92 4914.9     0.00   0.00    0.0  0.005  0.005  0.005  0.005  0.004  0.005
04:38:20 861.98   16.1   37.0   1393    3.5    200    7.3    28.6   1.4   0.83   4.93 4915.9     0.00   0.00    0.0  0.005  0.005  0.005  0.005  0.004  0.005
04:38:21 861.90   16.1   36.9   1394    3.5    199    7.3    28.6   1.4   0.83   4.91 4916.9     0.00   0.00    0.0  0.005  0.005  0.005  0.005  0.004  0.005
04:38:23 861.95   16.1   37.1   1393    3.5    196    7.3    28.6   1.5   0.83   4.94 4918.9     0.00   0.00    0.0  0.005  0.005  0.005  0.005  0.005  0.005
04:38:25 861.77   16.1   37.0   1395    3.5    196    7.3    28.6   1.4   0.83   4.93 4920.9     0.00   0.00    0.0  0.005  0.005  0.005  0.005  0.004  0.005
04:38:26 861.81   16.1   36.9   1395    3.5    196    7.3    28.6   1.4   0.83   4.91 4921.9     0.00   0.00    0.0  0.005  0.006  0.005  0.005  0.004  0.005
04:38:27 861.61   16.1   36.8   1397    3.4    197    7.3    28.7   1.3   0.83   4.90 4922.9     0.00   0.00    0.0  0.005  0.005  0.005  0.005  0.004  0.005
04:38:28 861.57   16.1   36.8   1397    3.5    195    7.3    28.7   1.4   0.83   4.91 4923.9     0.00   0.00    0.0  0.005  0.006  0.005  0.005  0.004  0.005
04:38:29 861.96   16.1   36.8   1393    3.5    196    7.3    28.7   1.4   0.83   4.91 4924.9     0.00   0.00    0.0  0.005  0.005  0.005  0.005  0.005  0.005
04:38:30 861.64   16.1   37.1   1396    3.4    198    7.3    28.6   1.4   0.83   4.93 4925.9     0.00   0.00    0.0  0.005  0.005  0.005  0.005  0.004  0.005
04:38:31 861.56   16.1   37.2   1397    3.4    196    7.3    28.7   1.5   0.83   4.95 4926.9     0.00   0.00    0.0  0.005  0.006  0.005  0.005  0.004  0.005
04:38:33 861.66   16.1   37.2   1396    3.3    195    7.3    28.7   1.5   0.83   4.95 4928.9     0.00   0.00    0.0  0.005  0.006  0.005  0.005  0.004  0.005
04:38:34 861.57   16.1   36.9   1397    3.3    197    7.3    28.7   1.4   0.83   4.92 4929.9     0.00   0.00    0.0  0.005  0.005  0.005  0.005  0.004  0.005
04:38:35 861.41   16.1   37.1   1399    3.3    198    7.3    28.7   1.5   0.83   4.95 4930.9     0.00   0.00    0.0  0.005  0.005  0.005  0.005  0.004  0.005
04:38:36 861.42   16.1   37.0   1399    3.3    196    7.3    28.7   1.4   0.83   4.93 4931.9     0.00   0.00    0.0  0.005  0.005  0.005  0.005  0.004  0.005
04:38:37 861.55   16.1   37.1   1397    3.3    194    7.3    28.7   1.5   0.83   4.95 4932.9     0.00   0.00    0.0  0.005  0.005  0.005  0.005  0.004  0.005
04:38:38 861.28   16.1   37.2   1400    3.2    195    7.3    28.7   1.5   0.83   4.97 4933.9     0.00   0.00    0.0  0.005  0.005  0.005  0.005  0.005  0.005
04:38:39 861.20   16.1   37.2   1401    3.3    195    7.3    28.7   1.5   0.83   4.96 4934.9     0.00   0.00    0.0  0.005  0.006  0.005  0.005  0.004  0.005
04:38:40 861.13   16.1   37.2   1401    3.2    194    7.3    28.7   1.5   0.83   4.96 4935.8     0.00   0.00    0.0  0.005  0.006  0.005  0.005  0.004  0.005
04:38:41 861.22   16.1   37.2   1401    3.2    194    7.3    28.7   1.5   0.83   4.96 4936.8     0.00   0.00    0.0  0.005  0.006  0.005  0.005  0.004  0.005
04:38:43 861.21   16.1   36.9   1401    3.2    196    7.3    28.7   1.4   0.83   4.92 4938.8     0.00   0.00    0.0  0.005  0.006  0.005  0.005  0.005  0.005
04:38:45 861.00   16.1   36.9   1403    3.3    199    7.3    28.8   1.4   0.83   4.92 4940.8     0.00   0.00    0.0  0.005  0.006  0.005  0.005  0.005  0.005
04:38:46 861.34   16.1   36.9   1399    3.3    199    7.3    28.7   1.4   0.83   4.91 4941.8     0.00   0.00    0.0  0.005  0.006  0.005  0.005  0.005  0.005
04:38:47 861.14   16.2   36.6   1401    3.3    196    7.3    28.8   1.3   0.83   4.90 4942.8     0.00   0.00    0.0  0.005  0.006  0.005  0.005  0.005  0.005
04:38:48 861.03   16.2   36.6   1402    3.2    195    7.3    28.8   1.4   0.83   4.91 4943.8     0.00   0.00    0.0  0.005  0.006  0.005  0.005  0.005  0.005
04:38:49 861.05   16.2   36.5   1402    3.3    195    7.3    28.8   1.3   0.83   4.88 4944.8     0.00   0.00    0.0  0.005  0.006  0.005  0.005  0.004  0.005
04:38:50 861.13   16.2   36.5   1401    3.3    196    7.3    28.8   1.3   0.83   4.90 4945.8     0.00   0.00    0.0  0.005  0.006  0.005  0.005  0.005  0.005
04:38:51 860.93   16.2   36.4   1403    3.3    195    7.3    28.8   1.3   0.83   4.89 4946.8     0.00   0.00    0.0  0.005  0.006  0.005  0.005  0.005  0.005
04:38:52 860.98   16.2   36.4   1403    3.2    195    7.3    28.9   1.3   0.83   4.90 4947.8     0.00   0.00    0.0  0.005  0.006  0.005  0.005  0.005  0.005
04:38:55 860.59   16.2   36.4   1407    3.3    197    7.3    28.9   1.3   0.83   4.90 4950.8     0.00   0.00    0.0  0.005  0.006  0.005  0.005  0.005  0.005
04:38:58 860.60   16.1   36.6   1407    3.3    197    7.3    28.8   1.3   0.83   4.88 4953.8     0.00   0.00    0.0  0.005  0.006  0.005  0.005  0.005  0.005
04:38:59 860.69   16.1   36.6   1406    3.3    197    7.3    28.8   1.3   0.83   4.89 4954.8     0.00   0.00    0.0  0.005  0.006  0.005  0.005  0.004  0.005
04:39:00 860.64   16.1   36.6   1406    3.5    198    7.3    28.7   1.2   0.83   4.87 4955.8     0.00   0.00    0.0  0.005  0.006  0.005  0.005  0.005  0.005
04:39:01 860.39   16.1   36.6   1409    3.5    199    7.3    28.8   1.3   0.83   4.87 4956.8     0.00   0.00    0.0  0.005  0.006  0.005  0.005  0.005  0.005
04:39:02 860.20   16.1   36.6   1411    3.5    199    7.3    28.8   1.3   0.83   4.89 4957.8     0.00   0.00    0.0  0.005  0.006  0.005  0.005  0.005  0.005
04:39:04 860.35   16.1   36.5   1409    3.3    198    7.3    28.8   1.2   0.83   4.87 4959.8     0.00   0.00    0.0  0.005  0.006  0.005  0.005  0.005  0.005
04:39:05 860.35   16.1   36.6   1409    3.3    198    7.3    28.8   1.3   0.83   4.89 4960.8     0.00   0.00    0.0  0.005  0.006  0.005  0.005  0.005  0.005
04:39:06 860.18   16.1   36.5   1411    3.3    199    7.3    28.8   1.2   0.83   4.87 4961.8     0.00   0.00    0.0  0.005  0.006  0.005  0.005  0.005  0.005
04:39:07 860.03   16.1   36.6   1412    3.2    198    7.3    28.8   1.3   0.83   4.89 4962.8     0.00   0.00    0.0  0.005  0.006  0.005  0.005  0.005  0.005
04:39:10 859.99   16.2   36.3   1413    3.2    194    7.3    28.9   1.2   0.83   4.86 4965.8     0.00   0.00    0.0  0.005  0.006  0.005  0.005  0.005  0.005
04:39:11 860.18   16.2   36.2   1411    3.2    193    7.3    28.9   1.2   0.83   4.86 4966.8     0.00   0.00    0.0  0.005  0.006  0.005  0.005  0.005  0.005
04:39:12 859.98   16.2   36.2   1413    3.2    193    7.3    28.9   1.2   0.83   4.85 4967.8     0.00   0.00    0.0  0.005  0.006  0.005  0.005  0.005  0.005
04:39:13 859.82   16.2   36.2   1414    3.2    193    7.3    28.9   1.2   0.83   4.86 4968.8     0.00   0.00    0.0  0.005  0.006  0.005  0.005  0.005  0.005
04:39:14 859.81   16.2   36.1   1415    3.2    193    7.3    28.9   1.2   0.83   4.85 4969.8     0.00   0.00    0.0  0.005  0.006  0.005  0.005  0.005  0.005
04:39:15 860.01   16.2   36.1   1413    3.2    194    7.3    29.0   1.2   0.83   4.85 4970.8     0.00   0.00    0.0  0.005  0.006  0.005  0.005  0.005  0.005
04:39:16 859.91   16.2   36.0   1414    3.2    195    7.3    29.0   1.2   0.83   4.85 4971.8     0.00   0.00    0.0  0.005  0.006  0.005  0.005  0.005  0.005
04:39:17 859.66   16.2   36.1   1416    3.2    195    7.3    28.9   1.1   0.83   4.84 4972.8     0.00   0.00    0.0  0.005  0.006  0.005  0.005  0.005  0.005
04:39:18 859.82   16.2   36.1   1414    3.2    195    7.3    28.9   1.1   0.83   4.84 4973.8     0.00   0.00    0.0  0.005  0.006  0.005  0.005  0.005  0.005
04:39:19 859.71   16.2   36.1   1415    3.2    196    7.3    28.9   1.2   0.83   4.84 4974.8     0.00   0.00    0.0  0.005  0.006  0.005  0.005  0.005  0.005
04:39:20 859.64   16.1   36.1   1416    3.2    197    7.3    28.9   1.1   0.83   4.84 4975.8     0.00   0.00    0.0  0.005  0.006  0.005  0.005  0.005  0.005
04:39:21 859.58   16.2   36.0   1417    3.2    198    7.3    29.0   1.1   0.83   4.84 4976.8     0.00   0.00    0.0  0.005  0.006  0.005  0.005  0.005  0.005
04:39:22 859.74   16.1   36.1   1415    3.2    198    7.3    28.9   1.1   0.83   4.83 4977.8     0.00   0.00    0.0  0.005  0.006  0.005  0.005  0.005  0.005
04:39:25 859.50   16.2   36.1   1418    3.2    198    7.3    28.9   1.1   0.83   4.84 4980.8     0.00   0.00    0.0  0.005  0.006  0.005  0.005  0.005  0.005
04:39:26 859.34   16.2   36.1   1419    3.2    197    7.3    29.0   1.2   0.83   4.85 4981.8     0.00   0.00    0.0  0.005  0.006  0.005  0.005  0.005  0.005
04:39:27 859.47   16.2   36.1   1418    3.2    197    7.3    29.0   1.1   0.83   4.84 4982.8     0.00   0.00    0.0  0.005  0.006  0.005  0.005  0.005  0.005
04:39:28 859.51   16.2   36.0   1417    3.2    194    7.3    29.0   1.1   0.83   4.84 4983.8     0.00   0.00    0.0  0.005  0.006  0.005  0.005  0.005  0.005
04:39:30 859.30   16.1   36.1   1420    3.2    194    7.3    28.9   1.1   0.83   4.83 4985.8     0.00   0.00    0.0  0.005  0.006  0.005  0.005  0.005  0.005
04:39:32 859.23   16.1   36.1   1420    3.2    194    7.3    28.9   1.1   0.83   4.82 4987.8     0.00   0.00    0.0  0.005  0.006  0.005  0.005  0.005  0.005
04:39:33 859.29   16.2   36.0   1420    3.2    194    7.3    29.0   1.1   0.83   4.84 4988.8     0.00   0.00    0.0  0.005  0.006  0.005  0.005  0.005  0.005
04:39:34 859.03   16.1   36.1   1422    3.2    194    7.3    29.0   1.1   0.83   4.83 4989.8     0.00   0.00    0.0  0.005  0.006  0.005  0.005  0.005  0.005
04:39:35 859.17   16.1   36.1   1421    3.1    195    7.3    29.0   1.1   0.83   4.84 4990.8     0.00   0.00    0.0  0.005  0.006  0.005  0.005  0.005  0.005
04:39:36 859.11   16.1   36.0   1421    3.2    196    7.3    28.9   1.1   0.83   4.82 4991.8     0.00   0.00    0.0  0.005  0.006  0.005  0.005  0.005  0.005
04:39:37 859.05   16.1   36.1   1422    3.1    195    7.3    29.0   1.1   0.83   4.83 4992.8     0.00   0.00    0.0  0.005  0.006  0.006  0.005  0.005  0.005
04:39:38 859.11   16.1   36.1   1421    3.1    195    7.3    28.9   1.1   0.83   4.82 4993.8     0.00   0.00    0.0  0.005  0.006  0.006  0.005  0.005  0.005
04:39:40 858.98   16.1   36.1   1423    3.1    194    7.3    28.9   1.1   0.83   4.82 4995.8     0.00   0.00    0.0  0.005  0.006  0.005  0.005  0.005  0.005
04:39:41 858.96   16.1   36.2   1423    3.1    195    7.3    28.9   1.1   0.83   4.83 4996.8     0.00   0.00    0.0  0.005  0.006  0.005  0.005  0.005  0.005
04:39:42 858.97   16.1   36.1   1423    3.1    195    7.3    28.9   1.1   0.83   4.82 4997.8     0.00   0.00    0.0  0.005  0.006  0.005  0.005  0.005  0.005
04:39:43 859.01   16.1   36.1   1422    3.1    194    7.3    29.0   1.1   0.83   4.84 4998.8     0.00   0.00    0.0  0.005  0.006  0.005  0.005  0.005  0.005
04:39:44 858.91   16.1   36.1   1423    3.1    193    7.3    28.9   1.1   0.83   4.83 4999.8     0.00   0.00    0.0  0.005  0.006  0.005  0.005  0.005  0.005
04:39:47 858.72   16.0   36.2   1425    3.1    195    7.3    28.9   1.1   0.83   4.81 5002.8     0.00   0.00    0.0  0.005  0.006  0.006  0.005  0.005  0.005
04:39:48 858.73   16.1   36.1   1425    3.0    195    7.3    28.9   1.1   0.83   4.81 5003.8     0.00   0.00    0.0  0.005  0.006  0.006  0.005  0.005  0.005
04:39:49 858.51   16.0   36.1   1427    3.0    195    7.3    28.9   1.1   0.83   4.82 5004.8     0.00   0.00    0.0  0.005  0.006  0.005  0.005  0.005  0.005
04:39:50 858.51   16.1   36.1   1427    3.1    195    7.3    29.0   1.1   0.83   4.83 5005.8     0.00   0.00    0.0  0.005  0.006  0.006  0.005  0.005  0.005
04:39:52 858.52   16.0   36.1   1427    3.0    195    7.3    28.9   1.1   0.83   4.82 5007.8     0.00   0.00    0.0  0.005  0.006  0.006  0.005  0.005  0.005
04:39:53 858.76   16.1   36.1   1425    3.0    195    7.3    28.9   1.1   0.83   4.82 5008.8     0.00   0.00    0.0  0.005  0.006  0.005  0.005  0.005  0.005
04:39:55 858.32   16.1   36.2   1429    3.0    195    7.3    29.0   1.1   0.83   4.82 5010.8     0.00   0.00    0.0  0.005  0.006  0.006  0.005  0.005  0.005
04:39:56 858.29   16.0   36.1   1429    3.0    195    7.3    28.9   1.0   0.83   4.81 5011.8     0.00   0.00    0.0  0.005  0.006  0.006  0.005  0.005  0.005
04:39:57 858.20   16.0   36.2   1430    3.0    196    7.3    28.9   1.1   0.83   4.82 5012.8     0.00   0.00    0.0  0.005  0.006  0.006  0.005  0.005  0.005
04:39:58 858.25   16.1   36.1   1430    3.0    196    7.3    29.0   1.1   0.83   4.82 5013.8     0.00   0.00    0.0  0.005  0.006  0.006  0.005  0.005  0.005
04:39:59 858.44   16.0   36.1   1428    3.1    195    7.3    28.9   1.0   0.83   4.80 5014.8     0.00   0.00    0.0  0.005  0.006  0.005  0.005  0.005  0.005
04:40:00 858.09   16.0   36.1   1431    3.1    195    7.3    29.0   1.0   0.83   4.81 5015.8     0.00   0.00    0.0  0.005  0.006  0.006  0.005  0.005  0.005
04:40:02 858.31   16.0   36.1   1429    3.1    194    7.3    28.9   1.0   0.83   4.81 5017.8     0.00   0.00    0.0  0.005  0.006  0.006  0.005  0.005  0.005
04:40:03 858.02   16.0   36.1   1432    3.1    194    7.3    28.9   1.0   0.83   4.80 5018.8     0.00   0.00    0.0  0.005  0.006  0.006  0.005  0.005  0.005
04:40:04 857.96   16.0   36.0   1433    3.1    195    7.3    29.0   1.0   0.83   4.80 5019.8     0.00   0.00    0.0  0.005  0.006  0.006  0.005  0.005  0.005
04:40:05 858.02   16.0   36.1   1432    3.1    193    7.3    29.0   1.0   0.83   4.81 5020.8     0.00   0.00    0.0  0.005  0.006  0.006  0.005  0.005  0.005
04:40:07 857.94   16.1   36.0   1433    3.0    193    7.3    29.0   1.0   0.83   4.81 5022.8     0.00   0.00    0.0  0.005  0.006  0.006  0.005  0.005  0.005
04:40:08 858.13   16.0   36.0   1431    3.1    193    7.3    28.9   1.0   0.83   4.80 5023.8     0.00   0.00    0.0  0.005  0.006  0.006  0.005  0.005  0.005
04:40:09 857.89   16.0   36.0   1433    3.1    193    7.3    29.0   1.0   0.83   4.80 5024.8     0.00   0.00    0.0  0.005  0.006  0.006  0.005  0.005  0.005
04:40:10 857.99   16.0   36.0   1432    3.1    192    7.3    29.0   1.0   0.83   4.80 5025.8     0.00   0.00    0.0  0.005  0.006  0.005  0.005  0.005  0.005
04:40:11 857.82   16.1   35.9   1434    3.1    193    7.3    29.0   1.0   0.83   4.80 5026.8     0.00   0.00    0.0  0.005  0.006  0.006  0.005  0.005  0.005
04:40:12 857.59   16.0   36.0   1436    3.1    193    7.3    29.0   1.0   0.83   4.79 5027.8     0.00   0.00    0.0  0.005  0.006  0.006  0.005  0.005  0.005
04:40:13 857.85   16.0   35.9   1434    3.1    193    7.3    28.9   0.9   0.83   4.77 5028.8     0.00   0.00    0.0  0.005  0.006  0.005  0.006  0.005  0.005
04:40:14 857.74   16.0   35.9   1435    3.1    194    7.3    29.0   0.9   0.83   4.78 5029.8     0.00   0.00    0.0  0.005  0.006  0.006  0.005  0.005  0.005
04:40:16 857.34   16.0   36.0   1439    3.1    195    7.3    29.0   1.0   0.83   4.79 5031.8     0.00   0.00    0.0  0.005  0.006  0.006  0.005  0.005  0.005
04:40:17 857.50   16.0   35.9   1437    3.0    195    7.3    29.0   1.0   0.83   4.79 5032.8     0.00   0.00    0.0  0.005  0.006  0.006  0.005  0.005  0.005
04:40:18 857.46   16.0   35.9   1438    3.1    194    7.3    29.0   1.0   0.83   4.79 5033.8     0.00   0.00    0.0  0.005  0.006  0.006  0.005  0.005  0.005
04:40:20 857.79   16.0   35.9   1434    3.1    193    7.3    29.0   1.0   0.83   4.79 5035.8     0.00   0.00    0.0  0.005  0.006  0.006  0.005  0.005  0.005
04:40:21 857.41   16.0   35.9   1438    3.1    193    7.3    29.0   0.9   0.83   4.78 5036.8     0.00   0.00    0.0  0.005  0.006  0.006  0.005  0.005  0.005
04:40:23 857.34   16.0   35.9   1439    3.1    193    7.3    29.0   0.9   0.83   4.78 5038.8     0.00   0.00    0.0  0.005  0.006  0.006  0.005  0.005  0.005
04:40:24 857.31   16.0   35.9   1439    3.1    193    7.3    29.0   0.9   0.83   4.77 5039.7     0.00   0.00    0.0  0.005  0.006  0.006  0.005  0.005  0.005
04:40:25 857.01   16.0   35.8   1442    3.1    192    7.3    29.0   0.9   0.83   4.77 5040.7     0.00   0.00    0.0  0.005  0.006  0.006  0.005  0.005  0.005
04:40:27 857.17   16.0   35.8   1441    3.1    192    7.3    29.0   0.9   0.83   4.76 5042.7     0.00   0.00    0.0  0.005  0.006  0.006  0.005  0.005  0.005
04:40:28 856.81   16.0   35.9   1444    3.1    192    7.3    29.0   0.9   0.83   4.77 5043.7     0.00   0.00    0.0  0.005  0.006  0.006  0.005  0.005  0.005
04:40:29 856.87   16.0   35.9   1444    3.1    192    7.3    29.0   0.9   0.83   4.77 5044.7     0.00   0.00    0.0  0.005  0.006  0.006  0.005  0.005  0.005
04:40:30 856.98   15.9   35.9   1442    3.2    192    7.3    29.0   0.9   0.83   4.76 5045.7     0.00   0.00    0.0  0.005  0.006  0.006  0.005  0.005  0.005
04:40:31 857.01   16.0   35.8   1442    3.2    193    7.3    29.0   0.9   0.83   4.76 5046.7     0.00   0.00    0.0  0.005  0.006  0.006  0.005  0.005  0.005
04:40:34 856.85   15.9   35.8   1444    3.2    193    7.3    29.0   0.8   0.83   4.75 5049.7     0.00   0.00    0.0  0.005  0.006  0.006  0.005  0.005  0.005
04:40:35 856.71   16.0   35.9   1445    3.1    193    7.3    29.0   0.9   0.83   4.76 5050.7     0.00   0.00    0.0  0.005  0.006  0.006  0.005  0.005  0.005
04:40:36 856.51   15.9   35.9   1447    3.1    192    7.3    29.0   0.8   0.83   4.75 5051.7     0.00   0.00    0.0  0.005  0.006  0.006  0.005  0.005  0.005
04:40:37 856.59   15.9   35.8   1446    3.1    192    7.3    29.0   0.8   0.83   4.74 5052.7     0.00   0.00    0.0  0.005  0.006  0.006  0.005  0.005  0.005
04:40:39 856.30   15.9   35.8   1449    3.1    193    7.3    29.0   0.8   0.83   4.75 5054.7     0.00   0.00    0.0  0.005  0.006  0.006  0.005  0.005  0.005
04:40:40 856.34   15.9   35.8   1449    3.0    193    7.3    29.0   0.8   0.83   4.75 5055.7     0.00   0.00    0.0  0.005  0.006  0.006  0.005  0.005  0.005
04:40:41 856.89   15.9   35.8   1443    3.0    193    7.3    29.0   0.8   0.83   4.74 5056.7     0.00   0.00    0.0  0.005  0.006  0.006  0.005  0.005  0.005
04:40:42 856.25   15.9   35.8   1450    3.0    192    7.3    29.0   0.8   0.83   4.75 5057.7     0.00   0.00    0.0  0.005  0.006  0.006  0.005  0.005  0.005
04:40:43 856.42   15.9   35.8   1448    3.0    192    7.3    29.0   0.8   0.83   4.74 5058.7     0.00   0.00    0.0  0.005  0.006  0.006  0.005  0.005  0.005
04:40:44 856.34   15.9   35.8   1449    3.1    191    7.3    29.0   0.8   0.83   4.75 5059.7     0.00   0.00    0.0  0.005  0.006  0.006  0.005  0.005  0.005
04:40:45 856.16   15.9   35.8   1451    3.0    191    7.3    29.0   0.8   0.83   4.75 5060.7     0.00   0.00    0.0  0.005  0.006  0.006  0.005  0.005  0.005
04:40:47 856.16   15.9   35.8   1451    3.0    191    7.3    29.0   0.8   0.83   4.74 5062.7     0.00   0.00    0.0  0.005  0.006  0.006  0.006  0.005  0.005
04:40:49 856.11   15.9   35.8   1451    2.9    192    7.3    29.0   0.8   0.83   4.74 5064.7     0.00   0.00    0.0  0.005  0.006  0.006  0.005  0.005  0.005
04:40:50 856.02   15.9   35.8   1452    3.0    193    7.3    29.0   0.8   0.83   4.73 5065.7     0.00   0.00    0.0  0.005  0.006  0.006  0.005  0.005  0.005
04:40:51 855.94   15.9   35.7   1453    2.9    194    7.3    29.1   0.8   0.83   4.74 5066.7     0.00   0.00    0.0  0.005  0.006  0.006  0.005  0.005  0.005
04:40:53 856.00   15.9   35.6   1452    3.0    195    7.3    29.1   0.7   0.83   4.72 5068.7     0.00   0.00    0.0  0.005  0.006  0.006  0.006  0.005  0.005
04:40:54 855.79   15.9   35.6   1454    3.0    194    7.3    29.0   0.7   0.82   4.71 5069.7     0.00   0.00    0.0  0.006  0.006  0.006  0.006  0.005  0.005
04:40:55 855.78   15.9   35.6   1454    3.0    193    7.3    29.0   0.7   0.82   4.70 5070.7     0.00   0.00    0.0  0.005  0.006  0.006  0.006  0.005  0.005
04:40:57 855.78   15.9   35.6   1454    3.0    193    7.3    29.0   0.7   0.83   4.72 5072.7     0.00   0.00    0.0  0.005  0.006  0.006  0.006  0.005  0.005
04:40:58 855.58   15.9   35.7   1456    3.0    194    7.3    29.0   0.7   0.83   4.72 5073.7     0.00   0.00    0.0  0.006  0.006  0.006  0.005  0.005  0.005
04:40:59 855.81   15.9   35.6   1454    3.0    194    7.3    29.1   0.7   0.83   4.72 5074.7     0.00   0.00    0.0  0.005  0.006  0.006  0.005  0.005  0.005
04:41:01 855.49   15.9   35.6   1457    3.0    193    7.3    29.1   0.7   0.82   4.71 5076.7     0.00   0.00    0.0  0.005  0.006  0.006  0.006  0.005  0.005
04:41:02 855.38   15.8   35.7   1458    3.1    193    7.3    29.0   0.7   0.82   4.71 5077.7     0.00   0.00    0.0  0.006  0.006  0.006  0.006  0.005  0.005
04:41:03 855.32   15.9   35.8   1459    3.1    192    7.3    29.1   0.8   0.83   4.73 5078.7     0.00   0.00    0.0  0.005  0.006  0.006  0.006  0.005  0.005
04:41:04 855.36   15.8   35.8   1459    3.1    192    7.3    29.0   0.7   0.83   4.72 5079.7     0.00   0.00    0.0  0.005  0.006  0.006  0.006  0.005  0.005
04:41:05 855.44   15.9   35.7   1458    3.1    193    7.3    29.1   0.8   0.83   4.73 5080.7     0.00   0.00    0.0  0.005  0.006  0.006  0.006  0.005  0.005
04:41:06 855.37   15.8   35.7   1458    3.1    193    7.3    29.0   0.7   0.83   4.72 5081.7     0.00   0.00    0.0  0.006  0.006  0.006  0.006  0.005  0.005
04:41:07 855.39   15.9   35.7   1458    3.1    195    7.3    29.1   0.8   0.83   4.74 5082.7     0.00   0.00    0.0  0.006  0.006  0.006  0.006  0.005  0.005
04:41:12 854.83   15.9   35.5   1464    3.2    197    7.3    29.1   0.7   0.82   4.70 5087.7     0.00   0.00    0.0  0.005  0.006  0.006  0.006  0.005  0.005
04:41:14 854.84   15.9   35.5   1464    3.3    198    7.3    29.1   0.6   0.82   4.69 5089.7     0.00   0.00    0.0  0.005  0.006  0.006  0.006  0.005  0.005
04:41:15 854.99   15.9   35.5   1462    3.4    197    7.3    29.1   0.7   0.82   4.70 5090.7     0.00   0.00    0.0  0.005  0.006  0.006  0.006  0.005  0.005
04:41:16 854.86   15.9   35.5   1463    3.4    193    7.3    29.1   0.6   0.82   4.69 5091.7     0.00   0.00    0.0  0.006  0.006  0.006  0.006  0.005  0.005
04:41:17 854.77   15.8   35.5   1464    3.3    190    7.3    29.1   0.6   0.82   4.69 5092.7     0.00   0.00    0.0  0.006  0.006  0.006  0.006  0.005  0.005
04:41:19 854.84   15.9   35.5   1464    3.3    190    7.3    29.1   0.7   0.82   4.70 5094.7     0.00   0.00    0.0  0.005  0.006  0.006  0.006  0.005  0.005
04:41:20 854.75   15.9   35.5   1465    3.3    192    7.3    29.1   0.7   0.82   4.70 5095.7     0.00   0.00    0.0  0.006  0.006  0.006  0.006  0.005  0.005
04:41:21 854.56   15.8   35.5   1466    3.2    194    7.3    29.1   0.6   0.82   4.68 5096.7     0.00   0.00    0.0  0.006  0.006  0.006  0.006  0.005  0.005
04:41:23 854.41   15.8   35.4   1468    3.2    194    7.3    29.1   0.6   0.82   4.67 5098.7     0.00   0.00    0.0  0.006  0.006  0.006  0.006  0.005  0.005
04:41:24 854.54   15.8   35.4   1467    3.2    195    7.3    29.1   0.6   0.82   4.67 5099.7     0.00   0.00    0.0  0.005  0.006  0.006  0.006  0.005  0.005
04:41:25 854.68   15.8   35.4   1465    3.2    194    7.3    29.1   0.6   0.82   4.67 5100.7     0.00   0.00    0.0  0.006  0.006  0.006  0.006  0.005  0.005
04:41:27 854.64   15.8   35.4   1466    3.2    197    7.3    29.1   0.6   0.82   4.67 5102.7     0.00   0.00    0.0  0.005  0.006  0.006  0.006  0.005  0.005
04:41:28 854.38   15.8   35.4   1468    3.2    195    7.3    29.1   0.6   0.82   4.67 5103.7     0.00   0.00    0.0  0.005  0.006  0.006  0.006  0.005  0.005
04:41:30 854.37   15.8   35.5   1468    3.2    195    7.3    29.1   0.6   0.82   4.68 5105.7     0.00   0.00    0.0  0.006  0.006  0.006  0.006  0.005  0.005
04:41:31 854.29   15.8   35.5   1469    3.2    196    7.3    29.1   0.6   0.82   4.68 5106.7     0.00   0.00    0.0  0.005  0.006  0.006  0.006  0.005  0.005
04:41:33 854.21   15.8   35.5   1470    3.2    195    7.3    29.1   0.6   0.82   4.68 5108.7     0.00   0.00    0.0  0.006  0.006  0.006  0.006  0.005  0.005
04:41:34 854.17   15.8   35.5   1470    3.3    196    7.3    29.1   0.6   0.82   4.68 5109.7     0.00   0.00    0.0  0.006  0.006  0.006  0.006  0.005  0.005
04:41:37 853.85   15.8   35.6   1473    3.2    195    7.3    29.1   0.6   0.82   4.68 5112.7     0.00   0.00    0.0  0.005  0.006  0.006  0.006  0.005  0.005
04:41:38 853.76   15.7   35.6   1474    3.2    192    7.3    29.1   0.6   0.82   4.67 5113.7     0.00   0.00    0.0  0.006  0.006  0.006  0.006  0.005  0.005
04:41:39 853.93   15.7   35.5   1473    3.3    193    7.3    29.1   0.5   0.82   4.66 5114.7     0.00   0.00    0.0  0.006  0.006  0.006  0.006  0.005  0.005
04:41:40 853.74   15.8   35.6   1475    3.3    191    7.3    29.1   0.6   0.82   4.68 5115.7     0.00   0.00    0.0  0.005  0.006  0.006  0.006  0.005  0.005
04:41:42 853.84   15.8   35.6   1474    3.3    196    7.3    29.1   0.6   0.82   4.68 5117.7     0.00   0.00    0.0  0.006  0.006  0.006  0.006  0.005  0.005
04:41:43 853.70   15.7   35.6   1475    3.4    197    7.3    29.1   0.6   0.82   4.68 5118.7     0.00   0.00    0.0  0.006  0.006  0.006  0.006  0.005  0.005
04:41:45 853.58   15.7   35.6   1476    3.4    194    7.3    29.1   0.5   0.82   4.66 5120.7     0.00   0.00    0.0  0.006  0.006  0.006  0.006  0.005  0.005
04:41:48 853.39   15.7   35.5   1478    3.5    201    7.3    29.1   0.5   0.82   4.67 5123.7     0.00   0.00    0.0  0.006  0.006  0.006  0.006  0.005  0.005
04:41:49 853.42   15.7   35.6   1478    3.5    198    7.3    29.1   0.5   0.82   4.67 5124.7     0.00   0.00    0.0  0.006  0.006  0.006  0.006  0.005  0.005
04:41:50 853.35   15.7   35.7   1478    3.5    194    7.3    29.1   0.6   0.82   4.67 5125.7     0.00   0.00    0.0  0.006  0.006  0.006  0.006  0.005  0.006
04:41:52 853.30   15.7   35.6   1479    3.6    197    7.3    29.1   0.6   0.82   4.68 5127.7     0.00   0.00    0.0  0.006  0.006  0.006  0.006  0.005  0.005
04:41:54 852.96   15.7   35.6   1482    3.5    193    7.3    29.1   0.6   0.82   4.67 5129.7     0.00   0.00    0.0  0.006  0.006  0.006  0.006  0.005  0.005
04:41:55 853.04   15.7   35.7   1482    3.6    192    7.3    29.1   0.6   0.82   4.67 5130.7     0.00   0.00    0.0  0.006  0.006  0.006  0.006  0.005  0.005
04:41:57 852.91   15.7   35.6   1483    3.6    199    7.3    29.1   0.5   0.82   4.67 5132.7     0.00   0.00    0.0  0.006  0.006  0.006  0.006  0.005  0.005
04:42:00 852.89   15.7   35.9   1483    3.6    198    7.3    29.1   0.7   0.82   4.71 5135.7     0.00   0.00    0.0  0.006  0.006  0.006  0.006  0.005  0.005
04:42:02 852.71   15.7   36.0   1485    3.7    200    7.3    29.1   0.7   0.83   4.72 5137.7     0.00   0.00    0.0  0.006  0.006  0.006  0.006  0.005  0.005
04:42:03 852.53   15.7   36.1   1487    3.7    198    7.3    29.1   0.7   0.83   4.73 5138.6     0.00   0.00    0.0  0.006  0.006  0.006  0.006  0.005  0.005
04:42:04 852.65   15.7   36.3   1485    3.7    199    7.3    29.1   0.8   0.83   4.75 5139.6     0.00   0.00    0.0  0.006  0.006  0.006  0.006  0.005  0.005
04:42:06 852.71   15.7   36.3   1485    3.6    196    7.3    29.1   0.8   0.83   4.76 5141.6     0.00   0.00    0.0  0.006  0.006  0.006  0.006  0.005  0.005
04:42:07 852.57   15.7   36.5   1486    3.7    197    7.3    29.2   0.9   0.83   4.78 5142.6     0.00   0.00    0.0  0.006  0.006  0.006  0.006  0.005  0.005
04:42:08 852.57   15.7   36.6   1486    3.6    198    7.3    29.2   0.9   0.83   4.81 5143.6     0.00   0.00    0.0  0.006  0.006  0.006  0.006  0.005  0.005
04:42:09 852.35   15.6   36.6   1488    3.7    195    7.3    29.1   0.9   0.83   4.79 5144.6     0.00   0.00    0.0  0.006  0.006  0.006  0.006  0.005  0.006
04:42:11 852.58   15.6   36.3   1486    3.7    197    7.3    29.1   0.7   0.83   4.74 5146.6     0.00   0.00    0.0  0.006  0.006  0.006  0.006  0.005  0.006
04:42:12 852.33   15.6   36.5   1489    3.6    195    7.3    29.1   0.9   0.83   4.78 5147.6     0.00   0.00    0.0  0.006  0.006  0.006  0.006  0.005  0.006
04:42:13 852.17   15.7   36.5   1490    3.6    195    7.3    29.2   0.8   0.83   4.78 5148.6     0.00   0.00    0.0  0.006  0.006  0.006  0.006  0.005  0.006
04:42:14 852.22   15.7   36.5   1490    3.5    196    7.3    29.2   0.8   0.83   4.78 5149.6     0.00   0.00    0.0  0.006  0.006  0.006  0.006  0.005  0.005
04:42:15 852.07   15.6   36.7   1491    3.4    194    7.3    29.1   0.9   0.83   4.79 5150.6     0.00   0.00    0.0  0.006  0.006  0.006  0.006  0.005  0.006
04:42:16 852.07   15.6   36.5   1491    3.4    196    7.3    29.1   0.8   0.83   4.77 5151.6     0.00   0.00    0.0  0.006  0.006  0.006  0.006  0.005  0.005
04:42:17 852.21   15.6   36.5   1490    3.4    195    7.3    29.1   0.8   0.83   4.77 5152.6     0.00   0.00    0.0  0.006  0.006  0.006  0.006  0.005  0.005
04:42:19 851.96   15.6   36.4   1492    3.4    195    7.3    29.2   0.8   0.83   4.75 5154.6     0.00   0.00    0.0  0.006  0.006  0.006  0.006  0.005  0.006
04:42:20 851.82   15.6   36.2   1494    3.4    195    7.3    29.1   0.7   0.83   4.73 5155.6     0.00   0.00    0.0  0.006  0.006  0.006  0.006  0.005  0.006
04:42:22 852.02   15.6   36.7   1492    3.5    199    7.3    29.1   0.9   0.83   4.80 5157.6     0.00   0.00    0.0  0.006  0.006  0.006  0.006  0.005  0.006
04:42:23 851.82   15.6   36.6   1494    3.5    197    7.3    29.1   0.8   0.83   4.77 5158.6     0.00   0.00    0.0  0.006  0.006  0.006  0.006  0.005  0.005
04:42:24 851.67   15.6   36.6   1495    3.5    198    7.3    29.2   0.8   0.83   4.78 5159.6     0.00   0.00    0.0  0.006  0.006  0.006  0.006  0.005  0.006
04:42:25 851.85   15.6   36.6   1493    3.6    198    7.3    29.1   0.8   0.83   4.77 5160.6     0.00   0.00    0.0  0.006  0.006  0.006  0.006  0.005  0.005
04:42:26 851.74   15.5   36.7   1494    3.6    200    7.3    29.1   0.8   0.83   4.77 5161.6     0.00   0.00    0.0  0.006  0.006  0.006  0.006  0.005  0.005
04:42:27 851.73   15.6   36.9   1495    3.6    201    7.3    29.1   0.9   0.83   4.81 5162.6     0.00   0.00    0.0  0.006  0.006  0.006  0.006  0.005  0.006
04:42:29 851.77   15.6   36.5   1494    3.6    198    7.3    29.1   0.8   0.83   4.75 5164.6     0.00   0.00    0.0  0.006  0.006  0.006  0.006  0.005  0.006
04:42:32 851.50   15.6   36.5   1497    3.6    198    7.3    29.1   0.8   0.83   4.75 5167.6     0.00   0.00    0.0  0.006  0.006  0.006  0.006  0.005  0.005
04:42:33 851.59   15.5   36.8   1496    3.6    198    7.3    29.1   0.8   0.83   4.78 5168.6     0.00   0.00    0.0  0.006  0.006  0.006  0.006  0.005  0.005
04:42:34 851.43   15.5   36.8   1498    3.6    199    7.3    29.1   0.8   0.83   4.77 5169.6     0.00   0.00    0.0  0.006  0.006  0.006  0.006  0.005  0.005
04:42:35 851.33   15.5   36.7   1499    3.6    200    7.3    29.1   0.8   0.83   4.78 5170.6     0.00   0.00    0.0  0.006  0.006  0.006  0.006  0.005  0.005
04:42:36 851.42   15.5   36.6   1498    3.6    198    7.3    29.1   0.8   0.83   4.76 5171.6     0.00   0.00    0.0  0.006  0.006  0.006  0.006  0.005  0.005
04:42:37 851.35   15.5   36.6   1498    3.6    197    7.3    29.1   0.8   0.83   4.76 5172.6     0.00   0.00    0.0  0.006  0.006  0.006  0.006  0.005  0.005
04:42:39 851.27   15.5   36.5   1499    3.6    199    7.3    29.1   0.7   0.83   4.75 5174.6     0.00   0.00    0.0  0.006  0.006  0.006  0.006  0.005  0.005
04:42:40 851.31   15.5   36.6   1499    3.6    198    7.3    29.1   0.7   0.83   4.74 5175.6     0.00   0.00    0.0  0.006  0.006  0.006  0.006  0.005  0.006
04:42:43 851.09   15.5   36.5   1501    3.6    198    7.3    29.1   0.7   0.83   4.73 5178.6     0.00   0.00    0.0  0.006  0.006  0.006  0.006  0.005  0.006
04:42:45 851.14   15.5   36.6   1500    3.6    199    7.3    29.1   0.7   0.83   4.74 5180.6     0.00   0.00    0.0  0.006  0.006  0.006  0.006  0.005  0.006
04:42:47 850.82   15.5   36.6   1504    3.6    199    7.3    29.1   0.7   0.83   4.75 5182.6     0.00   0.00    0.0  0.006  0.006  0.006  0.006  0.005  0.006
04:42:48 850.70   15.4   36.7   1505    3.6    196    7.3    29.1   0.7   0.83   4.74 5183.6     0.00   0.00    0.0  0.006  0.006  0.006  0.006  0.005  0.006
04:42:49 850.59   15.5   36.6   1506    3.6    197    7.3    29.1   0.7   0.83   4.75 5184.6     0.00   0.00    0.0  0.006  0.006  0.006  0.006  0.005  0.005
04:42:50 850.90   15.5   36.6   1503    3.6    199    7.3    29.1   0.7   0.83   4.74 5185.6     0.00   0.00    0.0  0.006  0.006  0.006  0.006  0.005  0.006
04:42:51 850.68   15.5   36.6   1505    3.6    198    7.3    29.1   0.7   0.83   4.75 5186.6     0.00   0.00    0.0  0.006  0.006  0.006  0.006  0.005  0.006
04:42:52 850.62   15.5   36.7   1506    3.6    198    7.3    29.1   0.8   0.83   4.76 5187.6     0.00   0.00    0.0  0.006  0.006  0.006  0.006  0.005  0.006
04:42:53 850.71   15.5   36.7   1505    3.6    197    7.3    29.1   0.8   0.83   4.76 5188.6     0.00   0.00    0.0  0.006  0.006  0.006  0.006  0.005  0.006
04:42:55 850.38   15.4   36.6   1508    3.7    196    7.3    29.1   0.7   0.83   4.74 5190.6     0.00   0.00    0.0  0.006  0.006  0.006  0.006  0.005  0.006
04:42:56 850.33   15.5   36.6   1508    3.7    195    7.3    29.1   0.7   0.83   4.74 5191.6     0.00   0.00    0.0  0.006  0.006  0.006  0.006  0.005  0.006
04:42:57 850.37   15.5   36.5   1508    3.6    196    7.3    29.2   0.7   0.83   4.74 5192.6     0.00   0.00    0.0  0.006  0.006  0.006  0.006  0.005  0.006
04:42:58 850.49   15.4   36.5   1507    3.6    197    7.3    29.1   0.6   0.82   4.71 5193.6     0.00   0.00    0.0  0.006  0.006  0.006  0.006  0.005  0.006
04:43:02 850.19   15.4   36.6   1510    3.8    197    7.3    29.1   0.7   0.83   4.74 5197.6     0.00   0.00    0.0  0.006  0.006  0.006  0.006  0.005  0.006
04:43:04 850.02   15.4   36.4   1512    3.7    196    7.3    29.1   0.6   0.82   4.70 5199.6     0.00   0.00    0.0  0.006  0.006  0.006  0.006  0.005  0.006
04:43:05 850.04   15.4   36.3   1511    3.7    195    7.3    29.1   0.5   0.82   4.69 5200.6     0.00   0.00    0.0  0.006  0.006  0.006  0.006  0.005  0.006
04:43:06 850.30   15.4   36.8   1509    3.7    196    7.3    29.0   0.7   0.83   4.74 5201.6     0.00   0.00    0.0  0.006  0.006  0.006  0.006  0.005  0.006
04:43:07 849.98   15.4   36.9   1512    3.7    196    7.3    29.1   0.8   0.83   4.76 5202.6     0.00   0.00    0.0  0.006  0.006  0.006  0.006  0.005  0.006
04:43:08 849.62   15.4   37.1   1516    3.7    195    7.3    29.1   0.8   0.83   4.78 5203.6     0.00   0.00    0.0  0.006  0.006  0.006  0.006  0.005  0.006
04:43:09 849.86   15.3   36.8   1513    3.8    195    7.3    29.1   0.7   0.83   4.73 5204.6     0.00   0.00    0.0  0.006  0.006  0.006  0.006  0.005  0.006
04:43:11 849.77   15.4   36.5   1514    3.7    197    7.3    29.1   0.6   0.83   4.72 5206.6     0.00   0.00    0.0  0.006  0.006  0.006  0.006  0.005  0.006
04:43:12 849.70   15.4   36.4   1515    3.6    198    7.3    29.1   0.6   0.82   4.69 5207.6     0.00   0.00    0.0  0.006  0.006  0.006  0.006  0.005  0.006
04:43:13 849.67   15.4   36.8   1515    3.6    197    7.3    29.1   0.7   0.83   4.74 5208.6     0.00   0.00    0.0  0.006  0.006  0.006  0.006  0.005  0.006
04:43:14 849.56   15.4   37.0   1516    3.6    196    7.3    29.1   0.8   0.83   4.77 5209.6     0.00   0.00    0.0  0.006  0.006  0.006  0.006  0.005  0.006
04:43:15 849.43   15.4   36.8   1517    3.6    194    7.3    29.2   0.7   0.83   4.76 5210.6     0.00   0.00    0.0  0.006  0.006  0.006  0.006  0.005  0.006
04:43:17 849.45   15.4   36.8   1517    3.7    194    7.2    29.1   0.7   0.83   4.74 5212.6     0.00   0.00    0.0  0.006  0.006  0.006  0.006  0.005  0.006
04:43:18 849.40   15.3   36.8   1518    3.6    194    7.2    29.1   0.7   0.83   4.74 5213.6     0.00   0.00    0.0  0.006  0.006  0.006  0.006  0.005  0.006
04:43:19 849.24   15.3   36.8   1519    3.6    195    7.3    29.1   0.7   0.83   4.74 5214.6     0.00   0.00    0.0  0.006  0.006  0.006  0.006  0.005  0.006
04:43:20 849.21   15.4   36.8   1520    3.7    196    7.3    29.1   0.7   0.83   4.74 5215.6     0.00   0.00    0.0  0.006  0.006  0.006  0.006  0.005  0.006
04:43:21 849.19   15.3   36.9   1520    3.7    196    7.2    29.1   0.7   0.83   4.74 5216.6     0.00   0.00    0.0  0.006  0.006  0.006  0.006  0.005  0.006
04:43:22 849.43   15.3   36.8   1517    3.7    195    7.2    29.1   0.7   0.83   4.73 5217.6     0.00   0.00    0.0  0.006  0.006  0.006  0.006  0.005  0.006
04:43:25 848.96   15.4   36.7   1522    3.7    197    7.2    29.2   0.7   0.83   4.73 5220.6     0.00   0.00    0.0  0.006  0.006  0.006  0.006  0.005  0.006
04:43:26 848.86   15.4   36.6   1523    3.7    197    7.2    29.2   0.6   0.83   4.73 5221.6     0.00   0.00    0.0  0.006  0.006  0.006  0.006  0.005  0.006
04:43:27 849.19   15.4   36.6   1520    3.6    197    7.2    29.2   0.6   0.83   4.72 5222.6     0.00   0.00    0.0  0.006  0.006  0.006  0.006  0.005  0.006
04:43:28 848.85   15.3   36.6   1523    3.7    197    7.2    29.2   0.6   0.83   4.72 5223.6     0.00   0.00    0.0  0.006  0.006  0.006  0.006  0.005  0.006
04:43:29 848.81   15.4   36.6   1524    3.5    195    7.2    29.2   0.6   0.83   4.72 5224.6     0.00   0.00    0.0  0.006  0.006  0.006  0.006  0.005  0.006
04:43:30 849.02   15.4   36.6   1522    3.5    195    7.2    29.2   0.6   0.83   4.72 5225.6     0.00   0.00    0.0  0.006  0.006  0.006  0.006  0.005  0.006
04:43:31 848.96   15.4   36.6   1522    3.5    197    7.2    29.2   0.6   0.83   4.73 5226.6     0.00   0.00    0.0  0.006  0.006  0.006  0.006  0.005  0.006
04:43:34 848.68   15.3   36.4   1525    3.5    194    7.2    29.1   0.5   0.82   4.68 5229.6     0.00   0.00    0.0  0.006  0.006  0.006  0.006  0.005  0.006
04:43:35 848.71   15.4   36.3   1525    3.5    195    7.2    29.2   0.5   0.82   4.67 5230.6     0.00   0.00    0.0  0.006  0.006  0.006  0.006  0.005  0.006
04:43:37 848.82   15.4   36.2   1524    3.6    194    7.2    29.2   0.5   0.82   4.68 5232.6     0.00   0.00    0.0  0.006  0.006  0.006  0.006  0.005  0.006
04:43:38 848.47   15.4   36.2   1527    3.6    192    7.2    29.3   0.5   0.82   4.68 5233.6     0.00   0.00    0.0  0.006  0.006  0.006  0.006  0.005  0.006
04:43:39 848.43   15.4   36.2   1527    3.6    193    7.2    29.3   0.5   0.82   4.69 5234.6     0.00   0.00    0.0  0.006  0.006  0.006  0.006  0.005  0.006
04:43:40 848.32   15.3   36.2   1529    3.6    194    7.2    29.2   0.5   0.82   4.67 5235.6     0.00   0.00    0.0  0.006  0.006  0.006  0.006  0.005  0.006
04:43:41 848.43   15.4   36.2   1528    3.5    194    7.2    29.2   0.5   0.82   4.68 5236.6     0.00   0.00    0.0  0.006  0.006  0.006  0.006  0.005  0.006
04:43:46 848.30   15.3   36.5   1529    3.5    196    7.2    29.2   0.6   0.82   4.71 5241.5     0.00   0.00    0.0  0.006  0.006  0.006  0.006  0.005  0.006
04:43:47 848.19   15.3   36.5   1530    3.5    194    7.2    29.2   0.5   0.82   4.70 5242.5     0.00   0.00    0.0  0.006  0.006  0.006  0.006  0.005  0.006
04:43:48 848.05   15.3   36.5   1531    3.5    191    7.2    29.2   0.5   0.82   4.69 5243.5     0.00   0.00    0.0  0.006  0.006  0.006  0.006  0.005  0.006
04:43:49 848.01   15.3   36.5   1532    3.5    188    7.2    29.2   0.5   0.82   4.70 5244.5     0.00   0.00    0.0  0.006  0.006  0.006  0.006  0.005  0.006
04:43:51 848.08   15.3   36.5   1531    3.5    197    7.2    29.2   0.5   0.82   4.69 5246.5     0.00   0.00    0.0  0.006  0.006  0.006  0.006  0.005  0.006
04:43:52 847.89   15.3   36.5   1533    3.5    197    7.2    29.2   0.5   0.82   4.68 5247.5     0.00   0.00    0.0  0.006  0.006  0.006  0.006  0.005  0.006
04:43:53 848.01   15.3   36.4   1532    3.6    195    7.2    29.2   0.5   0.82   4.68 5248.5     0.00   0.00    0.0  0.006  0.006  0.006  0.006  0.005  0.006
04:43:55 847.82   15.3   36.4   1533    3.7    195    7.2    29.2   0.4   0.82   4.66 5250.5     0.00   0.00    0.0  0.006  0.006  0.006  0.006  0.005  0.006
04:43:56 847.76   15.3   36.4   1534    3.8    193    7.2    29.2   0.5   0.82   4.68 5251.5     0.00   0.00    0.0  0.006  0.006  0.006  0.006  0.005  0.006
04:43:57 847.72   15.3   36.3   1535    3.8    194    7.2    29.2   0.4   0.82   4.67 5252.5     0.00   0.00    0.0  0.006  0.006  0.006  0.006  0.005  0.006
04:43:58 847.71   15.3   36.4   1535    3.8    193    7.2    29.3   0.5   0.82   4.70 5253.5     0.00   0.00    0.0  0.006  0.006  0.006  0.006  0.005  0.006
04:44:00 847.67   15.3   36.5   1535    3.7    193    7.2    29.2   0.5   0.82   4.69 5255.5     0.00   0.00    0.0  0.006  0.006  0.006  0.006  0.005  0.006
04:44:03 847.48   15.3   36.4   1537    3.6    200    7.2    29.2   0.5   0.82   4.68 5258.5     0.00   0.00    0.0  0.006  0.006  0.006  0.006  0.005  0.006
04:44:04 847.23   15.2   36.4   1539    3.5    201    7.2    29.2   0.4   0.82   4.66 5259.5     0.00   0.00    0.0  0.006  0.006  0.006  0.006  0.005  0.006
04:44:05 847.19   15.3   36.5   1540    3.5    202    7.2    29.3   0.5   0.82   4.68 5260.5     0.00   0.00    0.0  0.006  0.006  0.006  0.006  0.005  0.006
04:44:08 847.15   15.2   36.5   1540    3.5    197    7.2    29.2   0.5   0.82   4.67 5263.5     0.00   0.00    0.0  0.006  0.006  0.006  0.006  0.005  0.006
04:44:09 847.13   15.2   36.5   1540    3.6    194    7.2    29.2   0.5   0.82   4.67 5264.5     0.00   0.00    0.0  0.006  0.006  0.006  0.006  0.005  0.006
04:44:10 847.02   15.2   36.5   1542    3.6    196    7.2    29.2   0.5   0.82   4.68 5265.5     0.00   0.00    0.0  0.006  0.006  0.006  0.006  0.005  0.006
04:44:11 847.13   15.2   36.4   1540    3.5    197    7.2    29.2   0.5   0.82   4.67 5266.5     0.00   0.00    0.0  0.006  0.006  0.006  0.006  0.005  0.006
04:44:12 847.18   15.2   36.4   1540    3.4    193    7.2    29.2   0.4   0.82   4.65 5267.5     0.00   0.00    0.0  0.006  0.006  0.006  0.006  0.005  0.006
04:44:14 847.00   15.2   36.5   1542    3.3    194    7.2    29.2   0.4   0.82   4.66 5269.5     0.00   0.00    0.0  0.006  0.006  0.006  0.006  0.005  0.006
04:44:15 846.78   15.2   36.4   1544    3.4    194    7.2    29.3   0.5   0.82   4.67 5270.5     0.00   0.00    0.0  0.006  0.006  0.006  0.006  0.005  0.006
04:44:16 846.89   15.2   36.4   1543    3.4    196    7.2    29.2   0.4   0.82   4.66 5271.5     0.00   0.00    0.0  0.006  0.006  0.006  0.006  0.005  0.006
04:44:21 846.68   15.2   36.2   1545    3.5    192    7.2    29.3   0.4   0.82   4.64 5276.5     0.00   0.00    0.0  0.006  0.006  0.006  0.006  0.005  0.006
04:44:22 846.54   15.2   36.3   1546    3.5    193    7.2    29.3   0.4   0.82   4.65 5277.5     0.00   0.00    0.0  0.006  0.006  0.006  0.006  0.005  0.006
04:44:25 846.51   15.2   36.5   1547    3.5    195    7.2    29.2   0.4   0.82   4.65 5280.5     0.00   0.00    0.0  0.006  0.006  0.006  0.006  0.005  0.006
04:44:26 846.48   15.2   36.5   1547    3.3    195    7.2    29.2   0.4   0.82   4.66 5281.5     0.00   0.00    0.0  0.006  0.006  0.006  0.006  0.005  0.006
04:44:28 846.31   15.1   36.4   1549    3.3    195    7.2    29.2   0.3   0.82   4.64 5283.5     0.00   0.00    0.0  0.006  0.006  0.006  0.006  0.005  0.006
04:44:29 846.28   15.2   36.5   1549    3.4    194    7.2    29.2   0.4   0.82   4.66 5284.5     0.00   0.00    0.0  0.006  0.006  0.006  0.006  0.005  0.006
04:44:30 846.13   15.2   36.5   1550    3.4    190    7.2    29.3   0.4   0.82   4.66 5285.5     0.00   0.00    0.0  0.006  0.006  0.006  0.006  0.005  0.006
04:44:31 846.03   15.2   36.5   1551    3.5    190    7.2    29.3   0.4   0.82   4.66 5286.5     0.00   0.00    0.0  0.006  0.006  0.006  0.006  0.005  0.006
04:44:32 846.15   15.1   36.5   1550    3.5    192    7.2    29.2   0.4   0.82   4.64 5287.5     0.00   0.00    0.0  0.006  0.006  0.006  0.006  0.005  0.006
04:44:33 846.40   15.1   36.5   1548    3.5    191    7.2    29.2   0.4   0.82   4.64 5288.5     0.00   0.00    0.0  0.006  0.006  0.006  0.006  0.005  0.006
04:44:37 846.10   15.1   36.5   1551    3.7    190    7.2    29.2   0.4   0.82   4.64 5292.5     0.00   0.00    0.0  0.006  0.006  0.006  0.006  0.005  0.006
04:44:38 845.72   15.1   36.6   1555    3.6    187    7.2    29.3   0.4   0.82   4.67 5293.5     0.00   0.00    0.0  0.006  0.006  0.006  0.006  0.005  0.006
04:44:39 846.06   15.1   36.5   1551    3.6    184    7.2    29.2   0.4   0.82   4.64 5294.5     0.00   0.00    0.0  0.006  0.006  0.006  0.006  0.005  0.006
04:44:40 846.00   15.1   36.7   1552    3.5    184    7.2    29.2   0.4   0.82   4.66 5295.5     0.00   0.00    0.0  0.006  0.006  0.006  0.006  0.005  0.006
04:44:41 845.79   15.1   36.6   1554    3.5    189    7.2    29.2   0.4   0.82   4.65 5296.5     0.00   0.00    0.0  0.006  0.006  0.006  0.006  0.005  0.006
04:44:42 845.72   15.1   36.5   1555    3.4    192    7.2    29.2   0.3   0.82   4.64 5297.5     0.00   0.00    0.0  0.006  0.006  0.006  0.006  0.005  0.006
04:44:43 845.71   15.1   36.5   1555    3.3    193    7.2    29.2   0.3   0.82   4.64 5298.5     0.00   0.00    0.0  0.006  0.006  0.006  0.006  0.005  0.006
04:44:45 845.64   15.1   36.5   1555    3.3    191    7.2    29.2   0.4   0.82   4.64 5300.5     0.00   0.00    0.0  0.006  0.006  0.006  0.006  0.005  0.006
04:44:49 845.30   15.0   36.6   1559    3.3    188    7.2    29.2   0.3   0.82   4.64 5304.5     0.00   0.00    0.0  0.006  0.006  0.006  0.006  0.005  0.006
04:44:50 845.31   15.1   36.7   1559    3.4    187    7.2    29.3   0.4   0.82   4.66 5305.5     0.00   0.00    0.0  0.006  0.006  0.006  0.006  0.005  0.006
04:44:53 845.32   15.0   36.7   1559    3.5    192    7.2    29.2   0.4   0.82   4.65 5308.5     0.00   0.00    0.0  0.006  0.006  0.006  0.006  0.005  0.006
04:44:55 844.97   15.0   36.7   1562    3.5    193    7.2    29.2   0.4   0.82   4.65 5310.5     0.00   0.00    0.0  0.006  0.006  0.006  0.006  0.005  0.006
04:44:56 845.14   15.1   36.7   1560    3.5    195    7.2    29.3   0.4   0.82   4.66 5311.5     0.00   0.00    0.0  0.006  0.006  0.006  0.006  0.005  0.006
04:44:57 845.29   15.1   36.7   1559    3.5    196    7.2    29.2   0.4   0.82   4.66 5312.5     0.00   0.00    0.0  0.006  0.006  0.006  0.006  0.005  0.006
04:44:58 844.88   15.0   36.7   1563    3.5    194    7.2    29.2   0.4   0.82   4.65 5313.5     0.00   0.00    0.0  0.006  0.006  0.006  0.006  0.005  0.006
04:45:02 844.89   15.0   36.4   1563    3.3    189    7.2    29.2   0.3   0.82   4.62 5317.5     0.00   0.00    0.0  0.006  0.006  0.006  0.006  0.005  0.006
04:45:03 845.08   15.1   36.4   1561    3.3    190    7.2    29.3   0.3   0.82   4.62 5318.5     0.00   0.00    0.0  0.006  0.006  0.006  0.006  0.005  0.006
04:45:04 844.86   15.0   36.5   1563    3.4    190    7.2    29.2   0.3   0.82   4.62 5319.5     0.00   0.00    0.0  0.006  0.006  0.006  0.006  0.005  0.006
04:45:05 844.64   15.0   36.4   1565    3.3    187    7.2    29.3   0.3   0.82   4.62 5320.5     0.00   0.00    0.0  0.006  0.006  0.006  0.006  0.005  0.006
04:45:07 844.72   15.0   36.5   1565    3.4    188    7.2    29.2   0.3   0.82   4.62 5322.5     0.00   0.00    0.0  0.006  0.006  0.006  0.006  0.005  0.006
04:45:08 844.55   15.0   36.6   1566    3.5    186    7.2    29.2   0.3   0.82   4.63 5323.5     0.00   0.00    0.0  0.006  0.006  0.006  0.006  0.005  0.006
04:45:09 844.58   15.0   36.6   1566    3.5    187    7.2    29.3   0.3   0.82   4.65 5324.5     0.00   0.00    0.0  0.006  0.006  0.006  0.006  0.005  0.006
04:45:11 844.71   15.0   36.5   1565    3.5    185    7.2    29.2   0.3   0.82   4.62 5326.5     0.00   0.00    0.0  0.006  0.006  0.006  0.006  0.005  0.006
04:45:12 844.36   15.0   36.6   1568    3.5    187    7.2    29.3   0.3   0.82   4.65 5327.5     0.00   0.00    0.0  0.006  0.006  0.006  0.006  0.005  0.006
04:45:13 844.34   15.0   36.6   1568    3.5    185    7.2    29.2   0.3   0.82   4.62 5328.5     0.00   0.00    0.0  0.006  0.006  0.006  0.006  0.005  0.006
04:45:14 844.28   15.0   36.6   1569    3.5    189    7.2    29.3   0.3   0.82   4.63 5329.5     0.00   0.00    0.0  0.006  0.006  0.006  0.006  0.005  0.006
04:45:15 844.29   15.0   36.6   1569    3.5    191    7.2    29.2   0.3   0.82   4.62 5330.5     0.00   0.00    0.0  0.006  0.006  0.006  0.006  0.005  0.006
04:45:17 844.16   14.9   36.6   1570    3.5    197    7.2    29.2   0.3   0.82   4.62 5332.5     0.00   0.00    0.0  0.006  0.006  0.006  0.006  0.005  0.006
04:45:19 844.23   15.0   36.6   1569    3.6    198    7.2    29.3   0.3   0.82   4.64 5334.5     0.00   0.00    0.0  0.006  0.006  0.006  0.006  0.005  0.006
04:45:22 844.12   15.0   36.8   1571    3.8    199    7.2    29.2   0.3   0.82   4.64 5337.5     0.00   0.00    0.0  0.006  0.006  0.006  0.006  0.005  0.006
04:45:23 843.99   15.0   36.5   1572    3.8    198    7.2    29.3   0.2   0.82   4.62 5338.5     0.00   0.00    0.0  0.006  0.006  0.006  0.006  0.005  0.006
04:45:26 843.77   15.0   36.6   1574    3.5    192    7.2    29.3   0.3   0.82   4.63 5341.4     0.00   0.00    0.0  0.006  0.006  0.006  0.006  0.005  0.006
04:45:27 843.78   14.9   36.6   1574    3.5    190    7.2    29.2   0.2   0.82   4.60 5342.4     0.00   0.00    0.0  0.006  0.006  0.006  0.006  0.005  0.006
04:45:29 843.65   14.9   36.7   1575    3.5    189    7.2    29.2   0.3   0.82   4.62 5344.4     0.00   0.00    0.0  0.006  0.006  0.006  0.006  0.005  0.006
04:45:30 843.71   14.9   36.9   1575    3.5    188    7.2    29.2   0.3   0.82   4.65 5345.4     0.00   0.00    0.0  0.006  0.006  0.006  0.006  0.005  0.006
04:45:31 843.58   14.9   36.7   1576    3.4    190    7.2    29.3   0.3   0.82   4.63 5346.4     0.00   0.00    0.0  0.006  0.006  0.006  0.006  0.005  0.006
04:45:32 843.64   14.9   36.7   1575    3.5    191    7.2    29.3   0.3   0.82   4.63 5347.4     0.00   0.00    0.0  0.006  0.006  0.006  0.006  0.005  0.006
04:45:33 843.49   14.9   36.6   1577    3.4    189    7.2    29.3   0.2   0.82   4.62 5348.4     0.00   0.00    0.0  0.006  0.006  0.006  0.006  0.005  0.006
04:45:34 843.57   14.9   36.5   1576    3.5    189    7.2    29.2   0.2   0.82   4.60 5349.4     0.00   0.00    0.0  0.006  0.007  0.006  0.006  0.005  0.006
04:45:36 843.53   14.9   36.6   1576    3.6    191    7.2    29.2   0.2   0.82   4.61 5351.4     0.00   0.00    0.0  0.006  0.006  0.006  0.006  0.005  0.006
04:45:37 843.46   14.9   36.6   1577    3.6    192    7.2    29.3   0.2   0.82   4.61 5352.4     0.00   0.00    0.0  0.006  0.006  0.006  0.006  0.005  0.006
04:45:38 843.31   14.9   36.6   1579    3.6    192    7.2    29.3   0.2   0.82   4.62 5353.4     0.00   0.00    0.0  0.006  0.006  0.006  0.006  0.005  0.006
04:45:39 843.31   14.9   36.5   1579    3.6    191    7.2    29.3   0.2   0.82   4.60 5354.4     0.00   0.00    0.0  0.006  0.006  0.006  0.006  0.005  0.006
04:45:40 843.43   14.9   36.4   1578    3.6    189    7.2    29.3   0.1   0.82   4.59 5355.4     0.00   0.00    0.0  0.006  0.006  0.006  0.006  0.005  0.006
04:45:41 843.18   14.9   36.4   1580    3.6    190    7.2    29.3   0.1   0.82   4.59 5356.4     0.00   0.00    0.0  0.006  0.006  0.006  0.006  0.005  0.006
04:45:42 843.06   14.9   36.4   1581    3.5    193    7.2    29.3   0.1   0.82   4.59 5357.4     0.00   0.00    0.0  0.006  0.006  0.006  0.006  0.005  0.006
04:45:51 842.77   14.8   36.5   1584    3.3    182    7.2    29.3   0.1   0.82   4.58 5367.4     0.00   0.00    0.0  0.006  0.006  0.006  0.006  0.005  0.006
04:45:52 842.74   14.8   36.4   1584    3.2    184    7.2    29.3   0.1   0.82   4.57 5368.4     0.00   0.00    0.0  0.006  0.006  0.006  0.006  0.005  0.006
04:45:53 842.50   14.9   36.3   1587    3.2    184    7.2    29.3   0.1   0.82   4.57 5369.4     0.00   0.00    0.0  0.006  0.006  0.006  0.006  0.005  0.006
04:45:54 842.56   14.9   36.3   1586    3.1    191    7.2    29.3   0.1   0.82   4.57 5370.4     0.00   0.00    0.0  0.006  0.006  0.006  0.006  0.005  0.006
04:45:55 842.66   14.8   36.4   1585    3.2    190    7.2    29.3   0.1   0.82   4.58 5371.4     0.00   0.00    0.0  0.006  0.006  0.006  0.006  0.005  0.006
04:45:57 842.56   14.8   36.4   1586    3.1    187    7.2    29.2   0.1   0.82   4.56 5373.4     0.00   0.00    0.0  0.006  0.007  0.006  0.006  0.005  0.006
04:45:58 842.30   14.8   36.4   1589    3.1    189    7.2    29.3   0.0   0.82   4.56 5374.4     0.00   0.00    0.0  0.006  0.006  0.006  0.006  0.005  0.006
04:45:59 842.43   14.8   36.3   1587    3.1    186    7.2    29.3   0.0   0.82   4.55 5375.4     0.00   0.00    0.0  0.006  0.006  0.006  0.006  0.005  0.006
04:46:01 842.16   14.8   36.5   1590    3.2    186    7.2    29.3   0.1   0.82   4.58 5377.4     0.00   0.00    0.0  0.006  0.007  0.006  0.006  0.005  0.006
04:46:03 842.22   14.8   36.4   1590    3.1    188    7.2    29.3   0.1   0.82   4.56 5379.4     0.00   0.00    0.0  0.006  0.006  0.006  0.006  0.005  0.006
04:46:04 842.20   14.8   36.3   1590    3.1    184    7.2    29.3   0.0   0.82   4.55 5380.4     0.00   0.00    0.0  0.006  0.006  0.006  0.006  0.005  0.006
04:46:06 842.10   14.8   36.2   1591    3.2    187    7.2    29.3  -0.0   0.82   4.54 5382.4     0.00   0.00    0.0  0.006  0.006  0.006  0.006  0.005  0.006
04:46:07 842.04   14.8   36.2   1591    3.3    186    7.2    29.3  -0.0   0.82   4.54 5383.4     0.00   0.00    0.0  0.006  0.006  0.006  0.006  0.005  0.006
04:46:10 841.89   14.8   36.2   1593    3.2    188    7.2    29.3  -0.0   0.82   4.53 5386.4     0.00   0.00    0.0  0.006  0.006  0.006  0.006  0.005  0.006
04:46:11 841.87   14.8   36.2   1593    3.2    187    7.2    29.3   0.0   0.82   4.55 5387.4     0.00   0.00    0.0  0.006  0.006  0.006  0.006  0.005  0.006
04:46:13 841.61   14.8   36.2   1596    3.2    186    7.2    29.3  -0.0   0.82   4.53 5389.4     0.00   0.00    0.0  0.006  0.006  0.006  0.006  0.005  0.006
04:46:14 841.80   14.8   36.2   1594    3.1    185    7.2    29.3  -0.0   0.82   4.54 5390.4     0.00   0.00    0.0  0.006  0.006  0.006  0.006  0.005  0.006
04:46:15 841.60   14.8   36.1   1596    3.1    186    7.2    29.4  -0.0   0.82   4.54 5391.4     0.00   0.00    0.0  0.006  0.006  0.006  0.006  0.005  0.006
04:46:16 841.56   14.8   36.1   1596    3.2    185    7.2    29.3  -0.1   0.82   4.53 5392.4     0.00   0.00    0.0  0.006  0.006  0.006  0.006  0.005  0.006
04:46:17 841.62   14.8   36.2   1596    3.1    185    7.2    29.3  -0.0   0.82   4.54 5393.4     0.00   0.00    0.0  0.006  0.007  0.006  0.006  0.005  0.006
04:46:18 841.54   14.8   36.2   1596    3.1    185    7.2    29.4  -0.0   0.82   4.54 5394.4     0.00   0.00    0.0  0.006  0.006  0.006  0.006  0.005  0.006
04:46:19 841.59   14.8   36.2   1596    3.1    184    7.2    29.4   0.0   0.82   4.55 5395.4     0.00   0.00    0.0  0.006  0.006  0.006  0.006  0.005  0.006
04:46:24 841.10   14.7   36.3   1601    3.1    181    7.2    29.3  -0.0   0.82   4.53 5400.4     0.00   0.00    0.0  0.006  0.007  0.006  0.006  0.005  0.006
04:46:25 841.04   14.7   36.2   1601    3.1    182    7.2    29.3  -0.1   0.82   4.53 5401.4     0.00   0.00    0.0  0.006  0.006  0.006  0.006  0.005  0.006
04:46:27 841.14   14.7   36.3   1600    3.3    180    7.2    29.3  -0.1   0.82   4.53 5403.4     0.00   0.00    0.0  0.006  0.006  0.006  0.006  0.005  0.006
04:46:28 841.19   14.7   36.3   1600    3.3    183    7.2    29.3  -0.0   0.82   4.54 5404.4     0.00   0.00    0.0  0.006  0.007  0.006  0.006  0.005  0.006
04:46:29 841.02   14.7   36.3   1602    3.3    185    7.2    29.3  -0.0   0.82   4.54 5405.4     0.00   0.00    0.0  0.006  0.007  0.006  0.006  0.005  0.006
04:46:31 840.95   14.7   36.3   1602    3.2    183    7.2    29.3  -0.1   0.82   4.53 5407.4     0.00   0.00    0.0  0.006  0.007  0.006  0.006  0.005  0.006
04:46:32 840.91   14.7   36.4   1603    3.2    185    7.2    29.3  -0.1   0.82   4.53 5408.4     0.00   0.00    0.0  0.006  0.007  0.006  0.006  0.005  0.006
04:46:33 840.92   14.7   36.3   1603    3.1    186    7.2    29.3  -0.1   0.82   4.53 5409.4     0.00   0.00    0.0  0.006  0.007  0.006  0.006  0.005  0.006
04:46:35 840.87   14.7   36.4   1603    3.2    183    7.2    29.3  -0.0   0.82   4.54 5411.4     0.00   0.00    0.0  0.006  0.006  0.006  0.006  0.005  0.006
04:46:37 840.91   14.7   36.4   1603    3.3    184    7.2    29.3  -0.0   0.82   4.53 5413.4     0.00   0.00    0.0  0.006  0.006  0.006  0.006  0.005  0.006
04:46:39 840.84   14.7   36.4   1603    3.3    184    7.2    29.3  -0.0   0.82   4.54 5415.4     0.00   0.00    0.0  0.006  0.007  0.006  0.006  0.005  0.006
04:46:43 840.35   14.7   36.5   1608    3.3    182    7.2    29.3  -0.0   0.82   4.54 5419.4     0.00   0.00    0.0  0.006  0.006  0.006  0.006  0.005  0.006
04:46:44 840.38   14.7   36.5   1608    3.3    182    7.2    29.3  -0.0   0.82   4.55 5420.4     0.00   0.00    0.0  0.006  0.007  0.006  0.006  0.005  0.006
04:46:45 840.23   14.6   36.4   1610    3.2    184    7.2    29.3  -0.1   0.82   4.52 5421.4     0.00   0.00    0.0  0.006  0.007  0.006  0.006  0.005  0.006
04:46:46 840.21   14.6   36.4   1610    3.2    184    7.2    29.3  -0.1   0.82   4.52 5422.4     0.00   0.00    0.0  0.006  0.006  0.006  0.006  0.005  0.006
04:46:47 840.23   14.7   36.5   1610    3.2    186    7.2    29.3  -0.0   0.82   4.55 5423.4     0.00   0.00    0.0  0.006  0.007  0.006  0.006  0.005  0.006
04:46:48 840.28   14.6   36.5   1609    3.2    184    7.2    29.3  -0.1   0.82   4.52 5424.4     0.00   0.00    0.0  0.006  0.007  0.006  0.006  0.005  0.006
04:46:50 840.37   14.7   36.4   1608    3.1    182    7.2    29.3  -0.1   0.82   4.53 5426.4     0.00   0.00    0.0  0.006  0.007  0.006  0.006  0.005  0.006
04:46:51 840.14   14.7   36.4   1610    3.2    182    7.2    29.3  -0.1   0.82   4.53 5427.4     0.00   0.00    0.0  0.006  0.007  0.006  0.006  0.005  0.006
04:46:52 840.30   14.7   36.4   1609    3.1    184    7.2    29.3  -0.1   0.82   4.52 5428.4     0.00   0.00    0.0  0.006  0.007  0.006  0.006  0.005  0.006
04:46:53 840.15   14.7   36.4   1610    3.1    183    7.2    29.4  -0.1   0.82   4.54 5429.4     0.00   0.00    0.0  0.006  0.007  0.006  0.006  0.005  0.006
04:46:54 840.17   14.6   36.4   1610    3.2    183    7.2    29.3  -0.1   0.82   4.51 5430.4     0.00   0.00    0.0  0.006  0.006  0.006  0.006  0.005  0.006
04:46:55 840.09   14.7   36.5   1611    3.1    185    7.2    29.3  -0.0   0.82   4.54 5431.4     0.00   0.00    0.0  0.006  0.007  0.006  0.006  0.005  0.006
04:46:57 840.02   14.6   36.5   1612    3.1    183    7.2    29.3  -0.1   0.82   4.53 5433.4     0.00   0.00    0.0  0.006  0.007  0.006  0.006  0.005  0.006
04:47:00 839.68   14.6   36.6   1615    3.3    185    7.2    29.3  -0.0   0.82   4.55 5436.4     0.00   0.00    0.0  0.006  0.007  0.006  0.006  0.005  0.006
04:47:01 839.67   14.6   36.6   1615    3.2    183    7.2    29.3  -0.1   0.82   4.54 5437.4     0.00   0.00    0.0  0.006  0.007  0.006  0.006  0.005  0.006
04:47:02 839.50   14.5   36.7   1617    3.2    180    7.2    29.3  -0.1   0.82   4.54 5438.4     0.00   0.00    0.0  0.006  0.007  0.006  0.006  0.005  0.006
04:47:03 839.82   14.6   36.6   1614    3.2    181    7.2    29.3  -0.1   0.82   4.54 5439.4     0.00   0.00    0.0  0.006  0.007  0.006  0.006  0.005  0.006
04:47:04 839.84   14.6   36.6   1614    3.2    179    7.2    29.3  -0.0   0.82   4.54 5440.3     0.00   0.00    0.0  0.006  0.007  0.006  0.006  0.005  0.006
04:47:05 839.52   14.6   36.7   1617    3.3    179    7.2    29.3  -0.0   0.82   4.54 5441.3     0.00   0.00    0.0  0.006  0.006  0.006  0.006  0.005  0.006
04:47:06 839.57   14.6   36.6   1616    3.3    179    7.2    29.3  -0.1   0.82   4.53 5442.4     0.00   0.00    0.0  0.006  0.006  0.006  0.006  0.005  0.006
04:47:07 839.46   14.6   36.5   1617    3.4    180    7.2    29.4  -0.1   0.82   4.54 5443.3     0.00   0.00    0.0  0.006  0.007  0.006  0.006  0.005  0.006
04:47:08 839.50   14.6   36.7   1617    3.4    183    7.2    29.3  -0.1   0.82   4.54 5444.3     0.00   0.00    0.0  0.006  0.007  0.006  0.006  0.005  0.006
04:47:10 839.33   14.6   36.5   1619    3.4    182    7.2    29.3  -0.1   0.82   4.52 5446.3     0.00   0.00    0.0  0.006  0.007  0.006  0.006  0.005  0.006
04:47:11 839.34   14.5   36.6   1619    3.3    183    7.2    29.3  -0.1   0.82   4.51 5447.3     0.00   0.00    0.0  0.006  0.007  0.006  0.006  0.005  0.006
04:47:12 839.16   14.6   36.5   1620    3.3    184    7.2    29.4  -0.1   0.82   4.53 5448.3     0.00   0.00    0.0  0.006  0.007  0.006  0.006  0.005  0.006
04:47:13 839.24   14.6   36.6   1620    3.3    184    7.2    29.3  -0.1   0.82   4.53 5449.3     0.00   0.00    0.0  0.006  0.006  0.006  0.006  0.005  0.006
04:47:15 839.32   14.6   36.6   1619    3.2    183    7.2    29.4  -0.1   0.82   4.53 5451.3     0.00   0.00    0.0  0.006  0.007  0.006  0.006  0.005  0.006
04:47:17 839.26   14.6   36.5   1619    3.2    183    7.2    29.4  -0.1   0.82   4.52 5453.3     0.00   0.00    0.0  0.006  0.006  0.006  0.006  0.005  0.006
04:47:18 838.94   14.6   36.5   1623    3.2    182    7.2    29.4  -0.1   0.82   4.52 5454.3     0.00   0.00    0.0  0.006  0.007  0.006  0.006  0.005  0.006
04:47:19 838.98   14.6   36.5   1622    3.2    183    7.2    29.4  -0.1   0.82   4.52 5455.3     0.00   0.00    0.0  0.006  0.007  0.006  0.006  0.005  0.006
04:47:20 839.14   14.6   36.5   1621    3.2    183    7.2    29.4  -0.1   0.82   4.53 5456.3     0.00   0.00    0.0  0.006  0.007  0.006  0.006  0.005  0.006
04:47:21 838.80   14.6   36.4   1624    3.2    183    7.2    29.4  -0.1   0.82   4.52 5457.3     0.00   0.00    0.0  0.006  0.007  0.006  0.006  0.005  0.006
04:47:22 838.74   14.6   36.4   1625    3.1    183    7.2    29.4  -0.1   0.82   4.53 5458.3     0.00   0.00    0.0  0.006  0.007  0.006  0.006  0.005  0.006
04:47:24 838.70   14.5   36.4   1625    3.1    181    7.2    29.4  -0.2   0.82   4.50 5460.3     0.00   0.00    0.0  0.006  0.007  0.006  0.006  0.005  0.006
04:47:25 838.76   14.5   36.5   1624    3.2    181    7.2    29.3  -0.2   0.82   4.50 5461.3     0.00   0.00    0.0  0.006  0.007  0.006  0.006  0.005  0.006
04:47:26 838.68   14.5   36.5   1625    3.2    180    7.2    29.4  -0.2   0.82   4.51 5462.3     0.00   0.00    0.0  0.006  0.007  0.006  0.006  0.005  0.006
04:47:27 838.91   14.6   36.4   1623    3.2    181    7.2    29.4  -0.2   0.82   4.51 5463.3     0.00   0.00    0.0  0.006  0.006  0.006  0.006  0.005  0.006
04:47:29 838.70   14.5   36.5   1625    3.2    181    7.2    29.4  -0.2   0.82   4.50 5465.3     0.00   0.00    0.0  0.006  0.007  0.006  0.006  0.006  0.006
04:47:30 838.64   14.5   36.5   1626    3.2    182    7.2    29.4  -0.2   0.82   4.50 5466.3     0.00   0.00    0.0  0.006  0.007  0.006  0.006  0.005  0.006
04:47:31 838.52   14.5   36.5   1627    3.2    182    7.1    29.3  -0.2   0.82   4.50 5467.3     0.00   0.00    0.0  0.006  0.007  0.006  0.006  0.006  0.006
04:47:34 838.29   14.5   36.5   1629    3.2    181    7.2    29.4  -0.2   0.82   4.49 5470.3     0.00   0.00    0.0  0.006  0.007  0.006  0.006  0.005  0.006
04:47:35 838.33   14.5   36.5   1629    3.3    182    7.1    29.4  -0.2   0.82   4.51 5471.3     0.00   0.00    0.0  0.006  0.007  0.006  0.006  0.005  0.006
04:47:36 838.31   14.5   36.5   1629    3.3    182    7.2    29.4  -0.2   0.82   4.51 5472.3     0.00   0.00    0.0  0.006  0.007  0.006  0.006  0.006  0.006
04:47:37 838.38   14.5   36.5   1628    3.3    181    7.1    29.4  -0.2   0.82   4.49 5473.3     0.00   0.00    0.0  0.006  0.007  0.006  0.006  0.006  0.006
04:47:41 838.20   14.5   36.5   1630    3.2    181    7.1    29.4  -0.2   0.82   4.50 5477.3     0.00   0.00    0.0  0.006  0.007  0.006  0.006  0.005  0.006
04:47:44 837.84   14.5   36.6   1634    3.3    180    7.1    29.4  -0.2   0.82   4.50 5480.3     0.00   0.00    0.0  0.006  0.007  0.006  0.006  0.005  0.006
04:47:46 837.85   14.5   36.6   1634    3.2    180    7.1    29.4  -0.2   0.82   4.51 5482.3     0.00   0.00    0.0  0.006  0.007  0.006  0.006  0.005  0.006
04:47:47 837.84   14.4   36.5   1634    3.2    180    7.1    29.4  -0.2   0.82   4.49 5483.3     0.00   0.00    0.0  0.006  0.007  0.006  0.006  0.005  0.006
04:47:48 837.79   14.5   36.5   1634    3.2    181    7.1    29.4  -0.2   0.82   4.50 5484.3     0.00   0.00    0.0  0.006  0.007  0.006  0.006  0.005  0.006
04:47:50 837.71   14.5   36.6   1635    3.3    180    7.1    29.4  -0.2   0.82   4.50 5486.3     0.00   0.00    0.0  0.006  0.007  0.006  0.006  0.005  0.006
04:47:51 837.78   14.4   36.6   1634    3.2    180    7.1    29.3  -0.2   0.82   4.49 5487.3     0.00   0.00    0.0  0.006  0.007  0.006  0.006  0.005  0.006
04:47:52 837.86   14.4   36.6   1633    3.2    180    7.1    29.3  -0.2   0.82   4.48 5488.3     0.00   0.00    0.0  0.006  0.007  0.006  0.006  0.005  0.006
04:47:54 837.71   14.4   36.7   1635    3.2    180    7.1    29.4  -0.2   0.82   4.50 5490.3     0.00   0.00    0.0  0.006  0.007  0.006  0.006  0.005  0.006
04:47:57 837.28   14.4   36.7   1639    3.2    180    7.1    29.4  -0.2   0.82   4.50 5493.3     0.00   0.00    0.0  0.006  0.006  0.006  0.006  0.005  0.006
04:47:59 837.20   14.4   36.6   1640    3.2    181    7.1    29.4  -0.2   0.82   4.50 5495.3     0.00   0.00    0.0  0.006  0.007  0.006  0.006  0.005  0.006
04:48:00 837.33   14.4   36.6   1639    3.2    181    7.1    29.4  -0.2   0.82   4.49 5496.3     0.00   0.00    0.0  0.006  0.007  0.006  0.006  0.006  0.006
04:48:02 837.25   14.4   36.6   1640    3.2    181    7.1    29.4  -0.2   0.82   4.49 5498.3     0.00   0.00    0.0  0.006  0.007  0.006  0.006  0.005  0.006
04:48:04 837.04   14.4   36.7   1642    3.2    180    7.1    29.4  -0.2   0.82   4.49 5500.3     0.00   0.00    0.0  0.006  0.007  0.006  0.006  0.006  0.006
04:48:05 837.13   14.4   36.7   1641    3.2    181    7.1    29.3  -0.2   0.82   4.48 5501.3     0.00   0.00    0.0  0.006  0.007  0.006  0.006  0.006  0.006
04:48:07 836.88   14.4   36.7   1643    3.2    180    7.1    29.4  -0.2   0.82   4.50 5503.3     0.00   0.00    0.0  0.006  0.007  0.006  0.006  0.005  0.006
04:48:08 836.94   14.4   36.7   1643    3.2    180    7.1    29.4  -0.2   0.82   4.50 5504.3     0.00   0.00    0.0  0.006  0.007  0.006  0.006  0.005  0.006
04:48:10 836.72   14.4   36.8   1645    3.2    179    7.1    29.4  -0.2   0.82   4.51 5506.3     0.00   0.00    0.0  0.006  0.007  0.006  0.006  0.005  0.006
04:48:12 836.71   14.3   36.7   1645    3.2    180    7.1    29.4  -0.2   0.82   4.49 5508.3     0.00   0.00    0.0  0.006  0.007  0.006  0.006  0.005  0.006
04:48:13 836.61   14.4   36.7   1646    3.2    180    7.1    29.5  -0.2   0.82   4.51 5509.3     0.00   0.00    0.0  0.006  0.007  0.006  0.006  0.006  0.006
04:48:14 836.57   14.4   36.8   1646    3.2    180    7.1    29.4  -0.2   0.82   4.50 5510.3     0.00   0.00    0.0  0.006  0.007  0.006  0.006  0.005  0.006
04:48:15 836.64   14.4   36.7   1646    3.2    180    7.1    29.4  -0.2   0.82   4.49 5511.3     0.00   0.00    0.0  0.006  0.007  0.006  0.006  0.006  0.006
04:48:16 836.53   14.3   36.8   1647    3.2    180    7.1    29.4  -0.2   0.82   4.49 5512.3     0.00   0.00    0.0  0.006  0.007  0.006  0.006  0.006  0.006
04:48:17 836.57   14.3   36.7   1646    3.2    180    7.1    29.4  -0.2   0.82   4.49 5513.3     0.00   0.00    0.0  0.006  0.007  0.006  0.006  0.006  0.006
04:48:18 836.58   14.4   36.8   1646    3.2    179    7.1    29.4  -0.2   0.82   4.50 5514.3     0.00   0.00    0.0  0.006  0.007  0.006  0.006  0.006  0.006
04:48:21 836.27   14.4   36.7   1649    3.1    179    7.1    29.4  -0.2   0.82   4.50 5517.3     0.00   0.00    0.0  0.006  0.007  0.006  0.006  0.006  0.006
04:48:23 836.30   14.3   36.7   1649    3.1    179    7.1    29.4  -0.2   0.82   4.49 5519.3     0.00   0.00    0.0  0.006  0.007  0.006  0.006  0.006  0.006
04:48:24 836.02   14.3   36.8   1652    3.1    180    7.1    29.4  -0.2   0.82   4.50 5520.3     0.00   0.00    0.0  0.006  0.007  0.006  0.006  0.005  0.006
04:48:25 836.16   14.3   36.8   1651    3.1    181    7.1    29.4  -0.2   0.82   4.49 5521.3     0.00   0.00    0.0  0.006  0.007  0.006  0.006  0.005  0.006
04:48:26 835.96   14.3   36.8   1653    3.1    180    7.1    29.4  -0.2   0.82   4.50 5522.3     0.00   0.00    0.0  0.006  0.007  0.006  0.006  0.006  0.006
04:48:27 835.95   14.3   36.8   1653    3.0    180    7.1    29.4  -0.2   0.82   4.50 5523.3     0.00   0.00    0.0  0.006  0.007  0.006  0.006  0.006  0.006
04:48:28 836.13   14.3   36.8   1651    3.0    180    7.1    29.4  -0.2   0.82   4.50 5524.3     0.00   0.00    0.0  0.006  0.007  0.006  0.006  0.006  0.006
04:48:29 836.00   14.3   36.8   1652    3.0    180    7.1    29.4  -0.2   0.82   4.49 5525.3     0.00   0.00    0.0  0.006  0.007  0.006  0.006  0.006  0.006
04:48:30 835.87   14.3   36.8   1653    3.0    180    7.1    29.4  -0.2   0.82   4.49 5526.3     0.00   0.00    0.0  0.006  0.007  0.006  0.006  0.006  0.006
04:48:32 835.94   14.3   36.8   1653    3.0    180    7.1    29.4  -0.3   0.82   4.48 5528.3     0.00   0.00    0.0  0.006  0.007  0.006  0.006  0.006  0.006
04:48:34 835.73   14.3   36.8   1655    3.0    181    7.1    29.4  -0.3   0.82   4.48 5530.3     0.00   0.00    0.0  0.006  0.007  0.006  0.006  0.005  0.006
04:48:36 835.68   14.3   36.8   1655    3.0    180    7.1    29.4  -0.3   0.82   4.49 5532.3     0.00   0.00    0.0  0.006  0.007  0.006  0.006  0.006  0.006
04:48:37 835.56   14.3   36.8   1657    3.0    180    7.1    29.4  -0.3   0.82   4.48 5533.3     0.00   0.00    0.0  0.006  0.007  0.006  0.006  0.006  0.006
04:48:38 835.59   14.3   36.8   1656    3.0    181    7.1    29.4  -0.2   0.82   4.49 5534.3     0.00   0.00    0.0  0.006  0.007  0.006  0.006  0.006  0.006
04:48:39 835.63   14.3   36.8   1656    3.0    180    7.1    29.4  -0.3   0.82   4.49 5535.3     0.00   0.00    0.0  0.006  0.007  0.006  0.006  0.005  0.006
04:48:40 835.56   14.3   36.9   1657    3.0    180    7.1    29.4  -0.3   0.82   4.49 5536.3     0.00   0.00    0.0  0.006  0.007  0.006  0.006  0.005  0.006
04:48:44 835.46   14.3   36.9   1658    3.0    180    7.1    29.4  -0.2   0.82   4.49 5540.3     0.00   0.00    0.0  0.006  0.007  0.006  0.006  0.006  0.006
04:48:45 835.41   14.3   36.9   1658    2.9    180    7.1    29.4  -0.2   0.82   4.49 5541.2     0.00   0.00    0.0  0.006  0.007  0.006  0.006  0.006  0.006
04:48:46 835.37   14.3   36.9   1659    3.0    180    7.1    29.4  -0.2   0.82   4.49 5542.2     0.00   0.00    0.0  0.006  0.007  0.006  0.006  0.006  0.006
04:48:50 835.03   14.2   36.9   1662    2.9    180    7.1    29.4  -0.3   0.82   4.48 5546.2     0.00   0.00    0.0  0.006  0.007  0.006  0.006  0.006  0.006
04:48:51 835.23   14.2   36.9   1660    2.9    179    7.1    29.4  -0.2   0.82   4.49 5547.2     0.00   0.00    0.0  0.006  0.007  0.006  0.006  0.005  0.006
04:48:53 834.94   14.2   36.9   1663    2.9    180    7.1    29.4  -0.3   0.82   4.49 5549.2     0.00   0.00    0.0  0.006  0.007  0.006  0.006  0.006  0.006
04:48:54 835.10   14.2   36.9   1661    2.9    180    7.1    29.4  -0.3   0.82   4.49 5550.2     0.00   0.00    0.0  0.006  0.007  0.006  0.006  0.006  0.006
04:48:55 834.86   14.2   37.0   1664    2.9    181    7.1    29.4  -0.3   0.82   4.49 5551.2     0.00   0.00    0.0  0.006  0.007  0.006  0.006  0.006  0.006
04:48:56 834.88   14.2   37.0   1664    2.9    181    7.1    29.4  -0.3   0.82   4.48 5552.2     0.00   0.00    0.0  0.006  0.007  0.006  0.006  0.006  0.006
04:48:57 834.64   14.2   37.0   1666    2.9    181    7.1    29.4  -0.3   0.82   4.48 5553.2     0.00   0.00    0.0  0.006  0.007  0.006  0.006  0.006  0.006
04:48:58 834.53   14.2   37.0   1667    2.9    181    7.1    29.4  -0.3   0.82   4.48 5554.2     0.00   0.00    0.0  0.006  0.007  0.006  0.006  0.006  0.006
04:48:59 834.55   14.2   37.0   1667    2.9    182    7.1    29.4  -0.3   0.82   4.48 5555.2     0.00   0.00    0.0  0.006  0.007  0.006  0.006  0.006  0.006
04:49:00 834.76   14.2   37.0   1665    2.9    182    7.1    29.4  -0.3   0.82   4.49 5556.2     0.00   0.00    0.0  0.006  0.007  0.006  0.006  0.006  0.006
04:49:01 834.51   14.2   37.0   1667    2.9    182    7.1    29.5  -0.2   0.82   4.49 5557.2     0.00   0.00    0.0  0.006  0.007  0.006  0.006  0.006  0.006
04:49:02 834.39   14.2   37.0   1668    2.9    182    7.1    29.4  -0.3   0.82   4.49 5558.2     0.00   0.00    0.0  0.006  0.007  0.006  0.006  0.006  0.006
04:49:03 834.30   14.2   37.0   1669    2.9    182    7.1    29.5  -0.3   0.82   4.49 5559.2     0.00   0.00    0.0  0.006  0.007  0.006  0.006  0.006  0.006
04:49:04 834.46   14.2   37.0   1668    2.9    183    7.1    29.5  -0.3   0.82   4.49 5560.2     0.00   0.00    0.0  0.006  0.007  0.006  0.006  0.006  0.006
04:49:05 834.46   14.2   37.0   1668    2.9    182    7.1    29.4  -0.3   0.82   4.48 5561.2     0.00   0.00    0.0  0.006  0.007  0.006  0.006  0.006  0.006
04:49:06 834.39   14.2   37.0   1668    2.9    183    7.1    29.4  -0.3   0.82   4.48 5562.2     0.00   0.00    0.0  0.006  0.007  0.006  0.006  0.006  0.006
04:49:07 834.43   14.1   37.0   1668    2.9    183    7.1    29.4  -0.3   0.82   4.48 5563.2     0.00   0.00    0.0  0.006  0.007  0.006  0.006  0.006  0.006
04:49:08 834.37   14.1   37.0   1669    2.9    183    7.1    29.4  -0.3   0.82   4.48 5564.2     0.00   0.00    0.0  0.006  0.007  0.006  0.006  0.006  0.006
04:49:12 834.15   14.2   37.0   1671    2.9    182    7.1    29.4  -0.3   0.82   4.48 5568.2     0.00   0.00    0.0  0.006  0.007  0.006  0.006  0.006  0.006
04:49:15 834.18   14.1   37.1   1671    2.8    182    7.1    29.4  -0.3   0.82   4.48 5571.2     0.00   0.00    0.0  0.006  0.007  0.006  0.006  0.006  0.006
04:49:17 834.13   14.1   37.0   1671    2.9    182    7.1    29.4  -0.3   0.82   4.48 5573.2     0.00   0.00    0.0  0.006  0.007  0.006  0.006  0.006  0.006
04:49:18 834.02   14.1   37.0   1672    2.8    181    7.1    29.4  -0.3   0.82   4.47 5574.2     0.00   0.00    0.0  0.006  0.007  0.006  0.006  0.006  0.006
04:49:20 833.74   14.1   37.1   1675    2.9    180    7.1    29.4  -0.3   0.82   4.47 5576.2     0.00   0.00    0.0  0.006  0.007  0.006  0.006  0.006  0.006
04:49:22 833.63   14.1   37.1   1676    2.9    180    7.1    29.5  -0.3   0.82   4.48 5578.2     0.00   0.00    0.0  0.006  0.007  0.006  0.006  0.006  0.006
04:49:23 833.58   14.1   37.1   1677    2.9    180    7.1    29.5  -0.3   0.82   4.49 5579.2     0.00   0.00    0.0  0.006  0.007  0.006  0.006  0.006  0.006
04:49:25 833.66   14.1   37.1   1676    2.9    181    7.1    29.4  -0.3   0.82   4.48 5581.2     0.00   0.00    0.0  0.006  0.007  0.006  0.006  0.006  0.006
04:49:26 833.41   14.1   37.1   1678    2.8    181    7.1    29.5  -0.3   0.82   4.48 5582.2     0.00   0.00    0.0  0.006  0.007  0.006  0.006  0.005  0.006
04:49:28 833.67   14.1   37.1   1676    2.8    179    7.1    29.4  -0.3   0.82   4.47 5584.2     0.00   0.00    0.0  0.006  0.007  0.006  0.006  0.006  0.006
04:49:29 833.28   14.1   37.2   1680    2.8    179    7.1    29.4  -0.3   0.82   4.48 5585.2     0.00   0.00    0.0  0.006  0.007  0.006  0.006  0.006  0.006
04:49:30 833.43   14.1   37.1   1678    2.8    180    7.1    29.4  -0.3   0.82   4.47 5586.2     0.00   0.00    0.0  0.006  0.007  0.006  0.006  0.006  0.006
04:49:31 833.42   14.1   37.2   1678    2.8    180    7.1    29.4  -0.3   0.82   4.48 5587.2     0.00   0.00    0.0  0.006  0.007  0.006  0.006  0.006  0.006
04:49:32 833.33   14.1   37.1   1679    2.8    179    7.1    29.5  -0.3   0.82   4.48 5588.2     0.00   0.00    0.0  0.006  0.007  0.006  0.006  0.006  0.006
04:49:33 833.43   14.1   37.1   1678    2.8    180    7.1    29.4  -0.3   0.82   4.48 5589.2     0.00   0.00    0.0  0.006  0.007  0.006  0.006  0.006  0.006
04:49:34 833.28   14.0   37.2   1680    2.8    180    7.1    29.4  -0.3   0.82   4.47 5590.2     0.00   0.00    0.0  0.006  0.007  0.006  0.006  0.006  0.006
04:49:35 833.21   14.1   37.2   1680    2.8    179    7.1    29.5  -0.3   0.82   4.49 5591.2     0.00   0.00    0.0  0.006  0.007  0.006  0.006  0.006  0.006
04:49:37 833.10   14.1   37.2   1682    2.8    180    7.1    29.4  -0.3   0.82   4.47 5593.2     0.00   0.00    0.0  0.006  0.007  0.006  0.006  0.006  0.006
04:49:40 833.01   14.1   37.2   1682    2.8    181    7.1    29.5  -0.3   0.82   4.48 5596.2     0.00   0.00    0.0  0.006  0.007  0.006  0.006  0.006  0.006
04:49:42 832.79   14.0   37.2   1685    2.8    182    7.1    29.4  -0.3   0.82   4.47 5598.2     0.00   0.00    0.0  0.006  0.007  0.006  0.006  0.006  0.006
04:49:43 832.95   14.1   37.2   1683    2.8    182    7.1    29.5  -0.3   0.82   4.48 5599.2     0.00   0.00    0.0  0.006  0.007  0.006  0.006  0.006  0.006
04:49:44 832.79   14.0   37.2   1685    2.8    181    7.1    29.4  -0.3   0.82   4.47 5600.2     0.00   0.00    0.0  0.006  0.007  0.006  0.006  0.006  0.006
04:49:46 832.64   14.0   37.2   1686    2.8    180    7.1    29.4  -0.3   0.82   4.47 5602.2     0.00   0.00    0.0  0.006  0.007  0.006  0.006  0.006  0.006
04:49:47 832.82   14.0   37.2   1684    2.8    180    7.1    29.4  -0.3   0.82   4.48 5603.2     0.00   0.00    0.0  0.006  0.007  0.006  0.006  0.006  0.006
04:49:49 832.57   14.0   37.2   1687    2.8    180    7.1    29.4  -0.4   0.82   4.47 5605.2     0.00   0.00    0.0  0.006  0.007  0.006  0.006  0.006  0.006
04:49:50 832.65   14.0   37.3   1686    2.8    180    7.1    29.4  -0.3   0.82   4.47 5606.2     0.00   0.00    0.0  0.006  0.007  0.006  0.006  0.006  0.006
04:49:52 832.59   14.0   37.3   1687    2.9    180    7.1    29.4  -0.3   0.82   4.47 5608.2     0.00   0.00    0.0  0.006  0.007  0.006  0.006  0.006  0.006
04:49:53 832.61   14.0   37.3   1686    2.8    180    7.1    29.4  -0.4   0.82   4.46 5609.2     0.00   0.00    0.0  0.006  0.007  0.006  0.006  0.006  0.006
04:49:55 832.43   14.0   37.3   1688    2.8    180    7.1    29.4  -0.4   0.82   4.46 5611.2     0.00   0.00    0.0  0.006  0.007  0.006  0.006  0.006  0.006
04:49:56 832.34   14.0   37.3   1689    2.8    180    7.1    29.4  -0.4   0.82   4.47 5612.2     0.00   0.00    0.0  0.006  0.007  0.006  0.006  0.006  0.006
04:49:57 832.21   14.0   37.3   1691    2.9    180    7.1    29.5  -0.3   0.82   4.47 5613.2     0.00   0.00    0.0  0.006  0.007  0.006  0.006  0.006  0.006
04:49:58 832.19   14.0   37.3   1691    2.8    179    7.1    29.4  -0.4   0.82   4.47 5614.2     0.00   0.00    0.0  0.006  0.007  0.006  0.006  0.006  0.006
04:50:00 832.38   14.0   37.4   1689    2.9    179    7.1    29.4  -0.3   0.82   4.47 5616.2     0.00   0.00    0.0  0.006  0.007  0.006  0.006  0.006  0.006
04:50:01 832.06   13.9   37.4   1692    2.9    180    7.1    29.4  -0.4   0.82   4.46 5617.2     0.00   0.00    0.0  0.006  0.007  0.006  0.006  0.006  0.006
04:50:02 832.00   14.0   37.4   1693    2.9    180    7.1    29.5  -0.3   0.82   4.48 5618.2     0.00   0.00    0.0  0.006  0.007  0.006  0.006  0.006  0.006
04:50:04 831.99   14.0   37.4   1693    2.9    181    7.1    29.5  -0.3   0.82   4.48 5620.2     0.00   0.00    0.0  0.006  0.007  0.006  0.006  0.006  0.006
04:50:05 832.13   13.9   37.4   1691    2.8    181    7.1    29.4  -0.4   0.82   4.47 5621.2     0.00   0.00    0.0  0.006  0.007  0.006  0.006  0.006  0.006
04:50:06 832.01   13.9   37.4   1693    2.8    182    7.1    29.4  -0.4   0.82   4.47 5622.2     0.00   0.00    0.0  0.006  0.007  0.006  0.006  0.006  0.006
04:50:08 832.00   14.0   37.4   1693    2.8    181    7.1    29.5  -0.3   0.82   4.48 5624.2     0.00   0.00    0.0  0.006  0.007  0.006  0.006  0.006  0.006
04:50:13 831.53   13.9   37.4   1697    2.8    180    7.1    29.4  -0.4   0.82   4.45 5629.2     0.00   0.00    0.0  0.006  0.007  0.006  0.006  0.006  0.006
04:50:14 831.46   13.9   37.4   1698    2.8    179    7.1    29.5  -0.3   0.82   4.47 5630.2     0.00   0.00    0.0  0.006  0.007  0.006  0.006  0.006  0.006
04:50:15 831.42   13.9   37.5   1699    2.8    179    7.1    29.4  -0.4   0.82   4.47 5631.2     0.00   0.00    0.0  0.006  0.007  0.006  0.006  0.006  0.006
04:50:16 831.56   13.9   37.5   1697    2.8    179    7.1    29.4  -0.4   0.82   4.46 5632.2     0.00   0.00    0.0  0.006  0.007  0.006  0.006  0.006  0.006
04:50:17 831.42   13.9   37.4   1699    2.9    178    7.1    29.4  -0.4   0.82   4.46 5633.2     0.00   0.00    0.0  0.006  0.007  0.006  0.006  0.006  0.006
04:50:18 831.33   13.9   37.5   1699    2.9    178    7.1    29.4  -0.4   0.82   4.46 5634.2     0.00   0.00    0.0  0.006  0.007  0.006  0.006  0.006  0.006
04:50:21 831.48   13.9   37.5   1698    2.9    178    7.1    29.4  -0.4   0.82   4.46 5637.2     0.00   0.00    0.0  0.006  0.007  0.006  0.006  0.006  0.006
04:50:22 831.22   13.9   37.4   1701    2.9    178    7.1    29.5  -0.4   0.82   4.47 5638.2     0.00   0.00    0.0  0.006  0.007  0.006  0.006  0.006  0.006
04:50:23 831.09   13.9   37.5   1702    2.9    179    7.1    29.5  -0.4   0.82   4.47 5639.2     0.00   0.00    0.0  0.006  0.007  0.006  0.006  0.006  0.006
04:50:24 831.04   13.9   37.5   1702    2.9    179    7.1    29.5  -0.4   0.82   4.47 5640.2     0.00   0.00    0.0  0.006  0.007  0.006  0.006  0.006  0.006
04:50:25 831.16   13.9   37.5   1701    2.9    179    7.1    29.4  -0.4   0.82   4.47 5641.2     0.00   0.00    0.0  0.006  0.007  0.006  0.006  0.006  0.006
04:50:26 831.07   13.8   37.5   1702    2.8    179    7.1    29.4  -0.4   0.82   4.46 5642.1     0.00   0.00    0.0  0.006  0.007  0.006  0.006  0.006  0.006
04:50:27 831.15   13.9   37.5   1701    2.9    179    7.1    29.4  -0.4   0.82   4.46 5643.1     0.00   0.00    0.0  0.006  0.007  0.006  0.006  0.006  0.006
04:50:28 830.95   13.9   37.6   1703    2.9    179    7.1    29.5  -0.3   0.82   4.48 5644.2     0.00   0.00    0.0  0.006  0.007  0.006  0.006  0.006  0.006
04:50:29 830.92   13.8   37.6   1704    2.8    179    7.1    29.4  -0.4   0.82   4.46 5645.1     0.00   0.00    0.0  0.006  0.007  0.006  0.006  0.006  0.006
04:50:30 831.04   13.8   37.5   1702    2.9    179    7.1    29.4  -0.4   0.82   4.46 5646.1     0.00   0.00    0.0  0.006  0.007  0.006  0.006  0.006  0.006
04:50:31 830.77   13.8   37.5   1705    2.9    179    7.1    29.5  -0.4   0.82   4.46 5647.1     0.00   0.00    0.0  0.006  0.007  0.006  0.006  0.006  0.006
04:50:32 831.07   13.8   37.5   1702    2.8    179    7.1    29.4  -0.4   0.82   4.45 5648.1     0.00   0.00    0.0  0.006  0.007  0.006  0.006  0.006  0.006
04:50:33 830.84   13.8   37.6   1704    2.9    179    7.1    29.4  -0.4   0.82   4.46 5649.1     0.00   0.00    0.0  0.006  0.007  0.006  0.006  0.006  0.006
04:50:34 830.59   13.8   37.6   1707    2.9    179    7.1    29.4  -0.4   0.82   4.46 5650.1     0.00   0.00    0.0  0.006  0.007  0.006  0.006  0.006  0.006
04:50:35 830.74   13.8   37.6   1705    2.9    179    7.1    29.4  -0.4   0.82   4.45 5651.1     0.00   0.00    0.0  0.006  0.007  0.006  0.006  0.006  0.006
04:50:36 830.71   13.8   37.5   1706    2.9    179    7.1    29.4  -0.4   0.82   4.46 5652.1     0.00   0.00    0.0  0.006  0.007  0.006  0.006  0.006  0.006
04:50:37 830.64   13.8   37.6   1706    2.9    179    7.1    29.4  -0.4   0.82   4.46 5653.1     0.00   0.00    0.0  0.006  0.007  0.006  0.006  0.006  0.006
04:50:38 830.58   13.8   37.6   1707    2.8    179    7.1    29.4  -0.4   0.82   4.46 5654.1     0.00   0.00    0.0  0.006  0.007  0.006  0.006  0.006  0.006
04:50:39 830.57   13.8   37.6   1707    2.8    179    7.1    29.4  -0.4   0.82   4.45 5655.1     0.00   0.00    0.0  0.006  0.007  0.006  0.006  0.006  0.006
04:50:41 830.57   13.7   37.6   1707    2.8    178    7.1    29.4  -0.4   0.82   4.44 5657.1     0.00   0.00    0.0  0.006  0.007  0.006  0.006  0.006  0.006
04:50:42 830.47   13.8   37.6   1708    2.8    178    7.1    29.4  -0.4   0.82   4.46 5658.1     0.00   0.00    0.0  0.006  0.007  0.006  0.006  0.006  0.006
04:50:44 830.24   13.8   37.6   1710    2.8    178    7.1    29.4  -0.4   0.82   4.45 5660.1     0.00   0.00    0.0  0.006  0.007  0.006  0.006  0.006  0.006
04:50:45 830.26   13.8   37.6   1710    2.8    178    7.1    29.5  -0.4   0.82   4.47 5661.1     0.00   0.00    0.0  0.006  0.007  0.006  0.006  0.006  0.006
04:50:46 830.08   13.8   37.7   1712    2.8    178    7.1    29.4  -0.4   0.82   4.46 5662.1     0.00   0.00    0.0  0.006  0.007  0.006  0.006  0.006  0.006
04:50:47 830.06   13.8   37.7   1712    2.9    177    7.1    29.5  -0.4   0.82   4.47 5663.1     0.00   0.00    0.0  0.006  0.007  0.006  0.006  0.006  0.006
04:50:48 829.92   13.8   37.7   1714    2.9    177    7.1    29.5  -0.4   0.82   4.47 5664.1     0.00   0.00    0.0  0.006  0.007  0.006  0.006  0.006  0.006
04:50:49 830.10   13.8   37.7   1712    2.8    177    7.1    29.4  -0.4   0.82   4.47 5665.1     0.00   0.00    0.0  0.006  0.007  0.006  0.006  0.006  0.006
04:50:50 830.04   13.8   37.7   1713    2.9    177    7.1    29.5  -0.4   0.82   4.47 5666.1     0.00   0.00    0.0  0.006  0.007  0.006  0.006  0.006  0.006
04:50:51 830.08   13.8   37.7   1712    2.8    177    7.1    29.4  -0.4   0.82   4.46 5667.1     0.00   0.00    0.0  0.006  0.007  0.006  0.006  0.006  0.006
04:50:53 830.12   13.7   37.7   1712    2.9    178    7.1    29.4  -0.4   0.82   4.45 5669.1     0.00   0.00    0.0  0.006  0.007  0.006  0.006  0.006  0.006
04:50:54 829.87   13.7   37.7   1714    2.8    177    7.1    29.4  -0.4   0.82   4.45 5670.1     0.00   0.00    0.0  0.006  0.007  0.006  0.006  0.006  0.006
04:50:56 829.61   13.7   37.7   1717    2.8    177    7.1    29.5  -0.4   0.82   4.47 5672.1     0.00   0.00    0.0  0.006  0.007  0.006  0.006  0.006  0.006
04:50:57 829.68   13.7   37.8   1716    2.8    177    7.1    29.4  -0.4   0.82   4.46 5673.1     0.00   0.00    0.0  0.006  0.007  0.006  0.006  0.006  0.006
04:50:58 829.89   13.7   37.7   1714    2.8    178    7.1    29.4  -0.4   0.82   4.46 5674.1     0.00   0.00    0.0  0.006  0.007  0.006  0.006  0.006  0.006
04:50:59 829.63   13.7   37.7   1717    2.8    177    7.1    29.4  -0.4   0.82   4.45 5675.1     0.00   0.00    0.0  0.006  0.007  0.006  0.006  0.006  0.006
04:51:00 829.78   13.7   37.7   1715    2.8    178    7.1    29.4  -0.4   0.82   4.46 5676.1     0.00   0.00    0.0  0.006  0.007  0.006  0.006  0.006  0.006
04:51:02 829.57   13.7   37.8   1717    2.8    177    7.1    29.5  -0.4   0.82   4.47 5678.1     0.00   0.00    0.0  0.006  0.007  0.006  0.006  0.006  0.006
04:51:03 829.61   13.7   37.7   1717    2.8    177    7.1    29.4  -0.4   0.82   4.45 5679.1     0.00   0.00    0.0  0.006  0.007  0.006  0.006  0.006  0.006
04:51:04 829.41   13.7   37.7   1719    2.9    177    7.1    29.4  -0.4   0.82   4.45 5680.1     0.00   0.00    0.0  0.006  0.007  0.006  0.006  0.006  0.006
04:51:05 829.62   13.7   37.8   1717    2.8    177    7.1    29.4  -0.4   0.82   4.45 5681.1     0.00   0.00    0.0  0.006  0.007  0.006  0.006  0.006  0.006
04:51:08 829.35   13.7   37.8   1719    2.9    177    7.1    29.4  -0.4   0.82   4.45 5684.1     0.00   0.00    0.0  0.006  0.007  0.006  0.006  0.006  0.006
04:51:09 829.19   13.7   37.8   1721    2.8    177    7.1    29.5  -0.4   0.82   4.46 5685.1     0.00   0.00    0.0  0.006  0.007  0.006  0.006  0.006  0.006
04:51:10 829.16   13.7   37.8   1721    2.9    177    7.1    29.5  -0.4   0.82   4.47 5686.1     0.00   0.00    0.0  0.006  0.007  0.006  0.006  0.006  0.006
04:51:11 829.35   13.7   37.8   1719    2.8    178    7.1    29.4  -0.4   0.82   4.46 5687.1     0.00   0.00    0.0  0.006  0.007  0.006  0.006  0.006  0.006
04:51:12 829.07   13.7   37.9   1722    2.8    178    7.1    29.5  -0.4   0.82   4.46 5688.1     0.00   0.00    0.0  0.006  0.007  0.006  0.006  0.006  0.006
04:51:13 829.05   13.7   37.8   1723    2.9    178    7.1    29.5  -0.4   0.82   4.46 5689.1     0.00   0.00    0.0  0.006  0.007  0.006  0.006  0.006  0.006
04:51:14 829.24   13.7   37.8   1721    2.8    178    7.1    29.4  -0.4   0.82   4.45 5690.1     0.00   0.00    0.0  0.006  0.007  0.006  0.006  0.006  0.006
04:51:15 828.94   13.7   37.8   1724    2.8    177    7.1    29.5  -0.4   0.82   4.46 5691.1     0.00   0.00    0.0  0.006  0.007  0.006  0.006  0.006  0.006
04:51:17 829.24   13.7   37.8   1721    2.8    176    7.1    29.4  -0.4   0.82   4.45 5693.1     0.00   0.00    0.0  0.006  0.007  0.006  0.006  0.006  0.006
04:51:22 829.00   13.7   37.9   1723    3.0    175    7.1    29.4  -0.4   0.82   4.46 5698.1     0.00   0.00    0.0  0.006  0.007  0.006  0.006  0.006  0.006
04:51:23 829.13   13.6   37.9   1722    3.1    174    7.1    29.4  -0.4   0.82   4.46 5699.1     0.00   0.00    0.0  0.006  0.007  0.006  0.006  0.006  0.006
04:51:24 828.97   13.7   37.9   1723    3.2    175    7.1    29.4  -0.4   0.82   4.47 5700.1     0.00   0.00    0.0  0.006  0.007  0.006  0.006  0.006  0.006
04:51:25 829.17   13.6   37.9   1721    3.2    174    7.1    29.4  -0.4   0.82   4.45 5701.1     0.00   0.00    0.0  0.006  0.007  0.006  0.006  0.006  0.006
04:51:26 828.93   13.6   37.9   1724    3.3    175    7.1    29.4  -0.4   0.82   4.46 5702.1     0.00   0.00    0.0  0.006  0.007  0.006  0.006  0.006  0.006
04:51:27 829.16   13.7   37.9   1721    3.3    175    7.1    29.4  -0.4   0.82   4.46 5703.1     0.00   0.00    0.0  0.006  0.007  0.006  0.006  0.006  0.006
04:51:28 829.29   13.6   37.9   1720    3.4    175    7.1    29.4  -0.4   0.82   4.45 5704.1     0.00   0.00    0.0  0.006  0.007  0.006  0.006  0.006  0.006
04:51:29 829.15   13.7   37.9   1722    3.5    175    7.1    29.4  -0.4   0.82   4.46 5705.1     0.00   0.00    0.0  0.006  0.007  0.006  0.006  0.006  0.006
04:51:31 829.02   13.6   37.8   1723    3.7    174    7.1    29.4  -0.4   0.82   4.45 5707.1     0.00   0.00    0.0  0.006  0.007  0.006  0.006  0.006  0.006
04:51:32 829.15   13.7   37.9   1722    3.7    175    7.1    29.4  -0.4   0.82   4.46 5708.1     0.00   0.00    0.0  0.006  0.007  0.006  0.006  0.006  0.006
04:51:33 829.04   13.7   37.8   1723    3.7    176    7.1    29.4  -0.4   0.82   4.45 5709.1     0.00   0.00    0.0  0.006  0.007  0.006  0.006  0.006  0.006
04:51:34 829.06   13.6   37.9   1723    3.8    175    7.1    29.4  -0.4   0.82   4.45 5710.1     0.00   0.00    0.0  0.006  0.007  0.006  0.006  0.006  0.006
04:51:35 829.15   13.7   37.8   1722    3.8    174    7.1    29.5  -0.4   0.82   4.46 5711.1     0.00   0.00    0.0  0.006  0.007  0.006  0.006  0.006  0.006
04:51:36 829.08   13.7   37.9   1722    3.8    175    7.1    29.5  -0.4   0.82   4.47 5712.1     0.00   0.00    0.0  0.006  0.007  0.006  0.006  0.006  0.006
04:51:38 829.40   13.7   37.9   1719    3.9    174    7.1    29.4  -0.4   0.82   4.45 5714.1     0.00   0.00    0.0  0.006  0.007  0.006  0.006  0.006  0.006
04:51:41 829.28   13.7   37.8   1720    3.9    173    7.1    29.4  -0.4   0.82   4.45 5717.1     0.00   0.00    0.0  0.006  0.007  0.006  0.006  0.006  0.006
04:51:42 829.24   13.7   37.8   1721    3.9    174    7.1    29.4  -0.4   0.82   4.46 5718.1     0.00   0.00    0.0  0.006  0.007  0.006  0.006  0.006  0.006
04:51:43 829.46   13.7   37.8   1718    3.9    173    7.1    29.4  -0.4   0.82   4.46 5719.1     0.00   0.00    0.0  0.006  0.007  0.006  0.006  0.006  0.006
04:51:44 829.14   13.7   37.9   1722    3.9    173    7.1    29.4  -0.4   0.82   4.45 5720.1     0.00   0.00    0.0  0.006  0.007  0.006  0.006  0.006  0.006
04:51:45 829.19   13.7   37.8   1721    3.9    172    7.1    29.5  -0.4   0.82   4.46 5721.1     0.00   0.00    0.0  0.006  0.007  0.006  0.006  0.006  0.006
04:51:51 829.42   13.7   37.8   1719    3.8    172    7.1    29.4  -0.5   0.82   4.44 5727.1     0.00   0.00    0.0  0.006  0.007  0.006  0.006  0.006  0.006
04:51:52 829.59   13.7   37.8   1717    3.8    172    7.1    29.4  -0.4   0.82   4.46 5728.1     0.00   0.00    0.0  0.006  0.007  0.006  0.006  0.006  0.006
04:51:53 829.38   13.7   37.8   1719    3.8    172    7.1    29.5  -0.4   0.82   4.46 5729.1     0.00   0.00    0.0  0.006  0.007  0.006  0.006  0.006  0.006
04:51:55 829.61   13.7   37.8   1717    3.7    170    7.1    29.4  -0.4   0.82   4.45 5731.1     0.00   0.00    0.0  0.006  0.007  0.006  0.006  0.006  0.006
04:51:56 829.68   13.7   37.8   1716    3.7    170    7.1    29.4  -0.4   0.82   4.46 5732.1     0.00   0.00    0.0  0.006  0.007  0.006  0.006  0.006  0.006
04:51:57 829.62   13.7   37.8   1717    3.6    171    7.1    29.4  -0.4   0.82   4.46 5733.1     0.00   0.00    0.0  0.006  0.007  0.006  0.006  0.006  0.006
04:51:58 829.63   13.7   37.8   1717    3.7    171    7.1    29.4  -0.4   0.82   4.45 5734.1     0.00   0.00    0.0  0.006  0.007  0.006  0.006  0.006  0.006
04:51:59 829.71   13.7   37.8   1716    3.6    170    7.1    29.4  -0.4   0.82   4.45 5735.1     0.00   0.00    0.0  0.006  0.007  0.006  0.006  0.006  0.006
04:52:02 829.69   13.7   37.8   1716    3.6    172    7.1    29.4  -0.4   0.82   4.46 5738.1     0.00   0.00    0.0  0.006  0.007  0.006  0.006  0.006  0.006
04:52:03 829.81   13.7   37.8   1715    3.6    171    7.1    29.4  -0.4   0.82   4.46 5739.1     0.00   0.00    0.0  0.006  0.007  0.006  0.006  0.006  0.006
04:52:04 829.73   13.7   37.8   1716    3.6    171    7.1    29.4  -0.4   0.82   4.46 5740.1     0.00   0.00    0.0  0.006  0.007  0.006  0.006  0.006  0.006
04:52:06 829.95   13.7   37.8   1713    3.6    171    7.1    29.4  -0.4   0.82   4.47 5742.1     0.00   0.00    0.0  0.006  0.007  0.006  0.006  0.006  0.006
04:52:07 829.84   13.7   37.8   1715    3.6    171    7.1    29.4  -0.4   0.82   4.45 5743.1     0.00   0.00    0.0  0.006  0.007  0.006  0.006  0.006  0.006
04:52:08 830.04   13.7   37.8   1713    3.6    172    7.1    29.4  -0.4   0.82   4.47 5744.0     0.00   0.00    0.0  0.006  0.007  0.006  0.006  0.006  0.006
04:52:09 829.99   13.8   37.7   1713    3.6    172    7.0    29.5  -0.4   0.82   4.47 5745.0     0.00   0.00    0.0  0.006  0.007  0.006  0.006  0.006  0.006
04:52:10 830.06   13.7   37.8   1712    3.6    171    7.1    29.4  -0.4   0.82   4.46 5746.0     0.00   0.00    0.0  0.006  0.007  0.006  0.006  0.006  0.006
04:52:11 830.15   13.7   37.7   1711    3.6    171    7.0    29.4  -0.4   0.82   4.45 5747.0     0.00   0.00    0.0  0.006  0.007  0.006  0.006  0.006  0.006
04:52:12 830.09   13.7   37.8   1712    3.6    170    7.1    29.4  -0.4   0.82   4.46 5748.0     0.00   0.00    0.0  0.006  0.007  0.006  0.006  0.006  0.006
04:52:17 830.47   13.8   37.7   1708    3.5    170    7.0    29.4  -0.4   0.82   4.47 5753.0     0.00   0.00    0.0  0.006  0.007  0.006  0.006  0.006  0.006
04:52:19 830.43   13.8   37.7   1709    3.5    170    7.0    29.4  -0.4   0.82   4.46 5755.0     0.00   0.00    0.0  0.006  0.007  0.006  0.006  0.006  0.006
04:52:21 830.66   13.8   37.7   1706    3.5    171    7.0    29.4  -0.4   0.82   4.47 5757.0     0.00   0.00    0.0  0.006  0.007  0.006  0.006  0.006  0.006
04:52:22 830.43   13.8   37.7   1709    3.5    170    7.0    29.4  -0.4   0.82   4.48 5758.0     0.00   0.00    0.0  0.006  0.007  0.006  0.006  0.006  0.006
04:52:23 830.68   13.8   37.7   1706    3.5    170    7.0    29.4  -0.4   0.82   4.47 5759.0     0.00   0.00    0.0  0.006  0.007  0.006  0.006  0.006  0.006
04:52:24 830.86   13.8   37.7   1704    3.5    169    7.0    29.4  -0.4   0.82   4.46 5760.0     0.00   0.00    0.0  0.006  0.007  0.006  0.006  0.006  0.006
04:52:25 830.79   13.8   37.7   1705    3.5    169    7.0    29.4  -0.4   0.82   4.47 5761.0     0.00   0.00    0.0  0.006  0.007  0.006  0.006  0.006  0.006
04:52:26 830.71   13.8   37.7   1706    3.5    169    7.0    29.4  -0.4   0.82   4.47 5762.0     0.00   0.00    0.0  0.006  0.007  0.006  0.006  0.006  0.006
04:52:27 830.81   13.8   37.6   1705    3.4    169    7.0    29.4  -0.4   0.82   4.46 5763.0     0.00   0.00    0.0  0.006  0.007  0.006  0.006  0.006  0.006
04:52:28 830.74   13.8   37.7   1705    3.5    169    7.0    29.4  -0.3   0.82   4.48 5764.0     0.00   0.00    0.0  0.006  0.007  0.006  0.006  0.006  0.006
04:52:30 830.96   13.8   37.7   1703    3.4    169    7.0    29.4  -0.3   0.82   4.48 5766.0     0.00   0.00    0.0  0.006  0.007  0.006  0.006  0.006  0.006
04:52:33 831.03   13.8   37.6   1702    3.4    169    7.0    29.4  -0.4   0.82   4.46 5769.0     0.00   0.00    0.0  0.006  0.007  0.006  0.006  0.006  0.006
04:52:34 831.05   13.9   37.6   1702    3.4    169    7.0    29.4  -0.3   0.82   4.48 5770.0     0.00   0.00    0.0  0.006  0.007  0.006  0.006  0.006  0.006
04:52:36 831.31   13.8   37.6   1700    3.3    169    7.0    29.4  -0.4   0.82   4.46 5772.0     0.00   0.00    0.0  0.006  0.007  0.006  0.006  0.006  0.006
04:52:37 831.23   13.9   37.6   1700    3.4    169    7.0    29.4  -0.4   0.82   4.47 5773.0     0.00   0.00    0.0  0.006  0.007  0.006  0.006  0.006  0.006
04:52:38 831.33   13.8   37.6   1699    3.3    168    7.0    29.4  -0.4   0.82   4.47 5774.0     0.00   0.00    0.0  0.006  0.007  0.006  0.006  0.006  0.006
04:52:39 831.44   13.9   37.6   1698    3.3    168    7.0    29.4  -0.3   0.82   4.48 5775.0     0.00   0.00    0.0  0.006  0.007  0.006  0.006  0.006  0.006
04:52:40 831.26   13.8   37.6   1700    3.3    168    7.0    29.4  -0.3   0.82   4.48 5776.0     0.00   0.00    0.0  0.006  0.007  0.006  0.006  0.006  0.006
04:52:42 831.40   13.9   37.6   1699    3.3    168    7.0    29.4  -0.3   0.82   4.49 5778.0     0.00   0.00    0.0  0.006  0.007  0.006  0.006  0.006  0.006
04:52:43 831.54   13.9   37.6   1697    3.3    169    7.0    29.4  -0.3   0.82   4.49 5779.0     0.00   0.00    0.0  0.006  0.007  0.006  0.006  0.006  0.006
04:52:44 831.43   13.9   37.6   1698    3.3    169    7.0    29.4  -0.3   0.82   4.49 5780.0     0.00   0.00    0.0  0.006  0.007  0.006  0.006  0.006  0.006
04:52:46 831.63   13.9   37.6   1696    3.3    168    7.0    29.5  -0.3   0.82   4.49 5782.0     0.00   0.00    0.0  0.006  0.007  0.006  0.006  0.006  0.006
04:52:48 831.62   13.9   37.6   1696    3.3    167    7.0    29.4  -0.3   0.82   4.47 5784.0     0.00   0.00    0.0  0.006  0.007  0.006  0.006  0.006  0.006
04:52:49 831.70   13.9   37.6   1696    3.3    166    7.0    29.4  -0.3   0.82   4.48 5785.0     0.00   0.00    0.0  0.006  0.007  0.006  0.006  0.006  0.006
04:52:50 831.77   13.9   37.5   1695    3.3    167    7.0    29.4  -0.3   0.82   4.48 5786.0     0.00   0.00    0.0  0.006  0.007  0.006  0.006  0.006  0.006
04:52:54 832.28   13.9   37.5   1690    3.3    167    7.0    29.4  -0.3   0.82   4.48 5790.0     0.00   0.00    0.0  0.006  0.007  0.006  0.006  0.006  0.006
04:52:55 832.39   13.9   37.5   1689    3.3    167    7.0    29.4  -0.3   0.82   4.47 5791.0     0.00   0.00    0.0  0.006  0.007  0.007  0.006  0.006  0.006
04:52:56 831.90   13.9   37.5   1694    3.3    166    7.0    29.4  -0.3   0.82   4.48 5792.0     0.00   0.00    0.0  0.006  0.007  0.006  0.006  0.006  0.006
04:52:57 832.04   13.9   37.5   1692    3.3    166    7.0    29.4  -0.3   0.82   4.48 5793.0     0.00   0.00    0.0  0.006  0.007  0.006  0.006  0.006  0.006
04:52:58 832.37   13.9   37.5   1689    3.3    166    7.0    29.4  -0.3   0.82   4.48 5794.0     0.00   0.00    0.0  0.006  0.007  0.006  0.006  0.006  0.006
04:52:59 832.11   14.0   37.5   1692    3.3    167    7.0    29.4  -0.3   0.82   4.49 5795.0     0.00   0.00    0.0  0.006  0.007  0.006  0.006  0.006  0.006
04:53:00 832.51   13.9   37.5   1688    3.3    167    7.0    29.4  -0.3   0.82   4.48 5796.0     0.00   0.00    0.0  0.006  0.007  0.006  0.006  0.006  0.006
04:53:01 832.33   14.0   37.5   1689    3.3    168    7.0    29.5  -0.3   0.82   4.50 5797.0     0.00   0.00    0.0  0.006  0.007  0.006  0.006  0.006  0.006
04:53:02 832.54   14.0   37.4   1687    3.3    167    7.0    29.4  -0.3   0.82   4.49 5798.0     0.00   0.00    0.0  0.006  0.007  0.006  0.006  0.006  0.006
04:53:03 832.41   14.0   37.4   1688    3.3    167    7.0    29.4  -0.3   0.82   4.49 5799.0     0.00   0.00    0.0  0.006  0.007  0.006  0.006  0.006  0.006
04:53:04 832.53   14.0   37.4   1687    3.3    167    7.0    29.4  -0.3   0.82   4.48 5800.0     0.00   0.00    0.0  0.006  0.007  0.006  0.006  0.006  0.006
04:53:05 832.55   14.0   37.4   1687    3.3    167    7.0    29.4  -0.3   0.82   4.49 5801.0     0.00   0.00    0.0  0.006  0.007  0.006  0.006  0.006  0.006
04:53:07 832.64   14.0   37.4   1686    3.3    167    7.0    29.4  -0.3   0.82   4.48 5803.0     0.00   0.00    0.0  0.006  0.007  0.006  0.006  0.006  0.006
04:53:08 832.76   14.0   37.4   1685    3.3    166    7.0    29.4  -0.3   0.82   4.49 5804.0     0.00   0.00    0.0  0.006  0.007  0.006  0.006  0.006  0.006
04:53:09 832.82   14.0   37.4   1684    3.3    166    7.0    29.4  -0.3   0.82   4.49 5805.0     0.00   0.00    0.0  0.006  0.007  0.006  0.006  0.006  0.006
04:53:10 833.00   14.0   37.4   1682    3.3    166    7.0    29.4  -0.3   0.82   4.47 5806.0     0.00   0.00    0.0  0.006  0.007  0.006  0.006  0.006  0.006
04:53:11 832.81   14.0   37.4   1684    3.3    166    7.0    29.4  -0.3   0.82   4.49 5807.0     0.00   0.00    0.0  0.006  0.007  0.006  0.006  0.006  0.006
04:53:12 832.94   14.0   37.4   1683    3.3    166    7.0    29.4  -0.3   0.82   4.50 5808.0     0.00   0.00    0.0  0.006  0.007  0.006  0.006  0.006  0.006
04:53:14 833.16   14.0   37.3   1681    3.3    166    7.0    29.4  -0.3   0.82   4.49 5810.0     0.00   0.00    0.0  0.006  0.007  0.006  0.006  0.006  0.006
04:53:15 833.17   14.0   37.3   1681    3.3    166    7.0    29.4  -0.3   0.82   4.48 5811.0     0.00   0.00    0.0  0.006  0.007  0.006  0.006  0.006  0.006
04:53:16 833.38   14.0   37.3   1679    3.3    166    7.0    29.4  -0.3   0.82   4.47 5812.0     0.00   0.00    0.0  0.006  0.007  0.006  0.006  0.006  0.006
04:53:21 833.22   14.0   37.3   1680    3.4    167    7.0    29.4  -0.3   0.82   4.48 5817.0     0.00   0.00    0.0  0.006  0.007  0.006  0.006  0.006  0.006
04:53:22 833.42   14.1   37.3   1678    3.4    166    7.0    29.4  -0.3   0.82   4.49 5818.0     0.00   0.00    0.0  0.006  0.007  0.006  0.006  0.006  0.006
04:53:23 833.37   14.0   37.3   1679    3.3    167    7.0    29.4  -0.3   0.82   4.49 5819.0     0.00   0.00    0.0  0.006  0.007  0.006  0.006  0.006  0.006
04:53:25 833.54   14.1   37.3   1677    3.3    166    7.0    29.4  -0.3   0.82   4.50 5821.0     0.00   0.00    0.0  0.006  0.007  0.006  0.006  0.006  0.006
04:53:26 833.53   14.0   37.3   1677    3.3    166    7.0    29.4  -0.3   0.82   4.48 5822.0     0.00   0.00    0.0  0.006  0.007  0.007  0.006  0.006  0.006
04:53:29 833.87   14.1   37.3   1674    3.3    168    7.0    29.4  -0.3   0.82   4.50 5825.0     0.00   0.00    0.0  0.006  0.007  0.006  0.006  0.006  0.006
04:53:31 833.82   14.1   37.2   1674    3.3    168    7.0    29.4  -0.2   0.82   4.50 5827.0     0.00   0.00    0.0  0.006  0.007  0.006  0.006  0.006  0.006
04:53:32 833.85   14.1   37.2   1674    3.3    169    7.0    29.4  -0.3   0.82   4.49 5828.0     0.00   0.00    0.0  0.006  0.007  0.006  0.006  0.006  0.006
04:53:35 833.89   14.1   37.2   1674    3.3    168    7.0    29.4  -0.2   0.82   4.50 5831.0     0.00   0.00    0.0  0.006  0.007  0.006  0.006  0.006  0.006
04:53:37 834.13   14.1   37.2   1671    3.3    167    7.0    29.4  -0.3   0.82   4.49 5833.0     0.00   0.00    0.0  0.006  0.007  0.006  0.006  0.006  0.006
04:53:39 834.26   14.1   37.2   1670    3.3    166    7.0    29.4  -0.3   0.82   4.49 5835.0     0.00   0.00    0.0  0.006  0.007  0.006  0.006  0.006  0.006
04:53:40 834.15   14.1   37.2   1671    3.3    166    7.0    29.4  -0.3   0.82   4.49 5836.0     0.00   0.00    0.0  0.006  0.007  0.007  0.006  0.006  0.006
04:53:41 834.26   14.1   37.2   1670    3.3    166    7.0    29.4  -0.3   0.82   4.49 5837.0     0.00   0.00    0.0  0.006  0.007  0.006  0.006  0.006  0.006
04:53:42 834.39   14.2   37.2   1668    3.3    167    7.0    29.4  -0.2   0.82   4.50 5838.0     0.00   0.00    0.0  0.006  0.007  0.007  0.006  0.006  0.006
04:53:43 834.39   14.2   37.1   1668    3.3    167    7.0    29.5  -0.2   0.82   4.50 5839.0     0.00   0.00    0.0  0.006  0.007  0.006  0.006  0.006  0.006
04:53:44 834.43   14.2   37.1   1668    3.3    167    7.0    29.4  -0.2   0.82   4.50 5840.0     0.00   0.00    0.0  0.006  0.007  0.007  0.006  0.006  0.006
04:53:45 834.50   14.1   37.2   1667    3.3    167    7.0    29.4  -0.3   0.82   4.49 5841.0     0.00   0.00    0.0  0.006  0.007  0.007  0.006  0.006  0.006
04:53:47 834.51   14.1   37.1   1667    3.3    168    7.0    29.4  -0.3   0.82   4.49 5843.0     0.00   0.00    0.0  0.006  0.007  0.006  0.006  0.006  0.006
04:53:53 834.97   14.2   37.0   1663    3.4    167    7.0    29.4  -0.3   0.82   4.49 5848.9     0.00   0.00    0.0  0.006  0.007  0.006  0.006  0.006  0.006
04:53:54 834.93   14.2   37.1   1663    3.4    167    7.0    29.4  -0.2   0.82   4.50 5849.9     0.00   0.00    0.0  0.006  0.007  0.006  0.006  0.006  0.006
04:53:56 834.99   14.2   37.1   1662    3.4    167    7.0    29.4  -0.2   0.82   4.50 5851.9     0.00   0.00    0.0  0.006  0.007  0.007  0.006  0.006  0.006
04:53:57 834.94   14.2   37.1   1663    3.4    168    7.0    29.4  -0.2   0.82   4.49 5852.9     0.00   0.00    0.0  0.006  0.007  0.006  0.006  0.006  0.006
04:54:00 835.14   14.2   37.0   1661    3.4    166    7.0    29.4  -0.2   0.82   4.50 5855.9     0.00   0.00    0.0  0.006  0.007  0.006  0.006  0.006  0.006
04:54:01 835.16   14.3   37.0   1661    3.5    166    7.0    29.4  -0.2   0.82   4.51 5856.9     0.00   0.00    0.0  0.006  0.007  0.006  0.006  0.006  0.006
04:54:05 835.47   14.3   36.9   1658    3.4    167    7.0    29.4  -0.2   0.82   4.49 5860.9     0.00   0.00    0.0  0.006  0.007  0.006  0.006  0.006  0.006
04:54:06 835.36   14.2   37.0   1659    3.4    166    7.0    29.4  -0.2   0.82   4.50 5861.9     0.00   0.00    0.0  0.006  0.007  0.006  0.006  0.006  0.006
04:54:08 835.56   14.2   37.0   1657    3.3    166    7.0    29.4  -0.2   0.82   4.49 5863.9     0.00   0.00    0.0  0.006  0.007  0.006  0.006  0.006  0.006
04:54:10 835.79   14.2   36.9   1654    3.4    167    7.0    29.4  -0.2   0.82   4.49 5865.9     0.00   0.00    0.0  0.006  0.007  0.006  0.006  0.006  0.006
04:54:11 835.70   14.3   37.0   1655    3.4    167    7.0    29.4  -0.2   0.82   4.50 5866.9     0.00   0.00    0.0  0.006  0.007  0.006  0.006  0.006  0.006
04:54:12 835.78   14.3   36.9   1654    3.4    167    7.0    29.4  -0.2   0.82   4.49 5867.9     0.00   0.00    0.0  0.006  0.007  0.007  0.006  0.006  0.006
04:54:13 835.63   14.3   36.9   1656    3.3    167    7.0    29.4  -0.2   0.82   4.51 5868.9     0.00   0.00    0.0  0.006  0.007  0.007  0.006  0.006  0.006
04:54:14 835.93   14.3   36.9   1653    3.3    168    7.0    29.4  -0.2   0.82   4.50 5869.9     0.00   0.00    0.0  0.006  0.007  0.006  0.006  0.006  0.006
04:54:16 836.06   14.3   36.9   1652    3.3    170    7.0    29.4  -0.2   0.82   4.50 5871.9     0.00   0.00    0.0  0.006  0.007  0.007  0.006  0.006  0.006
04:54:17 836.14   14.3   36.9   1651    3.3    169    7.0    29.4  -0.2   0.82   4.50 5872.9     0.00   0.00    0.0  0.006  0.007  0.007  0.006  0.006  0.006
04:54:18 835.95   14.3   36.8   1653    3.3    169    7.0    29.4  -0.2   0.82   4.49 5873.9     0.00   0.00    0.0  0.006  0.007  0.007  0.006  0.006  0.006
04:54:19 836.24   14.3   36.9   1650    3.3    169    7.0    29.4  -0.2   0.82   4.50 5874.9     0.00   0.00    0.0  0.006  0.007  0.006  0.006  0.006  0.006
04:54:22 836.25   14.3   36.9   1650    3.3    169    7.0    29.4  -0.2   0.82   4.50 5877.9     0.00   0.00    0.0  0.006  0.007  0.007  0.006  0.006  0.006
04:54:23 836.24   14.3   36.9   1650    3.3    169    7.0    29.4  -0.2   0.82   4.51 5878.9     0.00   0.00    0.0  0.006  0.007  0.007  0.006  0.006  0.006
04:54:26 836.29   14.3   36.9   1649    3.3    169    7.0    29.4  -0.2   0.82   4.51 5881.9     0.00   0.00    0.0  0.006  0.007  0.007  0.006  0.006  0.006
04:54:29 836.55   14.4   36.9   1647    3.3    167    7.0    29.4  -0.2   0.82   4.51 5884.9     0.00   0.00    0.0  0.006  0.007  0.007  0.006  0.006  0.006
04:54:30 836.68   14.4   36.8   1645    3.3    166    7.0    29.4  -0.2   0.82   4.51 5885.9     0.00   0.00    0.0  0.006  0.007  0.007  0.006  0.006  0.006
04:54:31 836.58   14.3   36.8   1646    3.3    166    7.0    29.4  -0.2   0.82   4.50 5886.9     0.00   0.00    0.0  0.006  0.007  0.007  0.006  0.006  0.006
04:54:32 836.62   14.3   36.8   1646    3.3    166    7.0    29.4  -0.2   0.82   4.50 5887.9     0.00   0.00    0.0  0.006  0.007  0.007  0.006  0.006  0.006
04:54:33 836.57   14.4   36.8   1646    3.3    166    7.0    29.4  -0.2   0.82   4.51 5888.9     0.00   0.00    0.0  0.006  0.007  0.006  0.006  0.006  0.006
04:54:34 836.61   14.4   36.8   1646    3.4    167    7.0    29.4  -0.2   0.82   4.51 5889.9     0.00   0.00    0.0  0.006  0.007  0.007  0.006  0.006  0.006
04:54:38 837.12   14.4   36.8   1641    3.4    168    7.0    29.4  -0.2   0.82   4.51 5893.9     0.00   0.00    0.0  0.006  0.007  0.007  0.006  0.006  0.006
04:54:41 837.34   14.4   36.8   1639    3.3    166    7.0    29.4  -0.1   0.82   4.52 5896.9     0.00   0.00    0.0  0.006  0.007  0.007  0.006  0.006  0.006
04:54:42 837.15   14.4   36.8   1641    3.4    166    7.0    29.4  -0.2   0.82   4.51 5897.9     0.00   0.00    0.0  0.006  0.007  0.007  0.006  0.006  0.006
04:54:43 837.42   14.4   36.7   1638    3.3    166    7.0    29.4  -0.1   0.82   4.52 5898.9     0.00   0.00    0.0  0.006  0.007  0.007  0.006  0.006  0.006
04:54:44 837.23   14.4   36.7   1640    3.3    167    7.0    29.4  -0.2   0.82   4.51 5899.9     0.00   0.00    0.0  0.006  0.007  0.007  0.006  0.006  0.006
04:54:46 837.38   14.4   36.7   1638    3.4    167    7.0    29.4  -0.1   0.82   4.52 5901.9     0.00   0.00    0.0  0.006  0.007  0.006  0.006  0.006  0.006
04:54:47 837.49   14.4   36.7   1637    3.3    168    7.0    29.4  -0.1   0.82   4.52 5902.9     0.00   0.00    0.0  0.006  0.007  0.007  0.006  0.006  0.006
04:54:49 837.70   14.4   36.7   1635    3.3    170    7.0    29.3  -0.2   0.82   4.50 5904.9     0.00   0.00    0.0  0.006  0.007  0.007  0.007  0.006  0.006
04:54:52 837.53   14.4   36.7   1637    3.3    170    7.0    29.3  -0.2   0.82   4.50 5907.9     0.00   0.00    0.0  0.006  0.007  0.007  0.007  0.006  0.006
04:54:54 837.95   14.4   36.7   1633    3.3    169    7.0    29.3  -0.2   0.82   4.50 5909.9     0.00   0.00    0.0  0.006  0.007  0.007  0.007  0.006  0.006
04:54:55 837.80   14.5   36.6   1634    3.3    169    7.0    29.4  -0.2   0.82   4.51 5910.9     0.00   0.00    0.0  0.006  0.007  0.007  0.006  0.006  0.006
04:54:56 838.00   14.4   36.7   1632    3.3    169    7.0    29.3  -0.2   0.82   4.50 5911.9     0.00   0.00    0.0  0.006  0.007  0.007  0.006  0.006  0.006
04:54:57 838.08   14.5   36.6   1631    3.3    168    7.0    29.4  -0.1   0.82   4.52 5912.9     0.00   0.00    0.0  0.006  0.007  0.007  0.007  0.006  0.006
04:54:58 837.80   14.4   36.6   1634    3.3    167    7.0    29.4  -0.2   0.82   4.50 5913.9     0.00   0.00    0.0  0.006  0.007  0.007  0.006  0.006  0.006
04:54:59 838.00   14.5   36.6   1632    3.3    167    7.0    29.4  -0.1   0.82   4.51 5914.9     0.00   0.00    0.0  0.006  0.007  0.007  0.006  0.006  0.006
04:55:01 837.98   14.5   36.6   1632    3.3    167    7.0    29.4  -0.2   0.82   4.51 5916.9     0.00   0.00    0.0  0.006  0.007  0.007  0.006  0.006  0.006
04:55:02 838.10   14.5   36.6   1631    3.3    167    7.0    29.4  -0.1   0.82   4.51 5917.9     0.00   0.00    0.0  0.006  0.007  0.007  0.006  0.006  0.006
04:55:03 838.16   14.5   36.6   1630    3.3    168    7.0    29.4  -0.2   0.82   4.50 5918.9     0.00   0.00    0.0  0.006  0.007  0.007  0.006  0.006  0.006
04:55:04 838.42   14.5   36.6   1628    3.3    169    7.0    29.3  -0.2   0.82   4.51 5919.9     0.00   0.00    0.0  0.006  0.007  0.007  0.006  0.006  0.006
04:55:05 838.31   14.5   36.6   1629    3.3    169    7.0    29.3  -0.2   0.82   4.51 5920.9     0.00   0.00    0.0  0.006  0.007  0.007  0.006  0.006  0.006
04:55:09 838.56   14.5   36.5   1626    3.3    168    7.0    29.4  -0.1   0.82   4.51 5924.9     0.00   0.00    0.0  0.006  0.007  0.007  0.006  0.006  0.006
04:55:10 838.58   14.5   36.5   1626    3.3    168    7.0    29.4  -0.2   0.82   4.51 5925.9     0.00   0.00    0.0  0.006  0.007  0.006  0.006  0.006  0.006
04:55:11 838.92   14.6   36.5   1623    3.4    168    7.0    29.4  -0.1   0.82   4.52 5926.9     0.00   0.00    0.0  0.006  0.007  0.007  0.006  0.006  0.006
04:55:12 838.73   14.6   36.5   1625    3.4    168    7.0    29.4  -0.1   0.82   4.52 5927.9     0.00   0.00    0.0  0.006  0.007  0.007  0.006  0.006  0.006
04:55:13 838.75   14.5   36.5   1625    3.4    169    7.0    29.4  -0.1   0.82   4.52 5928.9     0.00   0.00    0.0  0.006  0.007  0.007  0.007  0.006  0.006
04:55:14 838.90   14.6   36.5   1623    3.3    169    7.0    29.4  -0.1   0.82   4.52 5929.9     0.00   0.00    0.0  0.006  0.007  0.007  0.006  0.006  0.006
04:55:16 839.05   14.6   36.5   1621    3.3    168    7.0    29.4  -0.1   0.82   4.52 5931.9     0.00   0.00    0.0  0.006  0.007  0.007  0.006  0.006  0.006
04:55:17 838.80   14.5   36.5   1624    3.3    168    7.0    29.4  -0.1   0.82   4.52 5932.9     0.00   0.00    0.0  0.006  0.007  0.007  0.007  0.006  0.006
04:55:18 839.16   14.6   36.5   1620    3.4    168    7.0    29.3  -0.1   0.82   4.51 5933.9     0.00   0.00    0.0  0.006  0.007  0.007  0.006  0.006  0.006
04:55:19 839.03   14.6   36.5   1622    3.4    167    7.0    29.3  -0.1   0.82   4.51 5934.9     0.00   0.00    0.0  0.006  0.007  0.007  0.006  0.006  0.006
04:55:20 839.31   14.5   36.5   1619    3.3    167    7.0    29.3  -0.1   0.82   4.51 5935.9     0.00   0.00    0.0  0.006  0.007  0.007  0.006  0.006  0.006
04:55:21 838.95   14.5   36.5   1622    3.4    167    7.0    29.3  -0.1   0.82   4.51 5936.9     0.00   0.00    0.0  0.006  0.007  0.007  0.006  0.006  0.006
04:55:22 839.10   14.6   36.5   1621    3.4    168    7.0    29.4  -0.1   0.82   4.53 5937.9     0.00   0.00    0.0  0.006  0.007  0.007  0.006  0.006  0.006
04:55:23 839.37   14.6   36.5   1618    3.4    168    7.0    29.3  -0.1   0.82   4.52 5938.9     0.00   0.00    0.0  0.006  0.007  0.007  0.007  0.006  0.006
04:55:24 839.47   14.6   36.5   1617    3.4    168    7.0    29.3  -0.1   0.82   4.53 5939.9     0.00   0.00    0.0  0.006  0.007  0.007  0.006  0.006  0.006
04:55:26 839.26   14.6   36.6   1619    3.3    168    7.0    29.3  -0.1   0.82   4.52 5941.9     0.00   0.00    0.0  0.006  0.007  0.007  0.007  0.006  0.006
04:55:28 839.54   14.6   36.5   1617    3.3    167    7.0    29.3  -0.1   0.82   4.51 5943.9     0.00   0.00    0.0  0.006  0.007  0.007  0.006  0.006  0.006
04:55:29 839.63   14.6   36.5   1616    3.3    167    7.0    29.3  -0.1   0.82   4.52 5944.9     0.00   0.00    0.0  0.006  0.007  0.007  0.006  0.006  0.006
04:55:30 839.78   14.6   36.5   1614    3.3    167    7.0    29.3  -0.1   0.82   4.52 5945.8     0.00   0.00    0.0  0.006  0.007  0.007  0.007  0.006  0.006
04:55:31 839.70   14.6   36.5   1615    3.3    167    7.0    29.3  -0.1   0.82   4.52 5946.8     0.00   0.00    0.0  0.006  0.007  0.007  0.006  0.006  0.006
04:55:32 839.78   14.6   36.4   1614    3.3    167    7.0    29.3  -0.1   0.82   4.52 5947.8     0.00   0.00    0.0  0.006  0.007  0.007  0.007  0.006  0.006
04:55:33 839.85   14.6   36.5   1613    3.3    167    7.0    29.3  -0.1   0.82   4.52 5948.8     0.00   0.00    0.0  0.006  0.007  0.007  0.007  0.006  0.006
04:55:34 839.75   14.7   36.5   1614    3.3    168    7.0    29.4  -0.1   0.82   4.54 5949.8     0.00   0.00    0.0  0.006  0.007  0.007  0.007  0.006  0.006
04:55:37 839.93   14.7   36.4   1613    3.3    168    7.0    29.4  -0.1   0.82   4.53 5952.8     0.00   0.00    0.0  0.006  0.007  0.007  0.007  0.006  0.006
04:55:38 840.01   14.6   36.5   1612    3.3    167    7.0    29.3  -0.1   0.82   4.53 5953.8     0.00   0.00    0.0  0.006  0.007  0.007  0.006  0.006  0.006
04:55:39 839.94   14.7   36.4   1612    3.3    167    7.0    29.4  -0.1   0.82   4.53 5954.8     0.00   0.00    0.0  0.006  0.007  0.007  0.006  0.006  0.006
04:55:40 840.08   14.6   36.5   1611    3.3    168    7.0    29.3  -0.1   0.82   4.53 5955.8     0.00   0.00    0.0  0.006  0.007  0.007  0.007  0.006  0.006
04:55:42 840.21   14.6   36.4   1610    3.3    168    7.0    29.3  -0.1   0.82   4.52 5957.8     0.00   0.00    0.0  0.006  0.007  0.007  0.007  0.006  0.006
04:55:44 840.35   14.7   36.4   1608    3.3    168    7.0    29.3  -0.1   0.82   4.53 5959.8     0.00   0.00    0.0  0.006  0.007  0.007  0.007  0.006  0.006
04:55:45 840.57   14.7   36.4   1606    3.3    169    7.0    29.3  -0.1   0.82   4.53 5960.8     0.00   0.00    0.0  0.006  0.007  0.007  0.007  0.006  0.006
04:55:46 840.53   14.7   36.4   1607    3.4    169    7.0    29.4  -0.0   0.82   4.54 5961.8     0.00   0.00    0.0  0.006  0.007  0.007  0.007  0.006  0.006
04:55:47 840.41   14.7   36.4   1608    3.4    169    7.0    29.3  -0.1   0.82   4.53 5962.8     0.00   0.00    0.0  0.006  0.007  0.007  0.007  0.006  0.006
04:55:48 840.40   14.7   36.3   1608    3.4    169    7.0    29.4  -0.1   0.82   4.53 5963.8     0.00   0.00    0.0  0.006  0.007  0.007  0.007  0.006  0.006
04:55:49 840.53   14.7   36.3   1607    3.3    170    7.0    29.3  -0.1   0.82   4.52 5964.8     0.00   0.00    0.0  0.006  0.007  0.007  0.007  0.006  0.006
04:55:50 840.42   14.7   36.3   1608    3.3    169    7.0    29.4  -0.1   0.82   4.53 5965.8     0.00   0.00    0.0  0.006  0.007  0.007  0.007  0.006  0.006
04:55:52 840.65   14.7   36.3   1605    3.4    169    7.0    29.4  -0.0   0.82   4.54 5967.8     0.00   0.00    0.0  0.006  0.007  0.007  0.006  0.006  0.006
04:55:55 840.95   14.7   36.3   1602    3.4    169    7.0    29.3  -0.1   0.82   4.53 5970.8     0.00   0.00    0.0  0.006  0.007  0.007  0.007  0.006  0.006
04:55:58 840.87   14.7   36.3   1603    3.4    169    7.0    29.3  -0.1   0.82   4.52 5973.8     0.00   0.00    0.0  0.006  0.007  0.007  0.006  0.006  0.006
04:55:59 840.91   14.7   36.3   1603    3.4    169    7.0    29.4  -0.0   0.82   4.54 5974.8     0.00   0.00    0.0  0.006  0.007  0.007  0.007  0.006  0.006
04:56:00 840.91   14.7   36.2   1603    3.4    169    7.0    29.4  -0.1   0.82   4.53 5975.8     0.00   0.00    0.0  0.006  0.007  0.007  0.007  0.006  0.006
04:56:03 841.23   14.7   36.2   1600    3.4    170    7.0    29.3  -0.1   0.82   4.52 5978.8     0.00   0.00    0.0  0.006  0.007  0.007  0.007  0.006  0.006
04:56:05 841.15   14.7   36.3   1600    3.4    170    7.0    29.3  -0.0   0.82   4.54 5980.8     0.00   0.00    0.0  0.006  0.007  0.007  0.007  0.006  0.006
04:56:07 841.51   14.8   36.2   1597    3.5    170    7.0    29.3  -0.0   0.82   4.53 5982.8     0.00   0.00    0.0  0.006  0.007  0.007  0.007  0.006  0.006
04:56:08 841.33   14.8   36.2   1599    3.4    169    7.0    29.3  -0.1   0.82   4.53 5983.8     0.00   0.00    0.0  0.006  0.007  0.007  0.007  0.006  0.006
04:56:11 841.64   14.8   36.2   1595    3.4    169    7.0    29.4  -0.0   0.82   4.55 5986.8     0.00   0.00    0.0  0.006  0.007  0.007  0.007  0.006  0.006
04:56:12 841.55   14.8   36.2   1596    3.4    168    7.0    29.3  -0.0   0.82   4.54 5987.8     0.00   0.00    0.0  0.006  0.007  0.007  0.007  0.006  0.006
04:56:13 841.63   14.8   36.2   1596    3.4    167    7.0    29.4   0.0   0.82   4.55 5988.8     0.00   0.00    0.0  0.006  0.007  0.007  0.007  0.006  0.006
04:56:14 841.82   14.8   36.2   1594    3.4    167    7.0    29.3  -0.0   0.82   4.54 5989.8     0.00   0.00    0.0  0.006  0.007  0.007  0.007  0.006  0.006
04:56:16 841.71   14.8   36.1   1595    3.5    167    7.0    29.4  -0.0   0.82   4.54 5991.8     0.00   0.00    0.0  0.006  0.007  0.007  0.007  0.006  0.006
04:56:18 841.98   14.8   36.1   1592    3.5    169    7.0    29.3  -0.0   0.82   4.53 5993.8     0.00   0.00    0.0  0.006  0.007  0.007  0.007  0.006  0.006
04:56:19 841.95   14.8   36.2   1592    3.5    168    7.0    29.3  -0.0   0.82   4.54 5994.8     0.00   0.00    0.0  0.006  0.007  0.007  0.007  0.006  0.006
04:56:20 842.05   14.8   36.1   1591    3.5    169    7.0    29.3  -0.0   0.82   4.54 5995.8     0.00   0.00    0.0  0.006  0.007  0.007  0.007  0.006  0.006
04:56:21 842.14   14.8   36.1   1590    3.4    168    7.0    29.3  -0.0   0.82   4.53 5996.8     0.00   0.00    0.0  0.006  0.007  0.007  0.007  0.006  0.006
04:56:23 842.26   14.9   36.1   1589    3.4    168    7.0    29.4  -0.0   0.82   4.54 5998.8     0.00   0.00    0.0  0.006  0.007  0.007  0.007  0.006  0.006
04:56:24 842.21   14.9   36.1   1590    3.4    168    7.0    29.3  -0.0   0.82   4.54 5999.8     0.00   0.00    0.0  0.006  0.007  0.007  0.007  0.006  0.006
04:56:26 842.37   14.8   36.1   1588    3.4    167    7.0    29.3  -0.0   0.82   4.54 6001.8     0.00   0.00    0.0  0.006  0.007  0.007  0.007  0.006  0.006
04:56:27 842.55   14.8   36.1   1586    3.3    168    7.0    29.3  -0.0   0.82   4.53 6002.8     0.00   0.00    0.0  0.006  0.007  0.007  0.007  0.006  0.006
04:56:28 842.65   14.9   36.1   1585    3.4    167    7.0    29.3  -0.0   0.82   4.54 6003.8     0.00   0.00    0.0  0.006  0.007  0.007  0.007  0.006  0.006
04:56:29 842.82   14.9   36.0   1584    3.4    169    7.0    29.3  -0.0   0.82   4.53 6004.8     0.00   0.00    0.0  0.006  0.007  0.007  0.007  0.006  0.006
04:56:31 842.55   14.9   36.0   1586    3.4    169    7.0    29.3  -0.0   0.82   4.53 6006.8     0.00   0.00    0.0  0.006  0.007  0.007  0.007  0.006  0.007
04:56:34 842.94   14.9   36.0   1582    3.4    170    7.0    29.3  -0.0   0.82   4.54 6009.8     0.00   0.00    0.0  0.006  0.007  0.007  0.007  0.006  0.006
04:56:36 842.80   14.9   36.0   1584    3.4    169    7.0    29.3   0.0   0.82   4.54 6011.8     0.00   0.00    0.0  0.006  0.007  0.007  0.007  0.006  0.006
04:56:37 842.86   14.9   36.0   1583    3.4    170    7.0    29.4   0.0   0.82   4.56 6012.8     0.00   0.00    0.0  0.006  0.007  0.007  0.007  0.006  0.006
04:56:38 843.11   14.9   36.0   1581    3.4    169    7.0    29.3   0.0   0.82   4.55 6013.8     0.00   0.00    0.0  0.007  0.007  0.007  0.007  0.006  0.006
04:56:39 843.18   14.9   36.0   1580    3.4    169    7.0    29.3   0.0   0.82   4.54 6014.8     0.00   0.00    0.0  0.006  0.007  0.007  0.007  0.006  0.006
04:56:40 843.31   14.9   36.0   1579    3.5    169    7.0    29.3  -0.0   0.82   4.54 6015.8     0.00   0.00    0.0  0.006  0.007  0.007  0.007  0.006  0.006
04:56:41 843.34   14.9   36.0   1578    3.5    168    7.0    29.3   0.0   0.82   4.55 6016.8     0.00   0.00    0.0  0.006  0.007  0.007  0.007  0.006  0.006
04:56:45 843.33   15.0   36.0   1579    3.5    168    7.0    29.4   0.1   0.82   4.56 6020.8     0.00   0.00    0.0  0.006  0.007  0.007  0.007  0.006  0.006
04:56:47 843.53   14.9   36.0   1576    3.5    168    7.0    29.3  -0.0   0.82   4.53 6022.8     0.00   0.00    0.0  0.006  0.007  0.007  0.007  0.006  0.006
04:56:48 843.52   15.0   36.0   1577    3.5    168    7.0    29.3   0.0   0.82   4.55 6023.8     0.00   0.00    0.0  0.006  0.007  0.007  0.007  0.006  0.007
04:56:49 843.81   15.0   35.9   1574    3.5    168    7.0    29.3   0.0   0.82   4.55 6024.8     0.00   0.00    0.0  0.006  0.007  0.007  0.007  0.006  0.006
04:56:50 843.67   14.9   35.9   1575    3.5    167    7.0    29.3  -0.0   0.82   4.54 6025.8     0.00   0.00    0.0  0.007  0.007  0.007  0.007  0.006  0.006
04:56:52 843.47   14.9   35.9   1577    3.5    167    7.0    29.3   0.0   0.82   4.54 6027.8     0.00   0.00    0.0  0.006  0.007  0.007  0.007  0.006  0.006
04:56:54 843.75   15.0   35.9   1574    3.5    168    7.0    29.3  -0.0   0.82   4.54 6029.8     0.00   0.00    0.0  0.006  0.007  0.007  0.007  0.006  0.006
04:56:55 843.82   15.0   35.9   1574    3.5    168    7.0    29.3   0.0   0.82   4.55 6030.8     0.00   0.00    0.0  0.006  0.007  0.007  0.007  0.006  0.006
04:56:56 843.87   14.9   35.9   1573    3.5    168    7.0    29.3  -0.0   0.82   4.53 6031.8     0.00   0.00    0.0  0.006  0.007  0.007  0.007  0.006  0.006
04:56:57 843.78   15.0   35.9   1574    3.5    168    7.0    29.3   0.0   0.82   4.54 6032.8     0.00   0.00    0.0  0.006  0.007  0.007  0.007  0.006  0.007
04:56:58 843.91   15.0   35.9   1573    3.5    169    7.0    29.3   0.0   0.82   4.54 6033.8     0.00   0.00    0.0  0.007  0.007  0.007  0.007  0.006  0.006
04:57:01 844.09   15.0   35.9   1571    3.5    170    7.0    29.3   0.0   0.82   4.55 6036.8     0.00   0.00    0.0  0.006  0.007  0.007  0.007  0.006  0.006
04:57:02 844.19   15.0   35.8   1570    3.5    170    7.0    29.3   0.0   0.82   4.54 6037.8     0.00   0.00    0.0  0.006  0.007  0.007  0.007  0.006  0.006
04:57:03 844.07   15.0   35.8   1571    3.5    170    7.0    29.3  -0.0   0.82   4.53 6038.8     0.00   0.00    0.0  0.006  0.007  0.007  0.007  0.006  0.006
04:57:04 844.30   15.0   35.8   1569    3.5    171    7.0    29.3   0.0   0.82   4.53 6039.8     0.00   0.00    0.0  0.006  0.007  0.007  0.007  0.006  0.006
04:57:06 844.43   15.0   35.8   1567    3.5    172    7.0    29.3   0.0   0.82   4.55 6041.8     0.00   0.00    0.0  0.006  0.007  0.007  0.007  0.006  0.006
04:57:08 844.49   15.0   35.8   1567    3.5    171    7.0    29.3   0.0   0.82   4.54 6043.8     0.00   0.00    0.0  0.006  0.007  0.007  0.007  0.006  0.007
04:57:11 844.54   15.0   35.7   1566    3.4    171    7.0    29.3  -0.0   0.82   4.53 6046.7     0.00   0.00    0.0  0.006  0.007  0.007  0.007  0.006  0.006
04:57:14 844.66   15.0   35.7   1565    3.3    171    6.9    29.3  -0.0   0.82   4.53 6049.7     0.00   0.00    0.0  0.006  0.007  0.007  0.007  0.006  0.006
04:57:15 844.78   15.1   35.7   1564    3.3    171    7.0    29.3   0.0   0.82   4.54 6050.7     0.00   0.00    0.0  0.007  0.007  0.007  0.007  0.006  0.007
04:57:16 844.78   15.0   35.8   1564    3.3    170    6.9    29.3   0.0   0.82   4.54 6051.7     0.00   0.00    0.0  0.006  0.007  0.007  0.007  0.006  0.006
04:57:18 844.88   15.0   35.7   1563    3.3    171    6.9    29.3   0.0   0.82   4.53 6053.7     0.00   0.00    0.0  0.006  0.007  0.007  0.007  0.006  0.006
04:57:19 844.83   15.1   35.7   1563    3.3    171    6.9    29.3   0.1   0.82   4.55 6054.7     0.00   0.00    0.0  0.006  0.007  0.007  0.007  0.006  0.006
04:57:21 845.13   15.1   35.7   1560    3.3    170    6.9    29.3   0.0   0.82   4.54 6056.7     0.00   0.00    0.0  0.007  0.007  0.007  0.007  0.006  0.006
04:57:22 845.16   15.1   35.6   1560    3.3    170    6.9    29.3  -0.0   0.82   4.53 6057.7     0.00   0.00    0.0  0.006  0.007  0.007  0.007  0.006  0.006
04:57:23 845.12   15.0   35.7   1561    3.3    169    6.9    29.2  -0.0   0.82   4.53 6058.7     0.00   0.00    0.0  0.007  0.007  0.007  0.007  0.006  0.006
04:57:24 845.14   15.1   35.6   1560    3.3    169    6.9    29.3   0.0   0.82   4.53 6059.7     0.00   0.00    0.0  0.006  0.007  0.007  0.007  0.006  0.007
04:57:28 845.45   15.1   35.6   1557    3.3    171    6.9    29.3   0.0   0.82   4.54 6063.7     0.00   0.00    0.0  0.007  0.007  0.007  0.007  0.006  0.006
04:57:29 845.53   15.1   35.6   1556    3.3    171    6.9    29.3   0.0   0.82   4.54 6064.7     0.00   0.00    0.0  0.007  0.007  0.007  0.007  0.006  0.007
04:57:30 845.40   15.1   35.6   1558    3.2    170    6.9    29.3   0.0   0.82   4.53 6065.7     0.00   0.00    0.0  0.006  0.007  0.007  0.007  0.006  0.007
04:57:34 845.76   15.2   35.6   1554    3.2    171    6.9    29.3   0.1   0.82   4.55 6069.7     0.00   0.00    0.0  0.007  0.007  0.007  0.007  0.006  0.006
04:57:35 845.95   15.1   35.6   1552    3.2    171    6.9    29.2   0.0   0.82   4.54 6070.7     0.00   0.00    0.0  0.007  0.007  0.007  0.007  0.006  0.006
04:57:36 845.86   15.1   35.6   1553    3.2    171    6.9    29.2   0.0   0.82   4.53 6071.7     0.00   0.00    0.0  0.007  0.007  0.007  0.007  0.006  0.006
04:57:37 845.92   15.2   35.6   1553    3.2    172    6.9    29.3   0.1   0.82   4.55 6072.7     0.00   0.00    0.0  0.006  0.007  0.007  0.007  0.006  0.007
04:57:38 846.02   15.1   35.6   1552    3.2    172    6.9    29.3   0.0   0.82   4.54 6073.7     0.00   0.00    0.0  0.006  0.007  0.007  0.007  0.006  0.007
04:57:39 846.00   15.2   35.6   1552    3.2    172    6.9    29.3   0.1   0.82   4.55 6074.7     0.00   0.00    0.0  0.006  0.007  0.007  0.007  0.006  0.006
04:57:41 845.99   15.2   35.6   1552    3.2    173    6.9    29.3   0.1   0.82   4.55 6076.7     0.00   0.00    0.0  0.006  0.007  0.007  0.007  0.006  0.006
04:57:43 846.24   15.2   35.6   1549    3.2    173    6.9    29.3   0.1   0.82   4.55 6078.7     0.00   0.00    0.0  0.007  0.007  0.007  0.007  0.006  0.007
04:57:45 846.23   15.1   35.5   1549    3.2    173    6.9    29.2   0.0   0.82   4.53 6080.7     0.00   0.00    0.0  0.006  0.007  0.007  0.007  0.006  0.007
04:57:46 846.71   15.2   35.4   1545    3.2    172    6.9    29.3   0.1   0.82   4.54 6081.7     0.00   0.00    0.0  0.006  0.007  0.007  0.007  0.006  0.006
04:57:47 846.48   15.2   35.5   1547    3.2    172    6.9    29.3   0.0   0.82   4.54 6082.7     0.00   0.00    0.0  0.006  0.007  0.007  0.007  0.006  0.007
04:57:48 846.68   15.2   35.5   1545    3.2    172    6.9    29.2   0.0   0.82   4.54 6083.7     0.00   0.00    0.0  0.007  0.007  0.007  0.007  0.006  0.007
04:57:49 846.69   15.2   35.4   1545    3.2    172    6.9    29.3   0.1   0.82   4.54 6084.7     0.00   0.00    0.0  0.007  0.007  0.007  0.007  0.006  0.007
04:57:50 846.67   15.2   35.4   1545    3.3    173    6.9    29.3   0.0   0.82   4.54 6085.7     0.00   0.00    0.0  0.006  0.007  0.007  0.007  0.006  0.007
04:57:51 846.74   15.2   35.5   1544    3.2    173    6.9    29.2   0.1   0.82   4.54 6086.7     0.00   0.00    0.0  0.006  0.007  0.007  0.007  0.006  0.007
04:57:54 846.88   15.2   35.4   1543    3.3    176    6.9    29.2   0.0   0.82   4.53 6089.7     0.00   0.00    0.0  0.006  0.007  0.007  0.007  0.006  0.007
04:57:59 847.04   15.3   35.4   1541    3.4    176    6.9    29.3   0.1   0.82   4.56 6094.7     0.00   0.00    0.0  0.006  0.007  0.007  0.007  0.006  0.007
04:58:00 846.95   15.2   35.4   1542    3.4    177    6.9    29.3   0.1   0.82   4.55 6095.7     0.00   0.00    0.0  0.007  0.007  0.007  0.007  0.006  0.007
04:58:02 847.24   15.3   35.4   1539    3.3    176    6.9    29.2   0.1   0.82   4.54 6097.7     0.00   0.00    0.0  0.006  0.007  0.007  0.007  0.006  0.007
04:58:03 847.59   15.3   35.4   1536    3.3    177    6.9    29.2   0.1   0.82   4.54 6098.7     0.00   0.00    0.0  0.007  0.007  0.007  0.007  0.006  0.007
04:58:07 847.55   15.3   35.4   1536    3.3    174    6.9    29.2   0.1   0.82   4.55 6102.7     0.00   0.00    0.0  0.007  0.007  0.007  0.007  0.006  0.006
04:58:10 848.00   15.3   35.5   1532    3.2    172    6.9    29.2   0.1   0.82   4.56 6105.7     0.00   0.00    0.0  0.007  0.007  0.007  0.007  0.006  0.007
04:58:12 847.83   15.3   35.4   1533    3.2    168    6.9    29.2   0.1   0.82   4.56 6107.7     0.00   0.00    0.0  0.007  0.007  0.007  0.007  0.006  0.007
04:58:13 847.79   15.3   35.5   1534    3.2    170    6.9    29.2   0.1   0.82   4.56 6108.7     0.00   0.00    0.0  0.007  0.007  0.007  0.007  0.006  0.007
04:58:15 848.10   15.3   35.5   1531    3.2    173    6.9    29.2   0.2   0.82   4.57 6110.7     0.00   0.00    0.0  0.006  0.007  0.007  0.007  0.006  0.007
04:58:16 848.14   15.3   35.4   1530    3.2    172    6.9    29.2   0.1   0.82   4.55 6111.7     0.00   0.00    0.0  0.006  0.007  0.007  0.007  0.006  0.007
04:58:17 848.08   15.3   35.4   1531    3.3    174    6.9    29.2   0.1   0.82   4.56 6112.7     0.00   0.00    0.0  0.007  0.007  0.007  0.007  0.006  0.006
04:58:18 848.15   15.3   35.4   1530    3.3    175    6.9    29.2   0.1   0.82   4.56 6113.7     0.00   0.00    0.0  0.006  0.007  0.007  0.007  0.006  0.006
04:58:22 848.47   15.4   35.3   1527    3.2    177    6.9    29.2   0.1   0.82   4.56 6117.7     0.00   0.00    0.0  0.006  0.007  0.007  0.007  0.006  0.007
04:58:23 848.53   15.4   35.4   1526    3.2    174    6.9    29.2   0.2   0.82   4.57 6118.7     0.00   0.00    0.0  0.007  0.007  0.007  0.007  0.006  0.007
04:58:24 848.63   15.4   35.4   1525    3.2    177    6.9    29.2   0.2   0.82   4.57 6119.7     0.00   0.00    0.0  0.007  0.007  0.007  0.007  0.006  0.007
04:58:25 848.70   15.3   35.4   1525    3.2    178    6.9    29.2   0.1   0.82   4.55 6120.7     0.00   0.00    0.0  0.007  0.007  0.007  0.007  0.006  0.006
04:58:27 848.80   15.4   35.3   1524    3.4    181    6.9    29.3   0.2   0.82   4.57 6122.7     0.00   0.00    0.0  0.007  0.007  0.007  0.007  0.006  0.007
04:58:29 848.71   15.4   35.3   1525    3.4    177    6.9    29.2   0.2   0.82   4.57 6124.7     0.00   0.00    0.0  0.007  0.007  0.007  0.007  0.006  0.007
04:58:30 848.91   15.4   35.4   1523    3.4    175    6.9    29.2   0.2   0.82   4.57 6125.7     0.00   0.00    0.0  0.007  0.007  0.007  0.007  0.006  0.007
04:58:31 849.14   15.4   35.3   1520    3.3    173    6.9    29.2   0.2   0.82   4.57 6126.7     0.00   0.00    0.0  0.007  0.007  0.007  0.007  0.006  0.007
04:58:32 849.21   15.4   35.3   1520    3.3    177    6.9    29.2   0.2   0.82   4.57 6127.7     0.00   0.00    0.0  0.007  0.007  0.007  0.007  0.006  0.007
04:58:34 849.14   15.4   35.3   1520    3.4    180    6.9    29.3   0.2   0.82   4.57 6129.7     0.00   0.00    0.0  0.007  0.007  0.007  0.007  0.006  0.007
04:58:35 849.09   15.4   35.3   1521    3.4    183    6.9    29.3   0.2   0.82   4.57 6130.7     0.00   0.00    0.0  0.007  0.007  0.007  0.007  0.006  0.007
04:58:40 849.58   15.5   35.1   1516    3.3    188    6.9    29.2   0.2   0.82   4.56 6135.7     0.00   0.00    0.0  0.007  0.007  0.007  0.007  0.006  0.007
04:58:41 849.53   15.4   35.2   1516    3.3    185    6.9    29.2   0.2   0.82   4.57 6136.7     0.00   0.00    0.0  0.007  0.007  0.007  0.007  0.006  0.007
04:58:43 849.68   15.5   35.2   1515    3.1    185    6.9    29.2   0.2   0.82   4.57 6138.7     0.00   0.00    0.0  0.007  0.007  0.007  0.007  0.006  0.007
04:58:44 849.92   15.5   35.2   1513    3.1    187    6.9    29.2   0.2   0.82   4.56 6139.7     0.00   0.00    0.0  0.007  0.007  0.007  0.007  0.006  0.007
04:58:45 849.79   15.5   35.2   1514    3.1    188    6.9    29.2   0.2   0.82   4.57 6140.7     0.00   0.00    0.0  0.007  0.007  0.007  0.007  0.006  0.007
04:58:49 850.13   15.5   35.3   1510    3.3    180    6.9    29.2   0.2   0.82   4.58 6144.7     0.00   0.00    0.0  0.007  0.007  0.007  0.007  0.006  0.007
04:58:50 850.14   15.5   35.3   1510    3.3    180    6.9    29.2   0.2   0.82   4.57 6145.7     0.00   0.00    0.0  0.007  0.007  0.007  0.007  0.006  0.007
04:58:51 850.40   15.5   35.3   1508    3.4    181    6.9    29.2   0.2   0.82   4.58 6146.7     0.00   0.00    0.0  0.007  0.007  0.007  0.007  0.006  0.007
04:58:53 850.34   15.5   35.3   1508    3.5    181    6.9    29.2   0.2   0.82   4.58 6148.6     0.00   0.00    0.0  0.007  0.007  0.007  0.007  0.006  0.007
04:58:54 850.39   15.5   35.2   1508    3.5    179    6.9    29.2   0.2   0.82   4.58 6149.6     0.00   0.00    0.0  0.007  0.007  0.007  0.007  0.006  0.007
04:58:55 850.43   15.5   35.2   1508    3.5    179    6.9    29.2   0.2   0.82   4.57 6150.6     0.00   0.00    0.0  0.007  0.007  0.007  0.007  0.006  0.007
04:58:58 850.67   15.5   35.2   1505    3.5    185    6.9    29.2   0.2   0.82   4.58 6153.6     0.00   0.00    0.0  0.007  0.007  0.007  0.007  0.006  0.007
04:58:59 850.69   15.5   35.2   1505    3.4    186    6.9    29.2   0.2   0.82   4.58 6154.6     0.00   0.00    0.0  0.007  0.007  0.007  0.007  0.006  0.007
04:59:00 850.69   15.5   35.2   1505    3.4    187    6.9    29.2   0.2   0.82   4.57 6155.6     0.00   0.00    0.0  0.007  0.007  0.007  0.007  0.006  0.007
04:59:06 851.20   15.6   35.1   1500    3.2    192    6.9    29.2   0.2   0.82   4.58 6161.6     0.00   0.00    0.0  0.007  0.007  0.007  0.007  0.006  0.007
04:59:07 851.14   15.6   35.1   1500    3.2    191    6.9    29.2   0.2   0.82   4.58 6162.6     0.00   0.00    0.0  0.007  0.007  0.007  0.007  0.006  0.007
04:59:08 851.29   15.6   35.1   1499    3.1    192    6.9    29.2   0.2   0.82   4.58 6163.6     0.00   0.00    0.0  0.007  0.007  0.007  0.007  0.006  0.007
04:59:09 851.26   15.6   35.1   1499    3.1    193    6.9    29.2   0.3   0.82   4.59 6164.6     0.00   0.00    0.0  0.007  0.007  0.007  0.007  0.006  0.007
04:59:11 851.32   15.6   35.1   1499    3.0    191    6.9    29.2   0.3   0.82   4.59 6166.6     0.00   0.00    0.0  0.007  0.007  0.007  0.007  0.006  0.007
04:59:13 851.43   15.6   35.1   1498    3.0    188    6.9    29.2   0.3   0.82   4.59 6168.6     0.00   0.00    0.0  0.007  0.007  0.007  0.007  0.006  0.007
04:59:14 851.58   15.7   35.1   1496    3.0    186    6.9    29.2   0.3   0.82   4.60 6169.6     0.00   0.00    0.0  0.007  0.007  0.007  0.007  0.006  0.007
04:59:15 851.85   15.7   35.1   1493    3.0    187    6.9    29.2   0.3   0.82   4.60 6170.6     0.00   0.00    0.0  0.007  0.007  0.007  0.007  0.006  0.007
04:59:16 851.63   15.6   35.1   1496    3.0    188    6.9    29.2   0.3   0.82   4.59 6171.6     0.00   0.00    0.0  0.007  0.007  0.007  0.007  0.006  0.007
04:59:17 851.99   15.6   35.1   1492    3.0    188    6.9    29.2   0.3   0.82   4.59 6172.6     0.00   0.00    0.0  0.007  0.007  0.007  0.007  0.006  0.007
04:59:18 851.86   15.7   35.1   1493    3.1    186    6.9    29.2   0.3   0.82   4.60 6173.6     0.00   0.00    0.0  0.007  0.007  0.007  0.007  0.006  0.007
04:59:20 851.94   15.7   35.1   1492    3.1    188    6.9    29.2   0.3   0.82   4.60 6175.6     0.00   0.00    0.0  0.007  0.007  0.007  0.007  0.006  0.007
04:59:21 852.13   15.7   35.0   1491    3.2    186    6.9    29.2   0.3   0.82   4.59 6176.6     0.00   0.00    0.0  0.007  0.007  0.007  0.007  0.006  0.007
04:59:22 851.92   15.7   35.1   1493    3.2    185    6.9    29.2   0.3   0.82   4.60 6177.6     0.00   0.00    0.0  0.007  0.007  0.007  0.007  0.006  0.007
04:59:24 852.13   15.7   35.0   1491    3.2    185    6.9    29.2   0.3   0.82   4.58 6179.6     0.00   0.00    0.0  0.007  0.007  0.007  0.007  0.006  0.007
04:59:26 852.37   15.7   35.0   1488    3.3    186    6.9    29.2   0.3   0.82   4.59 6181.6     0.00   0.00    0.0  0.007  0.007  0.007  0.007  0.006  0.007
04:59:27 852.46   15.7   35.0   1487    3.3    186    6.9    29.2   0.3   0.82   4.59 6182.6     0.00   0.00    0.0  0.007  0.007  0.007  0.007  0.006  0.007
04:59:28 852.59   15.7   35.0   1486    3.3    186    6.9    29.2   0.3   0.82   4.60 6183.6     0.00   0.00    0.0  0.007  0.007  0.007  0.007  0.006  0.007
04:59:30 852.51   15.7   35.0   1487    3.4    186    6.9    29.2   0.3   0.82   4.59 6185.6     0.00   0.00    0.0  0.007  0.007  0.007  0.007  0.006  0.007
04:59:31 852.48   15.7   35.0   1487    3.4    186    6.9    29.1   0.3   0.82   4.58 6186.6     0.00   0.00    0.0  0.007  0.007  0.007  0.007  0.006  0.007
04:59:32 852.71   15.7   35.0   1485    3.4    185    6.9    29.2   0.3   0.82   4.60 6187.6     0.00   0.00    0.0  0.007  0.007  0.007  0.007  0.006  0.007
04:59:33 852.63   15.7   35.0   1486    3.4    184    6.9    29.2   0.3   0.82   4.60 6188.6     0.00   0.00    0.0  0.007  0.007  0.007  0.007  0.006  0.007
04:59:34 852.76   15.7   34.9   1484    3.4    185    6.9    29.2   0.3   0.82   4.60 6189.6     0.00   0.00    0.0  0.007  0.007  0.007  0.007  0.006  0.007
04:59:36 852.93   15.8   35.0   1483    3.4    184    6.9    29.2   0.4   0.82   4.61 6191.6     0.00   0.00    0.0  0.007  0.007  0.007  0.007  0.006  0.007
04:59:37 852.74   15.7   34.9   1485    3.4    182    6.9    29.2   0.3   0.82   4.59 6192.6     0.00   0.00    0.0  0.007  0.007  0.007  0.007  0.006  0.007
04:59:39 853.06   15.7   34.9   1481    3.4    179    6.9    29.1   0.3   0.82   4.59 6194.6     0.00   0.00    0.0  0.007  0.007  0.007  0.007  0.006  0.007
04:59:40 852.98   15.7   35.0   1482    3.4    180    6.9    29.1   0.3   0.82   4.59 6195.6     0.00   0.00    0.0  0.007  0.007  0.007  0.007  0.006  0.007
04:59:41 853.24   15.7   34.9   1480    3.4    180    6.9    29.1   0.3   0.82   4.58 6196.6     0.00   0.00    0.0  0.007  0.007  0.007  0.007  0.006  0.007
04:59:42 853.19   15.8   34.9   1480    3.5    182    6.9    29.2   0.4   0.82   4.60 6197.6     0.00   0.00    0.0  0.007  0.007  0.007  0.007  0.006  0.007
04:59:44 853.41   15.7   34.9   1478    3.4    183    6.9    29.1   0.3   0.82   4.59 6199.6     0.00   0.00    0.0  0.007  0.007  0.007  0.007  0.006  0.007
04:59:45 853.40   15.8   34.9   1478    3.5    183    6.9    29.2   0.4   0.82   4.60 6200.6     0.00   0.00    0.0  0.007  0.007  0.007  0.007  0.006  0.007
04:59:46 853.68   15.8   34.9   1475    3.4    186    6.9    29.1   0.3   0.82   4.60 6201.6     0.00   0.00    0.0  0.007  0.007  0.007  0.007  0.006  0.007
04:59:47 853.73   15.8   34.9   1475    3.4    187    6.9    29.1   0.3   0.82   4.60 6202.6     0.00   0.00    0.0  0.007  0.007  0.007  0.007  0.006  0.007
04:59:48 853.59   15.8   34.9   1476    3.4    187    6.9    29.2   0.4   0.82   4.61 6203.6     0.00   0.00    0.0  0.007  0.007  0.007  0.007  0.006  0.007
04:59:49 853.69   15.8   34.9   1475    3.4    186    6.9    29.2   0.4   0.82   4.61 6204.6     0.00   0.00    0.0  0.007  0.007  0.007  0.007  0.006  0.007
04:59:53 853.90   15.8   34.9   1473    3.3    181    6.9    29.2   0.4   0.82   4.61 6208.6     0.00   0.00    0.0  0.007  0.007  0.007  0.007  0.006  0.007
04:59:59 854.28   15.8   34.9   1469    3.2    179    6.9    29.1   0.4   0.82   4.61 6214.6     0.00   0.00    0.0  0.007  0.007  0.007  0.007  0.006  0.007
05:00:00 854.59   15.9   34.8   1466    3.2    180    6.9    29.1   0.4   0.82   4.61 6215.6     0.00   0.00    0.0  0.007  0.007  0.007  0.007  0.006  0.007
05:00:01 854.67   15.9   34.8   1465    3.2    180    6.9    29.1   0.4   0.82   4.61 6216.6     0.00   0.00    0.0  0.007  0.007  0.007  0.007  0.006  0.007
05:00:02 854.67   15.9   34.8   1465    3.2    180    6.9    29.1   0.4   0.82   4.60 6217.6     0.00   0.00    0.0  0.007  0.007  0.007  0.007  0.006  0.007
05:00:03 854.58   15.9   34.8   1466    3.2    179    6.9    29.2   0.4   0.82   4.61 6218.6     0.00   0.00    0.0  0.007  0.007  0.007  0.007  0.006  0.007
05:00:04 854.58   15.9   34.8   1466    3.2    179    6.9    29.2   0.4   0.82   4.61 6219.6     0.00   0.00    0.0  0.007  0.007  0.007  0.007  0.006  0.007
05:00:05 854.72   15.9   34.8   1465    3.2    179    6.9    29.1   0.4   0.82   4.61 6220.6     0.00   0.00    0.0  0.007  0.007  0.007  0.007  0.006  0.007
05:00:06 854.63   15.8   34.8   1466    3.2    180    6.9    29.1   0.4   0.82   4.60 6221.6     0.00   0.00    0.0  0.007  0.007  0.007  0.007  0.006  0.007
05:00:07 854.76   15.9   34.8   1464    3.2    179    6.9    29.1   0.4   0.82   4.61 6222.6     0.00   0.00    0.0  0.007  0.007  0.007  0.007  0.006  0.007
05:00:08 854.77   15.9   34.8   1464    3.2    179    6.9    29.1   0.4   0.82   4.61 6223.6     0.00   0.00    0.0  0.007  0.007  0.007  0.007  0.006  0.007
05:00:09 854.76   15.9   34.8   1464    3.2    179    6.9    29.1   0.4   0.82   4.60 6224.6     0.00   0.00    0.0  0.007  0.007  0.007  0.007  0.006  0.007
05:00:16 855.26   15.9   34.7   1459    3.3    182    6.9    29.1   0.4   0.82   4.60 6231.6     0.00   0.00    0.0  0.007  0.007  0.007  0.007  0.006  0.007
05:00:17 855.54   16.0   34.7   1457    3.3    181    6.9    29.1   0.4   0.82   4.61 6232.6     0.00   0.00    0.0  0.007  0.007  0.007  0.007  0.006  0.007
05:00:18 855.43   15.9   34.7   1458    3.4    181    6.9    29.1   0.4   0.82   4.61 6233.6     0.00   0.00    0.0  0.007  0.007  0.007  0.007  0.006  0.007
05:00:19 855.66   15.9   34.7   1455    3.4    181    6.9    29.1   0.4   0.82   4.60 6234.6     0.00   0.00    0.0  0.007  0.007  0.007  0.007  0.006  0.007
05:00:22 855.57   16.0   34.7   1456    3.4    182    6.9    29.1   0.4   0.82   4.61 6237.6     0.00   0.00    0.0  0.007  0.007  0.007  0.007  0.006  0.007
05:00:23 855.90   16.0   34.7   1453    3.3    182    6.9    29.1   0.4   0.82   4.60 6238.6     0.00   0.00    0.0  0.007  0.007  0.007  0.007  0.006  0.007
05:00:24 855.84   15.9   34.6   1454    3.4    181    6.9    29.1   0.4   0.82   4.59 6239.6     0.00   0.00    0.0  0.007  0.007  0.007  0.007  0.006  0.007
05:00:27 856.14   16.0   34.6   1451    3.4    184    6.9    29.1   0.4   0.82   4.61 6242.6     0.00   0.00    0.0  0.007  0.007  0.007  0.007  0.006  0.007
05:00:28 856.01   16.0   34.6   1452    3.5    183    6.9    29.1   0.4   0.82   4.60 6243.6     0.00   0.00    0.0  0.007  0.007  0.007  0.007  0.006  0.007
05:00:29 856.19   15.9   34.7   1450    3.4    185    6.9    29.1   0.4   0.82   4.60 6244.6     0.00   0.00    0.0  0.007  0.007  0.007  0.007  0.006  0.007
05:00:32 856.10   15.9   34.9   1451    3.5    189    6.9    29.0   0.5   0.82   4.63 6247.6     0.00   0.00    0.0  0.007  0.007  0.007  0.007  0.006  0.007
05:00:35 856.49   15.9   35.0   1447    3.5    188    6.9    29.0   0.5   0.82   4.64 6250.5     0.00   0.00    0.0  0.007  0.007  0.007  0.007  0.006  0.007
05:00:36 856.76   15.9   34.9   1445    3.5    190    6.9    29.0   0.5   0.82   4.63 6251.5     0.00   0.00    0.0  0.007  0.007  0.007  0.007  0.006  0.007
05:00:37 856.48   15.9   34.9   1447    3.5    188    6.9    29.0   0.5   0.82   4.63 6252.5     0.00   0.00    0.0  0.007  0.007  0.007  0.007  0.006  0.007
05:00:38 856.76   15.9   34.9   1445    3.4    184    6.9    29.0   0.5   0.82   4.63 6253.5     0.00   0.00    0.0  0.007  0.007  0.007  0.007  0.006  0.007
05:00:39 856.82   15.9   34.9   1444    3.4    181    6.9    29.0   0.5   0.82   4.63 6254.5     0.00   0.00    0.0  0.007  0.007  0.007  0.007  0.006  0.007
05:00:40 856.92   15.9   34.9   1443    3.4    186    6.9    29.0   0.5   0.82   4.62 6255.5     0.00   0.00    0.0  0.007  0.007  0.007  0.007  0.006  0.007
05:00:45 857.09   15.9   35.5   1441    3.5    188    6.9    28.9   0.7   0.82   4.69 6260.5     0.00   0.00    0.0  0.007  0.007  0.007  0.007  0.006  0.007
05:00:48 857.41   15.9   35.6   1438    3.5    184    6.9    28.9   0.7   0.82   4.70 6263.5     0.00   0.00    0.0  0.007  0.007  0.007  0.007  0.006  0.007
05:00:49 857.03   15.9   35.6   1442    3.5    184    6.9    29.0   0.8   0.83   4.72 6264.5     0.00   0.00    0.0  0.007  0.007  0.007  0.007  0.006  0.007
05:00:50 857.57   15.9   35.7   1437    3.5    185    6.9    28.9   0.8   0.83   4.72 6265.5     0.00   0.00    0.0  0.007  0.007  0.007  0.007  0.006  0.007
05:00:51 857.69   15.9   35.7   1435    3.5    186    6.9    28.9   0.8   0.83   4.72 6266.5     0.00   0.00    0.0  0.007  0.007  0.007  0.007  0.006  0.007
05:00:52 857.37   15.9   35.7   1439    3.5    184    6.9    28.9   0.8   0.83   4.72 6267.5     0.00   0.00    0.0  0.007  0.007  0.007  0.007  0.006  0.007
05:00:53 857.57   15.9   35.7   1437    3.6    185    6.9    28.9   0.8   0.83   4.73 6268.5     0.00   0.00    0.0  0.007  0.007  0.007  0.007  0.006  0.007
05:00:57 857.72   15.9   36.0   1435    3.8    187    6.9    28.9   0.9   0.83   4.75 6272.5     0.00   0.00    0.0  0.007  0.007  0.007  0.007  0.006  0.007
05:01:00 858.08   15.9   36.1   1432    3.8    188    6.9    28.8   0.9   0.83   4.77 6275.5     0.00   0.00    0.0  0.007  0.007  0.007  0.007  0.006  0.007
05:01:01 858.25   15.9   36.1   1430    3.8    187    6.9    28.8   0.9   0.83   4.77 6276.5     0.00   0.00    0.0  0.007  0.007  0.007  0.007  0.006  0.007
05:01:02 858.32   15.9   36.2   1429    3.8    189    6.9    28.8   0.9   0.83   4.77 6277.5     0.00   0.00    0.0  0.007  0.007  0.007  0.007  0.006  0.007
05:01:06 858.64   15.9   36.4   1426    3.6    191    6.9    28.8   1.0   0.83   4.80 6281.5     0.00   0.00    0.0  0.007  0.007  0.007  0.007  0.006  0.007
05:01:07 858.75   15.9   36.4   1425    3.6    192    6.9    28.7   1.0   0.83   4.79 6282.5     0.00   0.00    0.0  0.007  0.007  0.007  0.007  0.006  0.007
05:01:08 858.65   15.9   36.4   1426    3.6    195    6.9    28.7   1.0   0.83   4.81 6283.5     0.00   0.00    0.0  0.007  0.007  0.007  0.007  0.006  0.007
05:01:09 858.71   15.9   36.5   1425    3.6    195    6.9    28.7   1.0   0.83   4.80 6284.5     0.00   0.00    0.0  0.007  0.007  0.007  0.007  0.006  0.007
05:01:10 858.54   15.9   36.5   1427    3.6    195    6.9    28.8   1.1   0.83   4.82 6285.5     0.00   0.00    0.0  0.007  0.007  0.007  0.007  0.006  0.007
05:01:16 859.21   15.8   36.8   1420    3.6    204    6.9    28.6   1.1   0.83   4.83 6291.5     0.00   0.00    0.0  0.007  0.007  0.007  0.007  0.006  0.007
05:01:17 859.06   15.8   36.9   1422    3.5    204    6.9    28.6   1.1   0.83   4.84 6292.5     0.00   0.00    0.0  0.007  0.007  0.007  0.007  0.006  0.007
05:01:20 859.46   15.9   36.9   1418    3.5    201    6.9    28.6   1.2   0.83   4.85 6295.5     0.00   0.00    0.0  0.007  0.007  0.007  0.007  0.006  0.007
05:01:21 859.64   15.9   36.9   1416    3.4    201    6.9    28.6   1.2   0.83   4.85 6296.5     0.00   0.00    0.0  0.007  0.007  0.007  0.007  0.006  0.007
05:01:22 859.54   15.8   36.9   1417    3.4    202    6.9    28.6   1.1   0.83   4.84 6297.5     0.00   0.00    0.0  0.007  0.007  0.007  0.007  0.006  0.007
05:01:24 859.63   15.9   36.9   1416    3.3    205    6.9    28.6   1.2   0.83   4.85 6299.5     0.00   0.00    0.0  0.007  0.007  0.007  0.007  0.006  0.007
05:01:25 859.68   15.9   36.9   1416    3.2    204    6.9    28.6   1.2   0.83   4.86 6300.5     0.00   0.00    0.0  0.007  0.007  0.007  0.007  0.006  0.007
05:01:27 859.85   15.9   36.9   1414    3.2    205    6.9    28.6   1.2   0.83   4.86 6302.5     0.00   0.00    0.0  0.007  0.007  0.007  0.007  0.006  0.007
05:01:28 859.92   15.8   37.0   1413    3.2    204    6.9    28.6   1.2   0.83   4.85 6303.5     0.00   0.00    0.0  0.007  0.007  0.007  0.007  0.006  0.007
05:01:29 859.97   15.9   36.9   1413    3.2    203    6.9    28.6   1.2   0.83   4.87 6304.5     0.00   0.00    0.0  0.007  0.007  0.007  0.007  0.006  0.007
05:01:31 860.02   15.9   37.0   1412    3.1    201    6.9    28.6   1.2   0.83   4.87 6306.5     0.00   0.00    0.0  0.007  0.007  0.007  0.007  0.006  0.007
05:01:35 860.51   15.9   36.9   1408    3.3    203    6.9    28.6   1.2   0.83   4.86 6310.5     0.00   0.00    0.0  0.007  0.007  0.007  0.007  0.006  0.007
05:01:36 860.59   15.9   36.8   1407    3.3    199    6.9    28.6   1.2   0.83   4.86 6311.5     0.00   0.00    0.0  0.007  0.008  0.007  0.007  0.006  0.007
05:01:37 860.64   15.9   36.9   1406    3.3    200    6.9    28.6   1.2   0.83   4.87 6312.5     0.00   0.00    0.0  0.007  0.007  0.007  0.007  0.006  0.007
05:01:41 860.94   16.0   36.9   1403    3.6    201    6.9    28.6   1.3   0.83   4.88 6316.5     0.00   0.00    0.0  0.007  0.007  0.007  0.007  0.006  0.007
05:01:42 860.79   16.0   36.9   1405    3.7    200    6.9    28.7   1.3   0.83   4.89 6317.5     0.00   0.00    0.0  0.007  0.007  0.007  0.007  0.006  0.007
05:01:43 860.93   16.0   36.9   1403    3.6    198    6.9    28.6   1.3   0.83   4.89 6318.5     0.00   0.00    0.0  0.007  0.007  0.007  0.007  0.006  0.007
05:01:48 861.44   16.0   36.9   1398    3.6    207    6.9    28.5   1.3   0.83   4.88 6323.5     0.00   0.00    0.0  0.007  0.008  0.007  0.007  0.006  0.007
05:01:50 861.49   16.0   36.9   1398    3.4    205    6.9    28.6   1.3   0.83   4.89 6325.5     0.00   0.00    0.0  0.007  0.007  0.007  0.007  0.006  0.007
05:01:55 861.89   16.0   36.8   1394    3.5    208    6.9    28.6   1.3   0.83   4.89 6330.5     0.00   0.00    0.0  0.007  0.007  0.007  0.007  0.006  0.007
05:01:56 861.83   16.0   36.8   1395    3.5    207    6.9    28.5   1.3   0.83   4.87 6331.5     0.00   0.00    0.0  0.007  0.007  0.007  0.007  0.006  0.007
05:01:57 862.00   16.0   36.8   1393    3.5    212    6.9    28.6   1.3   0.83   4.88 6332.5     0.00   0.00    0.0  0.007  0.007  0.007  0.007  0.006  0.007
05:01:58 862.02   16.0   36.9   1393    3.4    212    6.9    28.6   1.3   0.83   4.90 6333.5     0.00   0.00    0.0  0.007  0.007  0.007  0.007  0.006  0.007
05:02:00 862.00   16.1   36.9   1393    3.3    207    6.9    28.6   1.4   0.83   4.91 6335.5     0.00   0.00    0.0  0.007  0.007  0.007  0.007  0.006  0.007
05:02:01 862.03   16.0   36.9   1393    3.3    208    6.9    28.6   1.3   0.83   4.90 6336.5     0.00   0.00    0.0  0.007  0.007  0.007  0.007  0.006  0.007
05:02:05 862.51   16.0   37.1   1388    3.2    209    6.9    28.5   1.4   0.83   4.91 6340.5     0.00   0.00    0.0  0.007  0.008  0.007  0.007  0.006  0.007
05:02:09 862.57   16.0   37.1   1387    3.1    217    6.9    28.5   1.4   0.83   4.92 6344.5     0.00   0.00    0.0  0.007  0.007  0.007  0.007  0.006  0.007
05:02:12 863.01   16.1   37.1   1383    3.2    216    6.9    28.5   1.5   0.83   4.93 6347.5     0.00   0.00    0.0  0.007  0.007  0.007  0.007  0.006  0.007
05:02:13 863.23   16.1   37.2   1381    3.3    219    6.9    28.5   1.5   0.83   4.93 6348.5     0.00   0.00    0.0  0.007  0.007  0.007  0.007  0.006  0.007
05:02:14 863.07   16.0   37.1   1382    3.3    212    6.9    28.5   1.4   0.83   4.92 6349.4     0.00   0.00    0.0  0.007  0.007  0.007  0.007  0.006  0.007
05:02:15 863.41   16.1   37.2   1379    3.4    218    6.9    28.5   1.5   0.83   4.94 6350.4     0.00   0.00    0.0  0.007  0.008  0.007  0.007  0.006  0.007
05:02:17 863.61   16.1   37.2   1377    3.5    223    6.9    28.4   1.5   0.83   4.94 6352.4     0.00   0.00    0.0  0.007  0.007  0.007  0.007  0.006  0.007
05:02:18 863.48   16.1   37.3   1378    3.5    223    6.9    28.5   1.5   0.83   4.96 6353.4     0.00   0.00    0.0  0.007  0.007  0.007  0.007  0.006  0.007
05:02:19 863.52   16.0   37.3   1378    3.5    222    6.9    28.4   1.5   0.83   4.94 6354.4     0.00   0.00    0.0  0.007  0.008  0.007  0.007  0.006  0.007
05:02:20 863.31   16.1   37.4   1380    3.5    225    6.9    28.5   1.6   0.83   4.97 6355.4     0.00   0.00    0.0  0.007  0.007  0.007  0.007  0.006  0.007
05:02:21 863.59   16.1   37.4   1377    3.5    225    6.9    28.5   1.6   0.83   4.97 6356.4     0.00   0.00    0.0  0.007  0.008  0.007  0.007  0.006  0.007
05:02:22 863.56   16.1   37.3   1378    3.5    224    6.9    28.5   1.6   0.83   4.97 6357.4     0.00   0.00    0.0  0.007  0.008  0.007  0.007  0.006  0.007
05:02:24 863.67   16.1   37.4   1376    3.4    219    6.9    28.5   1.6   0.83   4.96 6359.4     0.00   0.00    0.0  0.007  0.007  0.007  0.007  0.006  0.007
05:02:26 864.15   16.1   37.4   1372    3.3    220    6.9    28.4   1.6   0.83   4.97 6361.4     0.00   0.00    0.0  0.007  0.008  0.007  0.007  0.006  0.007
05:02:27 864.04   16.1   37.4   1373    3.4    220    6.9    28.5   1.6   0.83   4.97 6362.4     0.00   0.00    0.0  0.007  0.007  0.007  0.007  0.006  0.007
05:02:28 863.91   16.1   37.5   1374    3.4    217    6.9    28.4   1.6   0.83   4.98 6363.4     0.00   0.00    0.0  0.007  0.007  0.007  0.007  0.006  0.007
05:02:30 864.20   16.1   37.6   1371    3.4    217    6.9    28.4   1.6   0.83   4.99 6365.4     0.00   0.00    0.0  0.007  0.008  0.007  0.007  0.006  0.007
05:02:32 864.30   16.1   37.7   1370    3.5    219    6.9    28.4   1.6   0.83   4.99 6367.4     0.00   0.00    0.0  0.007  0.008  0.007  0.007  0.006  0.007
05:02:34 864.41   16.1   37.6   1369    3.5    218    6.9    28.3   1.6   0.83   4.99 6369.4     0.00   0.00    0.0  0.007  0.007  0.007  0.007  0.006  0.007
05:02:36 864.57   16.0   37.7   1368    3.6    220    6.9    28.3   1.7   0.83   5.00 6371.4     0.00   0.00    0.0  0.007  0.007  0.007  0.007  0.006  0.007
05:02:37 864.68   16.0   37.8   1367    3.6    221    6.9    28.3   1.7   0.83   5.00 6372.4     0.00   0.00    0.0  0.007  0.008  0.007  0.007  0.006  0.007
05:02:37 864.73   16.0   37.8   1366    3.6    221    6.9    28.3   1.7   0.83   5.00 6373.4     0.00   0.00    0.0  0.007  0.008  0.007  0.007  0.006  0.007
05:02:40 865.05   16.0   37.8   1363    3.8    220    6.9    28.3   1.7   0.83   5.00 6375.4     0.00   0.00    0.0  0.007  0.007  0.007  0.007  0.006  0.007
05:02:41 865.13   16.1   37.8   1362    3.8    222    6.9    28.3   1.7   0.83   5.01 6376.4     0.00   0.00    0.0  0.007  0.007  0.007  0.007  0.006  0.007
05:02:42 865.09   16.0   37.8   1362    3.8    221    6.9    28.3   1.7   0.83   4.99 6377.4     0.00   0.00    0.0  0.007  0.008  0.007  0.007  0.006  0.007
05:02:44 865.29   16.1   37.8   1361    3.8    220    6.9    28.3   1.7   0.83   5.01 6379.4     0.00   0.00    0.0  0.007  0.007  0.007  0.007  0.006  0.007
05:02:46 865.57   16.1   37.8   1358    3.9    220    6.9    28.2   1.7   0.83   5.00 6381.4     0.00   0.00    0.0  0.007  0.008  0.007  0.007  0.007  0.007
05:02:50 865.51   15.9   38.2   1358    3.8    220    6.9    28.1   1.7   0.83   5.01 6385.4     0.00   0.00    0.0  0.007  0.008  0.007  0.007  0.006  0.007
05:02:51 865.71   15.9   38.3   1356    3.7    219    6.9    28.1   1.8   0.83   5.03 6386.4     0.00   0.00    0.0  0.007  0.008  0.007  0.007  0.006  0.007
05:02:52 865.60   15.9   38.3   1357    3.6    218    6.9    28.0   1.7   0.83   5.01 6387.4     0.00   0.00    0.0  0.007  0.008  0.007  0.007  0.006  0.007
05:02:53 865.83   15.9   38.5   1355    3.6    216    6.9    28.0   1.8   0.83   5.03 6388.4     0.00   0.00    0.0  0.007  0.008  0.007  0.007  0.006  0.007
05:02:54 865.96   15.8   38.7   1354    3.5    217    6.9    27.9   1.8   0.83   5.04 6389.4     0.00   0.00    0.0  0.007  0.008  0.007  0.007  0.006  0.007
05:02:56 865.89   15.8   39.0   1355    3.5    218    6.9    27.9   1.9   0.84   5.06 6391.4     0.00   0.00    0.0  0.007  0.007  0.007  0.007  0.006  0.007
05:02:57 866.25   15.7   39.2   1351    3.5    219    6.9    27.8   1.9   0.84   5.07 6392.4     0.00   0.00    0.0  0.007  0.008  0.007  0.007  0.006  0.007
05:02:58 866.05   15.7   39.2   1353    3.4    218    6.9    27.8   1.9   0.84   5.07 6393.4     0.00   0.00    0.0  0.007  0.008  0.007  0.007  0.006  0.007
05:02:59 866.29   15.7   39.3   1351    3.3    219    6.9    27.8   1.9   0.84   5.08 6394.4     0.00   0.00    0.0  0.007  0.008  0.007  0.007  0.006  0.007
05:03:00 866.27   15.7   39.3   1351    3.3    218    6.9    27.8   2.0   0.84   5.10 6395.4     0.00   0.00    0.0  0.007  0.008  0.007  0.007  0.006  0.007
05:03:02 866.62   15.7   39.3   1347    3.3    220    6.9    27.7   1.9   0.84   5.08 6397.4     0.00   0.00    0.0  0.007  0.008  0.007  0.007  0.006  0.007
05:03:03 866.42   15.7   39.4   1349    3.3    220    6.9    27.7   1.9   0.84   5.08 6398.4     0.00   0.00    0.0  0.007  0.008  0.007  0.007  0.007  0.007
05:03:04 866.48   15.6   39.5   1349    3.3    220    6.9    27.7   1.9   0.84   5.07 6399.4     0.00   0.00    0.0  0.007  0.008  0.007  0.007  0.006  0.007
05:03:05 866.58   15.6   39.5   1348    3.3    220    6.9    27.7   1.9   0.84   5.08 6400.4     0.00   0.00    0.0  0.007  0.008  0.007  0.007  0.006  0.007
05:03:07 866.70   15.7   39.3   1347    3.3    219    6.9    27.7   1.9   0.84   5.07 6402.4     0.00   0.00    0.0  0.007  0.007  0.007  0.007  0.007  0.007
05:03:09 867.11   15.6   38.7   1343    3.2    212    6.9    27.6   1.6   0.83   4.95 6405.4     0.00   0.00    0.0  0.007  0.008  0.007  0.007  0.006  0.007
05:03:10 867.18   15.5   38.8   1342    3.3    211    6.9    27.5   1.6   0.83   4.95 6406.4     0.00   0.00    0.0  0.007  0.007  0.007  0.007  0.007  0.007
05:03:11 867.11   15.5   38.9   1343    3.3    211    6.9    27.5   1.6   0.83   4.97 6407.4     0.00   0.00    0.0  0.007  0.008  0.007  0.007  0.006  0.007
05:03:17 867.49   15.0   40.6   1339    2.8    217    6.9    26.9   1.8   0.83   5.01 6413.4     0.00   0.00    0.0  0.007  0.007  0.007  0.007  0.006  0.007
05:03:21 868.01   14.5   44.3   1334    2.4    230    6.9    26.4   2.5   0.84   5.28 6417.4     0.00   0.00    0.0  0.007  0.008  0.007  0.007  0.007  0.007
05:03:22 867.78   14.4   44.4   1336    2.4    227    6.9    26.3   2.4   0.84   5.26 6418.4     0.00   0.00    0.0  0.007  0.008  0.007  0.007  0.006  0.007
05:03:23 868.07   14.3   44.7   1333    2.3    227    6.9    26.2   2.5   0.84   5.27 6419.4     0.00   0.00    0.0  0.007  0.008  0.007  0.007  0.006  0.007
05:03:25 868.12   14.2   45.0   1333    2.3    225    6.9    26.1   2.5   0.84   5.28 6420.4     0.00   0.00    0.0  0.007  0.008  0.007  0.007  0.006  0.007
05:03:26 868.23   14.1   45.0   1332    2.2    213    6.9    25.9   2.4   0.84   5.23 6422.4     0.00   0.00    0.0  0.007  0.008  0.007  0.007  0.006  0.007
05:03:27 868.24   14.0   45.3   1332    2.2    206    6.9    25.9   2.4   0.84   5.25 6423.4     0.00   0.00    0.0  0.007  0.008  0.007  0.007  0.006  0.007
05:03:28 868.25   14.0   45.3   1332    2.3    199    6.9    25.8   2.3   0.84   5.22 6424.4     0.00   0.00    0.0  0.007  0.007  0.007  0.007  0.007  0.007
05:03:30 868.31   13.9   45.4   1331    2.4    191    6.9    25.7   2.3   0.84   5.20 6426.4     0.00   0.00    0.0  0.007  0.008  0.007  0.007  0.006  0.007
05:03:34 868.79   13.7   46.0   1326    2.4    179    6.9    25.5   2.3   0.84   5.22 6430.4     0.00   0.00    0.0  0.007  0.008  0.007  0.007  0.006  0.007
05:03:35 868.85   13.7   46.1   1326    2.4    178    6.9    25.5   2.4   0.84   5.23 6431.4     0.00   0.00    0.0  0.007  0.008  0.007  0.007  0.006  0.007
05:03:36 869.10   13.7   46.3   1323    2.4    176    6.9    25.5   2.4   0.84   5.26 6432.4     0.00   0.00    0.0  0.007  0.008  0.007  0.007  0.007  0.007
05:03:37 869.01   13.7   46.5   1324    2.4    176    6.9    25.4   2.4   0.84   5.25 6433.4     0.00   0.00    0.0  0.007  0.007  0.007  0.007  0.006  0.007
05:03:38 868.98   13.7   46.6   1325    2.4    176    6.9    25.4   2.5   0.84   5.27 6434.4     0.00   0.00    0.0  0.007  0.008  0.007  0.007  0.006  0.007
05:03:39 868.97   13.7   46.7   1325    2.5    176    6.9    25.4   2.5   0.84   5.27 6435.4     0.00   0.00    0.0  0.007  0.007  0.007  0.007  0.006  0.007
05:03:42 869.21   13.4   47.1   1322    2.7    174    6.9    25.1   2.4   0.84   5.23 6438.4     0.00   0.00    0.0  0.007  0.007  0.007  0.007  0.007  0.007
05:03:43 869.55   13.4   47.3   1319    2.7    176    6.9    25.1   2.4   0.84   5.24 6439.4     0.00   0.00    0.0  0.007  0.008  0.007  0.007  0.006  0.007
05:03:45 869.47   13.4   47.3   1320    2.8    172    6.9    25.0   2.4   0.84   5.24 6440.4     0.00   0.00    0.0  0.007  0.007  0.007  0.007  0.006  0.007
05:03:45 869.45   13.0   47.8   1320    2.9    165    6.9    24.7   2.2   0.84   5.17 6441.4     0.00   0.00    0.0  0.007  0.007  0.007  0.007  0.006  0.007
05:03:48 869.65   12.4   49.7   1318    2.8    161    6.9    24.1   2.2   0.84   5.17 6444.4     0.00   0.00    0.0  0.007  0.007  0.007  0.007  0.006  0.007
05:03:49 869.70   12.3   50.3   1318    2.8    158    6.9    24.0   2.3   0.84   5.21 6445.4     0.00   0.00    0.0  0.007  0.007  0.007  0.007  0.006  0.007
05:03:53 869.99   11.8   53.0   1315    2.2    147    6.9    23.3   2.5   0.84   5.28 6449.3     0.00   0.00    0.0  0.007  0.008  0.007  0.007  0.007  0.007
05:03:54 870.07   11.6   53.8   1314    2.0    149    6.9    23.1   2.5   0.84   5.28 6450.3     0.00   0.00    0.0  0.007  0.008  0.007  0.007  0.006  0.007
05:03:58 870.42   10.6   56.7   1311    1.3    170    6.9    22.1   2.4   0.84   5.22 6454.3     0.00   0.00    0.0  0.007  0.008  0.007  0.007  0.006  0.007
05:03:59 870.53   10.5   57.4   1310    1.2    175    6.9    22.0   2.5   0.84   5.26 6455.3     0.00   0.00    0.0  0.007  0.007  0.007  0.007  0.006  0.007
05:04:00 870.15   10.5   57.9   1313    1.2    175    6.9    22.0   2.6   0.84   5.30 6456.3     0.00   0.00    0.0  0.007  0.007  0.007  0.007  0.006  0.007
05:04:01 870.39   10.5   58.2   1311    1.1    175    6.9    22.0   2.6   0.84   5.32 6457.3     0.00   0.00    0.0  0.007  0.007  0.007  0.007  0.006  0.007
05:04:02 870.35   10.5   58.5   1311    0.9    173    6.9    21.9   2.7   0.84   5.34 6458.3     0.00   0.00    0.0  0.007  0.007  0.007  0.007  0.006  0.007
05:04:05 870.39   10.2   59.7   1311    0.8    177    6.9    21.7   2.8   0.84   5.37 6461.3     0.00   0.00    0.0  0.007  0.007  0.007  0.007  0.007  0.007
05:04:06 870.36   10.2   60.2   1311    0.7    182    6.9    21.6   2.8   0.84   5.38 6462.3     0.00   0.00    0.0  0.007  0.007  0.007  0.007  0.006  0.007
05:04:10 870.19   10.1   61.7   1313    0.6    178    6.9    21.6   3.1   0.85   5.50 6466.3     0.00   0.00    0.0  0.007  0.007  0.007  0.007  0.007  0.007
05:04:11 870.44   10.1   62.1   1310    0.6    174    6.9    21.6   3.2   0.85   5.55 6467.3     0.00   0.00    0.0  0.007  0.007  0.007  0.007  0.006  0.007
05:04:12 870.47   10.2   62.0   1310    0.6    173    6.9    21.7   3.3   0.85   5.58 6468.3     0.00   0.00    0.0  0.007  0.007  0.007  0.007  0.006  0.007
05:04:13 870.37   10.1   62.7   1311    0.6    177    6.9    21.6   3.3   0.85   5.60 6469.3     0.00   0.00    0.0  0.007  0.007  0.007  0.007  0.006  0.007
05:04:14 870.39   10.1   63.1   1311    0.6    180    6.9    21.5   3.4   0.85   5.61 6470.3     0.00   0.00    0.0  0.007  0.007  0.007  0.007  0.006  0.007
05:04:15 870.35   10.1   63.4   1311    0.6    182    6.9    21.6   3.5   0.85   5.64 6471.3     0.00   0.00    0.0  0.007  0.007  0.007  0.007  0.006  0.007
05:04:16 870.35   10.2   63.6   1311    0.6    182    6.9    21.7   3.6   0.85   5.72 6472.3     0.00   0.00    0.0  0.007  0.007  0.007  0.007  0.007  0.007
05:04:17 870.37   10.2   64.0   1311    0.6    179    6.9    21.6   3.7   0.85   5.73 6473.3     0.00   0.00    0.0  0.007  0.007  0.007  0.007  0.006  0.007
05:04:22 870.34   10.0   66.7   1311    0.6    164    6.9    21.4   4.0   0.85   5.89 6478.3     0.00   0.00    0.0  0.007  0.007  0.007  0.007  0.006  0.007
05:05:50 870.40   10.2   67.0   1311    0.0      0    7.3    21.7   4.3   0.86   6.02 6478.9     0.00   0.00    0.0 -32768.000 -32768.000 -32768.000 -32768.000 -32768.000 -32768.000
05:05:51 870.51    9.5   75.3   1310   38.5    209    7.3    21.0   5.4   0.87   6.47 6567.3     0.00   0.00    0.0  0.006  0.007  0.007  0.007  0.006  0.007
05:05:54 870.30    9.6   75.6   1312    0.4    211    7.2    21.1   5.5   0.87   6.54 6570.3     0.00   0.00    0.0  0.006  0.007  0.007  0.007  0.006  0.007
05:05:55 870.49    9.7   75.6   1310    0.4    210    7.2    21.1   5.6   0.87   6.56 6571.3     0.00   0.00    0.0  0.006  0.007  0.007  0.007  0.006  0.007
05:05:56 870.58    9.6   75.8   1309    0.4    205    7.2    21.0   5.5   0.87   6.53 6572.3     0.00   0.00    0.0  0.006  0.007  0.007  0.007  0.006  0.007
05:05:57 870.43    9.6   75.9   1311    0.4    203    7.2    21.0   5.5   0.87   6.54 6573.3     0.00   0.00    0.0  0.006  0.007  0.007  0.007  0.006  0.007
05:05:58 870.46    9.6   75.9   1310    0.4    205    7.2    21.1   5.6   0.87   6.57 6574.3     0.00   0.00    0.0  0.006  0.007  0.007  0.007  0.006  0.006
05:05:59 870.55    9.6   76.1   1309    0.4    206    7.2    21.0   5.5   0.87   6.55 6575.3     0.00   0.00    0.0  0.006  0.007  0.007  0.007  0.006  0.006
05:06:00 870.57    9.5   76.3   1309    0.4    204    7.2    20.9   5.5   0.87   6.54 6576.3     0.00   0.00    0.0  0.006  0.007  0.007  0.007  0.006  0.006
05:06:01 870.47    9.6   76.2   1310    0.4    200    7.1    21.0   5.6   0.87   6.58 6577.3     0.00   0.00    0.0  0.006  0.007  0.007  0.007  0.006  0.006
05:06:05 870.25   10.1   75.0   1312    0.5    187    7.1    21.5   5.8   0.87   6.68 6581.3     0.00   0.00    0.0  0.006  0.007  0.007  0.007  0.006  0.006
05:06:06 869.83   10.1   74.5   1316    0.7    182    7.1    21.6   5.8   0.87   6.67 6582.3     0.00   0.00    0.0  0.006  0.007  0.007  0.007  0.006  0.006
05:06:07 870.09   10.1   74.2   1314    0.7    180    7.1    21.6   5.7   0.87   6.64 6583.3     0.00   0.00    0.0  0.006  0.007  0.007  0.007  0.006  0.006
05:06:08 870.22   10.2   73.6   1313    0.8    178    7.1    21.7   5.7   0.87   6.61 6584.3     0.00   0.00    0.0  0.006  0.007  0.007  0.007  0.006  0.007
05:06:09 870.06   10.2   73.4   1314    1.0    176    7.1    21.7   5.7   0.87   6.61 6585.3     0.00   0.00    0.0  0.006  0.007  0.007  0.007  0.006  0.007
05:06:10 869.99   10.3   72.7   1315    1.0    176    7.1    21.8   5.6   0.87   6.60 6586.3     0.00   0.00    0.0  0.006  0.007  0.007  0.007  0.006  0.006
05:06:12 869.89   10.6   71.6   1316    1.3    174    7.1    22.1   5.7   0.87   6.62 6588.3     0.00   0.00    0.0  0.007  0.007  0.007  0.007  0.006  0.007
05:06:13 869.87   10.7   71.0   1316    1.4    173    7.1    22.2   5.6   0.87   6.59 6589.3     0.00   0.00    0.0  0.006  0.007  0.007  0.007  0.006  0.007
05:06:14 870.00   10.8   70.3   1315    1.5    173    7.0    22.3   5.6   0.87   6.57 6590.3     0.00   0.00    0.0  0.006  0.007  0.007  0.007  0.006  0.007
05:06:15 869.91   10.8   69.9   1315    1.6    173    7.0    22.4   5.6   0.87   6.56 6591.3     0.00   0.00    0.0  0.006  0.007  0.007  0.007  0.006  0.006
05:06:16 869.76   11.0   69.4   1317    1.6    174    7.0    22.5   5.6   0.87   6.57 6592.3     0.00   0.00    0.0  0.006  0.007  0.007  0.007  0.006  0.006
05:06:17 869.82   11.0   68.9   1316    1.7    173    7.0    22.6   5.5   0.87   6.54 6593.3     0.00   0.00    0.0  0.006  0.007  0.007  0.007  0.006  0.006
05:06:19 869.91   11.2   68.5   1316    1.8    172    7.0    22.7   5.6   0.87   6.56 6595.3     0.00   0.00    0.0  0.006  0.007  0.007  0.007  0.006  0.006
05:06:20 869.55   11.2   67.5   1319    1.9    172    7.0    22.8   5.4   0.87   6.48 6596.3     0.00   0.00    0.0  0.007  0.007  0.007  0.007  0.006  0.007
05:06:21 869.66   11.3   67.0   1318    1.9    172    7.0    22.9   5.4   0.87   6.48 6597.3     0.00   0.00    0.0  0.006  0.007  0.007  0.007  0.006  0.007
05:06:22 869.66   11.4   66.4   1318    2.0    173    7.0    22.9   5.3   0.87   6.46 6598.3     0.00   0.00    0.0  0.006  0.007  0.007  0.007  0.006  0.006
05:06:23 869.61   11.4   65.9   1318    2.0    174    7.0    23.0   5.3   0.87   6.42 6599.3     0.00   0.00    0.0  0.006  0.007  0.007  0.007  0.006  0.006
05:06:25 869.51   11.4   65.0   1319    2.1    175    7.0    23.1   5.1   0.86   6.36 6601.3     0.00   0.00    0.0  0.006  0.007  0.007  0.007  0.006  0.006
05:06:26 869.46   11.5   64.5   1320    2.1    177    7.0    23.2   5.1   0.86   6.34 6602.3     0.00   0.00    0.0  0.006  0.007  0.007  0.007  0.006  0.006
05:06:28 869.35   11.7   63.2   1321    2.2    178    7.0    23.3   4.9   0.86   6.28 6604.3     0.00   0.00    0.0  0.007  0.007  0.007  0.007  0.006  0.007
05:06:29 869.59   11.8   62.5   1319    2.3    179    7.0    23.4   4.9   0.86   6.24 6605.3     0.00   0.00    0.0  0.006  0.007  0.007  0.007  0.006  0.006
05:06:30 869.26   11.9   61.8   1322    2.3    180    7.0    23.6   4.8   0.86   6.23 6606.3     0.00   0.00    0.0  0.006  0.007  0.007  0.007  0.006  0.006
05:06:31 869.35   12.1   61.0   1321    2.3    180    7.0    23.7   4.8   0.86   6.22 6607.3     0.00   0.00    0.0  0.006  0.007  0.007  0.007  0.006  0.006
05:06:32 869.27   12.2   60.3   1322    2.4    180    7.0    23.8   4.7   0.86   6.19 6608.3     0.00   0.00    0.0  0.006  0.007  0.007  0.007  0.006  0.006
05:06:35 869.30   12.4   58.5   1321    2.5    182    7.0    24.1   4.5   0.86   6.10 6611.3     0.00   0.00    0.0  0.006  0.007  0.007  0.007  0.006  0.006
05:06:37 869.16   12.6   57.3   1323    2.6    183    7.0    24.3   4.4   0.86   6.05 6613.3     0.00   0.00    0.0  0.006  0.007  0.007  0.007  0.006  0.006
05:06:38 869.19   12.7   56.8   1322    2.7    183    7.0    24.3   4.3   0.86   6.01 6614.3     0.00   0.00    0.0  0.006  0.007  0.007  0.007  0.006  0.006
05:06:39 868.88   12.7   56.3   1325    2.7    183    7.0    24.4   4.2   0.86   5.97 6615.3     0.00   0.00    0.0  0.006  0.007  0.007  0.007  0.006  0.006
05:06:40 869.07   12.8   55.7   1324    2.7    183    7.0    24.5   4.2   0.86   5.96 6616.3     0.00   0.00    0.0  0.006  0.007  0.007  0.007  0.006  0.006
05:06:41 868.92   12.9   55.2   1325    2.7    184    7.0    24.6   4.1   0.86   5.93 6617.3     0.00   0.00    0.0  0.006  0.007  0.007  0.007  0.006  0.006
05:06:42 869.00   13.0   54.6   1324    2.8    184    7.0    24.7   4.0   0.85   5.89 6618.3     0.00   0.00    0.0  0.006  0.007  0.007  0.007  0.006  0.007
05:06:43 868.82   13.0   54.2   1326    2.8    185    7.0    24.8   4.0   0.85   5.89 6619.3     0.00   0.00    0.0  0.006  0.007  0.007  0.007  0.006  0.006
05:06:44 868.73   13.2   54.0   1327    2.8    186    7.0    24.9   4.1   0.86   5.90 6620.3     0.00   0.00    0.0  0.006  0.007  0.007  0.007  0.006  0.007
05:06:45 868.85   13.2   53.6   1326    2.9    188    7.0    25.0   4.1   0.86   5.90 6621.3     0.00   0.00    0.0  0.006  0.007  0.007  0.007  0.006  0.006
05:06:46 868.71   13.3   53.4   1327    2.8    188    7.0    25.0   4.0   0.85   5.89 6622.3     0.00   0.00    0.0  0.006  0.007  0.007  0.007  0.006  0.006
05:06:48 868.66   13.3   53.0   1328    2.8    190    6.9    25.0   3.9   0.85   5.84 6624.3     0.00   0.00    0.0  0.006  0.007  0.007  0.007  0.006  0.006
05:06:50 868.76   13.3   52.6   1327    2.7    190    6.9    25.1   3.9   0.85   5.82 6626.3     0.00   0.00    0.0  0.006  0.007  0.007  0.007  0.006  0.006
05:06:51 868.55   13.3   52.5   1329    2.7    191    6.9    25.1   3.8   0.85   5.81 6627.3     0.00   0.00    0.0  0.006  0.007  0.007  0.007  0.006  0.006
05:06:52 868.55   13.3   52.4   1329    2.7    192    6.9    25.1   3.8   0.85   5.80 6628.3     0.00   0.00    0.0  0.006  0.007  0.007  0.007  0.006  0.006
05:06:53 868.47   13.4   52.4   1329    2.7    193    6.9    25.2   3.9   0.85   5.82 6629.3     0.00   0.00    0.0  0.006  0.007  0.007  0.007  0.006  0.006
05:06:54 868.50   13.4   52.1   1329    2.7    194    6.9    25.1   3.7   0.85   5.78 6630.3     0.00   0.00    0.0  0.006  0.007  0.007  0.007  0.006  0.006
05:06:56 868.44   13.4   52.0   1330    2.7    195    6.9    25.2   3.7   0.85   5.77 6632.3     0.00   0.00    0.0  0.006  0.007  0.007  0.007  0.006  0.006
05:06:58 868.15   13.4   51.8   1333    2.6    196    6.9    25.3   3.7   0.85   5.78 6634.3     0.00   0.00    0.0  0.006  0.007  0.007  0.007  0.006  0.006
05:06:59 868.12   13.4   52.0   1333    2.6    196    6.9    25.2   3.8   0.85   5.80 6635.3     0.00   0.00    0.0  0.007  0.007  0.007  0.007  0.006  0.006
05:07:00 868.10   13.5   52.0   1333    2.6    196    6.9    25.3   3.8   0.85   5.81 6636.3     0.00   0.00    0.0  0.006  0.007  0.007  0.007  0.006  0.006
05:07:02 868.05   13.5   51.8   1334    2.6    195    6.9    25.3   3.8   0.85   5.81 6638.3     0.00   0.00    0.0  0.006  0.007  0.007  0.007  0.006  0.006
05:07:03 868.14   13.5   51.8   1333    2.6    194    6.9    25.3   3.8   0.85   5.81 6639.3     0.00   0.00    0.0  0.006  0.007  0.007  0.007  0.006  0.006
05:07:06 867.83   13.5   51.5   1336    2.5    197    6.9    25.4   3.7   0.85   5.78 6642.3     0.00   0.00    0.0  0.006  0.007  0.007  0.007  0.006  0.007
05:07:07 867.61   13.5   51.4   1338    2.6    197    6.9    25.4   3.7   0.85   5.78 6643.3     0.00   0.00    0.0  0.006  0.007  0.007  0.007  0.006  0.006
05:07:08 868.05   13.5   51.3   1334    2.5    198    6.9    25.4   3.7   0.85   5.76 6644.3     0.00   0.00    0.0  0.006  0.007  0.007  0.007  0.006  0.006
05:07:09 867.66   13.5   51.2   1337    2.5    198    6.9    25.4   3.6   0.85   5.74 6645.3     0.00   0.00    0.0  0.006  0.007  0.007  0.007  0.006  0.006
05:07:10 867.98   13.6   51.1   1334    2.4    199    6.9    25.4   3.6   0.85   5.74 6646.3     0.00   0.00    0.0  0.006  0.007  0.007  0.007  0.006  0.006
05:07:11 867.51   13.6   50.9   1339    2.4    201    6.9    25.5   3.6   0.85   5.74 6647.3     0.00   0.00    0.0  0.006  0.007  0.007  0.007  0.006  0.006
05:07:12 867.48   13.6   50.9   1339    2.3    201    6.9    25.5   3.6   0.85   5.73 6648.3     0.00   0.00    0.0  0.007  0.007  0.007  0.007  0.006  0.006
05:07:13 867.93   13.6   50.9   1335    2.4    201    6.9    25.4   3.6   0.85   5.73 6649.3     0.00   0.00    0.0  0.006  0.007  0.007  0.007  0.006  0.006
05:07:14 867.78   13.6   50.7   1336    2.3    202    6.9    25.4   3.6   0.85   5.71 6650.3     0.00   0.00    0.0  0.006  0.007  0.007  0.007  0.006  0.006
05:07:15 867.54   13.6   50.6   1338    2.3    204    6.9    25.5   3.6   0.85   5.71 6651.3     0.00   0.00    0.0  0.006  0.007  0.007  0.007  0.006  0.006
05:07:18 867.20   13.6   50.4   1342    2.2    206    6.9    25.5   3.5   0.85   5.70 6654.3     0.00   0.00    0.0  0.006  0.007  0.007  0.007  0.006  0.006
05:07:19 867.30   13.7   50.3   1341    2.2    207    6.9    25.6   3.5   0.85   5.70 6655.3     0.00   0.00    0.0  0.006  0.007  0.007  0.007  0.006  0.006
05:07:20 867.33   13.7   50.3   1341    2.2    209    6.9    25.6   3.6   0.85   5.71 6656.3     0.00   0.00    0.0  0.006  0.007  0.007  0.007  0.006  0.006
05:07:22 867.22   13.7   50.2   1342    2.1    211    6.9    25.6   3.5   0.85   5.69 6658.3     0.00   0.00    0.0  0.007  0.007  0.007  0.007  0.006  0.006
05:07:23 867.27   13.7   50.1   1341    2.1    212    6.9    25.6   3.5   0.85   5.70 6659.3     0.00   0.00    0.0  0.006  0.007  0.007  0.007  0.006  0.006
05:07:25 867.30   13.7   50.0   1341    2.1    214    6.9    25.6   3.5   0.85   5.67 6661.3     0.00   0.00    0.0  0.007  0.007  0.007  0.007  0.006  0.007
05:07:26 867.34   13.8   50.6   1340    2.1    217    6.9    25.7   3.7   0.85   5.77 6662.2     0.00   0.00    0.0  0.006  0.007  0.007  0.007  0.006  0.007
05:07:30 867.15   13.8   50.8   1342    2.1    222    6.9    25.7   3.8   0.85   5.80 6666.2     0.00   0.00    0.0  0.007  0.007  0.007  0.007  0.006  0.006
05:07:31 866.83   13.8   50.9   1345    2.1    223    6.9    25.7   3.8   0.85   5.81 6667.2     0.00   0.00    0.0  0.006  0.007  0.007  0.007  0.006  0.006
05:07:32 866.83   13.8   50.8   1345    2.1    223    6.9    25.7   3.8   0.85   5.80 6668.2     0.00   0.00    0.0  0.007  0.007  0.007  0.007  0.006  0.007
05:07:33 866.88   13.8   51.0   1345    2.1    220    6.9    25.7   3.8   0.85   5.81 6669.2     0.00   0.00    0.0  0.007  0.007  0.007  0.007  0.006  0.006
05:07:34 866.68   13.7   50.8   1347    2.1    221    6.9    25.7   3.7   0.85   5.79 6670.2     0.00   0.00    0.0  0.006  0.007  0.007  0.007  0.006  0.006
05:07:37 866.68   13.8   51.5   1347    2.2    219    6.9    25.7   3.9   0.85   5.87 6673.2     0.00   0.00    0.0  0.007  0.007  0.007  0.007  0.006  0.006
05:07:43 866.48   13.8   51.5   1349    2.3    219    6.9    25.8   4.0   0.85   5.88 6679.2     0.00   0.00    0.0  0.007  0.007  0.007  0.007  0.006  0.006
05:07:44 866.37   13.8   51.6   1350    2.3    221    6.9    25.8   4.0   0.86   5.91 6680.2     0.00   0.00    0.0  0.006  0.007  0.007  0.007  0.006  0.007
05:07:45 866.60   13.8   51.6   1348    2.3    221    6.9    25.8   4.1   0.86   5.92 6681.2     0.00   0.00    0.0  0.007  0.007  0.007  0.007  0.006  0.006
05:07:46 866.19   13.8   51.6   1352    2.3    220    6.9    25.8   4.0   0.86   5.90 6682.2     0.00   0.00    0.0  0.007  0.007  0.007  0.007  0.006  0.006
05:07:47 866.16   13.9   51.6   1352    2.3    219    6.9    25.9   4.1   0.86   5.93 6683.2     0.00   0.00    0.0  0.006  0.007  0.007  0.007  0.006  0.006
05:07:48 866.57   13.8   51.6   1348    2.3    218    6.9    25.8   4.0   0.86   5.91 6684.2     0.00   0.00    0.0  0.007  0.007  0.007  0.007  0.006  0.007
05:07:52 866.07   13.9   51.0   1353    2.3    214    6.9    26.0   4.0   0.85   5.89 6688.2     0.00   0.00    0.0  0.007  0.007  0.007  0.007  0.006  0.006
05:07:53 865.76   13.9   49.9   1356    2.3    214    6.9    26.0   3.7   0.85   5.76 6689.2     0.00   0.00    0.0  0.007  0.007  0.007  0.007  0.006  0.007
05:07:56 865.80   14.1   48.6   1355    2.3    211    6.9    26.2   3.5   0.85   5.68 6692.2     0.00   0.00    0.0  0.006  0.007  0.007  0.007  0.006  0.006
05:07:57 865.72   14.1   48.2   1356    2.4    211    6.9    26.2   3.3   0.85   5.62 6693.2     0.00   0.00    0.0  0.007  0.007  0.007  0.007  0.006  0.006
05:07:58 865.89   14.2   47.8   1354    2.4    211    6.9    26.2   3.3   0.85   5.61 6694.2     0.00   0.00    0.0  0.007  0.007  0.007  0.007  0.006  0.006
05:08:00 865.81   14.2   47.5   1355    2.4    210    6.9    26.3   3.2   0.85   5.58 6696.2     0.00   0.00    0.0  0.007  0.007  0.007  0.007  0.006  0.007
05:08:02 865.59   14.2   47.2   1357    2.5    209    6.9    26.3   3.1   0.85   5.55 6698.2     0.00   0.00    0.0  0.007  0.007  0.007  0.007  0.006  0.007
05:08:04 865.53   14.2   47.1   1358    2.6    207    6.9    26.3   3.1   0.85   5.54 6700.2     0.00   0.00    0.0  0.007  0.007  0.007  0.007  0.006  0.006
05:08:05 865.86   14.3   46.9   1355    2.6    207    6.9    26.3   3.1   0.85   5.53 6701.2     0.00   0.00    0.0  0.007  0.007  0.007  0.007  0.006  0.006
05:08:06 865.45   14.3   46.9   1359    2.6    206    6.9    26.4   3.1   0.85   5.54 6702.2     0.00   0.00    0.0  0.006  0.007  0.007  0.007  0.006  0.006
05:08:07 865.45   14.3   46.6   1359    2.6    205    6.9    26.4   3.1   0.85   5.52 6703.2     0.00   0.00    0.0  0.007  0.007  0.007  0.007  0.006  0.006
05:08:08 865.51   14.3   46.5   1358    2.7    204    6.9    26.4   3.0   0.85   5.50 6704.2     0.00   0.00    0.0  0.007  0.007  0.007  0.007  0.006  0.007
05:08:11 865.29   14.5   45.9   1360    2.7    199    6.9    26.6   3.0   0.85   5.48 6707.2     0.00   0.00    0.0  0.007  0.007  0.007  0.007  0.006  0.006
05:08:12 865.30   14.5   45.6   1360    2.7    198    6.9    26.7   2.9   0.85   5.47 6708.2     0.00   0.00    0.0  0.007  0.007  0.007  0.007  0.006  0.006
05:08:13 865.34   14.5   45.4   1360    2.7    197    6.9    26.7   2.9   0.84   5.44 6709.2     0.00   0.00    0.0  0.007  0.007  0.007  0.007  0.006  0.007
05:08:16 865.12   14.6   44.8   1362    2.7    196    6.9    26.8   2.8   0.84   5.42 6712.2     0.00   0.00    0.0  0.007  0.007  0.007  0.007  0.006  0.006
05:08:18 865.00   14.7   44.5   1363    2.8    196    6.9    26.9   2.8   0.84   5.41 6714.2     0.00   0.00    0.0  0.007  0.007  0.007  0.007  0.006  0.007
05:08:19 865.20   14.7   44.4   1361    2.8    197    6.9    26.9   2.8   0.84   5.40 6715.2     0.00   0.00    0.0  0.007  0.007  0.007  0.007  0.006  0.006
05:08:20 865.01   14.8   44.0   1363    2.8    198    6.9    27.0   2.7   0.84   5.37 6716.2     0.00   0.00    0.0  0.007  0.007  0.007  0.007  0.006  0.007
05:08:21 864.86   14.8   43.8   1365    2.9    200    6.9    27.0   2.7   0.84   5.37 6717.2     0.00   0.00    0.0  0.007  0.007  0.007  0.007  0.006  0.007
05:08:22 865.05   14.9   43.6   1363    2.9    201    6.9    27.1   2.6   0.84   5.35 6718.2     0.00   0.00    0.0  0.007  0.007  0.007  0.007  0.006  0.007
05:08:23 864.89   14.9   43.4   1364    2.9    202    6.9    27.1   2.6   0.84   5.33 6719.2     0.00   0.00    0.0  0.007  0.007  0.007  0.007  0.006  0.007
05:08:24 864.94   14.9   43.2   1364    2.9    203    6.9    27.1   2.5   0.84   5.32 6720.2     0.00   0.00    0.0  0.007  0.007  0.007  0.007  0.006  0.007
05:08:25 864.77   14.9   43.1   1365    2.9    204    6.9    27.1   2.5   0.84   5.31 6721.2     0.00   0.00    0.0  0.007  0.007  0.007  0.007  0.006  0.007
05:08:26 864.79   15.0   42.8   1365    2.8    204    6.9    27.2   2.5   0.84   5.29 6722.2     0.00   0.00    0.0  0.007  0.007  0.007  0.007  0.006  0.007
05:08:28 864.57   15.0   42.5   1367    2.8    204    6.9    27.2   2.4   0.84   5.26 6724.2     0.00   0.00    0.0  0.007  0.007  0.007  0.007  0.006  0.006
05:08:29 864.58   15.1   42.4   1367    2.8    204    6.8    27.3   2.4   0.84   5.26 6725.2     0.00   0.00    0.0  0.007  0.007  0.007  0.007  0.006  0.007
05:08:30 864.69   15.0   42.3   1366    2.7    205    6.8    27.3   2.3   0.84   5.24 6726.2     0.00   0.00    0.0  0.007  0.007  0.007  0.007  0.006  0.007
05:08:31 864.61   15.0   42.2   1367    2.7    205    6.8    27.3   2.3   0.84   5.25 6727.2     0.00   0.00    0.0  0.007  0.007  0.007  0.007  0.006  0.007
05:08:35 864.43   15.1   42.1   1369    2.7    202    6.8    27.4   2.4   0.84   5.25 6731.2     0.00   0.00    0.0  0.007  0.007  0.007  0.007  0.006  0.007
05:08:36 864.27   15.1   42.1   1370    2.7    200    6.8    27.3   2.3   0.84   5.24 6732.2     0.00   0.00    0.0  0.007  0.007  0.007  0.007  0.006  0.007
05:08:37 864.28   15.2   42.1   1370    2.7    199    6.8    27.4   2.4   0.84   5.27 6733.2     0.00   0.00    0.0  0.007  0.007  0.007  0.007  0.006  0.007
05:08:38 864.17   15.1   42.0   1371    2.7    198    6.8    27.4   2.3   0.84   5.24 6734.2     0.00   0.00    0.0  0.007  0.007  0.007  0.007  0.006  0.007
05:08:39 864.35   15.1   42.1   1370    2.7    198    6.8    27.4   2.4   0.84   5.26 6735.2     0.00   0.00    0.0  0.007  0.007  0.007  0.007  0.006  0.007
05:08:42 864.15   15.2   42.2   1372    2.8    198    6.8    27.4   2.4   0.84   5.28 6738.2     0.00   0.00    0.0  0.007  0.007  0.007  0.007  0.006  0.007
05:08:43 864.09   15.2   42.3   1372    2.8    198    6.8    27.5   2.5   0.84   5.30 6739.2     0.00   0.00    0.0  0.007  0.007  0.007  0.007  0.006  0.007
05:08:45 863.95   15.2   42.3   1373    2.9    197    6.8    27.5   2.5   0.84   5.31 6741.2     0.00   0.00    0.0  0.007  0.007  0.007  0.007  0.006  0.007
05:08:46 864.00   15.2   42.3   1373    2.9    198    6.8    27.5   2.5   0.84   5.32 6742.2     0.00   0.00    0.0  0.007  0.007  0.007  0.007  0.006  0.007
05:08:51 863.95   15.6   41.0   1373    3.0    194    6.8    27.9   2.4   0.84   5.26 6747.2     0.00   0.00    0.0  0.007  0.007  0.007  0.007  0.006  0.007
05:08:54 863.97   15.7   40.4   1373    3.0    194    6.8    28.0   2.3   0.84   5.22 6750.2     0.00   0.00    0.0  0.007  0.007  0.007  0.007  0.006  0.007
05:08:55 863.82   15.7   40.2   1375    3.0    194    6.8    28.0   2.2   0.84   5.21 6751.2     0.00   0.00    0.0  0.007  0.007  0.007  0.007  0.006  0.007
05:08:56 863.52   15.7   40.2   1378    3.0    195    6.8    28.1   2.3   0.84   5.22 6752.2     0.00   0.00    0.0  0.007  0.007  0.007  0.007  0.006  0.007
05:08:57 863.39   15.7   40.2   1379    3.0    196    6.8    28.1   2.2   0.84   5.21 6753.2     0.00   0.00    0.0  0.007  0.007  0.007  0.007  0.006  0.007
05:08:58 863.68   15.7   40.1   1376    3.0    195    6.8    28.0   2.2   0.84   5.19 6754.2     0.00   0.00    0.0  0.007  0.007  0.007  0.007  0.006  0.007
05:08:59 863.44   15.7   40.0   1378    3.0    195    6.8    28.0   2.1   0.84   5.18 6755.2     0.00   0.00    0.0  0.007  0.007  0.007  0.007  0.006  0.007
05:09:00 863.45   15.7   39.9   1378    3.0    195    6.8    28.1   2.1   0.84   5.17 6756.2     0.00   0.00    0.0  0.007  0.007  0.007  0.007  0.006  0.007
05:09:01 863.49   15.7   39.8   1378    3.0    196    6.8    28.1   2.1   0.84   5.16 6757.2     0.00   0.00    0.0  0.007  0.007  0.007  0.007  0.006  0.007
05:09:04 863.23   15.7   39.6   1381    3.0    197    6.8    28.1   2.0   0.84   5.14 6760.2     0.00   0.00    0.0  0.007  0.007  0.007  0.007  0.006  0.007
05:09:06 863.09   15.7   39.4   1382    3.0    197    6.8    28.1   2.0   0.84   5.12 6762.2     0.00   0.00    0.0  0.007  0.007  0.007  0.007  0.006  0.007
05:09:07 863.32   15.8   39.3   1380    3.0    198    6.8    28.2   2.0   0.84   5.13 6763.2     0.00   0.00    0.0  0.007  0.007  0.007  0.007  0.006  0.007
05:09:08 863.02   15.8   39.3   1383    3.0    200    6.8    28.2   2.0   0.84   5.13 6764.1     0.00   0.00    0.0  0.007  0.007  0.007  0.007  0.006  0.007
05:09:09 863.03   15.8   39.3   1382    3.0    201    6.8    28.2   2.0   0.84   5.13 6765.1     0.00   0.00    0.0  0.007  0.007  0.007  0.007  0.006  0.007
05:09:10 862.97   15.8   39.2   1383    3.0    203    6.8    28.2   2.0   0.84   5.12 6766.1     0.00   0.00    0.0  0.007  0.007  0.007  0.007  0.006  0.007
05:09:11 863.03   15.7   39.2   1382    3.0    203    6.8    28.2   1.9   0.84   5.10 6767.1     0.00   0.00    0.0  0.007  0.007  0.007  0.007  0.006  0.007
05:09:12 863.15   15.8   39.1   1381    3.0    200    6.8    28.2   1.9   0.84   5.10 6768.1     0.00   0.00    0.0  0.007  0.007  0.007  0.007  0.006  0.007
05:09:13 862.87   15.7   39.2   1384    3.0    201    6.8    28.2   1.9   0.84   5.09 6769.1     0.00   0.00    0.0  0.007  0.007  0.007  0.007  0.006  0.007
05:09:14 862.98   15.8   39.1   1383    3.0    200    6.8    28.2   1.9   0.84   5.10 6770.1     0.00   0.00    0.0  0.007  0.007  0.007  0.007  0.006  0.007
05:09:15 862.82   15.8   39.1   1385    3.0    200    6.8    28.2   1.9   0.84   5.10 6771.1     0.00   0.00    0.0  0.007  0.007  0.007  0.007  0.006  0.007
05:09:16 862.98   15.8   39.0   1383    3.0    201    6.8    28.3   1.9   0.84   5.10 6772.1     0.00   0.00    0.0  0.007  0.007  0.007  0.007  0.006  0.007
05:09:18 862.92   15.8   38.9   1384    3.0    200    6.8    28.2   1.9   0.84   5.08 6774.1     0.00   0.00    0.0  0.007  0.007  0.007  0.007  0.006  0.007
05:09:20 862.56   15.8   39.0   1387    3.0    200    6.8    28.2   1.8   0.84   5.07 6776.1     0.00   0.00    0.0  0.007  0.007  0.007  0.007  0.006  0.007
05:09:21 862.51   15.8   38.9   1388    3.1    201    6.8    28.3   1.9   0.84   5.08 6777.1     0.00   0.00    0.0  0.007  0.007  0.007  0.007  0.006  0.007
05:09:22 862.62   15.8   38.9   1387    3.2    202    6.8    28.2   1.8   0.84   5.07 6778.1     0.00   0.00    0.0  0.007  0.007  0.007  0.007  0.006  0.007
05:09:23 862.48   15.8   38.8   1388    3.1    200    6.8    28.2   1.8   0.84   5.07 6779.1     0.00   0.00    0.0  0.007  0.007  0.007  0.007  0.006  0.007
05:09:25 862.57   15.8   38.7   1387    3.2    198    6.8    28.2   1.8   0.83   5.05 6781.1     0.00   0.00    0.0  0.007  0.007  0.007  0.007  0.006  0.007
05:09:29 862.33   15.8   38.3   1389    3.2    194    6.8    28.3   1.7   0.83   5.01 6785.1     0.00   0.00    0.0  0.007  0.007  0.007  0.007  0.006  0.007
05:09:30 862.37   15.8   38.2   1389    3.2    195    6.8    28.3   1.7   0.83   5.01 6786.1     0.00   0.00    0.0  0.007  0.007  0.007  0.007  0.006  0.007
05:09:32 862.21   15.9   38.1   1391    3.2    193    6.8    28.4   1.7   0.83   5.01 6788.1     0.00   0.00    0.0  0.007  0.007  0.007  0.007  0.006  0.007
05:09:33 862.37   15.9   38.1   1389    3.2    194    6.8    28.4   1.7   0.83   5.03 6789.1     0.00   0.00    0.0  0.007  0.007  0.007  0.007  0.006  0.007
05:09:35 862.18   15.9   38.0   1391    3.2    192    6.8    28.4   1.6   0.83   4.98 6791.1     0.00   0.00    0.0  0.007  0.007  0.007  0.007  0.006  0.007
05:09:36 862.10   15.9   37.8   1392    3.2    190    6.8    28.4   1.5   0.83   4.97 6792.1     0.00   0.00    0.0  0.007  0.007  0.007  0.007  0.006  0.007
05:09:38 861.98   15.9   38.0   1393    3.1    191    6.8    28.4   1.6   0.83   5.00 6794.1     0.00   0.00    0.0  0.007  0.007  0.007  0.007  0.006  0.007
05:09:39 861.89   15.9   37.9   1394    3.1    190    6.8    28.4   1.6   0.83   4.98 6795.1     0.00   0.00    0.0  0.007  0.007  0.007  0.007  0.006  0.007
05:09:40 862.12   15.9   37.9   1391    3.0    190    6.8    28.4   1.6   0.83   4.99 6796.1     0.00   0.00    0.0  0.007  0.007  0.007  0.007  0.006  0.007
05:09:41 862.04   15.9   37.9   1392    3.0    190    6.8    28.5   1.6   0.83   5.00 6797.1     0.00   0.00    0.0  0.007  0.007  0.007  0.007  0.006  0.007
05:09:43 861.86   15.9   37.9   1394    3.1    191    6.8    28.4   1.6   0.83   4.98 6799.1     0.00   0.00    0.0  0.007  0.007  0.007  0.007  0.006  0.007
05:09:44 861.87   15.9   37.7   1394    3.1    189    6.8    28.4   1.5   0.83   4.95 6800.1     0.00   0.00    0.0  0.007  0.007  0.007  0.007  0.006  0.007
05:09:45 861.67   15.9   37.8   1396    3.2    190    6.8    28.4   1.5   0.83   4.96 6801.1     0.00   0.00    0.0  0.007  0.007  0.007  0.007  0.007  0.007
05:09:46 861.48   15.9   37.7   1398    3.2    192    6.8    28.4   1.5   0.83   4.96 6802.1     0.00   0.00    0.0  0.007  0.007  0.007  0.007  0.006  0.007
05:09:47 861.59   15.9   37.7   1397    3.1    191    6.8    28.4   1.5   0.83   4.95 6803.1     0.00   0.00    0.0  0.007  0.007  0.007  0.007  0.006  0.007
05:09:48 861.47   15.9   37.7   1398    3.2    190    6.8    28.5   1.5   0.83   4.96 6804.1     0.00   0.00    0.0  0.007  0.007  0.007  0.007  0.006  0.007
05:09:49 861.63   15.9   37.8   1396    3.1    188    6.8    28.4   1.5   0.83   4.97 6805.1     0.00   0.00    0.0  0.007  0.007  0.007  0.007  0.006  0.007
05:09:50 861.58   15.9   37.8   1397    3.2    191    6.8    28.4   1.5   0.83   4.97 6806.1     0.00   0.00    0.0  0.007  0.007  0.007  0.007  0.006  0.007
05:09:51 861.49   15.8   37.8   1398    3.2    192    6.8    28.4   1.5   0.83   4.95 6807.1     0.00   0.00    0.0  0.007  0.007  0.007  0.007  0.006  0.007
05:09:52 861.46   15.9   37.8   1398    3.3    191    6.8    28.5   1.5   0.83   4.97 6808.1     0.00   0.00    0.0  0.007  0.007  0.007  0.007  0.006  0.007
05:09:53 861.38   15.9   37.8   1399    3.3    192    6.8    28.5   1.5   0.83   4.96 6809.1     0.00   0.00    0.0  0.007  0.007  0.007  0.007  0.006  0.007
05:09:54 861.43   15.9   37.8   1398    3.3    191    6.8    28.4   1.5   0.83   4.96 6810.1     0.00   0.00    0.0  0.007  0.007  0.007  0.007  0.006  0.007
05:09:55 861.54   15.9   37.8   1397    3.3    190    6.8    28.4   1.5   0.83   4.96 6811.1     0.00   0.00    0.0  0.007  0.007  0.007  0.007  0.007  0.007
05:09:58 861.24   15.9   37.6   1400    3.4    193    6.8    28.5   1.5   0.83   4.94 6814.1     0.00   0.00    0.0  0.007  0.007  0.007  0.007  0.007  0.007
05:09:59 861.42   15.9   37.6   1398    3.3    192    6.8    28.5   1.4   0.83   4.93 6815.1     0.00   0.00    0.0  0.007  0.007  0.007  0.007  0.007  0.007
05:10:00 861.29   15.9   37.5   1400    3.4    193    6.8    28.5   1.4   0.83   4.93 6816.1     0.00   0.00    0.0  0.007  0.007  0.007  0.007  0.006  0.007
05:10:01 861.12   15.9   37.5   1401    3.4    195    6.8    28.5   1.5   0.83   4.95 6817.1     0.00   0.00    0.0  0.007  0.007  0.007  0.007  0.006  0.007
05:10:02 861.07   15.8   37.5   1402    3.4    193    6.8    28.5   1.4   0.83   4.92 6818.1     0.00   0.00    0.0  0.007  0.007  0.007  0.007  0.006  0.007
05:10:04 861.06   15.9   37.5   1402    3.4    194    6.8    28.5   1.4   0.83   4.93 6820.1     0.00   0.00    0.0  0.007  0.007  0.007  0.007  0.007  0.007
05:10:07 860.94   15.9   37.5   1403    3.4    193    6.8    28.5   1.4   0.83   4.93 6823.1     0.00   0.00    0.0  0.007  0.007  0.007  0.007  0.007  0.007
05:10:08 860.85   15.8   37.6   1404    3.5    192    6.8    28.5   1.4   0.83   4.93 6824.1     0.00   0.00    0.0  0.007  0.007  0.007  0.007  0.007  0.007
05:10:09 860.64   15.8   37.6   1406    3.4    194    6.8    28.5   1.4   0.83   4.93 6825.1     0.00   0.00    0.0  0.007  0.007  0.007  0.007  0.007  0.007
05:10:10 860.81   15.8   37.5   1404    3.4    193    6.8    28.5   1.4   0.83   4.92 6826.1     0.00   0.00    0.0  0.007  0.007  0.007  0.007  0.006  0.007
05:10:11 860.81   15.8   37.6   1404    3.4    193    6.8    28.5   1.4   0.83   4.93 6827.1     0.00   0.00    0.0  0.007  0.007  0.007  0.007  0.006  0.007
05:10:15 860.92   15.9   37.4   1403    3.6    191    6.8    28.5   1.4   0.83   4.91 6831.1     0.00   0.00    0.0  0.007  0.007  0.007  0.007  0.006  0.007
05:10:18 860.78   15.9   37.2   1405    3.7    190    6.8    28.6   1.4   0.83   4.91 6834.1     0.00   0.00    0.0  0.007  0.007  0.007  0.007  0.006  0.007
05:10:19 860.58   15.8   37.3   1407    3.8    191    6.8    28.5   1.3   0.83   4.89 6835.1     0.00   0.00    0.0  0.007  0.008  0.007  0.007  0.007  0.007
05:10:20 860.24   15.9   37.2   1410    3.7    191    6.8    28.6   1.3   0.83   4.89 6836.1     0.00   0.00    0.0  0.007  0.007  0.007  0.007  0.006  0.007
05:10:21 860.44   15.9   37.2   1408    3.7    191    6.8    28.6   1.3   0.83   4.90 6837.1     0.00   0.00    0.0  0.007  0.007  0.007  0.007  0.007  0.007
05:10:22 860.48   15.9   37.1   1408    3.7    191    6.8    28.6   1.3   0.83   4.90 6838.1     0.00   0.00    0.0  0.007  0.007  0.007  0.007  0.006  0.007
05:10:23 860.46   15.9   37.0   1408    3.7    191    6.8    28.6   1.3   0.83   4.87 6839.1     0.00   0.00    0.0  0.007  0.007  0.007  0.007  0.007  0.007
05:10:24 860.38   15.9   37.1   1409    3.8    191    6.8    28.6   1.3   0.83   4.89 6840.1     0.00   0.00    0.0  0.007  0.007  0.007  0.007  0.007  0.007
05:10:26 860.18   15.9   37.1   1411    3.7    192    6.8    28.6   1.3   0.83   4.88 6842.1     0.00   0.00    0.0  0.007  0.007  0.007  0.007  0.006  0.007
05:10:28 860.05   15.9   37.2   1412    3.7    189    6.8    28.6   1.3   0.83   4.88 6844.1     0.00   0.00    0.0  0.007  0.007  0.007  0.007  0.007  0.007
05:10:29 859.89   15.9   37.1   1413    3.7    190    6.8    28.6   1.3   0.83   4.88 6845.1     0.00   0.00    0.0  0.007  0.007  0.007  0.007  0.007  0.007
05:10:31 860.08   15.9   37.2   1412    3.6    190    6.8    28.6   1.3   0.83   4.89 6847.1     0.00   0.00    0.0  0.007  0.007  0.007  0.007  0.006  0.007
05:10:32 860.15   15.9   37.2   1411    3.7    190    6.8    28.6   1.3   0.83   4.89 6848.1     0.00   0.00    0.0  0.007  0.007  0.007  0.007  0.007  0.007
05:10:34 859.99   15.9   37.0   1412    3.8    188    6.8    28.6   1.2   0.83   4.87 6850.1     0.00   0.00    0.0  0.007  0.008  0.007  0.007  0.007  0.007
05:10:35 860.07   15.9   36.9   1412    3.8    188    6.8    28.6   1.2   0.83   4.87 6851.1     0.00   0.00    0.0  0.007  0.007  0.007  0.007  0.007  0.007
05:10:37 859.83   15.9   36.9   1414    3.7    191    6.8    28.7   1.2   0.83   4.87 6853.1     0.00   0.00    0.0  0.007  0.007  0.007  0.007  0.006  0.007
05:10:38 859.75   15.9   36.9   1415    3.6    192    6.8    28.6   1.2   0.83   4.86 6854.1     0.00   0.00    0.0  0.007  0.007  0.007  0.007  0.006  0.007
05:10:39 859.71   15.9   36.9   1415    3.6    192    6.8    28.7   1.2   0.83   4.87 6855.1     0.00   0.00    0.0  0.007  0.007  0.007  0.007  0.007  0.007
05:10:44 859.79   15.9   36.7   1414    3.6    191    6.8    28.6   1.1   0.83   4.84 6860.1     0.00   0.00    0.0  0.007  0.008  0.007  0.007  0.007  0.007
05:10:49 859.32   15.9   36.7   1419    3.5    193    6.8    28.7   1.2   0.83   4.85 6865.0     0.00   0.00    0.0  0.007  0.008  0.007  0.007  0.007  0.007
05:10:52 859.40   15.9   36.6   1418    3.5    189    6.8    28.7   1.1   0.83   4.84 6868.0     0.00   0.00    0.0  0.007  0.008  0.007  0.007  0.007  0.007
05:10:53 859.28   15.9   36.6   1419    3.5    189    6.8    28.7   1.1   0.83   4.82 6869.0     0.00   0.00    0.0  0.007  0.008  0.007  0.007  0.007  0.007
05:10:55 859.14   15.9   36.7   1421    3.5    190    6.8    28.7   1.1   0.83   4.83 6871.0     0.00   0.00    0.0  0.007  0.008  0.007  0.007  0.007  0.007
05:10:56 858.97   15.9   36.7   1422    3.5    190    6.8    28.7   1.1   0.83   4.83 6872.0     0.00   0.00    0.0  0.007  0.008  0.007  0.007  0.007  0.007
05:10:57 858.87   15.9   36.7   1424    3.5    193    6.8    28.7   1.1   0.83   4.84 6873.0     0.00   0.00    0.0  0.007  0.007  0.007  0.007  0.006  0.007
05:10:58 858.91   15.9   36.7   1423    3.4    193    6.8    28.7   1.1   0.83   4.84 6874.0     0.00   0.00    0.0  0.007  0.007  0.007  0.007  0.007  0.007
05:11:02 858.93   15.9   36.6   1423    3.4    194    6.8    28.7   1.1   0.83   4.82 6878.0     0.00   0.00    0.0  0.007  0.008  0.007  0.007  0.007  0.007
05:11:03 858.89   15.8   36.7   1423    3.4    196    6.8    28.7   1.1   0.83   4.82 6879.0     0.00   0.00    0.0  0.007  0.008  0.007  0.007  0.006  0.007
05:11:05 858.87   15.8   36.7   1423    3.4    196    6.8    28.7   1.1   0.83   4.82 6881.0     0.00   0.00    0.0  0.007  0.008  0.007  0.007  0.007  0.007
05:11:06 858.77   15.8   36.7   1424    3.4    194    6.8    28.7   1.1   0.83   4.82 6882.0     0.00   0.00    0.0  0.007  0.008  0.007  0.007  0.007  0.007
05:11:08 858.55   15.9   36.5   1427    3.5    193    6.8    28.7   1.0   0.83   4.80 6884.0     0.00   0.00    0.0  0.007  0.008  0.007  0.007  0.007  0.007
05:11:09 858.75   15.8   36.5   1425    3.4    191    6.8    28.7   1.0   0.83   4.80 6885.0     0.00   0.00    0.0  0.007  0.008  0.007  0.007  0.007  0.007
05:11:10 858.59   15.8   36.5   1426    3.3    188    6.8    28.7   1.0   0.83   4.79 6886.0     0.00   0.00    0.0  0.007  0.008  0.007  0.007  0.007  0.007
05:11:11 858.58   15.9   36.4   1426    3.3    189    6.8    28.7   1.0   0.83   4.80 6887.0     0.00   0.00    0.0  0.007  0.008  0.007  0.007  0.007  0.007
05:11:12 858.67   15.8   36.4   1425    3.3    192    6.8    28.7   1.0   0.83   4.79 6888.0     0.00   0.00    0.0  0.007  0.008  0.007  0.007  0.007  0.007
05:11:15 858.25   15.8   36.4   1430    3.3    192    6.8    28.8   1.0   0.83   4.80 6891.0     0.00   0.00    0.0  0.007  0.008  0.007  0.007  0.007  0.007
05:11:16 858.62   15.8   36.3   1426    3.3    195    6.8    28.7   0.9   0.83   4.78 6892.0     0.00   0.00    0.0  0.007  0.008  0.007  0.007  0.007  0.007
05:11:17 858.41   15.9   36.4   1428    3.3    192    6.8    28.7   1.0   0.83   4.79 6893.0     0.00   0.00    0.0  0.007  0.008  0.007  0.007  0.007  0.007
05:11:18 858.44   15.8   36.3   1428    3.3    189    6.8    28.7   0.9   0.83   4.78 6894.0     0.00   0.00    0.0  0.007  0.008  0.007  0.007  0.007  0.007
05:11:21 858.23   15.8   36.4   1430    3.3    189    6.8    28.7   1.0   0.83   4.79 6897.0     0.00   0.00    0.0  0.007  0.008  0.007  0.007  0.007  0.007
05:11:22 858.04   15.8   36.3   1432    3.3    194    6.8    28.8   0.9   0.83   4.77 6898.0     0.00   0.00    0.0  0.007  0.008  0.007  0.007  0.007  0.007
05:11:23 858.14   15.8   36.4   1431    3.3    195    6.8    28.7   1.0   0.83   4.78 6899.0     0.00   0.00    0.0  0.007  0.008  0.007  0.007  0.007  0.007
05:11:26 858.00   15.8   36.4   1432    3.2    188    6.8    28.8   1.0   0.83   4.79 6902.0     0.00   0.00    0.0  0.007  0.008  0.007  0.007  0.007  0.007
05:11:27 857.80   15.8   36.4   1434    3.2    189    6.8    28.7   1.0   0.83   4.79 6903.0     0.00   0.00    0.0  0.007  0.008  0.007  0.007  0.007  0.007
05:11:28 857.85   15.8   36.4   1434    3.3    191    6.8    28.8   1.0   0.83   4.79 6904.0     0.00   0.00    0.0  0.007  0.008  0.007  0.007  0.007  0.007
05:11:29 857.88   15.8   36.3   1433    3.3    193    6.8    28.7   0.9   0.83   4.76 6905.0     0.00   0.00    0.0  0.007  0.008  0.007  0.007  0.007  0.007
05:11:30 857.84   15.8   36.4   1434    3.2    194    6.8    28.7   0.9   0.83   4.77 6906.0     0.00   0.00    0.0  0.007  0.008  0.007  0.007  0.007  0.007
05:11:35 857.72   15.8   35.9   1435    3.2    190    6.8    28.8   0.8   0.83   4.72 6911.0     0.00   0.00    0.0  0.007  0.008  0.007  0.007  0.007  0.007
05:11:37 857.54   15.8   35.9   1437    3.2    189    6.8    28.8   0.8   0.83   4.72 6913.0     0.00   0.00    0.0  0.007  0.008  0.007  0.007  0.007  0.007
05:11:39 857.45   15.8   35.7   1437    3.2    188    6.8    28.8   0.7   0.82   4.70 6915.0     0.00   0.00    0.0  0.007  0.008  0.007  0.007  0.007  0.007
05:11:41 857.41   15.9   35.6   1438    3.1    189    6.8    28.9   0.7   0.82   4.70 6917.0     0.00   0.00    0.0  0.007  0.008  0.007  0.007  0.007  0.007
05:11:42 857.29   15.8   35.6   1439    3.0    191    6.8    28.8   0.7   0.82   4.69 6918.0     0.00   0.00    0.0  0.007  0.008  0.007  0.007  0.007  0.007
05:11:43 857.32   15.9   35.4   1439    3.0    191    6.8    28.9   0.7   0.82   4.68 6919.0     0.00   0.00    0.0  0.007  0.008  0.007  0.007  0.007  0.007
05:11:44 857.27   15.9   35.3   1439    3.0    186    6.8    28.9   0.6   0.82   4.66 6920.0     0.00   0.00    0.0  0.007  0.008  0.007  0.007  0.007  0.007
05:11:45 857.11   15.8   35.2   1441    3.1    185    6.8    28.9   0.5   0.82   4.64 6921.0     0.00   0.00    0.0  0.007  0.008  0.007  0.007  0.007  0.007
05:11:47 857.21   15.9   35.2   1440    3.1    183    6.8    28.9   0.5   0.82   4.65 6923.0     0.00   0.00    0.0  0.007  0.008  0.007  0.007  0.007  0.007
05:11:49 857.07   15.9   35.2   1441    3.1    184    6.8    29.0   0.6   0.82   4.67 6925.0     0.00   0.00    0.0  0.007  0.008  0.007  0.007  0.007  0.007
05:11:51 857.12   15.9   35.2   1441    3.1    184    6.8    28.9   0.6   0.82   4.66 6927.0     0.00   0.00    0.0  0.007  0.008  0.007  0.007  0.007  0.007
05:11:53 856.91   15.9   35.2   1443    3.1    183    6.8    29.0   0.6   0.82   4.66 6929.0     0.00   0.00    0.0  0.007  0.008  0.007  0.007  0.007  0.007
05:11:54 856.99   15.9   35.1   1442    3.1    183    6.8    28.9   0.6   0.82   4.65 6930.0     0.00   0.00    0.0  0.007  0.008  0.007  0.007  0.007  0.007
05:11:55 856.86   15.9   35.2   1443    3.1    182    6.8    28.9   0.5   0.82   4.65 6931.0     0.00   0.00    0.0  0.007  0.008  0.007  0.007  0.007  0.007
05:12:00 856.52   15.9   35.1   1447    3.1    181    6.8    28.9   0.5   0.82   4.63 6936.0     0.00   0.00    0.0  0.007  0.008  0.007  0.007  0.007  0.007
05:12:01 856.83   15.9   35.0   1444    3.1    180    6.8    29.0   0.5   0.82   4.64 6937.0     0.00   0.00    0.0  0.007  0.008  0.007  0.007  0.007  0.007
05:12:02 856.77   15.9   35.0   1444    3.1    181    6.8    29.0   0.5   0.82   4.64 6938.0     0.00   0.00    0.0  0.007  0.008  0.007  0.007  0.007  0.007
05:12:04 856.49   15.9   35.0   1447    3.1    181    6.8    29.0   0.5   0.82   4.63 6940.0     0.00   0.00    0.0  0.007  0.008  0.007  0.007  0.007  0.007
05:12:05 856.33   15.9   35.0   1449    3.1    181    6.8    29.0   0.5   0.82   4.63 6941.0     0.00   0.00    0.0  0.007  0.008  0.007  0.007  0.007  0.007
05:12:06 856.31   15.9   35.0   1449    3.1    181    6.8    29.0   0.5   0.82   4.62 6942.0     0.00   0.00    0.0  0.007  0.008  0.007  0.007  0.007  0.007
05:12:07 856.34   15.9   35.0   1449    3.1    181    6.8    29.0   0.4   0.82   4.62 6943.0     0.00   0.00    0.0  0.007  0.008  0.007  0.007  0.007  0.007
05:12:08 856.40   15.9   34.9   1448    3.1    180    6.8    29.0   0.5   0.82   4.62 6944.0     0.00   0.00    0.0  0.007  0.008  0.007  0.007  0.007  0.007
05:12:11 856.37   15.9   35.0   1448    3.1    180    6.8    28.9   0.5   0.82   4.62 6947.0     0.00   0.00    0.0  0.007  0.008  0.007  0.007  0.007  0.007
05:12:12 856.14   15.9   35.0   1450    3.1    179    6.8    29.0   0.5   0.82   4.63 6948.0     0.00   0.00    0.0  0.007  0.008  0.007  0.007  0.007  0.007
05:12:13 856.15   15.9   35.0   1450    3.0    179    6.8    29.0   0.5   0.82   4.63 6949.0     0.00   0.00    0.0  0.007  0.008  0.007  0.007  0.007  0.007
05:12:14 856.06   15.8   35.0   1451    3.1    179    6.8    29.0   0.4   0.82   4.62 6950.0     0.00   0.00    0.0  0.007  0.008  0.007  0.007  0.007  0.007
05:12:16 856.10   15.9   35.0   1451    3.0    180    6.8    29.0   0.5   0.82   4.63 6952.0     0.00   0.00    0.0  0.007  0.008  0.007  0.007  0.007  0.007
05:12:17 855.96   15.9   35.0   1452    3.0    180    6.8    29.0   0.4   0.82   4.62 6953.0     0.00   0.00    0.0  0.007  0.008  0.007  0.007  0.007  0.007
05:12:18 856.09   15.9   35.0   1451    3.0    180    6.8    29.0   0.5   0.82   4.63 6954.0     0.00   0.00    0.0  0.007  0.008  0.007  0.007  0.007  0.007
05:12:19 856.06   15.8   35.0   1451    3.0    181    6.8    29.0   0.4   0.82   4.62 6955.0     0.00   0.00    0.0  0.007  0.008  0.007  0.007  0.007  0.007
05:12:20 856.03   15.8   35.1   1452    3.0    183    6.8    29.0   0.5   0.82   4.63 6956.0     0.00   0.00    0.0  0.007  0.008  0.007  0.007  0.007  0.007
05:12:22 855.87   15.9   35.0   1453    3.0    183    6.8    29.0   0.5   0.82   4.63 6958.0     0.00   0.00    0.0  0.007  0.008  0.007  0.007  0.007  0.007
05:12:23 855.78   15.9   35.0   1454    3.0    183    6.8    29.0   0.5   0.82   4.63 6959.0     0.00   0.00    0.0  0.007  0.008  0.007  0.007  0.007  0.007
05:12:24 855.78   15.8   35.0   1454    3.0    182    6.8    29.0   0.4   0.82   4.62 6960.0     0.00   0.00    0.0  0.007  0.008  0.007  0.007  0.007  0.007
05:12:25 855.53   15.8   35.1   1457    3.0    181    6.8    29.0   0.4   0.82   4.61 6961.0     0.00   0.00    0.0  0.007  0.008  0.007  0.007  0.007  0.007
05:12:26 855.90   15.9   35.0   1453    3.0    181    6.8    29.0   0.4   0.82   4.62 6962.0     0.00   0.00    0.0  0.007  0.008  0.007  0.007  0.007  0.007
05:12:27 855.86   15.8   35.0   1453    3.0    181    6.8    29.0   0.4   0.82   4.62 6963.0     0.00   0.00    0.0  0.007  0.008  0.007  0.007  0.007  0.007
05:12:29 855.87   15.8   35.1   1453    3.0    182    6.8    29.0   0.5   0.82   4.63 6965.0     0.00   0.00    0.0  0.007  0.008  0.007  0.007  0.007  0.007
05:12:30 855.47   15.8   35.0   1457    3.0    181    6.8    29.0   0.4   0.82   4.61 6965.9     0.00   0.00    0.0  0.007  0.008  0.007  0.007  0.007  0.007
05:12:31 855.70   15.8   35.1   1455    3.0    181    6.8    29.0   0.4   0.82   4.62 6966.9     0.00   0.00    0.0  0.007  0.008  0.007  0.007  0.007  0.007
05:12:32 855.50   15.8   35.1   1457    3.0    181    6.8    29.0   0.5   0.82   4.63 6967.9     0.00   0.00    0.0  0.007  0.008  0.007  0.007  0.007  0.007
05:12:33 855.36   15.8   35.1   1458    2.9    180    6.8    29.0   0.4   0.82   4.62 6968.9     0.00   0.00    0.0  0.007  0.008  0.007  0.007  0.007  0.007
05:12:34 855.46   15.8   35.0   1457    3.0    179    6.8    29.0   0.4   0.82   4.61 6969.9     0.00   0.00    0.0  0.007  0.008  0.007  0.007  0.007  0.007
05:12:35 855.29   15.8   35.1   1459    2.9    180    6.8    29.0   0.5   0.82   4.63 6970.9     0.00   0.00    0.0  0.007  0.008  0.007  0.007  0.007  0.007
05:12:36 855.38   15.8   35.0   1458    3.0    180    6.8    29.0   0.4   0.82   4.61 6971.9     0.00   0.00    0.0  0.007  0.008  0.007  0.007  0.007  0.007
05:12:37 855.21   15.8   35.1   1460    2.9    180    6.8    29.0   0.5   0.82   4.63 6972.9     0.00   0.00    0.0  0.007  0.008  0.007  0.007  0.007  0.007
05:12:38 855.17   15.8   35.1   1460    3.0    180    6.8    29.0   0.4   0.82   4.62 6973.9     0.00   0.00    0.0  0.007  0.008  0.007  0.007  0.007  0.007
05:12:39 855.29   15.8   35.1   1459    2.9    180    6.8    29.0   0.4   0.82   4.62 6974.9     0.00   0.00    0.0  0.007  0.008  0.007  0.007  0.007  0.007
05:12:40 855.10   15.8   35.1   1461    2.9    180    6.8    29.0   0.4   0.82   4.61 6975.9     0.00   0.00    0.0  0.007  0.008  0.007  0.007  0.007  0.007
05:12:41 855.06   15.8   35.1   1461    2.9    180    6.8    29.0   0.4   0.82   4.61 6976.9     0.00   0.00    0.0  0.007  0.008  0.007  0.007  0.007  0.007
05:12:42 855.15   15.8   35.1   1460    2.9    180    6.8    29.0   0.4   0.82   4.61 6977.9     0.00   0.00    0.0  0.007  0.008  0.007  0.007  0.007  0.007
05:12:43 855.07   15.8   35.1   1461    2.9    181    6.8    29.0   0.4   0.82   4.61 6978.9     0.00   0.00    0.0  0.007  0.008  0.007  0.007  0.007  0.007
05:12:44 854.98   15.8   35.1   1462    2.9    180    6.8    29.0   0.4   0.82   4.63 6979.9     0.00   0.00    0.0  0.007  0.008  0.007  0.007  0.007  0.007
05:12:45 855.01   15.7   35.1   1462    2.9    180    6.8    29.0   0.4   0.82   4.61 6980.9     0.00   0.00    0.0  0.007  0.008  0.007  0.007  0.007  0.007
05:12:46 855.05   15.8   35.1   1461    2.9    179    6.8    29.0   0.4   0.82   4.62 6981.9     0.00   0.00    0.0  0.007  0.008  0.007  0.007  0.007  0.007
05:12:48 854.85   15.8   35.1   1463    2.9    181    6.8    29.0   0.4   0.82   4.62 6983.9     0.00   0.00    0.0  0.007  0.008  0.007  0.007  0.007  0.007
05:12:50 854.69   15.7   35.2   1465    2.9    182    6.8    29.0   0.4   0.82   4.62 6985.9     0.00   0.00    0.0  0.007  0.008  0.007  0.007  0.007  0.007
05:12:51 854.58   15.7   35.2   1466    3.0    182    6.8    29.0   0.4   0.82   4.62 6986.9     0.00   0.00    0.0  0.007  0.008  0.007  0.007  0.007  0.007
05:12:52 854.79   15.8   35.2   1464    2.9    182    6.8    29.0   0.4   0.82   4.62 6987.9     0.00   0.00    0.0  0.007  0.008  0.007  0.007  0.007  0.007
05:12:53 854.63   15.7   35.2   1465    2.9    182    6.8    29.0   0.4   0.82   4.61 6988.9     0.00   0.00    0.0  0.007  0.008  0.007  0.007  0.007  0.007
05:12:54 854.74   15.7   35.2   1464    2.9    183    6.8    29.0   0.4   0.82   4.61 6989.9     0.00   0.00    0.0  0.007  0.008  0.007  0.007  0.007  0.007
05:12:55 854.54   15.8   35.2   1466    2.9    183    6.8    29.0   0.4   0.82   4.62 6990.9     0.00   0.00    0.0  0.007  0.008  0.007  0.007  0.007  0.007
05:12:56 854.72   15.7   35.2   1465    2.9    183    6.8    29.0   0.4   0.82   4.61 6991.9     0.00   0.00    0.0  0.007  0.008  0.007  0.007  0.007  0.007
05:12:57 854.41   15.8   35.2   1468    2.9    183    6.8    29.1   0.5   0.82   4.63 6992.9     0.00   0.00    0.0  0.007  0.008  0.007  0.007  0.007  0.007
05:12:59 854.41   15.7   35.2   1468    2.9    184    6.8    29.0   0.4   0.82   4.61 6994.9     0.00   0.00    0.0  0.007  0.008  0.007  0.007  0.007  0.007
05:13:00 854.57   15.7   35.2   1466    3.0    185    6.8    29.0   0.4   0.82   4.61 6995.9     0.00   0.00    0.0  0.007  0.008  0.007  0.007  0.007  0.007
05:13:01 854.42   15.7   35.2   1468    2.9    185    6.8    29.0   0.4   0.82   4.62 6996.9     0.00   0.00    0.0  0.007  0.008  0.007  0.007  0.007  0.007
05:13:02 854.35   15.7   35.1   1468    2.9    185    6.8    29.0   0.4   0.82   4.61 6997.9     0.00   0.00    0.0  0.007  0.008  0.007  0.007  0.007  0.007
05:13:03 854.36   15.7   35.2   1468    2.9    186    6.8    29.0   0.4   0.82   4.60 6998.9     0.00   0.00    0.0  0.007  0.008  0.007  0.007  0.007  0.007
05:13:04 854.31   15.7   35.1   1469    3.0    187    6.8    29.0   0.4   0.82   4.61 6999.9     0.00   0.00    0.0  0.007  0.008  0.007  0.007  0.007  0.007
05:13:05 854.23   15.7   35.2   1469    2.9    187    6.8    29.0   0.4   0.82   4.62 7000.9     0.00   0.00    0.0  0.007  0.008  0.007  0.007  0.007  0.007
05:13:06 854.40   15.7   35.1   1468    2.9    185    6.8    29.0   0.4   0.82   4.61 7001.9     0.00   0.00    0.0  0.007  0.008  0.007  0.007  0.007  0.007
05:13:07 854.21   15.7   35.1   1470    3.0    184    6.8    29.1   0.4   0.82   4.61 7002.9     0.00   0.00    0.0  0.007  0.008  0.007  0.007  0.007  0.007
05:13:09 854.20   15.7   35.1   1470    2.9    183    6.8    29.0   0.4   0.82   4.60 7004.9     0.00   0.00    0.0  0.007  0.008  0.007  0.007  0.007  0.007
05:13:10 853.96   15.7   35.1   1472    3.0    183    6.8    29.1   0.4   0.82   4.60 7005.9     0.00   0.00    0.0  0.007  0.008  0.007  0.007  0.007  0.007
05:13:11 854.22   15.8   35.1   1469    3.0    183    6.8    29.1   0.4   0.82   4.61 7006.9     0.00   0.00    0.0  0.007  0.008  0.007  0.007  0.007  0.007
05:13:12 854.11   15.7   35.1   1471    3.0    183    6.8    29.0   0.4   0.82   4.60 7007.9     0.00   0.00    0.0  0.007  0.008  0.007  0.007  0.007  0.007
05:13:13 853.90   15.7   35.1   1473    3.0    183    6.8    29.0   0.4   0.82   4.60 7008.9     0.00   0.00    0.0  0.007  0.008  0.007  0.007  0.007  0.007
05:13:14 853.81   15.7   35.1   1474    3.0    183    6.8    29.1   0.4   0.82   4.61 7009.9     0.00   0.00    0.0  0.007  0.008  0.007  0.007  0.007  0.007
05:13:15 853.85   15.7   35.1   1473    3.0    183    6.8    29.1   0.4   0.82   4.60 7010.9     0.00   0.00    0.0  0.007  0.008  0.007  0.007  0.007  0.007
05:13:16 853.74   15.7   35.1   1474    3.0    181    6.8    29.0   0.3   0.82   4.59 7011.9     0.00   0.00    0.0  0.007  0.008  0.007  0.007  0.007  0.007
05:13:18 853.85   15.7   35.1   1473    3.0    180    6.8    29.0   0.3   0.82   4.60 7013.9     0.00   0.00    0.0  0.007  0.008  0.007  0.007  0.007  0.007
05:13:19 853.81   15.7   35.1   1474    3.0    181    6.8    29.0   0.3   0.82   4.59 7014.9     0.00   0.00    0.0  0.007  0.008  0.007  0.007  0.007  0.007
05:13:22 853.54   15.7   35.1   1476    3.0    180    6.8    29.0   0.3   0.82   4.59 7017.9     0.00   0.00    0.0  0.007  0.008  0.007  0.007  0.007  0.007
05:13:25 853.52   15.7   35.1   1476    3.0    180    6.8    29.1   0.4   0.82   4.60 7020.9     0.00   0.00    0.0  0.007  0.008  0.007  0.007  0.007  0.007
05:13:26 853.69   15.7   35.1   1475    3.0    180    6.8    29.1   0.4   0.82   4.61 7021.9     0.00   0.00    0.0  0.007  0.008  0.007  0.007  0.007  0.007
05:13:28 853.34   15.7   35.2   1478    3.0    180    6.8    29.0   0.3   0.82   4.60 7023.9     0.00   0.00    0.0  0.007  0.008  0.007  0.007  0.007  0.007
05:13:29 853.48   15.7   35.1   1477    3.0    180    6.8    29.1   0.3   0.82   4.59 7024.9     0.00   0.00    0.0  0.007  0.008  0.007  0.007  0.007  0.007
05:13:30 853.30   15.6   35.1   1479    3.0    181    6.8    29.0   0.3   0.82   4.58 7025.9     0.00   0.00    0.0  0.007  0.008  0.007  0.007  0.007  0.007
05:13:31 853.31   15.7   35.1   1479    3.0    181    6.8    29.1   0.3   0.82   4.60 7026.9     0.00   0.00    0.0  0.007  0.008  0.007  0.007  0.007  0.007
05:13:32 853.23   15.6   35.2   1479    3.0    181    6.8    29.0   0.3   0.82   4.58 7027.9     0.00   0.00    0.0  0.007  0.008  0.007  0.007  0.007  0.007
05:13:33 853.42   15.7   35.1   1477    3.0    182    6.8    29.1   0.3   0.82   4.59 7028.9     0.00   0.00    0.0  0.007  0.008  0.007  0.007  0.007  0.007
05:13:35 853.02   15.6   35.2   1481    3.0    181    6.7    29.0   0.3   0.82   4.59 7030.9     0.00   0.00    0.0  0.007  0.008  0.007  0.007  0.007  0.007
05:13:36 853.05   15.6   35.1   1481    3.0    181    6.8    29.0   0.3   0.82   4.59 7031.9     0.00   0.00    0.0  0.007  0.008  0.007  0.007  0.007  0.007
05:13:37 853.27   15.6   35.2   1479    3.0    181    6.7    29.0   0.3   0.82   4.59 7032.9     0.00   0.00    0.0  0.007  0.008  0.007  0.007  0.007  0.007
05:13:38 853.25   15.7   35.2   1479    3.0    181    6.8    29.1   0.3   0.82   4.60 7033.9     0.00   0.00    0.0  0.007  0.008  0.007  0.007  0.007  0.007
05:13:39 852.96   15.6   35.2   1482    3.0    181    6.7    29.1   0.3   0.82   4.59 7034.9     0.00   0.00    0.0  0.007  0.008  0.007  0.007  0.007  0.007
05:13:42 852.75   15.6   35.2   1484    3.0    180    6.7    29.1   0.3   0.82   4.60 7037.9     0.00   0.00    0.0  0.007  0.008  0.007  0.007  0.007  0.007
05:13:43 852.98   15.6   35.2   1482    3.0    180    6.7    29.0   0.3   0.82   4.59 7038.9     0.00   0.00    0.0  0.007  0.008  0.007  0.007  0.007  0.007
05:13:44 852.70   15.6   35.2   1485    3.0    181    6.7    29.0   0.3   0.82   4.59 7039.9     0.00   0.00    0.0  0.007  0.008  0.007  0.007  0.007  0.007
05:13:45 852.80   15.6   35.2   1484    3.0    181    6.7    29.0   0.3   0.82   4.58 7040.9     0.00   0.00    0.0  0.007  0.008  0.007  0.007  0.007  0.007
05:13:46 852.89   15.6   35.2   1483    3.0    181    6.8    29.0   0.3   0.82   4.58 7041.9     0.00   0.00    0.0  0.007  0.008  0.007  0.007  0.007  0.007
05:13:47 852.70   15.6   35.2   1485    3.0    181    6.7    29.0   0.3   0.82   4.59 7042.9     0.00   0.00    0.0  0.007  0.008  0.007  0.007  0.007  0.007
05:13:49 852.82   15.6   35.2   1483    3.0    180    6.7    29.0   0.3   0.82   4.59 7044.9     0.00   0.00    0.0  0.007  0.008  0.007  0.007  0.007  0.007
05:13:51 852.75   15.6   35.2   1484    3.0    180    6.7    29.0   0.3   0.82   4.59 7046.9     0.00   0.00    0.0  0.007  0.008  0.007  0.007  0.007  0.007
05:13:54 852.54   15.6   35.2   1486    3.0    181    6.7    29.1   0.3   0.82   4.59 7049.9     0.00   0.00    0.0  0.007  0.008  0.007  0.007  0.007  0.007
05:13:55 852.33   15.6   35.2   1488    3.0    181    6.7    29.1   0.3   0.82   4.59 7050.9     0.00   0.00    0.0  0.007  0.008  0.007  0.007  0.007  0.007
05:13:56 852.22   15.6   35.2   1489    3.0    181    6.7    29.1   0.3   0.82   4.59 7051.9     0.00   0.00    0.0  0.007  0.008  0.007  0.007  0.007  0.007
05:13:57 852.37   15.6   35.2   1488    3.0    181    6.7    29.1   0.3   0.82   4.58 7052.9     0.00   0.00    0.0  0.007  0.008  0.007  0.007  0.007  0.007
05:14:01 852.11   15.6   35.2   1490    3.0    181    6.7    29.1   0.3   0.82   4.59 7056.9     0.00   0.00    0.0  0.007  0.008  0.007  0.007  0.007  0.007
05:14:02 852.18   15.6   35.1   1490    3.0    181    6.7    29.1   0.3   0.82   4.59 7057.9     0.00   0.00    0.0  0.007  0.008  0.007  0.007  0.007  0.007
05:14:03 852.20   15.6   35.1   1490    3.0    181    6.7    29.1   0.3   0.82   4.58 7058.9     0.00   0.00    0.0  0.007  0.008  0.007  0.007  0.007  0.007
05:14:04 852.13   15.6   35.2   1490    3.1    181    6.7    29.1   0.3   0.82   4.58 7059.9     0.00   0.00    0.0  0.007  0.008  0.007  0.007  0.007  0.007
05:14:08 852.13   15.6   35.2   1490    3.0    181    6.7    29.1   0.3   0.82   4.59 7063.9     0.00   0.00    0.0  0.007  0.008  0.007  0.007  0.007  0.007
05:14:10 851.83   15.6   35.3   1493    3.0    182    6.7    29.1   0.3   0.82   4.59 7065.9     0.00   0.00    0.0  0.007  0.008  0.007  0.007  0.007  0.007
05:14:11 851.73   15.6   35.2   1494    3.0    182    6.7    29.1   0.3   0.82   4.58 7066.9     0.00   0.00    0.0  0.007  0.008  0.007  0.007  0.007  0.007
05:14:13 851.68   15.6   35.2   1495    3.1    180    6.7    29.1   0.3   0.82   4.59 7068.8     0.00   0.00    0.0  0.007  0.008  0.007  0.007  0.007  0.007
05:14:14 851.75   15.5   35.2   1494    3.1    180    6.7    29.1   0.3   0.82   4.58 7069.8     0.00   0.00    0.0  0.007  0.008  0.007  0.007  0.007  0.007
05:14:15 851.73   15.6   35.2   1494    3.1    179    6.7    29.1   0.3   0.82   4.59 7070.8     0.00   0.00    0.0  0.007  0.008  0.007  0.007  0.007  0.007
05:14:18 851.61   15.5   35.3   1495    3.2    178    6.7    29.1   0.3   0.82   4.58 7073.8     0.00   0.00    0.0  0.007  0.008  0.007  0.007  0.007  0.007
05:14:20 851.44   15.6   35.3   1497    3.2    178    6.7    29.2   0.3   0.82   4.60 7075.8     0.00   0.00    0.0  0.007  0.008  0.007  0.007  0.007  0.007
05:14:22 851.40   15.6   35.3   1498    3.2    178    6.7    29.1   0.3   0.82   4.59 7077.8     0.00   0.00    0.0  0.007  0.008  0.007  0.007  0.007  0.007
05:14:23 851.39   15.5   35.3   1498    3.2    177    6.7    29.1   0.3   0.82   4.58 7078.8     0.00   0.00    0.0  0.007  0.008  0.007  0.007  0.007  0.007
05:14:27 851.25   15.5   35.3   1499    3.1    176    6.7    29.1   0.3   0.82   4.58 7082.8     0.00   0.00    0.0  0.007  0.008  0.007  0.007  0.007  0.007
05:14:28 851.03   15.5   35.3   1501    3.1    176    6.7    29.2   0.3   0.82   4.59 7083.8     0.00   0.00    0.0  0.007  0.008  0.007  0.007  0.007  0.007
05:14:29 851.26   15.5   35.3   1499    3.2    176    6.7    29.1   0.3   0.82   4.59 7084.8     0.00   0.00    0.0  0.007  0.008  0.007  0.007  0.007  0.007
05:14:32 851.06   15.5   35.3   1501    3.1    177    6.7    29.1   0.3   0.82   4.58 7087.8     0.00   0.00    0.0  0.007  0.008  0.007  0.007  0.007  0.007
05:14:34 851.02   15.5   35.3   1501    3.2    177    6.7    29.1   0.2   0.82   4.58 7089.8     0.00   0.00    0.0  0.007  0.008  0.007  0.007  0.007  0.007
05:14:35 851.02   15.5   35.3   1501    3.2    177    6.7    29.1   0.2   0.82   4.58 7090.8     0.00   0.00    0.0  0.007  0.008  0.007  0.007  0.007  0.007
05:14:37 850.67   15.5   35.3   1505    3.2    177    6.7    29.2   0.3   0.82   4.59 7092.8     0.00   0.00    0.0  0.007  0.008  0.007  0.007  0.007  0.007
05:14:38 850.92   15.5   35.3   1502    3.1    177    6.7    29.1   0.3   0.82   4.58 7093.8     0.00   0.00    0.0  0.007  0.008  0.007  0.007  0.007  0.007
05:14:39 850.88   15.5   35.3   1503    3.1    177    6.7    29.2   0.3   0.82   4.59 7094.8     0.00   0.00    0.0  0.007  0.008  0.007  0.007  0.007  0.007
05:14:42 850.89   15.5   35.4   1503    3.1    177    6.7    29.1   0.3   0.82   4.59 7097.8     0.00   0.00    0.0  0.007  0.008  0.007  0.007  0.007  0.007
05:14:43 850.86   15.5   35.4   1503    3.2    177    6.7    29.1   0.3   0.82   4.58 7098.8     0.00   0.00    0.0  0.007  0.008  0.007  0.007  0.007  0.007
05:14:45 850.67   15.5   35.4   1505    3.2    177    6.7    29.1   0.3   0.82   4.59 7100.8     0.00   0.00    0.0  0.007  0.008  0.007  0.007  0.007  0.007
05:14:47 850.71   15.5   35.4   1504    3.1    177    6.7    29.1   0.3   0.82   4.58 7102.8     0.00   0.00    0.0  0.007  0.008  0.007  0.007  0.007  0.007
05:14:48 850.46   15.5   35.4   1507    3.1    178    6.7    29.1   0.3   0.82   4.59 7103.8     0.00   0.00    0.0  0.007  0.008  0.007  0.007  0.007  0.007
05:14:51 850.57   15.5   35.4   1506    3.1    178    6.7    29.2   0.3   0.82   4.60 7106.8     0.00   0.00    0.0  0.007  0.008  0.007  0.007  0.007  0.007
05:14:52 850.38   15.4   35.5   1508    3.2    178    6.7    29.1   0.3   0.82   4.59 7107.8     0.00   0.00    0.0  0.007  0.008  0.007  0.007  0.007  0.007
05:14:53 850.38   15.5   35.4   1508    3.1    178    6.7    29.1   0.3   0.82   4.59 7108.8     0.00   0.00    0.0  0.007  0.008  0.007  0.007  0.007  0.007
05:14:54 850.46   15.5   35.4   1507    3.2    178    6.7    29.2   0.3   0.82   4.60 7109.8     0.00   0.00    0.0  0.007  0.008  0.007  0.007  0.007  0.007
05:14:55 850.32   15.4   35.4   1508    3.2    178    6.7    29.1   0.2   0.82   4.58 7110.8     0.00   0.00    0.0  0.007  0.008  0.007  0.007  0.007  0.007
05:15:02 850.00   15.4   35.5   1512    3.1    177    6.7    29.2   0.3   0.82   4.59 7117.8     0.00   0.00    0.0  0.007  0.008  0.007  0.007  0.007  0.007
05:15:03 849.98   15.4   35.5   1512    3.1    177    6.7    29.1   0.2   0.82   4.58 7118.8     0.00   0.00    0.0  0.007  0.008  0.007  0.007  0.007  0.007
05:15:04 850.07   15.5   35.5   1511    3.1    177    6.7    29.2   0.3   0.82   4.60 7119.8     0.00   0.00    0.0  0.007  0.008  0.007  0.007  0.007  0.007
05:15:05 849.96   15.4   35.5   1512    3.2    177    6.7    29.1   0.2   0.82   4.58 7120.8     0.00   0.00    0.0  0.007  0.008  0.007  0.007  0.007  0.007
05:15:06 849.91   15.4   35.5   1512    3.1    177    6.7    29.1   0.2   0.82   4.58 7121.8     0.00   0.00    0.0  0.007  0.008  0.007  0.007  0.007  0.007
05:15:07 849.89   15.4   35.5   1513    3.1    177    6.7    29.1   0.2   0.82   4.58 7122.8     0.00   0.00    0.0  0.007  0.008  0.007  0.007  0.007  0.007
05:15:09 850.04   15.4   35.5   1511    3.1    176    6.7    29.1   0.2   0.82   4.58 7124.8     0.00   0.00    0.0  0.007  0.008  0.007  0.007  0.007  0.007
05:15:10 849.80   15.4   35.5   1513    3.1    176    6.7    29.2   0.3   0.82   4.59 7125.8     0.00   0.00    0.0  0.007  0.008  0.007  0.007  0.007  0.007
05:15:12 849.63   15.4   35.5   1515    3.1    176    6.7    29.2   0.3   0.82   4.59 7127.8     0.00   0.00    0.0  0.007  0.008  0.007  0.007  0.007  0.007
05:15:13 849.50   15.4   35.5   1516    3.1    176    6.7    29.2   0.3   0.82   4.60 7128.8     0.00   0.00    0.0  0.007  0.008  0.007  0.007  0.007  0.007
05:15:15 849.30   15.4   35.5   1518    3.1    176    6.7    29.1   0.2   0.82   4.57 7130.8     0.00   0.00    0.0  0.007  0.008  0.007  0.007  0.007  0.007
05:15:16 849.44   15.4   35.5   1517    3.1    176    6.7    29.1   0.2   0.82   4.58 7131.8     0.00   0.00    0.0  0.007  0.008  0.007  0.007  0.007  0.007
05:15:17 849.42   15.4   35.5   1517    3.1    176    6.7    29.2   0.2   0.82   4.59 7132.8     0.00   0.00    0.0  0.007  0.008  0.007  0.007  0.007  0.007
05:15:18 849.26   15.4   35.6   1519    3.1    176    6.7    29.2   0.2   0.82   4.59 7133.8     0.00   0.00    0.0  0.007  0.008  0.007  0.007  0.007  0.007
05:15:19 849.37   15.3   35.5   1518    3.1    176    6.7    29.1   0.2   0.82   4.57 7134.8     0.00   0.00    0.0  0.007  0.008  0.007  0.007  0.007  0.007
05:15:20 849.19   15.3   35.6   1520    3.1    176    6.7    29.1   0.2   0.82   4.58 7135.8     0.00   0.00    0.0  0.007  0.008  0.007  0.007  0.007  0.007
05:15:21 849.28   15.4   35.6   1519    3.1    176    6.7    29.2   0.2   0.82   4.58 7136.8     0.00   0.00    0.0  0.007  0.008  0.007  0.007  0.007  0.007
05:15:22 849.13   15.3   35.6   1520    3.1    176    6.7    29.1   0.2   0.82   4.58 7137.8     0.00   0.00    0.0  0.007  0.008  0.007  0.007  0.007  0.007
05:15:23 849.27   15.4   35.6   1519    3.1    176    6.7    29.1   0.2   0.82   4.58 7138.8     0.00   0.00    0.0  0.007  0.008  0.007  0.007  0.007  0.007
05:15:24 849.38   15.3   35.5   1518    3.1    176    6.7    29.1   0.2   0.82   4.57 7139.8     0.00   0.00    0.0  0.007  0.008  0.007  0.007  0.007  0.007
05:15:25 849.06   15.3   35.5   1521    3.1    177    6.7    29.2   0.2   0.82   4.58 7140.8     0.00   0.00    0.0  0.007  0.008  0.007  0.007  0.007  0.007
05:15:26 848.93   15.3   35.6   1522    3.1    177    6.7    29.2   0.2   0.82   4.58 7141.8     0.00   0.00    0.0  0.007  0.008  0.007  0.007  0.007  0.007
05:15:29 849.15   15.4   35.6   1520    3.1    176    6.7    29.2   0.2   0.82   4.59 7144.8     0.00   0.00    0.0  0.007  0.008  0.007  0.007  0.007  0.007
05:15:30 849.24   15.3   35.5   1519    3.1    176    6.7    29.1   0.2   0.82   4.57 7145.8     0.00   0.00    0.0  0.007  0.008  0.007  0.007  0.007  0.007
05:15:31 849.00   15.3   35.6   1521    3.1    175    6.7    29.2   0.2   0.82   4.58 7146.8     0.00   0.00    0.0  0.007  0.008  0.007  0.007  0.007  0.007
05:15:32 848.89   15.4   35.6   1523    3.1    175    6.7    29.2   0.2   0.82   4.59 7147.8     0.00   0.00    0.0  0.007  0.008  0.007  0.007  0.007  0.007
05:15:34 848.77   15.3   35.6   1524    3.1    176    6.7    29.2   0.2   0.82   4.58 7149.8     0.00   0.00    0.0  0.007  0.008  0.007  0.007  0.007  0.007
05:15:35 848.73   15.4   35.6   1524    3.0    176    6.7    29.2   0.2   0.82   4.58 7150.8     0.00   0.00    0.0  0.007  0.008  0.007  0.007  0.007  0.007
05:15:36 848.67   15.3   35.6   1525    3.1    175    6.7    29.2   0.2   0.82   4.59 7151.8     0.00   0.00    0.0  0.007  0.008  0.007  0.007  0.007  0.007
05:15:37 848.71   15.3   35.6   1524    3.0    176    6.7    29.2   0.2   0.82   4.58 7152.8     0.00   0.00    0.0  0.007  0.008  0.007  0.007  0.007  0.007
05:15:39 848.63   15.3   35.6   1525    3.1    176    6.7    29.2   0.2   0.82   4.58 7154.8     0.00   0.00    0.0  0.007  0.008  0.007  0.007  0.007  0.007
05:15:41 848.77   15.4   35.6   1524    3.0    175    6.7    29.2   0.2   0.82   4.59 7156.8     0.00   0.00    0.0  0.007  0.008  0.007  0.007  0.007  0.007
05:15:43 848.63   15.3   35.6   1525    3.1    175    6.7    29.1   0.2   0.82   4.57 7158.8     0.00   0.00    0.0  0.007  0.008  0.007  0.007  0.007  0.007
05:15:44 848.38   15.3   35.6   1528    3.0    175    6.7    29.2   0.2   0.82   4.58 7159.8     0.00   0.00    0.0  0.007  0.008  0.007  0.007  0.007  0.007
05:15:45 848.50   15.3   35.6   1526    3.0    175    6.7    29.1   0.2   0.82   4.57 7160.8     0.00   0.00    0.0  0.007  0.008  0.007  0.007  0.007  0.007
05:15:47 848.40   15.3   35.6   1527    3.0    175    6.7    29.2   0.2   0.82   4.58 7162.8     0.00   0.00    0.0  0.007  0.008  0.007  0.007  0.007  0.007
05:15:49 848.35   15.3   35.7   1528    3.1    175    6.7    29.2   0.2   0.82   4.58 7164.8     0.00   0.00    0.0  0.007  0.008  0.007  0.007  0.007  0.007
05:15:50 848.58   15.3   35.6   1526    3.1    175    6.7    29.1   0.2   0.82   4.58 7165.8     0.00   0.00    0.0  0.007  0.008  0.007  0.007  0.007  0.007
05:15:51 848.37   15.3   35.7   1528    3.1    176    6.7    29.2   0.2   0.82   4.59 7166.8     0.00   0.00    0.0  0.007  0.008  0.007  0.007  0.007  0.007
05:15:52 847.99   15.3   35.7   1532    3.1    176    6.7    29.2   0.2   0.82   4.59 7167.7     0.00   0.00    0.0  0.007  0.008  0.007  0.007  0.007  0.007
05:15:53 848.34   15.3   35.7   1528    3.1    176    6.7    29.1   0.2   0.82   4.57 7168.7     0.00   0.00    0.0  0.007  0.008  0.007  0.007  0.007  0.007
05:15:55 848.23   15.3   35.7   1529    3.1    175    6.7    29.2   0.2   0.82   4.58 7170.7     0.00   0.00    0.0  0.007  0.008  0.007  0.007  0.007  0.007
05:15:56 848.11   15.3   35.7   1530    3.1    175    6.7    29.2   0.2   0.82   4.58 7171.7     0.00   0.00    0.0  0.007  0.008  0.007  0.007  0.007  0.007
05:15:57 847.88   15.3   35.7   1533    3.1    175    6.7    29.2   0.2   0.82   4.59 7172.7     0.00   0.00    0.0  0.007  0.008  0.007  0.007  0.007  0.007
05:15:58 847.72   15.2   35.8   1534    3.1    175    6.7    29.2   0.2   0.82   4.58 7173.7     0.00   0.00    0.0  0.007  0.008  0.007  0.007  0.007  0.007
05:15:59 847.92   15.3   35.7   1532    3.1    175    6.7    29.2   0.2   0.82   4.59 7174.7     0.00   0.00    0.0  0.007  0.008  0.007  0.007  0.007  0.007
05:16:01 847.82   15.2   35.7   1533    3.0    175    6.7    29.2   0.2   0.82   4.57 7176.7     0.00   0.00    0.0  0.007  0.008  0.007  0.007  0.007  0.007
05:16:02 847.71   15.2   35.7   1534    3.0    174    6.7    29.2   0.2   0.82   4.58 7177.7     0.00   0.00    0.0  0.007  0.008  0.007  0.007  0.007  0.007
05:16:03 847.90   15.2   35.7   1532    3.0    175    6.7    29.1   0.2   0.82   4.57 7178.7     0.00   0.00    0.0  0.007  0.008  0.007  0.007  0.007  0.007
05:16:04 847.69   15.2   35.7   1535    3.1    175    6.7    29.2   0.2   0.82   4.58 7179.7     0.00   0.00    0.0  0.007  0.008  0.007  0.007  0.007  0.007
05:16:05 847.73   15.2   35.7   1534    3.0    175    6.7    29.2   0.2   0.82   4.58 7180.7     0.00   0.00    0.0  0.007  0.008  0.007  0.007  0.007  0.007
05:16:06 847.75   15.3   35.7   1534    3.1    175    6.7    29.2   0.2   0.82   4.58 7181.7     0.00   0.00    0.0  0.007  0.008  0.007  0.007  0.007  0.007
05:16:07 847.62   15.2   35.7   1535    3.0    176    6.7    29.2   0.2   0.82   4.57 7182.7     0.00   0.00    0.0  0.007  0.008  0.007  0.007  0.007  0.007
05:16:10 847.45   15.2   35.7   1537    3.0    176    6.7    29.2   0.2   0.82   4.57 7185.7     0.00   0.00    0.0  0.007  0.008  0.007  0.007  0.007  0.007
05:16:11 847.60   15.3   35.7   1535    3.0    176    6.7    29.2   0.2   0.82   4.58 7186.7     0.00   0.00    0.0  0.007  0.008  0.007  0.007  0.007  0.007
05:16:13 847.33   15.2   35.8   1538    3.0    177    6.7    29.2   0.2   0.82   4.58 7188.7     0.00   0.00    0.0  0.007  0.008  0.007  0.007  0.007  0.007
05:16:14 847.26   15.2   35.7   1539    3.0    176    6.7    29.2   0.2   0.82   4.58 7189.7     0.00   0.00    0.0  0.007  0.008  0.007  0.007  0.007  0.007
05:16:15 847.13   15.2   35.8   1540    3.0    177    6.7    29.2   0.2   0.82   4.58 7190.7     0.00   0.00    0.0  0.007  0.008  0.007  0.007  0.007  0.007
05:16:16 847.21   15.2   35.8   1539    3.0    176    6.7    29.2   0.2   0.82   4.59 7191.7     0.00   0.00    0.0  0.007  0.008  0.007  0.007  0.007  0.007
05:16:17 847.26   15.2   35.8   1539    3.0    175    6.7    29.2   0.2   0.82   4.58 7192.7     0.00   0.00    0.0  0.007  0.008  0.007  0.007  0.007  0.007
05:16:18 847.13   15.2   35.8   1540    3.0    175    6.7    29.2   0.2   0.82   4.58 7193.7     0.00   0.00    0.0  0.007  0.008  0.007  0.007  0.007  0.007
05:16:21 847.22   15.2   35.8   1539    3.1    176    6.7    29.2   0.2   0.82   4.58 7196.7     0.00   0.00    0.0  0.007  0.008  0.007  0.007  0.007  0.007
05:16:22 847.35   15.2   35.8   1538    3.1    176    6.7    29.2   0.2   0.82   4.59 7197.7     0.00   0.00    0.0  0.007  0.008  0.007  0.007  0.007  0.007
05:16:23 846.88   15.2   35.8   1543    3.1    175    6.7    29.2   0.2   0.82   4.58 7198.7     0.00   0.00    0.0  0.007  0.008  0.007  0.007  0.007  0.007
05:16:24 847.13   15.2   35.9   1540    3.1    176    6.7    29.2   0.2   0.82   4.58 7199.7     0.00   0.00    0.0  0.007  0.008  0.007  0.007  0.007  0.007
05:16:25 847.23   15.2   35.9   1539    3.2    177    6.7    29.1   0.2   0.82   4.57 7200.7     0.00   0.00    0.0  0.007  0.008  0.007  0.007  0.007  0.007
05:16:26 846.90   15.2   35.9   1542    3.2    176    6.7    29.2   0.2   0.82   4.58 7201.7     0.00   0.00    0.0  0.007  0.008  0.007  0.007  0.007  0.007
05:16:27 846.90   15.2   35.9   1542    3.2    176    6.7    29.2   0.2   0.82   4.58 7202.7     0.00   0.00    0.0  0.007  0.008  0.007  0.007  0.007  0.007
05:16:28 846.88   15.2   35.9   1543    3.2    177    6.7    29.2   0.2   0.82   4.59 7203.7     0.00   0.00    0.0  0.007  0.008  0.007  0.007  0.007  0.007
05:16:30 846.84   15.2   35.9   1543    3.1    175    6.7    29.2   0.2   0.82   4.58 7205.7     0.00   0.00    0.0  0.007  0.008  0.007  0.007  0.007  0.007
05:16:31 846.80   15.2   35.9   1543    3.1    176    6.7    29.2   0.2   0.82   4.59 7206.7     0.00   0.00    0.0  0.007  0.008  0.007  0.007  0.007  0.007
05:16:32 846.93   15.2   35.9   1542    3.1    176    6.7    29.2   0.2   0.82   4.58 7207.7     0.00   0.00    0.0  0.007  0.008  0.007  0.007  0.007  0.007
05:16:34 846.81   15.1   35.9   1543    3.1    175    6.7    29.2   0.1   0.82   4.57 7209.7     0.00   0.00    0.0  0.007  0.008  0.007  0.007  0.007  0.007
05:16:35 846.86   15.2   35.9   1543    3.1    175    6.7    29.2   0.2   0.82   4.58 7210.7     0.00   0.00    0.0  0.007  0.008  0.007  0.007  0.007  0.007
05:16:36 846.76   15.2   35.9   1544    3.1    175    6.7    29.2   0.2   0.82   4.58 7211.7     0.00   0.00    0.0  0.007  0.008  0.007  0.007  0.007  0.007
05:16:38 846.48   15.1   35.9   1547    3.1    175    6.7    29.2   0.2   0.82   4.58 7213.7     0.00   0.00    0.0  0.007  0.008  0.007  0.007  0.007  0.007
05:16:39 846.59   15.1   36.0   1546    3.2    176    6.7    29.2   0.2   0.82   4.58 7214.7     0.00   0.00    0.0  0.007  0.008  0.007  0.007  0.007  0.007
05:16:40 846.47   15.2   36.0   1547    3.1    176    6.7    29.2   0.2   0.82   4.60 7215.7     0.00   0.00    0.0  0.007  0.008  0.007  0.007  0.007  0.007
05:16:41 846.63   15.1   36.0   1545    3.1    176    6.7    29.2   0.2   0.82   4.58 7216.7     0.00   0.00    0.0  0.007  0.008  0.007  0.007  0.007  0.007
05:16:42 846.49   15.1   36.1   1547    3.2    176    6.7    29.2   0.2   0.82   4.60 7217.7     0.00   0.00    0.0  0.007  0.008  0.007  0.007  0.007  0.007
05:16:43 846.42   15.1   36.0   1547    3.1    176    6.7    29.2   0.2   0.82   4.59 7218.7     0.00   0.00    0.0  0.007  0.008  0.007  0.007  0.007  0.007
05:16:45 846.30   15.1   36.1   1548    3.1    175    6.7    29.2   0.2   0.82   4.60 7220.7     0.00   0.00    0.0  0.007  0.008  0.007  0.007  0.007  0.007
05:16:46 846.14   15.1   36.1   1550    3.2    175    6.7    29.2   0.2   0.82   4.60 7221.7     0.00   0.00    0.0  0.007  0.008  0.007  0.007  0.007  0.007
05:16:47 846.04   15.1   36.1   1551    3.2    175    6.7    29.2   0.2   0.82   4.60 7222.7     0.00   0.00    0.0  0.007  0.008  0.007  0.007  0.007  0.007
05:16:50 846.30   15.1   36.1   1548    3.2    174    6.7    29.1   0.2   0.82   4.58 7225.7     0.00   0.00    0.0  0.007  0.008  0.007  0.007  0.007  0.007
05:16:53 845.85   15.0   36.2   1553    3.2    174    6.7    29.2   0.2   0.82   4.59 7228.7     0.00   0.00    0.0  0.007  0.008  0.007  0.007  0.007  0.007
05:16:54 845.96   15.1   36.2   1552    3.2    174    6.7    29.2   0.2   0.82   4.59 7229.7     0.00   0.00    0.0  0.007  0.008  0.007  0.007  0.007  0.007
05:16:55 845.86   15.0   36.2   1553    3.2    174    6.7    29.2   0.2   0.82   4.59 7230.7     0.00   0.00    0.0  0.007  0.008  0.007  0.007  0.007  0.007
05:16:56 845.89   15.1   36.2   1553    3.2    174    6.7    29.2   0.2   0.82   4.59 7231.7     0.00   0.00    0.0  0.007  0.008  0.007  0.007  0.007  0.007
05:16:57 846.03   15.1   36.2   1551    3.2    173    6.7    29.2   0.2   0.82   4.59 7232.7     0.00   0.00    0.0  0.007  0.008  0.007  0.007  0.007  0.007
05:16:58 845.76   15.1   36.2   1554    3.2    173    6.7    29.2   0.2   0.82   4.60 7233.7     0.00   0.00    0.0  0.007  0.008  0.007  0.007  0.007  0.007
05:17:00 845.71   15.1   36.2   1554    3.2    173    6.7    29.2   0.2   0.82   4.60 7235.7     0.00   0.00    0.0  0.007  0.008  0.007  0.007  0.007  0.007
05:17:01 845.73   15.1   36.2   1554    3.2    173    6.7    29.2   0.2   0.82   4.60 7236.7     0.00   0.00    0.0  0.007  0.008  0.007  0.007  0.007  0.007
05:17:02 845.75   15.0   36.2   1554    3.2    173    6.7    29.2   0.2   0.82   4.58 7237.7     0.00   0.00    0.0  0.007  0.008  0.007  0.007  0.007  0.007
05:17:03 845.80   15.0   36.2   1553    3.2    173    6.7    29.2   0.2   0.82   4.59 7238.7     0.00   0.00    0.0  0.007  0.008  0.007  0.007  0.007  0.007
05:17:04 845.73   15.0   36.2   1554    3.2    173    6.7    29.2   0.2   0.82   4.60 7239.7     0.00   0.00    0.0  0.007  0.008  0.008  0.007  0.007  0.007
05:17:08 845.36   15.1   36.2   1558    3.2    174    6.7    29.2   0.2   0.82   4.59 7243.7     0.00   0.00    0.0  0.007  0.008  0.007  0.007  0.007  0.007
05:17:09 845.58   15.1   36.2   1556    3.2    174    6.7    29.2   0.2   0.82   4.60 7244.7     0.00   0.00    0.0  0.007  0.008  0.007  0.007  0.007  0.007
05:17:10 845.29   15.0   36.2   1559    3.2    174    6.7    29.2   0.2   0.82   4.59 7245.7     0.00   0.00    0.0  0.007  0.008  0.007  0.007  0.007  0.007
05:17:11 845.44   15.1   36.2   1557    3.2    173    6.7    29.2   0.2   0.82   4.60 7246.7     0.00   0.00    0.0  0.007  0.008  0.007  0.007  0.007  0.007
05:17:12 845.39   15.0   36.2   1558    3.2    173    6.7    29.2   0.2   0.82   4.58 7247.7     0.00   0.00    0.0  0.007  0.008  0.007  0.007  0.007  0.007
05:17:14 845.19   15.1   36.2   1560    3.2    174    6.7    29.3   0.2   0.82   4.60 7249.7     0.00   0.00    0.0  0.007  0.008  0.007  0.007  0.007  0.007
05:17:15 845.09   15.0   36.2   1561    3.2    175    6.7    29.2   0.2   0.82   4.59 7250.7     0.00   0.00    0.0  0.007  0.008  0.007  0.007  0.007  0.007
05:17:16 845.03   15.0   36.2   1561    3.2    175    6.7    29.2   0.1   0.82   4.58 7251.7     0.00   0.00    0.0  0.007  0.008  0.007  0.007  0.007  0.007
05:17:17 844.97   15.0   36.2   1562    3.2    175    6.7    29.3   0.2   0.82   4.59 7252.7     0.00   0.00    0.0  0.007  0.008  0.007  0.007  0.007  0.007
05:17:19 845.28   15.1   36.2   1559    3.2    175    6.7    29.2   0.2   0.82   4.60 7254.7     0.00   0.00    0.0  0.007  0.008  0.007  0.007  0.007  0.007
05:17:21 844.86   15.0   36.2   1563    3.2    174    6.7    29.2   0.2   0.82   4.58 7256.7     0.00   0.00    0.0  0.007  0.008  0.007  0.007  0.007  0.007
05:17:22 844.83   15.0   36.2   1563    3.2    174    6.7    29.2   0.1   0.82   4.58 7257.7     0.00   0.00    0.0  0.007  0.008  0.007  0.007  0.007  0.007
05:17:23 845.00   15.0   36.2   1561    3.2    174    6.7    29.2   0.2   0.82   4.59 7258.7     0.00   0.00    0.0  0.007  0.008  0.007  0.007  0.007  0.007
05:17:24 844.87   15.0   36.2   1563    3.2    174    6.7    29.2   0.1   0.82   4.57 7259.7     0.00   0.00    0.0  0.007  0.008  0.007  0.007  0.007  0.007
05:17:25 844.66   15.0   36.2   1565    3.2    173    6.7    29.3   0.2   0.82   4.59 7260.7     0.00   0.00    0.0  0.007  0.008  0.007  0.007  0.007  0.007
05:17:26 844.77   15.0   36.2   1564    3.3    174    6.7    29.2   0.1   0.82   4.58 7261.7     0.00   0.00    0.0  0.007  0.008  0.007  0.007  0.007  0.007
05:17:27 844.67   15.0   36.1   1565    3.3    173    6.7    29.3   0.1   0.82   4.58 7262.7     0.00   0.00    0.0  0.007  0.008  0.007  0.007  0.007  0.007
05:17:28 844.75   15.0   36.2   1564    3.3    173    6.7    29.2   0.2   0.82   4.58 7263.7     0.00   0.00    0.0  0.007  0.008  0.007  0.007  0.007  0.007
05:17:29 844.65   15.0   36.2   1565    3.3    173    6.7    29.3   0.2   0.82   4.60 7264.7     0.00   0.00    0.0  0.007  0.008  0.007  0.007  0.007  0.007
05:17:30 844.83   15.0   36.2   1563    3.3    173    6.7    29.2   0.2   0.82   4.58 7265.7     0.00   0.00    0.0  0.007  0.008  0.007  0.007  0.007  0.007
05:17:31 844.53   15.0   36.2   1566    3.3    173    6.7    29.3   0.1   0.82   4.58 7266.7     0.00   0.00    0.0  0.007  0.008  0.007  0.007  0.007  0.007
05:17:32 844.57   15.0   36.2   1566    3.3    172    6.7    29.2   0.1   0.82   4.58 7267.7     0.00   0.00    0.0  0.007  0.008  0.007  0.007  0.007  0.007
05:17:33 844.51   15.0   36.2   1566    3.3    172    6.7    29.2   0.1   0.82   4.58 7268.6     0.00   0.00    0.0  0.007  0.008  0.007  0.007  0.007  0.007
05:17:34 844.43   15.0   36.1   1567    3.3    172    6.7    29.3   0.1   0.82   4.58 7269.6     0.00   0.00    0.0  0.007  0.008  0.007  0.007  0.007  0.007
05:17:35 844.29   15.0   36.2   1569    3.3    172    6.7    29.3   0.1   0.82   4.58 7270.6     0.00   0.00    0.0  0.007  0.008  0.007  0.007  0.007  0.007
05:17:37 844.48   15.0   36.2   1567    3.3    171    6.7    29.2   0.1   0.82   4.57 7272.6     0.00   0.00    0.0  0.007  0.008  0.007  0.007  0.007  0.007
05:17:38 844.41   15.0   36.2   1567    3.3    171    6.7    29.3   0.2   0.82   4.59 7273.6     0.00   0.00    0.0  0.007  0.008  0.007  0.007  0.007  0.007
05:17:40 844.16   15.0   36.2   1570    3.3    171    6.7    29.3   0.1   0.82   4.58 7275.6     0.00   0.00    0.0  0.007  0.008  0.007  0.007  0.007  0.007
05:17:41 844.45   15.0   36.2   1567    3.3    171    6.7    29.2   0.1   0.82   4.57 7276.6     0.00   0.00    0.0  0.007  0.008  0.007  0.007  0.007  0.007
05:17:42 844.11   15.0   36.2   1570    3.3    171    6.7    29.3   0.1   0.82   4.57 7277.6     0.00   0.00    0.0  0.007  0.008  0.007  0.007  0.007  0.007
05:17:43 843.98   15.0   36.3   1572    3.3    170    6.7    29.3   0.1   0.82   4.58 7278.6     0.00   0.00    0.0  0.007  0.008  0.007  0.007  0.007  0.007
05:17:44 844.14   14.9   36.3   1570    3.3    170    6.7    29.2   0.1   0.82   4.58 7279.6     0.00   0.00    0.0  0.007  0.008  0.007  0.007  0.007  0.007
05:17:46 844.11   15.0   36.2   1570    3.3    170    6.7    29.3   0.2   0.82   4.59 7281.6     0.00   0.00    0.0  0.007  0.008  0.007  0.007  0.007  0.007
05:17:47 844.17   14.9   36.3   1570    3.3    170    6.7    29.2   0.1   0.82   4.58 7282.6     0.00   0.00    0.0  0.007  0.008  0.007  0.007  0.007  0.007
05:17:50 844.07   15.0   36.4   1571    3.3    170    6.7    29.2   0.2   0.82   4.59 7285.6     0.00   0.00    0.0  0.007  0.008  0.007  0.007  0.007  0.007
05:17:51 843.63   14.9   36.4   1575    3.3    170    6.7    29.3   0.2   0.82   4.59 7286.6     0.00   0.00    0.0  0.007  0.008  0.007  0.007  0.007  0.007
05:17:52 844.07   14.9   36.3   1571    3.3    170    6.7    29.2   0.1   0.82   4.58 7287.6     0.00   0.00    0.0  0.007  0.008  0.007  0.007  0.007  0.007
05:17:54 843.84   15.0   36.4   1573    3.3    170    6.7    29.3   0.2   0.82   4.60 7289.6     0.00   0.00    0.0  0.007  0.008  0.007  0.007  0.007  0.007
05:17:55 843.67   15.0   36.4   1575    3.3    170    6.7    29.3   0.2   0.82   4.60 7290.6     0.00   0.00    0.0  0.007  0.008  0.007  0.007  0.007  0.007
05:17:56 843.86   14.9   36.4   1573    3.3    170    6.7    29.2   0.1   0.82   4.58 7291.6     0.00   0.00    0.0  0.007  0.008  0.007  0.007  0.007  0.007
05:17:57 843.90   14.9   36.4   1572    3.3    170    6.7    29.3   0.2   0.82   4.59 7292.6     0.00   0.00    0.0  0.007  0.008  0.007  0.007  0.007  0.007
05:17:58 843.53   14.9   36.3   1576    3.3    170    6.7    29.3   0.1   0.82   4.58 7293.6     0.00   0.00    0.0  0.007  0.008  0.007  0.007  0.007  0.007
05:17:59 843.72   14.9   36.3   1574    3.3    170    6.7    29.3   0.1   0.82   4.58 7294.6     0.00   0.00    0.0  0.007  0.008  0.007  0.007  0.007  0.007
05:18:00 843.68   14.9   36.3   1575    3.3    170    6.7    29.2   0.1   0.82   4.57 7295.6     0.00   0.00    0.0  0.007  0.008  0.007  0.007  0.007  0.007
05:18:01 843.66   14.9   36.3   1575    3.3    170    6.7    29.3   0.1   0.82   4.59 7296.6     0.00   0.00    0.0  0.007  0.008  0.007  0.007  0.007  0.007
05:18:02 843.58   14.9   36.4   1576    3.3    170    6.7    29.3   0.2   0.82   4.60 7297.6     0.00   0.00    0.0  0.007  0.008  0.007  0.007  0.007  0.007
05:18:03 843.48   14.9   36.4   1577    3.3    169    6.7    29.3   0.2   0.82   4.59 7298.6     0.00   0.00    0.0  0.007  0.008  0.007  0.007  0.007  0.007
05:18:04 843.60   14.9   36.4   1575    3.3    169    6.7    29.3   0.2   0.82   4.59 7299.6     0.00   0.00    0.0  0.007  0.008  0.007  0.007  0.007  0.007
05:18:05 843.61   14.9   36.4   1575    3.3    169    6.7    29.2   0.1   0.82   4.58 7300.6     0.00   0.00    0.0  0.007  0.008  0.007  0.007  0.007  0.007
05:18:08 843.35   14.9   36.4   1578    3.3    169    6.7    29.3   0.2   0.82   4.59 7303.6     0.00   0.00    0.0  0.007  0.008  0.007  0.007  0.007  0.007
05:18:09 843.32   14.9   36.4   1578    3.3    169    6.7    29.3   0.2   0.82   4.59 7304.6     0.00   0.00    0.0  0.007  0.008  0.007  0.007  0.007  0.007
05:18:10 843.15   14.9   36.5   1580    3.3    168    6.7    29.3   0.1   0.82   4.59 7305.6     0.00   0.00    0.0  0.007  0.008  0.008  0.007  0.007  0.007
05:18:12 843.07   14.9   36.5   1581    3.3    168    6.7    29.3   0.1   0.82   4.58 7307.6     0.00   0.00    0.0  0.007  0.008  0.007  0.007  0.007  0.007
05:18:13 843.13   14.9   36.5   1580    3.3    168    6.7    29.2   0.1   0.82   4.58 7308.6     0.00   0.00    0.0  0.007  0.008  0.007  0.007  0.007  0.007
05:18:15 842.95   14.9   36.5   1582    3.3    168    6.7    29.3   0.1   0.82   4.59 7310.6     0.00   0.00    0.0  0.007  0.008  0.007  0.007  0.007  0.007
05:18:16 842.85   14.8   36.5   1583    3.3    168    6.7    29.3   0.1   0.82   4.59 7311.6     0.00   0.00    0.0  0.007  0.008  0.007  0.007  0.007  0.007
05:18:17 842.93   14.8   36.5   1582    3.3    168    6.7    29.3   0.1   0.82   4.58 7312.6     0.00   0.00    0.0  0.007  0.008  0.007  0.007  0.007  0.007
05:18:18 843.07   14.9   36.4   1581    3.3    168    6.7    29.2   0.1   0.82   4.58 7313.6     0.00   0.00    0.0  0.007  0.008  0.007  0.007  0.007  0.007
05:18:19 842.80   14.9   36.5   1583    3.3    168    6.7    29.3   0.2   0.82   4.59 7314.6     0.00   0.00    0.0  0.007  0.008  0.007  0.007  0.007  0.007
05:18:20 842.82   14.9   36.5   1583    3.3    168    6.7    29.3   0.1   0.82   4.59 7315.6     0.00   0.00    0.0  0.007  0.008  0.007  0.007  0.007  0.007
05:18:22 842.83   14.8   36.5   1583    3.3    169    6.7    29.3   0.1   0.82   4.58 7317.6     0.00   0.00    0.0  0.007  0.008  0.007  0.007  0.007  0.007
05:18:23 842.93   14.9   36.5   1582    3.3    169    6.7    29.3   0.1   0.82   4.59 7318.6     0.00   0.00    0.0  0.007  0.008  0.007  0.007  0.007  0.007
05:18:26 842.79   14.9   36.5   1584    3.4    169    6.7    29.3   0.2   0.82   4.60 7321.6     0.00   0.00    0.0  0.007  0.008  0.007  0.007  0.007  0.007
05:18:27 842.61   14.8   36.5   1585    3.3    168    6.7    29.3   0.1   0.82   4.58 7322.6     0.00   0.00    0.0  0.007  0.008  0.007  0.007  0.007  0.007
05:18:29 842.60   14.8   36.5   1585    3.4    168    6.7    29.3   0.1   0.82   4.59 7324.6     0.00   0.00    0.0  0.007  0.008  0.007  0.007  0.007  0.007
05:18:30 842.68   14.8   36.6   1585    3.3    168    6.7    29.2   0.1   0.82   4.58 7325.6     0.00   0.00    0.0  0.007  0.008  0.007  0.007  0.007  0.007
05:18:31 842.37   14.8   36.5   1588    3.4    168    6.7    29.3   0.1   0.82   4.58 7326.6     0.00   0.00    0.0  0.007  0.008  0.007  0.007  0.007  0.007
05:18:32 842.35   14.8   36.5   1588    3.3    168    6.7    29.3   0.1   0.82   4.58 7327.6     0.00   0.00    0.0  0.007  0.008  0.007  0.007  0.007  0.007
05:18:33 842.19   14.8   36.6   1590    3.3    168    6.7    29.3   0.1   0.82   4.58 7328.6     0.00   0.00    0.0  0.007  0.008  0.007  0.007  0.007  0.007
05:18:34 842.35   14.8   36.6   1588    3.3    168    6.7    29.3   0.1   0.82   4.59 7329.6     0.00   0.00    0.0  0.007  0.008  0.007  0.007  0.007  0.007
05:18:35 842.49   14.8   36.6   1587    3.4    169    6.7    29.2   0.1   0.82   4.57 7330.6     0.00   0.00    0.0  0.007  0.008  0.007  0.007  0.007  0.007
05:18:36 842.45   14.8   36.5   1587    3.4    169    6.7    29.3   0.1   0.82   4.58 7331.6     0.00   0.00    0.0  0.007  0.008  0.007  0.007  0.007  0.007
05:18:37 842.16   14.8   36.6   1590    3.3    169    6.7    29.3   0.1   0.82   4.59 7332.6     0.00   0.00    0.0  0.007  0.008  0.007  0.007  0.007  0.007
05:18:38 841.97   14.8   36.6   1592    3.4    168    6.7    29.3   0.2   0.82   4.60 7333.6     0.00   0.00    0.0  0.007  0.008  0.007  0.007  0.007  0.007
05:18:39 841.96   14.8   36.6   1592    3.4    168    6.7    29.3   0.1   0.82   4.58 7334.6     0.00   0.00    0.0  0.007  0.008  0.008  0.007  0.007  0.007
05:18:40 842.27   14.8   36.5   1589    3.4    167    6.7    29.3   0.1   0.82   4.59 7335.6     0.00   0.00    0.0  0.007  0.008  0.007  0.007  0.007  0.007
05:18:41 842.17   14.8   36.6   1590    3.3    168    6.7    29.3   0.1   0.82   4.58 7336.6     0.00   0.00    0.0  0.007  0.008  0.007  0.007  0.007  0.007
05:18:42 841.96   14.8   36.6   1592    3.4    168    6.7    29.3   0.1   0.82   4.58 7337.6     0.00   0.00    0.0  0.007  0.008  0.007  0.007  0.007  0.007
05:18:43 842.03   14.8   36.6   1591    3.4    168    6.7    29.3   0.1   0.82   4.59 7338.6     0.00   0.00    0.0  0.007  0.008  0.007  0.007  0.007  0.007
05:18:45 842.07   14.7   36.6   1591    3.3    168    6.7    29.2   0.1   0.82   4.57 7340.6     0.00   0.00    0.0  0.007  0.008  0.007  0.007  0.007  0.007
05:18:47 842.07   14.8   36.6   1591    3.3    168    6.7    29.3   0.1   0.82   4.58 7342.6     0.00   0.00    0.0  0.007  0.008  0.007  0.007  0.007  0.007
05:18:48 841.94   14.7   36.6   1592    3.4    168    6.7    29.3   0.1   0.82   4.58 7343.6     0.00   0.00    0.0  0.007  0.008  0.007  0.007  0.007  0.007
05:18:50 842.06   14.8   36.6   1591    3.4    168    6.7    29.3   0.1   0.82   4.59 7345.6     0.00   0.00    0.0  0.007  0.008  0.007  0.007  0.007  0.007
05:18:51 841.75   14.7   36.6   1594    3.3    168    6.7    29.2   0.1   0.82   4.57 7346.6     0.00   0.00    0.0  0.007  0.008  0.007  0.007  0.007  0.007
05:18:52 841.83   14.8   36.7   1593    3.3    168    6.7    29.3   0.1   0.82   4.59 7347.6     0.00   0.00    0.0  0.007  0.008  0.007  0.007  0.007  0.007
05:18:53 841.53   14.7   36.7   1596    3.4    168    6.7    29.3   0.1   0.82   4.58 7348.6     0.00   0.00    0.0  0.007  0.008  0.008  0.007  0.007  0.007
05:18:54 841.82   14.8   36.6   1593    3.3    168    6.7    29.3   0.1   0.82   4.58 7349.6     0.00   0.00    0.0  0.007  0.008  0.007  0.007  0.007  0.007
05:18:55 841.68   14.8   36.6   1595    3.3    168    6.7    29.3   0.1   0.82   4.58 7350.6     0.00   0.00    0.0  0.007  0.008  0.007  0.007  0.007  0.007
05:18:56 841.70   14.7   36.7   1594    3.3    168    6.7    29.3   0.1   0.82   4.58 7351.6     0.00   0.00    0.0  0.007  0.008  0.007  0.007  0.007  0.007
05:18:57 841.52   14.7   36.6   1596    3.3    168    6.7    29.3   0.1   0.82   4.58 7352.6     0.00   0.00    0.0  0.007  0.008  0.007  0.007  0.007  0.007
05:18:58 841.44   14.7   36.7   1597    3.4    168    6.7    29.3   0.1   0.82   4.58 7353.6     0.00   0.00    0.0  0.007  0.008  0.007  0.007  0.007  0.007
05:18:59 841.32   14.7   36.7   1598    3.3    168    6.7    29.3   0.1   0.82   4.58 7354.6     0.00   0.00    0.0  0.007  0.008  0.007  0.007  0.007  0.007
05:19:00 841.55   14.7   36.7   1596    3.3    168    6.7    29.3   0.1   0.82   4.58 7355.6     0.00   0.00    0.0  0.007  0.008  0.007  0.007  0.007  0.007
05:19:01 841.24   14.7   36.7   1599    3.4    168    6.7    29.3   0.1   0.82   4.57 7356.6     0.00   0.00    0.0  0.007  0.008  0.007  0.008  0.007  0.007
05:19:02 841.41   14.7   36.7   1597    3.3    168    6.7    29.3   0.1   0.82   4.57 7357.6     0.00   0.00    0.0  0.007  0.008  0.007  0.007  0.007  0.007
05:19:03 841.37   14.7   36.7   1598    3.4    168    6.7    29.3   0.1   0.82   4.58 7358.6     0.00   0.00    0.0  0.007  0.008  0.008  0.007  0.007  0.007
05:19:04 841.35   14.7   36.7   1598    3.3    168    6.7    29.3   0.1   0.82   4.59 7359.6     0.00   0.00    0.0  0.007  0.008  0.007  0.007  0.007  0.007
05:19:05 841.23   14.8   36.7   1599    3.4    168    6.7    29.3   0.1   0.82   4.59 7360.6     0.00   0.00    0.0  0.007  0.008  0.007  0.007  0.007  0.007
05:19:06 841.46   14.7   36.7   1597    3.4    169    6.7    29.3   0.1   0.82   4.58 7361.6     0.00   0.00    0.0  0.007  0.008  0.007  0.007  0.007  0.007
05:19:07 841.13   14.7   36.7   1600    3.4    168    6.7    29.3   0.1   0.82   4.57 7362.6     0.00   0.00    0.0  0.007  0.008  0.007  0.007  0.007  0.007
05:19:08 841.27   14.7   36.7   1599    3.4    169    6.7    29.3   0.1   0.82   4.58 7363.6     0.00   0.00    0.0  0.007  0.008  0.007  0.007  0.007  0.007
05:19:09 841.11   14.7   36.7   1600    3.4    168    6.7    29.3   0.1   0.82   4.59 7364.6     0.00   0.00    0.0  0.007  0.008  0.007  0.007  0.007  0.007
05:19:11 840.91   14.7   36.7   1602    3.3    169    6.7    29.3   0.1   0.82   4.57 7366.6     0.00   0.00    0.0  0.007  0.008  0.007  0.007  0.007  0.007
05:19:12 840.92   14.7   36.7   1602    3.3    169    6.7    29.3   0.1   0.82   4.58 7367.6     0.00   0.00    0.0  0.007  0.008  0.007  0.007  0.007  0.007
05:19:13 841.20   14.7   36.7   1600    3.4    169    6.7    29.2   0.0   0.82   4.57 7368.6     0.00   0.00    0.0  0.007  0.008  0.007  0.007  0.007  0.007
05:19:14 840.90   14.7   36.7   1603    3.4    168    6.7    29.3   0.0   0.82   4.57 7369.6     0.00   0.00    0.0  0.007  0.008  0.007  0.007  0.007  0.007
05:19:17 840.94   14.7   36.7   1602    3.4    167    6.7    29.3   0.1   0.82   4.57 7372.5     0.00   0.00    0.0  0.007  0.008  0.008  0.007  0.007  0.007
05:19:18 840.84   14.7   36.8   1603    3.4    168    6.7    29.3   0.1   0.82   4.58 7373.5     0.00   0.00    0.0  0.007  0.008  0.007  0.007  0.007  0.007
05:19:19 840.78   14.7   36.7   1604    3.4    168    6.7    29.3   0.1   0.82   4.57 7374.5     0.00   0.00    0.0  0.007  0.008  0.007  0.007  0.007  0.007
05:19:20 840.81   14.7   36.7   1603    3.4    168    6.7    29.3   0.0   0.82   4.57 7375.5     0.00   0.00    0.0  0.007  0.008  0.007  0.007  0.007  0.007
05:19:21 840.80   14.7   36.7   1604    3.4    168    6.7    29.3   0.1   0.82   4.57 7376.5     0.00   0.00    0.0  0.007  0.008  0.007  0.007  0.007  0.007
05:19:24 840.87   14.7   36.7   1603    3.3    167    6.7    29.3   0.0   0.82   4.57 7379.5     0.00   0.00    0.0  0.007  0.008  0.007  0.007  0.007  0.007
05:19:25 840.63   14.6   36.7   1605    3.4    167    6.7    29.3   0.0   0.82   4.56 7380.5     0.00   0.00    0.0  0.007  0.008  0.007  0.007  0.007  0.007
05:19:27 840.36   14.7   36.8   1608    3.4    167    6.7    29.3   0.1   0.82   4.57 7382.5     0.00   0.00    0.0  0.007  0.008  0.007  0.007  0.007  0.007
05:19:28 840.45   14.7   36.8   1607    3.4    167    6.7    29.3   0.1   0.82   4.58 7383.5     0.00   0.00    0.0  0.007  0.008  0.007  0.007  0.007  0.007
05:19:29 840.45   14.6   36.8   1607    3.4    167    6.7    29.3   0.1   0.82   4.58 7384.5     0.00   0.00    0.0  0.007  0.008  0.007  0.007  0.007  0.007
05:19:30 840.50   14.6   36.8   1607    3.3    167    6.7    29.3   0.0   0.82   4.57 7385.5     0.00   0.00    0.0  0.007  0.008  0.007  0.007  0.007  0.007
05:19:31 840.28   14.6   36.9   1609    3.4    167    6.7    29.3   0.1   0.82   4.58 7386.5     0.00   0.00    0.0  0.007  0.008  0.007  0.007  0.007  0.007
05:19:32 840.53   14.6   36.8   1606    3.4    167    6.7    29.3   0.0   0.82   4.57 7387.5     0.00   0.00    0.0  0.007  0.008  0.007  0.007  0.007  0.007
05:19:36 840.08   14.6   36.8   1611    3.5    166    6.7    29.3   0.0   0.82   4.56 7391.5     0.00   0.00    0.0  0.007  0.008  0.007  0.007  0.007  0.007
05:19:37 840.46   14.6   36.8   1607    3.4    167    6.7    29.3   0.0   0.82   4.57 7392.5     0.00   0.00    0.0  0.007  0.008  0.007  0.007  0.007  0.007
05:19:38 840.11   14.6   36.9   1610    3.5    166    6.7    29.3   0.0   0.82   4.57 7393.5     0.00   0.00    0.0  0.007  0.008  0.007  0.007  0.007  0.007
05:19:39 840.01   14.6   36.8   1612    3.4    167    6.7    29.3   0.1   0.82   4.58 7394.5     0.00   0.00    0.0  0.007  0.008  0.007  0.007  0.007  0.007
05:19:40 840.06   14.6   36.9   1611    3.4    167    6.7    29.3   0.0   0.82   4.57 7395.5     0.00   0.00    0.0  0.007  0.008  0.007  0.007  0.007  0.007
05:19:41 840.16   14.6   36.8   1610    3.4    167    6.7    29.3   0.0   0.82   4.57 7396.5     0.00   0.00    0.0  0.007  0.008  0.007  0.007  0.007  0.007
05:19:42 840.14   14.6   36.9   1610    3.4    167    6.7    29.3   0.1   0.82   4.57 7397.5     0.00   0.00    0.0  0.007  0.008  0.008  0.007  0.007  0.007
05:19:45 839.96   14.6   36.9   1612    3.4    167    6.7    29.3   0.1   0.82   4.58 7400.5     0.00   0.00    0.0  0.007  0.008  0.007  0.007  0.007  0.007
05:19:46 840.02   14.6   36.8   1611    3.5    166    6.7    29.3   0.1   0.82   4.58 7401.5     0.00   0.00    0.0  0.007  0.008  0.007  0.007  0.007  0.007
05:19:47 839.96   14.6   36.9   1612    3.4    166    6.7    29.3   0.1   0.82   4.58 7402.5     0.00   0.00    0.0  0.007  0.008  0.007  0.007  0.007  0.007
05:19:48 839.96   14.6   36.9   1612    3.5    166    6.7    29.3   0.1   0.82   4.58 7403.5     0.00   0.00    0.0  0.007  0.008  0.007  0.007  0.007  0.007
05:19:49 839.78   14.6   36.9   1614    3.5    167    6.7    29.3   0.1   0.82   4.58 7404.5     0.00   0.00    0.0  0.007  0.008  0.007  0.007  0.007  0.007
05:19:50 839.83   14.6   36.9   1613    3.5    166    6.7    29.3   0.0   0.82   4.57 7405.5     0.00   0.00    0.0  0.007  0.008  0.007  0.007  0.007  0.007
05:19:52 839.89   14.6   36.9   1613    3.5    166    6.7    29.3   0.1   0.82   4.58 7407.5     0.00   0.00    0.0  0.007  0.008  0.007  0.007  0.007  0.007
05:19:53 839.60   14.6   36.9   1616    3.5    166    6.7    29.3   0.1   0.82   4.58 7408.5     0.00   0.00    0.0  0.007  0.008  0.007  0.007  0.007  0.007
05:19:54 839.56   14.6   36.9   1616    3.5    166    6.7    29.3   0.1   0.82   4.58 7409.5     0.00   0.00    0.0  0.007  0.008  0.007  0.007  0.007  0.007
05:19:55 839.68   14.6   36.9   1615    3.5    166    6.7    29.3   0.1   0.82   4.58 7410.5     0.00   0.00    0.0  0.007  0.008  0.007  0.007  0.007  0.007
05:19:56 839.54   14.6   37.0   1616    3.4    166    6.7    29.3   0.0   0.82   4.57 7411.5     0.00   0.00    0.0  0.007  0.008  0.007  0.007  0.007  0.007
05:19:57 839.62   14.5   37.0   1615    3.5    166    6.7    29.3   0.0   0.82   4.57 7412.5     0.00   0.00    0.0  0.007  0.008  0.007  0.007  0.007  0.007
05:19:58 839.49   14.6   36.9   1617    3.5    166    6.7    29.3   0.1   0.82   4.58 7413.5     0.00   0.00    0.0  0.007  0.008  0.007  0.007  0.007  0.007
05:19:59 839.52   14.5   36.9   1616    3.5    166    6.7    29.3   0.0   0.82   4.56 7414.5     0.00   0.00    0.0  0.007  0.008  0.007  0.007  0.007  0.007
05:20:00 839.44   14.6   36.9   1617    3.5    166    6.7    29.3   0.0   0.82   4.57 7415.5     0.00   0.00    0.0  0.007  0.008  0.007  0.007  0.007  0.007
05:20:01 839.47   14.5   36.9   1617    3.4    166    6.7    29.3   0.0   0.82   4.56 7416.5     0.00   0.00    0.0  0.007  0.008  0.007  0.007  0.007  0.007
05:20:04 839.28   14.6   37.0   1619    3.5    166    6.7    29.3   0.0   0.82   4.58 7419.5     0.00   0.00    0.0  0.007  0.008  0.007  0.007  0.007  0.007
05:20:05 839.18   14.5   37.0   1620    3.5    166    6.7    29.3   0.0   0.82   4.57 7420.5     0.00   0.00    0.0  0.007  0.008  0.007  0.007  0.007  0.007
05:20:06 839.26   14.5   37.0   1619    3.5    166    6.7    29.3   0.0   0.82   4.56 7421.5     0.00   0.00    0.0  0.007  0.008  0.007  0.007  0.007  0.007
05:20:07 839.24   14.5   37.0   1619    3.5    166    6.7    29.3   0.0   0.82   4.57 7422.5     0.00   0.00    0.0  0.007  0.008  0.007  0.007  0.007  0.007
05:20:09 839.27   14.5   37.0   1619    3.5    166    6.7    29.3   0.0   0.82   4.57 7424.5     0.00   0.00    0.0  0.007  0.008  0.007  0.007  0.007  0.007
05:20:12 838.96   14.5   37.0   1622    3.5    166    6.7    29.3   0.0   0.82   4.57 7427.5     0.00   0.00    0.0  0.007  0.008  0.007  0.007  0.007  0.007
05:20:13 839.03   14.5   37.0   1621    3.5    166    6.7    29.3   0.0   0.82   4.57 7428.5     0.00   0.00    0.0  0.007  0.008  0.007  0.007  0.007  0.007
05:20:16 838.99   14.5   37.0   1622    3.5    166    6.7    29.3  -0.0   0.82   4.56 7431.5     0.00   0.00    0.0  0.007  0.008  0.007  0.007  0.007  0.007
05:20:19 838.71   14.5   37.1   1625    3.5    166    6.7    29.3  -0.0   0.82   4.56 7434.5     0.00   0.00    0.0  0.007  0.008  0.007  0.007  0.007  0.007
05:20:20 838.61   14.5   37.1   1626    3.5    165    6.7    29.3   0.0   0.82   4.57 7435.5     0.00   0.00    0.0  0.007  0.008  0.007  0.007  0.007  0.007
05:20:21 838.62   14.5   37.1   1625    3.5    165    6.7    29.3   0.0   0.82   4.57 7436.5     0.00   0.00    0.0  0.007  0.008  0.007  0.007  0.007  0.007
05:20:23 838.54   14.5   37.1   1626    3.5    165    6.7    29.3   0.0   0.82   4.58 7438.5     0.00   0.00    0.0  0.007  0.008  0.007  0.007  0.007  0.007
05:20:25 838.67   14.4   37.1   1625    3.6    165    6.7    29.3  -0.0   0.82   4.55 7440.5     0.00   0.00    0.0  0.007  0.008  0.008  0.007  0.007  0.007
05:20:26 838.66   14.5   37.1   1625    3.6    165    6.7    29.3  -0.0   0.82   4.56 7441.5     0.00   0.00    0.0  0.007  0.008  0.007  0.007  0.007  0.007
05:20:27 838.80   14.4   37.0   1624    3.6    165    6.7    29.2  -0.0   0.82   4.55 7442.5     0.00   0.00    0.0  0.007  0.008  0.007  0.007  0.007  0.007
05:20:28 838.46   14.4   37.0   1627    3.6    165    6.7    29.3  -0.0   0.82   4.55 7443.5     0.00   0.00    0.0  0.007  0.008  0.007  0.007  0.007  0.007
05:20:29 838.44   14.5   37.1   1627    3.6    165    6.7    29.3   0.0   0.82   4.58 7444.5     0.00   0.00    0.0  0.007  0.008  0.008  0.007  0.007  0.007
05:20:31 838.21   14.5   37.1   1630    3.6    164    6.7    29.3  -0.0   0.82   4.56 7446.5     0.00   0.00    0.0  0.007  0.008  0.007  0.007  0.007  0.007
05:20:32 838.31   14.4   37.1   1629    3.6    164    6.7    29.3  -0.0   0.82   4.57 7447.5     0.00   0.00    0.0  0.007  0.008  0.007  0.007  0.007  0.007
05:20:33 838.26   14.5   37.1   1629    3.6    165    6.7    29.4   0.0   0.82   4.57 7448.5     0.00   0.00    0.0  0.007  0.008  0.007  0.007  0.007  0.007
05:20:34 838.15   14.4   37.1   1630    3.6    165    6.7    29.3  -0.0   0.82   4.55 7449.5     0.00   0.00    0.0  0.007  0.008  0.007  0.007  0.007  0.007
05:20:35 838.17   14.5   37.1   1630    3.6    165    6.7    29.3   0.0   0.82   4.57 7450.5     0.00   0.00    0.0  0.007  0.008  0.007  0.007  0.007  0.007
05:20:36 838.35   14.5   37.1   1628    3.6    164    6.7    29.3   0.0   0.82   4.58 7451.5     0.00   0.00    0.0  0.007  0.008  0.007  0.007  0.007  0.007
05:20:37 838.46   14.4   37.1   1627    3.6    165    6.7    29.3  -0.0   0.82   4.56 7452.5     0.00   0.00    0.0  0.007  0.008  0.007  0.007  0.007  0.007
05:20:38 838.10   14.4   37.1   1631    3.5    165    6.7    29.3  -0.0   0.82   4.56 7453.5     0.00   0.00    0.0  0.007  0.008  0.007  0.007  0.007  0.007
05:20:39 838.04   14.4   37.1   1631    3.6    166    6.7    29.3  -0.0   0.82   4.57 7454.5     0.00   0.00    0.0  0.007  0.008  0.007  0.007  0.007  0.007
05:20:40 837.97   14.4   37.1   1632    3.5    165    6.7    29.3  -0.0   0.82   4.57 7455.5     0.00   0.00    0.0  0.007  0.008  0.007  0.007  0.007  0.007
05:20:41 838.04   14.4   37.2   1631    3.5    165    6.7    29.3   0.0   0.82   4.58 7456.5     0.00   0.00    0.0  0.007  0.008  0.007  0.007  0.007  0.007
05:20:46 837.95   14.4   37.2   1632    3.6    166    6.7    29.3  -0.0   0.82   4.56 7461.5     0.00   0.00    0.0  0.007  0.008  0.007  0.007  0.007  0.007
05:20:47 837.74   14.4   37.2   1634    3.6    165    6.7    29.3  -0.0   0.82   4.56 7462.5     0.00   0.00    0.0  0.007  0.008  0.007  0.007  0.007  0.007
05:20:48 837.93   14.4   37.1   1632    3.6    165    6.7    29.3  -0.0   0.82   4.55 7463.5     0.00   0.00    0.0  0.007  0.008  0.007  0.007  0.007  0.007
05:20:50 837.77   14.4   37.1   1634    3.6    165    6.7    29.3  -0.0   0.82   4.56 7465.5     0.00   0.00    0.0  0.007  0.008  0.007  0.007  0.007  0.007
05:20:51 837.87   14.4   37.1   1633    3.6    165    6.7    29.3  -0.1   0.82   4.54 7466.5     0.00   0.00    0.0  0.007  0.008  0.007  0.007  0.007  0.007
05:20:52 837.69   14.4   37.2   1635    3.6    165    6.7    29.3  -0.0   0.82   4.57 7467.5     0.00   0.00    0.0  0.007  0.008  0.007  0.007  0.007  0.007
05:20:54 837.55   14.4   37.2   1636    3.6    166    6.7    29.3  -0.0   0.82   4.56 7469.5     0.00   0.00    0.0  0.007  0.008  0.007  0.007  0.007  0.007
05:20:55 837.45   14.4   37.2   1637    3.6    165    6.7    29.3  -0.0   0.82   4.56 7470.5     0.00   0.00    0.0  0.007  0.008  0.007  0.007  0.007  0.007
05:20:56 837.55   14.4   37.2   1636    3.6    165    6.7    29.3  -0.0   0.82   4.56 7471.5     0.00   0.00    0.0  0.007  0.008  0.007  0.007  0.007  0.007
05:20:57 837.63   14.4   37.2   1635    3.6    164    6.7    29.3  -0.0   0.82   4.56 7472.4     0.00   0.00    0.0  0.007  0.008  0.007  0.007  0.007  0.007
05:20:59 837.55   14.4   37.2   1636    3.6    164    6.7    29.3  -0.0   0.82   4.56 7474.4     0.00   0.00    0.0  0.007  0.008  0.007  0.007  0.007  0.007
05:21:00 837.48   14.3   37.2   1637    3.6    163    6.7    29.3  -0.1   0.82   4.55 7475.4     0.00   0.00    0.0  0.007  0.008  0.007  0.007  0.007  0.007
05:21:01 837.50   14.4   37.2   1637    3.6    164    6.7    29.3  -0.0   0.82   4.57 7476.4     0.00   0.00    0.0  0.007  0.008  0.007  0.007  0.007  0.007
05:21:07 837.16   14.4   37.3   1640    3.6    165    6.7    29.3  -0.0   0.82   4.56 7482.4     0.00   0.00    0.0  0.007  0.008  0.007  0.007  0.007  0.007
05:21:08 837.37   14.3   37.3   1638    3.6    165    6.7    29.3  -0.0   0.82   4.56 7483.4     0.00   0.00    0.0  0.007  0.008  0.007  0.007  0.007  0.007
05:21:09 837.28   14.4   37.3   1639    3.6    165    6.7    29.3  -0.0   0.82   4.57 7484.4     0.00   0.00    0.0  0.007  0.008  0.007  0.007  0.007  0.007
05:21:10 837.27   14.4   37.3   1639    3.6    165    6.7    29.3  -0.0   0.82   4.56 7485.4     0.00   0.00    0.0  0.007  0.008  0.007  0.007  0.007  0.007
05:21:13 836.93   14.3   37.3   1643    3.5    163    6.7    29.3  -0.0   0.82   4.56 7488.4     0.00   0.00    0.0  0.007  0.008  0.007  0.007  0.007  0.007
05:21:16 836.80   14.3   37.3   1644    3.6    164    6.7    29.3  -0.0   0.82   4.56 7491.4     0.00   0.00    0.0  0.007  0.008  0.007  0.007  0.007  0.007
05:21:17 836.87   14.3   37.3   1643    3.6    164    6.7    29.3  -0.0   0.82   4.56 7492.4     0.00   0.00    0.0  0.007  0.008  0.007  0.007  0.007  0.007
05:21:18 836.99   14.3   37.3   1642    3.6    164    6.7    29.3  -0.1   0.82   4.55 7493.4     0.00   0.00    0.0  0.007  0.008  0.007  0.007  0.007  0.007
05:21:19 836.92   14.3   37.3   1643    3.6    165    6.7    29.3  -0.1   0.82   4.55 7494.4     0.00   0.00    0.0  0.007  0.008  0.007  0.007  0.007  0.007
05:21:20 836.72   14.3   37.3   1645    3.6    164    6.7    29.4  -0.0   0.82   4.57 7495.4     0.00   0.00    0.0  0.007  0.008  0.007  0.007  0.007  0.007
05:21:20 836.99   14.3   37.3   1642    3.6    164    6.7    29.3  -0.1   0.82   4.55 7496.4     0.00   0.00    0.0  0.007  0.008  0.007  0.007  0.007  0.007
05:21:23 836.81   14.3   37.4   1644    3.5    164    6.7    29.3  -0.0   0.82   4.56 7498.4     0.00   0.00    0.0  0.007  0.008  0.007  0.007  0.007  0.007
05:21:24 836.69   14.3   37.3   1645    3.6    164    6.7    29.3  -0.1   0.82   4.55 7499.4     0.00   0.00    0.0  0.007  0.008  0.007  0.007  0.007  0.007
05:21:31 836.39   14.2   37.4   1648    3.5    163    6.7    29.3  -0.1   0.82   4.55 7506.4     0.00   0.00    0.0  0.007  0.008  0.007  0.007  0.007  0.007
05:21:32 836.35   14.3   37.4   1648    3.6    163    6.7    29.3  -0.1   0.82   4.56 7507.4     0.00   0.00    0.0  0.007  0.008  0.007  0.007  0.007  0.007
05:21:33 836.33   14.3   37.4   1649    3.6    164    6.7    29.3  -0.0   0.82   4.56 7508.4     0.00   0.00    0.0  0.007  0.008  0.007  0.007  0.007  0.007
05:21:34 836.34   14.2   37.4   1648    3.6    163    6.7    29.2  -0.1   0.82   4.54 7509.4     0.00   0.00    0.0  0.007  0.008  0.007  0.007  0.007  0.007
05:21:35 836.25   14.3   37.4   1649    3.6    164    6.7    29.3  -0.1   0.82   4.56 7510.4     0.00   0.00    0.0  0.007  0.008  0.007  0.007  0.007  0.007
05:21:36 836.30   14.2   37.4   1649    3.6    164    6.7    29.3  -0.1   0.82   4.55 7511.4     0.00   0.00    0.0  0.007  0.008  0.007  0.007  0.007  0.007
05:21:38 836.35   14.2   37.4   1648    3.6    164    6.7    29.3  -0.1   0.82   4.55 7513.4     0.00   0.00    0.0  0.007  0.008  0.007  0.007  0.007  0.007
05:21:40 836.32   14.2   37.4   1649    3.5    164    6.6    29.3  -0.1   0.82   4.54 7515.4     0.00   0.00    0.0  0.007  0.008  0.007  0.007  0.007  0.007
05:21:44 836.29   14.2   37.5   1649    3.6    165    6.7    29.3  -0.1   0.82   4.56 7519.4     0.00   0.00    0.0  0.007  0.008  0.007  0.007  0.007  0.007
05:21:45 835.76   14.2   37.5   1654    3.5    165    6.6    29.3  -0.1   0.82   4.56 7520.4     0.00   0.00    0.0  0.007  0.008  0.007  0.007  0.007  0.007
05:21:46 835.73   14.2   37.5   1655    3.6    164    6.7    29.3  -0.1   0.82   4.55 7521.4     0.00   0.00    0.0  0.007  0.008  0.007  0.007  0.007  0.007
05:21:47 835.69   14.2   37.5   1655    3.5    164    6.6    29.3  -0.1   0.82   4.55 7522.4     0.00   0.00    0.0  0.007  0.008  0.007  0.007  0.007  0.007
05:21:48 835.87   14.2   37.5   1653    3.5    163    6.6    29.3  -0.1   0.82   4.56 7523.4     0.00   0.00    0.0  0.007  0.008  0.007  0.007  0.007  0.007
05:21:49 835.83   14.2   37.5   1654    3.5    164    6.6    29.3  -0.1   0.82   4.55 7524.4     0.00   0.00    0.0  0.007  0.008  0.007  0.007  0.007  0.007
05:21:50 835.75   14.2   37.5   1654    3.6    164    6.6    29.3  -0.1   0.82   4.55 7525.4     0.00   0.00    0.0  0.007  0.008  0.007  0.007  0.007  0.007
05:21:51 835.67   14.2   37.5   1655    3.6    164    6.6    29.3  -0.1   0.82   4.54 7526.4     0.00   0.00    0.0  0.007  0.008  0.007  0.007  0.007  0.007
05:21:52 835.63   14.2   37.5   1656    3.6    164    6.6    29.3  -0.1   0.82   4.54 7528.4     0.00   0.00    0.0  0.007  0.008  0.007  0.007  0.007  0.007
05:21:54 835.48   14.2   37.5   1657    3.5    164    6.6    29.3  -0.1   0.82   4.55 7529.4     0.00   0.00    0.0  0.007  0.008  0.007  0.007  0.007  0.007
05:21:55 835.49   14.2   37.5   1657    3.5    163    6.6    29.3  -0.1   0.82   4.55 7530.4     0.00   0.00    0.0  0.007  0.008  0.007  0.007  0.007  0.007
05:21:56 835.41   14.2   37.6   1658    3.6    163    6.6    29.3  -0.1   0.82   4.55 7531.4     0.00   0.00    0.0  0.007  0.008  0.007  0.007  0.007  0.007
05:21:57 835.46   14.2   37.6   1657    3.6    163    6.6    29.3  -0.1   0.82   4.55 7532.4     0.00   0.00    0.0  0.007  0.008  0.007  0.007  0.007  0.007
05:22:00 835.39   14.2   37.6   1658    3.6    163    6.6    29.3  -0.1   0.82   4.55 7535.4     0.00   0.00    0.0  0.007  0.008  0.007  0.007  0.007  0.007
05:22:01 835.55   14.2   37.5   1656    3.5    163    6.6    29.3  -0.1   0.82   4.55 7536.4     0.00   0.00    0.0  0.007  0.008  0.007  0.007  0.007  0.007
05:22:02 835.56   14.2   37.5   1656    3.6    162    6.6    29.3  -0.1   0.82   4.55 7537.4     0.00   0.00    0.0  0.007  0.008  0.007  0.007  0.007  0.007
05:22:03 835.51   14.2   37.5   1657    3.6    163    6.6    29.3  -0.1   0.82   4.55 7538.4     0.00   0.00    0.0  0.007  0.008  0.007  0.007  0.007  0.007
05:22:04 835.36   14.1   37.6   1658    3.5    163    6.6    29.3  -0.1   0.82   4.54 7539.4     0.00   0.00    0.0  0.007  0.008  0.007  0.007  0.007  0.007
05:22:06 835.38   14.2   37.6   1658    3.6    163    6.6    29.3  -0.1   0.82   4.56 7541.4     0.00   0.00    0.0  0.007  0.008  0.007  0.007  0.007  0.007
05:22:07 835.15   14.2   37.6   1660    3.6    163    6.6    29.3  -0.1   0.82   4.56 7542.4     0.00   0.00    0.0  0.007  0.008  0.007  0.007  0.007  0.007
05:22:09 835.23   14.1   37.6   1660    3.6    164    6.6    29.3  -0.1   0.82   4.54 7544.4     0.00   0.00    0.0  0.007  0.008  0.007  0.007  0.007  0.007
05:22:10 835.27   14.1   37.6   1659    3.6    164    6.6    29.3  -0.1   0.82   4.54 7545.4     0.00   0.00    0.0  0.007  0.008  0.007  0.007  0.007  0.007
05:22:11 835.12   14.1   37.6   1661    3.5    163    6.6    29.3  -0.1   0.82   4.54 7547.4     0.00   0.00    0.0  0.007  0.008  0.007  0.007  0.007  0.007
05:22:12 835.07   14.1   37.6   1661    3.6    164    6.6    29.3  -0.1   0.82   4.53 7548.4     0.00   0.00    0.0  0.007  0.008  0.007  0.007  0.007  0.007
05:22:13 835.11   14.1   37.6   1661    3.6    163    6.6    29.3  -0.1   0.82   4.55 7549.4     0.00   0.00    0.0  0.007  0.008  0.007  0.007  0.007  0.007
05:22:15 835.00   14.1   37.6   1662    3.6    163    6.6    29.3  -0.1   0.82   4.53 7551.4     0.00   0.00    0.0  0.007  0.008  0.007  0.007  0.007  0.007
05:22:18 834.84   14.1   37.6   1664    3.5    163    6.6    29.3  -0.1   0.82   4.55 7554.4     0.00   0.00    0.0  0.007  0.008  0.007  0.007  0.007  0.007
05:22:19 834.54   14.1   37.7   1667    3.5    162    6.6    29.3  -0.1   0.82   4.55 7555.4     0.00   0.00    0.0  0.007  0.008  0.007  0.007  0.007  0.007
05:22:20 834.67   14.1   37.7   1665    3.5    163    6.6    29.3  -0.1   0.82   4.55 7556.4     0.00   0.00    0.0  0.007  0.008  0.007  0.007  0.007  0.007
05:22:21 834.85   14.1   37.6   1664    3.5    163    6.6    29.3  -0.1   0.82   4.55 7557.4     0.00   0.00    0.0  0.007  0.008  0.007  0.007  0.007  0.007
05:22:26 834.70   14.1   37.7   1665    3.6    162    6.6    29.3  -0.1   0.82   4.55 7562.4     0.00   0.00    0.0  0.007  0.008  0.007  0.007  0.007  0.007
05:22:30 834.27   14.1   37.7   1669    3.6    162    6.6    29.3  -0.1   0.82   4.55 7566.4     0.00   0.00    0.0  0.007  0.008  0.007  0.007  0.007  0.007
05:22:31 834.53   14.0   37.7   1667    3.6    162    6.6    29.3  -0.1   0.82   4.54 7567.4     0.00   0.00    0.0  0.007  0.008  0.007  0.007  0.007  0.007
05:22:32 834.42   14.1   37.7   1668    3.6    162    6.6    29.3  -0.1   0.82   4.55 7568.4     0.00   0.00    0.0  0.007  0.008  0.007  0.007  0.007  0.007
05:22:33 834.27   14.1   37.7   1669    3.6    163    6.6    29.3  -0.1   0.82   4.54 7569.4     0.00   0.00    0.0  0.007  0.008  0.007  0.007  0.007  0.007
05:22:36 834.16   14.1   37.7   1671    3.5    164    6.6    29.4  -0.1   0.82   4.55 7572.4     0.00   0.00    0.0  0.007  0.008  0.007  0.007  0.007  0.007
05:22:37 834.41   14.1   37.7   1668    3.6    163    6.6    29.3  -0.1   0.82   4.56 7573.3     0.00   0.00    0.0  0.007  0.008  0.007  0.007  0.007  0.007
05:22:39 834.07   14.1   37.8   1671    3.6    163    6.6    29.3  -0.1   0.82   4.55 7575.3     0.00   0.00    0.0  0.007  0.008  0.007  0.007  0.007  0.007
05:22:40 834.14   14.0   37.8   1671    3.5    163    6.6    29.3  -0.1   0.82   4.55 7576.3     0.00   0.00    0.0  0.007  0.008  0.007  0.007  0.007  0.007
05:22:41 834.00   14.1   37.8   1672    3.6    163    6.6    29.4  -0.1   0.82   4.57 7577.3     0.00   0.00    0.0  0.007  0.008  0.007  0.007  0.007  0.007
05:22:42 834.14   14.0   37.7   1671    3.6    163    6.6    29.3  -0.2   0.82   4.53 7578.3     0.00   0.00    0.0  0.007  0.008  0.007  0.007  0.007  0.007
05:22:43 834.17   14.1   37.7   1670    3.5    163    6.6    29.3  -0.1   0.82   4.55 7579.3     0.00   0.00    0.0  0.007  0.008  0.007  0.007  0.007  0.007
05:22:45 834.02   14.1   37.8   1672    3.5    163    6.6    29.3  -0.1   0.82   4.56 7581.3     0.00   0.00    0.0  0.007  0.008  0.007  0.007  0.007  0.007
05:22:46 833.83   14.0   37.8   1674    3.6    162    6.6    29.3  -0.1   0.82   4.55 7582.3     0.00   0.00    0.0  0.007  0.008  0.007  0.007  0.007  0.007
05:22:47 833.85   14.1   37.8   1674    3.5    163    6.6    29.4  -0.1   0.82   4.55 7583.3     0.00   0.00    0.0  0.007  0.008  0.007  0.007  0.007  0.007
05:22:48 833.76   14.0   37.8   1674    3.6    163    6.6    29.3  -0.1   0.82   4.54 7584.3     0.00   0.00    0.0  0.007  0.008  0.007  0.007  0.007  0.007
05:22:49 833.74   14.0   37.8   1675    3.6    163    6.6    29.3  -0.1   0.82   4.55 7585.3     0.00   0.00    0.0  0.007  0.008  0.007  0.007  0.007  0.007
05:22:50 833.71   14.0   37.8   1675    3.5    163    6.6    29.4  -0.1   0.82   4.55 7586.3     0.00   0.00    0.0  0.007  0.008  0.007  0.007  0.007  0.007
05:22:51 833.65   14.0   37.9   1676    3.6    163    6.6    29.3  -0.1   0.82   4.55 7587.3     0.00   0.00    0.0  0.007  0.008  0.007  0.007  0.007  0.007
05:22:53 833.66   14.0   37.8   1676    3.6    162    6.6    29.3  -0.1   0.82   4.55 7589.3     0.00   0.00    0.0  0.007  0.008  0.007  0.007  0.007  0.007
05:22:56 833.71   14.0   37.8   1675    3.6    162    6.6    29.3  -0.2   0.82   4.53 7592.3     0.00   0.00    0.0  0.007  0.008  0.007  0.007  0.007  0.007
05:22:57 833.75   14.0   37.8   1675    3.6    163    6.6    29.3  -0.2   0.82   4.53 7593.3     0.00   0.00    0.0  0.007  0.008  0.007  0.007  0.007  0.007
05:22:59 833.67   14.0   37.8   1675    3.6    162    6.6    29.3  -0.1   0.82   4.54 7595.3     0.00   0.00    0.0  0.007  0.008  0.007  0.007  0.007  0.007
05:23:00 833.42   14.0   37.9   1678    3.6    162    6.6    29.4  -0.1   0.82   4.56 7596.3     0.00   0.00    0.0  0.007  0.008  0.007  0.007  0.007  0.007
05:23:01 833.57   14.0   37.8   1676    3.6    163    6.6    29.3  -0.1   0.82   4.55 7597.3     0.00   0.00    0.0  0.007  0.008  0.007  0.007  0.007  0.007
05:23:02 833.44   14.0   37.9   1678    3.6    162    6.6    29.3  -0.2   0.82   4.54 7598.3     0.00   0.00    0.0  0.007  0.008  0.007  0.007  0.007  0.007
05:23:03 833.18   14.0   37.9   1680    3.6    162    6.6    29.3  -0.1   0.82   4.54 7599.3     0.00   0.00    0.0  0.007  0.008  0.007  0.007  0.007  0.007
05:23:04 833.43   13.9   37.9   1678    3.6    162    6.6    29.3  -0.2   0.82   4.53 7600.3     0.00   0.00    0.0  0.007  0.008  0.007  0.007  0.007  0.007
05:23:05 833.41   14.0   37.9   1678    3.6    162    6.6    29.3  -0.2   0.82   4.53 7601.3     0.00   0.00    0.0  0.007  0.008  0.007  0.007  0.007  0.007
05:23:06 833.37   14.0   37.9   1678    3.6    162    6.6    29.3  -0.2   0.82   4.53 7602.3     0.00   0.00    0.0  0.007  0.008  0.007  0.007  0.007  0.007
05:23:07 833.47   14.0   37.9   1677    3.6    162    6.6    29.3  -0.1   0.82   4.54 7603.3     0.00   0.00    0.0  0.007  0.008  0.007  0.007  0.007  0.007
05:23:10 833.09   14.0   37.9   1681    3.6    162    6.6    29.3  -0.1   0.82   4.54 7606.3     0.00   0.00    0.0  0.007  0.008  0.007  0.007  0.007  0.007
05:23:11 832.94   13.9   37.9   1683    3.5    162    6.6    29.3  -0.2   0.82   4.54 7607.3     0.00   0.00    0.0  0.007  0.008  0.007  0.007  0.007  0.007
05:23:12 833.10   13.9   37.9   1681    3.5    162    6.6    29.3  -0.2   0.82   4.53 7608.3     0.00   0.00    0.0  0.007  0.008  0.007  0.007  0.007  0.007
05:23:13 832.97   13.9   37.9   1683    3.6    162    6.6    29.3  -0.2   0.82   4.54 7609.3     0.00   0.00    0.0  0.007  0.008  0.007  0.007  0.007  0.007
05:23:14 832.92   13.9   37.9   1683    3.6    161    6.6    29.3  -0.2   0.82   4.54 7610.3     0.00   0.00    0.0  0.007  0.008  0.007  0.007  0.007  0.007
05:23:15 832.88   13.9   37.9   1683    3.6    161    6.6    29.3  -0.2   0.82   4.53 7611.3     0.00   0.00    0.0  0.007  0.008  0.007  0.007  0.007  0.007
05:23:16 832.95   13.9   38.0   1683    3.5    162    6.6    29.3  -0.2   0.82   4.54 7612.3     0.00   0.00    0.0  0.007  0.008  0.007  0.007  0.007  0.007
05:23:17 832.91   14.0   37.9   1683    3.6    162    6.6    29.4  -0.1   0.82   4.55 7613.3     0.00   0.00    0.0  0.007  0.008  0.007  0.007  0.007  0.007
05:23:19 833.01   13.9   37.9   1682    3.6    162    6.6    29.3  -0.2   0.82   4.54 7615.3     0.00   0.00    0.0  0.007  0.008  0.007  0.007  0.007  0.007
05:23:20 832.92   13.9   38.0   1683    3.6    162    6.6    29.3  -0.2   0.82   4.53 7616.3     0.00   0.00    0.0  0.007  0.008  0.007  0.007  0.007  0.007
05:23:22 832.82   13.9   38.0   1684    3.6    162    6.6    29.3  -0.2   0.82   4.53 7618.3     0.00   0.00    0.0  0.007  0.008  0.007  0.007  0.007  0.007
05:23:23 832.92   14.0   38.0   1683    3.5    162    6.6    29.4  -0.1   0.82   4.55 7619.3     0.00   0.00    0.0  0.007  0.008  0.007  0.007  0.007  0.007
05:23:24 832.91   13.9   38.0   1683    3.5    163    6.6    29.3  -0.1   0.82   4.54 7620.3     0.00   0.00    0.0  0.007  0.008  0.007  0.007  0.007  0.007
05:23:25 832.65   13.9   38.0   1686    3.5    162    6.6    29.3  -0.2   0.82   4.54 7621.3     0.00   0.00    0.0  0.007  0.008  0.007  0.007  0.007  0.007
05:23:26 832.78   13.9   38.0   1684    3.5    163    6.6    29.3  -0.2   0.82   4.54 7622.3     0.00   0.00    0.0  0.007  0.008  0.007  0.007  0.007  0.007
05:23:27 832.60   13.9   38.0   1686    3.5    163    6.6    29.3  -0.2   0.82   4.53 7623.3     0.00   0.00    0.0  0.007  0.008  0.007  0.007  0.007  0.007
05:23:28 832.73   13.9   38.0   1685    3.6    162    6.6    29.3  -0.2   0.82   4.53 7624.3     0.00   0.00    0.0  0.007  0.008  0.007  0.007  0.007  0.007
05:23:30 832.51   13.9   38.0   1687    3.5    163    6.6    29.4  -0.1   0.82   4.55 7626.3     0.00   0.00    0.0  0.007  0.008  0.007  0.007  0.007  0.007
05:23:31 832.47   13.9   38.0   1688    3.6    163    6.6    29.3  -0.2   0.82   4.54 7627.3     0.00   0.00    0.0  0.007  0.008  0.007  0.007  0.007  0.007
05:23:32 832.41   13.9   38.0   1688    3.5    163    6.6    29.3  -0.2   0.82   4.53 7628.3     0.00   0.00    0.0  0.007  0.008  0.008  0.007  0.007  0.007
05:23:33 832.60   13.9   38.0   1686    3.5    162    6.6    29.3  -0.2   0.82   4.53 7629.3     0.00   0.00    0.0  0.007  0.008  0.007  0.007  0.007  0.007
05:23:34 832.16   13.9   38.0   1691    3.6    163    6.6    29.4  -0.2   0.82   4.54 7630.3     0.00   0.00    0.0  0.007  0.008  0.007  0.007  0.007  0.007
05:23:35 832.15   13.9   38.0   1691    3.6    163    6.6    29.3  -0.2   0.82   4.53 7631.3     0.00   0.00    0.0  0.007  0.008  0.007  0.007  0.007  0.007
05:23:36 832.25   13.9   38.0   1690    3.5    163    6.6    29.4  -0.1   0.82   4.55 7632.3     0.00   0.00    0.0  0.007  0.008  0.007  0.007  0.007  0.007
05:23:37 832.25   13.9   38.0   1690    3.5    163    6.6    29.4  -0.1   0.82   4.54 7633.3     0.00   0.00    0.0  0.007  0.008  0.007  0.007  0.007  0.007
05:23:38 832.32   13.9   38.0   1689    3.5    163    6.6    29.3  -0.2   0.82   4.54 7634.3     0.00   0.00    0.0  0.007  0.008  0.007  0.007  0.007  0.007
05:23:39 832.15   13.8   38.0   1691    3.5    163    6.6    29.3  -0.2   0.82   4.53 7635.3     0.00   0.00    0.0  0.007  0.008  0.007  0.007  0.007  0.007
05:23:41 832.07   13.8   38.0   1692    3.5    163    6.6    29.3  -0.2   0.82   4.53 7637.3     0.00   0.00    0.0  0.007  0.008  0.007  0.007  0.007  0.007
05:23:42 832.25   13.9   38.0   1690    3.5    163    6.6    29.3  -0.2   0.82   4.53 7638.3     0.00   0.00    0.0  0.007  0.008  0.007  0.007  0.007  0.007
05:23:43 831.97   13.9   38.0   1693    3.5    162    6.6    29.4  -0.2   0.82   4.54 7639.3     0.00   0.00    0.0  0.007  0.008  0.007  0.007  0.007  0.007
05:23:46 831.94   13.9   38.1   1693    3.5    162    6.6    29.4  -0.2   0.82   4.54 7642.3     0.00   0.00    0.0  0.007  0.008  0.007  0.007  0.007  0.007
05:23:47 832.15   13.8   38.1   1691    3.5    162    6.6    29.3  -0.2   0.82   4.52 7643.3     0.00   0.00    0.0  0.007  0.008  0.007  0.007  0.007  0.007
05:23:49 831.76   13.8   38.1   1695    3.5    162    6.6    29.3  -0.2   0.82   4.53 7645.3     0.00   0.00    0.0  0.007  0.008  0.007  0.007  0.007  0.007
05:23:50 831.75   13.8   38.1   1695    3.5    163    6.6    29.3  -0.2   0.82   4.53 7646.3     0.00   0.00    0.0  0.007  0.008  0.007  0.007  0.007  0.007
05:23:52 831.66   13.8   38.1   1696    3.5    162    6.6    29.3  -0.2   0.82   4.53 7648.3     0.00   0.00    0.0  0.007  0.008  0.007  0.007  0.007  0.007
05:23:53 831.56   13.8   38.1   1697    3.5    162    6.6    29.3  -0.2   0.82   4.52 7649.3     0.00   0.00    0.0  0.007  0.008  0.007  0.007  0.007  0.007
05:23:56 831.59   13.8   38.1   1696    3.5    162    6.6    29.4  -0.2   0.82   4.55 7652.3     0.00   0.00    0.0  0.007  0.008  0.007  0.007  0.007  0.007
05:23:57 831.54   13.8   38.1   1697    3.6    162    6.6    29.4  -0.2   0.82   4.54 7653.3     0.00   0.00    0.0  0.007  0.008  0.008  0.007  0.007  0.007
05:24:01 831.39   13.8   38.2   1699    3.6    162    6.6    29.3  -0.2   0.82   4.54 7657.3     0.00   0.00    0.0  0.007  0.008  0.007  0.007  0.007  0.007
05:24:02 831.53   13.8   38.2   1697    3.6    163    6.6    29.3  -0.2   0.82   4.53 7658.3     0.00   0.00    0.0  0.007  0.008  0.007  0.007  0.007  0.007
05:24:03 831.26   13.8   38.2   1700    3.6    162    6.6    29.3  -0.2   0.82   4.54 7659.3     0.00   0.00    0.0  0.007  0.008  0.007  0.007  0.007  0.007
05:24:04 831.23   13.8   38.2   1700    3.6    162    6.6    29.4  -0.2   0.82   4.54 7660.3     0.00   0.00    0.0  0.007  0.008  0.007  0.007  0.007  0.007
05:24:05 831.26   13.8   38.2   1700    3.5    162    6.6    29.3  -0.2   0.82   4.53 7661.3     0.00   0.00    0.0  0.007  0.008  0.007  0.007  0.007  0.007
05:24:10 831.01   13.8   38.2   1702    3.5    162    6.6    29.4  -0.2   0.82   4.53 7666.3     0.00   0.00    0.0  0.007  0.008  0.007  0.007  0.007  0.007
05:24:11 831.23   13.7   38.2   1700    3.5    162    6.6    29.3  -0.2   0.82   4.52 7667.3     0.00   0.00    0.0  0.007  0.008  0.007  0.007  0.007  0.007
05:24:12 831.11   13.8   38.2   1701    3.5    162    6.6    29.3  -0.2   0.82   4.52 7668.3     0.00   0.00    0.0  0.007  0.008  0.007  0.007  0.007  0.007
05:24:13 831.10   13.8   38.2   1701    3.5    162    6.6    29.4  -0.2   0.82   4.54 7669.3     0.00   0.00    0.0  0.007  0.008  0.007  0.007  0.007  0.007
05:24:14 830.97   13.8   38.2   1703    3.5    162    6.6    29.4  -0.2   0.82   4.53 7670.3     0.00   0.00    0.0  0.007  0.008  0.007  0.007  0.007  0.007
05:24:15 830.93   13.8   38.2   1703    3.5    162    6.6    29.4  -0.2   0.82   4.53 7671.3     0.00   0.00    0.0  0.007  0.008  0.007  0.007  0.007  0.007
05:24:16 830.91   13.7   38.3   1703    3.5    162    6.6    29.3  -0.2   0.82   4.53 7672.3     0.00   0.00    0.0  0.007  0.008  0.007  0.007  0.007  0.007
05:24:17 830.80   13.7   38.2   1705    3.5    162    6.6    29.3  -0.2   0.82   4.52 7673.3     0.00   0.00    0.0  0.007  0.008  0.007  0.007  0.007  0.007
05:24:18 830.95   13.7   38.3   1703    3.5    162    6.6    29.3  -0.2   0.82   4.52 7674.2     0.00   0.00    0.0  0.007  0.008  0.007  0.007  0.007  0.007
05:24:20 830.81   13.8   38.2   1704    3.5    162    6.6    29.4  -0.2   0.82   4.53 7676.2     0.00   0.00    0.0  0.007  0.008  0.007  0.007  0.007  0.007
05:24:21 830.95   13.7   38.3   1703    3.5    162    6.6    29.3  -0.2   0.82   4.52 7677.2     0.00   0.00    0.0  0.007  0.008  0.007  0.007  0.007  0.007
05:24:23 830.74   13.8   38.3   1705    3.6    162    6.6    29.4  -0.2   0.82   4.54 7679.2     0.00   0.00    0.0  0.007  0.008  0.007  0.007  0.007  0.007
05:24:24 830.56   13.7   38.3   1707    3.5    162    6.6    29.3  -0.2   0.82   4.53 7680.2     0.00   0.00    0.0  0.007  0.008  0.007  0.007  0.007  0.007
05:24:25 830.82   13.7   38.3   1704    3.5    162    6.6    29.3  -0.2   0.82   4.53 7681.2     0.00   0.00    0.0  0.007  0.008  0.007  0.007  0.007  0.007
05:24:26 830.70   13.7   38.3   1705    3.5    162    6.6    29.3  -0.2   0.82   4.53 7682.2     0.00   0.00    0.0  0.007  0.008  0.007  0.007  0.007  0.007
05:24:28 830.83   13.7   38.3   1704    3.5    161    6.6    29.3  -0.2   0.82   4.54 7684.2     0.00   0.00    0.0  0.007  0.008  0.007  0.007  0.007  0.007
05:24:29 830.48   13.7   38.3   1708    3.5    162    6.6    29.3  -0.2   0.82   4.53 7685.2     0.00   0.00    0.0  0.007  0.008  0.007  0.007  0.007  0.007
05:24:30 830.53   13.7   38.3   1707    3.5    162    6.6    29.3  -0.2   0.82   4.53 7686.2     0.00   0.00    0.0  0.007  0.008  0.007  0.007  0.007  0.007
05:24:31 830.46   13.7   38.3   1708    3.5    163    6.6    29.4  -0.2   0.82   4.54 7687.2     0.00   0.00    0.0  0.007  0.008  0.007  0.007  0.007  0.007
05:24:32 830.66   13.7   38.3   1706    3.5    162    6.6    29.3  -0.2   0.82   4.53 7688.2     0.00   0.00    0.0  0.007  0.008  0.007  0.007  0.007  0.007
05:24:34 830.34   13.7   38.4   1709    3.5    163    6.6    29.4  -0.2   0.82   4.54 7690.2     0.00   0.00    0.0  0.007  0.008  0.007  0.007  0.007  0.007
05:24:35 830.34   13.7   38.4   1709    3.5    162    6.6    29.4  -0.2   0.82   4.54 7691.2     0.00   0.00    0.0  0.007  0.008  0.007  0.007  0.007  0.007
05:24:37 830.32   13.7   38.3   1709    3.5    162    6.6    29.3  -0.2   0.82   4.53 7693.2     0.00   0.00    0.0  0.007  0.008  0.007  0.007  0.007  0.007
05:24:38 830.31   13.7   38.4   1709    3.5    162    6.6    29.3  -0.2   0.82   4.53 7694.2     0.00   0.00    0.0  0.007  0.008  0.007  0.007  0.007  0.007
05:24:40 830.38   13.6   38.4   1709    3.5    162    6.6    29.3  -0.3   0.82   4.51 7696.2     0.00   0.00    0.0  0.007  0.008  0.007  0.007  0.007  0.007
05:24:41 830.11   13.7   38.4   1711    3.5    162    6.6    29.3  -0.2   0.82   4.52 7697.2     0.00   0.00    0.0  0.007  0.008  0.007  0.007  0.007  0.007
05:24:44 829.93   13.7   38.4   1713    3.5    163    6.6    29.4  -0.2   0.82   4.53 7700.2     0.00   0.00    0.0  0.007  0.008  0.007  0.007  0.007  0.007
05:24:45 830.06   13.7   38.4   1712    3.5    163    6.6    29.4  -0.2   0.82   4.53 7701.2     0.00   0.00    0.0  0.007  0.008  0.007  0.007  0.007  0.007
05:24:46 830.09   13.6   38.4   1712    3.5    163    6.6    29.3  -0.3   0.82   4.51 7702.2     0.00   0.00    0.0  0.007  0.008  0.007  0.007  0.007  0.007
05:24:47 829.80   13.6   38.4   1715    3.5    164    6.6    29.3  -0.3   0.82   4.51 7703.2     0.00   0.00    0.0  0.007  0.008  0.007  0.007  0.007  0.007
05:24:48 829.87   13.6   38.4   1714    3.5    163    6.6    29.3  -0.2   0.82   4.52 7704.2     0.00   0.00    0.0  0.007  0.008  0.007  0.007  0.007  0.007
05:24:49 829.74   13.7   38.5   1715    3.5    163    6.6    29.4  -0.2   0.82   4.54 7705.2     0.00   0.00    0.0  0.007  0.008  0.007  0.007  0.007  0.007
05:24:50 829.70   13.6   38.5   1716    3.5    162    6.6    29.4  -0.2   0.82   4.53 7706.2     0.00   0.00    0.0  0.007  0.008  0.007  0.007  0.007  0.007
05:24:51 829.81   13.6   38.5   1714    3.5    162    6.6    29.3  -0.2   0.82   4.52 7707.2     0.00   0.00    0.0  0.007  0.008  0.007  0.007  0.007  0.007
05:24:52 829.73   13.7   38.4   1715    3.5    162    6.6    29.4  -0.2   0.82   4.53 7708.2     0.00   0.00    0.0  0.007  0.008  0.007  0.007  0.007  0.007
05:24:53 829.78   13.6   38.4   1715    3.5    162    6.6    29.3  -0.2   0.82   4.52 7709.2     0.00   0.00    0.0  0.007  0.008  0.007  0.007  0.007  0.007
05:24:56 829.53   13.7   38.5   1717    3.5    163    6.6    29.4  -0.2   0.82   4.54 7712.2     0.00   0.00    0.0  0.007  0.008  0.007  0.007  0.007  0.007
05:24:58 829.55   13.6   38.5   1717    3.5    162    6.6    29.4  -0.2   0.82   4.53 7714.2     0.00   0.00    0.0  0.007  0.008  0.007  0.007  0.007  0.007
05:24:59 829.63   13.6   38.5   1716    3.5    162    6.6    29.4  -0.2   0.82   4.54 7715.2     0.00   0.00    0.0  0.007  0.008  0.007  0.007  0.007  0.007
05:25:00 829.50   13.6   38.5   1718    3.5    162    6.6    29.4  -0.2   0.82   4.54 7716.2     0.00   0.00    0.0  0.007  0.008  0.007  0.007  0.007  0.007
05:25:02 829.62   13.6   38.5   1716    3.5    161    6.6    29.3  -0.2   0.82   4.52 7718.2     0.00   0.00    0.0  0.007  0.008  0.007  0.007  0.007  0.007
05:25:03 829.63   13.6   38.5   1716    3.5    161    6.6    29.3  -0.3   0.82   4.51 7719.2     0.00   0.00    0.0  0.007  0.008  0.007  0.007  0.007  0.007
05:25:05 829.31   13.6   38.5   1720    3.5    161    6.6    29.3  -0.3   0.82   4.52 7721.2     0.00   0.00    0.0  0.007  0.008  0.007  0.007  0.007  0.007
05:25:06 829.30   13.6   38.6   1720    3.5    161    6.6    29.4  -0.2   0.82   4.53 7722.2     0.00   0.00    0.0  0.007  0.008  0.007  0.007  0.007  0.007
05:25:07 829.28   13.6   38.5   1720    3.5    161    6.6    29.3  -0.2   0.82   4.53 7723.2     0.00   0.00    0.0  0.007  0.008  0.007  0.007  0.007  0.007
05:25:08 829.23   13.6   38.6   1720    3.5    161    6.6    29.4  -0.2   0.82   4.54 7724.2     0.00   0.00    0.0  0.007  0.008  0.007  0.007  0.007  0.007
05:25:10 829.25   13.6   38.6   1720    3.5    157    6.6    29.4  -0.2   0.82   4.53 7726.2     0.00   0.00    0.0  0.007  0.008  0.007  0.007  0.007  0.007
05:25:11 829.16   13.6   38.6   1721    3.6    158    6.6    29.4  -0.2   0.82   4.53 7727.2     0.00   0.00    0.0  0.007  0.008  0.007  0.007  0.007  0.007
05:25:12 829.33   13.6   38.5   1719    3.6    158    6.6    29.3  -0.2   0.82   4.52 7728.2     0.00   0.00    0.0  0.007  0.008  0.007  0.007  0.007  0.007
05:25:14 829.29   13.6   38.6   1720    3.8    160    6.6    29.3  -0.2   0.82   4.53 7730.2     0.00   0.00    0.0  0.007  0.008  0.007  0.007  0.007  0.007
05:25:16 829.00   13.6   38.6   1723    3.9    158    6.6    29.4  -0.2   0.82   4.53 7732.2     0.00   0.00    0.0  0.007  0.008  0.007  0.007  0.007  0.007
05:25:18 829.38   13.6   38.6   1719    4.0    159    6.6    29.3  -0.2   0.82   4.53 7734.2     0.00   0.00    0.0  0.007  0.008  0.007  0.007  0.007  0.007
05:25:19 829.25   13.6   38.6   1720    4.1    157    6.6    29.3  -0.3   0.82   4.51 7735.2     0.00   0.00    0.0  0.007  0.008  0.007  0.007  0.007  0.007
05:25:20 829.06   13.6   38.6   1722    4.1    159    6.6    29.4  -0.2   0.82   4.52 7736.2     0.00   0.00    0.0  0.007  0.008  0.007  0.007  0.007  0.007
05:25:21 829.03   13.6   38.5   1722    4.2    158    6.6    29.3  -0.3   0.82   4.51 7737.2     0.00   0.00    0.0  0.007  0.008  0.007  0.007  0.007  0.007
05:25:22 829.21   13.6   38.6   1721    4.3    158    6.6    29.3  -0.2   0.82   4.52 7738.2     0.00   0.00    0.0  0.007  0.008  0.007  0.007  0.007  0.007
05:25:23 829.09   13.5   38.6   1722    4.4    158    6.6    29.3  -0.3   0.82   4.51 7739.2     0.00   0.00    0.0  0.007  0.008  0.007  0.007  0.007  0.007
05:25:24 829.13   13.6   38.5   1721    4.4    157    6.6    29.3  -0.3   0.82   4.51 7740.2     0.00   0.00    0.0  0.007  0.008  0.007  0.007  0.007  0.007
05:25:25 829.21   13.5   38.6   1721    4.5    158    6.6    29.3  -0.3   0.82   4.51 7741.2     0.00   0.00    0.0  0.007  0.008  0.007  0.007  0.007  0.007
05:25:26 829.14   13.6   38.6   1721    4.6    158    6.6    29.4  -0.2   0.82   4.53 7742.2     0.00   0.00    0.0  0.007  0.008  0.007  0.007  0.007  0.007
05:25:27 829.21   13.6   38.5   1721    4.6    158    6.6    29.4  -0.3   0.82   4.52 7743.2     0.00   0.00    0.0  0.007  0.008  0.007  0.007  0.007  0.007
05:25:29 829.34   13.6   38.5   1719    4.7    158    6.6    29.3  -0.3   0.82   4.52 7745.2     0.00   0.00    0.0  0.007  0.008  0.007  0.007  0.007  0.007
05:25:31 829.66   13.6   38.5   1716    4.7    158    6.6    29.3  -0.3   0.82   4.51 7747.2     0.00   0.00    0.0  0.007  0.008  0.007  0.007  0.007  0.007
05:25:32 829.69   13.6   38.5   1716    4.7    158    6.6    29.3  -0.2   0.82   4.53 7748.2     0.00   0.00    0.0  0.007  0.008  0.007  0.007  0.007  0.007
05:25:33 829.43   13.6   38.5   1718    4.6    158    6.6    29.3  -0.3   0.82   4.51 7749.2     0.00   0.00    0.0  0.007  0.008  0.007  0.007  0.007  0.007
05:25:34 829.39   13.6   38.5   1719    4.6    157    6.6    29.3  -0.3   0.82   4.51 7750.2     0.00   0.00    0.0  0.007  0.008  0.007  0.007  0.007  0.007
05:25:35 829.35   13.6   38.5   1719    4.6    158    6.6    29.3  -0.3   0.82   4.52 7751.2     0.00   0.00    0.0  0.007  0.008  0.007  0.007  0.007  0.007
05:25:37 829.49   13.6   38.5   1718    4.6    157    6.6    29.3  -0.3   0.82   4.52 7753.2     0.00   0.00    0.0  0.007  0.008  0.007  0.007  0.007  0.007
05:25:38 829.38   13.6   38.5   1719    4.5    157    6.6    29.3  -0.3   0.82   4.52 7754.2     0.00   0.00    0.0  0.007  0.008  0.007  0.007  0.007  0.007
05:25:39 829.44   13.6   38.5   1718    4.6    157    6.6    29.3  -0.2   0.82   4.52 7755.2     0.00   0.00    0.0  0.007  0.008  0.007  0.007  0.007  0.007
05:25:41 829.37   13.6   38.5   1719    4.5    157    6.6    29.4  -0.2   0.82   4.52 7757.2     0.00   0.00    0.0  0.007  0.008  0.007  0.007  0.007  0.007
05:25:42 829.48   13.6   38.5   1718    4.5    157    6.6    29.3  -0.3   0.82   4.52 7758.2     0.00   0.00    0.0  0.007  0.008  0.007  0.007  0.007  0.007
05:25:43 829.74   13.6   38.5   1715    4.4    156    6.6    29.3  -0.2   0.82   4.52 7759.2     0.00   0.00    0.0  0.007  0.008  0.007  0.007  0.007  0.007
05:25:46 829.65   13.6   38.5   1716    4.4    155    6.6    29.3  -0.2   0.82   4.53 7762.2     0.00   0.00    0.0  0.007  0.008  0.007  0.007  0.007  0.007
05:25:47 829.62   13.6   38.5   1716    4.4    155    6.6    29.3  -0.2   0.82   4.53 7763.2     0.00   0.00    0.0  0.007  0.008  0.007  0.007  0.007  0.007
05:25:48 829.79   13.6   38.5   1715    4.3    156    6.6    29.3  -0.2   0.82   4.53 7764.2     0.00   0.00    0.0  0.007  0.008  0.007  0.007  0.007  0.007
05:25:49 829.69   13.6   38.5   1716    4.3    155    6.6    29.3  -0.2   0.82   4.52 7765.2     0.00   0.00    0.0  0.007  0.008  0.007  0.007  0.007  0.007
05:25:50 829.83   13.6   38.5   1714    4.3    155    6.6    29.3  -0.2   0.82   4.52 7766.2     0.00   0.00    0.0  0.007  0.008  0.007  0.007  0.007  0.007
05:25:51 829.87   13.6   38.5   1714    4.2    154    6.6    29.3  -0.2   0.82   4.52 7767.2     0.00   0.00    0.0  0.007  0.008  0.007  0.007  0.007  0.007
05:25:52 829.72   13.7   38.5   1715    4.2    155    6.6    29.4  -0.2   0.82   4.54 7768.2     0.00   0.00    0.0  0.007  0.008  0.007  0.007  0.007  0.007
05:25:53 829.94   13.6   38.5   1713    4.3    154    6.6    29.3  -0.2   0.82   4.53 7769.2     0.00   0.00    0.0  0.007  0.008  0.007  0.007  0.007  0.007
05:25:54 830.08   13.6   38.5   1712    4.3    154    6.6    29.3  -0.2   0.82   4.52 7770.2     0.00   0.00    0.0  0.007  0.008  0.007  0.007  0.007  0.007
05:25:55 829.93   13.6   38.5   1713    4.2    154    6.6    29.3  -0.2   0.82   4.54 7771.2     0.00   0.00    0.0  0.007  0.008  0.007  0.007  0.007  0.007
05:25:56 830.10   13.7   38.5   1712    4.2    154    6.6    29.3  -0.2   0.82   4.53 7772.2     0.00   0.00    0.0  0.007  0.008  0.007  0.007  0.007  0.007
05:25:57 829.91   13.6   38.5   1714    4.2    153    6.6    29.3  -0.2   0.82   4.52 7773.2     0.00   0.00    0.0  0.007  0.008  0.007  0.007  0.007  0.007
05:25:59 829.97   13.7   38.4   1713    4.2    153    6.6    29.3  -0.2   0.82   4.53 7775.2     0.00   0.00    0.0  0.007  0.008  0.007  0.007  0.007  0.007
05:26:00 829.89   13.6   38.5   1714    4.2    153    6.6    29.3  -0.2   0.82   4.53 7776.1     0.00   0.00    0.0  0.007  0.008  0.007  0.007  0.007  0.007
05:26:02 830.21   13.7   38.5   1710    4.2    153    6.6    29.3  -0.2   0.82   4.54 7778.1     0.00   0.00    0.0  0.007  0.008  0.007  0.007  0.007  0.007
05:26:03 830.14   13.6   38.5   1711    4.1    153    6.6    29.3  -0.2   0.82   4.53 7779.1     0.00   0.00    0.0  0.007  0.008  0.007  0.007  0.007  0.007
05:26:04 830.26   13.7   38.4   1710    4.2    153    6.6    29.4  -0.2   0.82   4.54 7780.1     0.00   0.00    0.0  0.007  0.008  0.007  0.007  0.007  0.007
05:26:05 830.25   13.7   38.5   1710    4.1    153    6.6    29.3  -0.2   0.82   4.53 7781.2     0.00   0.00    0.0  0.007  0.008  0.007  0.007  0.007  0.007
05:26:06 830.14   13.6   38.5   1711    4.1    153    6.6    29.3  -0.2   0.82   4.53 7782.1     0.00   0.00    0.0  0.007  0.008  0.007  0.007  0.007  0.007
05:26:07 830.28   13.7   38.4   1710    4.1    152    6.6    29.3  -0.2   0.82   4.53 7783.1     0.00   0.00    0.0  0.007  0.008  0.007  0.007  0.007  0.007
05:26:08 830.27   13.7   38.5   1710    4.1    153    6.6    29.3  -0.2   0.82   4.53 7784.1     0.00   0.00    0.0  0.007  0.008  0.007  0.007  0.007  0.007
05:26:09 830.18   13.6   38.4   1711    4.0    153    6.6    29.3  -0.3   0.82   4.52 7785.1     0.00   0.00    0.0  0.007  0.008  0.007  0.007  0.007  0.007
05:26:12 830.49   13.7   38.4   1708    4.0    153    6.6    29.3  -0.2   0.82   4.53 7788.1     0.00   0.00    0.0  0.007  0.008  0.007  0.007  0.007  0.007
05:26:13 830.37   13.7   38.4   1709    4.0    153    6.6    29.3  -0.2   0.82   4.53 7789.1     0.00   0.00    0.0  0.007  0.008  0.007  0.007  0.007  0.007
05:26:14 830.43   13.7   38.4   1708    4.0    152    6.6    29.3  -0.2   0.82   4.53 7790.1     0.00   0.00    0.0  0.007  0.008  0.007  0.007  0.007  0.007
05:26:16 830.55   13.7   38.4   1707    4.0    151    6.6    29.3  -0.2   0.82   4.53 7792.1     0.00   0.00    0.0  0.007  0.008  0.007  0.007  0.007  0.007
05:26:17 830.63   13.7   38.4   1706    4.1    150    6.6    29.3  -0.2   0.82   4.54 7793.1     0.00   0.00    0.0  0.007  0.008  0.007  0.007  0.007  0.007
05:26:20 830.62   13.7   38.4   1706    4.0    151    6.6    29.3  -0.2   0.82   4.53 7796.1     0.00   0.00    0.0  0.007  0.008  0.007  0.007  0.007  0.007
05:26:21 830.65   13.7   38.4   1706    4.0    151    6.6    29.3  -0.2   0.82   4.55 7797.1     0.00   0.00    0.0  0.007  0.008  0.007  0.007  0.007  0.007
05:26:23 830.87   13.7   38.4   1704    4.0    151    6.6    29.3  -0.2   0.82   4.54 7799.1     0.00   0.00    0.0  0.007  0.008  0.007  0.007  0.007  0.007
05:26:25 830.74   13.7   38.4   1705    4.0    151    6.6    29.3  -0.2   0.82   4.54 7801.1     0.00   0.00    0.0  0.007  0.008  0.007  0.007  0.007  0.007
05:26:26 830.92   13.7   38.4   1703    4.0    151    6.6    29.3  -0.2   0.82   4.55 7802.1     0.00   0.00    0.0  0.007  0.008  0.007  0.007  0.007  0.007
05:26:27 831.07   13.7   38.3   1702    4.0    150    6.6    29.3  -0.2   0.82   4.52 7803.1     0.00   0.00    0.0  0.007  0.008  0.007  0.007  0.007  0.007
05:26:28 831.00   13.8   38.4   1702    4.0    151    6.6    29.3  -0.1   0.82   4.55 7804.1     0.00   0.00    0.0  0.007  0.008  0.007  0.007  0.007  0.007
05:26:29 831.04   13.7   38.3   1702    4.0    150    6.6    29.3  -0.2   0.82   4.54 7805.1     0.00   0.00    0.0  0.007  0.008  0.007  0.007  0.007  0.007
05:26:30 831.20   13.8   38.3   1700    4.0    151    6.6    29.3  -0.2   0.82   4.54 7806.1     0.00   0.00    0.0  0.007  0.008  0.007  0.007  0.007  0.007
05:26:31 831.18   13.8   38.3   1701    4.0    150    6.6    29.3  -0.2   0.82   4.54 7807.1     0.00   0.00    0.0  0.007  0.008  0.007  0.007  0.007  0.007
05:26:33 831.07   13.8   38.3   1702    4.0    150    6.6    29.3  -0.2   0.82   4.54 7809.1     0.00   0.00    0.0  0.007  0.008  0.007  0.007  0.007  0.007
05:26:36 831.26   13.7   38.3   1700    4.0    150    6.6    29.3  -0.2   0.82   4.54 7812.1     0.00   0.00    0.0  0.007  0.008  0.007  0.007  0.007  0.007
05:26:37 831.24   13.8   38.3   1700    4.0    151    6.6    29.3  -0.2   0.82   4.55 7813.1     0.00   0.00    0.0  0.007  0.008  0.007  0.007  0.007  0.007
05:26:38 831.61   13.7   38.3   1696    4.0    150    6.6    29.3  -0.2   0.82   4.52 7814.1     0.00   0.00    0.0  0.007  0.008  0.007  0.007  0.007  0.007
05:26:39 831.38   13.8   38.3   1699    4.0    151    6.6    29.3  -0.2   0.82   4.54 7815.1     0.00   0.00    0.0  0.007  0.008  0.007  0.007  0.007  0.007
05:26:41 831.55   13.8   38.3   1697    4.0    150    6.6    29.3  -0.1   0.82   4.56 7817.1     0.00   0.00    0.0  0.007  0.008  0.007  0.007  0.007  0.007
05:26:42 831.47   13.8   38.3   1698    4.0    151    6.6    29.4  -0.1   0.82   4.56 7818.1     0.00   0.00    0.0  0.007  0.008  0.007  0.007  0.007  0.007
05:26:43 831.60   13.8   38.2   1696    4.0    151    6.6    29.3  -0.1   0.82   4.55 7819.1     0.00   0.00    0.0  0.007  0.008  0.007  0.007  0.007  0.007
05:26:44 831.71   13.8   38.3   1695    3.9    151    6.6    29.3  -0.1   0.82   4.55 7820.1     0.00   0.00    0.0  0.007  0.008  0.007  0.007  0.007  0.007
05:26:45 831.79   13.8   38.2   1694    3.9    151    6.6    29.3  -0.1   0.82   4.55 7821.1     0.00   0.00    0.0  0.007  0.008  0.007  0.007  0.007  0.007
05:26:46 831.63   13.8   38.3   1696    3.9    151    6.6    29.3  -0.1   0.82   4.55 7822.1     0.00   0.00    0.0  0.007  0.008  0.007  0.007  0.007  0.007
05:26:48 831.64   13.8   38.3   1696    3.9    151    6.6    29.3  -0.2   0.82   4.55 7824.1     0.00   0.00    0.0  0.007  0.008  0.007  0.007  0.007  0.007
05:26:50 831.89   13.8   38.2   1693    3.9    150    6.6    29.3  -0.2   0.82   4.54 7826.1     0.00   0.00    0.0  0.007  0.008  0.007  0.007  0.007  0.007
05:26:51 831.93   13.8   38.2   1693    3.9    151    6.6    29.3  -0.2   0.82   4.54 7827.1     0.00   0.00    0.0  0.007  0.008  0.007  0.007  0.007  0.007
05:26:54 832.09   13.9   38.2   1691    3.9    148    6.6    29.3  -0.1   0.82   4.55 7830.1     0.00   0.00    0.0  0.007  0.008  0.007  0.007  0.007  0.007
05:26:55 831.94   13.9   38.2   1693    4.0    147    6.6    29.4  -0.1   0.82   4.56 7831.1     0.00   0.00    0.0  0.007  0.008  0.007  0.007  0.007  0.007
05:26:58 832.32   13.9   38.2   1689    4.0    147    6.6    29.3  -0.1   0.82   4.55 7834.1     0.00   0.00    0.0  0.007  0.008  0.007  0.007  0.007  0.007
05:27:01 832.48   13.9   38.2   1687    4.2    148    6.6    29.3  -0.1   0.82   4.55 7837.1     0.00   0.00    0.0  0.007  0.008  0.007  0.007  0.007  0.007
05:27:02 832.60   13.9   38.1   1686    4.2    148    6.6    29.3  -0.1   0.82   4.54 7838.1     0.00   0.00    0.0  0.007  0.008  0.007  0.007  0.007  0.007
05:27:06 832.91   13.9   38.1   1683    4.3    149    6.6    29.3  -0.1   0.82   4.55 7842.1     0.00   0.00    0.0  0.007  0.008  0.007  0.007  0.007  0.007
05:27:07 832.83   13.9   38.1   1684    4.3    149    6.6    29.3  -0.1   0.82   4.56 7843.1     0.00   0.00    0.0  0.007  0.008  0.007  0.007  0.007  0.007
05:27:08 832.68   13.9   38.1   1685    4.3    148    6.6    29.3  -0.1   0.82   4.55 7844.1     0.00   0.00    0.0  0.007  0.008  0.007  0.007  0.007  0.007
05:27:09 832.82   13.9   38.1   1684    4.3    148    6.6    29.3  -0.1   0.82   4.54 7845.1     0.00   0.00    0.0  0.007  0.008  0.007  0.007  0.007  0.007
05:27:10 832.80   13.9   38.0   1684    4.3    148    6.6    29.3  -0.1   0.82   4.55 7846.1     0.00   0.00    0.0  0.007  0.008  0.007  0.007  0.007  0.007
05:27:11 832.71   13.9   38.1   1685    4.3    148    6.6    29.3  -0.1   0.82   4.56 7847.1     0.00   0.00    0.0  0.007  0.008  0.007  0.007  0.007  0.007
05:27:12 832.97   13.9   38.0   1683    4.4    148    6.6    29.3  -0.1   0.82   4.55 7848.1     0.00   0.00    0.0  0.007  0.008  0.007  0.007  0.007  0.007
05:27:13 832.97   13.9   38.0   1682    4.3    148    6.6    29.3  -0.1   0.82   4.54 7849.1     0.00   0.00    0.0  0.007  0.008  0.007  0.007  0.007  0.007
05:27:14 833.05   13.9   38.0   1682    4.4    149    6.6    29.3  -0.1   0.82   4.54 7850.1     0.00   0.00    0.0  0.007  0.008  0.007  0.007  0.007  0.007
05:27:15 833.04   14.0   38.0   1682    4.3    148    6.6    29.3  -0.1   0.82   4.55 7851.1     0.00   0.00    0.0  0.007  0.008  0.007  0.007  0.007  0.007
05:27:17 833.22   14.0   38.0   1680    4.3    148    6.6    29.4  -0.1   0.82   4.56 7853.1     0.00   0.00    0.0  0.007  0.008  0.007  0.007  0.007  0.007
05:27:18 833.18   13.9   38.0   1680    4.3    148    6.6    29.3  -0.1   0.82   4.54 7854.1     0.00   0.00    0.0  0.007  0.008  0.007  0.007  0.007  0.007
05:27:19 833.41   13.9   38.0   1678    4.2    148    6.6    29.3  -0.1   0.82   4.54 7855.1     0.00   0.00    0.0  0.007  0.008  0.007  0.007  0.007  0.007
05:27:20 833.43   13.9   38.0   1678    4.2    147    6.5    29.3  -0.1   0.82   4.55 7856.1     0.00   0.00    0.0  0.007  0.008  0.007  0.007  0.007  0.007
05:27:21 833.45   13.9   38.0   1678    4.2    148    6.6    29.3  -0.1   0.82   4.54 7857.1     0.00   0.00    0.0  0.007  0.008  0.007  0.007  0.007  0.007
05:27:23 833.43   14.0   38.0   1678    4.2    148    6.6    29.3  -0.1   0.82   4.55 7859.1     0.00   0.00    0.0  0.007  0.008  0.007  0.007  0.007  0.007
05:27:24 833.40   14.0   38.0   1678    4.2    149    6.6    29.3  -0.1   0.82   4.55 7860.1     0.00   0.00    0.0  0.007  0.008  0.007  0.007  0.007  0.007
05:27:27 833.89   14.0   37.9   1673    4.2    148    6.5    29.3  -0.1   0.82   4.54 7863.1     0.00   0.00    0.0  0.007  0.008  0.007  0.007  0.007  0.007
05:27:28 833.53   14.0   37.9   1677    4.3    149    6.5    29.4  -0.1   0.82   4.57 7864.1     0.00   0.00    0.0  0.007  0.008  0.007  0.007  0.007  0.007
05:27:29 833.67   14.0   37.9   1675    4.2    148    6.5    29.3  -0.1   0.82   4.56 7865.1     0.00   0.00    0.0  0.007  0.008  0.007  0.007  0.007  0.007
05:27:30 834.07   14.0   37.9   1671    4.2    147    6.5    29.3  -0.1   0.82   4.55 7866.1     0.00   0.00    0.0  0.007  0.008  0.007  0.007  0.007  0.007
05:27:31 833.95   14.0   37.9   1673    4.2    147    6.5    29.3  -0.1   0.82   4.56 7867.1     0.00   0.00    0.0  0.007  0.008  0.007  0.007  0.007  0.007
05:27:32 833.73   14.0   37.9   1675    4.2    147    6.5    29.3  -0.1   0.82   4.55 7868.1     0.00   0.00    0.0  0.007  0.008  0.007  0.007  0.007  0.007
05:27:33 833.86   14.0   37.9   1674    4.2    148    6.5    29.3  -0.1   0.82   4.54 7869.1     0.00   0.00    0.0  0.007  0.008  0.007  0.007  0.007  0.007
05:27:34 834.10   14.0   37.8   1671    4.2    149    6.5    29.3  -0.1   0.82   4.55 7870.1     0.00   0.00    0.0  0.007  0.008  0.007  0.007  0.007  0.007
05:27:35 834.11   14.1   37.8   1671    4.2    149    6.5    29.3  -0.1   0.82   4.56 7871.1     0.00   0.00    0.0  0.007  0.008  0.007  0.007  0.007  0.007
05:27:36 834.21   14.0   37.8   1670    4.2    148    6.5    29.3  -0.1   0.82   4.54 7872.1     0.00   0.00    0.0  0.007  0.008  0.007  0.007  0.007  0.007
05:27:37 834.23   14.1   37.9   1670    4.2    148    6.5    29.3  -0.1   0.82   4.57 7873.1     0.00   0.00    0.0  0.007  0.008  0.007  0.007  0.007  0.007
05:27:38 834.23   14.0   37.8   1670    4.2    147    6.5    29.3  -0.1   0.82   4.55 7874.1     0.00   0.00    0.0  0.007  0.008  0.007  0.007  0.007  0.007
05:27:39 834.39   14.0   37.9   1668    4.2    147    6.5    29.3  -0.1   0.82   4.55 7875.1     0.00   0.00    0.0  0.007  0.008  0.007  0.007  0.007  0.007
05:27:40 834.29   14.1   37.8   1669    4.2    146    6.5    29.3  -0.1   0.82   4.56 7876.1     0.00   0.00    0.0  0.007  0.008  0.007  0.007  0.007  0.007
05:27:41 834.27   14.0   37.8   1669    4.1    146    6.5    29.3  -0.1   0.82   4.55 7877.0     0.00   0.00    0.0  0.007  0.008  0.007  0.007  0.007  0.007
05:27:44 834.62   14.1   37.8   1666    4.1    145    6.5    29.3  -0.1   0.82   4.56 7880.0     0.00   0.00    0.0  0.007  0.008  0.007  0.007  0.007  0.007
05:27:45 834.64   14.1   37.8   1666    4.1    145    6.5    29.3  -0.1   0.82   4.56 7881.0     0.00   0.00    0.0  0.007  0.008  0.007  0.007  0.007  0.007
05:27:46 834.68   14.1   37.8   1665    4.1    145    6.5    29.3  -0.0   0.82   4.57 7882.0     0.00   0.00    0.0  0.007  0.008  0.007  0.007  0.007  0.007
05:27:51 834.86   14.1   37.8   1663    4.2    144    6.5    29.3  -0.0   0.82   4.57 7887.0     0.00   0.00    0.0  0.007  0.008  0.007  0.007  0.007  0.007
05:27:52 834.92   14.1   37.7   1663    4.2    144    6.5    29.3  -0.1   0.82   4.56 7888.0     0.00   0.00    0.0  0.007  0.008  0.007  0.007  0.007  0.007
05:27:53 834.96   14.1   37.7   1662    4.2    144    6.5    29.3  -0.1   0.82   4.54 7889.0     0.00   0.00    0.0  0.007  0.008  0.007  0.008  0.007  0.007
05:27:56 835.23   14.1   37.7   1660    4.2    145    6.5    29.3  -0.1   0.82   4.55 7892.0     0.00   0.00    0.0  0.007  0.008  0.007  0.007  0.007  0.007
05:27:57 835.31   14.1   37.7   1659    4.2    145    6.5    29.3  -0.1   0.82   4.56 7893.0     0.00   0.00    0.0  0.007  0.008  0.007  0.007  0.007  0.007
05:27:58 835.43   14.2   37.7   1658    4.2    145    6.5    29.3  -0.0   0.82   4.57 7894.0     0.00   0.00    0.0  0.007  0.008  0.007  0.007  0.007  0.007
05:27:59 835.34   14.1   37.7   1659    4.2    145    6.5    29.3  -0.1   0.82   4.55 7895.0     0.00   0.00    0.0  0.007  0.008  0.007  0.007  0.007  0.007
05:28:01 835.54   14.1   37.7   1656    4.1    145    6.5    29.3  -0.1   0.82   4.56 7897.0     0.00   0.00    0.0  0.007  0.008  0.007  0.007  0.007  0.007
05:28:02 835.58   14.2   37.6   1656    4.1    145    6.5    29.3  -0.1   0.82   4.56 7898.0     0.00   0.00    0.0  0.007  0.008  0.007  0.007  0.007  0.007
05:28:04 835.74   14.2   37.6   1655    4.1    145    6.5    29.3  -0.0   0.82   4.57 7900.0     0.00   0.00    0.0  0.007  0.008  0.007  0.007  0.007  0.007
05:28:05 835.50   14.2   37.6   1657    4.1    146    6.5    29.3  -0.0   0.82   4.57 7901.0     0.00   0.00    0.0  0.007  0.008  0.007  0.007  0.007  0.007
05:28:07 835.61   14.2   37.6   1656    4.1    146    6.5    29.4   0.0   0.82   4.58 7903.0     0.00   0.00    0.0  0.007  0.008  0.007  0.008  0.007  0.007
05:28:08 835.67   14.2   37.6   1655    4.1    146    6.5    29.3  -0.1   0.82   4.56 7904.0     0.00   0.00    0.0  0.007  0.008  0.007  0.007  0.007  0.007
05:28:09 835.95   14.2   37.6   1652    4.1    146    6.5    29.3  -0.0   0.82   4.57 7905.0     0.00   0.00    0.0  0.007  0.008  0.007  0.008  0.007  0.007
05:28:11 835.99   14.2   37.5   1652    4.1    145    6.5    29.3  -0.1   0.82   4.55 7907.0     0.00   0.00    0.0  0.007  0.008  0.007  0.007  0.007  0.007
05:28:12 836.06   14.2   37.6   1651    4.1    145    6.5    29.3  -0.0   0.82   4.56 7908.0     0.00   0.00    0.0  0.007  0.008  0.007  0.007  0.007  0.007
05:28:13 836.04   14.2   37.6   1651    4.0    144    6.5    29.3  -0.0   0.82   4.56 7909.0     0.00   0.00    0.0  0.007  0.008  0.007  0.007  0.007  0.007
05:28:14 836.13   14.2   37.5   1651    4.0    144    6.5    29.3  -0.0   0.82   4.57 7910.0     0.00   0.00    0.0  0.007  0.008  0.007  0.007  0.007  0.007
05:28:16 836.16   14.2   37.5   1650    4.1    144    6.5    29.3  -0.1   0.82   4.55 7912.0     0.00   0.00    0.0  0.007  0.008  0.007  0.007  0.007  0.007
05:28:18 836.38   14.2   37.5   1648    4.2    145    6.5    29.2  -0.1   0.82   4.55 7914.0     0.00   0.00    0.0  0.007  0.008  0.007  0.007  0.007  0.007
05:28:19 836.51   14.3   37.5   1647    4.2    144    6.5    29.3  -0.0   0.82   4.57 7915.0     0.00   0.00    0.0  0.007  0.008  0.007  0.007  0.007  0.007
05:28:22 836.55   14.3   37.4   1646    4.2    144    6.5    29.3  -0.0   0.82   4.56 7918.0     0.00   0.00    0.0  0.007  0.008  0.007  0.007  0.007  0.007
05:28:24 836.80   14.3   37.4   1644    4.2    144    6.5    29.3  -0.0   0.82   4.57 7920.0     0.00   0.00    0.0  0.007  0.008  0.007  0.007  0.007  0.007
05:28:25 836.71   14.3   37.4   1645    4.2    143    6.5    29.3  -0.0   0.82   4.56 7921.0     0.00   0.00    0.0  0.007  0.008  0.008  0.007  0.007  0.007
05:28:29 836.81   14.3   37.4   1644    4.2    142    6.5    29.3  -0.0   0.82   4.56 7925.0     0.00   0.00    0.0  0.007  0.008  0.007  0.008  0.007  0.007
05:28:30 837.25   14.3   37.4   1639    4.2    142    6.5    29.3  -0.0   0.82   4.57 7926.0     0.00   0.00    0.0  0.007  0.008  0.007  0.007  0.007  0.007
05:28:31 837.20   14.3   37.4   1640    4.2    143    6.5    29.3  -0.0   0.82   4.56 7927.0     0.00   0.00    0.0  0.007  0.008  0.008  0.007  0.007  0.007
05:28:34 837.31   14.3   37.4   1639    4.1    143    6.5    29.3   0.0   0.82   4.57 7930.0     0.00   0.00    0.0  0.007  0.008  0.007  0.007  0.007  0.007
05:28:36 837.53   14.4   37.4   1637    4.2    142    6.5    29.3   0.0   0.82   4.57 7932.0     0.00   0.00    0.0  0.007  0.008  0.007  0.007  0.007  0.007
05:28:37 837.60   14.3   37.3   1636    4.1    142    6.5    29.3  -0.0   0.82   4.56 7933.0     0.00   0.00    0.0  0.007  0.008  0.007  0.007  0.007  0.007
05:28:38 837.63   14.4   37.3   1635    4.2    142    6.5    29.3  -0.0   0.82   4.57 7934.0     0.00   0.00    0.0  0.007  0.008  0.007  0.008  0.007  0.007
05:28:39 837.35   14.3   37.3   1638    4.2    142    6.5    29.3  -0.0   0.82   4.56 7935.0     0.00   0.00    0.0  0.007  0.008  0.007  0.007  0.007  0.007
05:28:40 837.58   14.4   37.3   1636    4.2    142    6.5    29.3  -0.0   0.82   4.57 7936.0     0.00   0.00    0.0  0.007  0.008  0.007  0.007  0.007  0.007
05:28:43 837.81   14.4   37.3   1634    4.2    143    6.5    29.3   0.0   0.82   4.58 7939.0     0.00   0.00    0.0  0.007  0.008  0.007  0.008  0.007  0.007
05:28:44 837.84   14.4   37.2   1633    4.2    143    6.5    29.3  -0.0   0.82   4.56 7940.0     0.00   0.00    0.0  0.007  0.008  0.007  0.007  0.007  0.007
05:28:48 838.25   14.4   37.2   1629    4.2    140    6.5    29.3  -0.0   0.82   4.56 7944.0     0.00   0.00    0.0  0.007  0.008  0.008  0.007  0.007  0.007
05:28:49 838.20   14.4   37.3   1630    4.3    142    6.5    29.3   0.0   0.82   4.58 7945.0     0.00   0.00    0.0  0.007  0.008  0.008  0.008  0.007  0.007
05:28:50 838.05   14.4   37.2   1631    4.3    141    6.5    29.3   0.0   0.82   4.58 7946.0     0.00   0.00    0.0  0.007  0.008  0.007  0.007  0.007  0.007
05:28:51 838.38   14.4   37.2   1628    4.3    141    6.5    29.2  -0.0   0.82   4.56 7947.0     0.00   0.00    0.0  0.007  0.008  0.008  0.008  0.007  0.007
05:28:53 838.32   14.4   37.2   1629    4.3    141    6.5    29.3   0.0   0.82   4.58 7949.0     0.00   0.00    0.0  0.007  0.008  0.007  0.007  0.007  0.007
05:28:54 838.43   14.5   37.2   1627    4.3    141    6.5    29.3   0.0   0.82   4.58 7950.0     0.00   0.00    0.0  0.007  0.008  0.007  0.007  0.007  0.007
05:28:57 838.58   14.4   37.2   1626    4.3    141    6.5    29.3   0.0   0.82   4.57 7953.0     0.00   0.00    0.0  0.007  0.008  0.007  0.008  0.007  0.007
05:28:58 838.58   14.4   37.1   1626    4.4    141    6.5    29.3   0.0   0.82   4.57 7954.0     0.00   0.00    0.0  0.007  0.008  0.007  0.007  0.007  0.007
05:28:59 838.66   14.4   37.2   1625    4.4    141    6.5    29.2   0.0   0.82   4.57 7955.0     0.00   0.00    0.0  0.007  0.008  0.008  0.007  0.007  0.007
05:29:00 838.63   14.4   37.2   1625    4.4    141    6.5    29.3   0.0   0.82   4.57 7956.0     0.00   0.00    0.0  0.007  0.008  0.007  0.008  0.007  0.007
05:29:01 838.77   14.5   37.2   1624    4.3    140    6.5    29.3   0.0   0.82   4.58 7957.0     0.00   0.00    0.0  0.007  0.008  0.008  0.007  0.007  0.007
05:29:03 838.81   14.5   37.1   1624    4.3    140    6.5    29.3   0.0   0.82   4.57 7959.0     0.00   0.00    0.0  0.007  0.008  0.008  0.008  0.007  0.007
05:29:05 838.94   14.5   37.1   1622    4.2    140    6.5    29.3   0.0   0.82   4.57 7961.0     0.00   0.00    0.0  0.007  0.008  0.007  0.008  0.007  0.007
05:29:07 839.23   14.5   37.1   1619    4.2    140    6.5    29.3   0.0   0.82   4.57 7963.0     0.00   0.00    0.0  0.007  0.008  0.007  0.007  0.007  0.007
05:29:10 839.25   14.5   37.1   1619    4.2    139    6.5    29.3   0.1   0.82   4.58 7966.0     0.00   0.00    0.0  0.007  0.008  0.007  0.008  0.007  0.007
05:29:11 839.33   14.5   37.1   1618    4.2    139    6.5    29.3   0.0   0.82   4.58 7967.0     0.00   0.00    0.0  0.007  0.008  0.007  0.007  0.007  0.007
05:29:15 839.58   14.5   37.0   1616    4.2    139    6.5    29.3   0.0   0.82   4.57 7971.0     0.00   0.00    0.0  0.007  0.008  0.008  0.008  0.007  0.007
05:29:17 839.60   14.5   37.0   1616    4.2    139    6.5    29.3   0.1   0.82   4.58 7973.0     0.00   0.00    0.0  0.007  0.008  0.007  0.008  0.007  0.007
05:29:22 840.08   14.6   37.0   1611    4.2    139    6.5    29.2   0.1   0.82   4.58 7978.0     0.00   0.00    0.0  0.007  0.008  0.007  0.008  0.007  0.007
05:29:23 840.21   14.6   37.0   1610    4.2    139    6.5    29.2   0.0   0.82   4.57 7978.9     0.00   0.00    0.0  0.007  0.008  0.008  0.008  0.007  0.007
05:29:28 840.57   14.6   36.9   1606    4.2    139    6.5    29.2   0.0   0.82   4.56 7983.9     0.00   0.00    0.0  0.007  0.008  0.008  0.008  0.007  0.007
05:29:29 840.41   14.6   36.9   1607    4.2    139    6.5    29.3   0.1   0.82   4.57 7984.9     0.00   0.00    0.0  0.007  0.008  0.008  0.008  0.007  0.007
05:29:30 840.76   14.6   36.9   1604    4.2    138    6.5    29.2   0.1   0.82   4.57 7985.9     0.00   0.00    0.0  0.007  0.008  0.008  0.008  0.007  0.007
05:29:31 840.86   14.6   36.8   1603    4.2    139    6.5    29.2   0.1   0.82   4.57 7986.9     0.00   0.00    0.0  0.007  0.008  0.008  0.007  0.007  0.007
05:29:32 840.78   14.6   36.9   1604    4.2    139    6.5    29.2   0.1   0.82   4.57 7987.9     0.00   0.00    0.0  0.007  0.008  0.008  0.007  0.007  0.007
05:29:33 840.95   14.6   36.8   1602    4.2    138    6.5    29.2   0.0   0.82   4.57 7988.9     0.00   0.00    0.0  0.007  0.008  0.008  0.008  0.007  0.007
05:29:34 841.02   14.6   36.8   1601    4.2    138    6.5    29.2   0.0   0.82   4.56 7989.9     0.00   0.00    0.0  0.007  0.008  0.007  0.008  0.007  0.007
05:29:35 841.05   14.6   36.9   1601    4.2    139    6.5    29.2   0.1   0.82   4.58 7990.9     0.00   0.00    0.0  0.007  0.008  0.008  0.008  0.007  0.007
05:29:36 841.10   14.6   36.8   1601    4.2    140    6.5    29.2   0.1   0.82   4.57 7991.9     0.00   0.00    0.0  0.007  0.008  0.008  0.007  0.007  0.007
05:29:37 841.07   14.6   36.8   1601    4.3    139    6.5    29.2   0.1   0.82   4.57 7992.9     0.00   0.00    0.0  0.007  0.008  0.008  0.008  0.007  0.007
05:29:38 840.85   14.6   36.8   1603    4.3    139    6.5    29.3   0.1   0.82   4.58 7993.9     0.00   0.00    0.0  0.007  0.008  0.008  0.008  0.007  0.007
05:29:41 841.41   14.6   36.8   1597    4.2    140    6.5    29.2   0.1   0.82   4.57 7996.9     0.00   0.00    0.0  0.007  0.008  0.008  0.008  0.007  0.007
05:29:43 841.41   14.7   36.8   1597    4.2    139    6.5    29.2   0.1   0.82   4.58 7998.9     0.00   0.00    0.0  0.007  0.008  0.008  0.008  0.007  0.007
05:29:44 841.46   14.6   36.8   1597    4.2    138    6.5    29.2   0.1   0.82   4.57 7999.9     0.00   0.00    0.0  0.007  0.008  0.008  0.008  0.007  0.007
05:29:46 841.38   14.6   36.8   1598    4.2    137    6.5    29.2   0.1   0.82   4.57 8001.9     0.00   0.00    0.0  0.007  0.008  0.008  0.008  0.007  0.007
05:29:50 841.74   14.7   36.7   1594    4.1    138    6.5    29.3   0.1   0.82   4.59 8005.9     0.00   0.00    0.0  0.007  0.008  0.008  0.008  0.007  0.007
05:29:52 842.07   14.7   36.7   1591    4.1    136    6.5    29.2   0.1   0.82   4.58 8007.9     0.00   0.00    0.0  0.007  0.008  0.008  0.008  0.007  0.007
05:29:53 842.11   14.8   36.7   1590    4.1    137    6.5    29.2   0.1   0.82   4.59 8008.9     0.00   0.00    0.0  0.007  0.008  0.008  0.008  0.007  0.007
05:29:54 842.05   14.7   36.7   1591    4.1    137    6.5    29.2   0.1   0.82   4.59 8009.9     0.00   0.00    0.0  0.007  0.008  0.008  0.008  0.007  0.007
05:29:55 842.14   14.8   36.7   1590    4.2    136    6.5    29.2   0.1   0.82   4.58 8010.9     0.00   0.00    0.0  0.007  0.008  0.008  0.008  0.007  0.007
05:29:56 842.08   14.8   36.7   1591    4.2    136    6.5    29.3   0.1   0.82   4.59 8011.9     0.00   0.00    0.0  0.007  0.008  0.008  0.008  0.007  0.007
05:30:04 842.66   14.8   36.6   1585    4.2    137    6.5    29.2   0.1   0.82   4.58 8019.9     0.00   0.00    0.0  0.007  0.008  0.008  0.008  0.007  0.007
05:30:05 842.92   14.8   36.6   1582    4.2    137    6.5    29.2   0.1   0.82   4.59 8020.9     0.00   0.00    0.0  0.007  0.008  0.007  0.008  0.007  0.007
05:30:06 842.88   14.8   36.6   1583    4.2    137    6.5    29.2   0.1   0.82   4.57 8021.9     0.00   0.00    0.0  0.007  0.008  0.008  0.008  0.007  0.007
05:30:07 842.89   14.8   36.6   1583    4.2    137    6.5    29.2   0.1   0.82   4.59 8022.9     0.00   0.00    0.0  0.007  0.008  0.008  0.008  0.007  0.007
05:30:09 843.14   14.8   36.5   1580    4.2    137    6.5    29.2   0.1   0.82   4.58 8024.9     0.00   0.00    0.0  0.007  0.008  0.008  0.008  0.007  0.007
05:30:10 843.13   14.8   36.5   1580    4.2    138    6.5    29.2   0.1   0.82   4.59 8025.9     0.00   0.00    0.0  0.007  0.008  0.008  0.008  0.007  0.007
05:30:11 843.29   14.9   36.5   1579    4.2    138    6.5    29.2   0.1   0.82   4.58 8026.9     0.00   0.00    0.0  0.007  0.008  0.008  0.008  0.007  0.007
05:30:12 843.41   14.8   36.5   1577    4.2    138    6.5    29.2   0.1   0.82   4.57 8027.9     0.00   0.00    0.0  0.007  0.008  0.008  0.008  0.007  0.007
05:30:13 843.30   14.8   36.5   1579    4.2    138    6.5    29.2   0.1   0.82   4.58 8028.9     0.00   0.00    0.0  0.007  0.008  0.008  0.008  0.007  0.007
05:30:14 843.45   14.9   36.5   1577    4.2    138    6.5    29.2   0.2   0.82   4.60 8029.9     0.00   0.00    0.0  0.007  0.008  0.007  0.008  0.007  0.007
05:30:15 843.48   14.8   36.5   1577    4.2    137    6.5    29.2   0.1   0.82   4.58 8030.9     0.00   0.00    0.0  0.007  0.008  0.008  0.008  0.007  0.007
05:30:16 843.52   14.9   36.5   1576    4.2    138    6.5    29.2   0.1   0.82   4.58 8031.9     0.00   0.00    0.0  0.007  0.008  0.008  0.008  0.007  0.007
05:30:19 843.73   14.9   36.5   1574    4.2    137    6.5    29.2   0.1   0.82   4.59 8034.9     0.00   0.00    0.0  0.007  0.008  0.008  0.008  0.007  0.007
05:30:20 844.10   14.9   36.4   1571    4.2    137    6.5    29.2   0.1   0.82   4.58 8035.9     0.00   0.00    0.0  0.007  0.008  0.008  0.008  0.007  0.007
05:30:21 843.68   14.9   36.5   1575    4.2    137    6.5    29.2   0.1   0.82   4.59 8036.9     0.00   0.00    0.0  0.007  0.008  0.008  0.008  0.007  0.007
05:30:22 843.82   14.9   36.4   1573    4.2    137    6.5    29.2   0.1   0.82   4.58 8037.9     0.00   0.00    0.0  0.007  0.008  0.008  0.008  0.007  0.007
05:30:23 843.86   14.9   36.4   1573    4.1    137    6.5    29.2   0.1   0.82   4.58 8038.9     0.00   0.00    0.0  0.007  0.008  0.008  0.008  0.007  0.007
05:30:25 843.93   14.9   36.4   1572    4.1    136    6.5    29.2   0.2   0.82   4.59 8040.9     0.00   0.00    0.0  0.007  0.008  0.008  0.008  0.007  0.007
05:30:26 844.24   14.9   36.4   1569    4.1    136    6.5    29.2   0.1   0.82   4.58 8041.9     0.00   0.00    0.0  0.007  0.008  0.008  0.008  0.007  0.007
05:30:27 844.30   14.9   36.4   1568    4.2    136    6.5    29.2   0.1   0.82   4.57 8042.9     0.00   0.00    0.0  0.007  0.008  0.008  0.008  0.007  0.007
05:30:29 844.55   14.9   36.3   1566    4.2    135    6.5    29.2   0.1   0.82   4.58 8044.9     0.00   0.00    0.0  0.007  0.008  0.008  0.008  0.007  0.007
05:30:30 844.33   14.9   36.4   1568    4.2    135    6.5    29.2   0.1   0.82   4.58 8045.9     0.00   0.00    0.0  0.007  0.008  0.008  0.008  0.007  0.007
05:30:32 844.69   14.9   36.3   1565    4.2    135    6.5    29.2   0.1   0.82   4.58 8047.9     0.00   0.00    0.0  0.007  0.008  0.008  0.008  0.007  0.007
05:30:33 844.82   14.9   36.3   1563    4.2    135    6.5    29.2   0.2   0.82   4.58 8048.9     0.00   0.00    0.0  0.007  0.008  0.008  0.008  0.007  0.007
05:30:34 844.61   15.0   36.3   1565    4.2    135    6.5    29.2   0.1   0.82   4.58 8049.9     0.00   0.00    0.0  0.007  0.008  0.008  0.008  0.007  0.007
05:30:35 844.67   15.0   36.3   1565    4.2    135    6.5    29.2   0.2   0.82   4.59 8050.9     0.00   0.00    0.0  0.007  0.008  0.008  0.008  0.007  0.007
05:30:36 844.87   15.0   36.3   1563    4.2    135    6.5    29.2   0.2   0.82   4.59 8051.9     0.00   0.00    0.0  0.007  0.008  0.008  0.008  0.007  0.007
05:30:37 845.05   14.9   36.3   1561    4.2    135    6.5    29.1   0.1   0.82   4.57 8052.9     0.00   0.00    0.0  0.007  0.008  0.008  0.008  0.007  0.007
05:30:38 844.88   14.9   36.3   1563    4.2    135    6.5    29.2   0.1   0.82   4.58 8053.9     0.00   0.00    0.0  0.007  0.008  0.008  0.008  0.007  0.007
05:30:39 845.16   15.0   36.3   1560    4.2    136    6.5    29.1   0.2   0.82   4.58 8054.9     0.00   0.00    0.0  0.007  0.008  0.008  0.008  0.007  0.007
05:30:40 845.09   15.0   36.3   1561    4.2    136    6.5    29.2   0.2   0.82   4.58 8055.9     0.00   0.00    0.0  0.007  0.008  0.008  0.008  0.007  0.007
05:30:41 845.03   14.9   36.3   1561    4.2    136    6.5    29.1   0.1   0.82   4.58 8056.9     0.00   0.00    0.0  0.007  0.008  0.008  0.008  0.007  0.007
05:30:42 845.07   15.0   36.3   1561    4.3    136    6.5    29.2   0.2   0.82   4.59 8057.9     0.00   0.00    0.0  0.007  0.008  0.008  0.008  0.007  0.007
05:30:44 845.23   15.0   36.3   1559    4.2    135    6.5    29.1   0.1   0.82   4.58 8059.9     0.00   0.00    0.0  0.007  0.008  0.008  0.008  0.007  0.007
05:30:47 845.47   15.0   36.3   1557    4.2    136    6.5    29.1   0.2   0.82   4.58 8062.9     0.00   0.00    0.0  0.007  0.008  0.008  0.008  0.007  0.007
05:30:50 845.52   15.0   36.2   1556    4.2    136    6.5    29.1   0.1   0.82   4.58 8065.9     0.00   0.00    0.0  0.007  0.008  0.008  0.008  0.007  0.007
05:30:51 845.53   15.0   36.3   1556    4.1    136    6.5    29.1   0.1   0.82   4.58 8066.9     0.00   0.00    0.0  0.007  0.008  0.008  0.008  0.007  0.007
05:30:53 845.94   15.0   36.2   1552    4.1    137    6.5    29.1   0.2   0.82   4.59 8068.9     0.00   0.00    0.0  0.007  0.008  0.008  0.008  0.007  0.007
05:30:54 845.95   15.0   36.2   1552    4.1    137    6.5    29.1   0.2   0.82   4.58 8069.9     0.00   0.00    0.0  0.007  0.008  0.008  0.008  0.007  0.007
05:30:55 845.79   15.0   36.2   1554    4.2    137    6.5    29.1   0.2   0.82   4.59 8070.9     0.00   0.00    0.0  0.007  0.008  0.008  0.008  0.007  0.007
05:30:56 846.31   15.0   36.2   1548    4.1    137    6.5    29.1   0.2   0.82   4.59 8071.9     0.00   0.00    0.0  0.007  0.008  0.008  0.008  0.007  0.007
05:30:57 846.37   15.0   36.2   1548    4.0    137    6.5    29.0   0.1   0.82   4.57 8072.9     0.00   0.00    0.0  0.007  0.008  0.008  0.008  0.007  0.007
05:30:58 846.32   15.0   36.2   1548    4.0    137    6.5    29.1   0.1   0.82   4.57 8073.9     0.00   0.00    0.0  0.007  0.008  0.008  0.008  0.007  0.007
05:30:59 846.08   15.0   36.2   1551    4.0    137    6.5    29.1   0.2   0.82   4.58 8074.9     0.00   0.00    0.0  0.007  0.008  0.008  0.008  0.007  0.007
05:31:00 846.39   15.0   36.2   1548    4.0    137    6.5    29.0   0.1   0.82   4.57 8075.9     0.00   0.00    0.0  0.007  0.008  0.008  0.008  0.007  0.007
05:31:03 846.45   15.0   36.2   1547    4.0    137    6.5    29.1   0.1   0.82   4.57 8078.8     0.00   0.00    0.0  0.007  0.008  0.008  0.008  0.007  0.007
05:31:04 846.57   15.0   36.2   1546    4.0    138    6.5    29.1   0.2   0.82   4.58 8079.8     0.00   0.00    0.0  0.007  0.008  0.008  0.008  0.007  0.007
05:31:06 846.65   15.0   36.2   1545    3.9    138    6.5    29.0   0.2   0.82   4.57 8081.8     0.00   0.00    0.0  0.007  0.008  0.008  0.008  0.007  0.007
05:31:07 846.92   15.1   36.2   1542    4.0    138    6.5    29.1   0.2   0.82   4.58 8082.8     0.00   0.00    0.0  0.007  0.008  0.008  0.008  0.007  0.007
05:31:08 846.81   15.0   36.2   1543    3.9    139    6.5    29.1   0.2   0.82   4.58 8083.8     0.00   0.00    0.0  0.007  0.008  0.008  0.008  0.007  0.007
05:31:09 846.96   15.0   36.1   1542    4.0    139    6.5    29.1   0.2   0.82   4.58 8084.8     0.00   0.00    0.0  0.007  0.008  0.008  0.008  0.007  0.007
05:31:11 847.19   15.0   36.1   1540    3.9    137    6.5    29.0   0.2   0.82   4.57 8086.8     0.00   0.00    0.0  0.007  0.008  0.008  0.008  0.007  0.007
05:31:12 847.07   15.1   36.1   1541    3.9    137    6.5    29.1   0.2   0.82   4.58 8087.8     0.00   0.00    0.0  0.007  0.008  0.008  0.008  0.007  0.007
05:31:15 847.27   15.1   36.1   1539    3.9    137    6.5    29.0   0.2   0.82   4.58 8090.8     0.00   0.00    0.0  0.007  0.008  0.008  0.008  0.007  0.007
05:31:16 847.43   15.1   36.0   1537    3.9    139    6.5    29.0   0.2   0.82   4.57 8091.8     0.00   0.00    0.0  0.007  0.008  0.008  0.008  0.007  0.007
05:31:17 847.52   15.1   36.0   1536    3.9    138    6.5    29.0   0.2   0.82   4.57 8092.8     0.00   0.00    0.0  0.007  0.008  0.008  0.008  0.007  0.008
05:31:19 847.70   15.1   36.0   1534    3.8    138    6.5    29.0   0.2   0.82   4.58 8094.8     0.00   0.00    0.0  0.007  0.008  0.008  0.008  0.007  0.007
05:31:20 847.74   15.1   36.0   1534    3.8    138    6.5    29.0   0.2   0.82   4.57 8095.8     0.00   0.00    0.0  0.007  0.008  0.008  0.008  0.007  0.007
05:31:21 847.98   15.1   36.0   1532    3.8    138    6.5    29.0   0.1   0.82   4.56 8096.8     0.00   0.00    0.0  0.007  0.008  0.008  0.008  0.007  0.007
05:31:23 847.90   15.1   36.1   1533    3.8    138    6.5    29.0   0.2   0.82   4.57 8098.8     0.00   0.00    0.0  0.007  0.008  0.008  0.008  0.007  0.007
05:31:24 847.88   15.1   36.1   1533    3.8    138    6.5    29.0   0.2   0.82   4.57 8099.8     0.00   0.00    0.0  0.007  0.008  0.008  0.008  0.007  0.007
05:31:25 847.77   15.1   36.0   1534    3.8    138    6.5    29.1   0.2   0.82   4.58 8100.8     0.00   0.00    0.0  0.007  0.008  0.008  0.008  0.007  0.007
05:31:26 848.24   15.1   36.0   1529    3.8    138    6.5    29.0   0.2   0.82   4.58 8101.8     0.00   0.00    0.0  0.007  0.008  0.008  0.008  0.007  0.008
05:31:27 848.41   15.1   36.0   1527    3.8    138    6.5    29.0   0.2   0.82   4.56 8102.8     0.00   0.00    0.0  0.007  0.008  0.008  0.008  0.007  0.007
05:31:28 848.34   15.1   36.0   1528    3.8    138    6.5    29.0   0.2   0.82   4.59 8103.8     0.00   0.00    0.0  0.007  0.008  0.008  0.008  0.007  0.007
05:31:29 848.17   15.1   36.0   1530    3.8    138    6.5    29.0   0.2   0.82   4.58 8104.8     0.00   0.00    0.0  0.007  0.008  0.008  0.008  0.007  0.007
05:31:30 848.39   15.2   36.0   1528    3.8    137    6.5    29.0   0.2   0.82   4.58 8105.8     0.00   0.00    0.0  0.007  0.008  0.008  0.008  0.007  0.007
05:31:31 848.23   15.1   36.0   1529    3.8    136    6.5    29.0   0.2   0.82   4.58 8106.8     0.00   0.00    0.0  0.007  0.008  0.008  0.008  0.007  0.008
05:31:32 848.51   15.2   36.0   1526    3.7    136    6.5    29.0   0.2   0.82   4.59 8107.8     0.00   0.00    0.0  0.007  0.008  0.008  0.008  0.007  0.007
05:31:33 848.62   15.1   36.0   1525    3.7    137    6.5    28.9   0.2   0.82   4.57 8108.8     0.00   0.00    0.0  0.007  0.008  0.008  0.008  0.007  0.007
05:31:34 848.48   15.1   36.0   1527    3.7    137    6.5    29.0   0.2   0.82   4.57 8109.8     0.00   0.00    0.0  0.007  0.008  0.008  0.008  0.007  0.007
05:31:35 848.56   15.1   35.9   1526    3.7    137    6.5    29.0   0.2   0.82   4.56 8110.8     0.00   0.00    0.0  0.007  0.008  0.008  0.008  0.007  0.008
05:31:37 848.77   15.1   36.0   1524    3.7    138    6.5    29.0   0.2   0.82   4.57 8112.8     0.00   0.00    0.0  0.007  0.008  0.008  0.008  0.007  0.007
05:31:40 848.85   15.1   36.0   1523    3.8    143    6.5    28.9   0.2   0.82   4.57 8115.8     0.00   0.00    0.0  0.007  0.008  0.008  0.008  0.007  0.007
05:31:41 848.90   15.1   36.0   1522    3.8    143    6.5    28.9   0.2   0.82   4.58 8116.8     0.00   0.00    0.0  0.007  0.008  0.008  0.008  0.007  0.007
05:31:43 849.15   15.1   36.0   1520    3.9    144    6.5    28.9   0.2   0.82   4.58 8118.8     0.00   0.00    0.0  0.007  0.008  0.008  0.008  0.007  0.008
05:31:44 849.20   15.1   36.0   1520    3.8    145    6.5    28.9   0.2   0.82   4.58 8119.8     0.00   0.00    0.0  0.007  0.008  0.008  0.008  0.007  0.007
05:31:45 849.34   15.1   36.1   1518    3.9    145    6.5    28.9   0.2   0.82   4.57 8120.8     0.00   0.00    0.0  0.007  0.008  0.008  0.008  0.007  0.007
05:31:46 849.35   15.2   36.0   1518    3.9    145    6.5    28.9   0.2   0.82   4.59 8121.8     0.00   0.00    0.0  0.007  0.008  0.008  0.008  0.007  0.007
05:31:48 849.71   15.1   36.1   1514    3.9    144    6.5    28.8   0.2   0.82   4.57 8123.8     0.00   0.00    0.0  0.007  0.008  0.008  0.008  0.007  0.007
05:31:49 849.69   15.1   36.0   1515    3.9    145    6.5    28.9   0.2   0.82   4.57 8124.8     0.00   0.00    0.0  0.007  0.008  0.008  0.008  0.007  0.008
05:31:50 849.81   15.1   36.1   1513    3.9    145    6.5    28.9   0.2   0.82   4.59 8125.8     0.00   0.00    0.0  0.007  0.008  0.008  0.008  0.007  0.008
05:31:51 849.59   15.1   36.1   1516    3.9    143    6.5    28.9   0.2   0.82   4.59 8126.8     0.00   0.00    0.0  0.007  0.008  0.008  0.008  0.007  0.007
05:31:52 849.58   15.1   36.1   1516    3.9    146    6.5    28.9   0.3   0.82   4.59 8127.8     0.00   0.00    0.0  0.007  0.008  0.008  0.008  0.007  0.007
05:31:53 849.93   15.1   36.1   1512    3.9    147    6.5    28.8   0.2   0.82   4.58 8128.8     0.00   0.00    0.0  0.007  0.008  0.008  0.008  0.007  0.007
05:31:54 849.98   15.1   36.1   1512    3.9    147    6.5    28.8   0.2   0.82   4.57 8129.8     0.00   0.00    0.0  0.007  0.008  0.008  0.008  0.007  0.008
05:31:55 850.07   15.2   36.1   1511    3.9    147    6.5    28.8   0.2   0.82   4.58 8130.8     0.00   0.00    0.0  0.007  0.008  0.008  0.008  0.007  0.008
05:31:56 849.98   15.1   36.1   1512    3.9    147    6.5    28.8   0.3   0.82   4.59 8131.8     0.00   0.00    0.0  0.007  0.008  0.008  0.008  0.007  0.007
05:31:58 850.00   15.1   36.1   1512    3.9    145    6.5    28.8   0.2   0.82   4.58 8133.8     0.00   0.00    0.0  0.007  0.008  0.008  0.008  0.007  0.008
05:31:59 850.09   15.1   36.1   1511    3.9    146    6.5    28.8   0.2   0.82   4.59 8134.8     0.00   0.00    0.0  0.007  0.008  0.008  0.008  0.007  0.007
05:32:00 850.23   15.2   36.1   1509    3.9    144    6.5    28.8   0.3   0.82   4.59 8135.8     0.00   0.00    0.0  0.007  0.008  0.008  0.008  0.007  0.008
05:32:02 850.30   15.1   36.1   1509    4.0    144    6.5    28.8   0.2   0.82   4.58 8137.8     0.00   0.00    0.0  0.007  0.008  0.008  0.008  0.007  0.007
05:32:04 850.61   15.2   36.1   1505    4.0    144    6.5    28.8   0.3   0.82   4.59 8139.8     0.00   0.00    0.0  0.007  0.008  0.008  0.008  0.007  0.007
05:32:07 850.79   15.2   36.1   1504    4.0    147    6.5    28.8   0.3   0.82   4.60 8142.8     0.00   0.00    0.0  0.007  0.008  0.008  0.008  0.007  0.007
05:32:08 850.97   15.2   36.1   1502    4.1    146    6.5    28.8   0.3   0.82   4.59 8143.8     0.00   0.00    0.0  0.007  0.008  0.008  0.008  0.007  0.008
05:32:09 850.76   15.2   36.1   1504    4.1    146    6.5    28.8   0.3   0.82   4.60 8144.8     0.00   0.00    0.0  0.007  0.008  0.008  0.008  0.007  0.008
05:32:10 850.99   15.2   36.1   1502    4.1    146    6.5    28.8   0.3   0.82   4.60 8145.8     0.00   0.00    0.0  0.007  0.008  0.008  0.008  0.007  0.007
05:32:11 850.86   15.2   36.1   1503    4.2    147    6.5    28.8   0.3   0.82   4.58 8146.8     0.00   0.00    0.0  0.007  0.008  0.008  0.008  0.007  0.008
05:32:12 851.06   15.2   36.0   1501    4.2    148    6.5    28.8   0.3   0.82   4.59 8147.8     0.00   0.00    0.0  0.007  0.008  0.008  0.008  0.007  0.008
05:32:14 851.20   15.2   36.1   1500    4.2    148    6.5    28.8   0.3   0.82   4.59 8149.8     0.00   0.00    0.0  0.007  0.008  0.008  0.008  0.007  0.007
05:32:15 851.31   15.2   36.0   1499    4.2    150    6.5    28.8   0.3   0.82   4.59 8150.8     0.00   0.00    0.0  0.007  0.008  0.008  0.008  0.007  0.007
05:32:17 851.51   15.2   36.0   1497    4.2    149    6.5    28.8   0.3   0.82   4.58 8152.8     0.00   0.00    0.0  0.007  0.008  0.008  0.008  0.007  0.007
05:32:18 851.49   15.2   36.0   1497    4.2    148    6.5    28.8   0.3   0.82   4.59 8153.8     0.00   0.00    0.0  0.007  0.008  0.008  0.008  0.007  0.008
05:32:19 851.65   15.2   36.0   1495    4.3    149    6.5    28.8   0.3   0.82   4.58 8154.8     0.00   0.00    0.0  0.007  0.008  0.008  0.008  0.007  0.008
05:32:20 851.67   15.2   36.0   1495    4.2    151    6.5    28.8   0.3   0.82   4.59 8155.8     0.00   0.00    0.0  0.007  0.008  0.008  0.008  0.007  0.008
05:32:22 851.78   15.3   36.0   1494    4.2    152    6.5    28.8   0.3   0.82   4.60 8157.8     0.00   0.00    0.0  0.007  0.008  0.008  0.008  0.007  0.007
05:32:23 851.87   15.2   36.0   1493    4.3    151    6.5    28.8   0.3   0.82   4.59 8158.8     0.00   0.00    0.0  0.007  0.008  0.008  0.008  0.007  0.007
05:32:24 851.79   15.3   36.0   1494    4.3    152    6.5    28.8   0.3   0.82   4.60 8159.8     0.00   0.00    0.0  0.007  0.008  0.008  0.008  0.007  0.007
05:32:25 851.95   15.3   36.0   1492    4.2    154    6.5    28.8   0.3   0.82   4.60 8160.8     0.00   0.00    0.0  0.007  0.008  0.008  0.008  0.007  0.007
05:32:27 852.05   15.3   35.9   1491    4.2    154    6.5    28.8   0.3   0.82   4.60 8162.8     0.00   0.00    0.0  0.007  0.008  0.008  0.008  0.007  0.008
05:32:30 852.36   15.3   36.0   1488    4.2    155    6.5    28.8   0.3   0.82   4.60 8165.8     0.00   0.00    0.0  0.007  0.008  0.008  0.008  0.007  0.008
05:32:32 852.50   15.2   36.1   1487    4.1    159    6.5    28.7   0.3   0.82   4.59 8167.8     0.00   0.00    0.0  0.007  0.008  0.008  0.008  0.007  0.008
05:32:33 852.44   15.2   36.1   1487    4.0    158    6.5    28.7   0.3   0.82   4.59 8168.8     0.00   0.00    0.0  0.007  0.008  0.008  0.008  0.007  0.007
05:32:34 852.40   15.3   36.1   1488    4.0    156    6.5    28.7   0.3   0.82   4.61 8169.8     0.00   0.00    0.0  0.007  0.008  0.008  0.008  0.007  0.008
05:32:36 852.51   15.3   36.1   1487    4.0    157    6.5    28.7   0.3   0.82   4.60 8171.8     0.00   0.00    0.0  0.007  0.008  0.008  0.008  0.007  0.008
05:32:37 852.56   15.3   36.2   1486    4.0    157    6.5    28.7   0.4   0.82   4.62 8172.8     0.00   0.00    0.0  0.007  0.008  0.008  0.008  0.007  0.008
05:32:41 853.13   15.3   36.1   1480    4.0    156    6.5    28.7   0.4   0.82   4.61 8176.8     0.00   0.00    0.0  0.007  0.008  0.008  0.008  0.007  0.007
05:32:43 853.35   15.3   36.1   1478    4.0    163    6.5    28.6   0.4   0.82   4.61 8178.8     0.00   0.00    0.0  0.007  0.008  0.008  0.008  0.007  0.008
05:32:44 853.34   15.3   36.1   1478    4.0    157    6.5    28.6   0.3   0.82   4.60 8179.7     0.00   0.00    0.0  0.007  0.008  0.008  0.008  0.007  0.008
05:32:46 853.57   15.3   36.1   1476    3.9    157    6.5    28.6   0.4   0.82   4.61 8181.7     0.00   0.00    0.0  0.007  0.008  0.008  0.008  0.007  0.008
05:32:47 853.52   15.3   36.2   1477    3.9    157    6.5    28.6   0.4   0.82   4.62 8182.7     0.00   0.00    0.0  0.007  0.008  0.008  0.008  0.007  0.008
05:32:49 853.58   15.3   36.2   1476    3.9    157    6.5    28.6   0.4   0.82   4.62 8184.8     0.00   0.00    0.0  0.007  0.008  0.008  0.008  0.007  0.008
05:32:51 853.69   15.3   36.1   1475    3.9    162    6.5    28.7   0.4   0.82   4.62 8186.7     0.00   0.00    0.0  0.007  0.008  0.008  0.008  0.007  0.008
05:32:52 853.71   15.3   36.1   1475    3.9    162    6.5    28.7   0.4   0.82   4.62 8187.7     0.00   0.00    0.0  0.007  0.008  0.008  0.008  0.007  0.008
05:32:53 853.62   15.3   36.1   1476    3.8    167    6.5    28.7   0.4   0.82   4.63 8188.7     0.00   0.00    0.0  0.007  0.008  0.008  0.008  0.007  0.008
05:32:54 853.76   15.3   36.2   1474    3.8    166    6.5    28.7   0.4   0.82   4.63 8189.7     0.00   0.00    0.0  0.007  0.008  0.008  0.008  0.007  0.008
05:32:58 853.93   15.4   36.0   1473    3.7    161    6.5    28.7   0.5   0.82   4.63 8193.7     0.00   0.00    0.0  0.007  0.008  0.008  0.008  0.007  0.008
05:33:01 854.13   15.3   36.1   1471    3.4    154    6.5    28.6   0.4   0.82   4.63 8196.7     0.00   0.00    0.0  0.007  0.008  0.008  0.008  0.007  0.008
05:33:02 854.47   15.4   36.1   1467    3.4    163    6.5    28.6   0.5   0.82   4.63 8197.7     0.00   0.00    0.0  0.007  0.008  0.008  0.008  0.007  0.008
05:33:04 854.62   15.3   36.2   1466    3.4    155    6.5    28.6   0.4   0.82   4.62 8199.7     0.00   0.00    0.0  0.007  0.008  0.008  0.008  0.007  0.008
05:33:05 854.64   15.4   36.2   1465    3.3    161    6.5    28.6   0.5   0.82   4.64 8200.7     0.00   0.00    0.0  0.007  0.008  0.008  0.008  0.007  0.008
05:33:08 854.84   15.4   36.1   1464    3.4    167    6.5    28.6   0.5   0.82   4.64 8203.7     0.00   0.00    0.0  0.007  0.008  0.008  0.008  0.007  0.008
05:33:10 855.00   15.3   36.2   1462    3.5    173    6.5    28.5   0.5   0.82   4.63 8205.7     0.00   0.00    0.0  0.007  0.008  0.008  0.008  0.007  0.008
05:33:11 855.18   15.4   36.2   1460    3.5    173    6.5    28.6   0.5   0.82   4.65 8206.7     0.00   0.00    0.0  0.007  0.008  0.008  0.008  0.007  0.008
05:33:12 855.26   15.4   36.2   1459    3.5    167    6.5    28.6   0.5   0.82   4.64 8207.7     0.00   0.00    0.0  0.007  0.008  0.008  0.008  0.007  0.008
05:33:13 855.34   15.4   36.1   1459    3.4    167    6.5    28.6   0.5   0.82   4.63 8208.7     0.00   0.00    0.0  0.007  0.008  0.008  0.008  0.007  0.008
05:33:14 855.21   15.4   36.2   1460    3.4    166    6.5    28.6   0.5   0.82   4.65 8209.7     0.00   0.00    0.0  0.007  0.008  0.008  0.008  0.007  0.008
05:33:15 855.29   15.4   36.1   1459    3.3    171    6.5    28.6   0.5   0.82   4.64 8210.7     0.00   0.00    0.0  0.007  0.008  0.008  0.008  0.007  0.008
05:33:16 855.19   15.4   36.2   1460    3.3    167    6.5    28.6   0.5   0.82   4.64 8211.7     0.00   0.00    0.0  0.007  0.008  0.008  0.008  0.007  0.008
05:33:18 855.43   15.4   36.2   1458    3.3    171    6.5    28.6   0.5   0.82   4.66 8213.7     0.00   0.00    0.0  0.007  0.008  0.008  0.008  0.007  0.008
05:33:19 855.53   15.4   36.2   1457    3.3    168    6.5    28.6   0.5   0.82   4.65 8214.7     0.00   0.00    0.0  0.007  0.008  0.008  0.008  0.007  0.008
05:33:20 855.50   15.4   36.2   1457    3.4    167    6.5    28.6   0.5   0.82   4.64 8215.7     0.00   0.00    0.0  0.007  0.008  0.008  0.008  0.007  0.008
05:33:24 855.91   15.5   36.2   1453    3.5    166    6.5    28.6   0.6   0.82   4.66 8219.7     0.00   0.00    0.0  0.007  0.008  0.008  0.008  0.007  0.008
05:33:25 855.79   15.4   36.2   1454    3.5    166    6.5    28.6   0.5   0.82   4.66 8220.7     0.00   0.00    0.0  0.007  0.008  0.008  0.008  0.007  0.008
05:33:26 856.07   15.5   36.2   1451    3.5    163    6.5    28.6   0.6   0.82   4.66 8221.7     0.00   0.00    0.0  0.007  0.008  0.008  0.008  0.007  0.008
05:33:27 856.10   15.5   36.2   1451    3.5    169    6.5    28.6   0.6   0.82   4.66 8222.7     0.00   0.00    0.0  0.007  0.008  0.008  0.008  0.007  0.008
05:33:28 856.05   15.4   36.2   1452    3.5    170    6.5    28.5   0.5   0.82   4.65 8223.7     0.00   0.00    0.0  0.007  0.008  0.008  0.008  0.007  0.008
05:33:30 856.16   15.5   36.2   1450    3.5    169    6.5    28.6   0.5   0.82   4.65 8225.7     0.00   0.00    0.0  0.007  0.008  0.008  0.008  0.007  0.008
05:33:33 856.30   15.5   36.4   1449    3.4    174    6.5    28.5   0.7   0.82   4.69 8228.7     0.00   0.00    0.0  0.007  0.008  0.008  0.008  0.007  0.008
05:33:34 856.72   15.5   36.5   1445    3.4    176    6.5    28.5   0.7   0.82   4.69 8229.7     0.00   0.00    0.0  0.007  0.008  0.008  0.008  0.007  0.008
05:33:35 856.64   15.4   36.5   1446    3.4    173    6.5    28.5   0.6   0.82   4.68 8230.7     0.00   0.00    0.0  0.007  0.008  0.008  0.008  0.007  0.008
05:33:36 856.68   15.5   36.5   1445    3.5    175    6.5    28.5   0.7   0.82   4.70 8231.7     0.00   0.00    0.0  0.007  0.008  0.008  0.008  0.007  0.008
05:33:38 856.90   15.5   36.6   1443    3.5    171    6.5    28.5   0.7   0.82   4.71 8233.7     0.00   0.00    0.0  0.007  0.008  0.008  0.008  0.007  0.008
05:33:39 856.80   15.4   36.6   1444    3.5    172    6.5    28.5   0.7   0.82   4.70 8234.7     0.00   0.00    0.0  0.007  0.008  0.008  0.008  0.007  0.008
05:33:41 857.14   15.4   36.6   1441    3.4    176    6.5    28.4   0.7   0.82   4.69 8236.7     0.00   0.00    0.0  0.007  0.008  0.008  0.008  0.007  0.008
05:33:42 856.97   15.4   36.7   1442    3.3    176    6.5    28.4   0.7   0.82   4.70 8237.7     0.00   0.00    0.0  0.007  0.008  0.008  0.008  0.007  0.008
05:33:45 856.97   15.4   36.8   1442    3.3    170    6.5    28.4   0.8   0.83   4.73 8240.7     0.00   0.00    0.0  0.007  0.008  0.008  0.008  0.007  0.008
05:33:46 857.43   15.5   36.8   1438    3.4    174    6.5    28.4   0.8   0.83   4.73 8241.7     0.00   0.00    0.0  0.007  0.008  0.008  0.008  0.007  0.008
05:33:47 857.54   15.5   36.7   1437    3.4    174    6.5    28.4   0.8   0.83   4.72 8242.7     0.00   0.00    0.0  0.007  0.008  0.008  0.008  0.007  0.008
05:33:48 857.74   15.5   36.7   1435    3.4    178    6.4    28.4   0.8   0.83   4.73 8243.7     0.00   0.00    0.0  0.007  0.008  0.008  0.008  0.007  0.008
05:33:50 857.39   15.5   36.8   1438    3.1    180    6.4    28.5   0.8   0.83   4.74 8245.7     0.00   0.00    0.0  0.007  0.008  0.008  0.008  0.007  0.008
05:33:51 857.63   15.5   36.8   1436    3.1    179    6.5    28.5   0.8   0.83   4.74 8246.7     0.00   0.00    0.0  0.007  0.008  0.008  0.008  0.007  0.008
05:33:52 857.73   15.5   36.8   1435    3.0    173    6.5    28.4   0.8   0.83   4.72 8247.7     0.00   0.00    0.0  0.007  0.008  0.008  0.008  0.007  0.008
05:33:53 857.99   15.5   36.8   1432    3.0    172    6.4    28.4   0.8   0.83   4.74 8248.7     0.00   0.00    0.0  0.007  0.008  0.008  0.008  0.007  0.008
05:33:54 858.05   15.5   36.7   1432    3.1    179    6.4    28.4   0.8   0.83   4.73 8249.7     0.00   0.00    0.0  0.007  0.008  0.008  0.008  0.007  0.008
05:33:55 857.77   15.5   36.8   1435    3.2    188    6.5    28.5   0.8   0.83   4.74 8250.7     0.00   0.00    0.0  0.007  0.008  0.008  0.008  0.007  0.008
05:33:56 858.14   15.5   36.8   1431    3.2    189    6.4    28.4   0.9   0.83   4.75 8251.7     0.00   0.00    0.0  0.007  0.008  0.008  0.008  0.007  0.008
05:33:57 858.14   15.5   36.8   1431    3.3    192    6.5    28.4   0.8   0.83   4.74 8252.7     0.00   0.00    0.0  0.007  0.008  0.008  0.008  0.007  0.008
05:33:59 858.32   15.5   36.8   1429    3.5    182    6.4    28.4   0.9   0.83   4.75 8254.7     0.00   0.00    0.0  0.008  0.008  0.008  0.008  0.007  0.008
05:34:01 858.29   15.5   36.8   1429    3.5    180    6.5    28.4   0.8   0.83   4.74 8256.7     0.00   0.00    0.0  0.007  0.008  0.008  0.008  0.007  0.008
05:34:02 858.45   15.5   36.8   1428    3.5    181    6.5    28.4   0.8   0.83   4.73 8257.7     0.00   0.00    0.0  0.007  0.008  0.008  0.008  0.007  0.008
05:34:04 858.54   15.5   36.7   1427    3.6    184    6.5    28.4   0.8   0.83   4.73 8259.7     0.00   0.00    0.0  0.007  0.008  0.008  0.008  0.007  0.008
05:34:05 858.86   15.5   36.7   1424    3.8    183    6.4    28.4   0.8   0.83   4.73 8260.7     0.00   0.00    0.0  0.007  0.008  0.008  0.008  0.007  0.008
05:34:08 859.14   15.5   36.8   1421    4.0    187    6.5    28.3   0.8   0.83   4.74 8263.7     0.00   0.00    0.0  0.007  0.008  0.008  0.008  0.007  0.008
05:34:09 859.11   15.5   36.7   1421    4.0    187    6.4    28.3   0.8   0.83   4.73 8264.7     0.00   0.00    0.0  0.007  0.008  0.008  0.008  0.007  0.008
05:34:11 859.35   15.5   36.7   1419    4.0    187    6.4    28.3   0.8   0.83   4.72 8266.7     0.00   0.00    0.0  0.007  0.008  0.008  0.008  0.007  0.008
05:34:12 859.28   15.6   36.7   1420    4.0    191    6.4    28.4   0.9   0.83   4.75 8267.7     0.00   0.00    0.0  0.007  0.008  0.008  0.008  0.007  0.008
05:34:13 859.06   15.6   36.7   1422    4.0    192    6.4    28.4   0.8   0.83   4.74 8268.7     0.00   0.00    0.0  0.007  0.008  0.008  0.008  0.007  0.008
05:34:14 859.43   15.6   36.8   1418    4.0    194    6.4    28.3   0.9   0.83   4.75 8269.7     0.00   0.00    0.0  0.007  0.008  0.008  0.008  0.007  0.008
05:34:15 859.28   15.5   36.8   1420    4.0    192    6.4    28.3   0.8   0.83   4.74 8270.7     0.00   0.00    0.0  0.007  0.008  0.008  0.008  0.007  0.008
05:34:16 859.38   15.5   36.8   1419    3.9    192    6.4    28.3   0.8   0.83   4.74 8271.7     0.00   0.00    0.0  0.007  0.008  0.008  0.008  0.007  0.008
05:34:19 859.68   15.6   36.8   1416    4.0    192    6.4    28.3   0.9   0.83   4.75 8274.7     0.00   0.00    0.0  0.007  0.008  0.008  0.008  0.007  0.008
05:34:20 859.61   15.6   36.8   1416    4.0    188    6.4    28.3   0.9   0.83   4.75 8275.7     0.00   0.00    0.0  0.007  0.008  0.008  0.008  0.007  0.008
05:34:21 859.87   15.6   36.8   1414    4.1    191    6.4    28.3   0.9   0.83   4.75 8276.7     0.00   0.00    0.0  0.007  0.008  0.008  0.008  0.007  0.008
05:34:22 859.86   15.6   36.8   1414    4.1    187    6.4    28.3   0.9   0.83   4.75 8277.7     0.00   0.00    0.0  0.007  0.008  0.008  0.008  0.007  0.008
05:34:24 860.17   15.6   36.8   1411    4.2    190    6.4    28.3   0.9   0.83   4.74 8279.7     0.00   0.00    0.0  0.007  0.008  0.008  0.008  0.007  0.008
05:34:25 860.15   15.6   36.7   1411    4.2    191    6.4    28.3   0.9   0.83   4.75 8280.7     0.00   0.00    0.0  0.007  0.008  0.008  0.008  0.007  0.008
05:34:27 860.40   15.6   36.8   1409    4.1    194    6.4    28.3   0.9   0.83   4.74 8282.6     0.00   0.00    0.0  0.007  0.008  0.008  0.008  0.007  0.008
05:34:28 860.17   15.6   36.7   1411    4.1    194    6.4    28.3   0.9   0.83   4.75 8283.6     0.00   0.00    0.0  0.007  0.008  0.008  0.008  0.007  0.008
05:34:33 860.68   15.5   37.2   1406    4.0    198    6.4    28.2   1.0   0.83   4.78 8288.6     0.00   0.00    0.0  0.007  0.008  0.008  0.008  0.007  0.008
05:34:34 860.77   15.5   37.3   1405    4.0    197    6.4    28.1   1.0   0.83   4.79 8289.6     0.00   0.00    0.0  0.007  0.008  0.008  0.008  0.007  0.008
05:34:37 860.85   15.5   37.4   1404    3.8    193    6.4    28.1   1.0   0.83   4.79 8292.6     0.00   0.00    0.0  0.007  0.008  0.008  0.008  0.007  0.008
05:34:38 861.06   15.5   37.5   1402    3.8    192    6.4    28.1   1.0   0.83   4.80 8293.6     0.00   0.00    0.0  0.007  0.008  0.008  0.008  0.007  0.008
05:34:39 861.00   15.4   37.5   1403    3.7    195    6.4    28.0   1.0   0.83   4.79 8294.6     0.00   0.00    0.0  0.007  0.008  0.008  0.008  0.007  0.008
05:34:41 861.03   15.5   37.6   1402    3.6    192    6.4    28.1   1.1   0.83   4.81 8296.6     0.00   0.00    0.0  0.007  0.008  0.008  0.008  0.007  0.008
05:34:42 861.09   15.4   37.7   1402    3.6    188    6.4    28.0   1.1   0.83   4.80 8297.6     0.00   0.00    0.0  0.007  0.008  0.008  0.008  0.007  0.008
05:34:43 861.20   15.4   37.8   1401    3.5    189    6.4    28.0   1.1   0.83   4.82 8298.6     0.00   0.00    0.0  0.007  0.008  0.008  0.008  0.007  0.008
05:34:45 861.66   15.4   37.8   1396    3.5    192    6.4    28.0   1.2   0.83   4.83 8300.6     0.00   0.00    0.0  0.007  0.008  0.008  0.008  0.007  0.008
05:34:46 861.54   15.4   37.8   1397    3.5    193    6.4    28.0   1.1   0.83   4.82 8301.6     0.00   0.00    0.0  0.007  0.008  0.008  0.008  0.007  0.008
05:34:47 861.69   15.4   37.8   1396    3.5    197    6.4    28.0   1.1   0.83   4.82 8302.6     0.00   0.00    0.0  0.007  0.008  0.008  0.008  0.007  0.008
05:34:48 861.57   15.4   37.9   1397    3.6    197    6.4    28.0   1.2   0.83   4.83 8303.6     0.00   0.00    0.0  0.007  0.008  0.008  0.008  0.007  0.008
05:34:49 861.42   15.4   37.8   1398    3.6    196    6.4    28.0   1.2   0.83   4.83 8304.6     0.00   0.00    0.0  0.007  0.008  0.008  0.008  0.007  0.008
05:34:51 861.75   15.5   37.9   1395    3.8    200    6.4    28.0   1.2   0.83   4.85 8306.6     0.00   0.00    0.0  0.007  0.008  0.008  0.008  0.007  0.008
05:34:55 862.34   15.4   38.1   1389    3.8    200    6.4    27.8   1.2   0.83   4.84 8310.6     0.00   0.00    0.0  0.007  0.008  0.008  0.008  0.007  0.008
05:34:56 862.10   15.4   38.2   1392    3.7    205    6.4    27.9   1.2   0.83   4.86 8311.6     0.00   0.00    0.0  0.007  0.008  0.008  0.008  0.007  0.008
05:34:57 862.15   15.4   38.2   1391    3.8    205    6.4    27.9   1.3   0.83   4.87 8312.6     0.00   0.00    0.0  0.007  0.008  0.008  0.008  0.007  0.008
05:34:58 862.29   15.4   38.1   1390    3.7    205    6.4    27.9   1.2   0.83   4.84 8313.6     0.00   0.00    0.0  0.007  0.008  0.008  0.008  0.007  0.008
05:34:59 862.30   15.4   38.1   1390    3.7    208    6.4    27.9   1.2   0.83   4.85 8314.6     0.00   0.00    0.0  0.007  0.008  0.008  0.008  0.007  0.008
05:35:00 862.36   15.4   38.0   1389    3.7    207    6.4    27.9   1.2   0.83   4.85 8315.6     0.00   0.00    0.0  0.007  0.008  0.008  0.008  0.007  0.008
05:35:05 862.76   15.3   38.6   1385    3.3    198    6.4    27.7   1.3   0.83   4.88 8320.6     0.00   0.00    0.0  0.007  0.008  0.008  0.008  0.007  0.008
05:35:07 862.95   15.3   38.6   1384    3.2    193    6.4    27.7   1.3   0.83   4.89 8322.6     0.00   0.00    0.0  0.008  0.008  0.008  0.008  0.007  0.008
05:35:10 863.19   15.2   39.0   1381    2.9    190    6.4    27.6   1.4   0.83   4.90 8325.6     0.00   0.00    0.0  0.007  0.008  0.008  0.008  0.007  0.008
05:35:11 863.30   15.1   39.2   1380    2.9    188    6.4    27.5   1.4   0.83   4.89 8326.6     0.00   0.00    0.0  0.007  0.008  0.008  0.008  0.007  0.008
05:35:13 863.41   15.1   39.4   1379    2.8    183    6.4    27.5   1.4   0.83   4.92 8328.6     0.00   0.00    0.0  0.008  0.008  0.008  0.008  0.007  0.008
05:35:14 863.38   15.0   39.7   1379    2.8    179    6.4    27.4   1.4   0.83   4.93 8329.6     0.00   0.00    0.0  0.008  0.008  0.008  0.008  0.007  0.008
05:35:15 863.52   15.0   40.0   1378    2.7    181    6.4    27.3   1.5   0.83   4.94 8330.6     0.00   0.00    0.0  0.008  0.008  0.008  0.008  0.007  0.008
05:35:16 863.51   14.8   40.4   1378    2.8    182    6.4    27.2   1.5   0.83   4.95 8331.6     0.00   0.00    0.0  0.007  0.008  0.008  0.008  0.007  0.008
05:35:19 863.73   14.8   40.9   1376    2.7    180    6.4    27.1   1.6   0.83   4.99 8334.6     0.00   0.00    0.0  0.007  0.008  0.008  0.008  0.007  0.008
05:35:20 863.84   14.7   41.1   1375    2.7    179    6.4    27.0   1.6   0.83   4.99 8335.6     0.00   0.00    0.0  0.007  0.008  0.008  0.008  0.007  0.008
05:35:21 863.86   14.7   41.2   1375    2.7    179    6.4    27.0   1.6   0.83   5.00 8336.6     0.00   0.00    0.0  0.008  0.008  0.008  0.008  0.007  0.008
05:35:24 864.01   14.7   41.6   1373    2.6    178    6.4    26.9   1.8   0.83   5.04 8339.6     0.00   0.00    0.0  0.007  0.008  0.008  0.008  0.007  0.008
05:35:25 864.35   14.6   41.8   1370    2.5    176    6.4    26.8   1.8   0.83   5.04 8340.6     0.00   0.00    0.0  0.007  0.008  0.008  0.008  0.007  0.008
05:35:26 864.28   14.6   41.9   1370    2.5    175    6.4    26.8   1.8   0.83   5.04 8341.6     0.00   0.00    0.0  0.007  0.008  0.008  0.008  0.007  0.008
05:35:27 864.19   14.6   42.0   1371    2.5    180    6.4    26.8   1.8   0.84   5.06 8342.6     0.00   0.00    0.0  0.008  0.008  0.008  0.008  0.007  0.008
05:35:28 864.45   14.6   42.1   1369    2.5    187    6.4    26.8   1.9   0.84   5.08 8343.6     0.00   0.00    0.0  0.007  0.008  0.008  0.008  0.007  0.008
05:35:29 864.30   14.5   42.2   1370    2.5    189    6.4    26.8   1.9   0.84   5.07 8344.6     0.00   0.00    0.0  0.007  0.008  0.008  0.008  0.007  0.008
05:35:30 864.58   14.5   42.2   1368    2.5    188    6.4    26.7   1.8   0.84   5.06 8345.6     0.00   0.00    0.0  0.007  0.008  0.008  0.008  0.007  0.008
05:35:31 864.62   14.4   42.4   1367    2.6    185    6.4    26.6   1.8   0.83   5.05 8346.6     0.00   0.00    0.0  0.007  0.008  0.008  0.008  0.007  0.008
05:35:32 864.56   14.4   42.4   1368    2.6    183    6.4    26.6   1.8   0.83   5.03 8347.6     0.00   0.00    0.0  0.007  0.008  0.008  0.008  0.007  0.008
05:35:33 864.65   14.3   42.5   1367    2.6    182    6.4    26.5   1.7   0.83   5.02 8348.6     0.00   0.00    0.0  0.008  0.008  0.008  0.008  0.007  0.008
05:35:37 865.29   14.1   43.0   1361    2.6    172    6.4    26.2   1.7   0.83   5.01 8352.6     0.00   0.00    0.0  0.007  0.008  0.008  0.008  0.007  0.008
05:35:38 865.17   14.0   43.1   1362    2.6    164    6.4    26.2   1.7   0.83   5.01 8353.6     0.00   0.00    0.0  0.007  0.008  0.008  0.008  0.007  0.008
05:35:39 865.30   13.9   43.2   1360    2.6    161    6.4    26.0   1.6   0.83   4.98 8354.6     0.00   0.00    0.0  0.007  0.008  0.008  0.008  0.007  0.008
05:35:40 865.33   13.6   43.3   1360    2.6    150    6.4    25.7   1.4   0.83   4.90 8355.6     0.00   0.00    0.0  0.007  0.008  0.008  0.008  0.007  0.008
05:35:41 865.23   13.7   43.4   1361    2.7    153    6.4    25.8   1.5   0.83   4.92 8356.6     0.00   0.00    0.0  0.007  0.008  0.008  0.008  0.007  0.008
05:35:42 865.31   13.6   43.6   1360    2.7    143    6.4    25.7   1.5   0.83   4.93 8357.6     0.00   0.00    0.0  0.007  0.008  0.008  0.008  0.007  0.008
05:35:46 865.76   13.3   44.3   1356    2.8    147    6.4    25.4   1.4   0.83   4.90 8361.6     0.00   0.00    0.0  0.007  0.008  0.008  0.008  0.007  0.008
05:35:47 865.79   13.3   44.4   1356    2.8    143    6.4    25.3   1.4   0.83   4.91 8362.6     0.00   0.00    0.0  0.007  0.008  0.008  0.008  0.007  0.008
05:35:48 865.79   13.3   44.6   1356    2.8    144    6.4    25.3   1.5   0.83   4.92 8363.6     0.00   0.00    0.0  0.008  0.008  0.008  0.008  0.007  0.008
05:35:53 866.05   13.1   45.1   1353    3.0    166    6.4    25.1   1.5   0.83   4.92 8368.6     0.00   0.00    0.0  0.007  0.008  0.008  0.008  0.007  0.008
05:35:56 866.13   13.0   45.4   1352    3.3    159    6.4    25.0   1.5   0.83   4.92 8371.6     0.00   0.00    0.0  0.007  0.008  0.008  0.008  0.007  0.008
05:35:57 866.34   13.1   45.5   1350    3.5    155    6.4    25.0   1.6   0.83   4.96 8372.6     0.00   0.00    0.0  0.007  0.008  0.008  0.008  0.007  0.008
05:35:59 866.66   13.0   45.6   1347    3.7    153    6.4    24.9   1.6   0.83   4.95 8374.6     0.00   0.00    0.0  0.007  0.008  0.008  0.008  0.007  0.008
05:36:00 866.74   13.0   45.6   1347    3.7    147    6.4    24.9   1.5   0.83   4.94 8375.6     0.00   0.00    0.0  0.007  0.008  0.008  0.008  0.007  0.008
05:36:01 866.73   13.0   45.6   1347    3.8    151    6.4    24.9   1.5   0.83   4.93 8376.6     0.00   0.00    0.0  0.007  0.008  0.008  0.008  0.007  0.008
05:36:03 866.89   12.9   45.8   1345    3.7    144    6.4    24.9   1.5   0.83   4.94 8378.6     0.00   0.00    0.0  0.007  0.008  0.008  0.008  0.007  0.008
05:36:04 866.87   13.0   45.8   1345    3.8    138    6.4    24.9   1.6   0.83   4.96 8379.6     0.00   0.00    0.0  0.007  0.008  0.008  0.008  0.007  0.008
05:36:08 867.35   12.7   46.1   1341    4.0    137    6.4    24.5   1.4   0.83   4.89 8383.5     0.00   0.00    0.0  0.007  0.008  0.008  0.008  0.007  0.008
05:36:09 867.19   12.7   46.2   1342    4.0    139    6.4    24.6   1.5   0.83   4.92 8384.5     0.00   0.00    0.0  0.007  0.008  0.008  0.008  0.007  0.008
05:36:10 867.46   12.6   46.3   1340    4.0    136    6.4    24.4   1.4   0.83   4.88 8385.5     0.00   0.00    0.0  0.007  0.008  0.008  0.008  0.007  0.008
05:36:11 867.54   12.5   46.4   1339    4.0    142    6.4    24.4   1.4   0.83   4.88 8386.5     0.00   0.00    0.0  0.007  0.008  0.008  0.008  0.007  0.008
05:36:12 867.65   12.5   46.5   1338    4.0    138    6.4    24.3   1.4   0.83   4.87 8387.5     0.00   0.00    0.0  0.007  0.008  0.008  0.008  0.007  0.008
05:36:13 867.51   12.5   46.6   1339    4.0    140    6.4    24.3   1.4   0.83   4.88 8388.5     0.00   0.00    0.0  0.007  0.008  0.008  0.008  0.007  0.008
05:36:14 867.81   12.5   46.7   1336    4.0    139    6.4    24.3   1.4   0.83   4.90 8389.5     0.00   0.00    0.0  0.007  0.008  0.008  0.008  0.007  0.008
05:36:15 867.78   12.4   46.8   1337    4.1    141    6.4    24.2   1.3   0.83   4.86 8390.5     0.00   0.00    0.0  0.007  0.008  0.008  0.008  0.007  0.008
05:36:18 867.94   12.0   47.4   1335    4.2    135    6.4    23.8   1.1   0.83   4.79 8393.5     0.00   0.00    0.0  0.008  0.008  0.008  0.008  0.007  0.008
05:36:19 868.11   11.9   47.5   1333    4.2    143    6.4    23.7   1.1   0.83   4.79 8394.5     0.00   0.00    0.0  0.007  0.008  0.008  0.008  0.007  0.008
05:36:20 867.96   11.7   47.8   1335    4.2    142    6.4    23.4   1.0   0.83   4.74 8395.5     0.00   0.00    0.0  0.007  0.008  0.008  0.008  0.007  0.008
05:36:21 868.20   11.6   48.1   1332    4.1    137    6.4    23.3   1.0   0.83   4.74 8396.5     0.00   0.00    0.0  0.007  0.008  0.008  0.008  0.007  0.008
05:36:22 868.39   11.4   48.4   1331    4.1    132    6.4    23.1   0.9   0.83   4.72 8397.5     0.00   0.00    0.0  0.007  0.008  0.008  0.008  0.007  0.008
05:36:23 868.35   11.1   48.9   1331    4.1    128    6.4    22.8   0.8   0.82   4.66 8398.5     0.00   0.00    0.0  0.007  0.008  0.008  0.008  0.007  0.008
05:36:24 868.35   11.0   49.3   1331    4.1    125    6.4    22.7   0.8   0.82   4.67 8399.5     0.00   0.00    0.0  0.007  0.008  0.008  0.008  0.007  0.008
05:36:25 868.53   10.8   49.9   1329    4.2    120    6.4    22.5   0.8   0.82   4.67 8400.5     0.00   0.00    0.0  0.007  0.008  0.008  0.008  0.007  0.008
05:36:26 868.61   10.6   50.3   1328    4.1    120    6.4    22.3   0.7   0.82   4.65 8401.5     0.00   0.00    0.0  0.007  0.008  0.008  0.008  0.007  0.008
05:36:27 868.65   10.3   51.7   1328    4.0    113    6.4    21.9   0.8   0.82   4.68 8402.5     0.00   0.00    0.0  0.007  0.008  0.008  0.008  0.007  0.007
05:36:27 868.69   10.5   51.4   1328    4.0    113    6.4    22.1   0.9   0.82   4.69 8403.5     0.00   0.00    0.0  0.007  0.008  0.008  0.008  0.007  0.008
05:36:29 868.67   10.4   51.9   1328    3.9    113    6.4    22.1   1.0   0.83   4.73 8404.5     0.00   0.00    0.0  0.007  0.008  0.008  0.008  0.007  0.007
05:36:32 868.88   10.2   53.5   1326    3.9    113    6.4    21.8   1.2   0.83   4.80 8407.5     0.00   0.00    0.0  0.007  0.008  0.008  0.008  0.007  0.008
05:36:33 868.84   10.1   54.2   1326    3.8    112    6.4    21.7   1.3   0.83   4.83 8408.5     0.00   0.00    0.0  0.007  0.008  0.008  0.008  0.007  0.008
05:36:34 868.94   10.0   54.9   1325    3.7    111    6.4    21.6   1.4   0.83   4.86 8409.5     0.00   0.00    0.0  0.007  0.008  0.008  0.008  0.007  0.007
05:36:35 869.13   10.0   55.5   1323    3.6    112    6.4    21.6   1.5   0.83   4.91 8410.5     0.00   0.00    0.0  0.007  0.008  0.008  0.008  0.007  0.007
05:36:38 869.44    9.8   57.2   1321    3.3    111    6.4    21.3   1.8   0.83   5.00 8413.5     0.00   0.00    0.0  0.007  0.008  0.008  0.008  0.007  0.008
05:36:39 869.64    9.7   57.7   1319    3.2    111    6.4    21.2   1.8   0.83   5.02 8414.5     0.00   0.00    0.0  0.007  0.008  0.008  0.008  0.007  0.007
05:36:40 869.48    9.7   58.3   1320    3.1    107    6.4    21.3   1.9   0.84   5.07 8415.5     0.00   0.00    0.0  0.007  0.008  0.008  0.008  0.007  0.007
05:36:41 869.64    9.6   59.1   1319    3.0    103    6.4    21.1   2.0   0.84   5.10 8416.5     0.00   0.00    0.0  0.007  0.008  0.008  0.008  0.007  0.007
05:36:42 869.49    9.6   59.8   1320    3.0    101    6.4    21.1   2.2   0.84   5.15 8417.5     0.00   0.00    0.0  0.007  0.008  0.008  0.008  0.007  0.007
05:36:43 869.61    9.5   60.5   1319    2.8    102    6.4    21.0   2.2   0.84   5.18 8418.5     0.00   0.00    0.0  0.007  0.008  0.008  0.008  0.007  0.007
05:36:44 869.73    9.5   61.2   1318    2.7    102    6.4    21.0   2.4   0.84   5.23 8419.5     0.00   0.00    0.0  0.007  0.008  0.008  0.008  0.007  0.008
05:36:45 869.59    9.5   61.4   1319    2.7    106    6.4    21.0   2.4   0.84   5.25 8420.5     0.00   0.00    0.0  0.007  0.008  0.008  0.008  0.007  0.007
05:36:46 869.74    9.4   62.0   1318    2.7    112    6.4    20.9   2.5   0.84   5.29 8421.5     0.00   0.00    0.0  0.007  0.008  0.008  0.008  0.007  0.008
05:36:48 869.68    9.3   63.1   1318    2.4    109    6.4    20.8   2.7   0.84   5.34 8423.5     0.00   0.00    0.0  0.007  0.008  0.008  0.008  0.007  0.007
05:36:49 869.99    9.3   63.8   1315    2.3    107    6.4    20.8   2.8   0.84   5.40 8424.5     0.00   0.00    0.0  0.007  0.008  0.008  0.008  0.007  0.007
05:36:51 870.10    9.2   65.0   1314    2.3    119    6.4    20.7   3.0   0.85   5.46 8426.5     0.00   0.00    0.0  0.007  0.008  0.008  0.008  0.007  0.007
05:36:52 870.21    9.3   65.3   1313    2.3     99    6.4    20.7   3.1   0.85   5.51 8427.5     0.00   0.00    0.0  0.007  0.008  0.008  0.008  0.007  0.007
05:36:53 869.95    9.2   65.9   1316    2.1    108    6.4    20.6   3.1   0.85   5.52 8428.5     0.00   0.00    0.0  0.007  0.008  0.008  0.008  0.007  0.007
05:36:54 870.25    9.3   65.5   1313    2.1    117    6.4    20.7   3.1   0.85   5.51 8429.5     0.00   0.00    0.0  0.007  0.008  0.008  0.008  0.007  0.007
05:36:55 870.16    9.3   65.0   1314    2.1    118    6.4    20.8   3.1   0.85   5.50 8430.5     0.00   0.00    0.0  0.007  0.008  0.008  0.008  0.007  0.007
05:36:57 870.15    9.3   65.6   1314    2.1    119    6.4    20.7   3.2   0.85   5.54 8432.5     0.00   0.00    0.0  0.007  0.008  0.008  0.008  0.007  0.007
05:36:59 870.08    9.3   66.0   1314    1.9    109    6.4    20.8   3.3   0.85   5.58 8434.5     0.00   0.00    0.0  0.007  0.008  0.008  0.008  0.007  0.007
05:37:00 870.20    9.2   66.8   1313    1.9    110    6.4    20.6   3.3   0.85   5.60 8435.5     0.00   0.00    0.0  0.007  0.008  0.008  0.008  0.007  0.007
05:37:03 870.27    9.1   68.2   1313    1.6    119    6.4    20.5   3.5   0.85   5.67 8438.5     0.00   0.00    0.0  0.007  0.008  0.008  0.008  0.007  0.007
05:37:04 870.60    9.1   68.6   1309    1.4    125    6.4    20.5   3.6   0.85   5.70 8439.5     0.00   0.00    0.0  0.007  0.008  0.008  0.008  0.007  0.007
05:37:05 870.26    9.0   68.9   1313    1.4    126    6.4    20.4   3.6   0.85   5.71 8440.5     0.00   0.00    0.0  0.007  0.008  0.008  0.008  0.007  0.007
05:37:06 870.28    9.0   69.4   1312    1.4    128    6.4    20.4   3.7   0.85   5.74 8441.5     0.00   0.00    0.0  0.007  0.008  0.008  0.008  0.007  0.007
05:37:07 870.23    9.0   69.5   1313    1.4    122    6.4    20.4   3.7   0.85   5.74 8442.5     0.00   0.00    0.0  0.007  0.008  0.008  0.008  0.007  0.007
05:37:09 870.18    9.0   69.8   1313    1.3    122    6.4    20.4   3.8   0.85   5.78 8444.5     0.00   0.00    0.0  0.007  0.008  0.008  0.008  0.007  0.007
05:37:10 870.42    9.0   69.9   1311    1.5    127    6.4    20.4   3.8   0.85   5.80 8445.5     0.00   0.00    0.0  0.007  0.008  0.008  0.008  0.007  0.007
05:37:11 870.38    9.0   70.1   1312    1.6    129    6.4    20.4   3.9   0.85   5.81 8446.5     0.00   0.00    0.0  0.007  0.008  0.008  0.008  0.007  0.007
05:37:12 870.41    9.0   70.7   1311    1.6    120    6.4    20.4   3.9   0.85   5.83 8447.5     0.00   0.00    0.0  0.007  0.008  0.008  0.008  0.007  0.007
05:37:13 870.18    9.0   71.0   1313    1.5    107    6.4    20.4   4.0   0.85   5.87 8449.5     0.00   0.00    0.0  0.007  0.008  0.008  0.008  0.007  0.007
05:37:15 870.34    8.8   71.3   1312    1.4    125    6.4    20.2   3.9   0.85   5.84 8450.5     0.00   0.00    0.0  0.007  0.008  0.008  0.008  0.007  0.007
05:37:17 870.42    9.0   71.0   1311    1.4    124    6.4    20.4   4.0   0.85   5.86 8452.5     0.00   0.00    0.0  0.007  0.008  0.008  0.008  0.007  0.007
05:37:18 870.20    9.0   71.4   1313    1.4    140    6.4    20.4   4.1   0.86   5.90 8453.5     0.00   0.00    0.0  0.007  0.008  0.008  0.008  0.007  0.007
05:37:19 870.30    8.9   71.2   1312    1.4    132    6.4    20.4   4.0   0.85   5.87 8454.5     0.00   0.00    0.0  0.007  0.008  0.008  0.008  0.007  0.007
05:37:20 870.55    8.9   71.5   1310    1.3    119    6.4    20.3   4.1   0.85   5.89 8455.5     0.00   0.00    0.0  0.007  0.008  0.008  0.008  0.007  0.007
05:37:21 870.58    8.9   71.8   1310    1.3    124    6.4    20.3   4.1   0.86   5.92 8456.5     0.00   0.00    0.0  0.007  0.008  0.008  0.008  0.007  0.007
05:37:23 870.41    8.8   72.5   1311    1.3    123    6.4    20.3   4.2   0.86   5.94 8458.5     0.00   0.00    0.0  0.007  0.008  0.008  0.008  0.007  0.007
05:37:25 870.59    9.0   71.3   1310    1.4    125    6.4    20.4   4.1   0.86   5.92 8460.5     0.00   0.00    0.0  0.007  0.008  0.008  0.008  0.007  0.007
05:37:26 870.29    9.0   71.5   1312    1.4    127    6.4    20.4   4.1   0.86   5.91 8461.5     0.00   0.00    0.0  0.007  0.008  0.008  0.008  0.007  0.007
05:37:27 870.30    8.9   72.1   1312    1.6    148    6.4    20.3   4.1   0.86   5.92 8462.5     0.00   0.00    0.0  0.007  0.008  0.008  0.008  0.007  0.007
