        Time       Press        Temp          Rh         Alt       Speed         Dir        Batt       PTemp         Dew          SH          MR          Et       Ozone      O3Curr      O3Temp         AD1         AD2         AD3         AD4         AD5         AD6
2025-11-04 23:48:51      871.22       18.00       31.30     1310.00       38.50      326.00        7.60       29.70        0.80        0.82        4.64     1315.10        0.00        0.00        0.00        0.00        0.00        0.01        0.00        0.00        0.01
2025-11-04 23:48:52      871.06       17.90       31.50     1312.00        2.80      340.00        7.60       29.60        0.80        0.82        4.66     1316.10        0.00        0.00        0.00        0.00        0.00        0.01        0.00        0.00        0.01
2025-11-04 23:48:54      870.92       17.60       30.80     1313.00        3.20      322.00        7.60       29.40        0.30        0.82        4.48     1318.10        0.00        0.00        0.00        0.00        0.00        0.01        0.00        0.00        0.01
2025-11-04 23:48:55      870.89       17.60       30.70     1314.00        3.30      322.00        7.60       29.30        0.20        0.82        4.46     1319.10        0.00        0.00        0.00        0.00        0.00        0.01        0.00        0.00        0.01
2025-11-04 23:48:56      870.81       17.80       30.80     1314.00        3.30      331.00        7.60       29.50        0.30        0.82        4.50     1320.10        0.00        0.00        0.00        0.00        0.00        0.01        0.00        0.00        0.01
2025-11-04 23:48:57      870.85       17.60       30.40     1314.00        3.20      327.00        7.60       29.30        0.00        0.81        4.40     1321.10        0.00        0.00        0.00        0.00        0.00        0.01        0.00        0.00        0.01
2025-11-04 23:48:58      870.91       17.70       30.80     1313.00        3.10      326.00        7.60       29.40        0.20        0.82        4.47     1322.10        0.00        0.00        0.00        0.00        0.00        0.01        0.00        0.00        0.01
2025-11-04 23:48:59      871.03       17.60       30.50     1312.00        3.20      327.00        7.60       29.30        0.00        0.81        4.40     1323.10        0.00        0.00        0.00        0.00        0.00        0.01        0.00        0.00        0.01
2025-11-04 23:49:01      870.96       17.60       30.50     1313.00        2.90      325.00        7.60       29.30        0.00        0.81        4.40     1325.10        0.00        0.00        0.00        0.00        0.00        0.01        0.00        0.00        0.01
2025-11-04 23:49:02      871.09       17.60       30.40     1312.00        2.80      325.00        7.60       29.30        0.00        0.81        4.40     1326.10        0.00        0.00        0.00        0.00        0.00        0.01        0.00        0.00        0.01
2025-11-04 23:49:04      871.05       17.60       30.80     1312.00        2.70      333.00        7.60       29.30        0.20        0.82        4.47     1328.10        0.00        0.00        0.00        0.00        0.00        0.01        0.00        0.00        0.01
2025-11-04 23:49:06      871.10       17.70       30.70     1312.00        2.80      330.00        7.60       29.40        0.30        0.82        4.48     1330.10        0.00        0.00        0.00        0.00        0.00        0.01        0.00        0.00        0.01
2025-11-04 23:49:09      870.84       17.40       30.30     1314.00        2.90      312.00        7.60       29.10       -0.20        0.81        4.33     1333.10        0.00        0.00        0.00        0.00        0.00        0.01        0.00        0.00        0.01
2025-11-04 23:49:10      870.81       17.40       30.30     1314.00        2.80      318.00        7.60       29.20       -0.10        0.81        4.35     1334.10        0.00        0.00        0.00        0.00        0.00        0.01        0.00        0.00        0.01
2025-11-04 23:49:12      870.92       17.40       30.40     1313.00        2.90      339.00        7.60       29.10       -0.10        0.81        4.35     1336.10        0.00        0.00        0.00        0.00        0.00        0.01        0.00        0.00        0.01
2025-11-04 23:49:13      870.63       17.50       30.70     1316.00        2.90      325.00        7.60       29.20        0.10        0.82        4.43     1337.10        0.00        0.00        0.00        0.00        0.00        0.01        0.00        0.00        0.01
2025-11-04 23:49:14      870.70       17.50       30.80     1315.00        2.80      335.00        7.60       29.30        0.10        0.82        4.44     1338.10        0.00        0.00        0.00        0.00        0.00        0.01        0.00        0.00        0.01
2025-11-04 23:49:15      870.52       17.40       30.50     1317.00        2.70      321.00        7.60       29.20       -0.10        0.81        4.37     1339.10        0.00        0.00        0.00        0.00        0.00        0.01        0.00        0.00        0.01
2025-11-04 23:49:16      870.61       17.40       30.40     1316.00        2.80      307.00        7.60       29.10       -0.10        0.81        4.35     1340.10        0.00        0.00        0.00        0.00        0.00        0.01        0.00        0.00        0.01
2025-11-04 23:49:17      870.56       17.40       30.50     1317.00        2.80      312.00        7.60       29.20       -0.10        0.81        4.37     1341.10        0.00        0.00        0.00        0.00        0.00        0.01        0.00        0.00        0.01
2025-11-04 23:49:18      870.39       17.40       30.50     1319.00        2.70      308.00        7.60       29.20       -0.10        0.81        4.37     1342.10        0.00        0.00        0.00        0.00        0.00        0.01        0.00        0.00        0.01
2025-11-04 23:49:19      870.61       17.40       30.50     1316.00        2.60      306.00        7.60       29.20       -0.10        0.81        4.37     1343.10        0.00        0.00        0.00        0.00        0.00        0.01        0.00        0.00        0.01
2025-11-04 23:49:23      870.28       17.30       30.20     1320.00        2.40      319.00        7.60       29.00       -0.30        0.81        4.29     1347.10        0.00        0.00        0.00        0.00        0.00        0.01        0.00        0.00        0.01
2025-11-04 23:49:25      870.29       17.40       30.50     1320.00        2.40      337.00        7.60       29.10       -0.10        0.81        4.36     1349.10        0.00        0.00        0.00        0.00        0.00        0.01        0.00        0.00        0.01
2025-11-04 23:49:26      870.14       17.30       30.50     1321.00        2.40      341.00        7.60       29.10       -0.20        0.81        4.34     1350.10        0.00        0.00        0.00        0.00        0.00        0.01        0.00        0.00        0.01
2025-11-04 23:49:28      870.14       17.30       30.50     1321.00        2.40      339.00        7.60       29.10       -0.20        0.81        4.34     1352.10        0.00        0.00        0.00        0.00        0.00        0.01        0.00        0.00        0.01
2025-11-04 23:49:29      870.23       17.30       30.40     1320.00        2.30      340.00        7.60       29.10       -0.20        0.81        4.33     1353.10        0.00        0.00        0.00        0.00        0.00        0.01        0.00        0.00        0.01
2025-11-04 23:49:30      870.23       17.30       30.40     1320.00        2.40      335.00        7.60       29.10       -0.20        0.81        4.32     1354.10        0.00        0.00        0.00        0.00        0.00        0.01        0.00        0.00        0.01
2025-11-04 23:49:31      870.07       17.30       30.30     1322.00        2.30      328.00        7.60       29.10       -0.30        0.81        4.31     1355.10        0.00        0.00        0.00        0.00        0.00        0.01        0.00        0.00        0.01
2025-11-04 23:49:33      870.25       17.30       30.30     1320.00        2.30      322.00        7.60       29.10       -0.20        0.81        4.31     1357.10        0.00        0.00        0.00        0.00        0.00        0.01        0.00        0.00        0.01
2025-11-04 23:49:34      869.91       17.30       30.30     1323.00        2.30      318.00        7.60       29.10       -0.30        0.81        4.30     1358.10        0.00        0.00        0.00        0.00        0.00        0.01        0.00        0.00        0.01
2025-11-04 23:49:37      869.75       17.20       30.40     1325.00        2.40      331.00        7.60       29.10       -0.30        0.81        4.31     1361.10        0.00        0.00        0.00        0.00        0.00        0.01        0.00        0.00        0.01
2025-11-04 23:49:38      869.73       17.20       30.50     1325.00        2.30      335.00        7.60       29.10       -0.30        0.81        4.31     1362.10        0.00        0.00        0.00        0.00        0.00        0.01        0.00        0.00        0.01
2025-11-04 23:49:39      869.52       17.20       30.40     1327.00        2.30      335.00        7.60       29.10       -0.30        0.81        4.30     1363.10        0.00        0.00        0.00        0.00        0.00        0.01        0.00        0.00        0.01
2025-11-04 23:49:40      869.61       17.30       30.60     1326.00        2.30      335.00        7.60       29.10       -0.20        0.81        4.33     1364.10        0.00        0.00        0.00        0.00        0.00        0.01        0.00        0.00        0.01
2025-11-04 23:49:41      869.72       17.30       30.50     1325.00        2.30      329.00        7.60       29.10       -0.20        0.81        4.32     1365.10        0.00        0.00        0.00        0.00        0.00        0.01        0.00        0.00        0.01
2025-11-04 23:49:42      869.46       17.30       30.50     1328.00        2.30      323.00        7.60       29.10       -0.20        0.81        4.32     1366.10        0.00        0.00        0.00        0.00        0.00        0.01        0.00        0.00        0.01
2025-11-04 23:49:44      869.43       17.20       30.60     1328.00        2.30      319.00        7.60       29.10       -0.20        0.81        4.33     1368.10        0.00        0.00        0.00        0.00        0.00        0.01        0.00        0.00        0.01
2025-11-04 23:49:45      869.44       17.20       30.60     1328.00        2.40      312.00        7.60       29.10       -0.20        0.81        4.33     1369.10        0.00        0.00        0.00        0.00        0.00        0.01        0.00        0.00        0.01
2025-11-04 23:49:46      869.37       17.20       30.50     1329.00        2.50      316.00        7.60       29.10       -0.20        0.81        4.32     1370.10        0.00        0.00        0.00        0.00        0.00        0.01        0.00        0.00        0.01
2025-11-04 23:49:48      869.12       17.20       30.70     1331.00        2.70      315.00        7.60       29.10       -0.20        0.81        4.34     1372.10        0.00        0.00        0.00        0.00        0.00        0.01        0.00        0.00        0.01
2025-11-04 23:49:49      869.08       17.20       30.70     1331.00        2.70      302.00        7.60       29.10       -0.10        0.81        4.35     1373.10        0.00        0.00        0.00        0.00        0.00        0.01        0.00        0.00        0.01
2025-11-04 23:49:51      869.22       17.20       30.70     1330.00        3.00      291.00        7.60       29.10       -0.20        0.81        4.34     1375.10        0.00        0.00        0.00        0.00        0.00        0.01        0.00        0.00        0.01
2025-11-04 23:49:53      869.31       17.20       30.80     1329.00        3.00      275.00        7.60       29.10       -0.20        0.81        4.35     1377.10        0.00        0.00        0.00        0.00        0.00        0.01        0.00        0.00        0.01
2025-11-04 23:49:54      869.04       17.20       30.70     1332.00        3.00      289.00        7.60       29.00       -0.20        0.81        4.34     1378.10        0.00        0.00        0.00        0.00        0.00        0.01        0.00        0.00        0.01
2025-11-04 23:49:55      868.87       17.20       30.90     1333.00        3.00      286.00        7.60       29.10       -0.10        0.81        4.37     1379.10        0.00        0.00        0.00        0.00        0.00        0.01        0.00        0.00        0.01
2025-11-04 23:49:58      868.71       17.10       30.80     1335.00        3.00      267.00        7.60       29.00       -0.20        0.81        4.32     1382.10        0.00        0.00        0.00        0.00        0.00        0.01        0.00        0.00        0.01
2025-11-04 23:49:59      868.85       17.10       30.90     1334.00        3.00      283.00        7.60       29.00       -0.20        0.81        4.33     1383.10        0.00        0.00        0.00        0.00        0.00        0.01        0.00        0.00        0.01
2025-11-04 23:50:00      868.93       17.10       30.90     1333.00        3.10      286.00        7.60       29.00       -0.10        0.81        4.36     1384.10        0.00        0.00        0.00        0.00        0.00        0.01        0.00        0.00        0.01
2025-11-04 23:50:01      868.74       17.10       30.90     1335.00        3.10      297.00        7.60       29.00       -0.20        0.81        4.34     1385.10        0.00        0.00        0.00        0.00        0.00        0.01        0.00        0.00        0.01
2025-11-04 23:50:02      868.84       17.10       31.00     1334.00        3.20      301.00        7.60       29.00       -0.20        0.81        4.34     1386.10        0.00        0.00        0.00        0.00        0.00        0.01        0.00        0.00        0.01
2025-11-04 23:50:03      868.58       17.10       30.80     1336.00        3.10      290.00        7.60       29.00       -0.20        0.81        4.33     1387.10        0.00        0.00        0.00        0.00        0.00        0.01        0.00        0.00        0.01
2025-11-04 23:50:04      868.52       17.10       30.90     1337.00        3.20      290.00        7.60       29.00       -0.20        0.81        4.35     1388.10        0.00        0.00        0.00        0.00        0.00        0.01        0.00        0.00        0.01
2025-11-04 23:50:05      868.46       17.10       31.10     1337.00        3.30      286.00        7.60       29.00       -0.10        0.81        4.36     1389.10        0.00        0.00        0.00        0.00        0.00        0.01        0.00        0.00        0.01
2025-11-04 23:50:06      868.68       17.10       31.10     1335.00        3.30      287.00        7.60       29.00       -0.10        0.81        4.35     1390.10        0.00        0.00        0.00        0.00        0.00        0.01        0.00        0.00        0.01
2025-11-04 23:50:07      868.55       17.10       31.00     1337.00        3.30      287.00        7.60       29.00       -0.10        0.81        4.36     1391.10        0.00        0.00        0.00        0.00        0.00        0.01        0.00        0.00        0.01
2025-11-04 23:50:08      868.47       17.10       31.10     1337.00        3.40      281.00        7.60       29.00       -0.10        0.81        4.37     1392.10        0.00        0.00        0.00        0.00        0.00        0.01        0.00        0.00        0.01
2025-11-04 23:50:11      868.17       17.10       31.20     1340.00        3.20      259.00        7.60       29.00       -0.10        0.81        4.38     1395.10        0.00        0.00        0.00        0.00        0.00        0.01        0.00        0.00        0.01
2025-11-04 23:50:12      868.08       17.10       31.10     1341.00        3.20      261.00        7.60       29.10       -0.10        0.81        4.38     1396.10        0.00        0.00        0.00        0.00        0.00        0.01        0.00        0.00        0.01
2025-11-04 23:50:13      868.18       17.00       31.10     1340.00        3.40      266.00        7.60       29.00       -0.10        0.81        4.36     1397.10        0.00        0.00        0.00        0.00        0.00        0.01        0.00        0.00        0.01
2025-11-04 23:50:14      868.19       17.10       31.10     1340.00        3.50      268.00        7.60       29.00       -0.10        0.81        4.37     1398.10        0.00        0.00        0.00        0.00        0.00        0.01        0.00        0.00        0.01
2025-11-04 23:50:15      868.05       17.00       31.10     1341.00        3.50      278.00        7.60       29.00       -0.10        0.81        4.36     1399.10        0.00        0.00        0.00        0.00        0.00        0.01        0.00        0.00        0.01
2025-11-04 23:50:16      867.99       17.10       31.10     1342.00        3.60      282.00        7.60       29.00       -0.10        0.81        4.36     1400.10        0.00        0.00        0.00        0.00        0.00        0.01        0.00        0.00        0.01
2025-11-04 23:50:17      867.95       17.00       31.10     1342.00        3.50      263.00        7.60       29.00       -0.20        0.81        4.35     1401.10        0.00        0.00        0.00        0.00        0.00        0.01        0.00        0.00        0.01
2025-11-04 23:50:20      867.90       17.00       31.20     1343.00        3.30      301.00        7.60       29.00       -0.10        0.81        4.37     1404.10        0.00        0.00        0.00        0.00        0.00        0.01        0.00        0.00        0.01
2025-11-04 23:50:22      867.78       17.00       31.20     1344.00        3.10      281.00        7.60       29.00       -0.10        0.81        4.38     1406.00        0.00        0.00        0.00        0.00        0.00        0.01        0.00        0.00        0.01
2025-11-04 23:50:23      867.66       17.10       31.20     1345.00        3.30      284.00        7.60       29.10       -0.10        0.81        4.38     1407.00        0.00        0.00        0.00        0.00        0.00        0.01        0.00        0.00        0.01
2025-11-04 23:50:24      867.56       17.10       31.30     1346.00        3.50      272.00        7.60       29.10       -0.10        0.81        4.39     1408.00        0.00        0.00        0.00        0.00        0.00        0.01        0.00        0.00        0.01
2025-11-04 23:50:26      867.45       17.00       31.30     1347.00        3.20      266.00        7.60       29.10       -0.10        0.81        4.38     1410.00        0.00        0.00        0.00        0.00        0.00        0.01        0.00        0.00        0.01
2025-11-04 23:50:27      867.32       17.00       31.30     1349.00        3.20      278.00        7.60       29.10       -0.10        0.81        4.38     1411.00        0.00        0.00        0.00        0.00        0.00        0.01        0.00        0.00        0.01
2025-11-04 23:50:28      867.70       17.00       31.30     1345.00        3.00      292.00        7.60       29.00       -0.10        0.81        4.38     1412.00        0.00        0.00        0.00        0.00        0.00        0.01        0.00        0.00        0.01
2025-11-04 23:50:29      867.54       17.10       31.20     1346.00        2.90      302.00        7.60       29.10       -0.00        0.81        4.39     1413.00        0.00        0.00        0.00        0.00        0.00        0.01        0.00        0.00        0.01
2025-11-04 23:50:30      867.23       17.00       31.20     1349.00        2.80      297.00        7.60       29.10       -0.10        0.81        4.38     1414.00        0.00        0.00        0.00        0.00        0.00        0.01        0.00        0.00        0.01
2025-11-04 23:50:31      867.13       17.00       31.30     1350.00        2.70      281.00        7.60       29.10       -0.10        0.81        4.38     1415.00        0.00        0.00        0.00        0.00        0.00        0.01        0.00        0.00        0.01
2025-11-04 23:50:32      867.39       17.10       31.30     1348.00        2.70      285.00        7.60       29.10       -0.10        0.81        4.39     1416.00        0.00        0.00        0.00        0.00        0.00        0.01        0.00        0.00        0.01
2025-11-04 23:50:33      867.04       17.00       31.30     1351.00        2.90      286.00        7.60       29.10       -0.10        0.81        4.38     1417.00        0.00        0.00        0.00        0.00        0.00        0.01        0.00        0.00        0.01
2025-11-04 23:50:34      867.15       17.00       31.30     1350.00        3.20      294.00        7.60       29.10       -0.10        0.81        4.39     1418.00        0.00        0.00        0.00        0.00        0.00        0.01        0.00        0.00        0.01
2025-11-04 23:50:37      867.09       17.10       31.40     1351.00        3.70      347.00        7.60       29.10        0.00        0.82        4.42     1421.00        0.00        0.00        0.00        0.00        0.00        0.01        0.00        0.00        0.01
2025-11-04 23:50:39      867.06       17.00       31.40     1351.00        3.10      298.00        7.60       29.10       -0.00        0.82        4.41     1423.00        0.00        0.00        0.00        0.00        0.00        0.01        0.00        0.00        0.01
2025-11-04 23:50:40      866.81       17.00       31.40     1354.00        3.10      317.00        7.60       29.10       -0.00        0.82        4.41     1424.00        0.00        0.00        0.00        0.00        0.00        0.01        0.00        0.00        0.01
2025-11-04 23:50:41      866.76       17.00       31.40     1354.00        3.30      332.00        7.60       29.10       -0.10        0.81        4.39     1425.00        0.00        0.00        0.00        0.00        0.00        0.01        0.00        0.00        0.01
2025-11-04 23:50:44      866.78       17.10       31.40     1354.00        3.60      336.00        7.60       29.20        0.00        0.82        4.42     1428.00        0.00        0.00        0.00        0.00        0.00        0.01        0.00        0.00        0.01
2025-11-04 23:50:45      866.82       17.00       31.30     1354.00        3.40      333.00        7.60       29.10       -0.10        0.81        4.39     1429.00        0.00        0.00        0.00        0.00        0.00        0.01        0.00        0.00        0.01
2025-11-04 23:50:47      866.61       17.00       31.30     1356.00        3.10      340.00        7.60       29.20       -0.00        0.81        4.40     1431.00        0.00        0.00        0.00        0.00        0.00        0.01        0.00        0.00        0.01
2025-11-04 23:50:48      866.50       17.00       31.40     1357.00        3.10      343.00        7.60       29.10       -0.00        0.81        4.40     1432.00        0.00        0.00        0.00        0.00        0.00        0.01        0.00        0.00        0.01
2025-11-04 23:50:50      866.24       16.90       31.30     1359.00        3.30      334.00        7.60       29.10       -0.20        0.81        4.36     1434.00        0.00        0.00        0.00        0.00        0.00        0.01        0.00        0.00        0.01
2025-11-04 23:50:53      866.28       16.80       31.20     1359.00        3.90      325.00        7.60       29.00       -0.30        0.81        4.32     1437.00        0.00        0.00        0.00        0.00        0.00        0.01        0.00        0.00        0.01
2025-11-04 23:50:54      866.11       16.80       31.20     1361.00        3.60      325.00        7.60       29.00       -0.20        0.81        4.33     1438.00        0.00        0.00        0.00        0.00        0.00        0.01        0.00        0.00        0.01
2025-11-04 23:50:55      866.19       16.90       31.30     1360.00        3.40      306.00        7.60       29.00       -0.20        0.81        4.34     1439.00        0.00        0.00        0.00        0.00        0.00        0.01        0.00        0.00        0.01
2025-11-04 23:50:56      866.17       16.90       31.30     1360.00        3.20      300.00        7.60       29.10       -0.20        0.81        4.36     1440.00        0.00        0.00        0.00        0.00        0.00        0.01        0.00        0.00        0.01
2025-11-04 23:50:58      865.93       16.80       31.50     1362.00        3.00      291.00        7.60       29.00       -0.20        0.81        4.36     1442.00        0.00        0.00        0.00        0.00        0.00        0.01        0.00        0.00        0.01
2025-11-04 23:50:59      865.94       16.90       31.50     1362.00        3.00      288.00        7.60       29.10       -0.10        0.81        4.38     1443.00        0.00        0.00        0.00        0.00        0.00        0.01        0.00        0.00        0.01
2025-11-04 23:51:00      865.66       16.80       31.50     1365.00        3.00      299.00        7.60       29.00       -0.10        0.81        4.37     1444.00        0.00        0.00        0.00        0.00        0.00        0.01        0.00        0.00        0.01
2025-11-04 23:51:01      865.79       16.80       31.50     1364.00        3.00      301.00        7.60       29.00       -0.10        0.81        4.37     1445.00        0.00        0.00        0.00        0.00        0.00        0.01        0.00        0.00        0.01
2025-11-04 23:51:02      865.76       16.80       31.50     1364.00        3.20      305.00        7.60       29.00       -0.20        0.81        4.36     1446.00        0.00        0.00        0.00        0.00        0.00        0.01        0.00        0.00        0.01
2025-11-04 23:51:03      865.84       16.90       31.50     1363.00        3.30      300.00        7.60       29.10       -0.10        0.81        4.38     1447.00        0.00        0.00        0.00        0.00        0.00        0.01        0.00        0.00        0.01
2025-11-04 23:51:04      865.77       16.80       31.50     1364.00        3.40      298.00        7.60       29.00       -0.10        0.81        4.38     1448.00        0.00        0.00        0.00        0.00        0.00        0.01        0.00        0.00        0.01
2025-11-04 23:51:05      865.79       16.80       31.50     1364.00        3.50      299.00        7.60       29.00       -0.20        0.81        4.36     1449.00        0.00        0.00        0.00        0.00        0.00        0.01        0.00        0.00        0.01
2025-11-04 23:51:07      865.87       16.80       31.50     1363.00        3.70      303.00        7.60       29.00       -0.20        0.81        4.36     1451.00        0.00        0.00        0.00        0.00        0.00        0.01        0.00        0.00        0.01
2025-11-04 23:51:08      865.75       16.80       31.50     1364.00        3.60      297.00        7.60       29.00       -0.10        0.81        4.37     1452.00        0.00        0.00        0.00        0.00        0.00        0.01        0.00        0.00        0.01
2025-11-04 23:51:11      865.43       16.80       31.60     1367.00        3.60      312.00        7.60       29.00       -0.10        0.81        4.37     1455.00        0.00        0.00        0.00        0.00        0.00        0.01        0.00        0.00        0.01
2025-11-04 23:51:13      865.49       16.80       31.80     1367.00        3.90      329.00        7.60       29.10       -0.00        0.82        4.42     1457.00        0.00        0.00        0.00        0.00        0.00        0.01        0.00        0.00        0.01
2025-11-04 23:51:17      865.06       16.90       31.80     1371.00        4.20      333.00        7.60       29.10        0.00        0.82        4.42     1461.00        0.00        0.00        0.00        0.00        0.00        0.01        0.00        0.00        0.01
2025-11-04 23:51:18      865.05       16.90       31.80     1371.00        4.30      324.00        7.60       29.10        0.00        0.82        4.43     1462.00        0.00        0.00        0.00        0.00        0.00        0.01        0.00        0.00        0.01
2025-11-04 23:51:20      864.91       16.80       31.80     1372.00        4.30      320.00        7.60       29.10        0.00        0.82        4.43     1464.00        0.00        0.00        0.00        0.00        0.00        0.01        0.00        0.00        0.01
2025-11-04 23:51:23      864.85       16.80       31.90     1373.00        3.90      310.00        7.60       29.10        0.00        0.82        4.43     1467.00        0.00        0.00        0.00        0.00        0.00        0.01        0.00        0.00        0.01
2025-11-04 23:51:27      864.55       16.70       31.90     1376.00        4.40      311.00        7.60       29.00       -0.10        0.81        4.40     1471.00        0.00        0.00        0.00        0.00        0.00        0.01        0.00        0.00        0.01
2025-11-04 23:51:28      864.57       16.70       31.90     1376.00        4.40      315.00        7.60       29.00       -0.00        0.82        4.41     1472.00        0.00        0.00        0.00        0.00        0.00        0.01        0.00        0.00        0.01
2025-11-04 23:51:29      864.61       16.80       31.90     1375.00        4.40      312.00        7.60       29.10       -0.00        0.82        4.42     1473.00        0.00        0.00        0.00        0.00        0.00        0.01        0.00        0.00        0.01
2025-11-04 23:51:31      864.44       16.70       31.90     1377.00        4.20      328.00        7.60       29.10       -0.00        0.82        4.42     1475.00        0.00        0.00        0.00        0.00        0.00        0.01        0.00        0.00        0.01
2025-11-04 23:51:32      864.63       16.70       31.90     1375.00        4.50      333.00        7.60       29.00       -0.00        0.82        4.41     1476.00        0.00        0.00        0.00        0.00        0.00        0.01        0.00        0.00        0.01
2025-11-04 23:51:34      864.43       16.70       31.90     1377.00        4.20      336.00        7.60       29.10       -0.00        0.82        4.41     1478.00        0.00        0.00        0.00        0.00        0.00        0.01        0.00        0.00        0.01
2025-11-04 23:51:37      864.32       16.80       32.10     1378.00        4.60      328.00        7.60       29.10        0.10        0.82        4.45     1481.00        0.00        0.00        0.00        0.00        0.00        0.01        0.00        0.00        0.01
2025-11-04 23:51:38      864.12       16.70       32.10     1380.00        4.60      328.00        7.60       29.10        0.00        0.82        4.44     1482.00        0.00        0.00        0.00        0.00        0.00        0.01        0.00        0.00        0.01
2025-11-04 23:51:39      864.15       16.70       31.90     1380.00        4.70      323.00        7.60       29.10       -0.00        0.82        4.41     1483.00        0.00        0.00        0.00        0.00        0.00        0.01        0.00        0.00        0.01
2025-11-04 23:51:40      864.01       16.70       32.00     1381.00        4.80      335.00        7.60       29.10       -0.00        0.82        4.42     1484.00        0.00        0.00        0.00        0.00        0.00        0.01        0.00        0.00        0.01
2025-11-04 23:51:41      864.13       16.70       32.10     1380.00        5.00      320.00        7.60       29.10        0.00        0.82        4.44     1485.00        0.00        0.00        0.00        0.00        0.00        0.01        0.00        0.00        0.01
2025-11-04 23:51:42      863.91       16.70       32.00     1382.00        5.00      324.00        7.60       29.10       -0.00        0.82        4.42     1486.00        0.00        0.00        0.00        0.00        0.00        0.01        0.00        0.00        0.01
2025-11-04 23:51:44      864.00       16.70       32.20     1381.00        5.00      326.00        7.60       29.10        0.10        0.82        4.46     1488.00        0.00        0.00        0.00        0.00        0.00        0.01        0.00        0.00        0.01
2025-11-04 23:51:46      863.72       16.70       32.20     1384.00        4.70      328.00        7.60       29.10        0.00        0.82        4.44     1490.00        0.00        0.00        0.00        0.00        0.00        0.01        0.00        0.00        0.01
2025-11-04 23:51:47      863.57       16.70       32.30     1385.00        4.70      333.00        7.60       29.10        0.10        0.82        4.46     1491.00        0.00        0.00        0.00        0.00        0.00        0.01        0.00        0.00        0.01
2025-11-04 23:51:48      863.31       16.80       32.30     1388.00        4.90      325.00        7.60       29.20        0.20        0.82        4.48     1492.00        0.00        0.00        0.00        0.00        0.00        0.01        0.00        0.00        0.01
2025-11-04 23:51:49      863.50       16.70       32.20     1386.00        4.90      328.00        7.60       29.10        0.10        0.82        4.45     1493.00        0.00        0.00        0.00        0.00        0.00        0.01        0.00        0.00        0.01
2025-11-04 23:51:50      863.55       16.70       32.30     1386.00        5.10      335.00        7.60       29.10        0.10        0.82        4.46     1494.00        0.00        0.00        0.00        0.00        0.00        0.01        0.00        0.00        0.01
2025-11-04 23:51:51      863.39       16.70       32.30     1387.00        5.00      338.00        7.60       29.10        0.10        0.82        4.46     1495.00        0.00        0.00        0.00        0.00        0.00        0.01        0.00        0.00        0.01
2025-11-04 23:51:52      863.44       16.70       32.30     1387.00        4.80      341.00        7.60       29.10        0.10        0.82        4.47     1496.00        0.00        0.00        0.00        0.00        0.00        0.01        0.00        0.00        0.01
2025-11-04 23:51:53      863.28       16.70       32.40     1388.00        4.90      345.00        7.60       29.10        0.10        0.82        4.47     1497.00        0.00        0.00        0.00        0.00        0.00        0.01        0.00        0.00        0.01
2025-11-04 23:51:55      863.35       16.70       32.30     1388.00        4.90      347.00        7.60       29.10        0.10        0.82        4.47     1499.00        0.00        0.00        0.00        0.00        0.00        0.01        0.00        0.00        0.01
2025-11-04 23:51:56      863.21       16.70       32.30     1389.00        4.90      352.00        7.60       29.20        0.10        0.82        4.46     1500.00        0.00        0.00        0.00        0.00        0.00        0.01        0.00        0.00        0.01
2025-11-04 23:51:58      863.31       16.70       32.30     1388.00        4.60      354.00        7.60       29.20        0.10        0.82        4.48     1502.00        0.00        0.00        0.00        0.00        0.00        0.01        0.00        0.00        0.01
2025-11-04 23:52:00      863.00       16.70       32.20     1391.00        3.90        1.00        7.60       29.20        0.10        0.82        4.46     1503.90        0.00        0.00        0.00        0.00        0.00        0.01        0.00        0.00        0.01
2025-11-04 23:52:01      862.88       16.70       32.30     1392.00        3.80        2.00        7.60       29.20        0.10        0.82        4.46     1504.90        0.00        0.00        0.00        0.00        0.00        0.01        0.00        0.00        0.01
2025-11-04 23:52:02      863.09       16.70       32.30     1390.00        3.90        0.00        7.60       29.20        0.10        0.82        4.47     1505.90        0.00        0.00        0.00        0.00        0.00        0.01        0.00        0.00        0.01
2025-11-04 23:52:03      863.10       16.70       32.20     1390.00        3.90       10.00        7.60       29.10        0.00        0.82        4.44     1506.90        0.00        0.00        0.00        0.00        0.00        0.01        0.00        0.00        0.01
2025-11-04 23:52:04      862.88       16.70       32.30     1392.00        4.10        1.00        7.60       29.20        0.10        0.82        4.46     1507.90        0.00        0.00        0.00        0.00        0.00        0.01        0.00        0.00        0.01
2025-11-04 23:52:06      862.69       16.70       32.30     1394.00        4.60        5.00        7.60       29.20        0.10        0.82        4.46     1509.90        0.00        0.00        0.00        0.00        0.00        0.01        0.00        0.00        0.01
2025-11-04 23:52:09      862.80       16.60       32.10     1393.00        5.10        1.00        7.60       29.10       -0.10        0.81        4.40     1512.90        0.00        0.00        0.00        0.00        0.00        0.01        0.00        0.00        0.01
2025-11-04 23:52:10      862.52       16.60       31.90     1396.00        5.00      356.00        7.60       29.10       -0.20        0.81        4.36     1513.90        0.00        0.00        0.00        0.00        0.00        0.01        0.00        0.00        0.01
2025-11-04 23:52:12      862.36       16.50       32.10     1397.00        4.60      354.00        7.60       29.00       -0.10        0.81        4.39     1515.90        0.00        0.00        0.00        0.00        0.00        0.01        0.00        0.00        0.01
2025-11-04 23:52:13      862.43       16.50       31.80     1397.00        4.60      344.00        7.60       29.00       -0.30        0.81        4.33     1516.90        0.00        0.00        0.00        0.00        0.00        0.01        0.00        0.00        0.01
2025-11-04 23:52:14      862.35       16.50       31.90     1398.00        4.40      345.00        7.60       29.00       -0.30        0.81        4.35     1517.90        0.00        0.00        0.00        0.00        0.00        0.01        0.00        0.00        0.01
2025-11-04 23:52:15      862.22       16.50       31.80     1399.00        4.50      334.00        7.60       29.10       -0.30        0.81        4.34     1518.90        0.00        0.00        0.00        0.00        0.00        0.01        0.00        0.00        0.01
2025-11-04 23:52:18      862.18       16.50       32.00     1399.00        5.00      342.00        7.60       29.00       -0.20        0.81        4.37     1521.90        0.00        0.00        0.00        0.00        0.00        0.01        0.00        0.00        0.01
2025-11-04 23:52:19      862.07       16.60       32.20     1400.00        5.00      335.00        7.60       29.10       -0.10        0.82        4.41     1522.90        0.00        0.00        0.00        0.00        0.00        0.01        0.00        0.00        0.01
2025-11-04 23:52:20      862.55       16.50       32.10     1396.00        5.30      341.00        7.50       29.00       -0.20        0.81        4.38     1523.90        0.00        0.00        0.00        0.00        0.00        0.01        0.00        0.00        0.01
2025-11-04 23:52:21      862.01       16.50       32.10     1401.00        5.30      340.00        7.50       29.10       -0.20        0.81        4.38     1524.90        0.00        0.00        0.00        0.00        0.00        0.01        0.00        0.00        0.01
2025-11-04 23:52:22      861.77       16.50       32.30     1403.00        5.00      343.00        7.50       29.10       -0.10        0.82        4.41     1525.90        0.00        0.00        0.00        0.00        0.00        0.01        0.00        0.00        0.01
2025-11-04 23:52:24      861.84       16.50       32.20     1403.00        4.60      348.00        7.50       29.10       -0.10        0.82        4.41     1527.90        0.00        0.00        0.00        0.00        0.00        0.01        0.00        0.00        0.01
2025-11-04 23:52:25      861.84       16.50       32.30     1403.00        4.80      348.00        7.50       29.10       -0.10        0.82        4.41     1528.90        0.00        0.00        0.00        0.00        0.00        0.01        0.00        0.00        0.01
2025-11-04 23:52:27      861.99       16.50       32.20     1401.00        4.90      350.00        7.50       29.10       -0.10        0.81        4.39     1530.90        0.00        0.00        0.00        0.00        0.00        0.01        0.00        0.00        0.01
2025-11-04 23:52:29      861.69       16.50       32.20     1404.00        4.90      340.00        7.50       29.10       -0.20        0.81        4.38     1532.90        0.00        0.00        0.00        0.00        0.00        0.01        0.00        0.00        0.01
2025-11-04 23:52:31      861.47       16.50       32.20     1406.00        5.10      345.00        7.50       29.10       -0.10        0.81        4.39     1534.90        0.00        0.00        0.00        0.00        0.00        0.01        0.00        0.00        0.01
2025-11-04 23:52:32      861.63       16.40       32.00     1405.00        4.90      338.00        7.50       29.00       -0.30        0.81        4.34     1535.90        0.00        0.00        0.00        0.00        0.00        0.01        0.00        0.00        0.01
2025-11-04 23:52:34      861.16       16.40       32.00     1409.00        5.30      346.00        7.50       29.00       -0.30        0.81        4.32     1537.90        0.00        0.00        0.00        0.00        0.00        0.01        0.00        0.00        0.01
2025-11-04 23:52:35      861.00       16.40       32.10     1411.00        5.30      345.00        7.50       29.00       -0.30        0.81        4.34     1538.90        0.00        0.00        0.00        0.00        0.00        0.01        0.00        0.00        0.01
2025-11-04 23:52:36      861.08       16.40       32.20     1410.00        5.10      345.00        7.50       29.00       -0.20        0.81        4.36     1539.90        0.00        0.00        0.00        0.00        0.00        0.01        0.00        0.00        0.01
2025-11-04 23:52:37      861.20       16.40       32.20     1409.00        5.10      346.00        7.50       29.00       -0.30        0.81        4.35     1540.90        0.00        0.00        0.00        0.00        0.00        0.01        0.00        0.00        0.01
2025-11-04 23:52:39      860.85       16.40       32.30     1412.00        5.00      347.00        7.50       29.00       -0.20        0.81        4.37     1542.90        0.00        0.00        0.00        0.00        0.00        0.01        0.00        0.00        0.01
2025-11-04 23:52:40      860.97       16.40       32.20     1411.00        4.90      344.00        7.50       29.00       -0.20        0.81        4.36     1543.90        0.00        0.00        0.00        0.00        0.00        0.01        0.00        0.00        0.01
2025-11-04 23:52:43      860.70       16.30       32.20     1414.00        4.80      338.00        7.50       29.00       -0.30        0.81        4.34     1546.90        0.00        0.00        0.00        0.00        0.00        0.01        0.00        0.00        0.01
2025-11-04 23:52:46      860.68       16.30       32.10     1414.00        4.80      333.00        7.50       29.00       -0.40        0.81        4.32     1549.90        0.00        0.00        0.00        0.00        0.00        0.01        0.00        0.00        0.01
2025-11-04 23:52:47      860.64       16.30       32.10     1414.00        4.90      325.00        7.50       29.00       -0.30        0.81        4.34     1550.90        0.00        0.00        0.00        0.00        0.00        0.01        0.00        0.00        0.01
2025-11-04 23:52:48      860.60       16.30       32.20     1415.00        4.90      330.00        7.50       29.00       -0.30        0.81        4.33     1551.90        0.00        0.00        0.00        0.00        0.00        0.01        0.00        0.00        0.01
2025-11-04 23:52:49      860.51       16.30       32.10     1416.00        4.90      326.00        7.50       29.00       -0.40        0.81        4.31     1552.90        0.00        0.00        0.00        0.00        0.00        0.01        0.00        0.00        0.01
2025-11-04 23:52:50      860.54       16.20       32.00     1415.00        5.20      336.00        7.50       28.90       -0.40        0.81        4.29     1553.90        0.00        0.00        0.00        0.00        0.00        0.01        0.00        0.00        0.01
2025-11-04 23:52:51      860.45       16.30       32.10     1416.00        5.20      337.00        7.50       29.00       -0.30        0.81        4.33     1554.90        0.00        0.00        0.00        0.00        0.00        0.01        0.00        0.00        0.01
2025-11-04 23:52:53      860.37       16.30       32.10     1417.00        5.20      332.00        7.50       29.00       -0.40        0.81        4.31     1556.90        0.00        0.00        0.00        0.00        0.00        0.01        0.00        0.00        0.01
2025-11-04 23:52:55      860.25       16.20       32.10     1418.00        4.90      346.00        7.50       28.90       -0.40        0.81        4.30     1558.90        0.00        0.00        0.00        0.00        0.00        0.01        0.00        0.00        0.01
2025-11-04 23:52:56      860.26       16.30       32.20     1418.00        5.00      333.00        7.50       29.00       -0.30        0.81        4.33     1559.90        0.00        0.00        0.00        0.00        0.00        0.01        0.00        0.00        0.01
2025-11-04 23:52:57      860.04       16.20       32.20     1420.00        4.80      329.00        7.50       29.00       -0.40        0.81        4.31     1560.90        0.00        0.00        0.00        0.00        0.00        0.01        0.00        0.00        0.01
2025-11-04 23:52:58      860.00       16.20       32.20     1421.00        4.80      334.00        7.50       28.90       -0.40        0.81        4.30     1561.90        0.00        0.00        0.00        0.00        0.00        0.01        0.00        0.00        0.01
2025-11-04 23:52:59      860.04       16.20       32.20     1420.00        5.00      333.00        7.50       28.90       -0.40        0.81        4.30     1562.90        0.00        0.00        0.00        0.00        0.00        0.01        0.00        0.00        0.01
2025-11-04 23:53:00      859.95       16.20       32.20     1421.00        5.00      339.00        7.50       28.90       -0.40        0.81        4.30     1563.90        0.00        0.00        0.00        0.00        0.00        0.01        0.00        0.00        0.01
2025-11-04 23:53:02      860.02       16.20       32.20     1421.00        5.00      333.00        7.50       29.00       -0.40        0.81        4.32     1565.90        0.00        0.00        0.00        0.00        0.00        0.01        0.00        0.00        0.01
2025-11-04 23:53:04      859.73       16.20       32.20     1423.00        4.90      342.00        7.50       29.00       -0.40        0.81        4.31     1567.90        0.00        0.00        0.00        0.00        0.00        0.01        0.00        0.00        0.01
2025-11-04 23:53:05      859.83       16.20       32.10     1422.00        5.10      337.00        7.50       28.90       -0.40        0.81        4.29     1568.90        0.00        0.00        0.00        0.00        0.00        0.01        0.00        0.00        0.01
2025-11-04 23:53:06      859.62       16.20       32.30     1425.00        5.10      340.00        7.50       29.00       -0.40        0.81        4.32     1569.90        0.00        0.00        0.00        0.00        0.00        0.01        0.00        0.00        0.01
2025-11-04 23:53:07      859.61       16.20       32.20     1425.00        5.10      337.00        7.50       29.00       -0.40        0.81        4.31     1570.90        0.00        0.00        0.00        0.00        0.00        0.01        0.00        0.00        0.01
2025-11-04 23:53:08      859.61       16.20       32.10     1425.00        5.30      351.00        7.50       28.90       -0.50        0.81        4.28     1571.90        0.00        0.00        0.00        0.00        0.00        0.01        0.00        0.00        0.01
2025-11-04 23:53:09      859.56       16.20       32.20     1425.00        5.70      353.00        7.50       29.00       -0.40        0.81        4.31     1572.90        0.00        0.00        0.00        0.00        0.00        0.01        0.00        0.00        0.01
2025-11-04 23:53:10      859.74       16.20       32.10     1423.00        5.80      345.00        7.50       28.90       -0.50        0.81        4.29     1573.90        0.00        0.00        0.00        0.00        0.00        0.01        0.00        0.00        0.01
2025-11-04 23:53:11      859.56       16.20       32.20     1425.00        5.80      353.00        7.50       28.90       -0.40        0.81        4.30     1574.90        0.00        0.00        0.00        0.00        0.00        0.01        0.00        0.00        0.01
2025-11-04 23:53:14      859.42       16.20       32.20     1426.00        5.30      351.00        7.50       29.00       -0.40        0.81        4.31     1577.90        0.00        0.00        0.00        0.00        0.00        0.01        0.00        0.00        0.01
2025-11-04 23:53:15      859.66       16.10       32.10     1424.00        5.20      355.00        7.50       28.90       -0.50        0.81        4.28     1578.90        0.00        0.00        0.00        0.00        0.00        0.01        0.00        0.00        0.01
2025-11-04 23:53:17      859.34       16.30       32.80     1427.00        4.80      359.00        7.50       29.10       -0.10        0.82        4.43     1580.90        0.00        0.00        0.00        0.00        0.00        0.01        0.00        0.00        0.01
2025-11-04 23:53:18      859.10       16.20       32.30     1430.00        4.80      352.00        7.50       29.00       -0.40        0.81        4.32     1581.90        0.00        0.00        0.00        0.00        0.00        0.01        0.00        0.00        0.01
2025-11-04 23:53:19      859.18       16.10       32.20     1429.00        4.80      357.00        7.50       29.00       -0.50        0.81        4.29     1582.90        0.00        0.00        0.00        0.00        0.00        0.01        0.00        0.00        0.01
2025-11-04 23:53:20      859.18       16.10       32.20     1429.00        5.00      352.00        7.50       28.90       -0.50        0.81        4.28     1583.90        0.00        0.00        0.00        0.00        0.00        0.01        0.00        0.00        0.01
2025-11-04 23:53:21      858.99       16.10       32.30     1431.00        5.10      355.00        7.50       28.90       -0.40        0.81        4.30     1584.90        0.00        0.00        0.00        0.00        0.00        0.01        0.00        0.00        0.01
2025-11-04 23:53:23      858.99       16.10       32.30     1431.00        4.90      355.00        7.50       29.00       -0.40        0.81        4.30     1586.90        0.00        0.00        0.00        0.00        0.00        0.01        0.00        0.00        0.01
2025-11-04 23:53:25      858.83       16.10       32.50     1432.00        4.80      356.00        7.50       29.00       -0.40        0.81        4.33     1588.90        0.00        0.00        0.00        0.00        0.00        0.01        0.00        0.00        0.01
2025-11-04 23:53:26      858.75       16.10       32.50     1433.00        4.80      354.00        7.50       29.00       -0.30        0.81        4.33     1589.90        0.00        0.00        0.00        0.00        0.00        0.01        0.00        0.00        0.01
2025-11-04 23:53:27      858.94       16.20       32.50     1431.00        4.90      350.00        7.50       29.00       -0.30        0.81        4.36     1590.90        0.00        0.00        0.00        0.00        0.00        0.01        0.00        0.00        0.01
2025-11-04 23:53:28      858.78       16.10       32.50     1433.00        5.00      350.00        7.50       29.00       -0.30        0.81        4.34     1591.90        0.00        0.00        0.00        0.00        0.00        0.01        0.00        0.00        0.01
2025-11-04 23:53:29      858.74       16.20       32.40     1433.00        5.00      353.00        7.50       29.00       -0.30        0.81        4.34     1592.90        0.00        0.00        0.00        0.00        0.00        0.01        0.00        0.00        0.01
2025-11-04 23:53:31      858.52       16.10       32.60     1435.00        5.00      337.00        7.50       29.00       -0.30        0.81        4.34     1594.90        0.00        0.00        0.00        0.00        0.00        0.01        0.00        0.00        0.01
2025-11-04 23:53:32      858.43       16.10       32.50     1436.00        5.00      333.00        7.50       29.00       -0.40        0.81        4.33     1595.90        0.00        0.00        0.00        0.00        0.00        0.01        0.00        0.00        0.01
2025-11-04 23:53:33      858.30       16.10       32.40     1438.00        5.10      334.00        7.50       29.00       -0.40        0.81        4.30     1596.90        0.00        0.00        0.00        0.00        0.00        0.01        0.00        0.00        0.01
2025-11-04 23:53:34      858.62       16.10       32.40     1434.00        5.10      344.00        7.50       29.00       -0.40        0.81        4.31     1597.90        0.00        0.00        0.00        0.00        0.00        0.01        0.00        0.00        0.01
2025-11-04 23:53:35      858.37       16.10       32.40     1437.00        4.90      337.00        7.50       29.00       -0.40        0.81        4.31     1598.90        0.00        0.00        0.00        0.00        0.00        0.01        0.00        0.00        0.01
2025-11-04 23:53:36      858.30       16.10       32.40     1438.00        4.70      328.00        7.50       29.00       -0.40        0.81        4.31     1599.90        0.00        0.00        0.00        0.00        0.00        0.01        0.00        0.00        0.01
2025-11-04 23:53:38      858.18       16.10       32.40     1439.00        4.60      324.00        7.50       29.00       -0.40        0.81        4.31     1601.90        0.00        0.00        0.00        0.00        0.00        0.01        0.00        0.00        0.01
2025-11-04 23:53:39      858.21       16.10       32.40     1438.00        4.60      328.00        7.50       29.00       -0.40        0.81        4.31     1602.90        0.00        0.00        0.00        0.00        0.00        0.01        0.00        0.00        0.01
2025-11-04 23:53:41      858.07       16.10       32.40     1440.00        4.50      335.00        7.50       29.00       -0.40        0.81        4.31     1604.80        0.00        0.00        0.00        0.00        0.00        0.01        0.00        0.00        0.01
2025-11-04 23:53:44      857.81       16.00       32.50     1442.00        3.90      346.00        7.50       29.00       -0.50        0.81        4.30     1607.80        0.00        0.00        0.00        0.00        0.00        0.01        0.00        0.00        0.01
2025-11-04 23:53:45      857.94       16.00       32.50     1441.00        4.00      345.00        7.50       28.90       -0.50        0.81        4.30     1608.80        0.00        0.00        0.00        0.00        0.00        0.01        0.00        0.00        0.01
2025-11-04 23:53:46      858.19       16.00       32.40     1439.00        4.10      332.00        7.50       29.00       -0.40        0.81        4.30     1609.80        0.00        0.00        0.00        0.00        0.00        0.01        0.00        0.00        0.01
2025-11-04 23:53:47      857.74       16.00       32.60     1443.00        3.80      343.00        7.50       28.90       -0.40        0.81        4.30     1610.80        0.00        0.00        0.00        0.00        0.00        0.01        0.00        0.00        0.01
2025-11-04 23:53:50      857.67       16.00       32.50     1444.00        4.40      343.00        7.50       29.00       -0.50        0.81        4.30     1613.80        0.00        0.00        0.00        0.00        0.00        0.01        0.00        0.00        0.01
2025-11-04 23:53:51      857.55       16.00       32.50     1445.00        4.60      347.00        7.50       28.90       -0.50        0.81        4.29     1614.80        0.00        0.00        0.00        0.00        0.00        0.01        0.00        0.00        0.01
2025-11-04 23:53:52      857.59       16.00       32.50     1445.00        4.60      351.00        7.50       29.00       -0.40        0.81        4.31     1615.80        0.00        0.00        0.00        0.00        0.00        0.01        0.00        0.00        0.01
2025-11-04 23:53:53      857.39       16.00       32.60     1447.00        4.60      345.00        7.50       29.00       -0.40        0.81        4.31     1616.80        0.00        0.00        0.00        0.00        0.00        0.01        0.00        0.00        0.01
2025-11-04 23:53:54      857.43       16.00       32.50     1446.00        4.60      347.00        7.50       29.00       -0.40        0.81        4.30     1617.80        0.00        0.00        0.00        0.00        0.00        0.01        0.00        0.00        0.01
2025-11-04 23:53:55      857.20       16.00       32.40     1448.00        4.60      344.00        7.50       29.00       -0.50        0.81        4.28     1618.80        0.00        0.00        0.00        0.00        0.00        0.01        0.00        0.00        0.01
2025-11-04 23:53:56      857.12       16.00       32.30     1449.00        4.60      345.00        7.50       29.00       -0.60        0.81        4.27     1619.80        0.00        0.00        0.00        0.00        0.00        0.01        0.00        0.00        0.01
2025-11-04 23:53:57      857.32       16.00       32.40     1447.00        4.70      346.00        7.50       29.00       -0.50        0.81        4.28     1620.80        0.00        0.00        0.00        0.00        0.00        0.01        0.00        0.00        0.01
2025-11-04 23:53:58      857.06       16.00       32.40     1450.00        4.70      345.00        7.50       29.00       -0.50        0.81        4.28     1621.80        0.00        0.00        0.00        0.00        0.00        0.01        0.00        0.00        0.01
2025-11-04 23:53:59      857.29       16.00       32.40     1448.00        4.80      336.00        7.50       29.00       -0.50        0.81        4.29     1622.80        0.00        0.00        0.00        0.00        0.00        0.01        0.00        0.00        0.01
2025-11-04 23:54:00      857.12       16.00       32.40     1449.00        4.60      337.00        7.50       29.00       -0.50        0.81        4.27     1623.80        0.00        0.00        0.00        0.00        0.00        0.01        0.00        0.00        0.01
2025-11-04 23:54:01      857.26       15.90       32.40     1448.00        4.70      340.00        7.50       28.90       -0.50        0.81        4.28     1624.80        0.00        0.00        0.00        0.00        0.00        0.01        0.00        0.00        0.01
2025-11-04 23:54:02      857.01       15.90       32.50     1450.00        4.70      335.00        7.50       29.00       -0.50        0.81        4.29     1625.80        0.00        0.00        0.00        0.00        0.00        0.01        0.00        0.00        0.01
2025-11-04 23:54:04      856.96       16.00       32.50     1451.00        4.40      326.00        7.50       29.00       -0.50        0.81        4.29     1627.80        0.00        0.00        0.00        0.00        0.00        0.01        0.00        0.00        0.01
2025-11-04 23:54:05      856.78       15.90       32.40     1453.00        4.40      339.00        7.50       29.00       -0.50        0.81        4.28     1628.80        0.00        0.00        0.00        0.00        0.00        0.01        0.00        0.00        0.01
2025-11-04 23:54:06      856.73       15.90       32.40     1453.00        4.40      329.00        7.50       29.00       -0.50        0.81        4.27     1629.80        0.00        0.00        0.00        0.00        0.00        0.01        0.00        0.00        0.01
2025-11-04 23:54:07      856.79       15.90       32.50     1452.00        4.10      324.00        7.50       29.00       -0.50        0.81        4.29     1630.80        0.00        0.00        0.00        0.00        0.00        0.01        0.00        0.00        0.01
2025-11-04 23:54:08      856.76       15.90       32.50     1453.00        4.00      322.00        7.50       29.00       -0.50        0.81        4.28     1631.80        0.00        0.00        0.00        0.00        0.00        0.01        0.00        0.00        0.01
2025-11-04 23:54:09      856.75       15.90       32.60     1453.00        4.00      342.00        7.50       29.00       -0.50        0.81        4.30     1632.80        0.00        0.00        0.00        0.00        0.00        0.01        0.00        0.00        0.01
2025-11-04 23:54:12      856.56       15.90       32.60     1455.00        4.20      342.00        7.50       29.00       -0.50        0.81        4.28     1635.80        0.00        0.00        0.00        0.00        0.00        0.01        0.00        0.00        0.01
2025-11-04 23:54:13      856.66       15.90       32.60     1454.00        4.10      339.00        7.50       29.00       -0.50        0.81        4.29     1636.80        0.00        0.00        0.00        0.00        0.00        0.01        0.00        0.00        0.01
2025-11-04 23:54:15      856.51       15.90       32.70     1455.00        4.20      347.00        7.50       29.00       -0.50        0.81        4.30     1638.80        0.00        0.00        0.00        0.00        0.00        0.01        0.00        0.00        0.01
2025-11-04 23:54:16      856.40       15.90       32.70     1456.00        4.40      346.00        7.50       29.00       -0.50        0.81        4.31     1639.80        0.00        0.00        0.00        0.00        0.00        0.01        0.00        0.00        0.01
2025-11-04 23:54:17      856.38       15.90       32.80     1457.00        4.50      349.00        7.50       29.00       -0.40        0.81        4.31     1640.80        0.00        0.00        0.00        0.00        0.00        0.01        0.00        0.00        0.01
2025-11-04 23:54:18      856.34       15.90       32.70     1457.00        4.60      347.00        7.50       29.00       -0.40        0.81        4.31     1641.80        0.00        0.00        0.00        0.00        0.00        0.01        0.00        0.00        0.01
2025-11-04 23:54:19      856.26       15.90       32.80     1458.00        4.50      343.00        7.50       29.00       -0.40        0.81        4.31     1642.80        0.00        0.00        0.00        0.00        0.00        0.01        0.00        0.00        0.01
2025-11-04 23:54:20      856.52       15.90       32.80     1455.00        4.50      347.00        7.50       29.00       -0.40        0.81        4.32     1643.80        0.00        0.00        0.00        0.00        0.00        0.01        0.00        0.00        0.01
2025-11-04 23:54:21      856.32       15.90       32.70     1457.00        4.60      356.00        7.50       29.00       -0.40        0.81        4.31     1644.80        0.00        0.00        0.00        0.00        0.00        0.01        0.00        0.00        0.01
2025-11-04 23:54:22      856.17       15.80       32.60     1459.00        4.50      352.00        7.50       28.90       -0.50        0.81        4.28     1645.80        0.00        0.00        0.00        0.00        0.00        0.01        0.00        0.00        0.01
2025-11-04 23:54:24      856.28       15.90       32.70     1458.00        4.20      345.00        7.50       29.00       -0.50        0.81        4.30     1647.80        0.00        0.00        0.00        0.00        0.00        0.01        0.00        0.00        0.01
2025-11-04 23:54:26      855.88       15.80       32.70     1462.00        4.30      353.00        7.50       29.00       -0.50        0.81        4.29     1649.80        0.00        0.00        0.00        0.00        0.00        0.01        0.00        0.00        0.01
2025-11-04 23:54:27      856.38       15.80       32.60     1457.00        4.30      349.00        7.50       28.90       -0.50        0.81        4.28     1650.80        0.00        0.00        0.00        0.00        0.00        0.01        0.00        0.00        0.01
2025-11-04 23:54:28      855.96       15.80       32.70     1461.00        4.40      351.00        7.50       29.00       -0.50        0.81        4.29     1651.80        0.00        0.00        0.00        0.00        0.00        0.01        0.00        0.00        0.01
2025-11-04 23:54:29      855.62       15.90       32.60     1464.00        4.70      351.00        7.50       29.10       -0.50        0.81        4.30     1652.80        0.00        0.00        0.00        0.00        0.00        0.01        0.00        0.00        0.01
2025-11-04 23:54:30      855.78       15.80       32.70     1462.00        4.80      351.00        7.50       28.90       -0.50        0.81        4.27     1653.80        0.00        0.00        0.00        0.00        0.00        0.01        0.00        0.00        0.01
2025-11-04 23:54:31      855.69       15.90       32.70     1463.00        4.80      355.00        7.50       29.00       -0.50        0.81        4.29     1654.80        0.00        0.00        0.00        0.00        0.00        0.01        0.00        0.00        0.01
2025-11-04 23:54:32      855.68       15.90       32.60     1463.00        4.90      348.00        7.50       29.00       -0.50        0.81        4.29     1655.80        0.00        0.00        0.00        0.00        0.00        0.01        0.00        0.00        0.01
2025-11-04 23:54:33      855.59       15.80       32.60     1464.00        5.00      348.00        7.50       29.00       -0.60        0.81        4.26     1656.80        0.00        0.00        0.00        0.00        0.00        0.01        0.00        0.00        0.01
2025-11-04 23:54:36      855.18       15.80       32.70     1468.00        4.90      346.00        7.50       29.00       -0.60        0.81        4.27     1659.80        0.00        0.00        0.00        0.00        0.00        0.01        0.00        0.00        0.01
2025-11-04 23:54:37      855.41       15.80       32.70     1466.00        4.70      348.00        7.50       29.00       -0.50        0.81        4.28     1660.80        0.00        0.00        0.00        0.00        0.00        0.01        0.00        0.00        0.01
2025-11-04 23:54:38      855.22       15.80       32.60     1468.00        4.60      345.00        7.50       29.00       -0.50        0.81        4.28     1661.80        0.00        0.00        0.00        0.00        0.00        0.01        0.00        0.00        0.01
2025-11-04 23:54:39      855.42       15.80       32.60     1466.00        4.60      352.00        7.50       29.00       -0.60        0.81        4.26     1662.80        0.00        0.00        0.00        0.00        0.00        0.01        0.00        0.00        0.01
2025-11-04 23:54:40      855.26       15.80       32.60     1468.00        4.50      355.00        7.50       29.00       -0.50        0.81        4.28     1663.80        0.00        0.00        0.00        0.00        0.00        0.01        0.00        0.00        0.01
2025-11-04 23:54:41      855.12       15.80       32.50     1469.00        4.40      350.00        7.50       29.10       -0.60        0.81        4.27     1664.80        0.00        0.00        0.00        0.00        0.00        0.01        0.00        0.00        0.01
2025-11-04 23:54:42      854.97       15.80       32.40     1471.00        4.60      352.00        7.50       29.10       -0.60        0.81        4.25     1665.80        0.00        0.00        0.00        0.00        0.00        0.01        0.00        0.00        0.01
2025-11-04 23:54:43      854.87       15.90       32.30     1472.00        4.60      354.00        7.50       29.10       -0.70        0.81        4.24     1666.80        0.00        0.00        0.00        0.00        0.00        0.01        0.00        0.00        0.01
2025-11-04 23:54:44      855.06       15.90       32.30     1470.00        4.80      354.00        7.50       29.10       -0.60        0.81        4.24     1667.80        0.00        0.00        0.00        0.00        0.00        0.01        0.00        0.00        0.01
2025-11-04 23:54:46      854.69       15.90       32.00     1473.00        5.00      352.00        7.50       29.20       -0.80        0.81        4.21     1669.80        0.00        0.00        0.00        0.00        0.00        0.01        0.00        0.00        0.01
2025-11-04 23:54:47      854.88       15.90       31.90     1471.00        5.20      354.00        7.50       29.20       -0.80        0.81        4.19     1670.80        0.00        0.00        0.00        0.00        0.00        0.01        0.00        0.00        0.01
2025-11-04 23:54:48      854.70       15.90       31.70     1473.00        5.50      356.00        7.50       29.20       -0.90        0.81        4.16     1671.80        0.00        0.00        0.00        0.00        0.00        0.01        0.00        0.00        0.01
2025-11-04 23:54:49      854.80       15.90       31.60     1472.00        5.50      354.00        7.50       29.20       -0.90        0.81        4.17     1672.80        0.00        0.00        0.00        0.00        0.00        0.01        0.00        0.00        0.01
2025-11-04 23:54:50      855.01       15.90       31.40     1470.00        5.20      353.00        7.50       29.20       -1.00        0.81        4.14     1673.80        0.00        0.00        0.00        0.00        0.00        0.01        0.00        0.00        0.01
2025-11-04 23:54:51      854.59       16.00       31.40     1474.00        5.10      350.00        7.50       29.20       -1.00        0.81        4.14     1674.80        0.00        0.00        0.00        0.00        0.00        0.01        0.00        0.00        0.01
2025-11-04 23:54:53      854.76       15.90       31.10     1473.00        5.10      353.00        7.50       29.20       -1.10        0.80        4.08     1676.80        0.00        0.00        0.00        0.00        0.00        0.01        0.00        0.00        0.01
2025-11-04 23:54:56      854.44       15.90       31.10     1476.00        5.10      355.00        7.50       29.20       -1.20        0.80        4.07     1679.80        0.00        0.00        0.00        0.00        0.00        0.01        0.00        0.00        0.01
2025-11-04 23:54:57      854.44       15.90       31.10     1476.00        5.10      354.00        7.50       29.20       -1.10        0.80        4.09     1680.80        0.00        0.00        0.00        0.00        0.00        0.01        0.00        0.00        0.01
2025-11-04 23:54:58      854.21       15.90       30.90     1478.00        4.80      349.00        7.50       29.20       -1.20        0.80        4.04     1681.80        0.00        0.00        0.00        0.00        0.00        0.01        0.00        0.00        0.01
2025-11-04 23:55:00      854.58       15.90       30.90     1474.00        5.00      346.00        7.50       29.10       -1.20        0.80        4.04     1683.80        0.00        0.00        0.00        0.00        0.00        0.01        0.00        0.00        0.01
2025-11-04 23:55:04      853.88       15.90       30.80     1481.00        4.40      354.00        7.50       29.20       -1.30        0.80        4.02     1687.80        0.00        0.00        0.00        0.00        0.00        0.01        0.00        0.00        0.01
2025-11-04 23:55:06      853.95       15.90       30.70     1481.00        4.00      349.00        7.50       29.20       -1.30        0.80        4.01     1689.80        0.00        0.00        0.00        0.00        0.00        0.01        0.00        0.00        0.01
2025-11-04 23:55:08      853.91       15.90       30.60     1481.00        3.60      350.00        7.50       29.20       -1.40        0.80        4.00     1691.80        0.00        0.00        0.00        0.00        0.00        0.01        0.00        0.00        0.01
2025-11-04 23:55:09      853.86       15.90       30.50     1482.00        3.50      350.00        7.50       29.30       -1.40        0.80        4.00     1692.80        0.00        0.00        0.00        0.00        0.00        0.01        0.00        0.00        0.01
2025-11-04 23:55:10      853.91       15.90       30.60     1481.00        3.60      348.00        7.50       29.20       -1.40        0.80        4.00     1693.80        0.00        0.00        0.00        0.00        0.00        0.01        0.00        0.00        0.01
2025-11-04 23:55:13      853.73       15.80       30.60     1483.00        3.40      357.00        7.50       29.20       -1.40        0.80        3.99     1696.80        0.00        0.00        0.00        0.00        0.00        0.01        0.00        0.00        0.01
2025-11-04 23:55:14      853.78       15.80       30.70     1482.00        3.50      357.00        7.50       29.20       -1.40        0.80        4.00     1697.80        0.00        0.00        0.00        0.00        0.00        0.01        0.01        0.00        0.01
2025-11-04 23:55:16      853.41       15.90       30.90     1486.00        3.70      353.00        7.50       29.20       -1.30        0.80        4.03     1699.80        0.00        0.00        0.00        0.00        0.00        0.01        0.00        0.00        0.01
2025-11-04 23:55:17      853.52       15.80       31.00     1485.00        3.80      359.00        7.50       29.20       -1.30        0.80        4.03     1700.80        0.00        0.00        0.00        0.00        0.00        0.01        0.00        0.00        0.01
2025-11-04 23:55:18      853.41       15.80       31.00     1486.00        3.80      359.00        7.50       29.20       -1.20        0.80        4.05     1701.80        0.00        0.00        0.00        0.00        0.00        0.01        0.00        0.00        0.01
2025-11-04 23:55:19      853.35       15.80       31.10     1487.00        4.00      358.00        7.50       29.20       -1.20        0.80        4.07     1702.80        0.00        0.00        0.00        0.00        0.00        0.01        0.01        0.00        0.01
2025-11-04 23:55:20      853.52       15.80       31.20     1485.00        4.40      356.00        7.50       29.20       -1.20        0.80        4.07     1703.80        0.00        0.00        0.00        0.00        0.00        0.01        0.00        0.00        0.01
2025-11-04 23:55:21      853.34       15.90       31.30     1487.00        5.00      359.00        7.50       29.30       -1.10        0.80        4.11     1704.80        0.00        0.00        0.00        0.00        0.00        0.01        0.01        0.00        0.01
2025-11-04 23:55:22      853.28       15.90       31.30     1487.00        5.50      360.00        7.50       29.30       -1.10        0.80        4.10     1705.80        0.00        0.00        0.00        0.00        0.00        0.01        0.00        0.00        0.01
2025-11-04 23:55:23      853.24       15.80       31.30     1488.00        5.50      358.00        7.50       29.20       -1.10        0.80        4.09     1706.70        0.00        0.00        0.00        0.00        0.00        0.01        0.00        0.00        0.01
2025-11-04 23:55:26      853.25       15.90       31.20     1488.00        5.20        1.00        7.50       29.30       -1.10        0.80        4.09     1709.70        0.00        0.00        0.00        0.00        0.00        0.01        0.01        0.00        0.01
2025-11-04 23:55:29      853.11       15.80       31.00     1489.00        5.00      353.00        7.50       29.30       -1.20        0.80        4.06     1712.70        0.00        0.00        0.00        0.00        0.00        0.01        0.00        0.00        0.01
2025-11-04 23:55:30      853.06       15.80       31.10     1489.00        4.80      357.00        7.50       29.30       -1.20        0.80        4.07     1713.70        0.00        0.00        0.00        0.00        0.00        0.01        0.00        0.00        0.01
2025-11-04 23:55:35      852.74       15.80       31.00     1493.00        5.00      356.00        7.50       29.20       -1.30        0.80        4.03     1718.70        0.00        0.00        0.00        0.00        0.00        0.01        0.01        0.00        0.01
2025-11-04 23:55:36      852.62       15.80       31.00     1494.00        4.90        1.00        7.50       29.30       -1.20        0.80        4.05     1719.70        0.00        0.00        0.00        0.00        0.00        0.01        0.01        0.00        0.01
2025-11-04 23:55:37      852.67       15.80       30.90     1493.00        4.80      353.00        7.50       29.30       -1.30        0.80        4.02     1720.70        0.00        0.00        0.00        0.00        0.00        0.01        0.00        0.00        0.01
2025-11-04 23:55:39      852.62       15.70       31.00     1494.00        4.90      356.00        7.50       29.20       -1.30        0.80        4.03     1722.70        0.00        0.00        0.00        0.00        0.00        0.01        0.00        0.00        0.01
2025-11-04 23:55:40      852.56       15.80       31.00     1494.00        4.90      354.00        7.50       29.20       -1.30        0.80        4.03     1723.70        0.00        0.00        0.00        0.00        0.00        0.01        0.01        0.00        0.01
2025-11-04 23:55:41      852.60       15.70       31.00     1494.00        5.00      358.00        7.50       29.20       -1.30        0.80        4.03     1724.70        0.00        0.00        0.00        0.00        0.00        0.01        0.00        0.00        0.01
2025-11-04 23:55:43      852.29       15.70       31.20     1497.00        4.60        0.00        7.50       29.20       -1.30        0.80        4.04     1726.70        0.00        0.00        0.00        0.00        0.00        0.01        0.01        0.00        0.01
2025-11-04 23:55:44      852.28       15.80       31.10     1497.00        4.60      358.00        7.50       29.30       -1.30        0.80        4.05     1727.70        0.00        0.00        0.00        0.00        0.00        0.01        0.00        0.00        0.01
2025-11-04 23:55:45      852.13       15.70       31.20     1499.00        4.40      356.00        7.50       29.20       -1.30        0.80        4.04     1728.70        0.00        0.00        0.00        0.00        0.00        0.01        0.01        0.00        0.01
2025-11-04 23:55:46      851.98       15.70       31.20     1500.00        4.00      357.00        7.50       29.30       -1.20        0.80        4.05     1729.70        0.00        0.00        0.00        0.00        0.00        0.01        0.01        0.00        0.01
2025-11-04 23:55:47      852.10       15.70       31.30     1499.00        4.00      353.00        7.50       29.30       -1.20        0.80        4.07     1730.70        0.00        0.00        0.00        0.00        0.00        0.01        0.01        0.00        0.01
2025-11-04 23:55:49      852.05       15.70       31.40     1500.00        4.10      358.00        7.50       29.20       -1.20        0.80        4.05     1732.70        0.00        0.00        0.00        0.00        0.00        0.01        0.00        0.00        0.01
2025-11-04 23:55:50      852.04       15.70       31.50     1500.00        4.30      355.00        7.50       29.20       -1.10        0.80        4.09     1733.70        0.00        0.00        0.00        0.00        0.00        0.01        0.00        0.00        0.01
2025-11-04 23:55:55      852.09       15.70       31.80     1499.00        4.40      354.00        7.50       29.20       -1.00        0.80        4.13     1738.70        0.00        0.00        0.00        0.00        0.00        0.01        0.00        0.00        0.01
2025-11-04 23:55:56      851.96       15.60       31.90     1500.00        4.50      358.00        7.50       29.20       -1.00        0.81        4.13     1739.70        0.00        0.00        0.00        0.00        0.00        0.01        0.01        0.00        0.01
2025-11-04 23:55:57      851.83       15.50       32.00     1502.00        4.60      360.00        7.50       29.10       -1.10        0.80        4.11     1740.70        0.00        0.00        0.00        0.00        0.00        0.01        0.01        0.00        0.01
2025-11-04 23:55:58      851.84       15.70       32.10     1502.00        4.50      357.00        7.50       29.20       -0.90        0.81        4.16     1741.70        0.00        0.00        0.00        0.00        0.00        0.01        0.01        0.00        0.01
2025-11-04 23:55:59      851.60       15.60       32.10     1504.00        4.70      357.00        7.50       29.20       -1.00        0.81        4.14     1742.70        0.00        0.00        0.00        0.00        0.00        0.01        0.01        0.00        0.01
2025-11-04 23:56:00      851.54       15.60       32.20     1505.00        4.80      353.00        7.50       29.20       -0.90        0.81        4.16     1743.70        0.00        0.00        0.00        0.00        0.00        0.01        0.01        0.00        0.01
2025-11-04 23:56:01      851.54       15.60       32.20     1505.00        4.80      358.00        7.50       29.10       -1.00        0.81        4.15     1744.70        0.00        0.00        0.00        0.00        0.00        0.01        0.00        0.00        0.01
2025-11-04 23:56:02      851.64       15.60       32.30     1504.00        4.40      351.00        7.50       29.10       -0.90        0.81        4.17     1745.70        0.00        0.00        0.00        0.00        0.00        0.01        0.01        0.00        0.01
2025-11-04 23:56:03      851.42       15.50       32.30     1506.00        4.40      353.00        7.50       29.10       -0.90        0.81        4.16     1746.70        0.00        0.00        0.00        0.00        0.00        0.01        0.01        0.00        0.01
2025-11-04 23:56:04      851.27       15.50       32.50     1507.00        4.70      351.00        7.50       29.10       -0.90        0.81        4.18     1747.70        0.00        0.00        0.00        0.00        0.00        0.01        0.01        0.00        0.01
2025-11-04 23:56:06      851.24       15.50       32.70     1508.00        4.60      351.00        7.50       29.10       -0.80        0.81        4.21     1749.70        0.00        0.00        0.00        0.00        0.00        0.01        0.01        0.00        0.01
2025-11-04 23:56:07      851.17       15.50       32.80     1508.00        4.40      352.00        7.50       29.10       -0.80        0.81        4.21     1750.70        0.00        0.00        0.00        0.00        0.00        0.01        0.00        0.00        0.01
2025-11-04 23:56:08      851.35       15.50       32.90     1506.00        4.20      350.00        7.50       29.10       -0.70        0.81        4.23     1751.70        0.00        0.00        0.00        0.00        0.00        0.01        0.00        0.00        0.01
2025-11-04 23:56:09      851.25       15.50       32.90     1507.00        4.00      352.00        7.50       29.10       -0.70        0.81        4.24     1752.70        0.00        0.00        0.00        0.00        0.00        0.01        0.01        0.00        0.01
2025-11-04 23:56:10      851.22       15.50       33.00     1508.00        4.00      352.00        7.50       29.00       -0.70        0.81        4.23     1753.70        0.00        0.00        0.00        0.00        0.00        0.01        0.01        0.00        0.01
2025-11-04 23:56:12      851.22       15.50       33.10     1508.00        3.90      353.00        7.50       29.00       -0.70        0.81        4.25     1755.70        0.00        0.00        0.00        0.00        0.00        0.01        0.01        0.00        0.01
2025-11-04 23:56:13      851.25       15.50       33.10     1507.00        3.80      351.00        7.50       29.10       -0.70        0.81        4.26     1756.70        0.00        0.00        0.00        0.00        0.00        0.01        0.01        0.00        0.01
2025-11-04 23:56:16      851.00       15.40       33.20     1510.00        3.50      350.00        7.50       29.00       -0.70        0.81        4.26     1759.70        0.00        0.00        0.00        0.00        0.00        0.01        0.01        0.00        0.01
2025-11-04 23:56:17      850.99       15.50       33.20     1510.00        3.30      349.00        7.50       29.10       -0.60        0.81        4.27     1760.70        0.00        0.00        0.00        0.00        0.00        0.01        0.01        0.00        0.01
2025-11-04 23:56:18      851.02       15.40       33.20     1510.00        3.00      349.00        7.50       29.10       -0.60        0.81        4.27     1761.70        0.00        0.00        0.00        0.00        0.00        0.01        0.01        0.00        0.01
2025-11-04 23:56:22      850.92       15.40       33.40     1511.00        2.80      336.00        7.50       29.10       -0.60        0.81        4.29     1765.70        0.00        0.00        0.00        0.00        0.00        0.01        0.01        0.00        0.01
2025-11-04 23:56:23      850.73       15.30       33.30     1513.00        2.80      350.00        7.50       29.00       -0.70        0.81        4.23     1766.70        0.00        0.00        0.00        0.00        0.00        0.01        0.01        0.00        0.01
2025-11-04 23:56:24      850.79       15.40       33.40     1512.00        2.70      352.00        7.50       29.00       -0.70        0.81        4.26     1767.70        0.00        0.00        0.00        0.00        0.00        0.01        0.01        0.00        0.01
2025-11-04 23:56:25      850.95       15.30       33.40     1511.00        2.70      350.00        7.50       29.00       -0.60        0.81        4.27     1768.70        0.00        0.00        0.00        0.00        0.00        0.01        0.01        0.00        0.01
2025-11-04 23:56:26      850.78       15.40       33.20     1512.00        2.70      351.00        7.50       29.00       -0.70        0.81        4.24     1769.70        0.00        0.00        0.00        0.00        0.00        0.01        0.01        0.00        0.01
2025-11-04 23:56:27      850.70       15.40       33.30     1513.00        2.90      353.00        7.50       29.00       -0.70        0.81        4.25     1770.70        0.00        0.00        0.00        0.00        0.00        0.01        0.01        0.00        0.01
2025-11-04 23:56:28      850.75       15.40       33.30     1512.00        2.90      355.00        7.50       29.00       -0.60        0.81        4.27     1771.70        0.00        0.00        0.00        0.00        0.00        0.01        0.01        0.00        0.01
2025-11-04 23:56:29      850.70       15.40       33.30     1513.00        2.90      353.00        7.50       29.00       -0.70        0.81        4.26     1772.70        0.00        0.00        0.00        0.00        0.00        0.01        0.01        0.00        0.01
2025-11-04 23:56:30      850.81       15.40       33.40     1512.00        3.00      349.00        7.50       29.00       -0.60        0.81        4.28     1773.70        0.00        0.00        0.00        0.00        0.00        0.01        0.00        0.00        0.01
2025-11-04 23:56:31      850.67       15.40       33.40     1513.00        3.20      352.00        7.50       29.00       -0.60        0.81        4.27     1774.70        0.00        0.00        0.00        0.00        0.00        0.01        0.01        0.00        0.01
2025-11-04 23:56:33      850.69       15.40       33.40     1513.00        3.20      352.00        7.50       29.00       -0.60        0.81        4.28     1776.70        0.00        0.00        0.00        0.00        0.00        0.01        0.01        0.00        0.01
2025-11-04 23:56:35      850.54       15.30       33.40     1515.00        3.20      355.00        7.50       29.00       -0.60        0.81        4.27     1778.70        0.00        0.00        0.00        0.00        0.00        0.01        0.00        0.00        0.01
2025-11-04 23:56:36      850.54       15.40       33.50     1515.00        3.00      349.00        7.50       29.00       -0.60        0.81        4.28     1779.70        0.00        0.00        0.00        0.00        0.00        0.01        0.01        0.00        0.01
2025-11-04 23:56:38      850.45       15.30       33.40     1515.00        3.20      351.00        7.50       29.00       -0.60        0.81        4.27     1781.70        0.00        0.00        0.00        0.00        0.00        0.01        0.01        0.00        0.01
2025-11-04 23:56:39      850.42       15.40       33.40     1516.00        3.10      349.00        7.50       29.00       -0.60        0.81        4.28     1782.70        0.00        0.00        0.00        0.00        0.00        0.01        0.01        0.00        0.01
2025-11-04 23:56:40      850.50       15.30       33.40     1515.00        3.30      347.00        7.50       29.00       -0.60        0.81        4.27     1783.70        0.00        0.00        0.00        0.00        0.00        0.01        0.01        0.00        0.01
2025-11-04 23:56:42      850.63       15.30       33.40     1514.00        3.50      348.00        7.50       29.00       -0.60        0.81        4.26     1785.70        0.00        0.00        0.00        0.00        0.00        0.01        0.01        0.00        0.01
2025-11-04 23:56:47      850.11       15.30       33.70     1519.00        3.90      353.00        7.50       29.00       -0.60        0.81        4.30     1790.70        0.00        0.00        0.00        0.00        0.00        0.01        0.01        0.00        0.01
2025-11-04 23:56:49      850.07       15.30       33.70     1519.00        4.20      349.00        7.50       29.00       -0.60        0.81        4.30     1792.70        0.00        0.00        0.00        0.00        0.00        0.01        0.01        0.00        0.01
2025-11-04 23:56:50      849.96       15.30       33.60     1520.00        4.20      350.00        7.50       29.00       -0.60        0.81        4.28     1793.70        0.00        0.00        0.00        0.00        0.00        0.01        0.01        0.00        0.01
2025-11-04 23:56:51      850.17       15.30       33.60     1518.00        4.20      353.00        7.50       29.00       -0.60        0.81        4.29     1794.70        0.00        0.00        0.00        0.00        0.00        0.01        0.01        0.00        0.01
2025-11-04 23:56:52      850.04       15.30       33.70     1520.00        4.30      352.00        7.50       29.00       -0.60        0.81        4.30     1795.70        0.00        0.00        0.00        0.00        0.00        0.01        0.01        0.00        0.01
2025-11-04 23:56:53      849.96       15.30       33.60     1520.00        4.30      355.00        7.50       29.00       -0.60        0.81        4.28     1796.70        0.00        0.00        0.00        0.00        0.00        0.01        0.01        0.00        0.01
2025-11-04 23:56:54      850.20       15.30       33.60     1518.00        4.40      356.00        7.50       29.00       -0.60        0.81        4.28     1797.70        0.00        0.00        0.00        0.00        0.00        0.01        0.01        0.00        0.01
2025-11-04 23:56:56      849.90       15.30       33.70     1521.00        4.30      354.00        7.50       29.00       -0.60        0.81        4.29     1799.70        0.00        0.00        0.00        0.00        0.00        0.01        0.01        0.00        0.01
2025-11-04 23:56:57      849.95       15.30       33.70     1520.00        4.40      357.00        7.50       29.00       -0.60        0.81        4.29     1800.70        0.00        0.00        0.00        0.00        0.00        0.01        0.01        0.00        0.01
2025-11-04 23:56:58      849.92       15.30       33.60     1521.00        4.40      358.00        7.50       29.00       -0.60        0.81        4.28     1801.70        0.00        0.00        0.00        0.00        0.00        0.01        0.01        0.00        0.01
2025-11-04 23:57:01      849.93       15.30       33.70     1521.00        4.20        3.00        7.50       29.00       -0.60        0.81        4.28     1804.70        0.00        0.00        0.00        0.00        0.00        0.01        0.00        0.00        0.01
2025-11-04 23:57:02      849.88       15.20       33.70     1521.00        4.30      359.00        7.50       28.90       -0.60        0.81        4.27     1805.70        0.00        0.00        0.00        0.00        0.00        0.01        0.01        0.00        0.01
2025-11-04 23:57:03      849.67       15.20       33.60     1523.00        4.20        3.00        7.50       29.00       -0.60        0.81        4.27     1806.70        0.00        0.00        0.00        0.00        0.00        0.01        0.01        0.00        0.01
2025-11-04 23:57:04      849.75       15.20       33.70     1522.00        4.20        7.00        7.50       29.00       -0.60        0.81        4.27     1807.60        0.00        0.00        0.00        0.00        0.00        0.01        0.01        0.00        0.01
2025-11-04 23:57:05      849.53       15.20       33.70     1525.00        4.20        8.00        7.50       29.00       -0.60        0.81        4.27     1808.60        0.00        0.00        0.00        0.00        0.00        0.01        0.01        0.00        0.01
2025-11-04 23:57:06      849.37       15.30       33.80     1526.00        4.30        7.00        7.50       29.00       -0.60        0.81        4.30     1809.60        0.00        0.00        0.00        0.00        0.00        0.01        0.01        0.00        0.01
2025-11-04 23:57:07      849.66       15.20       33.60     1523.00        4.30        3.00        7.50       29.00       -0.70        0.81        4.27     1810.60        0.00        0.00        0.00        0.00        0.00        0.01        0.01        0.00        0.01
2025-11-04 23:57:09      849.51       15.20       33.70     1525.00        4.30        2.00        7.50       28.90       -0.70        0.81        4.26     1812.60        0.00        0.00        0.00        0.00        0.00        0.01        0.01        0.00        0.01
2025-11-04 23:57:10      849.31       15.20       33.80     1527.00        4.30        3.00        7.50       29.00       -0.60        0.81        4.28     1813.60        0.00        0.00        0.00        0.00        0.00        0.01        0.01        0.00        0.01
2025-11-04 23:57:11      849.35       15.20       33.80     1526.00        4.30       12.00        7.50       28.90       -0.60        0.81        4.27     1814.60        0.00        0.00        0.00        0.00        0.00        0.01        0.01        0.00        0.01
2025-11-04 23:57:12      849.60       15.20       33.80     1524.00        4.00      358.00        7.50       28.90       -0.60        0.81        4.28     1815.60        0.00        0.00        0.00        0.00        0.00        0.01        0.01        0.00        0.01
2025-11-04 23:57:13      849.33       15.20       33.90     1527.00        4.00        7.00        7.50       29.00       -0.60        0.81        4.30     1816.60        0.00        0.00        0.00        0.00        0.00        0.01        0.01        0.00        0.01
2025-11-04 23:57:14      849.28       15.20       33.80     1527.00        4.10      360.00        7.50       29.00       -0.60        0.81        4.29     1817.60        0.00        0.00        0.00        0.00        0.00        0.01        0.01        0.00        0.01
2025-11-04 23:57:16      849.32       15.20       33.90     1527.00        4.10        2.00        7.50       28.90       -0.60        0.81        4.28     1819.60        0.00        0.00        0.00        0.00        0.00        0.01        0.01        0.00        0.01
2025-11-04 23:57:19      849.05       15.10       33.90     1529.00        4.00        5.00        7.50       28.90       -0.60        0.81        4.27     1822.60        0.00        0.00        0.00        0.00        0.00        0.01        0.01        0.00        0.01
2025-11-04 23:57:20      849.32       15.20       33.80     1527.00        3.90        1.00        7.50       29.00       -0.60        0.81        4.30     1823.60        0.00        0.00        0.00        0.00        0.00        0.01        0.01        0.00        0.01
2025-11-04 23:57:21      848.81       15.20       33.90     1532.00        3.90        3.00        7.50       29.00       -0.60        0.81        4.29     1824.60        0.00        0.00        0.00        0.00        0.00        0.01        0.01        0.00        0.01
2025-11-04 23:57:22      849.21       15.10       33.80     1528.00        3.90        2.00        7.50       28.90       -0.70        0.81        4.27     1825.60        0.00        0.00        0.00        0.00        0.00        0.01        0.01        0.00        0.01
2025-11-04 23:57:23      849.07       15.20       33.80     1529.00        3.90        1.00        7.50       29.00       -0.60        0.81        4.29     1826.60        0.00        0.00        0.00        0.00        0.00        0.01        0.01        0.00        0.01
2025-11-04 23:57:24      848.94       15.20       33.80     1530.00        3.70        5.00        7.50       29.00       -0.60        0.81        4.28     1827.60        0.00        0.00        0.00        0.00        0.00        0.01        0.01        0.00        0.01
2025-11-04 23:57:25      848.98       15.20       33.90     1530.00        3.50        5.00        7.50       29.00       -0.60        0.81        4.29     1828.60        0.00        0.00        0.00        0.00        0.00        0.01        0.01        0.00        0.01
2025-11-04 23:57:26      848.97       15.20       33.80     1530.00        3.30        4.00        7.50       29.00       -0.60        0.81        4.28     1829.60        0.00        0.00        0.00        0.00        0.00        0.01        0.01        0.00        0.01
2025-11-04 23:57:27      848.72       15.10       33.80     1533.00        3.30        3.00        7.50       28.90       -0.70        0.81        4.26     1830.60        0.00        0.00        0.00        0.00        0.00        0.01        0.01        0.00        0.01
2025-11-04 23:57:28      848.82       15.20       33.80     1532.00        3.20        3.00        7.50       29.00       -0.60        0.81        4.28     1831.60        0.00        0.00        0.00        0.00        0.00        0.01        0.01        0.00        0.01
2025-11-04 23:57:29      848.81       15.20       33.90     1532.00        3.30        3.00        7.50       29.00       -0.60        0.81        4.30     1832.60        0.00        0.00        0.00        0.00        0.00        0.01        0.01        0.00        0.01
2025-11-04 23:57:30      848.78       15.20       33.90     1532.00        3.30        3.00        7.50       29.00       -0.60        0.81        4.29     1833.60        0.00        0.00        0.00        0.00        0.00        0.01        0.01        0.00        0.01
2025-11-04 23:57:33      848.89       15.20       33.70     1531.00        3.60        0.00        7.50       29.00       -0.70        0.81        4.26     1836.60        0.00        0.00        0.00        0.00        0.00        0.01        0.01        0.00        0.01
2025-11-04 23:57:35      848.71       15.10       33.70     1533.00        3.70        1.00        7.50       29.00       -0.70        0.81        4.26     1838.60        0.00        0.00        0.00        0.00        0.00        0.01        0.01        0.00        0.01
2025-11-04 23:57:36      848.69       15.10       33.80     1533.00        3.60        1.00        7.50       29.00       -0.70        0.81        4.26     1839.60        0.00        0.00        0.00        0.00        0.00        0.01        0.01        0.00        0.01
2025-11-04 23:57:37      848.68       15.20       33.70     1533.00        3.60      358.00        7.50       29.00       -0.70        0.81        4.26     1840.60        0.00        0.00        0.00        0.00        0.00        0.01        0.01        0.00        0.01
2025-11-04 23:57:38      848.74       15.10       33.80     1533.00        3.90      358.00        7.50       28.90       -0.70        0.81        4.25     1841.60        0.00        0.00        0.00        0.00        0.00        0.01        0.01        0.00        0.01
2025-11-04 23:57:40      848.68       15.10       33.80     1533.00        4.00      353.00        7.50       28.90       -0.70        0.81        4.26     1843.60        0.00        0.00        0.00        0.00        0.00        0.01        0.01        0.00        0.01
2025-11-04 23:57:41      848.65       15.10       33.90     1533.00        3.90        3.00        7.50       28.90       -0.70        0.81        4.26     1844.60        0.00        0.00        0.00        0.00        0.00        0.01        0.01        0.00        0.01
2025-11-04 23:57:43      848.45       15.10       33.90     1535.00        3.60      354.00        7.50       29.00       -0.60        0.81        4.28     1846.60        0.00        0.00        0.00        0.00        0.00        0.01        0.01        0.00        0.01
2025-11-04 23:57:44      848.29       15.10       33.90     1537.00        3.50      353.00        7.50       29.00       -0.70        0.81        4.27     1847.60        0.00        0.00        0.00        0.00        0.00        0.01        0.01        0.00        0.01
2025-11-04 23:57:45      848.28       15.10       33.90     1537.00        3.30      348.00        7.50       29.00       -0.70        0.81        4.26     1848.60        0.00        0.00        0.00        0.00        0.00        0.01        0.01        0.00        0.01
2025-11-04 23:57:46      848.03       15.10       34.00     1540.00        3.20      351.00        7.50       29.00       -0.70        0.81        4.27     1849.60        0.00        0.00        0.00        0.00        0.00        0.01        0.01        0.00        0.01
2025-11-04 23:57:48      848.25       15.10       33.90     1537.00        3.30      350.00        7.50       28.90       -0.70        0.81        4.26     1851.60        0.00        0.00        0.00        0.00        0.00        0.01        0.01        0.00        0.01
2025-11-04 23:57:49      848.31       15.10       33.90     1537.00        3.50      352.00        7.50       29.00       -0.70        0.81        4.27     1852.60        0.00        0.00        0.00        0.00        0.00        0.01        0.01        0.00        0.01
2025-11-04 23:57:50      848.34       15.10       33.90     1537.00        3.70      356.00        7.50       28.90       -0.70        0.81        4.26     1853.60        0.00        0.00        0.00        0.00        0.00        0.01        0.01        0.00        0.01
2025-11-04 23:57:51      848.20       15.10       33.90     1538.00        3.60      355.00        7.50       29.00       -0.70        0.81        4.27     1854.60        0.00        0.00        0.00        0.00        0.00        0.01        0.01        0.00        0.01
2025-11-04 23:57:52      848.39       15.10       33.90     1536.00        3.50      349.00        7.50       29.00       -0.70        0.81        4.27     1855.60        0.00        0.00        0.00        0.00        0.00        0.01        0.01        0.00        0.01
2025-11-04 23:57:54      848.09       15.10       33.90     1539.00        3.60      349.00        7.50       29.00       -0.70        0.81        4.27     1857.60        0.00        0.00        0.00        0.00        0.00        0.01        0.01        0.00        0.01
2025-11-04 23:57:55      847.96       15.00       33.90     1540.00        3.60      354.00        7.50       29.00       -0.70        0.81        4.26     1858.60        0.00        0.00        0.00        0.00        0.00        0.01        0.01        0.00        0.01
2025-11-04 23:57:58      847.96       15.10       34.10     1540.00        4.00      357.00        7.50       29.00       -0.60        0.81        4.30     1861.60        0.00        0.00        0.00        0.00        0.00        0.01        0.01        0.00        0.01
2025-11-04 23:57:59      847.91       15.10       34.00     1541.00        4.00      350.00        7.50       29.00       -0.60        0.81        4.28     1862.60        0.00        0.00        0.00        0.00        0.00        0.01        0.01        0.00        0.01
2025-11-04 23:58:02      847.92       15.00       33.80     1541.00        4.10      352.00        7.50       28.90       -0.80        0.81        4.24     1865.60        0.00        0.00        0.00        0.00        0.00        0.01        0.01        0.00        0.01
2025-11-04 23:58:03      847.93       15.10       33.90     1541.00        4.20      351.00        7.50       29.00       -0.70        0.81        4.27     1866.60        0.00        0.00        0.00        0.00        0.00        0.01        0.01        0.00        0.01
2025-11-04 23:58:04      847.98       15.10       33.90     1540.00        4.20      354.00        7.50       29.00       -0.70        0.81        4.27     1867.60        0.00        0.00        0.00        0.00        0.00        0.01        0.01        0.00        0.01
2025-11-04 23:58:05      847.94       15.10       33.80     1540.00        4.20      357.00        7.50       29.00       -0.70        0.81        4.25     1868.60        0.00        0.00        0.00        0.00        0.00        0.01        0.01        0.00        0.01
2025-11-04 23:58:07      847.83       15.10       34.00     1542.00        4.00      350.00        7.50       29.00       -0.70        0.81        4.27     1870.60        0.00        0.00        0.00        0.00        0.00        0.01        0.01        0.00        0.01
2025-11-04 23:58:10      847.62       15.10       33.90     1544.00        3.80      352.00        7.50       29.00       -0.70        0.81        4.27     1873.60        0.00        0.00        0.00        0.00        0.00        0.01        0.01        0.00        0.01
2025-11-04 23:58:11      847.83       15.00       33.90     1542.00        3.80      359.00        7.50       28.90       -0.70        0.81        4.25     1874.60        0.00        0.00        0.00        0.00        0.00        0.01        0.01        0.00        0.01
2025-11-04 23:58:12      847.89       15.00       33.90     1541.00        3.70      359.00        7.50       28.90       -0.70        0.81        4.25     1875.60        0.00        0.00        0.00        0.00        0.00        0.01        0.01        0.00        0.01
2025-11-04 23:58:13      847.77       15.00       33.90     1542.00        3.80      358.00        7.50       28.90       -0.70        0.81        4.25     1876.60        0.00        0.00        0.00        0.00        0.00        0.01        0.01        0.00        0.01
2025-11-04 23:58:14      847.42       15.00       33.90     1546.00        3.70      358.00        7.50       29.00       -0.70        0.81        4.24     1877.60        0.00        0.00        0.00        0.00        0.00        0.01        0.01        0.00        0.01
2025-11-04 23:58:15      847.68       15.10       33.80     1543.00        3.60      358.00        7.50       29.00       -0.70        0.81        4.25     1878.60        0.00        0.00        0.00        0.00        0.00        0.01        0.01        0.00        0.01
2025-11-04 23:58:16      847.73       15.00       33.90     1543.00        3.50      357.00        7.50       29.00       -0.70        0.81        4.25     1879.60        0.00        0.00        0.00        0.00        0.00        0.01        0.01        0.00        0.01
2025-11-04 23:58:18      847.36       15.00       33.90     1546.00        3.50      357.00        7.50       29.00       -0.80        0.81        4.24     1881.60        0.00        0.00        0.00        0.00        0.00        0.01        0.01        0.00        0.01
2025-11-04 23:58:19      847.49       15.00       33.80     1545.00        3.60      353.00        7.50       29.00       -0.70        0.81        4.25     1882.60        0.00        0.00        0.00        0.00        0.00        0.01        0.01        0.00        0.01
2025-11-04 23:58:20      847.45       15.00       33.80     1545.00        3.80      350.00        7.50       29.00       -0.70        0.81        4.25     1883.60        0.00        0.00        0.00        0.00        0.00        0.01        0.01        0.00        0.01
2025-11-04 23:58:21      847.42       15.00       33.90     1546.00        3.90      352.00        7.50       28.90       -0.70        0.81        4.24     1884.60        0.00        0.00        0.00        0.00        0.00        0.01        0.01        0.00        0.01
2025-11-04 23:58:22      847.64       15.00       33.90     1543.00        3.90      346.00        7.50       28.90       -0.70        0.81        4.24     1885.60        0.00        0.00        0.00        0.00        0.00        0.01        0.01        0.00        0.01
2025-11-04 23:58:25      847.51       15.00       33.90     1545.00        3.80      352.00        7.50       28.90       -0.80        0.81        4.24     1888.60        0.00        0.00        0.00        0.00        0.00        0.01        0.01        0.00        0.01
2025-11-04 23:58:28      847.19       15.00       34.00     1548.00        3.90      354.00        7.50       29.00       -0.70        0.81        4.28     1891.60        0.00        0.00        0.00        0.00        0.00        0.01        0.01        0.00        0.01
2025-11-04 23:58:30      847.31       15.00       33.90     1547.00        4.00      354.00        7.50       29.00       -0.70        0.81        4.25     1893.60        0.00        0.00        0.00        0.00        0.00        0.01        0.01        0.00        0.01
2025-11-04 23:58:31      847.06       15.00       33.80     1549.00        4.20      355.00        7.50       29.00       -0.80        0.81        4.23     1894.60        0.00        0.00        0.00        0.00        0.00        0.01        0.01        0.00        0.01
2025-11-04 23:58:32      847.08       15.00       34.00     1549.00        4.50      354.00        7.50       29.00       -0.70        0.81        4.27     1895.60        0.00        0.00        0.00        0.00        0.00        0.01        0.01        0.00        0.01
2025-11-04 23:58:33      847.10       15.00       34.00     1549.00        4.90      348.00        7.50       29.00       -0.70        0.81        4.26     1896.60        0.00        0.00        0.00        0.00        0.00        0.01        0.01        0.00        0.01
2025-11-04 23:58:34      847.16       15.00       34.00     1548.00        5.20      352.00        7.50       29.00       -0.70        0.81        4.26     1897.60        0.00        0.00        0.00        0.00        0.00        0.01        0.01        0.00        0.01
2025-11-04 23:58:35      847.21       15.00       34.10     1548.00        5.30      354.00        7.50       29.00       -0.70        0.81        4.26     1898.60        0.00        0.00        0.00        0.00        0.00        0.01        0.01        0.00        0.01
2025-11-04 23:58:36      846.96       14.90       34.10     1550.00        5.30      354.00        7.50       28.90       -0.70        0.81        4.25     1899.60        0.00        0.00        0.00        0.00        0.00        0.01        0.01        0.00        0.01
2025-11-04 23:58:40      846.96       15.00       34.00     1550.00        4.60      347.00        7.50       29.00       -0.70        0.81        4.26     1903.60        0.00        0.00        0.00        0.00        0.00        0.01        0.01        0.00        0.01
2025-11-04 23:58:41      846.80       14.90       34.00     1552.00        4.40      356.00        7.50       29.00       -0.70        0.81        4.25     1904.60        0.00        0.00        0.00        0.00        0.00        0.01        0.01        0.00        0.01
2025-11-04 23:58:42      846.79       14.90       34.10     1552.00        3.90      351.00        7.50       29.00       -0.70        0.81        4.25     1905.60        0.00        0.00        0.00        0.00        0.00        0.01        0.01        0.00        0.01
2025-11-04 23:58:43      846.84       15.00       34.10     1551.00        3.90      353.00        7.50       29.00       -0.70        0.81        4.27     1906.60        0.00        0.00        0.00        0.00        0.00        0.01        0.01        0.00        0.01
2025-11-04 23:58:44      846.86       15.00       34.10     1551.00        4.00      354.00        7.50       29.00       -0.70        0.81        4.27     1907.60        0.00        0.00        0.00        0.00        0.00        0.01        0.01        0.00        0.01
2025-11-04 23:58:45      846.79       15.00       34.10     1552.00        4.00      351.00        7.50       29.00       -0.70        0.81        4.27     1908.60        0.00        0.00        0.00        0.00        0.00        0.01        0.01        0.00        0.01
2025-11-04 23:58:47      846.78       14.90       34.00     1552.00        4.00      349.00        7.50       28.90       -0.80        0.81        4.23     1910.50        0.00        0.00        0.00        0.00        0.00        0.01        0.01        0.00        0.01
2025-11-04 23:58:48      846.72       14.90       34.00     1553.00        4.00      350.00        7.50       28.90       -0.80        0.81        4.24     1911.50        0.00        0.00        0.00        0.00        0.00        0.01        0.01        0.00        0.01
2025-11-04 23:58:49      846.62       14.90       34.00     1554.00        4.00      350.00        7.50       29.00       -0.80        0.81        4.24     1912.50        0.00        0.00        0.00        0.00        0.00        0.01        0.01        0.00        0.01
2025-11-04 23:58:50      846.82       15.00       34.10     1552.00        4.00      349.00        7.50       29.00       -0.70        0.81        4.26     1913.50        0.00        0.00        0.00        0.00        0.00        0.01        0.01        0.00        0.01
2025-11-04 23:58:51      846.66       14.90       34.10     1553.00        4.00      349.00        7.50       28.90       -0.80        0.81        4.25     1914.50        0.00        0.00        0.00        0.00        0.00        0.01        0.01        0.00        0.01
2025-11-04 23:58:52      846.47       14.90       33.90     1555.00        3.90      352.00        7.50       29.00       -0.80        0.81        4.23     1915.50        0.00        0.00        0.00        0.00        0.00        0.01        0.01        0.00        0.01
2025-11-04 23:58:53      846.47       14.90       34.00     1555.00        3.80      354.00        7.50       28.90       -0.80        0.81        4.23     1916.50        0.00        0.00        0.00        0.00        0.00        0.01        0.01        0.00        0.01
2025-11-04 23:58:54      846.38       14.90       34.10     1556.00        3.80      351.00        7.50       29.00       -0.70        0.81        4.25     1917.50        0.00        0.00        0.00        0.00        0.00        0.01        0.01        0.00        0.01
2025-11-04 23:58:55      846.56       14.90       34.00     1554.00        3.80      351.00        7.50       29.00       -0.80        0.81        4.24     1918.50        0.00        0.00        0.00        0.00        0.00        0.01        0.01        0.00        0.01
2025-11-04 23:58:56      846.39       14.90       34.00     1556.00        3.80      350.00        7.50       29.00       -0.80        0.81        4.24     1919.50        0.00        0.00        0.00        0.00        0.00        0.01        0.01        0.00        0.01
2025-11-04 23:58:58      846.52       14.90       34.00     1555.00        3.80      342.00        7.50       29.00       -0.80        0.81        4.24     1921.50        0.00        0.00        0.00        0.00        0.00        0.01        0.01        0.00        0.01
2025-11-04 23:59:01      846.49       14.90       33.90     1555.00        3.70      345.00        7.50       29.00       -0.80        0.81        4.23     1924.50        0.00        0.00        0.00        0.00        0.00        0.01        0.01        0.00        0.01
2025-11-04 23:59:02      846.36       14.90       33.90     1556.00        3.60      346.00        7.50       28.90       -0.80        0.81        4.22     1925.50        0.00        0.00        0.00        0.00        0.00        0.01        0.01        0.00        0.01
2025-11-04 23:59:04      846.13       14.90       33.80     1559.00        3.80      345.00        7.50       29.00       -0.90        0.81        4.21     1927.50        0.00        0.00        0.00        0.00        0.00        0.01        0.01        0.00        0.01
2025-11-04 23:59:05      846.22       14.80       33.80     1558.00        3.80      347.00        7.50       28.90       -0.90        0.81        4.19     1928.50        0.00        0.00        0.00        0.00        0.00        0.01        0.01        0.00        0.01
2025-11-04 23:59:06      846.41       14.90       33.80     1556.00        3.80      347.00        7.50       28.90       -0.90        0.81        4.20     1929.50        0.00        0.00        0.00        0.00        0.00        0.01        0.01        0.00        0.01
2025-11-04 23:59:07      846.21       14.90       33.90     1558.00        3.80      347.00        7.50       29.00       -0.90        0.81        4.21     1930.50        0.00        0.00        0.00        0.00        0.00        0.01        0.01        0.00        0.01
2025-11-04 23:59:08      846.45       14.90       33.90     1555.00        3.80      347.00        7.50       28.90       -0.90        0.81        4.21     1931.50        0.00        0.00        0.00        0.00        0.00        0.01        0.01        0.00        0.01
2025-11-04 23:59:09      846.18       14.90       33.90     1558.00        3.80      347.00        7.50       29.00       -0.80        0.81        4.22     1932.50        0.00        0.00        0.00        0.00        0.00        0.01        0.01        0.00        0.01
2025-11-04 23:59:10      846.12       14.90       34.00     1559.00        3.80      349.00        7.50       28.90       -0.80        0.81        4.22     1933.50        0.00        0.00        0.00        0.00        0.00        0.01        0.01        0.00        0.01
2025-11-04 23:59:12      845.86       14.90       33.90     1561.00        3.90      346.00        7.50       29.00       -0.80        0.81        4.22     1935.50        0.00        0.00        0.00        0.00        0.00        0.01        0.01        0.00        0.01
2025-11-04 23:59:13      845.88       14.90       33.80     1561.00        4.00      346.00        7.50       29.00       -0.90        0.81        4.21     1936.50        0.00        0.00        0.00        0.00        0.00        0.01        0.01        0.00        0.01
2025-11-04 23:59:15      846.20       14.90       33.70     1558.00        4.00      349.00        7.50       29.00       -0.90        0.81        4.19     1938.50        0.00        0.00        0.00        0.00        0.00        0.01        0.01        0.00        0.01
2025-11-04 23:59:16      845.96       14.90       33.70     1560.00        3.80      346.00        7.50       29.00       -0.90        0.81        4.20     1939.50        0.00        0.00        0.00        0.00        0.00        0.01        0.01        0.00        0.01
2025-11-04 23:59:17      845.66       14.90       33.60     1563.00        3.70      349.00        7.50       29.00       -1.00        0.81        4.18     1940.50        0.00        0.00        0.00        0.00        0.00        0.01        0.01        0.00        0.01
2025-11-04 23:59:20      845.74       15.00       33.70     1562.00        3.90      347.00        7.50       29.10       -0.80        0.81        4.23     1943.50        0.00        0.00        0.00        0.00        0.00        0.01        0.01        0.00        0.01
2025-11-04 23:59:21      845.88       15.00       33.60     1561.00        3.80      349.00        7.50       29.10       -0.90        0.81        4.20     1944.50        0.00        0.00        0.00        0.00        0.00        0.01        0.01        0.00        0.01
2025-11-04 23:59:22      845.85       15.00       33.60     1561.00        3.60      347.00        7.50       29.10       -0.90        0.81        4.20     1945.50        0.00        0.00        0.00        0.00        0.00        0.01        0.01        0.00        0.01
2025-11-04 23:59:23      845.78       14.90       33.60     1562.00        3.60      348.00        7.50       29.10       -0.90        0.81        4.19     1946.50        0.00        0.00        0.00        0.00        0.00        0.01        0.01        0.00        0.01
2025-11-04 23:59:25      845.61       14.90       33.60     1564.00        4.00      343.00        7.30       29.10       -0.90        0.81        4.19     1948.50        0.00        0.00        0.00        0.00        0.00        0.01        0.01        0.00        0.01
2025-11-04 23:59:26      845.46       15.00       33.70     1565.00        3.90      341.00        7.50       29.10       -0.90        0.81        4.22     1949.50        0.00        0.00        0.00        0.00        0.00        0.01        0.01        0.00        0.01
2025-11-04 23:59:27      845.48       14.90       33.70     1565.00        4.10      343.00        7.50       29.10       -0.90        0.81        4.20     1950.50        0.00        0.00        0.00        0.00        0.00        0.01        0.01        0.00        0.01
2025-11-04 23:59:28      845.41       15.00       33.90     1566.00        4.20      347.00        7.30       29.10       -0.80        0.81        4.24     1951.50        0.00        0.00        0.00        0.00        0.00        0.01        0.01        0.00        0.01
2025-11-04 23:59:30      845.30       15.00       34.00     1567.00        4.60      350.00        7.30       29.20       -0.70        0.81        4.27     1953.50        0.00        0.00        0.00        0.00        0.00        0.01        0.01        0.00        0.01
2025-11-04 23:59:31      845.57       15.00       34.20     1564.00        4.60      350.00        7.30       29.20       -0.60        0.81        4.30     1954.50        0.00        0.00        0.00        0.00        0.00        0.01        0.01        0.00        0.01
2025-11-04 23:59:32      845.54       15.00       34.20     1564.00        4.80      351.00        7.30       29.20       -0.60        0.81        4.30     1955.50        0.00        0.00        0.00        0.00        0.00        0.01        0.01        0.00        0.01
2025-11-04 23:59:33      845.24       15.00       34.10     1567.00        5.00      352.00        7.30       29.20       -0.70        0.81        4.29     1956.50        0.00        0.00        0.00        0.00        0.00        0.01        0.01        0.00        0.01
2025-11-04 23:59:34      845.36       14.90       33.70     1566.00        5.20      350.00        7.30       29.00       -0.90        0.81        4.20     1957.50        0.00        0.00        0.00        0.00        0.00        0.01        0.01        0.00        0.01
2025-11-04 23:59:35      845.05       14.90       33.80     1569.00        5.50      349.00        7.30       29.10       -0.90        0.81        4.20     1958.50        0.00        0.00        0.00        0.00        0.00        0.01        0.01        0.00        0.01
2025-11-04 23:59:36      845.03       14.90       33.70     1570.00        5.50      347.00        7.30       29.10       -0.90        0.81        4.21     1959.50        0.00        0.00        0.00        0.00        0.00        0.01        0.01        0.00        0.01
2025-11-04 23:59:37      845.41       14.80       33.90     1566.00        5.40      343.00        7.30       29.00       -0.90        0.81        4.20     1960.50        0.00        0.00        0.00        0.00        0.00        0.01        0.01        0.00        0.01
2025-11-04 23:59:38      845.04       14.90       34.00     1569.00        4.90      341.00        7.30       29.10       -0.80        0.81        4.22     1961.50        0.00        0.00        0.00        0.00        0.00        0.01        0.01        0.00        0.01
2025-11-04 23:59:39      844.91       14.90       34.10     1571.00        4.70      344.00        7.30       29.10       -0.80        0.81        4.24     1962.50        0.00        0.00        0.00        0.00        0.00        0.01        0.01        0.00        0.01
2025-11-04 23:59:40      845.01       14.80       33.90     1570.00        4.50      346.00        7.30       29.00       -0.90        0.81        4.21     1963.50        0.00        0.00        0.00        0.00        0.00        0.01        0.01        0.00        0.01
2025-11-04 23:59:41      845.08       14.80       33.90     1569.00        4.40      350.00        7.30       29.00       -0.90        0.81        4.20     1964.50        0.00        0.00        0.00        0.00        0.00        0.01        0.01        0.00        0.01
2025-11-04 23:59:42      845.01       14.80       33.80     1570.00        4.10      352.00        7.30       29.00       -0.90        0.81        4.19     1965.50        0.00        0.00        0.00        0.00        0.00        0.01        0.01        0.00        0.01
2025-11-04 23:59:46      844.92       14.80       33.90     1571.00        3.30      350.00        7.30       29.00       -0.90        0.81        4.21     1969.50        0.00        0.00        0.00        0.00        0.00        0.01        0.01        0.00        0.01
2025-11-04 23:59:47      844.72       14.80       33.80     1573.00        3.30      349.00        7.30       29.10       -0.90        0.81        4.20     1970.50        0.00        0.00        0.00        0.00        0.00        0.01        0.01        0.00        0.01
2025-11-04 23:59:49      844.80       14.80       33.70     1572.00        3.10      350.00        7.30       29.00       -1.00        0.81        4.17     1972.50        0.00        0.00        0.00        0.00        0.00        0.01        0.01        0.00        0.01
2025-11-04 23:59:51      844.78       14.80       33.70     1572.00        3.00      350.00        7.30       29.10       -1.00        0.81        4.17     1974.50        0.00        0.00        0.00        0.00        0.00        0.01        0.01        0.00        0.01
2025-11-04 23:59:52      844.85       14.80       33.60     1571.00        3.00      350.00        7.30       29.00       -1.00        0.81        4.16     1975.50        0.00        0.00        0.00        0.00        0.00        0.01        0.01        0.00        0.01
2025-11-04 23:59:56      844.52       14.90       33.30     1575.00        3.30      348.00        7.30       29.10       -1.10        0.81        4.13     1979.50        0.00        0.00        0.00        0.00        0.00        0.01        0.01        0.00        0.01
2025-11-04 23:59:57      844.65       14.90       33.20     1573.00        3.30      347.00        7.30       29.10       -1.10        0.80        4.13     1980.50        0.00        0.00        0.00        0.00        0.00        0.01        0.01        0.00        0.01
2025-11-04 23:59:58      844.85       14.90       33.20     1571.00        3.30      345.00        7.30       29.10       -1.10        0.80        4.13     1981.50        0.00        0.00        0.00        0.00        0.00        0.01        0.01        0.00        0.01
2025-11-04 23:59:59      844.56       14.90       33.10     1574.00        3.40      346.00        7.30       29.20       -1.10        0.80        4.12     1982.50        0.00        0.00        0.00        0.00        0.00        0.01        0.01        0.00        0.01
2025-11-04 00:00:01      844.35       14.90       33.20     1576.00        3.40      345.00        7.30       29.10       -1.10        0.80        4.12     1984.50        0.00        0.00        0.00        0.00        0.00        0.01        0.01        0.00        0.01
2025-11-04 00:00:04      844.58       14.90       33.60     1574.00        3.60      342.00        7.30       29.10       -1.00        0.81        4.17     1987.50        0.00        0.00        0.00        0.00        0.00        0.01        0.01        0.00        0.01
2025-11-04 00:00:05      844.27       14.80       33.70     1577.00        3.60      338.00        7.30       29.10       -1.00        0.81        4.18     1988.50        0.00        0.00        0.00        0.00        0.00        0.01        0.01        0.00        0.01
2025-11-04 00:00:06      844.36       14.80       33.80     1576.00        3.60      340.00        7.30       29.10       -0.90        0.81        4.19     1989.50        0.00        0.00        0.00        0.00        0.00        0.01        0.01        0.00        0.01
2025-11-04 00:00:08      844.35       14.80       33.90     1576.00        3.80      337.00        7.30       29.10       -0.90        0.81        4.21     1991.50        0.00        0.00        0.00        0.00        0.00        0.01        0.01        0.00        0.01
2025-11-04 00:00:09      844.29       14.80       33.90     1577.00        4.10      341.00        7.30       29.10       -0.90        0.81        4.20     1992.50        0.00        0.00        0.00        0.00        0.00        0.01        0.01        0.00        0.01
2025-11-04 00:00:10      844.37       14.80       34.00     1576.00        4.40      342.00        7.30       29.10       -0.90        0.81        4.22     1993.50        0.00        0.00        0.00        0.00        0.00        0.01        0.01        0.00        0.01
2025-11-04 00:00:11      844.23       14.80       34.10     1578.00        4.40      341.00        7.30       29.10       -0.80        0.81        4.24     1994.50        0.00        0.00        0.00        0.00        0.00        0.01        0.01        0.00        0.01
2025-11-04 00:00:13      844.28       14.80       34.00     1577.00        4.60      338.00        7.30       29.00       -0.90        0.81        4.21     1996.50        0.00        0.00        0.00        0.00        0.00        0.01        0.01        0.00        0.01
2025-11-04 00:00:15      844.20       14.80       34.00     1578.00        4.30      335.00        7.30       29.10       -0.90        0.81        4.21     1998.50        0.00        0.00        0.00        0.00        0.00        0.01        0.01        0.00        0.01
2025-11-04 00:00:16      844.32       14.80       34.00     1577.00        4.20      335.00        7.30       29.10       -0.90        0.81        4.22     1999.50        0.00        0.00        0.00        0.00        0.00        0.01        0.01        0.00        0.01
2025-11-04 00:00:17      844.05       14.80       34.10     1579.00        4.00      335.00        7.30       29.10       -0.80        0.81        4.23     2000.50        0.00        0.00        0.00        0.00        0.00        0.01        0.01        0.00        0.01
2025-11-04 00:00:18      844.04       14.80       34.00     1579.00        4.00      340.00        7.30       29.10       -0.90        0.81        4.21     2001.50        0.00        0.00        0.00        0.00        0.00        0.01        0.01        0.00        0.01
2025-11-04 00:00:19      844.11       14.80       34.10     1579.00        4.00      340.00        7.30       29.10       -0.80        0.81        4.24     2002.50        0.00        0.00        0.00        0.00        0.00        0.01        0.01        0.00        0.01
2025-11-04 00:00:20      844.21       14.80       33.90     1578.00        3.90      342.00        7.30       29.10       -0.90        0.81        4.20     2003.50        0.00        0.00        0.00        0.00        0.00        0.01        0.01        0.00        0.01
2025-11-04 00:00:21      844.22       14.80       33.90     1578.00        3.90      345.00        7.30       29.10       -0.90        0.81        4.20     2004.50        0.00        0.00        0.00        0.00        0.00        0.01        0.01        0.00        0.01
2025-11-04 00:00:22      844.17       14.80       34.00     1578.00        3.90      345.00        7.30       29.10       -0.90        0.81        4.21     2005.50        0.00        0.00        0.00        0.00        0.00        0.01        0.01        0.00        0.01
2025-11-04 00:00:25      844.07       14.80       34.10     1579.00        3.80      349.00        7.30       29.00       -0.90        0.81        4.21     2008.50        0.00        0.00        0.00        0.00        0.00        0.01        0.01        0.00        0.01
2025-11-04 00:00:26      843.96       14.80       34.10     1580.00        3.60      343.00        7.30       29.10       -0.90        0.81        4.23     2009.50        0.00        0.00        0.00        0.00        0.00        0.01        0.01        0.00        0.01
2025-11-04 00:00:27      844.03       14.80       34.10     1580.00        3.50      343.00        7.30       29.10       -0.90        0.81        4.22     2010.40        0.00        0.00        0.00        0.00        0.00        0.01        0.01        0.00        0.01
2025-11-04 00:00:28      843.99       14.80       34.10     1580.00        3.40      341.00        7.30       29.10       -0.80        0.81        4.23     2011.40        0.00        0.00        0.00        0.00        0.00        0.01        0.01        0.00        0.01
2025-11-04 00:00:30      843.82       14.80       34.10     1582.00        3.30      340.00        7.30       29.10       -0.90        0.81        4.22     2013.40        0.00        0.00        0.00        0.00        0.00        0.01        0.01        0.00        0.01
2025-11-04 00:00:31      843.81       14.70       34.10     1582.00        3.30      339.00        7.30       29.00       -0.90        0.81        4.21     2014.40        0.00        0.00        0.00        0.00        0.00        0.01        0.01        0.00        0.01
2025-11-04 00:00:32      843.87       14.80       34.00     1581.00        3.30      336.00        7.30       29.10       -0.90        0.81        4.21     2015.40        0.00        0.00        0.00        0.00        0.00        0.01        0.01        0.00        0.01
2025-11-04 00:00:33      843.95       14.80       34.00     1580.00        3.50      332.00        7.30       29.10       -0.90        0.81        4.22     2016.40        0.00        0.00        0.00        0.00        0.00        0.01        0.01        0.00        0.01
2025-11-04 00:00:34      843.81       14.80       34.10     1582.00        3.60      334.00        7.30       29.10       -0.90        0.81        4.22     2017.40        0.00        0.00        0.00        0.00        0.00        0.01        0.01        0.00        0.01
2025-11-04 00:00:35      843.84       14.80       34.00     1581.00        3.60      338.00        7.30       29.10       -0.90        0.81        4.21     2018.40        0.00        0.00        0.00        0.00        0.00        0.01        0.01        0.00        0.01
2025-11-04 00:00:36      843.91       14.80       34.00     1581.00        3.70      329.00        7.30       29.10       -0.90        0.81        4.20     2019.40        0.00        0.00        0.00        0.00        0.00        0.01        0.01        0.00        0.01
2025-11-04 00:00:37      843.90       14.80       34.00     1581.00        3.70      332.00        7.30       29.10       -0.90        0.81        4.22     2020.40        0.00        0.00        0.00        0.00        0.00        0.01        0.01        0.00        0.01
2025-11-04 00:00:39      843.95       14.70       34.00     1580.00        3.70      331.00        7.30       29.00       -0.90        0.81        4.20     2022.40        0.00        0.00        0.00        0.00        0.00        0.01        0.01        0.00        0.01
2025-11-04 00:00:42      843.54       14.70       34.10     1584.00        3.70      331.00        7.30       29.10       -0.90        0.81        4.21     2025.40        0.00        0.00        0.00        0.00        0.00        0.01        0.01        0.00        0.01
2025-11-04 00:00:43      843.73       14.80       34.10     1583.00        3.70      332.00        7.30       29.10       -0.90        0.81        4.23     2026.40        0.00        0.00        0.00        0.00        0.00        0.01        0.01        0.00        0.01
2025-11-04 00:00:44      843.76       14.80       34.10     1582.00        3.70      337.00        7.30       29.10       -0.90        0.81        4.21     2027.40        0.00        0.00        0.00        0.00        0.00        0.01        0.01        0.00        0.01
2025-11-04 00:00:45      843.61       14.80       34.10     1584.00        3.60      332.00        7.30       29.10       -0.90        0.81        4.22     2028.40        0.00        0.00        0.00        0.00        0.00        0.01        0.01        0.00        0.01
2025-11-04 00:00:46      843.57       14.80       34.00     1584.00        3.60      331.00        7.30       29.10       -0.90        0.81        4.21     2029.40        0.00        0.00        0.00        0.00        0.00        0.01        0.01        0.00        0.01
2025-11-04 00:00:47      843.70       14.80       34.00     1583.00        3.50      335.00        7.30       29.10       -0.90        0.81        4.22     2030.40        0.00        0.00        0.00        0.00        0.00        0.01        0.01        0.00        0.01
2025-11-04 00:00:50      843.59       14.80       34.00     1584.00        3.60      338.00        7.30       29.10       -0.90        0.81        4.21     2033.40        0.00        0.00        0.00        0.00        0.00        0.01        0.01        0.00        0.01
2025-11-04 00:00:51      843.42       14.80       34.00     1586.00        3.60      339.00        7.30       29.10       -0.90        0.81        4.20     2034.40        0.00        0.00        0.00        0.00        0.00        0.01        0.01        0.00        0.01
2025-11-04 00:00:52      843.40       14.80       34.00     1586.00        3.70      340.00        7.30       29.10       -0.90        0.81        4.22     2035.40        0.00        0.00        0.00        0.00        0.00        0.01        0.01        0.00        0.01
2025-11-04 00:00:53      843.45       14.70       34.00     1585.00        3.80      339.00        7.30       29.10       -0.90        0.81        4.20     2036.40        0.00        0.00        0.00        0.00        0.00        0.01        0.01        0.00        0.01
2025-11-04 00:00:54      843.40       14.70       34.10     1586.00        3.80      332.00        7.30       29.10       -0.90        0.81        4.21     2037.40        0.00        0.00        0.00        0.00        0.00        0.01        0.01        0.00        0.01
2025-11-04 00:00:55      843.41       14.70       34.10     1586.00        3.80      334.00        7.30       29.10       -0.90        0.81        4.20     2038.40        0.00        0.00        0.00        0.00        0.00        0.01        0.01        0.00        0.01
2025-11-04 00:00:56      843.43       14.80       34.00     1586.00        3.80      325.00        7.30       29.10       -0.90        0.81        4.21     2039.40        0.00        0.00        0.00        0.00        0.00        0.01        0.01        0.00        0.01
2025-11-04 00:00:57      843.45       14.80       34.10     1585.00        3.80      325.00        7.30       29.10       -0.90        0.81        4.22     2040.40        0.00        0.00        0.00        0.00        0.00        0.01        0.01        0.00        0.01
2025-11-04 00:01:00      843.46       14.80       34.10     1585.00        3.50      289.00        7.30       29.10       -0.90        0.81        4.23     2043.40        0.00        0.00        0.00        0.00        0.00        0.01        0.01        0.00        0.01
2025-11-04 00:01:02      843.35       14.80       34.10     1586.00        3.50      323.00        7.30       29.10       -0.90        0.81        4.22     2045.40        0.00        0.00        0.00        0.00        0.00        0.01        0.01        0.00        0.01
2025-11-04 00:01:04      843.28       14.70       34.10     1587.00        3.20      319.00        7.30       29.10       -0.90        0.81        4.22     2047.40        0.00        0.00        0.00        0.00        0.00        0.01        0.01        0.00        0.01
2025-11-04 00:01:09      843.14       14.70       34.10     1588.00        3.20      327.00        7.30       29.10       -0.90        0.81        4.21     2052.40        0.00        0.00        0.00        0.00        0.00        0.01        0.01        0.00        0.01
2025-11-04 00:01:10      843.01       14.80       34.00     1590.00        3.20      321.00        7.30       29.20       -0.90        0.81        4.21     2053.40        0.00        0.00        0.00        0.00        0.00        0.01        0.01        0.00        0.01
2025-11-04 00:01:11      842.95       14.70       34.00     1590.00        3.20      321.00        7.30       29.10       -0.90        0.81        4.21     2054.40        0.00        0.00        0.00        0.00        0.00        0.01        0.01        0.00        0.01
2025-11-04 00:01:14      843.07       14.70       34.00     1589.00        3.20      327.00        7.30       29.10       -0.90        0.81        4.20     2057.40        0.00        0.00        0.00        0.00        0.00        0.01        0.01        0.00        0.01
2025-11-04 00:01:15      843.10       14.80       34.00     1589.00        3.30      332.00        7.30       29.20       -0.90        0.81        4.20     2058.40        0.00        0.00        0.00        0.00        0.00        0.01        0.01        0.00        0.01
2025-11-04 00:01:16      843.28       14.70       34.00     1587.00        3.30      334.00        7.30       29.10       -1.00        0.81        4.19     2059.40        0.00        0.00        0.00        0.00        0.00        0.01        0.01        0.00        0.01
2025-11-04 00:01:17      843.08       14.70       34.00     1589.00        3.40      336.00        7.30       29.10       -1.00        0.81        4.19     2060.40        0.00        0.00        0.00        0.00        0.00        0.01        0.01        0.00        0.01
2025-11-04 00:01:18      842.99       14.70       34.00     1590.00        3.40      337.00        7.30       29.10       -1.00        0.81        4.20     2061.40        0.00        0.00        0.00        0.00        0.00        0.01        0.01        0.00        0.01
2025-11-04 00:01:19      843.10       14.80       34.00     1589.00        3.50      323.00        7.30       29.20       -0.90        0.81        4.20     2062.40        0.00        0.00        0.00        0.00        0.00        0.01        0.01        0.00        0.01
2025-11-04 00:01:21      843.03       14.70       34.00     1590.00        3.80      331.00        7.30       29.10       -0.90        0.81        4.20     2064.40        0.00        0.00        0.00        0.00        0.00        0.01        0.01        0.00        0.01
2025-11-04 00:01:22      843.08       14.70       34.00     1589.00        4.10      331.00        7.30       29.10       -1.00        0.81        4.19     2065.40        0.00        0.00        0.00        0.00        0.00        0.01        0.01        0.00        0.01
2025-11-04 00:01:23      842.98       14.70       34.00     1590.00        4.10      338.00        7.30       29.10       -0.90        0.81        4.20     2066.40        0.00        0.00        0.00        0.00        0.00        0.01        0.01        0.00        0.01
2025-11-04 00:01:25      842.70       14.70       34.10     1593.00        4.10      330.00        7.30       29.10       -0.90        0.81        4.21     2068.40        0.00        0.00        0.00        0.00        0.00        0.01        0.01        0.00        0.01
2025-11-04 00:01:27      842.65       14.70       34.10     1593.00        4.40      326.00        7.30       29.10       -0.90        0.81        4.20     2070.40        0.00        0.00        0.00        0.00        0.00        0.01        0.01        0.00        0.01
2025-11-04 00:01:28      842.85       14.70       34.20     1591.00        4.30      329.00        7.30       29.10       -0.90        0.81        4.20     2071.40        0.00        0.00        0.00        0.00        0.00        0.01        0.01        0.00        0.01
2025-11-04 00:01:29      842.76       14.70       34.10     1592.00        4.20      331.00        7.30       29.10       -0.90        0.81        4.21     2072.40        0.00        0.00        0.00        0.00        0.00        0.01        0.01        0.00        0.01
2025-11-04 00:01:31      842.60       14.70       34.10     1594.00        4.00      329.00        7.30       29.20       -0.90        0.81        4.22     2074.40        0.00        0.00        0.00        0.00        0.00        0.01        0.01        0.00        0.01
2025-11-04 00:01:32      842.73       14.70       34.10     1593.00        3.90      330.00        7.30       29.10       -0.90        0.81        4.20     2075.40        0.00        0.00        0.00        0.00        0.00        0.01        0.01        0.00        0.01
2025-11-04 00:01:33      842.52       14.70       34.20     1595.00        3.90      325.00        7.30       29.20       -0.90        0.81        4.22     2076.40        0.00        0.00        0.00        0.00        0.00        0.01        0.01        0.00        0.01
2025-11-04 00:01:34      842.80       14.70       34.10     1592.00        3.90      329.00        7.30       29.10       -0.90        0.81        4.21     2077.40        0.00        0.00        0.00        0.00        0.00        0.01        0.01        0.00        0.01
2025-11-04 00:01:35      842.76       14.70       34.10     1592.00        3.90      331.00        7.30       29.10       -0.90        0.81        4.21     2078.40        0.00        0.00        0.00        0.00        0.00        0.01        0.01        0.00        0.01
2025-11-04 00:01:38      842.56       14.70       34.20     1594.00        3.80      322.00        7.30       29.10       -0.90        0.81        4.22     2081.40        0.00        0.00        0.00        0.00        0.00        0.01        0.01        0.00        0.01
2025-11-04 00:01:39      842.36       14.70       34.20     1596.00        3.80      329.00        7.30       29.10       -0.90        0.81        4.20     2082.40        0.00        0.00        0.00        0.00        0.00        0.01        0.01        0.00        0.01
2025-11-04 00:01:41      842.60       14.70       34.10     1594.00        3.80      334.00        7.30       29.10       -0.90        0.81        4.20     2084.40        0.00        0.00        0.00        0.00        0.00        0.01        0.01        0.00        0.01
2025-11-04 00:01:42      842.44       14.70       34.20     1595.00        3.80      328.00        7.30       29.20       -0.90        0.81        4.22     2085.40        0.00        0.00        0.00        0.00        0.00        0.01        0.01        0.00        0.01
2025-11-04 00:01:43      842.78       14.70       34.10     1592.00        3.80      334.00        7.30       29.10       -1.00        0.81        4.20     2086.40        0.00        0.00        0.00        0.00        0.00        0.01        0.01        0.00        0.01
2025-11-04 00:01:44      842.56       14.60       34.10     1594.00        3.90      334.00        7.30       29.10       -1.00        0.81        4.19     2087.40        0.00        0.00        0.00        0.00        0.00        0.01        0.01        0.00        0.01
2025-11-04 00:01:45      842.48       14.70       34.20     1595.00        4.00      335.00        7.30       29.10       -0.90        0.81        4.21     2088.40        0.00        0.00        0.00        0.00        0.00        0.01        0.01        0.00        0.01
2025-11-04 00:01:46      842.43       14.70       34.20     1596.00        4.00      333.00        7.30       29.10       -0.90        0.81        4.21     2089.40        0.00        0.00        0.00        0.00        0.00        0.01        0.01        0.00        0.01
2025-11-04 00:01:48      842.34       14.70       34.20     1596.00        4.10      336.00        7.30       29.10       -0.90        0.81        4.20     2091.40        0.00        0.00        0.00        0.00        0.00        0.01        0.01        0.00        0.01
2025-11-04 00:01:49      842.23       14.60       34.20     1598.00        4.20      336.00        7.30       29.10       -1.00        0.81        4.20     2092.40        0.00        0.00        0.00        0.00        0.00        0.01        0.01        0.00        0.01
2025-11-04 00:01:50      842.47       14.70       34.10     1595.00        4.20      329.00        7.30       29.10       -0.90        0.81        4.20     2093.40        0.00        0.00        0.00        0.00        0.00        0.01        0.01        0.00        0.01
2025-11-04 00:01:54      842.26       14.60       34.40     1597.00        4.10      331.00        7.30       29.00       -0.90        0.81        4.20     2097.40        0.00        0.00        0.00        0.00        0.00        0.01        0.01        0.00        0.01
2025-11-04 00:01:56      842.17       14.60       34.30     1598.00        4.10      336.00        7.30       29.10       -0.90        0.81        4.22     2099.40        0.00        0.00        0.00        0.00        0.00        0.01        0.01        0.00        0.01
2025-11-04 00:01:57      842.16       14.60       34.50     1598.00        4.20      331.00        7.30       29.10       -0.90        0.81        4.23     2100.40        0.00        0.00        0.00        0.00        0.00        0.01        0.01        0.00        0.01
2025-11-04 00:01:58      842.04       14.60       34.40     1599.00        4.10      338.00        7.30       29.10       -0.90        0.81        4.23     2101.40        0.00        0.00        0.00        0.00        0.00        0.01        0.01        0.00        0.01
2025-11-04 00:01:59      842.06       14.60       34.40     1599.00        4.20      340.00        7.30       29.10       -0.90        0.81        4.22     2102.40        0.00        0.00        0.00        0.00        0.00        0.01        0.01        0.00        0.01
2025-11-04 00:02:00      841.90       14.60       34.40     1601.00        4.30      343.00        7.30       29.10       -0.90        0.81        4.23     2103.40        0.00        0.00        0.00        0.00        0.00        0.01        0.01        0.00        0.01
2025-11-04 00:02:01      842.02       14.60       34.40     1600.00        4.60      337.00        7.30       29.10       -0.90        0.81        4.23     2104.40        0.00        0.00        0.00        0.00        0.00        0.01        0.01        0.00        0.01
2025-11-04 00:02:02      841.79       14.60       34.40     1602.00        4.60      337.00        7.30       29.20       -0.90        0.81        4.22     2105.40        0.00        0.00        0.00        0.00        0.00        0.01        0.01        0.00        0.01
2025-11-04 00:02:03      841.99       14.60       34.40     1600.00        4.80      333.00        7.30       29.10       -0.90        0.81        4.22     2106.40        0.00        0.00        0.00        0.00        0.00        0.01        0.01        0.00        0.01
2025-11-04 00:02:05      841.85       14.60       34.40     1601.00        4.80      333.00        7.30       29.10       -0.90        0.81        4.22     2108.40        0.00        0.00        0.00        0.00        0.00        0.01        0.01        0.00        0.01
2025-11-04 00:02:07      841.93       14.60       34.40     1601.00        4.90      336.00        7.30       29.10       -0.90        0.81        4.21     2110.40        0.00        0.00        0.00        0.00        0.00        0.01        0.01        0.00        0.01
2025-11-04 00:02:08      841.82       14.60       34.40     1602.00        4.80      331.00        7.30       29.10       -0.90        0.81        4.21     2111.30        0.00        0.00        0.00        0.00        0.00        0.01        0.01        0.00        0.01
2025-11-04 00:02:10      841.80       14.60       34.40     1602.00        4.60      317.00        7.30       29.10       -0.90        0.81        4.23     2113.40        0.00        0.00        0.00        0.00        0.00        0.01        0.01        0.00        0.01
2025-11-04 00:02:11      841.89       14.60       34.40     1601.00        4.60      313.00        7.30       29.10       -0.90        0.81        4.22     2114.30        0.00        0.00        0.00        0.00        0.00        0.01        0.01        0.00        0.01
2025-11-04 00:02:13      841.77       14.60       34.50     1602.00        4.30      319.00        7.30       29.10       -0.90        0.81        4.22     2116.30        0.00        0.00        0.00        0.00        0.00        0.01        0.01        0.00        0.01
2025-11-04 00:02:14      841.72       14.50       34.50     1603.00        4.20      321.00        7.30       29.00       -0.90        0.81        4.22     2118.40        0.00        0.00        0.00        0.00        0.00        0.01        0.01        0.00        0.01
2025-11-04 00:02:16      841.65       14.50       34.50     1603.00        4.20      324.00        7.30       29.00       -0.90        0.81        4.21     2119.30        0.00        0.00        0.00        0.00        0.00        0.01        0.01        0.00        0.01
2025-11-04 00:02:17      841.50       14.50       34.50     1605.00        4.10      314.00        7.30       29.10       -0.90        0.81        4.22     2120.30        0.00        0.00        0.00        0.00        0.00        0.01        0.01        0.00        0.01
2025-11-04 00:02:18      841.51       14.50       34.60     1605.00        3.90      323.00        7.30       29.10       -0.90        0.81        4.22     2121.30        0.00        0.00        0.00        0.00        0.00        0.01        0.01        0.00        0.01
2025-11-04 00:02:22      841.56       14.50       34.60     1604.00        4.10      326.00        7.30       29.10       -0.90        0.81        4.23     2125.30        0.00        0.00        0.00        0.00        0.00        0.01        0.01        0.00        0.01
2025-11-04 00:02:26      841.48       14.50       34.60     1605.00        4.40      338.00        7.30       29.00       -0.90        0.81        4.22     2129.30        0.00        0.00        0.00        0.00        0.00        0.01        0.01        0.00        0.01
2025-11-04 00:02:27      841.31       14.50       34.70     1607.00        4.40      330.00        7.30       29.10       -0.90        0.81        4.23     2130.30        0.00        0.00        0.00        0.00        0.00        0.01        0.01        0.00        0.01
2025-11-04 00:02:28      841.24       14.50       34.70     1607.00        4.40      336.00        7.30       29.10       -0.80        0.81        4.24     2131.30        0.00        0.00        0.00        0.00        0.00        0.01        0.01        0.00        0.01
2025-11-04 00:02:29      841.13       14.50       34.70     1609.00        4.70      336.00        7.30       29.00       -0.90        0.81        4.22     2132.30        0.00        0.00        0.00        0.00        0.00        0.01        0.01        0.00        0.01
2025-11-04 00:02:30      841.41       14.50       34.70     1606.00        4.60      320.00        7.30       29.00       -0.90        0.81        4.23     2133.30        0.00        0.00        0.00        0.00        0.00        0.01        0.01        0.00        0.01
2025-11-04 00:02:35      841.00       14.50       35.00     1610.00        4.90      332.00        7.30       29.10       -0.80        0.81        4.26     2138.30        0.00        0.00        0.00        0.00        0.00        0.01        0.01        0.00        0.01
2025-11-04 00:02:36      841.10       14.40       35.00     1609.00        4.80      332.00        7.30       29.00       -0.80        0.81        4.25     2139.30        0.00        0.00        0.00        0.00        0.00        0.01        0.01        0.00        0.01
2025-11-04 00:02:37      840.99       14.50       35.00     1610.00        4.70      332.00        7.30       29.10       -0.80        0.81        4.27     2140.30        0.00        0.00        0.00        0.00        0.00        0.01        0.01        0.00        0.01
2025-11-04 00:02:38      840.75       14.40       35.00     1612.00        4.90      338.00        7.30       29.00       -0.80        0.81        4.25     2141.30        0.00        0.00        0.00        0.00        0.00        0.01        0.01        0.00        0.01
2025-11-04 00:02:39      841.02       14.50       35.00     1610.00        5.10      329.00        7.30       29.00       -0.80        0.81        4.26     2142.30        0.00        0.00        0.00        0.00        0.00        0.01        0.01        0.00        0.01
2025-11-04 00:02:41      840.98       14.50       35.00     1610.00        4.80      340.00        7.30       29.10       -0.80        0.81        4.27     2144.30        0.00        0.00        0.00        0.00        0.00        0.01        0.01        0.00        0.01
2025-11-04 00:02:47      840.93       14.50       34.60     1611.00        3.70      335.00        7.30       29.00       -1.00        0.81        4.20     2150.30        0.00        0.00        0.00        0.00        0.00        0.01        0.01        0.00        0.01
2025-11-04 00:02:48      840.90       14.40       34.60     1611.00        3.80      329.00        7.30       29.00       -1.00        0.81        4.21     2151.30        0.00        0.00        0.00        0.00        0.00        0.01        0.01        0.00        0.01
2025-11-04 00:02:49      840.61       14.50       34.60     1614.00        3.60      338.00        7.30       29.10       -0.90        0.81        4.21     2152.30        0.00        0.00        0.00        0.00        0.00        0.01        0.01        0.00        0.01
2025-11-04 00:02:50      840.72       14.40       34.60     1613.00        3.50      311.00        7.30       29.10       -1.00        0.81        4.20     2153.30        0.00        0.00        0.00        0.00        0.00        0.01        0.01        0.00        0.01
2025-11-04 00:02:54      840.48       14.50       34.60     1615.00        3.40      330.00        7.30       29.20       -0.90        0.81        4.23     2157.30        0.00        0.00        0.00        0.00        0.00        0.01        0.01        0.00        0.01
2025-11-04 00:02:55      840.46       14.50       34.60     1615.00        3.60      320.00        7.30       29.10       -0.90        0.81        4.21     2158.30        0.00        0.00        0.00        0.00        0.00        0.01        0.01        0.00        0.01
2025-11-04 00:02:56      840.37       14.50       34.70     1616.00        3.60      338.00        7.30       29.10       -0.90        0.81        4.22     2159.30        0.00        0.00        0.00        0.00        0.00        0.01        0.01        0.00        0.01
2025-11-04 00:02:57      840.50       14.50       34.60     1615.00        3.70      334.00        7.30       29.10       -0.90        0.81        4.22     2160.30        0.00        0.00        0.00        0.00        0.00        0.01        0.01        0.00        0.01
2025-11-04 00:03:00      840.44       14.40       34.70     1616.00        3.80      342.00        7.30       29.00       -1.00        0.81        4.21     2163.30        0.00        0.00        0.00        0.00        0.00        0.01        0.01        0.00        0.01
2025-11-04 00:03:01      840.32       14.40       34.80     1617.00        3.90      332.00        7.30       29.10       -0.90        0.81        4.22     2164.30        0.00        0.00        0.00        0.00        0.00        0.01        0.01        0.00        0.01
2025-11-04 00:03:02      840.24       14.40       34.80     1618.00        3.80      340.00        7.30       29.00       -0.90        0.81        4.21     2165.30        0.00        0.00        0.00        0.00        0.00        0.01        0.01        0.00        0.01
2025-11-04 00:03:03      840.25       14.40       34.80     1617.00        3.90      335.00        7.30       29.10       -0.90        0.81        4.22     2166.30        0.00        0.00        0.00        0.00        0.00        0.01        0.01        0.00        0.01
2025-11-04 00:03:05      840.02       14.40       34.90     1620.00        4.00      338.00        7.30       29.10       -0.90        0.81        4.23     2168.30        0.00        0.00        0.00        0.00        0.00        0.01        0.01        0.00        0.01
2025-11-04 00:03:06      839.95       14.40       34.80     1620.00        4.00      344.00        7.30       29.10       -0.90        0.81        4.23     2169.30        0.00        0.00        0.00        0.00        0.00        0.01        0.01        0.00        0.01
2025-11-04 00:03:07      840.00       14.40       34.80     1620.00        4.20      350.00        7.30       29.10       -0.90        0.81        4.22     2170.30        0.00        0.00        0.00        0.00        0.00        0.01        0.01        0.00        0.01
2025-11-04 00:03:08      839.90       14.40       34.90     1621.00        4.50      352.00        7.30       29.10       -0.90        0.81        4.23     2171.30        0.00        0.00        0.00        0.00        0.00        0.01        0.01        0.00        0.01
2025-11-04 00:03:10      839.94       14.40       34.80     1621.00        4.80      350.00        7.30       29.00       -1.00        0.81        4.21     2173.30        0.00        0.00        0.00        0.00        0.00        0.01        0.01        0.00        0.01
2025-11-04 00:03:11      839.94       14.40       34.90     1621.00        5.00      349.00        7.30       29.10       -0.90        0.81        4.23     2174.30        0.00        0.00        0.00        0.00        0.00        0.01        0.01        0.00        0.01
2025-11-04 00:03:12      839.88       14.30       34.90     1621.00        5.30      351.00        7.30       29.00       -0.90        0.81        4.22     2175.30        0.00        0.00        0.00        0.00        0.00        0.01        0.01        0.00        0.01
2025-11-04 00:03:15      839.55       14.30       35.00     1625.00        5.30      340.00        7.30       29.10       -0.90        0.81        4.23     2178.30        0.00        0.00        0.00        0.00        0.00        0.01        0.01        0.00        0.01
2025-11-04 00:03:16      839.58       14.30       35.10     1624.00        5.00      343.00        7.30       29.00       -0.90        0.81        4.23     2179.30        0.00        0.00        0.00        0.00        0.00        0.01        0.01        0.00        0.01
2025-11-04 00:03:17      839.58       14.30       35.10     1624.00        4.80      340.00        7.30       29.10       -0.90        0.81        4.25     2180.30        0.00        0.00        0.00        0.00        0.00        0.01        0.01        0.00        0.01
2025-11-04 00:03:19      839.36       14.30       35.10     1626.00        4.20      336.00        7.30       29.10       -0.90        0.81        4.24     2182.30        0.00        0.00        0.00        0.00        0.00        0.01        0.01        0.00        0.01
2025-11-04 00:03:20      839.32       14.30       35.10     1627.00        3.90      345.00        7.30       29.00       -0.90        0.81        4.23     2183.30        0.00        0.00        0.00        0.00        0.00        0.01        0.01        0.00        0.01
2025-11-04 00:03:21      839.32       14.30       35.10     1627.00        3.80      346.00        7.30       29.10       -0.90        0.81        4.23     2184.30        0.00        0.00        0.00        0.00        0.00        0.01        0.01        0.00        0.01
2025-11-04 00:03:22      839.43       14.40       35.10     1626.00        3.90      342.00        7.30       29.10       -0.80        0.81        4.25     2185.30        0.00        0.00        0.00        0.00        0.00        0.01        0.01        0.00        0.01
2025-11-04 00:03:23      839.51       14.30       35.10     1625.00        3.70      341.00        7.30       29.00       -0.90        0.81        4.24     2186.30        0.00        0.00        0.00        0.00        0.00        0.01        0.01        0.00        0.01
2025-11-04 00:03:24      839.43       14.30       35.10     1626.00        3.50      343.00        7.30       29.10       -0.90        0.81        4.24     2187.30        0.00        0.00        0.00        0.00        0.00        0.01        0.01        0.00        0.01
2025-11-04 00:03:25      839.30       14.30       35.10     1627.00        3.40      344.00        7.30       29.10       -0.90        0.81        4.24     2188.30        0.00        0.00        0.00        0.00        0.00        0.01        0.01        0.00        0.01
2025-11-04 00:03:26      839.24       14.30       35.20     1628.00        3.30      333.00        7.30       29.10       -0.90        0.81        4.25     2189.30        0.00        0.00        0.00        0.00        0.00        0.01        0.01        0.00        0.01
2025-11-04 00:03:27      839.32       14.30       35.10     1627.00        3.10      338.00        7.30       29.10       -0.90        0.81        4.23     2190.30        0.00        0.00        0.00        0.00        0.00        0.01        0.01        0.00        0.01
2025-11-04 00:03:28      839.33       14.30       35.10     1627.00        3.00      335.00        7.30       29.10       -0.90        0.81        4.25     2191.30        0.00        0.00        0.00        0.00        0.00        0.01        0.01        0.00        0.01
2025-11-04 00:03:31      839.27       14.30       35.20     1627.00        3.20      336.00        7.30       29.10       -0.90        0.81        4.25     2194.30        0.00        0.00        0.00        0.00        0.00        0.01        0.01        0.00        0.01
2025-11-04 00:03:32      839.36       14.30       35.20     1626.00        3.10      342.00        7.30       29.00       -0.90        0.81        4.25     2195.30        0.00        0.00        0.00        0.00        0.00        0.01        0.01        0.00        0.01
2025-11-04 00:03:33      839.29       14.40       35.20     1627.00        3.10      338.00        7.30       29.10       -0.80        0.81        4.26     2196.30        0.00        0.00        0.00        0.00        0.00        0.01        0.01        0.00        0.01
2025-11-04 00:03:35      839.19       14.30       35.10     1628.00        3.20      349.00        7.30       29.10       -0.90        0.81        4.25     2198.30        0.00        0.00        0.00        0.00        0.00        0.01        0.01        0.00        0.01
2025-11-04 00:03:39      839.33       14.40       34.60     1627.00        3.20      349.00        7.30       29.20       -1.00        0.81        4.21     2202.30        0.00        0.00        0.00        0.00        0.00        0.01        0.01        0.00        0.01
2025-11-04 00:03:40      839.03       14.40       34.50     1630.00        3.10      344.00        7.30       29.20       -1.00        0.81        4.19     2203.30        0.00        0.00        0.00        0.00        0.00        0.01        0.01        0.00        0.01
2025-11-04 00:03:41      838.90       14.40       34.40     1631.00        3.20      349.00        7.30       29.20       -1.10        0.81        4.18     2204.30        0.00        0.00        0.00        0.00        0.00        0.01        0.01        0.00        0.01
2025-11-04 00:03:43      838.93       14.40       34.20     1631.00        3.60      353.00        7.30       29.20       -1.20        0.81        4.14     2206.30        0.00        0.00        0.00        0.00        0.00        0.01        0.01        0.00        0.01
2025-11-04 00:03:44      839.19       14.50       34.00     1628.00        3.80      350.00        7.30       29.20       -1.20        0.81        4.13     2207.30        0.00        0.00        0.00        0.00        0.00        0.01        0.01        0.00        0.01
2025-11-04 00:03:45      838.60       14.40       34.00     1634.00        3.90      352.00        7.30       29.20       -1.30        0.80        4.11     2208.30        0.00        0.00        0.00        0.00        0.00        0.01        0.01        0.00        0.01
2025-11-04 00:03:46      838.81       14.40       33.80     1632.00        4.70      353.00        7.30       29.20       -1.30        0.80        4.10     2209.30        0.00        0.00        0.00        0.00        0.00        0.01        0.01        0.00        0.01
2025-11-04 00:03:48      838.51       14.30       33.70     1635.00        4.80      349.00        7.30       29.20       -1.40        0.80        4.05     2211.30        0.00        0.00        0.00        0.00        0.00        0.01        0.01        0.00        0.01
2025-11-04 00:03:48      838.82       14.40       33.60     1632.00        4.70        1.00        7.30       29.20       -1.40        0.80        4.06     2212.20        0.00        0.00        0.00        0.00        0.00        0.01        0.01        0.00        0.01
2025-11-04 00:03:50      839.05       14.50       33.60     1629.00        4.70      357.00        7.30       29.30       -1.30        0.80        4.08     2213.20        0.00        0.00        0.00        0.00        0.00        0.01        0.01        0.00        0.01
2025-11-04 00:03:50      838.66       14.40       33.40     1633.00        4.80      358.00        7.30       29.20       -1.50        0.80        4.04     2214.20        0.00        0.00        0.00        0.00        0.00        0.01        0.01        0.00        0.01
2025-11-04 00:03:51      838.58       14.40       33.40     1634.00        5.00      355.00        7.30       29.30       -1.50        0.80        4.04     2215.20        0.00        0.00        0.00        0.00        0.00        0.01        0.01        0.00        0.01
2025-11-04 00:03:53      838.38       14.40       33.30     1636.00        4.80      354.00        7.30       29.20       -1.50        0.80        4.02     2217.20        0.00        0.00        0.00        0.00        0.00        0.01        0.01        0.00        0.01
2025-11-04 00:03:54      838.35       14.40       33.40     1637.00        4.70      355.00        7.30       29.20       -1.50        0.80        4.03     2218.20        0.00        0.00        0.00        0.00        0.00        0.01        0.01        0.00        0.01
2025-11-04 00:03:55      838.27       14.50       33.30     1637.00        4.70      350.00        7.30       29.30       -1.50        0.80        4.04     2219.20        0.00        0.00        0.00        0.00        0.00        0.01        0.01        0.00        0.01
2025-11-04 00:03:57      838.25       14.40       33.10     1638.00        4.20      350.00        7.30       29.30       -1.60        0.80        4.00     2221.20        0.00        0.00        0.00        0.00        0.00        0.01        0.01        0.00        0.01
2025-11-04 00:03:58      838.33       14.40       33.10     1637.00        4.00      349.00        7.30       29.30       -1.60        0.80        3.99     2222.20        0.00        0.00        0.00        0.00        0.00        0.01        0.01        0.00        0.01
2025-11-04 00:03:59      838.24       14.40       32.90     1638.00        3.90      356.00        7.30       29.30       -1.70        0.80        3.97     2223.20        0.00        0.00        0.00        0.00        0.00        0.01        0.01        0.00        0.01
2025-11-04 00:04:00      838.42       14.40       32.90     1636.00        3.70      353.00        7.30       29.30       -1.60        0.80        3.98     2224.20        0.00        0.00        0.00        0.00        0.00        0.01        0.01        0.00        0.01
2025-11-04 00:04:02      838.13       14.40       32.80     1639.00        3.70      356.00        7.30       29.30       -1.70        0.80        3.96     2226.20        0.00        0.00        0.00        0.00        0.00        0.01        0.01        0.00        0.01
2025-11-04 00:04:04      838.03       14.50       32.70     1640.00        3.80      355.00        7.30       29.40       -1.70        0.80        3.96     2228.20        0.00        0.00        0.00        0.00        0.00        0.01        0.01        0.00        0.01
2025-11-04 00:04:05      837.88       14.40       32.80     1641.00        3.90      357.00        7.30       29.30       -1.70        0.80        3.95     2229.20        0.00        0.00        0.00        0.00        0.00        0.01        0.01        0.00        0.01
2025-11-04 00:04:07      837.92       14.40       32.80     1641.00        3.90      355.00        7.30       29.30       -1.70        0.80        3.96     2230.20        0.00        0.00        0.00        0.00        0.00        0.01        0.01        0.00        0.01
2025-11-04 00:04:07      837.97       14.40       32.70     1640.00        3.90      356.00        7.30       29.30       -1.70        0.80        3.95     2231.20        0.00        0.00        0.00        0.00        0.00        0.01        0.01        0.00        0.01
2025-11-04 00:04:08      837.90       14.40       32.80     1641.00        3.90      352.00        7.30       29.30       -1.70        0.80        3.97     2232.20        0.00        0.00        0.00        0.00        0.00        0.01        0.01        0.00        0.01
2025-11-04 00:04:09      837.86       14.40       32.90     1641.00        3.90      354.00        7.30       29.30       -1.70        0.80        3.98     2233.20        0.00        0.00        0.00        0.00        0.00        0.01        0.01        0.00        0.01
2025-11-04 00:04:11      837.95       14.40       32.90     1641.00        4.10      345.00        7.30       29.30       -1.70        0.80        3.96     2235.20        0.00        0.00        0.00        0.00        0.00        0.01        0.01        0.00        0.01
2025-11-04 00:04:12      837.84       14.30       33.00     1642.00        4.30      348.00        7.30       29.20       -1.70        0.80        3.96     2236.20        0.00        0.00        0.00        0.00        0.00        0.01        0.01        0.00        0.01
2025-11-04 00:04:13      837.96       14.30       32.90     1641.00        4.80      344.00        7.30       29.20       -1.80        0.80        3.95     2237.20        0.00        0.00        0.00        0.00        0.00        0.01        0.01        0.00        0.01
2025-11-04 00:04:14      837.97       14.40       32.90     1640.00        4.90      346.00        7.30       29.30       -1.60        0.80        3.99     2238.20        0.00        0.00        0.00        0.00        0.00        0.01        0.01        0.00        0.01
2025-11-04 00:04:15      837.75       14.30       32.90     1643.00        4.80      340.00        7.30       29.30       -1.70        0.80        3.96     2239.20        0.00        0.00        0.00        0.00        0.00        0.01        0.01        0.00        0.01
2025-11-04 00:04:17      837.64       14.30       33.00     1644.00        3.80      338.00        7.30       29.30       -1.70        0.80        3.96     2241.20        0.00        0.00        0.00        0.00        0.00        0.01        0.01        0.00        0.01
2025-11-04 00:04:18      837.77       14.40       32.90     1642.00        3.80      335.00        7.30       29.30       -1.70        0.80        3.96     2242.20        0.00        0.00        0.00        0.00        0.00        0.01        0.01        0.00        0.01
2025-11-04 00:04:20      837.97       14.40       32.80     1640.00        3.60      344.00        7.30       29.30       -1.70        0.80        3.97     2244.20        0.00        0.00        0.00        0.00        0.00        0.01        0.01        0.00        0.01
2025-11-04 00:04:21      837.79       14.40       32.80     1642.00        3.60      343.00        7.30       29.30       -1.70        0.80        3.96     2245.20        0.00        0.00        0.00        0.00        0.00        0.01        0.01        0.00        0.01
2025-11-04 00:04:22      837.80       14.40       32.80     1642.00        3.60      338.00        7.30       29.30       -1.70        0.80        3.97     2246.20        0.00        0.00        0.00        0.00        0.00        0.01        0.01        0.00        0.01
2025-11-04 00:04:23      837.82       14.30       32.80     1642.00        3.70      340.00        7.30       29.20       -1.80        0.80        3.93     2247.20        0.00        0.00        0.00        0.00        0.00        0.01        0.01        0.00        0.01
2025-11-04 00:04:24      837.85       14.40       32.80     1642.00        3.70      339.00        7.30       29.30       -1.70        0.80        3.96     2248.20        0.00        0.00        0.00        0.00        0.00        0.01        0.01        0.00        0.01
2025-11-04 00:04:25      837.81       14.40       32.80     1642.00        3.70      327.00        7.30       29.30       -1.70        0.80        3.96     2249.20        0.00        0.00        0.00        0.00        0.00        0.01        0.01        0.00        0.01
2025-11-04 00:04:29      837.62       14.40       32.90     1644.00        3.50      335.00        7.30       29.30       -1.70        0.80        3.97     2253.20        0.00        0.00        0.00        0.00        0.00        0.01        0.01        0.00        0.01
2025-11-04 00:04:30      837.63       14.40       32.90     1644.00        3.50      339.00        7.30       29.30       -1.70        0.80        3.96     2254.20        0.00        0.00        0.00        0.00        0.00        0.01        0.01        0.00        0.01
2025-11-04 00:04:31      837.81       14.40       32.80     1642.00        3.40      350.00        7.30       29.30       -1.70        0.80        3.96     2255.20        0.00        0.00        0.00        0.00        0.00        0.01        0.01        0.00        0.01
2025-11-04 00:04:32      837.87       14.30       32.90     1641.00        3.30      345.00        7.30       29.20       -1.70        0.80        3.95     2256.20        0.00        0.00        0.00        0.00        0.00        0.01        0.01        0.00        0.01
2025-11-04 00:04:33      837.72       14.30       32.90     1643.00        3.30      337.00        7.30       29.30       -1.70        0.80        3.95     2257.20        0.00        0.00        0.00        0.00        0.00        0.01        0.01        0.00        0.01
2025-11-04 00:04:34      837.61       14.50       32.90     1644.00        3.30      340.00        7.30       29.40       -1.60        0.80        3.99     2258.20        0.00        0.00        0.00        0.00        0.00        0.01        0.01        0.00        0.01
2025-11-04 00:04:38      837.57       14.30       32.90     1644.00        3.70      343.00        7.30       29.20       -1.80        0.80        3.94     2262.20        0.00        0.00        0.00        0.00        0.00        0.01        0.01        0.00        0.01
2025-11-04 00:04:39      837.83       14.40       32.90     1642.00        3.90      346.00        7.30       29.30       -1.70        0.80        3.96     2263.20        0.00        0.00        0.00        0.00        0.00        0.01        0.01        0.00        0.01
2025-11-04 00:04:40      837.59       14.40       32.90     1644.00        4.20      340.00        7.30       29.30       -1.70        0.80        3.96     2264.20        0.00        0.00        0.00        0.00        0.00        0.01        0.01        0.00        0.01
2025-11-04 00:04:41      837.83       14.40       33.00     1642.00        4.20      333.00        7.30       29.30       -1.70        0.80        3.97     2265.20        0.00        0.00        0.00        0.00        0.00        0.01        0.01        0.00        0.01
2025-11-04 00:04:42      837.76       14.30       32.90     1642.00        4.30      330.00        7.30       29.30       -1.70        0.80        3.96     2266.20        0.00        0.00        0.00        0.00        0.00        0.01        0.01        0.00        0.01
2025-11-04 00:04:46      837.49       14.30       33.00     1645.00        3.90      341.00        7.30       29.30       -1.70        0.80        3.96     2270.20        0.00        0.00        0.00        0.00        0.00        0.01        0.01        0.00        0.01
2025-11-04 00:04:47      837.65       14.40       33.00     1644.00        4.00      341.00        7.30       29.30       -1.70        0.80        3.98     2271.20        0.00        0.00        0.00        0.00        0.00        0.01        0.01        0.00        0.01
2025-11-04 00:04:48      837.46       14.30       33.00     1646.00        4.10      342.00        7.30       29.20       -1.70        0.80        3.96     2272.20        0.00        0.00        0.00        0.00        0.00        0.01        0.01        0.00        0.01
2025-11-04 00:04:49      837.46       14.30       33.00     1646.00        4.20      342.00        7.30       29.30       -1.70        0.80        3.97     2273.20        0.00        0.00        0.00        0.00        0.00        0.01        0.01        0.00        0.01
2025-11-04 00:04:50      837.46       14.30       33.00     1646.00        4.20      344.00        7.30       29.20       -1.80        0.80        3.95     2274.20        0.00        0.00        0.00        0.00        0.00        0.01        0.01        0.00        0.01
2025-11-04 00:04:51      837.40       14.30       33.00     1646.00        4.20      347.00        7.30       29.20       -1.70        0.80        3.95     2275.20        0.00        0.00        0.00        0.00        0.00        0.01        0.01        0.00        0.01
2025-11-04 00:04:52      837.48       14.30       33.00     1645.00        4.40      343.00        7.30       29.30       -1.70        0.80        3.97     2276.20        0.00        0.00        0.00        0.00        0.00        0.01        0.01        0.00        0.01
2025-11-04 00:04:55      837.47       14.30       33.10     1645.00        4.40      342.00        7.30       29.30       -1.70        0.80        3.97     2279.20        0.00        0.00        0.00        0.00        0.00        0.01        0.01        0.00        0.01
2025-11-04 00:04:56      837.43       14.40       33.10     1646.00        4.40      340.00        7.30       29.30       -1.60        0.80        3.99     2280.20        0.00        0.00        0.00        0.00        0.00        0.01        0.01        0.00        0.01
2025-11-04 00:04:57      837.32       14.30       33.20     1647.00        4.30      337.00        7.30       29.30       -1.70        0.80        3.98     2281.20        0.00        0.00        0.00        0.00        0.00        0.01        0.01        0.00        0.01
2025-11-04 00:04:58      837.36       14.30       33.20     1647.00        4.40      338.00        7.30       29.30       -1.60        0.80        3.99     2282.20        0.00        0.00        0.00        0.00        0.00        0.01        0.01        0.00        0.01
2025-11-04 00:04:59      837.49       14.30       33.10     1645.00        4.40      345.00        7.30       29.20       -1.70        0.80        3.96     2283.20        0.00        0.00        0.00        0.00        0.00        0.01        0.01        0.00        0.01
2025-11-04 00:05:00      837.32       14.30       33.10     1647.00        4.30      343.00        7.30       29.30       -1.70        0.80        3.98     2284.20        0.00        0.00        0.00        0.00        0.00        0.01        0.01        0.00        0.01
2025-11-04 00:05:02      837.28       14.30       33.10     1647.00        4.00      341.00        7.30       29.30       -1.70        0.80        3.98     2286.20        0.00        0.00        0.00        0.00        0.00        0.01        0.01        0.00        0.01
2025-11-04 00:05:03      837.31       14.30       33.00     1647.00        4.00      349.00        7.30       29.20       -1.80        0.80        3.95     2287.20        0.00        0.00        0.00        0.00        0.00        0.01        0.01        0.00        0.01
2025-11-04 00:05:04      837.25       14.40       33.00     1648.00        3.90      345.00        7.30       29.30       -1.70        0.80        3.97     2288.20        0.00        0.00        0.00        0.00        0.00        0.01        0.01        0.00        0.01
2025-11-04 00:05:07      837.12       14.30       33.20     1649.00        4.10      345.00        7.30       29.30       -1.60        0.80        3.99     2291.20        0.00        0.00        0.00        0.00        0.00        0.01        0.01        0.00        0.01
2025-11-04 00:05:10      837.10       14.20       33.70     1649.00        4.40      348.00        7.30       29.10       -1.60        0.80        4.02     2294.20        0.00        0.00        0.00        0.00        0.00        0.01        0.01        0.00        0.01
2025-11-04 00:05:12      836.96       14.10       34.10     1651.00        4.70      345.00        7.30       29.10       -1.40        0.80        4.05     2296.20        0.00        0.00        0.00        0.00        0.00        0.01        0.01        0.00        0.01
2025-11-04 00:05:13      836.95       14.10       34.20     1651.00        4.70      343.00        7.30       29.10       -1.40        0.80        4.07     2297.20        0.00        0.00        0.00        0.00        0.00        0.01        0.01        0.00        0.01
2025-11-04 00:05:14      836.97       14.10       34.40     1650.00        4.60      343.00        7.30       29.10       -1.30        0.80        4.09     2298.20        0.00        0.00        0.00        0.00        0.00        0.01        0.01        0.00        0.01
2025-11-04 00:05:17      836.91       14.10       34.80     1651.00        4.40      341.00        7.30       29.10       -1.20        0.81        4.14     2301.20        0.00        0.00        0.00        0.00        0.00        0.01        0.01        0.00        0.01
2025-11-04 00:05:18      836.82       14.10       34.90     1652.00        4.20      342.00        7.30       29.10       -1.20        0.81        4.16     2302.20        0.00        0.00        0.00        0.00        0.00        0.01        0.01        0.00        0.01
2025-11-04 00:05:20      836.65       14.10       35.10     1654.00        4.10      343.00        7.30       29.10       -1.10        0.81        4.18     2304.20        0.00        0.00        0.00        0.00        0.00        0.01        0.01        0.00        0.01
2025-11-04 00:05:21      836.84       14.00       35.20     1652.00        3.90      343.00        7.30       29.00       -1.10        0.81        4.18     2305.20        0.00        0.00        0.00        0.00        0.00        0.01        0.01        0.00        0.01
2025-11-04 00:05:23      836.57       14.00       35.30     1654.00        3.90      341.00        7.30       29.00       -1.10        0.81        4.19     2307.20        0.00        0.00        0.00        0.00        0.00        0.01        0.01        0.00        0.01
2025-11-04 00:05:24      836.63       14.00       35.40     1654.00        3.90      335.00        7.30       29.00       -1.00        0.81        4.20     2308.20        0.00        0.00        0.00        0.00        0.00        0.01        0.01        0.00        0.01
2025-11-04 00:05:25      836.61       14.10       35.40     1654.00        3.80      341.00        7.30       29.10       -1.00        0.81        4.21     2309.20        0.00        0.00        0.00        0.00        0.00        0.01        0.01        0.00        0.01
2025-11-04 00:05:26      836.73       14.00       35.50     1653.00        3.90      345.00        7.30       29.00       -1.00        0.81        4.22     2310.20        0.00        0.00        0.00        0.00        0.00        0.01        0.01        0.00        0.01
2025-11-04 00:05:27      836.41       14.00       35.60     1656.00        3.80      346.00        7.30       29.00       -1.00        0.81        4.21     2311.20        0.00        0.00        0.00        0.00        0.00        0.01        0.01        0.00        0.01
2025-11-04 00:05:28      836.68       14.00       35.60     1653.00        3.80      343.00        7.30       29.00       -1.00        0.81        4.22     2312.20        0.00        0.00        0.00        0.00        0.00        0.01        0.01        0.00        0.01
2025-11-04 00:05:30      836.40       14.00       35.70     1656.00        4.00      340.00        7.30       29.00       -0.90        0.81        4.23     2314.10        0.00        0.00        0.00        0.00        0.00        0.01        0.01        0.00        0.01
2025-11-04 00:05:31      836.42       14.00       35.70     1656.00        4.00      336.00        7.30       29.00       -1.00        0.81        4.23     2315.10        0.00        0.00        0.00        0.00        0.00        0.01        0.01        0.00        0.01
2025-11-04 00:05:33      836.39       14.00       35.70     1656.00        3.90      329.00        7.30       29.00       -0.90        0.81        4.24     2317.10        0.00        0.00        0.00        0.00        0.00        0.01        0.01        0.00        0.01
2025-11-04 00:05:36      836.29       14.00       35.80     1657.00        3.50      342.00        7.30       29.10       -0.90        0.81        4.25     2320.10        0.00        0.00        0.00        0.00        0.00        0.01        0.01        0.00        0.01
2025-11-04 00:05:38      836.25       14.00       35.90     1658.00        3.30      333.00        7.30       29.00       -0.90        0.81        4.25     2322.10        0.00        0.00        0.00        0.00        0.00        0.01        0.01        0.00        0.01
2025-11-04 00:05:39      836.30       14.00       35.80     1657.00        3.50      337.00        7.30       29.00       -0.90        0.81        4.25     2323.10        0.00        0.00        0.00        0.00        0.00        0.01        0.01        0.00        0.01
2025-11-04 00:05:40      836.35       14.00       35.90     1657.00        3.50      329.00        7.30       29.00       -0.90        0.81        4.26     2324.10        0.00        0.00        0.00        0.00        0.00        0.01        0.01        0.00        0.01
2025-11-04 00:05:41      836.26       14.00       35.90     1658.00        3.50      330.00        7.30       29.00       -0.90        0.81        4.25     2325.10        0.00        0.00        0.00        0.00        0.00        0.01        0.01        0.00        0.01
2025-11-04 00:05:42      836.39       14.00       35.80     1656.00        3.40      332.00        7.30       29.00       -0.90        0.81        4.25     2326.10        0.00        0.00        0.00        0.00        0.00        0.01        0.01        0.00        0.01
2025-11-04 00:05:43      836.29       14.00       35.90     1657.00        3.30      329.00        7.30       29.00       -0.90        0.81        4.25     2327.10        0.00        0.00        0.00        0.00        0.00        0.01        0.01        0.00        0.01
2025-11-04 00:05:46      836.30       13.90       35.90     1657.00        3.30      333.00        7.30       29.00       -0.90        0.81        4.24     2330.10        0.00        0.00        0.00        0.00        0.00        0.01        0.01        0.00        0.01
2025-11-04 00:05:47      836.16       13.90       35.90     1659.00        3.30      334.00        7.30       29.00       -0.90        0.81        4.24     2331.10        0.00        0.00        0.00        0.00        0.00        0.01        0.01        0.00        0.01
2025-11-04 00:05:48      836.17       14.00       35.80     1659.00        3.30      336.00        7.30       29.00       -0.90        0.81        4.24     2332.10        0.00        0.00        0.00        0.00        0.00        0.01        0.01        0.00        0.01
2025-11-04 00:05:49      835.98       14.00       35.80     1660.00        3.30      334.00        7.30       29.10       -0.90        0.81        4.25     2333.10        0.00        0.00        0.00        0.00        0.00        0.01        0.01        0.00        0.01
2025-11-04 00:05:51      836.05       14.00       35.80     1660.00        3.40      332.00        7.30       29.10       -0.90        0.81        4.25     2335.10        0.00        0.00        0.00        0.00        0.00        0.01        0.01        0.00        0.01
2025-11-04 00:05:52      836.33       14.00       35.90     1657.00        3.50      338.00        7.30       29.00       -0.90        0.81        4.25     2336.10        0.00        0.00        0.00        0.00        0.00        0.01        0.01        0.00        0.01
2025-11-04 00:05:53      836.22       14.00       35.90     1658.00        3.50      336.00        7.30       29.00       -0.90        0.81        4.25     2337.10        0.00        0.00        0.00        0.00        0.00        0.01        0.01        0.00        0.01
2025-11-04 00:05:54      836.02       14.00       35.80     1660.00        3.50      335.00        7.30       29.10       -0.90        0.81        4.26     2338.10        0.00        0.00        0.00        0.00        0.00        0.01        0.01        0.00        0.01
2025-11-04 00:05:55      836.19       14.00       35.80     1658.00        3.40      337.00        7.30       29.00       -0.90        0.81        4.24     2339.10        0.00        0.00        0.00        0.00        0.00        0.01        0.01        0.00        0.01
2025-11-04 00:05:56      836.06       14.00       35.70     1660.00        3.30      335.00        7.30       29.00       -0.90        0.81        4.24     2340.10        0.00        0.00        0.00        0.00        0.00        0.01        0.01        0.00        0.01
2025-11-04 00:05:57      836.23       14.00       35.80     1658.00        3.30      334.00        7.30       29.10       -0.90        0.81        4.25     2341.10        0.00        0.00        0.00        0.00        0.00        0.01        0.01        0.00        0.01
2025-11-04 00:05:58      836.25       14.00       35.80     1658.00        3.30      337.00        7.30       29.00       -0.90        0.81        4.23     2342.10        0.00        0.00        0.00        0.00        0.00        0.01        0.01        0.00        0.01
2025-11-04 00:05:59      836.07       14.00       35.80     1660.00        3.30      335.00        7.30       29.10       -0.90        0.81        4.26     2343.10        0.00        0.00        0.00        0.00        0.00        0.01        0.01        0.00        0.01
2025-11-04 00:06:00      836.11       14.00       35.80     1659.00        3.20      327.00        7.30       29.10       -0.90        0.81        4.25     2344.10        0.00        0.00        0.00        0.00        0.00        0.01        0.01        0.00        0.01
2025-11-04 00:06:01      836.08       14.00       35.70     1659.00        3.30      327.00        7.30       29.10       -0.90        0.81        4.25     2345.10        0.00        0.00        0.00        0.00        0.00        0.01        0.01        0.00        0.01
2025-11-04 00:06:03      836.01       14.00       35.80     1660.00        3.40      336.00        7.30       29.10       -0.90        0.81        4.25     2347.10        0.00        0.00        0.00        0.00        0.00        0.01        0.01        0.00        0.01
2025-11-04 00:06:04      836.16       14.00       35.80     1659.00        3.30      335.00        7.30       29.10       -0.90        0.81        4.25     2348.10        0.00        0.00        0.00        0.00        0.00        0.01        0.01        0.00        0.01
2025-11-04 00:06:08      836.05       14.00       35.80     1660.00        3.20      334.00        7.30       29.10       -0.90        0.81        4.26     2352.10        0.00        0.00        0.00        0.00        0.00        0.01        0.01        0.00        0.01
2025-11-04 00:06:11      835.63       14.00       35.80     1664.00        3.10      324.00        7.30       29.10       -0.90        0.81        4.26     2355.10        0.00        0.00        0.00        0.00        0.00        0.01        0.01        0.00        0.01
2025-11-04 00:06:12      835.65       14.00       35.80     1664.00        3.00      328.00        7.30       29.10       -0.90        0.81        4.25     2356.10        0.00        0.00        0.00        0.00        0.00        0.01        0.01        0.00        0.01
2025-11-04 00:06:13      835.75       14.00       35.80     1663.00        3.00      327.00        7.30       29.10       -0.90        0.81        4.27     2357.10        0.00        0.00        0.00        0.00        0.00        0.01        0.01        0.00        0.01
2025-11-04 00:06:14      835.74       14.00       35.70     1663.00        2.90      331.00        7.30       29.20       -0.90        0.81        4.26     2358.10        0.00        0.00        0.00        0.00        0.00        0.01        0.01        0.00        0.01
2025-11-04 00:06:15      835.72       14.10       35.80     1663.00        2.90      329.00        7.30       29.20       -0.80        0.81        4.27     2359.10        0.00        0.00        0.00        0.00        0.00        0.01        0.01        0.00        0.01
2025-11-04 00:06:16      835.88       14.00       35.70     1661.00        2.90      336.00        7.30       29.10       -0.90        0.81        4.24     2360.10        0.00        0.00        0.00        0.00        0.00        0.01        0.01        0.00        0.01
2025-11-04 00:06:17      835.65       14.00       35.70     1664.00        3.00      338.00        7.30       29.10       -0.90        0.81        4.24     2361.10        0.00        0.00        0.00        0.00        0.00        0.01        0.01        0.00        0.01
2025-11-04 00:06:18      835.58       14.00       35.70     1664.00        3.10      337.00        7.30       29.10       -0.90        0.81        4.24     2362.10        0.00        0.00        0.00        0.00        0.00        0.01        0.01        0.00        0.01
2025-11-04 00:06:21      835.63       14.00       35.90     1664.00        3.60      335.00        7.30       29.10       -0.90        0.81        4.26     2365.10        0.00        0.00        0.00        0.00        0.00        0.01        0.01        0.00        0.01
2025-11-04 00:06:22      835.77       14.00       35.80     1663.00        3.80      331.00        7.30       29.10       -0.90        0.81        4.26     2366.10        0.00        0.00        0.00        0.00        0.00        0.01        0.01        0.00        0.01
2025-11-04 00:06:25      835.53       14.00       35.80     1665.00        3.60      333.00        7.30       29.10       -0.90        0.81        4.25     2369.10        0.00        0.00        0.00        0.00        0.00        0.01        0.01        0.00        0.01
2025-11-04 00:06:26      835.66       14.00       35.90     1664.00        3.60      332.00        7.30       29.10       -0.90        0.81        4.26     2370.10        0.00        0.00        0.00        0.00        0.00        0.01        0.01        0.00        0.01
2025-11-04 00:06:27      835.72       14.00       35.80     1663.00        3.60      327.00        7.30       29.10       -0.90        0.81        4.25     2371.10        0.00        0.00        0.00        0.00        0.00        0.01        0.01        0.00        0.01
2025-11-04 00:06:28      835.57       14.00       35.80     1665.00        3.60      333.00        7.30       29.10       -0.90        0.81        4.26     2372.10        0.00        0.00        0.00        0.00        0.00        0.01        0.01        0.00        0.01
2025-11-04 00:06:30      835.46       14.00       35.90     1666.00        3.50      331.00        7.30       29.10       -0.90        0.81        4.26     2374.10        0.00        0.00        0.00        0.00        0.00        0.01        0.01        0.00        0.01
2025-11-04 00:06:31      835.47       14.00       35.80     1666.00        3.40      336.00        7.30       29.10       -0.90        0.81        4.26     2375.10        0.00        0.00        0.00        0.00        0.00        0.01        0.01        0.00        0.01
2025-11-04 00:06:32      835.54       14.00       35.80     1665.00        3.30      331.00        7.30       29.20       -0.80        0.81        4.27     2376.10        0.00        0.00        0.00        0.00        0.00        0.01        0.01        0.00        0.01
2025-11-04 00:06:33      835.53       14.00       35.80     1665.00        3.30      328.00        7.30       29.10       -0.90        0.81        4.26     2377.10        0.00        0.00        0.00        0.00        0.00        0.01        0.01        0.00        0.01
2025-11-04 00:06:34      835.57       14.00       35.90     1665.00        3.20      337.00        7.30       29.10       -0.90        0.81        4.26     2378.10        0.00        0.00        0.00        0.00        0.00        0.01        0.01        0.00        0.01
2025-11-04 00:06:35      835.41       14.00       35.80     1666.00        3.20      333.00        7.30       29.10       -0.90        0.81        4.25     2379.10        0.00        0.00        0.00        0.00        0.00        0.01        0.01        0.00        0.01
2025-11-04 00:06:37      835.43       14.00       35.80     1666.00        3.30      331.00        7.30       29.10       -0.90        0.81        4.25     2381.10        0.00        0.00        0.00        0.00        0.00        0.01        0.01        0.00        0.01
2025-11-04 00:06:38      835.29       14.00       35.90     1667.00        3.30      328.00        7.30       29.20       -0.90        0.81        4.27     2382.10        0.00        0.00        0.00        0.00        0.00        0.01        0.01        0.00        0.01
2025-11-04 00:06:39      835.49       14.00       35.90     1665.00        3.30      327.00        7.30       29.10       -0.90        0.81        4.26     2383.10        0.00        0.00        0.00        0.00        0.00        0.01        0.01        0.00        0.01
2025-11-04 00:06:40      835.37       14.00       35.90     1667.00        3.30      331.00        7.30       29.10       -0.90        0.81        4.25     2384.10        0.00        0.00        0.00        0.00        0.00        0.01        0.01        0.00        0.01
2025-11-04 00:06:41      835.28       14.00       35.90     1667.00        3.30      329.00        7.30       29.10       -0.90        0.81        4.26     2385.10        0.00        0.00        0.00        0.00        0.00        0.01        0.01        0.00        0.01
2025-11-04 00:06:42      835.47       14.00       35.90     1666.00        3.30      325.00        7.30       29.10       -0.90        0.81        4.26     2386.10        0.00        0.00        0.00        0.00        0.00        0.01        0.01        0.00        0.01
2025-11-04 00:06:44      835.24       14.00       35.90     1668.00        3.50      319.00        7.30       29.10       -0.90        0.81        4.26     2388.10        0.00        0.00        0.00        0.00        0.00        0.01        0.01        0.00        0.01
2025-11-04 00:06:45      835.18       14.00       35.90     1668.00        3.40      322.00        7.30       29.10       -0.90        0.81        4.26     2389.10        0.00        0.00        0.00        0.00        0.00        0.01        0.01        0.00        0.01
2025-11-04 00:06:48      834.98       14.00       35.90     1671.00        3.40      316.00        7.30       29.10       -0.90        0.81        4.25     2392.10        0.00        0.00        0.00        0.00        0.00        0.01        0.01        0.00        0.01
2025-11-04 00:06:49      835.28       14.00       35.80     1668.00        3.50      312.00        7.30       29.20       -0.90        0.81        4.26     2393.10        0.00        0.00        0.00        0.00        0.00        0.01        0.01        0.00        0.01
2025-11-04 00:06:50      835.42       14.00       35.90     1666.00        3.60      315.00        7.30       29.20       -0.90        0.81        4.27     2394.10        0.00        0.00        0.00        0.00        0.00        0.01        0.01        0.00        0.01
2025-11-04 00:06:51      835.29       14.00       35.90     1667.00        3.60      312.00        7.30       29.10       -0.90        0.81        4.26     2395.10        0.00        0.00        0.00        0.00        0.00        0.01        0.01        0.00        0.01
2025-11-04 00:06:52      835.18       14.00       36.00     1668.00        3.60      314.00        7.30       29.10       -0.90        0.81        4.26     2396.10        0.00        0.00        0.00        0.00        0.00        0.01        0.01        0.00        0.01
2025-11-04 00:06:54      834.96       14.00       35.90     1671.00        3.60      315.00        7.30       29.10       -0.90        0.81        4.26     2398.10        0.00        0.00        0.00        0.00        0.00        0.01        0.01        0.00        0.01
2025-11-04 00:06:55      835.10       13.90       35.90     1669.00        3.60      321.00        7.30       29.10       -0.90        0.81        4.25     2399.10        0.00        0.00        0.00        0.00        0.00        0.01        0.01        0.00        0.01
2025-11-04 00:06:56      835.05       14.00       35.90     1670.00        3.60      318.00        7.30       29.20       -0.80        0.81        4.27     2400.10        0.00        0.00        0.00        0.00        0.00        0.01        0.01        0.00        0.01
2025-11-04 00:06:57      834.98       14.00       35.90     1670.00        3.60      318.00        7.30       29.10       -0.90        0.81        4.26     2401.10        0.00        0.00        0.00        0.00        0.00        0.01        0.01        0.00        0.01
2025-11-04 00:06:58      834.99       14.00       35.90     1670.00        3.60      314.00        7.30       29.20       -0.90        0.81        4.26     2402.10        0.00        0.00        0.00        0.00        0.00        0.01        0.01        0.00        0.01
2025-11-04 00:06:59      834.89       13.90       35.90     1671.00        3.50      321.00        7.30       29.10       -0.90        0.81        4.25     2403.10        0.00        0.00        0.00        0.00        0.00        0.01        0.01        0.00        0.01
2025-11-04 00:07:01      834.87       14.00       35.90     1672.00        3.40      309.00        7.30       29.20       -0.90        0.81        4.27     2405.10        0.00        0.00        0.00        0.00        0.00        0.01        0.01        0.00        0.01
2025-11-04 00:07:02      834.90       14.00       35.90     1671.00        3.40      315.00        7.30       29.20       -0.90        0.81        4.26     2406.10        0.00        0.00        0.00        0.00        0.00        0.01        0.01        0.00        0.01
2025-11-04 00:07:03      835.14       14.00       35.90     1669.00        3.50      312.00        7.30       29.10       -0.90        0.81        4.26     2407.10        0.00        0.00        0.00        0.00        0.00        0.01        0.01        0.00        0.01
2025-11-04 00:07:04      834.91       14.00       35.90     1671.00        3.40      310.00        7.30       29.10       -0.90        0.81        4.26     2408.10        0.00        0.00        0.00        0.00        0.00        0.01        0.01        0.00        0.01
2025-11-04 00:07:08      834.95       13.90       35.90     1671.00        3.30      296.00        7.30       29.10       -0.90        0.81        4.26     2412.10        0.00        0.00        0.00        0.00        0.00        0.01        0.01        0.00        0.01
2025-11-04 00:07:10      835.03       13.90       35.90     1670.00        3.30      312.00        7.30       29.10       -0.90        0.81        4.25     2414.10        0.00        0.00        0.00        0.00        0.00        0.01        0.01        0.00        0.01
2025-11-04 00:07:11      834.84       13.90       36.00     1672.00        3.20      316.00        7.30       29.10       -0.90        0.81        4.26     2415.00        0.00        0.00        0.00        0.00        0.00        0.01        0.01        0.00        0.01
2025-11-04 00:07:12      834.71       13.90       36.00     1673.00        3.30      311.00        7.30       29.10       -0.90        0.81        4.26     2416.00        0.00        0.00        0.00        0.00        0.00        0.01        0.01        0.00        0.01
2025-11-04 00:07:13      834.79       13.90       35.90     1672.00        3.40      313.00        7.30       29.10       -0.90        0.81        4.25     2417.00        0.00        0.00        0.00        0.00        0.00        0.01        0.01        0.00        0.01
2025-11-04 00:07:14      834.96       13.90       35.90     1671.00        3.40      309.00        7.30       29.10       -0.90        0.81        4.25     2418.00        0.00        0.00        0.00        0.00        0.00        0.01        0.01        0.00        0.01
2025-11-04 00:07:17      834.75       13.90       35.90     1673.00        3.40      308.00        7.30       29.10       -0.90        0.81        4.24     2421.00        0.00        0.00        0.00        0.00        0.00        0.01        0.01        0.00        0.01
2025-11-04 00:07:19      834.52       14.00       35.90     1675.00        3.50      308.00        7.30       29.20       -0.90        0.81        4.26     2423.00        0.00        0.00        0.00        0.00        0.00        0.01        0.01        0.00        0.01
2025-11-04 00:07:20      834.57       14.00       35.80     1675.00        3.50      306.00        7.30       29.20       -0.90        0.81        4.26     2424.00        0.00        0.00        0.00        0.00        0.00        0.01        0.01        0.00        0.01
2025-11-04 00:07:21      834.76       14.00       35.80     1673.00        3.40      304.00        7.30       29.20       -0.90        0.81        4.25     2425.00        0.00        0.00        0.00        0.00        0.00        0.01        0.01        0.00        0.01
2025-11-04 00:07:22      834.87       14.00       35.90     1672.00        3.50      306.00        7.30       29.20       -0.90        0.81        4.26     2426.00        0.00        0.00        0.00        0.00        0.00        0.01        0.01        0.00        0.01
2025-11-04 00:07:26      834.54       14.00       35.90     1675.00        3.50      310.00        7.30       29.20       -0.90        0.81        4.26     2430.00        0.00        0.00        0.00        0.00        0.00        0.01        0.01        0.00        0.01
2025-11-04 00:07:29      834.58       13.90       35.90     1674.00        3.50      296.00        7.30       29.10       -0.90        0.81        4.26     2433.00        0.00        0.00        0.00        0.00        0.00        0.01        0.01        0.00        0.01
2025-11-04 00:07:30      834.64       13.90       35.90     1674.00        3.50      289.00        7.30       29.10       -0.90        0.81        4.25     2434.00        0.00        0.00        0.00        0.00        0.00        0.01        0.01        0.00        0.01
2025-11-04 00:07:32      834.42       13.90       35.90     1676.00        3.60      309.00        7.30       29.10       -1.00        0.81        4.24     2436.00        0.00        0.00        0.00        0.00        0.00        0.01        0.01        0.00        0.01
2025-11-04 00:07:33      834.46       13.90       36.00     1676.00        3.60      320.00        7.30       29.10       -0.90        0.81        4.26     2437.00        0.00        0.00        0.00        0.00        0.00        0.01        0.01        0.00        0.01
2025-11-04 00:07:34      834.50       13.90       36.00     1675.00        3.60      311.00        7.30       29.10       -0.90        0.81        4.25     2438.00        0.00        0.00        0.00        0.00        0.00        0.01        0.01        0.00        0.01
2025-11-04 00:07:35      834.39       13.90       36.00     1676.00        3.50      315.00        7.30       29.10       -0.90        0.81        4.24     2439.00        0.00        0.00        0.00        0.00        0.00        0.01        0.01        0.00        0.01
2025-11-04 00:07:36      834.42       13.90       35.90     1676.00        3.50      317.00        7.30       29.20       -0.90        0.81        4.26     2440.00        0.00        0.00        0.00        0.00        0.00        0.01        0.01        0.00        0.01
2025-11-04 00:07:39      834.17       13.90       36.00     1679.00        3.20      318.00        7.30       29.10       -0.90        0.81        4.25     2443.00        0.00        0.00        0.00        0.00        0.00        0.01        0.01        0.00        0.01
2025-11-04 00:07:40      834.22       13.90       36.10     1678.00        3.20      309.00        7.30       29.10       -0.90        0.81        4.26     2444.00        0.00        0.00        0.00        0.00        0.00        0.01        0.01        0.00        0.01
2025-11-04 00:07:41      834.31       13.90       36.00     1677.00        3.10      315.00        7.30       29.10       -0.90        0.81        4.25     2445.00        0.00        0.00        0.00        0.00        0.00        0.01        0.01        0.00        0.01
2025-11-04 00:07:42      833.99       13.90       36.00     1680.00        3.20      306.00        7.30       29.10       -0.90        0.81        4.25     2446.00        0.00        0.00        0.00        0.00        0.00        0.01        0.01        0.00        0.01
2025-11-04 00:07:43      834.26       13.90       36.00     1678.00        3.20      301.00        7.30       29.10       -0.90        0.81        4.24     2447.00        0.00        0.00        0.00        0.00        0.00        0.01        0.01        0.00        0.01
2025-11-04 00:07:44      833.88       13.90       36.00     1682.00        3.30      293.00        7.30       29.20       -0.90        0.81        4.26     2448.00        0.00        0.00        0.00        0.00        0.00        0.01        0.01        0.00        0.01
2025-11-04 00:07:45      834.14       13.80       36.00     1679.00        3.40      304.00        7.30       29.10       -1.00        0.81        4.24     2449.00        0.00        0.00        0.00        0.00        0.00        0.01        0.01        0.00        0.01
2025-11-04 00:07:46      834.11       13.90       36.00     1679.00        3.40      313.00        7.30       29.20       -0.90        0.81        4.25     2450.00        0.00        0.00        0.00        0.00        0.00        0.01        0.01        0.00        0.01
2025-11-04 00:07:47      834.12       13.90       36.10     1679.00        3.60      318.00        7.30       29.10       -0.90        0.81        4.26     2451.00        0.00        0.00        0.00        0.00        0.00        0.01        0.01        0.00        0.01
2025-11-04 00:07:48      833.83       13.90       36.10     1682.00        3.80      301.00        7.30       29.20       -0.90        0.81        4.26     2452.00        0.00        0.00        0.00        0.00        0.00        0.01        0.01        0.00        0.01
2025-11-04 00:07:49      833.78       13.90       36.10     1683.00        3.80      308.00        7.30       29.20       -0.90        0.81        4.27     2453.00        0.00        0.00        0.00        0.00        0.00        0.01        0.01        0.00        0.01
2025-11-04 00:07:50      833.68       13.90       36.20     1684.00        3.90      313.00        7.30       29.20       -0.90        0.81        4.27     2454.00        0.00        0.00        0.00        0.00        0.00        0.01        0.01        0.00        0.01
2025-11-04 00:07:51      833.97       13.80       36.10     1681.00        3.80      317.00        7.30       29.10       -1.00        0.81        4.24     2455.00        0.00        0.00        0.00        0.00        0.00        0.01        0.01        0.00        0.01
2025-11-04 00:07:52      833.59       13.90       36.20     1685.00        3.80      321.00        7.30       29.20       -0.90        0.81        4.27     2456.00        0.00        0.00        0.00        0.00        0.00        0.01        0.01        0.00        0.01
2025-11-04 00:07:53      833.60       13.80       36.10     1684.00        3.80      322.00        7.30       29.20       -0.90        0.81        4.26     2457.00        0.00        0.00        0.00        0.00        0.00        0.01        0.01        0.00        0.01
2025-11-04 00:07:54      833.58       13.80       36.20     1685.00        3.80      322.00        7.30       29.10       -0.90        0.81        4.26     2458.00        0.00        0.00        0.00        0.00        0.00        0.01        0.01        0.00        0.01
2025-11-04 00:07:55      833.59       13.80       36.20     1684.00        3.90      332.00        7.30       29.10       -0.90        0.81        4.24     2459.00        0.00        0.00        0.00        0.00        0.00        0.01        0.01        0.00        0.01
2025-11-04 00:07:58      833.57       13.80       36.20     1685.00        3.90      326.00        7.30       29.10       -0.90        0.81        4.26     2462.00        0.00        0.00        0.00        0.00        0.00        0.01        0.01        0.00        0.01
2025-11-04 00:08:01      833.51       13.80       36.10     1685.00        3.80      322.00        7.30       29.20       -0.90        0.81        4.26     2465.00        0.00        0.00        0.00        0.00        0.00        0.01        0.01        0.00        0.01
2025-11-04 00:08:03      833.44       13.80       36.20     1686.00        3.90      326.00        7.30       29.20       -0.90        0.81        4.26     2467.00        0.00        0.00        0.00        0.00        0.00        0.01        0.01        0.00        0.01
2025-11-04 00:08:04      833.43       13.80       36.20     1686.00        3.90      324.00        7.30       29.20       -0.90        0.81        4.27     2468.00        0.00        0.00        0.00        0.00        0.00        0.01        0.01        0.00        0.01
2025-11-04 00:08:05      833.25       13.80       36.20     1688.00        3.90      320.00        7.30       29.20       -0.90        0.81        4.26     2469.00        0.00        0.00        0.00        0.00        0.00        0.01        0.01        0.00        0.01
2025-11-04 00:08:07      833.29       13.80       36.20     1688.00        3.90      322.00        7.30       29.10       -0.90        0.81        4.25     2471.00        0.00        0.00        0.00        0.00        0.00        0.01        0.01        0.00        0.01
2025-11-04 00:08:08      832.94       13.80       36.20     1691.00        3.80      320.00        7.30       29.10       -0.90        0.81        4.25     2472.00        0.00        0.00        0.00        0.00        0.00        0.01        0.01        0.00        0.01
2025-11-04 00:08:09      833.28       13.80       36.20     1688.00        3.80      326.00        7.30       29.10       -0.90        0.81        4.25     2473.00        0.00        0.00        0.00        0.00        0.00        0.01        0.01        0.00        0.01
2025-11-04 00:08:10      833.04       13.70       36.20     1690.00        3.80      322.00        7.30       29.10       -1.00        0.81        4.24     2474.00        0.00        0.00        0.00        0.00        0.00        0.01        0.01        0.00        0.01
2025-11-04 00:08:11      833.13       13.80       36.20     1689.00        3.80      330.00        7.30       29.10       -0.90        0.81        4.25     2475.00        0.00        0.00        0.00        0.00        0.00        0.01        0.01        0.00        0.01
2025-11-04 00:08:12      832.99       13.80       36.20     1691.00        3.90      324.00        7.30       29.20       -0.90        0.81        4.26     2476.00        0.00        0.00        0.00        0.00        0.00        0.01        0.01        0.00        0.01
2025-11-04 00:08:13      832.95       13.80       36.20     1691.00        3.80      315.00        7.30       29.20       -0.90        0.81        4.26     2477.00        0.00        0.00        0.00        0.00        0.00        0.01        0.01        0.00        0.01
2025-11-04 00:08:14      832.90       13.70       36.20     1692.00        3.60      321.00        7.30       29.10       -1.00        0.81        4.25     2478.00        0.00        0.00        0.00        0.00        0.00        0.01        0.01        0.00        0.01
2025-11-04 00:08:15      833.02       13.80       36.20     1690.00        3.70      309.00        7.30       29.20       -0.90        0.81        4.26     2479.00        0.00        0.00        0.00        0.00        0.00        0.01        0.01        0.00        0.01
2025-11-04 00:08:16      833.02       13.70       36.30     1690.00        3.60      306.00        7.30       29.10       -0.90        0.81        4.25     2480.00        0.00        0.00        0.00        0.00        0.00        0.01        0.01        0.00        0.01
2025-11-04 00:08:18      832.87       13.80       36.20     1692.00        3.90      318.00        7.30       29.10       -0.90        0.81        4.25     2482.00        0.00        0.00        0.00        0.00        0.00        0.01        0.01        0.00        0.01
2025-11-04 00:08:19      832.75       13.80       36.20     1693.00        4.00      299.00        7.30       29.20       -0.90        0.81        4.26     2483.00        0.00        0.00        0.00        0.00        0.00        0.01        0.01        0.00        0.01
2025-11-04 00:08:20      832.74       13.80       36.30     1693.00        3.80      290.00        7.30       29.20       -0.90        0.81        4.26     2484.00        0.00        0.00        0.00        0.00        0.00        0.01        0.01        0.00        0.01
2025-11-04 00:08:21      832.57       13.80       36.30     1695.00        3.60      317.00        7.30       29.20       -0.90        0.81        4.26     2485.00        0.00        0.00        0.00        0.00        0.00        0.01        0.01        0.00        0.01
2025-11-04 00:08:22      832.48       13.70       36.30     1696.00        3.60      310.00        7.30       29.10       -1.00        0.81        4.24     2486.00        0.00        0.00        0.00        0.00        0.00        0.01        0.01        0.00        0.01
2025-11-04 00:08:23      832.48       13.70       36.30     1696.00        3.50      305.00        7.30       29.10       -1.00        0.81        4.24     2487.00        0.00        0.00        0.00        0.00        0.00        0.01        0.01        0.00        0.01
2025-11-04 00:08:25      832.39       13.70       36.30     1697.00        3.50      311.00        7.30       29.10       -1.00        0.81        4.24     2489.00        0.00        0.00        0.00        0.00        0.00        0.01        0.01        0.00        0.01
2025-11-04 00:08:29      832.28       13.70       36.30     1698.00        3.50      317.00        7.30       29.20       -1.00        0.81        4.25     2493.00        0.00        0.00        0.00        0.00        0.00        0.01        0.01        0.00        0.01
2025-11-04 00:08:30      832.38       13.70       36.30     1697.00        3.40      320.00        7.30       29.10       -1.00        0.81        4.24     2494.00        0.00        0.00        0.00        0.00        0.00        0.01        0.01        0.00        0.01
2025-11-04 00:08:31      832.45       13.70       36.20     1696.00        3.50      314.00        7.30       29.20       -1.00        0.81        4.25     2495.00        0.00        0.00        0.00        0.00        0.00        0.01        0.01        0.00        0.01
2025-11-04 00:08:32      832.21       13.70       36.30     1698.00        3.50      315.00        7.30       29.20       -1.00        0.81        4.25     2496.00        0.00        0.00        0.00        0.00        0.00        0.01        0.01        0.00        0.01
2025-11-04 00:08:33      832.39       13.70       36.30     1697.00        3.50      323.00        7.30       29.20       -1.00        0.81        4.24     2497.00        0.00        0.00        0.00        0.00        0.00        0.01        0.01        0.00        0.01
2025-11-04 00:08:34      832.16       13.70       36.20     1699.00        3.50      323.00        7.30       29.20       -1.00        0.81        4.25     2498.00        0.00        0.00        0.00        0.00        0.00        0.01        0.01        0.00        0.01
2025-11-04 00:08:35      832.27       13.70       36.30     1698.00        3.50      321.00        7.30       29.20       -1.00        0.81        4.25     2499.00        0.00        0.00        0.00        0.00        0.00        0.01        0.01        0.00        0.01
2025-11-04 00:08:38      832.21       13.70       36.30     1698.00        3.50      325.00        7.30       29.10       -1.00        0.81        4.23     2502.00        0.00        0.00        0.00        0.00        0.00        0.01        0.01        0.00        0.01
2025-11-04 00:08:40      831.90       13.70       36.20     1702.00        3.50      323.00        7.30       29.20       -1.00        0.81        4.25     2504.00        0.00        0.00        0.00        0.00        0.00        0.01        0.01        0.00        0.01
2025-11-04 00:08:41      832.15       13.70       36.20     1699.00        3.60      319.00        7.30       29.20       -1.00        0.81        4.23     2505.00        0.00        0.00        0.00        0.00        0.00        0.01        0.01        0.00        0.01
2025-11-04 00:08:43      831.73       13.60       36.20     1703.00        3.60      315.00        7.30       29.20       -1.00        0.81        4.22     2507.00        0.00        0.00        0.00        0.00        0.00        0.01        0.01        0.00        0.01
2025-11-04 00:08:44      831.97       13.70       36.30     1701.00        3.70      311.00        7.30       29.20       -1.00        0.81        4.23     2508.00        0.00        0.00        0.00        0.00        0.00        0.01        0.01        0.00        0.01
2025-11-04 00:08:46      831.77       13.70       36.30     1703.00        3.60      317.00        7.30       29.20       -1.00        0.81        4.24     2510.00        0.00        0.00        0.00        0.00        0.00        0.01        0.01        0.00        0.01
2025-11-04 00:08:47      831.89       13.70       36.20     1702.00        3.50      318.00        7.30       29.20       -1.00        0.81        4.23     2511.00        0.00        0.00        0.00        0.00        0.00        0.01        0.01        0.00        0.01
2025-11-04 00:08:48      831.68       13.60       36.20     1704.00        3.50      321.00        7.30       29.20       -1.10        0.81        4.22     2512.00        0.00        0.00        0.00        0.00        0.00        0.01        0.01        0.00        0.01
2025-11-04 00:08:49      831.77       13.70       36.30     1703.00        3.50      323.00        7.30       29.20       -1.00        0.81        4.24     2513.00        0.00        0.00        0.00        0.00        0.00        0.01        0.01        0.00        0.01
2025-11-04 00:08:51      831.72       13.70       36.10     1703.00        3.30      317.00        7.30       29.20       -1.00        0.81        4.22     2515.00        0.00        0.00        0.00        0.00        0.00        0.01        0.01        0.00        0.01
2025-11-04 00:08:52      831.69       13.60       36.10     1704.00        3.30      317.00        7.30       29.10       -1.10        0.81        4.20     2515.90        0.00        0.00        0.00        0.00        0.00        0.01        0.01        0.00        0.01
2025-11-04 00:08:54      831.68       13.70       36.20     1704.00        3.50      316.00        7.30       29.20       -1.00        0.81        4.22     2517.90        0.00        0.00        0.00        0.00        0.00        0.01        0.01        0.00        0.01
2025-11-04 00:08:55      831.74       13.70       36.10     1703.00        3.50      313.00        7.30       29.20       -1.00        0.81        4.23     2518.90        0.00        0.00        0.00        0.00        0.00        0.01        0.01        0.00        0.01
2025-11-04 00:08:56      831.61       13.60       36.20     1705.00        3.50      320.00        7.30       29.20       -1.00        0.81        4.22     2519.90        0.00        0.00        0.00        0.00        0.00        0.01        0.01        0.00        0.01
2025-11-04 00:08:57      831.60       13.60       36.10     1705.00        3.50      319.00        7.30       29.20       -1.10        0.81        4.21     2520.90        0.00        0.00        0.00        0.00        0.00        0.01        0.01        0.00        0.01
2025-11-04 00:08:59      831.49       13.70       36.00     1706.00        3.50      316.00        7.30       29.20       -1.10        0.81        4.21     2522.90        0.00        0.00        0.00        0.00        0.00        0.01        0.01        0.00        0.01
2025-11-04 00:09:00      831.50       13.70       36.10     1706.00        3.40      312.00        7.30       29.20       -1.10        0.81        4.21     2523.90        0.00        0.00        0.00        0.00        0.00        0.01        0.01        0.00        0.01
2025-11-04 00:09:01      831.30       13.60       36.20     1708.00        3.40      316.00        7.30       29.20       -1.10        0.81        4.21     2524.90        0.00        0.00        0.00        0.00        0.00        0.01        0.01        0.00        0.01
2025-11-04 00:09:02      831.42       13.70       36.10     1706.00        3.40      317.00        7.30       29.20       -1.10        0.81        4.21     2525.90        0.00        0.00        0.00        0.00        0.00        0.01        0.01        0.00        0.01
2025-11-04 00:09:05      831.36       13.60       35.90     1707.00        3.60      321.00        7.30       29.20       -1.20        0.81        4.17     2528.90        0.00        0.00        0.00        0.00        0.00        0.01        0.01        0.00        0.01
2025-11-04 00:09:07      831.07       13.60       35.80     1710.00        3.70      326.00        7.30       29.20       -1.20        0.81        4.16     2530.90        0.00        0.00        0.00        0.00        0.00        0.01        0.01        0.00        0.01
2025-11-04 00:09:08      831.08       13.60       35.80     1710.00        3.70      329.00        7.30       29.20       -1.20        0.81        4.16     2531.90        0.00        0.00        0.00        0.00        0.00        0.01        0.01        0.00        0.01
2025-11-04 00:09:09      831.06       13.60       35.80     1710.00        3.70      331.00        7.30       29.20       -1.20        0.81        4.16     2532.90        0.00        0.00        0.00        0.00        0.00        0.01        0.01        0.00        0.01
2025-11-04 00:09:10      831.18       13.60       35.80     1709.00        3.60      329.00        7.30       29.20       -1.20        0.81        4.16     2533.90        0.00        0.00        0.00        0.00        0.00        0.01        0.01        0.00        0.01
2025-11-04 00:09:14      830.99       13.60       35.90     1711.00        3.50      323.00        7.30       29.20       -1.20        0.81        4.17     2537.90        0.00        0.00        0.00        0.00        0.00        0.01        0.01        0.00        0.01
2025-11-04 00:09:15      830.88       13.60       36.00     1712.00        3.50      323.00        7.30       29.20       -1.10        0.81        4.19     2538.90        0.00        0.00        0.00        0.00        0.00        0.01        0.01        0.00        0.01
2025-11-04 00:09:16      830.92       13.60       36.00     1712.00        3.40      329.00        7.30       29.20       -1.20        0.81        4.18     2539.90        0.00        0.00        0.00        0.00        0.00        0.01        0.01        0.00        0.01
2025-11-04 00:09:17      830.90       13.60       36.00     1712.00        3.40      323.00        7.30       29.20       -1.20        0.81        4.17     2540.90        0.00        0.00        0.00        0.00        0.00        0.01        0.01        0.00        0.01
2025-11-04 00:09:19      830.78       13.60       36.00     1713.00        3.40      321.00        7.30       29.20       -1.10        0.81        4.19     2542.90        0.00        0.00        0.00        0.00        0.00        0.01        0.01        0.00        0.01
2025-11-04 00:09:21      830.68       13.50       36.10     1714.00        3.70      303.00        7.30       29.10       -1.20        0.81        4.17     2544.90        0.00        0.00        0.00        0.00        0.00        0.01        0.01        0.00        0.01
2025-11-04 00:09:22      830.76       13.60       36.00     1713.00        3.70      287.00        7.30       29.20       -1.20        0.81        4.18     2545.90        0.00        0.00        0.00        0.00        0.00        0.01        0.01        0.00        0.01
2025-11-04 00:09:23      830.65       13.50       36.10     1714.00        3.80      307.00        7.30       29.10       -1.20        0.81        4.17     2546.90        0.00        0.00        0.00        0.00        0.00        0.01        0.01        0.00        0.01
2025-11-04 00:09:25      830.72       13.60       36.10     1714.00        3.70      298.00        7.30       29.20       -1.20        0.81        4.19     2548.90        0.00        0.00        0.00        0.00        0.00        0.01        0.01        0.00        0.01
2025-11-04 00:09:26      830.63       13.60       36.20     1714.00        3.60      297.00        7.30       29.20       -1.10        0.81        4.20     2549.90        0.00        0.00        0.00        0.00        0.00        0.01        0.01        0.00        0.01
2025-11-04 00:09:27      830.83       13.60       36.00     1712.00        3.50      309.00        7.30       29.20       -1.20        0.81        4.17     2550.90        0.00        0.00        0.00        0.00        0.00        0.01        0.01        0.00        0.01
2025-11-04 00:09:28      830.66       13.60       35.90     1714.00        3.50      308.00        7.30       29.20       -1.20        0.81        4.17     2551.90        0.00        0.00        0.00        0.00        0.00        0.01        0.01        0.00        0.01
2025-11-04 00:09:30      830.67       13.50       36.00     1714.00        3.40      323.00        7.30       29.10       -1.20        0.81        4.17     2553.90        0.00        0.00        0.00        0.00        0.00        0.01        0.01        0.00        0.01
2025-11-04 00:09:31      830.68       13.60       36.00     1714.00        3.50      330.00        7.30       29.20       -1.20        0.81        4.18     2554.90        0.00        0.00        0.00        0.00        0.00        0.01        0.01        0.00        0.01
2025-11-04 00:09:33      830.65       13.60       36.10     1714.00        3.50      308.00        7.30       29.20       -1.20        0.81        4.17     2556.90        0.00        0.00        0.00        0.00        0.00        0.01        0.01        0.00        0.01
2025-11-04 00:09:35      830.47       13.50       36.10     1716.00        3.50      315.00        7.30       29.20       -1.20        0.81        4.17     2558.90        0.00        0.00        0.00        0.00        0.00        0.01        0.01        0.00        0.01
2025-11-04 00:09:36      830.49       13.50       36.00     1716.00        3.50      321.00        7.30       29.20       -1.20        0.81        4.17     2559.90        0.00        0.00        0.00        0.00        0.00        0.01        0.01        0.00        0.01
2025-11-04 00:09:39      830.40       13.60       36.10     1717.00        3.60      324.00        7.30       29.20       -1.20        0.81        4.19     2562.90        0.00        0.00        0.00        0.00        0.00        0.01        0.01        0.00        0.01
2025-11-04 00:09:40      830.41       13.60       36.00     1717.00        3.70      322.00        7.30       29.20       -1.20        0.81        4.18     2563.90        0.00        0.00        0.00        0.00        0.00        0.01        0.01        0.00        0.01
2025-11-04 00:09:41      830.56       13.60       36.00     1715.00        3.80      319.00        7.30       29.20       -1.20        0.81        4.17     2564.90        0.00        0.00        0.00        0.00        0.00        0.01        0.01        0.00        0.01
2025-11-04 00:09:42      830.39       13.60       36.00     1717.00        3.80      324.00        7.30       29.20       -1.20        0.81        4.17     2565.90        0.00        0.00        0.00        0.00        0.00        0.01        0.01        0.00        0.01
2025-11-04 00:09:43      830.32       13.50       36.10     1718.00        3.90      324.00        7.30       29.20       -1.20        0.81        4.17     2566.90        0.00        0.00        0.00        0.00        0.00        0.01        0.01        0.00        0.01
2025-11-04 00:09:45      830.42       13.60       36.10     1717.00        3.80      324.00        7.30       29.20       -1.20        0.81        4.18     2568.90        0.00        0.00        0.00        0.00        0.00        0.01        0.01        0.00        0.01
2025-11-04 00:09:47      830.24       13.50       36.10     1718.00        3.70      327.00        7.30       29.20       -1.20        0.81        4.17     2570.90        0.00        0.00        0.00        0.00        0.00        0.01        0.01        0.00        0.01
2025-11-04 00:09:48      830.24       13.60       36.00     1718.00        3.70      329.00        7.30       29.20       -1.20        0.81        4.17     2571.90        0.00        0.00        0.00        0.00        0.00        0.01        0.01        0.00        0.01
2025-11-04 00:09:50      830.48       13.60       36.10     1716.00        3.80      338.00        7.30       29.20       -1.20        0.81        4.18     2573.90        0.00        0.00        0.00        0.00        0.00        0.01        0.01        0.00        0.01
2025-11-04 00:09:51      830.13       13.50       36.10     1720.00        3.80      336.00        7.30       29.20       -1.20        0.81        4.18     2574.90        0.00        0.00        0.00        0.00        0.00        0.01        0.01        0.00        0.01
2025-11-04 00:09:52      830.26       13.60       36.10     1718.00        4.00      333.00        7.30       29.20       -1.20        0.81        4.19     2575.90        0.00        0.00        0.00        0.00        0.00        0.01        0.01        0.00        0.01
2025-11-04 00:09:53      830.33       13.60       36.10     1718.00        4.30      336.00        7.30       29.20       -1.10        0.81        4.19     2576.90        0.00        0.00        0.00        0.00        0.00        0.01        0.01        0.00        0.01
2025-11-04 00:09:54      829.98       13.50       36.20     1721.00        4.30      338.00        7.30       29.20       -1.20        0.81        4.19     2577.90        0.00        0.00        0.00        0.00        0.00        0.01        0.01        0.00        0.01
2025-11-04 00:09:55      830.32       13.50       36.10     1718.00        4.40      340.00        7.30       29.20       -1.20        0.81        4.18     2578.90        0.00        0.00        0.00        0.00        0.00        0.01        0.01        0.00        0.01
