        Time       Press        Temp          Rh         Alt       Speed         Dir        Batt       PTemp         Dew          SH          MR          Et       Ozone      O3Curr      O3Temp         AD1         AD2         AD3         AD4         AD5         AD6
2025-11-04 00:25:01      871.00       19.10       26.60     1312.00       38.50      320.00        7.80       30.90       -0.50        0.81        4.22     3484.70        0.00        0.00        0.00        0.01        0.01        0.01        0.01        0.00        0.01
2025-11-04 00:25:05      870.84       18.30       25.90     1314.00        3.60      347.00        7.60       30.00       -1.60        0.79        3.85     3488.70        0.00        0.00        0.00        0.01        0.01        0.01        0.01        0.00        0.01
2025-11-04 00:25:07      870.69       18.40       26.40     1315.00        3.20      339.00        7.60       30.10       -1.20        0.80        3.97     3490.70        0.00        0.00        0.00        0.01        0.01        0.01        0.01        0.00        0.01
2025-11-04 00:25:09      870.78       18.40       26.40     1314.00        3.50      336.00        7.60       30.20       -1.10        0.80        4.00     3492.70        0.00        0.00        0.00        0.01        0.01        0.01        0.01        0.00        0.01
2025-11-04 00:25:10      870.89       18.50       26.70     1313.00        3.70      334.00        7.60       30.30       -0.90        0.80        4.06     3493.70        0.00        0.00        0.00        0.01        0.01        0.01        0.01        0.00        0.01
2025-11-04 00:25:12      870.57       18.70       26.90     1316.00        3.60      354.00        7.60       30.50       -0.70        0.81        4.14     3495.70        0.00        0.00        0.00        0.01        0.01        0.01        0.01        0.00        0.01
2025-11-04 00:25:13      870.76       18.50       26.60     1314.00        3.70        3.00        7.60       30.20       -1.00        0.80        4.04     3496.70        0.00        0.00        0.00        0.01        0.01        0.01        0.01        0.00        0.01
2025-11-04 00:25:14      870.72       18.50       26.80     1315.00        3.70        1.00        7.60       30.20       -1.00        0.80        4.06     3497.70        0.00        0.00        0.00        0.01        0.01        0.01        0.01        0.00        0.01
2025-11-04 00:25:15      870.83       18.60       26.90     1314.00        3.50      356.00        7.60       30.30       -0.80        0.80        4.11     3498.70        0.00        0.00        0.00        0.01        0.01        0.01        0.01        0.00        0.01
2025-11-04 00:25:16      870.81       18.60       26.80     1314.00        3.50      337.00        7.60       30.40       -0.80        0.80        4.11     3499.70        0.00        0.00        0.00        0.01        0.01        0.01        0.01        0.00        0.01
2025-11-04 00:25:17      870.87       18.60       26.80     1313.00        3.50      330.00        7.60       30.30       -0.80        0.80        4.10     3500.70        0.00        0.00        0.00        0.01        0.01        0.01        0.01        0.00        0.01
2025-11-04 00:25:19      870.65       18.70       27.00     1315.00        3.40      334.00        7.60       30.50       -0.70        0.81        4.15     3502.70        0.00        0.00        0.00        0.01        0.01        0.01        0.01        0.00        0.01
2025-11-04 00:25:20      870.60       18.60       27.10     1316.00        3.30      337.00        7.60       30.30       -0.70        0.81        4.14     3503.70        0.00        0.00        0.00        0.01        0.01        0.01        0.01        0.00        0.01
2025-11-04 00:25:21      870.39       18.70       27.10     1318.00        3.20      341.00        7.60       30.50       -0.60        0.81        4.18     3504.70        0.00        0.00        0.00        0.01        0.01        0.01        0.01        0.00        0.01
2025-11-04 00:25:23      870.47       18.40       26.90     1317.00        3.50      357.00        7.60       30.20       -1.00        0.80        4.05     3506.70        0.00        0.00        0.00        0.01        0.01        0.01        0.01        0.00        0.01
2025-11-04 00:25:24      870.48       18.60       27.20     1317.00        3.80      344.00        7.60       30.40       -0.60        0.81        4.17     3507.70        0.00        0.00        0.00        0.01        0.01        0.01        0.01        0.00        0.01
2025-11-04 00:25:25      870.46       18.40       26.90     1317.00        3.80      341.00        7.60       30.20       -1.00        0.80        4.05     3508.70        0.00        0.00        0.00        0.01        0.01        0.01        0.01        0.00        0.01
2025-11-04 00:25:26      870.38       18.50       27.10     1318.00        3.90      344.00        7.60       30.30       -0.70        0.81        4.14     3509.70        0.00        0.00        0.00        0.01        0.01        0.01        0.01        0.00        0.01
2025-11-04 00:25:27      870.39       18.30       26.90     1318.00        3.90      338.00        7.60       30.10       -1.00        0.80        4.04     3510.70        0.00        0.00        0.00        0.01        0.01        0.01        0.01        0.00        0.01
2025-11-04 00:25:28      870.52       18.20       26.80     1317.00        3.90      349.00        7.60       30.00       -1.10        0.80        4.00     3511.70        0.00        0.00        0.00        0.01        0.01        0.01        0.01        0.00        0.01
2025-11-04 00:25:30      870.16       18.60       27.40     1320.00        4.00      350.00        7.60       30.40       -0.50        0.81        4.22     3513.70        0.00        0.00        0.00        0.01        0.01        0.01        0.01        0.00        0.01
2025-11-04 00:25:32      869.86       18.50       27.30     1323.00        3.40      334.00        7.60       30.40       -0.60        0.81        4.17     3515.70        0.00        0.00        0.00        0.01        0.01        0.01        0.01        0.00        0.01
2025-11-04 00:25:33      870.05       18.70       27.60     1321.00        3.40      344.00        7.60       30.60       -0.30        0.81        4.29     3516.70        0.00        0.00        0.00        0.01        0.01        0.01        0.01        0.00        0.01
2025-11-04 00:25:34      870.01       18.80       27.60     1322.00        3.30      340.00        7.60       30.60       -0.30        0.81        4.31     3517.70        0.00        0.00        0.00        0.01        0.01        0.01        0.01        0.00        0.01
2025-11-04 00:25:37      869.75       17.90       26.80     1324.00        4.00      339.00        7.60       29.70       -1.50        0.80        3.89     3520.70        0.00        0.00        0.00        0.01        0.01        0.01        0.01        0.00        0.01
2025-11-04 00:25:38      869.78       17.80       26.90     1324.00        4.20      347.00        7.60       29.60       -1.50        0.80        3.88     3521.70        0.00        0.00        0.00        0.01        0.01        0.01        0.01        0.00        0.01
2025-11-04 00:25:40      869.65       17.90       27.20     1325.00        4.60      325.00        7.60       29.70       -1.30        0.80        3.96     3523.70        0.00        0.00        0.00        0.01        0.01        0.01        0.01        0.00        0.01
2025-11-04 00:25:42      869.56       17.80       27.40     1326.00        4.50      331.00        7.60       29.60       -1.30        0.80        3.96     3525.70        0.00        0.00        0.00        0.01        0.01        0.01        0.01        0.00        0.01
2025-11-04 00:25:43      869.46       17.80       27.40     1327.00        4.40      336.00        7.60       29.70       -1.20        0.80        3.99     3526.70        0.00        0.00        0.00        0.01        0.01        0.01        0.01        0.00        0.01
2025-11-04 00:25:44      869.43       17.70       27.40     1327.00        4.20      341.00        7.60       29.60       -1.20        0.80        3.97     3527.70        0.00        0.00        0.00        0.01        0.01        0.01        0.01        0.00        0.01
2025-11-04 00:25:46      869.34       17.70       27.50     1328.00        4.30      343.00        7.60       29.60       -1.30        0.80        3.96     3529.70        0.00        0.00        0.00        0.01        0.01        0.01        0.01        0.00        0.01
2025-11-04 00:25:48      869.35       17.80       27.60     1328.00        4.10      343.00        7.60       29.70       -1.10        0.80        4.00     3531.70        0.00        0.00        0.00        0.01        0.01        0.01        0.01        0.00        0.01
2025-11-04 00:25:51      868.97       17.70       27.60     1332.00        4.00      351.00        7.60       29.60       -1.20        0.80        3.98     3534.70        0.00        0.00        0.00        0.01        0.01        0.01        0.01        0.00        0.01
2025-11-04 00:25:52      869.03       17.70       27.70     1331.00        4.20      347.00        7.60       29.60       -1.20        0.80        3.99     3535.70        0.00        0.00        0.00        0.01        0.01        0.01        0.01        0.00        0.01
2025-11-04 00:25:55      868.79       17.60       27.80     1334.00        4.70      354.00        7.60       29.60       -1.10        0.80        4.00     3538.70        0.00        0.00        0.00        0.01        0.01        0.01        0.01        0.00        0.01
2025-11-04 00:25:56      868.75       17.60       27.80     1334.00        4.60        8.00        7.60       29.50       -1.20        0.80        3.99     3539.70        0.00        0.00        0.00        0.01        0.01        0.01        0.01        0.00        0.01
2025-11-04 00:25:57      868.47       17.70       28.00     1337.00        4.50      347.00        7.60       29.70       -1.00        0.80        4.07     3540.70        0.00        0.00        0.00        0.01        0.01        0.01        0.01        0.00        0.01
2025-11-04 00:25:58      868.64       17.60       27.90     1335.00        4.60      354.00        7.60       29.50       -1.20        0.80        4.00     3541.70        0.00        0.00        0.00        0.01        0.01        0.01        0.01        0.00        0.01
2025-11-04 00:25:59      868.38       17.70       28.00     1338.00        4.70      346.00        7.60       29.70       -1.00        0.80        4.05     3542.70        0.00        0.00        0.00        0.01        0.01        0.01        0.01        0.00        0.01
2025-11-04 00:26:00      868.30       17.60       27.90     1339.00        4.70      351.00        7.60       29.60       -1.10        0.80        4.01     3543.70        0.00        0.00        0.00        0.01        0.01        0.01        0.01        0.00        0.01
2025-11-04 00:26:01      868.51       17.60       28.00     1336.00        4.60      324.00        7.60       29.60       -1.10        0.80        4.02     3544.70        0.00        0.00        0.00        0.01        0.01        0.01        0.01        0.00        0.01
2025-11-04 00:26:02      868.55       17.70       28.10     1336.00        4.40      336.00        7.60       29.60       -1.00        0.80        4.06     3545.70        0.00        0.00        0.00        0.01        0.01        0.01        0.01        0.00        0.01
2025-11-04 00:26:03      868.51       17.70       28.10     1337.00        4.60      356.00        7.60       29.60       -1.00        0.80        4.06     3546.70        0.00        0.00        0.00        0.01        0.01        0.01        0.01        0.00        0.01
2025-11-04 00:26:04      868.35       17.70       28.00     1338.00        4.00      343.00        7.60       29.70       -1.00        0.80        4.07     3547.70        0.00        0.00        0.00        0.01        0.01        0.01        0.01        0.00        0.01
2025-11-04 00:26:05      868.34       17.60       28.00     1338.00        4.00      356.00        7.60       29.50       -1.10        0.80        4.03     3548.70        0.00        0.00        0.00        0.01        0.01        0.01        0.01        0.00        0.01
2025-11-04 00:26:06      868.19       17.70       28.10     1340.00        4.20      353.00        7.60       29.70       -1.00        0.80        4.07     3549.70        0.00        0.00        0.00        0.01        0.01        0.01        0.01        0.00        0.01
2025-11-04 00:26:07      868.15       17.60       27.90     1340.00        4.20      353.00        7.60       29.60       -1.10        0.80        4.03     3550.70        0.00        0.00        0.00        0.01        0.01        0.01        0.01        0.00        0.01
2025-11-04 00:26:08      868.02       17.60       27.90     1341.00        4.10        0.00        7.60       29.60       -1.10        0.80        4.01     3551.70        0.00        0.00        0.00        0.01        0.01        0.01        0.01        0.00        0.01
2025-11-04 00:26:09      868.08       17.70       28.10     1341.00        4.10      354.00        7.60       29.70       -1.00        0.80        4.06     3552.70        0.00        0.00        0.00        0.01        0.01        0.01        0.01        0.00        0.01
2025-11-04 00:26:10      867.78       17.70       28.00     1344.00        4.20      356.00        7.60       29.70       -1.00        0.80        4.05     3553.70        0.00        0.00        0.00        0.01        0.01        0.01        0.01        0.00        0.01
2025-11-04 00:26:11      868.00       17.60       28.00     1341.00        4.20      358.00        7.60       29.60       -1.10        0.80        4.04     3554.70        0.00        0.00        0.00        0.01        0.01        0.01        0.01        0.00        0.01
2025-11-04 00:26:12      867.89       17.60       28.00     1343.00        4.30      357.00        7.60       29.60       -1.10        0.80        4.03     3555.70        0.00        0.00        0.00        0.01        0.01        0.01        0.01        0.00        0.01
2025-11-04 00:26:15      867.63       17.60       28.00     1345.00        4.60      358.00        7.60       29.60       -1.10        0.80        4.03     3558.70        0.00        0.00        0.00        0.01        0.01        0.01        0.01        0.00        0.01
2025-11-04 00:26:16      867.34       17.60       28.10     1348.00        4.70        1.00        7.60       29.70       -1.00        0.80        4.05     3559.70        0.00        0.00        0.00        0.01        0.01        0.01        0.01        0.00        0.01
2025-11-04 00:26:17      867.59       17.70       28.10     1346.00        4.60      359.00        7.60       29.70       -0.90        0.80        4.08     3560.70        0.00        0.00        0.00        0.01        0.01        0.01        0.01        0.00        0.01
2025-11-04 00:26:18      867.37       17.70       28.10     1348.00        4.40        1.00        7.60       29.70       -1.00        0.80        4.07     3561.70        0.00        0.00        0.00        0.01        0.01        0.01        0.01        0.00        0.01
2025-11-04 00:26:19      867.46       17.70       28.00     1347.00        4.40        7.00        7.60       29.70       -1.00        0.80        4.06     3562.70        0.00        0.00        0.00        0.01        0.01        0.01        0.01        0.00        0.01
2025-11-04 00:26:20      867.49       17.70       28.00     1346.00        3.90      355.00        7.60       29.80       -1.00        0.80        4.07     3563.70        0.00        0.00        0.00        0.01        0.01        0.01        0.01        0.00        0.01
2025-11-04 00:26:22      867.17       17.70       28.20     1350.00        4.00      359.00        7.60       29.80       -1.00        0.80        4.08     3565.70        0.00        0.00        0.00        0.01        0.01        0.01        0.01        0.00        0.01
2025-11-04 00:26:24      867.22       17.70       28.00     1349.00        3.90      349.00        7.60       29.80       -1.00        0.80        4.06     3567.70        0.00        0.00        0.00        0.01        0.01        0.01        0.01        0.00        0.01
2025-11-04 00:26:25      867.04       17.60       27.90     1351.00        3.60      357.00        7.60       29.70       -1.10        0.80        4.03     3568.70        0.00        0.00        0.00        0.01        0.01        0.01        0.01        0.00        0.01
2025-11-04 00:26:26      867.11       17.50       28.00     1350.00        3.60      355.00        7.60       29.60       -1.20        0.80        4.01     3569.70        0.00        0.00        0.00        0.01        0.01        0.01        0.01        0.00        0.01
2025-11-04 00:26:28      867.13       17.80       28.10     1350.00        3.90        6.00        7.60       29.90       -0.90        0.80        4.11     3571.70        0.00        0.00        0.00        0.01        0.01        0.01        0.01        0.00        0.01
2025-11-04 00:26:29      866.96       17.80       28.10     1352.00        4.00      354.00        7.60       29.90       -0.90        0.80        4.11     3572.70        0.00        0.00        0.00        0.01        0.01        0.01        0.01        0.00        0.01
2025-11-04 00:26:32      866.49       17.90       28.00     1356.00        4.30      358.00        7.60       30.00       -0.90        0.80        4.11     3575.60        0.00        0.00        0.00        0.01        0.01        0.01        0.01        0.00        0.01
2025-11-04 00:26:33      866.49       17.80       28.00     1356.00        4.40      359.00        7.60       30.00       -0.90        0.80        4.10     3576.60        0.00        0.00        0.00        0.01        0.01        0.01        0.01        0.00        0.01
2025-11-04 00:26:35      866.63       17.80       28.00     1355.00        4.40        2.00        7.60       30.00       -0.90        0.80        4.10     3578.60        0.00        0.00        0.00        0.01        0.01        0.01        0.01        0.00        0.01
2025-11-04 00:26:36      866.33       17.90       28.00     1358.00        4.70      357.00        7.50       30.00       -0.90        0.80        4.12     3579.60        0.00        0.00        0.00        0.01        0.01        0.01        0.01        0.00        0.01
2025-11-04 00:26:39      866.25       17.80       28.10     1359.00        4.70      360.00        7.50       30.00       -0.90        0.80        4.11     3582.60        0.00        0.00        0.00        0.01        0.01        0.01        0.01        0.00        0.01
2025-11-04 00:26:40      866.26       17.80       28.10     1359.00        4.40      351.00        7.50       30.00       -0.90        0.80        4.12     3583.60        0.00        0.00        0.00        0.01        0.01        0.01        0.01        0.00        0.01
2025-11-04 00:26:43      866.12       17.80       28.00     1360.00        4.00      345.00        7.50       30.00       -0.90        0.80        4.09     3586.60        0.00        0.00        0.00        0.01        0.01        0.01        0.01        0.00        0.01
2025-11-04 00:26:45      865.56       17.80       28.10     1366.00        4.20      358.00        7.50       30.00       -0.90        0.80        4.11     3588.60        0.00        0.00        0.00        0.01        0.01        0.01        0.01        0.00        0.01
2025-11-04 00:26:46      865.52       17.80       28.10     1366.00        4.00        2.00        7.50       30.10       -0.80        0.80        4.13     3589.60        0.00        0.00        0.00        0.01        0.01        0.01        0.01        0.00        0.01
2025-11-04 00:26:47      865.96       17.90       28.20     1362.00        3.80      356.00        7.50       30.10       -0.80        0.81        4.14     3590.60        0.00        0.00        0.00        0.01        0.01        0.01        0.01        0.00        0.01
2025-11-04 00:26:48      865.83       17.80       28.00     1363.00        3.50      357.00        7.50       30.10       -0.90        0.80        4.10     3591.60        0.00        0.00        0.00        0.01        0.01        0.01        0.01        0.00        0.01
2025-11-04 00:26:49      866.12       18.00       28.00     1360.00        3.50        8.00        7.50       30.20       -0.80        0.81        4.14     3592.60        0.00        0.00        0.00        0.01        0.01        0.01        0.01        0.00        0.01
2025-11-04 00:26:51      865.36       17.80       28.10     1368.00        4.40      358.00        7.50       30.10       -0.90        0.80        4.11     3594.60        0.00        0.00        0.00        0.01        0.01        0.01        0.01        0.00        0.01
2025-11-04 00:26:53      865.39       17.90       28.20     1367.00        4.50        7.00        7.50       30.20       -0.70        0.81        4.16     3596.60        0.00        0.00        0.00        0.01        0.01        0.01        0.01        0.00        0.01
2025-11-04 00:26:54      865.30       17.90       28.10     1368.00        4.60        1.00        7.50       30.10       -0.80        0.81        4.13     3597.60        0.00        0.00        0.00        0.01        0.01        0.01        0.01        0.00        0.01
2025-11-04 00:26:55      865.33       18.10       28.30     1368.00        4.90        7.00        7.50       30.30       -0.50        0.81        4.23     3598.60        0.00        0.00        0.00        0.01        0.01        0.01        0.01        0.00        0.01
2025-11-04 00:26:56      865.28       18.00       28.10     1368.00        4.90        8.00        7.50       30.30       -0.70        0.81        4.18     3599.60        0.00        0.00        0.00        0.01        0.01        0.01        0.01        0.00        0.01
2025-11-04 00:26:58      865.29       17.70       27.90     1368.00        4.80        5.00        7.50       30.00       -1.00        0.80        4.05     3601.60        0.00        0.00        0.00        0.01        0.01        0.01        0.01        0.00        0.01
2025-11-04 00:27:01      864.85       17.60       27.90     1373.00        4.20      346.00        7.50       29.90       -1.10        0.80        4.02     3604.60        0.00        0.00        0.00        0.01        0.01        0.01        0.01        0.00        0.01
2025-11-04 00:27:02      864.98       17.50       27.90     1371.00        4.00      338.00        7.50       29.80       -1.20        0.80        3.99     3605.60        0.00        0.00        0.00        0.01        0.01        0.01        0.01        0.00        0.01
2025-11-04 00:27:03      864.83       17.40       27.80     1373.00        3.90      336.00        7.50       29.70       -1.40        0.80        3.94     3606.60        0.00        0.00        0.00        0.01        0.01        0.01        0.01        0.00        0.01
2025-11-04 00:27:04      865.03       17.40       27.80     1371.00        3.80      329.00        7.50       29.70       -1.40        0.80        3.95     3607.60        0.00        0.00        0.00        0.01        0.01        0.01        0.01        0.00        0.01
2025-11-04 00:27:05      864.85       17.20       27.90     1373.00        3.80      341.00        7.50       29.50       -1.50        0.80        3.91     3608.60        0.00        0.00        0.00        0.01        0.01        0.01        0.01        0.00        0.01
2025-11-04 00:27:06      864.99       17.30       27.90     1371.00        3.70      349.00        7.50       29.60       -1.40        0.80        3.94     3609.60        0.00        0.00        0.00        0.01        0.01        0.01        0.01        0.00        0.01
2025-11-04 00:27:07      864.65       17.40       28.00     1374.00        3.60      330.00        7.50       29.70       -1.30        0.80        3.98     3610.60        0.00        0.00        0.00        0.01        0.01        0.01        0.01        0.00        0.01
2025-11-04 00:27:08      864.66       17.30       28.10     1374.00        3.40      321.00        7.50       29.70       -1.30        0.80        3.99     3611.60        0.00        0.00        0.00        0.01        0.01        0.01        0.01        0.00        0.01
2025-11-04 00:27:09      864.48       17.30       28.20     1376.00        3.40      315.00        7.50       29.60       -1.30        0.80        3.99     3612.60        0.00        0.00        0.00        0.01        0.01        0.01        0.01        0.00        0.01
2025-11-04 00:27:10      864.83       17.40       28.20     1373.00        3.50      300.00        7.50       29.70       -1.20        0.80        4.01     3613.60        0.00        0.00        0.00        0.01        0.01        0.01        0.01        0.00        0.01
2025-11-04 00:27:11      864.34       17.20       28.10     1378.00        4.10      275.00        7.50       29.60       -1.30        0.80        3.96     3614.60        0.00        0.00        0.00        0.01        0.01        0.01        0.01        0.00        0.01
2025-11-04 00:27:12      864.36       17.30       28.10     1377.00        4.20      285.00        7.50       29.60       -1.30        0.80        3.96     3615.60        0.00        0.00        0.00        0.01        0.01        0.01        0.01        0.00        0.01
2025-11-04 00:27:13      864.11       17.20       28.10     1380.00        4.40      286.00        7.50       29.50       -1.40        0.80        3.94     3616.60        0.00        0.00        0.00        0.01        0.01        0.01        0.01        0.00        0.01
2025-11-04 00:27:14      864.33       17.20       28.10     1378.00        4.30      290.00        7.50       29.50       -1.40        0.80        3.94     3617.60        0.00        0.00        0.00        0.01        0.01        0.01        0.01        0.00        0.01
2025-11-04 00:27:15      864.46       17.10       28.00     1376.00        4.20      298.00        7.50       29.50       -1.50        0.80        3.92     3618.60        0.00        0.00        0.00        0.01        0.01        0.01        0.01        0.00        0.01
2025-11-04 00:27:16      864.22       17.10       28.10     1379.00        4.20      309.00        7.50       29.50       -1.40        0.80        3.93     3619.60        0.00        0.00        0.00        0.01        0.01        0.01        0.01        0.00        0.01
2025-11-04 00:27:17      864.06       17.10       28.20     1380.00        4.20      305.00        7.50       29.50       -1.40        0.80        3.94     3620.60        0.00        0.00        0.00        0.01        0.01        0.01        0.01        0.00        0.01
2025-11-04 00:27:18      864.13       17.10       28.10     1380.00        4.40      318.00        7.50       29.50       -1.50        0.80        3.92     3621.60        0.00        0.00        0.00        0.01        0.01        0.01        0.01        0.00        0.01
2025-11-04 00:27:19      864.21       17.20       28.20     1379.00        4.40      324.00        7.50       29.50       -1.40        0.80        3.95     3622.60        0.00        0.00        0.00        0.01        0.01        0.01        0.01        0.00        0.01
2025-11-04 00:27:20      864.02       17.10       28.20     1381.00        4.40      330.00        7.50       29.50       -1.40        0.80        3.93     3623.60        0.00        0.00        0.00        0.01        0.01        0.01        0.01        0.00        0.01
2025-11-04 00:27:21      863.95       17.10       28.20     1381.00        4.40      327.00        7.50       29.50       -1.40        0.80        3.94     3624.60        0.00        0.00        0.00        0.01        0.01        0.01        0.01        0.00        0.01
2025-11-04 00:27:24      863.92       17.10       28.40     1382.00        4.10      316.00        7.50       29.50       -1.30        0.80        3.97     3627.60        0.00        0.00        0.00        0.01        0.01        0.01        0.01        0.00        0.01
2025-11-04 00:27:28      863.61       17.20       28.70     1385.00        4.40      311.00        7.50       29.70       -1.10        0.80        4.06     3631.60        0.00        0.00        0.00        0.01        0.01        0.01        0.01        0.00        0.01
2025-11-04 00:27:29      863.35       17.20       28.60     1387.00        4.70      291.00        7.50       29.70       -1.10        0.80        4.04     3632.60        0.00        0.00        0.00        0.01        0.01        0.01        0.01        0.00        0.01
2025-11-04 00:27:30      863.52       17.20       28.70     1386.00        4.40      317.00        7.50       29.70       -1.10        0.80        4.05     3633.60        0.00        0.00        0.00        0.01        0.01        0.01        0.01        0.00        0.01
2025-11-04 00:27:31      863.42       17.20       28.60     1387.00        4.30      314.00        7.50       29.60       -1.20        0.80        4.03     3634.60        0.00        0.00        0.00        0.01        0.01        0.01        0.01        0.00        0.01
2025-11-04 00:27:32      863.31       17.30       28.70     1388.00        4.40      346.00        7.50       29.70       -1.10        0.80        4.06     3635.60        0.00        0.00        0.00        0.01        0.01        0.01        0.01        0.00        0.01
2025-11-04 00:27:33      863.33       17.30       28.80     1388.00        4.20      331.00        7.50       29.80       -1.00        0.80        4.09     3636.60        0.00        0.00        0.00        0.01        0.01        0.01        0.01        0.00        0.01
2025-11-04 00:27:35      863.18       17.10       28.50     1389.00        4.20      334.00        7.50       29.60       -1.20        0.80        4.01     3638.60        0.00        0.00        0.00        0.01        0.01        0.01        0.01        0.00        0.01
2025-11-04 00:27:36      863.28       17.20       28.60     1388.00        4.40      343.00        7.50       29.60       -1.20        0.80        4.02     3639.60        0.00        0.00        0.00        0.01        0.01        0.01        0.01        0.00        0.01
2025-11-04 00:27:37      863.03       17.10       28.60     1390.00        4.40      314.00        7.50       29.60       -1.20        0.80        4.01     3640.60        0.00        0.00        0.00        0.01        0.01        0.01        0.01        0.00        0.01
2025-11-04 00:27:38      863.01       17.10       28.70     1391.00        4.90      357.00        7.50       29.60       -1.20        0.80        4.01     3641.60        0.00        0.00        0.00        0.01        0.01        0.01        0.01        0.00        0.01
2025-11-04 00:27:39      863.02       17.10       28.70     1391.00        5.60      349.00        7.50       29.50       -1.20        0.80        4.00     3642.60        0.00        0.00        0.00        0.01        0.01        0.01        0.01        0.00        0.01
2025-11-04 00:27:40      862.73       17.10       28.70     1393.00        4.50      287.00        7.50       29.60       -1.10        0.80        4.03     3643.60        0.00        0.00        0.00        0.01        0.01        0.01        0.01        0.00        0.01
2025-11-04 00:27:41      863.03       17.10       28.70     1390.00        4.50      305.00        7.50       29.60       -1.10        0.80        4.03     3644.60        0.00        0.00        0.00        0.01        0.01        0.01        0.01        0.00        0.01
2025-11-04 00:27:43      863.01       17.10       28.80     1391.00        4.40      282.00        7.50       29.50       -1.20        0.80        4.02     3646.60        0.00        0.00        0.00        0.01        0.01        0.01        0.01        0.00        0.01
2025-11-04 00:27:45      862.50       17.00       28.70     1396.00        4.80      282.00        7.50       29.50       -1.20        0.80        4.00     3648.60        0.00        0.00        0.00        0.01        0.01        0.01        0.01        0.00        0.01
2025-11-04 00:27:46      862.34       17.10       28.80     1397.00        4.80      260.00        7.50       29.60       -1.20        0.80        4.03     3649.60        0.00        0.00        0.00        0.01        0.01        0.01        0.01        0.00        0.01
2025-11-04 00:27:47      862.65       17.10       28.80     1394.00        4.50      257.00        7.50       29.60       -1.10        0.80        4.04     3650.60        0.00        0.00        0.00        0.01        0.01        0.01        0.01        0.00        0.01
2025-11-04 00:27:48      862.53       17.10       28.80     1395.00        4.20      305.00        7.50       29.60       -1.20        0.80        4.03     3651.60        0.00        0.00        0.00        0.01        0.01        0.01        0.01        0.00        0.01
2025-11-04 00:27:49      862.43       17.10       28.80     1396.00        4.30      319.00        7.50       29.60       -1.10        0.80        4.03     3652.60        0.00        0.00        0.00        0.01        0.01        0.01        0.01        0.00        0.01
2025-11-04 00:27:51      862.43       16.90       28.90     1396.00        4.10      270.00        7.50       29.50       -1.20        0.80        4.00     3654.60        0.00        0.00        0.00        0.01        0.01        0.01        0.01        0.00        0.01
2025-11-04 00:27:52      862.43       17.00       28.90     1396.00        3.90      286.00        7.50       29.60       -1.10        0.80        4.04     3655.60        0.00        0.00        0.00        0.01        0.01        0.01        0.01        0.00        0.01
2025-11-04 00:27:56      861.95       17.00       28.80     1401.00        4.30      330.00        7.50       29.60       -1.20        0.80        4.01     3659.60        0.00        0.00        0.00        0.01        0.01        0.01        0.01        0.00        0.01
2025-11-04 00:27:57      862.03       17.10       28.80     1400.00        4.30      328.00        7.50       29.70       -1.10        0.80        4.05     3660.60        0.00        0.00        0.00        0.01        0.01        0.01        0.01        0.00        0.01
2025-11-04 00:27:58      861.96       17.10       28.80     1401.00        4.60      310.00        7.50       29.60       -1.10        0.80        4.04     3661.60        0.00        0.00        0.00        0.01        0.01        0.01        0.01        0.00        0.01
2025-11-04 00:27:59      862.14       17.10       28.90     1399.00        4.70      322.00        7.50       29.60       -1.10        0.80        4.04     3662.60        0.00        0.00        0.00        0.01        0.01        0.01        0.01        0.00        0.01
2025-11-04 00:28:01      861.90       17.10       28.90     1402.00        4.80      320.00        7.50       29.70       -1.10        0.80        4.05     3664.60        0.00        0.00        0.00        0.01        0.01        0.01        0.01        0.00        0.01
2025-11-04 00:28:03      861.78       17.00       28.80     1403.00        4.50      325.00        7.50       29.60       -1.20        0.80        4.03     3666.60        0.00        0.00        0.00        0.01        0.01        0.01        0.01        0.00        0.01
2025-11-04 00:28:04      861.59       17.00       28.90     1405.00        4.60      322.00        7.50       29.70       -1.20        0.80        4.03     3667.60        0.00        0.00        0.00        0.01        0.01        0.01        0.01        0.00        0.01
2025-11-04 00:28:06      861.53       17.10       28.90     1405.00        4.60      337.00        7.50       29.70       -1.10        0.80        4.05     3669.60        0.00        0.00        0.00        0.01        0.01        0.01        0.01        0.00        0.01
2025-11-04 00:28:07      861.64       17.00       28.90     1404.00        4.60      329.00        7.50       29.70       -1.20        0.80        4.03     3670.60        0.00        0.00        0.00        0.01        0.01        0.01        0.01        0.00        0.01
2025-11-04 00:28:08      861.48       17.00       28.90     1406.00        4.60      328.00        7.50       29.60       -1.20        0.80        4.03     3671.60        0.00        0.00        0.00        0.01        0.01        0.01        0.01        0.00        0.01
2025-11-04 00:28:09      861.34       17.00       28.90     1407.00        5.00      305.00        7.50       29.60       -1.20        0.80        4.02     3672.60        0.00        0.00        0.00        0.01        0.01        0.01        0.01        0.00        0.01
2025-11-04 00:28:13      860.97       17.00       29.10     1411.00        5.40      321.00        7.50       29.60       -1.10        0.80        4.05     3676.50        0.00        0.00        0.00        0.01        0.01        0.01        0.01        0.00        0.01
2025-11-04 00:28:15      861.11       16.90       29.10     1409.00        5.10      360.00        7.50       29.50       -1.20        0.80        4.03     3678.50        0.00        0.00        0.00        0.01        0.01        0.01        0.01        0.00        0.01
2025-11-04 00:28:16      860.83       16.90       29.10     1412.00        4.60      342.00        7.50       29.60       -1.20        0.80        4.03     3679.50        0.00        0.00        0.00        0.01        0.01        0.01        0.01        0.00        0.01
2025-11-04 00:28:17      860.78       16.80       29.10     1413.00        4.40      342.00        7.50       29.50       -1.20        0.80        4.02     3680.50        0.00        0.00        0.00        0.01        0.01        0.01        0.01        0.00        0.01
2025-11-04 00:28:24      860.38       16.60       29.20     1417.00        3.40      346.00        7.50       29.40       -1.30        0.80        3.98     3687.50        0.00        0.00        0.00        0.01        0.01        0.01        0.01        0.00        0.01
2025-11-04 00:28:25      860.41       16.70       29.10     1416.00        3.10      354.00        7.50       29.40       -1.30        0.80        3.98     3688.50        0.00        0.00        0.00        0.01        0.01        0.01        0.01        0.00        0.01
2025-11-04 00:28:29      860.17       16.70       29.10     1419.00        3.60      331.00        7.50       29.50       -1.30        0.80        3.98     3692.50        0.00        0.00        0.00        0.01        0.01        0.01        0.01        0.00        0.01
2025-11-04 00:28:30      860.09       16.90       29.00     1419.00        3.50      344.00        7.50       29.60       -1.20        0.80        4.01     3693.50        0.00        0.00        0.00        0.01        0.01        0.01        0.01        0.00        0.01
2025-11-04 00:28:31      860.02       16.90       28.90     1420.00        3.50      339.00        7.50       29.60       -1.30        0.80        4.00     3694.50        0.00        0.00        0.00        0.01        0.01        0.01        0.01        0.00        0.01
2025-11-04 00:28:32      859.91       16.90       29.00     1421.00        3.60      341.00        7.50       29.60       -1.30        0.80        4.01     3695.50        0.00        0.00        0.00        0.01        0.01        0.01        0.01        0.00        0.01
2025-11-04 00:28:33      860.07       16.80       29.10     1420.00        3.60      340.00        7.50       29.60       -1.20        0.80        4.01     3696.50        0.00        0.00        0.00        0.01        0.01        0.01        0.01        0.00        0.01
2025-11-04 00:28:37      859.53       16.70       29.00     1425.00        4.20      311.00        7.50       29.50       -1.40        0.80        3.98     3700.50        0.00        0.00        0.00        0.01        0.01        0.01        0.01        0.00        0.01
2025-11-04 00:28:38      859.70       16.70       29.00     1423.00        4.20      316.00        7.50       29.50       -1.40        0.80        3.97     3701.50        0.00        0.00        0.00        0.01        0.01        0.01        0.01        0.00        0.01
2025-11-04 00:28:39      859.55       16.80       29.10     1425.00        4.20      304.00        7.50       29.60       -1.30        0.80        4.00     3702.50        0.00        0.00        0.00        0.01        0.01        0.01        0.01        0.00        0.01
2025-11-04 00:28:41      859.72       16.70       29.10     1423.00        4.00      313.00        7.50       29.50       -1.30        0.80        4.00     3704.50        0.00        0.00        0.00        0.01        0.01        0.01        0.01        0.00        0.01
2025-11-04 00:28:42      859.47       16.70       29.20     1426.00        4.00      316.00        7.50       29.50       -1.30        0.80        4.00     3705.50        0.00        0.00        0.00        0.01        0.01        0.01        0.01        0.00        0.01
2025-11-04 00:28:44      859.23       16.70       29.10     1428.00        3.60      316.00        7.50       29.60       -1.30        0.80        3.99     3707.50        0.00        0.00        0.00        0.01        0.01        0.01        0.01        0.00        0.01
2025-11-04 00:28:45      859.15       16.70       29.20     1429.00        3.60      328.00        7.50       29.50       -1.30        0.80        3.99     3708.50        0.00        0.00        0.00        0.01        0.01        0.01        0.01        0.00        0.01
2025-11-04 00:28:46      859.48       16.70       29.10     1426.00        3.70      329.00        7.50       29.50       -1.30        0.80        3.99     3709.50        0.00        0.00        0.00        0.01        0.01        0.01        0.01        0.00        0.01
2025-11-04 00:28:48      859.17       16.70       29.20     1429.00        3.90      340.00        7.50       29.50       -1.30        0.80        4.00     3711.50        0.00        0.00        0.00        0.01        0.01        0.01        0.01        0.00        0.01
2025-11-04 00:28:49      859.29       16.70       29.10     1427.00        3.70      328.00        7.50       29.60       -1.30        0.80        3.99     3712.50        0.00        0.00        0.00        0.01        0.01        0.01        0.01        0.00        0.01
2025-11-04 00:28:51      859.03       16.60       29.10     1430.00        4.20      328.00        7.50       29.50       -1.40        0.80        3.97     3714.50        0.00        0.00        0.00        0.01        0.01        0.01        0.01        0.00        0.01
2025-11-04 00:28:52      858.82       16.60       29.10     1432.00        4.30      321.00        7.50       29.50       -1.40        0.80        3.95     3715.50        0.00        0.00        0.00        0.01        0.01        0.01        0.01        0.00        0.01
2025-11-04 00:28:53      858.79       16.70       29.20     1432.00        4.80      323.00        7.50       29.50       -1.30        0.80        3.98     3716.50        0.00        0.00        0.00        0.01        0.01        0.01        0.01        0.00        0.01
2025-11-04 00:28:54      858.80       16.60       29.20     1432.00        4.70      339.00        7.50       29.50       -1.40        0.80        3.98     3717.50        0.00        0.00        0.00        0.01        0.01        0.01        0.01        0.00        0.01
2025-11-04 00:28:55      858.97       16.70       29.30     1431.00        4.60      333.00        7.50       29.60       -1.20        0.80        4.02     3718.50        0.00        0.00        0.00        0.01        0.01        0.01        0.01        0.00        0.01
2025-11-04 00:28:56      858.70       16.70       29.40     1433.00        4.20      332.00        7.50       29.50       -1.30        0.80        4.01     3719.50        0.00        0.00        0.00        0.01        0.01        0.01        0.01        0.00        0.01
2025-11-04 00:28:57      858.55       16.80       29.50     1435.00        3.90      334.00        7.50       29.70       -1.10        0.80        4.06     3720.50        0.00        0.00        0.00        0.01        0.01        0.01        0.01        0.00        0.01
2025-11-04 00:29:00      858.27       16.70       29.40     1438.00        3.80      358.00        7.50       29.60       -1.20        0.80        4.03     3723.50        0.00        0.00        0.00        0.01        0.01        0.01        0.01        0.00        0.01
2025-11-04 00:29:01      858.16       16.70       29.40     1439.00        3.80      355.00        7.50       29.70       -1.20        0.80        4.05     3724.50        0.00        0.00        0.00        0.01        0.01        0.01        0.01        0.00        0.01
2025-11-04 00:29:02      858.53       16.80       29.50     1435.00        4.10      359.00        7.50       29.70       -1.10        0.80        4.06     3725.50        0.00        0.00        0.00        0.01        0.01        0.01        0.01        0.00        0.01
2025-11-04 00:29:03      858.03       16.80       29.50     1440.00        4.50      346.00        7.50       29.70       -1.10        0.80        4.07     3726.50        0.00        0.00        0.00        0.01        0.01        0.01        0.01        0.00        0.01
2025-11-04 00:29:04      858.06       16.70       29.50     1440.00        4.80      343.00        7.50       29.70       -1.10        0.80        4.06     3727.50        0.00        0.00        0.00        0.01        0.01        0.01        0.01        0.00        0.01
2025-11-04 00:29:05      858.34       16.70       29.50     1437.00        4.90      335.00        7.50       29.60       -1.20        0.80        4.05     3728.50        0.00        0.00        0.00        0.01        0.01        0.01        0.01        0.00        0.01
2025-11-04 00:29:06      857.89       16.70       29.30     1441.00        4.90      313.00        7.50       29.70       -1.20        0.80        4.02     3729.50        0.00        0.00        0.00        0.01        0.01        0.01        0.01        0.00        0.01
2025-11-04 00:29:08      858.00       16.70       29.40     1440.00        4.50      342.00        7.50       29.60       -1.20        0.80        4.02     3731.50        0.00        0.00        0.00        0.01        0.01        0.01        0.01        0.00        0.01
2025-11-04 00:29:09      857.81       16.80       29.60     1442.00        4.00      326.00        7.50       29.80       -1.10        0.80        4.08     3732.50        0.00        0.00        0.00        0.01        0.01        0.01        0.01        0.00        0.01
2025-11-04 00:29:10      857.93       16.70       29.60     1441.00        3.70      345.00        7.50       29.60       -1.10        0.80        4.05     3733.50        0.00        0.00        0.00        0.01        0.01        0.01        0.01        0.00        0.01
2025-11-04 00:29:11      858.03       16.80       29.60     1440.00        3.70      340.00        7.50       29.70       -1.10        0.80        4.08     3734.50        0.00        0.00        0.00        0.01        0.01        0.01        0.01        0.00        0.01
2025-11-04 00:29:12      857.83       16.80       29.50     1442.00        3.50      347.00        7.50       29.70       -1.10        0.80        4.06     3735.50        0.00        0.00        0.00        0.01        0.01        0.01        0.01        0.00        0.01
2025-11-04 00:29:13      857.89       16.80       29.40     1441.00        3.40      348.00        7.50       29.80       -1.20        0.80        4.05     3736.50        0.00        0.00        0.00        0.01        0.01        0.01        0.01        0.00        0.01
2025-11-04 00:29:14      857.71       16.70       29.30     1443.00        3.40      343.00        7.50       29.70       -1.20        0.80        4.03     3737.50        0.00        0.00        0.00        0.01        0.01        0.01        0.01        0.00        0.01
2025-11-04 00:29:15      857.60       16.70       29.40     1444.00        3.30      345.00        7.50       29.70       -1.20        0.80        4.03     3738.50        0.00        0.00        0.00        0.01        0.01        0.01        0.01        0.00        0.01
2025-11-04 00:29:17      857.62       16.70       29.30     1444.00        3.50      342.00        7.50       29.70       -1.30        0.80        4.02     3740.50        0.00        0.00        0.00        0.01        0.01        0.01        0.01        0.00        0.01
2025-11-04 00:29:18      857.44       16.60       29.30     1446.00        3.80      347.00        7.50       29.60       -1.30        0.80        3.99     3741.50        0.00        0.00        0.00        0.01        0.01        0.01        0.01        0.00        0.01
2025-11-04 00:29:20      857.40       16.60       29.30     1446.00        3.90      344.00        7.50       29.60       -1.40        0.80        3.98     3743.50        0.00        0.00        0.00        0.01        0.01        0.01        0.01        0.00        0.01
2025-11-04 00:29:21      857.27       16.60       29.40     1447.00        4.10      341.00        7.50       29.60       -1.30        0.80        4.00     3744.50        0.00        0.00        0.00        0.01        0.01        0.01        0.01        0.00        0.01
2025-11-04 00:29:22      857.24       16.50       29.40     1448.00        4.10      329.00        7.50       29.60       -1.30        0.80        3.99     3745.50        0.00        0.00        0.00        0.01        0.01        0.01        0.01        0.00        0.01
2025-11-04 00:29:24      857.38       16.60       29.50     1446.00        4.10      342.00        7.50       29.60       -1.30        0.80        4.01     3747.50        0.00        0.00        0.00        0.01        0.01        0.01        0.01        0.00        0.01
2025-11-04 00:29:27      857.18       16.50       29.50     1448.00        3.90      344.00        7.50       29.60       -1.30        0.80        4.01     3750.50        0.00        0.00        0.00        0.01        0.01        0.01        0.01        0.00        0.01
2025-11-04 00:29:28      857.16       16.50       29.40     1449.00        4.00      357.00        7.50       29.60       -1.40        0.80        3.99     3751.50        0.00        0.00        0.00        0.01        0.01        0.01        0.01        0.00        0.01
2025-11-04 00:29:30      856.83       16.50       29.20     1452.00        4.20      356.00        7.50       29.50       -1.50        0.80        3.95     3753.50        0.00        0.00        0.00        0.01        0.01        0.01        0.01        0.00        0.01
2025-11-04 00:29:31      856.80       16.50       29.30     1452.00        4.10      349.00        7.50       29.60       -1.40        0.80        3.96     3754.50        0.00        0.00        0.00        0.01        0.01        0.01        0.01        0.00        0.01
2025-11-04 00:29:31      856.54       16.50       29.30     1455.00        3.80      360.00        7.50       29.60       -1.40        0.80        3.96     3755.50        0.00        0.00        0.00        0.01        0.01        0.01        0.01        0.00        0.01
2025-11-04 00:29:33      856.48       16.50       29.30     1455.00        3.80        2.00        7.50       29.60       -1.40        0.80        3.96     3756.50        0.00        0.00        0.00        0.01        0.01        0.01        0.01        0.00        0.01
2025-11-04 00:29:34      856.62       16.50       29.40     1454.00        3.60      355.00        7.50       29.60       -1.40        0.80        3.98     3757.50        0.00        0.00        0.00        0.01        0.01        0.01        0.01        0.00        0.01
2025-11-04 00:29:35      856.62       16.50       29.40     1454.00        3.20      343.00        7.50       29.60       -1.30        0.80        4.00     3758.50        0.00        0.00        0.00        0.01        0.01        0.01        0.01        0.00        0.01
2025-11-04 00:29:36      856.42       16.50       29.20     1456.00        2.90      359.00        7.50       29.60       -1.50        0.80        3.95     3759.50        0.00        0.00        0.00        0.01        0.01        0.01        0.01        0.00        0.01
2025-11-04 00:29:37      856.52       16.50       29.30     1455.00        3.00      357.00        7.50       29.60       -1.40        0.80        3.99     3760.50        0.00        0.00        0.00        0.01        0.01        0.01        0.01        0.00        0.01
2025-11-04 00:29:38      856.74       16.50       29.20     1453.00        3.00        0.00        7.50       29.60       -1.50        0.80        3.95     3761.50        0.00        0.00        0.00        0.01        0.01        0.01        0.01        0.00        0.01
2025-11-04 00:29:39      856.40       16.50       29.20     1456.00        3.20        0.00        7.50       29.70       -1.50        0.80        3.96     3762.50        0.00        0.00        0.00        0.01        0.01        0.01        0.01        0.00        0.01
2025-11-04 00:29:40      856.49       16.50       29.10     1455.00        3.20      345.00        7.50       29.60       -1.50        0.80        3.93     3763.50        0.00        0.00        0.00        0.01        0.01        0.01        0.01        0.00        0.01
2025-11-04 00:29:41      856.36       16.40       29.10     1457.00        3.10      349.00        7.50       29.50       -1.60        0.80        3.91     3764.50        0.00        0.00        0.00        0.01        0.01        0.01        0.01        0.00        0.01
2025-11-04 00:29:42      856.48       16.50       29.00     1455.00        3.10      348.00        7.50       29.60       -1.60        0.80        3.92     3765.50        0.00        0.00        0.00        0.01        0.01        0.01        0.01        0.00        0.01
2025-11-04 00:29:44      856.29       16.50       29.00     1457.00        3.20      357.00        7.50       29.70       -1.50        0.80        3.93     3767.50        0.00        0.00        0.00        0.01        0.01        0.01        0.01        0.00        0.01
2025-11-04 00:29:47      856.09       16.50       29.00     1459.00        3.20      357.00        7.50       29.70       -1.60        0.80        3.93     3770.50        0.00        0.00        0.00        0.01        0.01        0.01        0.01        0.00        0.01
2025-11-04 00:29:48      855.99       16.50       28.90     1460.00        3.40        4.00        7.50       29.70       -1.60        0.80        3.92     3771.50        0.00        0.00        0.00        0.01        0.01        0.01        0.01        0.00        0.01
2025-11-04 00:29:49      855.87       16.40       28.90     1461.00        3.40        2.00        7.50       29.60       -1.70        0.80        3.90     3772.50        0.00        0.00        0.00        0.01        0.01        0.01        0.01        0.00        0.01
2025-11-04 00:29:50      855.86       16.40       28.90     1461.00        3.60        3.00        7.50       29.60       -1.70        0.80        3.88     3773.50        0.00        0.00        0.00        0.01        0.01        0.01        0.01        0.00        0.01
2025-11-04 00:29:51      856.28       16.50       29.00     1457.00        3.80      357.00        7.50       29.60       -1.60        0.80        3.92     3774.50        0.00        0.00        0.00        0.01        0.01        0.01        0.01        0.00        0.01
2025-11-04 00:29:52      856.10       16.50       29.00     1459.00        3.80      349.00        7.50       29.60       -1.60        0.80        3.92     3775.50        0.00        0.00        0.00        0.01        0.01        0.01        0.01        0.00        0.01
2025-11-04 00:29:53      855.73       16.40       29.00     1463.00        3.80      346.00        7.50       29.60       -1.60        0.80        3.91     3776.50        0.00        0.00        0.00        0.01        0.01        0.01        0.01        0.00        0.01
2025-11-04 00:29:54      856.01       16.40       29.10     1460.00        3.80      350.00        7.50       29.50       -1.60        0.80        3.90     3777.50        0.00        0.00        0.00        0.01        0.01        0.01        0.01        0.00        0.01
2025-11-04 00:29:55      855.85       16.40       29.10     1462.00        3.70      350.00        7.50       29.60       -1.60        0.80        3.92     3778.40        0.00        0.00        0.00        0.01        0.01        0.01        0.01        0.00        0.01
2025-11-04 00:29:56      855.90       16.40       29.10     1461.00        3.70      350.00        7.50       29.60       -1.60        0.80        3.92     3779.40        0.00        0.00        0.00        0.01        0.01        0.01        0.01        0.00        0.01
2025-11-04 00:29:57      855.71       16.40       29.10     1463.00        3.80      348.00        7.50       29.60       -1.60        0.80        3.91     3780.40        0.00        0.00        0.00        0.01        0.01        0.01        0.01        0.00        0.01
2025-11-04 00:29:58      855.76       16.40       29.10     1462.00        3.80      348.00        7.50       29.50       -1.60        0.80        3.91     3781.40        0.00        0.00        0.00        0.01        0.01        0.01        0.01        0.00        0.01
2025-11-04 00:29:59      855.50       16.40       29.10     1465.00        3.90      347.00        7.50       29.60       -1.60        0.80        3.92     3782.40        0.00        0.00        0.00        0.01        0.01        0.01        0.01        0.00        0.01
2025-11-04 00:30:00      855.55       16.30       29.10     1465.00        3.90      352.00        7.50       29.50       -1.70        0.80        3.90     3783.40        0.00        0.00        0.00        0.01        0.01        0.01        0.01        0.00        0.01
2025-11-04 00:30:01      855.68       16.40       29.10     1463.00        3.80      349.00        7.50       29.60       -1.60        0.80        3.93     3784.40        0.00        0.00        0.00        0.01        0.01        0.01        0.01        0.00        0.01
2025-11-04 00:30:02      855.57       16.40       29.10     1464.00        3.80      349.00        7.50       29.60       -1.60        0.80        3.92     3785.40        0.00        0.00        0.00        0.01        0.01        0.01        0.01        0.00        0.01
2025-11-04 00:30:03      855.57       16.40       29.20     1464.00        3.90      346.00        7.50       29.60       -1.60        0.80        3.92     3786.40        0.00        0.00        0.00        0.01        0.01        0.01        0.01        0.00        0.01
2025-11-04 00:30:04      855.61       16.40       29.10     1464.00        3.80      355.00        7.50       29.60       -1.60        0.80        3.91     3787.40        0.00        0.00        0.00        0.01        0.01        0.01        0.01        0.00        0.01
2025-11-04 00:30:08      855.30       16.40       29.20     1467.00        4.10      348.00        7.50       29.60       -1.50        0.80        3.93     3791.40        0.00        0.00        0.00        0.01        0.01        0.01        0.01        0.00        0.01
2025-11-04 00:30:09      855.35       16.30       29.20     1467.00        4.10      349.00        7.50       29.50       -1.60        0.80        3.91     3792.40        0.00        0.00        0.00        0.01        0.01        0.01        0.01        0.00        0.01
2025-11-04 00:30:10      855.11       16.30       29.20     1469.00        4.10      346.00        7.50       29.50       -1.70        0.80        3.90     3793.40        0.00        0.00        0.00        0.01        0.01        0.01        0.01        0.00        0.01
2025-11-04 00:30:12      855.17       16.30       29.30     1468.00        4.20      348.00        7.50       29.60       -1.60        0.80        3.92     3795.40        0.00        0.00        0.00        0.01        0.01        0.01        0.01        0.00        0.01
2025-11-04 00:30:15      855.01       16.40       29.40     1470.00        4.20      347.00        7.50       29.60       -1.50        0.80        3.95     3798.40        0.00        0.00        0.00        0.01        0.01        0.01        0.01        0.00        0.01
2025-11-04 00:30:18      854.80       16.30       29.50     1472.00        4.20      348.00        7.50       29.60       -1.50        0.80        3.95     3801.40        0.00        0.00        0.00        0.01        0.01        0.01        0.01        0.00        0.01
2025-11-04 00:30:21      854.65       16.20       29.60     1473.00        4.40      352.00        7.50       29.50       -1.50        0.80        3.94     3804.40        0.00        0.00        0.00        0.01        0.01        0.01        0.01        0.00        0.01
2025-11-04 00:30:22      854.67       16.20       29.60     1473.00        4.50      348.00        7.50       29.50       -1.50        0.80        3.95     3805.40        0.00        0.00        0.00        0.01        0.01        0.01        0.01        0.00        0.01
2025-11-04 00:30:26      854.27       16.30       30.10     1477.00        4.30      312.00        7.50       29.70       -1.20        0.80        4.06     3809.40        0.00        0.00        0.00        0.01        0.01        0.01        0.01        0.00        0.01
2025-11-04 00:30:27      854.45       16.30       30.00     1475.00        4.30      307.00        7.50       29.70       -1.20        0.80        4.04     3810.40        0.00        0.00        0.00        0.01        0.01        0.01        0.01        0.00        0.01
2025-11-04 00:30:29      854.19       16.30       30.00     1478.00        4.00      319.00        7.50       29.70       -1.20        0.80        4.04     3812.40        0.00        0.00        0.00        0.01        0.01        0.01        0.01        0.00        0.01
2025-11-04 00:30:31      854.18       16.30       30.00     1478.00        3.80      290.00        7.50       29.60       -1.30        0.80        4.03     3814.40        0.00        0.00        0.00        0.01        0.01        0.01        0.01        0.00        0.01
2025-11-04 00:30:32      854.19       16.40       30.00     1478.00        3.70      278.00        7.50       29.70       -1.20        0.80        4.05     3815.40        0.00        0.00        0.00        0.01        0.01        0.01        0.01        0.00        0.01
2025-11-04 00:30:33      853.91       16.30       30.10     1481.00        3.60      287.00        7.50       29.70       -1.20        0.80        4.05     3816.40        0.00        0.00        0.00        0.01        0.01        0.01        0.01        0.00        0.01
2025-11-04 00:30:34      854.02       16.30       30.10     1480.00        3.50      273.00        7.50       29.70       -1.20        0.80        4.05     3817.40        0.00        0.00        0.00        0.01        0.01        0.01        0.01        0.00        0.01
2025-11-04 00:30:35      853.84       16.30       30.20     1482.00        3.50      270.00        7.50       29.70       -1.10        0.80        4.07     3818.40        0.00        0.00        0.00        0.01        0.01        0.01        0.01        0.00        0.01
2025-11-04 00:30:36      854.00       16.30       30.20     1480.00        3.30      272.00        7.50       29.70       -1.20        0.80        4.06     3819.40        0.00        0.00        0.00        0.01        0.01        0.01        0.01        0.00        0.01
2025-11-04 00:30:38      853.72       16.30       30.30     1483.00        3.20      252.00        7.50       29.60       -1.20        0.80        4.07     3821.40        0.00        0.00        0.00        0.01        0.01        0.01        0.01        0.00        0.01
2025-11-04 00:30:39      853.72       16.20       30.40     1483.00        3.30      264.00        7.50       29.60       -1.20        0.80        4.07     3822.40        0.00        0.00        0.00        0.01        0.01        0.01        0.01        0.00        0.01
2025-11-04 00:30:40      853.51       16.20       30.50     1485.00        3.30      283.00        7.50       29.60       -1.20        0.80        4.07     3823.40        0.00        0.00        0.00        0.01        0.01        0.01        0.01        0.00        0.01
2025-11-04 00:30:41      853.83       16.20       30.30     1482.00        3.20      268.00        7.50       29.60       -1.20        0.80        4.06     3824.40        0.00        0.00        0.00        0.01        0.01        0.01        0.01        0.00        0.01
2025-11-04 00:30:42      853.58       16.20       30.40     1484.00        3.00      265.00        7.50       29.60       -1.20        0.80        4.07     3825.40        0.00        0.00        0.00        0.01        0.01        0.01        0.01        0.00        0.01
2025-11-04 00:30:43      853.64       16.20       30.50     1483.00        3.10      269.00        7.50       29.60       -1.20        0.80        4.07     3826.40        0.00        0.00        0.00        0.01        0.01        0.01        0.01        0.00        0.01
2025-11-04 00:30:44      853.45       16.20       30.30     1485.00        3.10      260.00        7.50       29.60       -1.20        0.80        4.05     3827.40        0.00        0.00        0.00        0.01        0.01        0.01        0.01        0.00        0.01
2025-11-04 00:30:45      853.49       16.20       30.40     1485.00        3.10      261.00        7.50       29.50       -1.20        0.80        4.05     3828.40        0.00        0.00        0.00        0.01        0.01        0.01        0.01        0.00        0.01
2025-11-04 00:30:47      853.29       16.20       30.50     1487.00        3.10      267.00        7.50       29.60       -1.10        0.80        4.08     3830.40        0.00        0.00        0.00        0.01        0.01        0.01        0.01        0.00        0.01
2025-11-04 00:30:48      853.48       16.10       30.50     1485.00        3.10      285.00        7.50       29.50       -1.20        0.80        4.04     3831.40        0.00        0.00        0.00        0.01        0.01        0.01        0.01        0.00        0.01
2025-11-04 00:30:49      853.18       16.20       30.40     1488.00        3.10      283.00        7.50       29.60       -1.20        0.80        4.06     3832.40        0.00        0.00        0.00        0.01        0.01        0.01        0.01        0.00        0.01
2025-11-04 00:30:50      853.23       16.10       30.40     1488.00        3.00      280.00        7.50       29.50       -1.30        0.80        4.04     3833.40        0.00        0.00        0.00        0.01        0.01        0.01        0.01        0.00        0.01
2025-11-04 00:30:52      853.06       16.00       30.30     1489.00        3.10      257.00        7.50       29.50       -1.30        0.80        4.01     3835.40        0.00        0.00        0.00        0.01        0.01        0.01        0.01        0.00        0.01
2025-11-04 00:30:53      853.17       16.10       30.30     1488.00        3.10      259.00        7.50       29.50       -1.30        0.80        4.02     3836.40        0.00        0.00        0.00        0.01        0.01        0.01        0.01        0.00        0.01
2025-11-04 00:30:54      852.86       16.10       30.60     1491.00        3.10      250.00        7.50       29.60       -1.20        0.80        4.06     3837.40        0.00        0.00        0.00        0.01        0.01        0.01        0.01        0.00        0.01
2025-11-04 00:30:55      853.05       16.10       30.60     1489.00        3.20      251.00        7.50       29.50       -1.20        0.80        4.07     3838.40        0.00        0.00        0.00        0.01        0.01        0.01        0.01        0.00        0.01
2025-11-04 00:30:56      852.94       16.10       30.60     1490.00        3.20      263.00        7.50       29.60       -1.20        0.80        4.07     3839.40        0.00        0.00        0.00        0.01        0.01        0.01        0.01        0.00        0.01
2025-11-04 00:30:58      852.68       16.10       30.60     1493.00        3.40      280.00        7.50       29.50       -1.20        0.80        4.06     3841.40        0.00        0.00        0.00        0.01        0.01        0.01        0.01        0.00        0.01
2025-11-04 00:30:59      852.91       16.10       30.60     1491.00        3.40      283.00        7.50       29.50       -1.20        0.80        4.07     3842.40        0.00        0.00        0.00        0.01        0.01        0.01        0.01        0.00        0.01
2025-11-04 00:31:01      852.76       16.10       30.60     1492.00        3.40      276.00        7.50       29.60       -1.20        0.80        4.07     3844.40        0.00        0.00        0.00        0.01        0.01        0.01        0.01        0.00        0.01
2025-11-04 00:31:05      852.25       16.10       30.70     1497.00        3.20      259.00        7.50       29.60       -1.20        0.80        4.07     3848.40        0.00        0.00        0.00        0.01        0.01        0.01        0.01        0.00        0.01
2025-11-04 00:31:06      852.20       16.10       30.60     1498.00        3.10      262.00        7.50       29.60       -1.20        0.80        4.07     3849.40        0.00        0.00        0.00        0.01        0.01        0.01        0.01        0.00        0.01
2025-11-04 00:31:07      852.36       16.10       30.50     1496.00        3.10      259.00        7.50       29.60       -1.20        0.80        4.05     3850.40        0.00        0.00        0.00        0.01        0.01        0.01        0.01        0.00        0.01
2025-11-04 00:31:08      852.14       16.10       30.50     1498.00        3.10      262.00        7.50       29.60       -1.20        0.80        4.05     3851.40        0.00        0.00        0.00        0.01        0.01        0.01        0.01        0.00        0.01
2025-11-04 00:31:14      851.93       16.00       30.30     1500.00        3.10      277.00        7.50       29.60       -1.40        0.80        4.01     3857.40        0.00        0.00        0.00        0.01        0.01        0.01        0.01        0.00        0.01
2025-11-04 00:31:15      852.02       16.00       30.30     1500.00        3.10      273.00        7.50       29.60       -1.40        0.80        4.01     3858.40        0.00        0.00        0.00        0.01        0.01        0.01        0.01        0.00        0.01
2025-11-04 00:31:16      852.02       16.00       30.30     1500.00        3.00      271.00        7.50       29.50       -1.40        0.80        4.00     3859.40        0.00        0.00        0.00        0.01        0.01        0.01        0.01        0.00        0.01
2025-11-04 00:31:20      851.74       16.00       30.20     1502.00        3.10      279.00        7.50       29.50       -1.40        0.80        3.98     3863.40        0.00        0.00        0.00        0.01        0.01        0.01        0.01        0.00        0.01
2025-11-04 00:31:21      851.53       16.00       30.20     1504.00        3.00      281.00        7.50       29.60       -1.50        0.80        3.98     3864.40        0.00        0.00        0.00        0.01        0.01        0.01        0.01        0.00        0.01
2025-11-04 00:31:22      851.66       16.00       30.20     1503.00        3.00      277.00        7.50       29.60       -1.40        0.80        3.98     3865.40        0.00        0.00        0.00        0.01        0.01        0.01        0.01        0.00        0.01
2025-11-04 00:31:23      851.55       16.00       30.30     1504.00        2.90      271.00        7.50       29.60       -1.40        0.80        3.98     3866.40        0.00        0.00        0.00        0.01        0.01        0.01        0.01        0.00        0.01
2025-11-04 00:31:24      851.48       16.00       30.30     1505.00        2.80      272.00        7.50       29.60       -1.40        0.80        3.99     3867.40        0.00        0.00        0.00        0.01        0.01        0.01        0.01        0.00        0.01
2025-11-04 00:31:26      851.23       16.00       30.40     1507.00        2.70      271.00        7.50       29.60       -1.40        0.80        4.01     3869.40        0.00        0.00        0.00        0.01        0.01        0.01        0.01        0.00        0.01
2025-11-04 00:31:27      851.40       16.00       30.40     1506.00        2.70      275.00        7.50       29.60       -1.40        0.80        4.00     3870.40        0.00        0.00        0.00        0.01        0.01        0.01        0.01        0.00        0.01
2025-11-04 00:31:28      851.05       15.90       30.40     1509.00        2.80      270.00        7.50       29.60       -1.40        0.80        3.99     3871.40        0.00        0.00        0.00        0.01        0.01        0.01        0.01        0.00        0.01
2025-11-04 00:31:29      851.36       15.90       30.40     1506.00        2.80      272.00        7.50       29.50       -1.40        0.80        3.99     3872.40        0.00        0.00        0.00        0.01        0.01        0.01        0.01        0.00        0.01
2025-11-04 00:31:31      851.04       15.90       30.50     1509.00        2.80      278.00        7.50       29.50       -1.40        0.80        3.99     3874.40        0.00        0.00        0.00        0.01        0.01        0.01        0.01        0.00        0.01
2025-11-04 00:31:32      851.21       15.90       30.50     1508.00        2.80      276.00        7.50       29.50       -1.40        0.80        4.00     3875.40        0.00        0.00        0.00        0.01        0.01        0.01        0.01        0.00        0.01
2025-11-04 00:31:33      850.94       15.90       30.50     1510.00        2.70      282.00        7.50       29.50       -1.40        0.80        4.00     3876.40        0.00        0.00        0.00        0.01        0.01        0.01        0.01        0.00        0.01
2025-11-04 00:31:35      850.78       15.90       30.50     1512.00        2.70      291.00        7.50       29.50       -1.40        0.80        3.99     3878.40        0.00        0.00        0.00        0.01        0.01        0.01        0.01        0.00        0.01
2025-11-04 00:31:36      850.73       15.90       30.60     1512.00        2.70      281.00        7.50       29.60       -1.40        0.80        4.02     3879.30        0.00        0.00        0.00        0.01        0.01        0.01        0.01        0.00        0.01
2025-11-04 00:31:37      850.70       15.90       30.70     1513.00        2.70      266.00        7.50       29.60       -1.30        0.80        4.03     3880.30        0.00        0.00        0.00        0.01        0.01        0.01        0.01        0.00        0.01
2025-11-04 00:31:39      850.79       15.90       30.50     1512.00        2.70      271.00        7.50       29.50       -1.40        0.80        3.99     3882.30        0.00        0.00        0.00        0.01        0.01        0.01        0.01        0.00        0.01
2025-11-04 00:31:41      850.76       15.80       30.40     1512.00        2.80      284.00        7.50       29.50       -1.50        0.80        3.98     3884.30        0.00        0.00        0.00        0.01        0.01        0.01        0.01        0.00        0.01
2025-11-04 00:31:43      850.76       15.90       30.50     1512.00        2.70      288.00        7.50       29.50       -1.40        0.80        3.99     3886.30        0.00        0.00        0.00        0.01        0.01        0.01        0.01        0.00        0.01
2025-11-04 00:31:44      850.43       15.90       30.50     1515.00        2.70      293.00        7.50       29.60       -1.40        0.80        3.99     3887.30        0.00        0.00        0.00        0.01        0.01        0.01        0.01        0.00        0.01
2025-11-04 00:31:45      850.19       15.80       30.40     1518.00        2.60      289.00        7.50       29.60       -1.50        0.80        3.98     3888.30        0.00        0.00        0.00        0.01        0.01        0.01        0.01        0.00        0.01
2025-11-04 00:31:46      850.12       15.90       30.50     1519.00        2.70      280.00        7.50       29.60       -1.40        0.80        4.00     3889.30        0.00        0.00        0.00        0.01        0.01        0.01        0.01        0.00        0.01
2025-11-04 00:31:48      850.35       15.80       30.40     1516.00        2.60      279.00        7.50       29.50       -1.60        0.80        3.95     3891.30        0.00        0.00        0.00        0.01        0.01        0.01        0.01        0.00        0.01
2025-11-04 00:31:50      850.22       15.80       30.40     1518.00        2.70      278.00        7.50       29.50       -1.50        0.80        3.97     3893.30        0.00        0.00        0.00        0.01        0.01        0.01        0.01        0.00        0.01
2025-11-04 00:31:51      850.08       15.80       30.50     1519.00        2.70      285.00        7.50       29.60       -1.40        0.80        3.99     3894.30        0.00        0.00        0.00        0.01        0.01        0.01        0.01        0.00        0.01
2025-11-04 00:31:52      849.86       15.80       30.50     1521.00        2.70      301.00        7.50       29.50       -1.50        0.80        3.97     3895.30        0.00        0.00        0.00        0.01        0.01        0.01        0.01        0.00        0.01
2025-11-04 00:31:53      850.36       15.80       30.40     1516.00        2.80      300.00        7.50       29.50       -1.50        0.80        3.97     3896.30        0.00        0.00        0.00        0.01        0.01        0.01        0.01        0.00        0.01
2025-11-04 00:31:54      849.95       15.80       30.60     1520.00        2.70      298.00        7.50       29.50       -1.50        0.80        3.98     3897.30        0.00        0.00        0.00        0.01        0.01        0.01        0.01        0.00        0.01
2025-11-04 00:31:55      850.11       15.80       30.60     1519.00        2.80      288.00        7.50       29.50       -1.50        0.80        3.99     3898.30        0.00        0.00        0.00        0.01        0.01        0.01        0.01        0.00        0.01
2025-11-04 00:31:56      849.89       15.80       30.60     1521.00        2.70      279.00        7.50       29.50       -1.50        0.80        3.98     3899.30        0.00        0.00        0.00        0.01        0.01        0.01        0.01        0.00        0.01
2025-11-04 00:31:57      850.01       15.80       30.60     1520.00        2.70      290.00        7.50       29.50       -1.50        0.80        3.98     3900.30        0.00        0.00        0.00        0.01        0.01        0.01        0.01        0.00        0.01
2025-11-04 00:32:01      849.53       15.80       30.40     1524.00        2.80      284.00        7.50       29.60       -1.50        0.80        3.98     3904.30        0.00        0.00        0.00        0.01        0.01        0.01        0.01        0.00        0.01
2025-11-04 00:32:02      849.80       15.80       30.40     1522.00        2.80      285.00        7.50       29.50       -1.50        0.80        3.96     3905.30        0.00        0.00        0.00        0.01        0.01        0.01        0.01        0.00        0.01
2025-11-04 00:32:04      849.50       15.80       30.30     1525.00        3.00      292.00        7.50       29.60       -1.60        0.80        3.94     3907.30        0.00        0.00        0.00        0.01        0.01        0.01        0.01        0.00        0.01
2025-11-04 00:32:05      849.56       15.80       30.30     1524.00        2.90      277.00        7.50       29.60       -1.60        0.80        3.95     3908.30        0.00        0.00        0.00        0.01        0.01        0.01        0.01        0.00        0.01
2025-11-04 00:32:06      849.48       15.80       30.20     1525.00        2.90      287.00        7.50       29.60       -1.60        0.80        3.94     3909.30        0.00        0.00        0.00        0.01        0.01        0.01        0.01        0.00        0.01
2025-11-04 00:32:08      849.35       15.80       30.20     1526.00        2.90      275.00        7.50       29.60       -1.60        0.80        3.95     3911.30        0.00        0.00        0.00        0.01        0.01        0.01        0.01        0.00        0.01
2025-11-04 00:32:09      849.44       15.80       30.10     1525.00        3.00      280.00        7.50       29.60       -1.60        0.80        3.93     3912.30        0.00        0.00        0.00        0.01        0.01        0.01        0.01        0.00        0.01
2025-11-04 00:32:10      849.29       15.80       30.10     1527.00        3.00      288.00        7.50       29.60       -1.70        0.80        3.91     3913.30        0.00        0.00        0.00        0.01        0.01        0.01        0.01        0.00        0.01
2025-11-04 00:32:11      849.39       15.80       30.10     1526.00        3.10      277.00        7.50       29.60       -1.70        0.80        3.91     3914.30        0.00        0.00        0.00        0.01        0.01        0.01        0.01        0.00        0.01
2025-11-04 00:32:12      849.34       15.80       30.10     1526.00        3.20      278.00        7.50       29.60       -1.70        0.80        3.92     3915.30        0.00        0.00        0.00        0.01        0.01        0.01        0.01        0.00        0.01
2025-11-04 00:32:15      849.12       15.80       30.00     1529.00        3.10      279.00        7.50       29.60       -1.70        0.80        3.90     3918.30        0.00        0.00        0.00        0.01        0.01        0.01        0.01        0.00        0.01
2025-11-04 00:32:16      848.85       15.80       30.00     1531.00        3.00      266.00        7.50       29.60       -1.70        0.80        3.90     3919.30        0.00        0.00        0.00        0.01        0.01        0.01        0.01        0.00        0.01
2025-11-04 00:32:18      848.87       15.70       30.00     1531.00        2.80      295.00        7.50       29.60       -1.80        0.80        3.89     3921.30        0.00        0.00        0.00        0.01        0.01        0.01        0.01        0.00        0.01
2025-11-04 00:32:19      849.02       15.70       30.00     1530.00        2.80      286.00        7.50       29.60       -1.80        0.80        3.89     3922.30        0.00        0.00        0.00        0.01        0.01        0.01        0.01        0.00        0.01
2025-11-04 00:32:21      848.52       15.70       30.10     1535.00        2.80      283.00        7.50       29.60       -1.70        0.80        3.91     3924.30        0.00        0.00        0.00        0.01        0.01        0.01        0.01        0.00        0.01
2025-11-04 00:32:22      848.88       15.60       30.20     1531.00        2.80      294.00        7.50       29.50       -1.80        0.80        3.88     3925.30        0.00        0.00        0.00        0.01        0.01        0.01        0.01        0.00        0.01
2025-11-04 00:32:23      848.62       15.60       30.40     1534.00        2.90      281.00        7.50       29.50       -1.70        0.80        3.92     3926.30        0.00        0.00        0.00        0.01        0.01        0.01        0.01        0.00        0.01
2025-11-04 00:32:24      848.63       15.60       30.40     1533.00        3.00      287.00        7.50       29.50       -1.60        0.80        3.93     3927.30        0.00        0.00        0.00        0.01        0.01        0.01        0.01        0.00        0.01
2025-11-04 00:32:25      848.54       15.70       30.50     1534.00        3.00      272.00        7.50       29.60       -1.60        0.80        3.95     3928.30        0.00        0.00        0.00        0.01        0.01        0.01        0.01        0.00        0.01
2025-11-04 00:32:26      848.57       15.60       30.50     1534.00        3.10      274.00        7.50       29.50       -1.70        0.80        3.93     3929.30        0.00        0.00        0.00        0.01        0.01        0.01        0.01        0.00        0.01
2025-11-04 00:32:29      848.35       15.60       30.60     1536.00        3.00      276.00        7.50       29.50       -1.60        0.80        3.95     3932.30        0.00        0.00        0.00        0.01        0.01        0.01        0.01        0.00        0.01
2025-11-04 00:32:30      848.43       15.60       30.60     1535.00        2.90      277.00        7.50       29.50       -1.60        0.80        3.94     3933.30        0.00        0.00        0.00        0.01        0.01        0.01        0.01        0.00        0.01
2025-11-04 00:32:31      848.64       15.60       30.60     1533.00        2.90      285.00        7.50       29.50       -1.60        0.80        3.95     3934.30        0.00        0.00        0.00        0.01        0.01        0.01        0.01        0.00        0.01
2025-11-04 00:32:32      848.30       15.70       30.60     1537.00        2.80      289.00        7.50       29.60       -1.60        0.80        3.96     3935.30        0.00        0.00        0.00        0.01        0.01        0.01        0.01        0.00        0.01
2025-11-04 00:32:34      848.21       15.60       30.50     1538.00        2.80      308.00        7.50       29.60       -1.60        0.80        3.94     3937.30        0.00        0.00        0.00        0.01        0.01        0.01        0.01        0.00        0.01
2025-11-04 00:32:36      848.33       15.70       30.50     1536.00        2.70      289.00        7.50       29.60       -1.60        0.80        3.95     3939.30        0.00        0.00        0.00        0.01        0.01        0.01        0.01        0.00        0.01
2025-11-04 00:32:37      847.94       15.70       30.50     1540.00        2.60      287.00        7.50       29.60       -1.60        0.80        3.95     3940.30        0.00        0.00        0.00        0.01        0.01        0.01        0.01        0.00        0.01
2025-11-04 00:32:39      848.02       15.60       30.40     1539.00        2.80      292.00        7.50       29.60       -1.70        0.80        3.93     3942.30        0.00        0.00        0.00        0.01        0.01        0.01        0.01        0.00        0.01
2025-11-04 00:32:40      847.96       15.70       30.40     1540.00        2.80      282.00        7.50       29.60       -1.60        0.80        3.94     3943.30        0.00        0.00        0.00        0.01        0.01        0.01        0.01        0.00        0.01
2025-11-04 00:32:42      847.87       15.70       30.60     1541.00        2.80      282.00        7.50       29.60       -1.50        0.80        3.97     3945.30        0.00        0.00        0.00        0.01        0.01        0.01        0.01        0.00        0.01
2025-11-04 00:32:43      848.03       15.70       30.60     1539.00        2.80      322.00        7.50       29.60       -1.60        0.80        3.96     3946.30        0.00        0.00        0.00        0.01        0.01        0.01        0.01        0.00        0.01
2025-11-04 00:32:45      847.75       15.50       30.80     1542.00        2.80      308.00        7.50       29.50       -1.60        0.80        3.96     3948.30        0.00        0.00        0.00        0.01        0.01        0.01        0.01        0.00        0.01
2025-11-04 00:32:46      847.94       15.60       30.70     1540.00        2.90      324.00        7.50       29.50       -1.60        0.80        3.96     3949.30        0.00        0.00        0.00        0.01        0.01        0.01        0.01        0.00        0.01
2025-11-04 00:32:47      847.90       15.60       30.50     1541.00        2.80      341.00        7.50       29.50       -1.60        0.80        3.94     3950.30        0.00        0.00        0.00        0.01        0.01        0.01        0.01        0.00        0.01
2025-11-04 00:32:49      847.47       15.50       30.70     1545.00        2.60      318.00        7.50       29.50       -1.70        0.80        3.93     3952.30        0.00        0.00        0.00        0.01        0.01        0.01        0.01        0.00        0.01
2025-11-04 00:32:50      847.78       15.60       30.80     1542.00        2.70      310.00        7.50       29.60       -1.50        0.80        3.97     3953.30        0.00        0.00        0.00        0.01        0.01        0.01        0.01        0.00        0.01
2025-11-04 00:32:51      847.71       15.60       30.80     1543.00        3.20      338.00        7.50       29.60       -1.60        0.80        3.97     3954.30        0.00        0.00        0.00        0.01        0.01        0.01        0.01        0.00        0.01
2025-11-04 00:32:52      847.43       15.60       30.70     1545.00        3.10      337.00        7.50       29.60       -1.60        0.80        3.96     3955.30        0.00        0.00        0.00        0.01        0.01        0.01        0.01        0.00        0.01
2025-11-04 00:32:53      847.54       15.60       30.70     1544.00        3.10      340.00        7.50       29.60       -1.60        0.80        3.96     3956.30        0.00        0.00        0.00        0.01        0.01        0.01        0.01        0.00        0.01
2025-11-04 00:32:54      847.73       15.60       30.60     1542.00        3.10      335.00        7.50       29.60       -1.60        0.80        3.95     3957.30        0.00        0.00        0.00        0.01        0.01        0.01        0.01        0.00        0.01
2025-11-04 00:32:55      847.29       15.60       30.60     1547.00        3.00      331.00        7.30       29.60       -1.60        0.80        3.95     3958.30        0.00        0.00        0.00        0.01        0.01        0.01        0.01        0.00        0.01
2025-11-04 00:32:56      847.44       15.60       30.60     1545.00        2.80      303.00        7.50       29.60       -1.60        0.80        3.96     3959.30        0.00        0.00        0.00        0.01        0.01        0.01        0.01        0.00        0.01
2025-11-04 00:32:57      847.17       15.60       30.60     1548.00        2.70      269.00        7.30       29.60       -1.60        0.80        3.96     3960.30        0.00        0.00        0.00        0.01        0.01        0.01        0.01        0.00        0.01
2025-11-04 00:32:58      847.15       15.60       30.60     1548.00        2.60      309.00        7.50       29.60       -1.60        0.80        3.95     3961.30        0.00        0.00        0.00        0.01        0.01        0.01        0.01        0.00        0.01
2025-11-04 00:33:01      847.31       15.60       30.40     1547.00        3.20      315.00        7.30       29.60       -1.70        0.80        3.92     3964.30        0.00        0.00        0.00        0.01        0.01        0.01        0.01        0.00        0.01
2025-11-04 00:33:03      847.09       15.60       30.50     1549.00        3.30      306.00        7.30       29.60       -1.70        0.80        3.92     3966.30        0.00        0.00        0.00        0.01        0.01        0.01        0.01        0.00        0.01
2025-11-04 00:33:06      847.11       15.60       30.60     1549.00        3.40      285.00        7.30       29.60       -1.60        0.80        3.95     3969.30        0.00        0.00        0.00        0.01        0.01        0.01        0.01        0.00        0.01
2025-11-04 00:33:09      846.83       15.60       30.60     1551.00        3.30      277.00        7.30       29.60       -1.60        0.80        3.94     3972.30        0.00        0.00        0.00        0.01        0.01        0.01        0.01        0.00        0.01
2025-11-04 00:33:12      846.60       15.50       30.80     1554.00        3.50      294.00        7.30       29.60       -1.60        0.80        3.94     3975.30        0.00        0.00        0.00        0.01        0.01        0.01        0.01        0.00        0.01
2025-11-04 00:33:13      846.69       15.50       30.70     1553.00        3.50      309.00        7.30       29.50       -1.70        0.80        3.93     3976.30        0.00        0.00        0.00        0.01        0.01        0.01        0.01        0.00        0.01
2025-11-04 00:33:15      846.50       15.50       30.80     1555.00        3.60      309.00        7.30       29.60       -1.60        0.80        3.96     3978.30        0.00        0.00        0.00        0.01        0.01        0.01        0.01        0.00        0.01
2025-11-04 00:33:16      846.41       15.50       30.70     1556.00        3.50      314.00        7.30       29.60       -1.60        0.80        3.95     3979.30        0.00        0.00        0.00        0.01        0.01        0.01        0.01        0.00        0.01
2025-11-04 00:33:16      846.40       15.40       30.80     1556.00        3.50      323.00        7.30       29.50       -1.70        0.80        3.93     3980.20        0.00        0.00        0.00        0.01        0.01        0.01        0.01        0.00        0.01
2025-11-04 00:33:18      846.70       15.50       30.70     1553.00        3.40      311.00        7.30       29.60       -1.60        0.80        3.94     3981.30        0.00        0.00        0.00        0.01        0.01        0.01        0.01        0.00        0.01
2025-11-04 00:33:18      846.30       15.50       30.70     1557.00        3.20      329.00        7.30       29.60       -1.70        0.80        3.93     3982.20        0.00        0.00        0.00        0.01        0.01        0.01        0.01        0.00        0.01
2025-11-04 00:33:20      846.18       15.40       30.70     1558.00        3.20      305.00        7.30       29.50       -1.70        0.80        3.92     3983.20        0.00        0.00        0.00        0.01        0.01        0.01        0.01        0.00        0.01
2025-11-04 00:33:21      846.13       15.50       30.80     1558.00        3.10      291.00        7.30       29.60       -1.60        0.80        3.96     3984.20        0.00        0.00        0.00        0.01        0.01        0.01        0.01        0.00        0.01
2025-11-04 00:33:22      846.13       15.50       30.70     1558.00        3.10      287.00        7.30       29.60       -1.70        0.80        3.94     3985.20        0.00        0.00        0.00        0.01        0.01        0.01        0.01        0.00        0.01
2025-11-04 00:33:23      846.17       15.50       30.70     1558.00        3.10      286.00        7.30       29.60       -1.60        0.80        3.94     3986.20        0.00        0.00        0.00        0.01        0.01        0.01        0.01        0.00        0.01
2025-11-04 00:33:24      846.21       15.50       30.70     1558.00        3.20      282.00        7.30       29.60       -1.70        0.80        3.93     3987.20        0.00        0.00        0.00        0.01        0.01        0.01        0.01        0.00        0.01
2025-11-04 00:33:27      846.17       15.50       30.80     1558.00        3.30      271.00        7.30       29.60       -1.70        0.80        3.94     3990.20        0.00        0.00        0.00        0.01        0.01        0.01        0.01        0.00        0.01
2025-11-04 00:33:29      845.98       15.50       30.90     1560.00        3.20      283.00        7.30       29.60       -1.60        0.80        3.95     3992.20        0.00        0.00        0.00        0.01        0.01        0.01        0.01        0.00        0.01
2025-11-04 00:33:32      845.76       15.40       30.90     1562.00        3.00      275.00        7.30       29.60       -1.60        0.80        3.95     3995.20        0.00        0.00        0.00        0.01        0.01        0.01        0.01        0.00        0.01
2025-11-04 00:33:33      845.60       15.40       30.80     1564.00        3.00      304.00        7.30       29.60       -1.70        0.80        3.93     3996.20        0.00        0.00        0.00        0.01        0.01        0.01        0.01        0.00        0.01
2025-11-04 00:33:36      845.59       15.40       30.80     1564.00        3.00      291.00        7.30       29.60       -1.70        0.80        3.93     3999.20        0.00        0.00        0.00        0.01        0.01        0.01        0.01        0.00        0.01
2025-11-04 00:33:37      845.22       15.40       30.90     1568.00        2.90      287.00        7.30       29.60       -1.60        0.80        3.96     4000.20        0.00        0.00        0.00        0.01        0.01        0.01        0.01        0.00        0.01
2025-11-04 00:33:38      845.58       15.40       30.90     1564.00        2.80      284.00        7.30       29.60       -1.70        0.80        3.93     4001.20        0.00        0.00        0.00        0.01        0.01        0.01        0.01        0.00        0.01
2025-11-04 00:33:40      845.12       15.40       30.90     1569.00        2.80      295.00        7.30       29.60       -1.70        0.80        3.93     4003.20        0.00        0.00        0.00        0.01        0.01        0.01        0.01        0.00        0.01
2025-11-04 00:33:41      845.30       15.30       30.80     1567.00        2.80      315.00        7.30       29.50       -1.70        0.80        3.91     4004.20        0.00        0.00        0.00        0.01        0.01        0.01        0.01        0.00        0.01
2025-11-04 00:33:43      845.21       15.30       30.90     1568.00        2.80      334.00        7.30       29.40       -1.80        0.80        3.90     4006.20        0.00        0.00        0.00        0.01        0.01        0.01        0.01        0.00        0.01
2025-11-04 00:33:45      845.21       15.40       31.10     1568.00        3.00      290.00        7.30       29.60       -1.60        0.80        3.97     4009.20        0.00        0.00        0.00        0.01        0.01        0.01        0.01        0.00        0.01
2025-11-04 00:33:46      845.15       15.30       31.00     1568.00        3.10      282.00        7.30       29.50       -1.70        0.80        3.94     4010.20        0.00        0.00        0.00        0.01        0.01        0.01        0.01        0.00        0.01
2025-11-04 00:33:49      845.00       15.20       30.90     1570.00        3.10      321.00        7.30       29.40       -1.80        0.80        3.90     4012.20        0.00        0.00        0.00        0.01        0.01        0.01        0.01        0.00        0.01
2025-11-04 00:33:49      844.74       15.30       31.20     1572.00        2.90      298.00        7.30       29.50       -1.60        0.80        3.96     4013.20        0.00        0.00        0.00        0.01        0.01        0.01        0.01        0.00        0.01
2025-11-04 00:33:50      844.94       15.40       31.20     1570.00        2.80      303.00        7.30       29.60       -1.60        0.80        3.98     4014.20        0.00        0.00        0.00        0.01        0.01        0.01        0.01        0.00        0.01
2025-11-04 00:33:51      844.67       15.20       31.20     1573.00        2.90      316.00        7.30       29.50       -1.70        0.80        3.93     4015.20        0.00        0.00        0.00        0.01        0.01        0.01        0.01        0.00        0.01
2025-11-04 00:33:53      844.67       15.40       31.10     1573.00        2.90      319.00        7.30       29.70       -1.50        0.80        3.99     4016.20        0.00        0.00        0.00        0.01        0.01        0.01        0.01        0.00        0.01
2025-11-04 00:33:54      844.59       15.40       31.10     1574.00        2.80      333.00        7.30       29.70       -1.50        0.80        3.99     4017.20        0.00        0.00        0.00        0.01        0.01        0.01        0.01        0.00        0.01
2025-11-04 00:33:54      844.65       15.40       31.10     1573.00        2.80      322.00        7.30       29.70       -1.50        0.80        3.99     4018.20        0.00        0.00        0.00        0.01        0.01        0.01        0.01        0.00        0.01
2025-11-04 00:33:57      844.59       15.40       31.00     1574.00        3.00      337.00        7.30       29.70       -1.60        0.80        3.96     4020.20        0.00        0.00        0.00        0.01        0.01        0.01        0.01        0.00        0.01
2025-11-04 00:33:58      844.76       15.40       31.00     1572.00        3.20      335.00        7.30       29.70       -1.60        0.80        3.96     4021.20        0.00        0.00        0.00        0.01        0.01        0.01        0.01        0.00        0.01
2025-11-04 00:33:59      844.33       15.40       31.00     1576.00        3.20      343.00        7.30       29.70       -1.60        0.80        3.96     4023.20        0.00        0.00        0.00        0.01        0.01        0.01        0.01        0.00        0.01
2025-11-04 00:34:01      844.12       15.40       31.00     1579.00        3.30      337.00        7.30       29.70       -1.60        0.80        3.96     4024.20        0.00        0.00        0.00        0.01        0.01        0.01        0.01        0.00        0.01
2025-11-04 00:34:04      844.34       15.40       30.90     1576.00        2.80      340.00        7.30       29.70       -1.60        0.80        3.95     4027.20        0.00        0.00        0.00        0.01        0.01        0.01        0.01        0.00        0.01
2025-11-04 00:34:04      844.20       15.40       30.80     1578.00        2.80      340.00        7.30       29.70       -1.70        0.80        3.93     4028.20        0.00        0.00        0.00        0.01        0.01        0.01        0.01        0.00        0.01
2025-11-04 00:34:05      844.06       15.40       30.80     1579.00        2.70      343.00        7.30       29.70       -1.70        0.80        3.94     4029.20        0.00        0.00        0.00        0.01        0.01        0.01        0.01        0.00        0.01
2025-11-04 00:34:07      844.12       15.40       30.90     1579.00        2.70      317.00        7.30       29.70       -1.70        0.80        3.94     4030.20        0.00        0.00        0.00        0.01        0.01        0.01        0.01        0.00        0.01
2025-11-04 00:34:07      843.98       15.40       30.90     1580.00        2.60      325.00        7.30       29.70       -1.70        0.80        3.94     4031.20        0.00        0.00        0.00        0.01        0.01        0.01        0.01        0.00        0.01
2025-11-04 00:34:08      843.93       15.40       30.70     1580.00        2.60      338.00        7.30       29.70       -1.80        0.80        3.92     4032.20        0.00        0.00        0.00        0.01        0.01        0.01        0.01        0.00        0.01
2025-11-04 00:34:10      844.20       15.40       30.70     1578.00        2.70      340.00        7.30       29.70       -1.80        0.80        3.91     4033.20        0.00        0.00        0.00        0.01        0.01        0.01        0.01        0.00        0.01
2025-11-04 00:34:11      844.04       15.40       30.70     1579.00        2.70      344.00        7.30       29.70       -1.80        0.80        3.91     4034.20        0.00        0.00        0.00        0.01        0.01        0.01        0.01        0.00        0.01
2025-11-04 00:34:11      843.98       15.40       30.80     1580.00        2.80      341.00        7.30       29.70       -1.70        0.80        3.93     4035.20        0.00        0.00        0.00        0.01        0.01        0.01        0.01        0.00        0.01
2025-11-04 00:34:13      843.83       15.40       30.80     1582.00        2.80      339.00        7.30       29.70       -1.70        0.80        3.93     4036.20        0.00        0.00        0.00        0.01        0.01        0.01        0.01        0.00        0.01
2025-11-04 00:34:15      843.73       15.40       30.90     1582.00        3.00      345.00        7.30       29.80       -1.60        0.80        3.95     4038.20        0.00        0.00        0.00        0.01        0.01        0.01        0.01        0.00        0.01
2025-11-04 00:34:15      843.68       15.40       30.90     1583.00        2.80      344.00        7.30       29.70       -1.70        0.80        3.94     4039.20        0.00        0.00        0.00        0.01        0.01        0.01        0.01        0.00        0.01
2025-11-04 00:34:17      843.46       15.30       30.70     1585.00        2.60      352.00        7.30       29.70       -1.80        0.80        3.91     4041.20        0.00        0.00        0.00        0.01        0.01        0.01        0.01        0.00        0.01
2025-11-04 00:34:18      843.62       15.30       30.60     1584.00        2.60      357.00        7.30       29.70       -1.90        0.80        3.89     4042.20        0.00        0.00        0.00        0.01        0.01        0.01        0.01        0.00        0.01
2025-11-04 00:34:19      843.43       15.40       30.60     1585.00        2.40        3.00        7.30       29.80       -1.80        0.80        3.89     4043.20        0.00        0.00        0.00        0.01        0.01        0.01        0.01        0.00        0.01
2025-11-04 00:34:20      843.49       15.30       30.40     1585.00        2.40        2.00        7.30       29.70       -1.90        0.79        3.86     4044.20        0.00        0.00        0.00        0.01        0.01        0.01        0.01        0.00        0.01
2025-11-04 00:34:22      843.40       15.40       30.80     1586.00        2.60      358.00        7.30       29.80       -1.70        0.80        3.93     4046.20        0.00        0.00        0.00        0.01        0.01        0.01        0.01        0.00        0.01
2025-11-04 00:34:24      843.42       15.30       30.70     1586.00        2.80      359.00        7.30       29.70       -1.80        0.80        3.90     4048.20        0.00        0.00        0.00        0.01        0.01        0.01        0.01        0.00        0.01
2025-11-04 00:34:25      843.37       15.30       30.80     1586.00        3.20      358.00        7.30       29.70       -1.80        0.80        3.91     4049.20        0.00        0.00        0.00        0.01        0.01        0.01        0.01        0.00        0.01
2025-11-04 00:34:27      843.32       15.30       31.00     1587.00        4.10        3.00        7.30       29.70       -1.70        0.80        3.93     4051.20        0.00        0.00        0.00        0.01        0.01        0.01        0.01        0.00        0.01
2025-11-04 00:34:30      843.06       15.30       31.30     1589.00        5.00      351.00        7.30       29.70       -1.60        0.80        3.97     4054.20        0.00        0.00        0.00        0.01        0.01        0.01        0.01        0.00        0.01
2025-11-04 00:34:32      842.76       15.20       31.40     1592.00        5.00      356.00        7.30       29.70       -1.60        0.80        3.98     4056.20        0.00        0.00        0.00        0.01        0.01        0.01        0.01        0.00        0.01
2025-11-04 00:34:33      842.74       15.20       31.50     1592.00        4.70      349.00        7.30       29.70       -1.60        0.80        3.99     4057.20        0.00        0.00        0.00        0.01        0.01        0.01        0.01        0.00        0.01
2025-11-04 00:34:34      842.83       15.10       31.50     1592.00        4.60      356.00        7.30       29.60       -1.60        0.80        3.96     4058.20        0.00        0.00        0.00        0.01        0.01        0.01        0.01        0.00        0.01
2025-11-04 00:34:35      842.85       15.20       31.60     1591.00        4.90      351.00        7.30       29.70       -1.50        0.80        4.00     4059.20        0.00        0.00        0.00        0.01        0.01        0.01        0.01        0.00        0.01
2025-11-04 00:34:37      842.49       15.20       31.60     1595.00        5.00      349.00        7.30       29.70       -1.50        0.80        4.00     4061.20        0.00        0.00        0.00        0.01        0.01        0.01        0.01        0.00        0.01
2025-11-04 00:34:38      842.56       15.10       31.70     1594.00        4.90      346.00        7.30       29.60       -1.50        0.80        4.00     4062.20        0.00        0.00        0.00        0.01        0.01        0.01        0.01        0.00        0.01
2025-11-04 00:34:39      842.47       15.20       31.70     1595.00        4.40      355.00        7.30       29.60       -1.50        0.80        4.00     4063.20        0.00        0.00        0.00        0.01        0.01        0.01        0.01        0.00        0.01
2025-11-04 00:34:40      842.48       15.20       31.70     1595.00        4.50      359.00        7.30       29.70       -1.50        0.80        4.01     4064.20        0.00        0.00        0.00        0.01        0.01        0.01        0.01        0.00        0.01
2025-11-04 00:34:41      842.54       15.10       31.80     1594.00        4.40      350.00        7.30       29.60       -1.50        0.80        4.01     4065.20        0.00        0.00        0.00        0.01        0.01        0.01        0.01        0.00        0.01
2025-11-04 00:34:44      842.27       15.00       31.70     1597.00        3.50      339.00        7.30       29.50       -1.70        0.80        3.95     4068.20        0.00        0.00        0.00        0.01        0.01        0.01        0.01        0.00        0.01
2025-11-04 00:34:45      842.07       15.20       31.60     1599.00        3.30      338.00        7.30       29.70       -1.50        0.80        4.00     4069.20        0.00        0.00        0.00        0.01        0.01        0.01        0.01        0.00        0.01
2025-11-04 00:34:46      842.04       15.20       31.60     1599.00        3.30      331.00        7.30       29.70       -1.60        0.80        3.99     4070.20        0.00        0.00        0.00        0.01        0.01        0.01        0.01        0.00        0.01
2025-11-04 00:34:48      842.16       15.10       31.50     1598.00        2.90      343.00        7.30       29.60       -1.60        0.80        3.97     4072.20        0.00        0.00        0.00        0.01        0.01        0.01        0.01        0.00        0.01
2025-11-04 00:34:49      842.00       15.20       31.40     1600.00        2.80      343.00        7.30       29.70       -1.60        0.80        3.98     4073.20        0.00        0.00        0.00        0.01        0.01        0.01        0.01        0.00        0.01
2025-11-04 00:34:50      842.03       15.20       31.30     1600.00        2.50      342.00        7.30       29.70       -1.60        0.80        3.97     4074.20        0.00        0.00        0.00        0.01        0.01        0.01        0.01        0.00        0.01
2025-11-04 00:34:51      842.03       15.20       31.30     1600.00        2.40      346.00        7.30       29.70       -1.70        0.80        3.95     4075.20        0.00        0.00        0.00        0.01        0.01        0.01        0.01        0.00        0.01
2025-11-04 00:34:53      842.07       15.20       31.20     1599.00        2.40      344.00        7.30       29.70       -1.70        0.80        3.95     4077.20        0.00        0.00        0.00        0.01        0.01        0.01        0.01        0.00        0.01
2025-11-04 00:34:58      841.88       15.10       31.40     1601.00        2.70      340.00        7.30       29.60       -1.70        0.80        3.95     4082.20        0.00        0.00        0.00        0.01        0.01        0.01        0.01        0.00        0.01
2025-11-04 00:34:59      841.81       15.00       31.30     1602.00        2.70      344.00        7.30       29.50       -1.80        0.80        3.90     4083.20        0.00        0.00        0.00        0.01        0.01        0.01        0.01        0.00        0.01
2025-11-04 00:35:00      841.81       14.90       31.30     1602.00        2.70      351.00        7.30       29.40       -1.90        0.79        3.87     4084.10        0.00        0.00        0.00        0.01        0.01        0.01        0.01        0.00        0.01
2025-11-04 00:35:03      841.68       15.00       31.10     1603.00        2.80      347.00        7.30       29.60       -1.90        0.80        3.88     4087.10        0.00        0.00        0.00        0.01        0.01        0.01        0.01        0.00        0.01
2025-11-04 00:35:04      841.72       15.10       31.20     1603.00        2.90      351.00        7.30       29.70       -1.80        0.80        3.93     4088.10        0.00        0.00        0.00        0.01        0.01        0.01        0.01        0.00        0.01
2025-11-04 00:35:05      841.54       15.00       31.30     1604.00        3.00      348.00        7.30       29.60       -1.80        0.80        3.91     4089.10        0.00        0.00        0.00        0.01        0.01        0.01        0.01        0.00        0.01
2025-11-04 00:35:06      841.47       15.00       31.30     1605.00        3.10      350.00        7.30       29.60       -1.80        0.80        3.92     4090.10        0.00        0.00        0.00        0.01        0.01        0.01        0.01        0.00        0.01
2025-11-04 00:35:07      841.44       15.00       31.30     1605.00        3.20      352.00        7.30       29.60       -1.80        0.80        3.92     4091.10        0.00        0.00        0.00        0.01        0.01        0.01        0.01        0.00        0.01
2025-11-04 00:35:08      841.33       15.10       31.40     1607.00        3.20      352.00        7.30       29.60       -1.80        0.80        3.93     4092.10        0.00        0.00        0.00        0.01        0.01        0.01        0.01        0.00        0.01
2025-11-04 00:35:09      841.52       15.00       31.40     1605.00        3.30      353.00        7.30       29.60       -1.80        0.80        3.93     4093.10        0.00        0.00        0.00        0.01        0.01        0.01        0.01        0.00        0.01
2025-11-04 00:35:13      841.22       15.10       31.40     1608.00        3.50      346.00        7.30       29.70       -1.70        0.80        3.93     4097.10        0.00        0.00        0.00        0.01        0.01        0.01        0.01        0.00        0.01
2025-11-04 00:35:14      841.09       15.10       31.50     1609.00        3.40      343.00        7.30       29.70       -1.70        0.80        3.96     4098.10        0.00        0.00        0.00        0.01        0.01        0.01        0.01        0.00        0.01
2025-11-04 00:35:15      841.44       15.10       31.40     1605.00        3.50      340.00        7.30       29.70       -1.70        0.80        3.95     4099.10        0.00        0.00        0.00        0.01        0.01        0.01        0.01        0.00        0.01
2025-11-04 00:35:16      841.19       15.10       31.50     1608.00        3.70      344.00        7.30       29.70       -1.70        0.80        3.96     4100.10        0.00        0.00        0.00        0.01        0.01        0.01        0.01        0.00        0.01
2025-11-04 00:35:17      841.22       15.10       31.50     1608.00        3.80      341.00        7.30       29.70       -1.70        0.80        3.97     4101.10        0.00        0.00        0.00        0.01        0.01        0.01        0.01        0.00        0.01
2025-11-04 00:35:18      841.15       15.10       31.60     1608.00        3.60      340.00        7.30       29.70       -1.60        0.80        3.97     4102.10        0.00        0.00        0.00        0.01        0.01        0.01        0.01        0.00        0.01
2025-11-04 00:35:21      841.01       15.10       31.70     1610.00        3.90      351.00        7.30       29.70       -1.60        0.80        3.98     4105.10        0.00        0.00        0.00        0.01        0.01        0.01        0.01        0.00        0.01
2025-11-04 00:35:22      841.24       15.10       31.50     1607.00        4.00      348.00        7.30       29.70       -1.60        0.80        3.98     4106.10        0.00        0.00        0.00        0.01        0.01        0.01        0.01        0.00        0.01
2025-11-04 00:35:23      840.84       15.00       31.50     1611.00        4.40      351.00        7.30       29.60       -1.70        0.80        3.94     4107.10        0.00        0.00        0.00        0.01        0.01        0.01        0.01        0.00        0.01
2025-11-04 00:35:25      840.85       15.00       31.50     1611.00        4.40      349.00        7.30       29.70       -1.70        0.80        3.95     4109.10        0.00        0.00        0.00        0.01        0.01        0.01        0.01        0.00        0.01
2025-11-04 00:35:26      841.09       15.00       31.60     1609.00        4.40      352.00        7.30       29.60       -1.70        0.80        3.96     4110.10        0.00        0.00        0.00        0.01        0.01        0.01        0.01        0.00        0.01
2025-11-04 00:35:30      840.82       15.10       31.80     1612.00        4.30      354.00        7.30       29.70       -1.60        0.80        4.00     4114.10        0.00        0.00        0.00        0.01        0.01        0.01        0.01        0.00        0.01
2025-11-04 00:35:32      840.94       15.10       31.60     1610.00        3.90      348.00        7.30       29.70       -1.60        0.80        3.97     4116.10        0.00        0.00        0.00        0.01        0.01        0.01        0.01        0.00        0.01
2025-11-04 00:35:34      840.71       15.00       31.60     1613.00        3.50      354.00        7.30       29.60       -1.70        0.80        3.94     4118.10        0.00        0.00        0.00        0.01        0.01        0.01        0.01        0.00        0.01
2025-11-04 00:35:35      840.74       15.00       31.60     1613.00        3.20      358.00        7.30       29.70       -1.70        0.80        3.95     4119.10        0.00        0.00        0.00        0.01        0.01        0.01        0.01        0.00        0.01
2025-11-04 00:35:36      840.76       15.00       31.50     1612.00        3.20      351.00        7.30       29.60       -1.80        0.80        3.93     4120.10        0.00        0.00        0.00        0.01        0.01        0.01        0.01        0.00        0.01
2025-11-04 00:35:37      840.59       15.10       31.50     1614.00        3.00      352.00        7.30       29.70       -1.70        0.80        3.94     4121.10        0.00        0.00        0.00        0.01        0.01        0.01        0.01        0.00        0.01
2025-11-04 00:35:38      840.88       15.00       31.40     1611.00        3.10      348.00        7.30       29.70       -1.80        0.80        3.93     4122.10        0.00        0.00        0.00        0.01        0.01        0.01        0.01        0.00        0.01
2025-11-04 00:35:39      840.84       15.00       31.30     1611.00        3.30      354.00        7.30       29.60       -1.80        0.80        3.91     4123.10        0.00        0.00        0.00        0.01        0.01        0.01        0.01        0.00        0.01
2025-11-04 00:35:40      840.45       15.00       31.30     1615.00        3.30      359.00        7.30       29.60       -1.90        0.80        3.89     4124.10        0.00        0.00        0.00        0.01        0.01        0.01        0.01        0.00        0.01
2025-11-04 00:35:41      840.63       14.90       31.30     1614.00        3.20       10.00        7.30       29.50       -1.90        0.79        3.88     4125.10        0.00        0.00        0.00        0.01        0.01        0.01        0.01        0.00        0.01
2025-11-04 00:35:42      840.63       15.00       31.40     1614.00        3.10        7.00        7.30       29.60       -1.80        0.80        3.91     4126.10        0.00        0.00        0.00        0.01        0.01        0.01        0.01        0.00        0.01
2025-11-04 00:35:43      840.68       15.00       31.30     1613.00        3.20       11.00        7.30       29.60       -1.90        0.80        3.90     4127.10        0.00        0.00        0.00        0.01        0.01        0.01        0.01        0.00        0.01
2025-11-04 00:35:44      840.49       15.00       31.20     1615.00        3.00       11.00        7.30       29.70       -1.80        0.80        3.90     4128.10        0.00        0.00        0.00        0.01        0.01        0.01        0.01        0.00        0.01
2025-11-04 00:35:45      840.43       15.00       31.20     1616.00        2.80        7.00        7.30       29.70       -1.90        0.80        3.89     4129.10        0.00        0.00        0.00        0.01        0.01        0.01        0.01        0.00        0.01
2025-11-04 00:35:46      840.80       15.00       31.20     1612.00        2.90       12.00        7.30       29.70       -1.90        0.80        3.90     4130.10        0.00        0.00        0.00        0.01        0.01        0.01        0.01        0.00        0.01
2025-11-04 00:35:47      840.59       15.00       31.20     1614.00        2.80        0.00        7.30       29.60       -1.90        0.80        3.88     4131.10        0.00        0.00        0.00        0.01        0.01        0.01        0.01        0.00        0.01
2025-11-04 00:35:48      840.48       15.00       31.20     1615.00        2.80        7.00        7.30       29.70       -1.90        0.80        3.90     4132.10        0.00        0.00        0.00        0.01        0.01        0.01        0.01        0.00        0.01
2025-11-04 00:35:49      840.67       15.00       31.20     1613.00        2.80        5.00        7.30       29.70       -1.90        0.80        3.90     4133.10        0.00        0.00        0.00        0.01        0.01        0.01        0.01        0.00        0.01
2025-11-04 00:35:50      840.54       15.00       31.20     1615.00        2.80        3.00        7.30       29.70       -1.80        0.80        3.91     4134.10        0.00        0.00        0.00        0.01        0.01        0.01        0.01        0.00        0.01
2025-11-04 00:35:52      840.39       15.10       31.00     1616.00        2.80        7.00        7.30       29.80       -1.90        0.80        3.90     4136.10        0.00        0.00        0.00        0.01        0.01        0.01        0.01        0.00        0.01
2025-11-04 00:35:53      840.59       15.00       31.00     1614.00        2.60        7.00        7.30       29.70       -1.90        0.80        3.88     4137.10        0.00        0.00        0.00        0.01        0.01        0.01        0.01        0.00        0.01
2025-11-04 00:35:54      840.69       15.00       30.90     1613.00        2.60        8.00        7.30       29.70       -2.00        0.79        3.86     4138.10        0.00        0.00        0.00        0.01        0.01        0.01        0.01        0.00        0.01
2025-11-04 00:35:55      840.54       15.10       30.90     1615.00        2.60        4.00        7.30       29.70       -2.00        0.79        3.87     4139.10        0.00        0.00        0.00        0.01        0.01        0.01        0.01        0.00        0.01
2025-11-04 00:35:56      840.54       15.00       30.90     1615.00        2.60        1.00        7.30       29.70       -2.00        0.79        3.86     4140.10        0.00        0.00        0.00        0.01        0.01        0.01        0.01        0.00        0.01
2025-11-04 00:35:58      840.68       15.10       30.80     1613.00        2.50        6.00        7.30       29.80       -2.00        0.79        3.86     4142.10        0.00        0.00        0.00        0.01        0.01        0.01        0.01        0.00        0.01
2025-11-04 00:35:59      840.48       15.00       30.80     1615.00        2.50        5.00        7.30       29.70       -2.10        0.79        3.84     4143.10        0.00        0.00        0.00        0.01        0.01        0.01        0.01        0.00        0.01
2025-11-04 00:36:01      840.33       15.00       30.60     1617.00        2.40        5.00        7.30       29.70       -2.10        0.79        3.82     4145.10        0.00        0.00        0.00        0.01        0.01        0.01        0.01        0.00        0.01
2025-11-04 00:36:02      840.28       15.10       30.60     1617.00        2.40        3.00        7.30       29.80       -2.00        0.79        3.84     4146.10        0.00        0.00        0.00        0.01        0.01        0.01        0.01        0.00        0.01
2025-11-04 00:36:03      840.25       15.10       30.70     1617.00        2.40        2.00        7.30       29.80       -2.00        0.79        3.84     4147.10        0.00        0.00        0.00        0.01        0.01        0.01        0.01        0.00        0.01
2025-11-04 00:36:04      840.25       15.00       30.60     1617.00        2.40        3.00        7.30       29.70       -2.10        0.79        3.83     4148.10        0.00        0.00        0.00        0.01        0.01        0.01        0.01        0.00        0.01
2025-11-04 00:36:07      840.16       15.10       30.70     1618.00        2.70      352.00        7.30       29.80       -2.00        0.79        3.85     4151.10        0.00        0.00        0.00        0.01        0.01        0.01        0.01        0.00        0.01
2025-11-04 00:36:10      840.27       15.00       30.80     1617.00        2.90        4.00        7.30       29.70       -2.00        0.79        3.84     4154.10        0.00        0.00        0.00        0.01        0.01        0.01        0.01        0.00        0.01
2025-11-04 00:36:11      840.30       15.10       30.80     1617.00        2.90        8.00        7.30       29.80       -2.00        0.79        3.85     4155.10        0.00        0.00        0.00        0.01        0.01        0.01        0.01        0.00        0.01
2025-11-04 00:36:12      840.21       15.00       30.80     1618.00        2.90        1.00        7.30       29.70       -2.10        0.79        3.83     4156.10        0.00        0.00        0.00        0.01        0.01        0.01        0.01        0.00        0.01
2025-11-04 00:36:14      840.25       15.00       30.80     1617.00        2.70      357.00        7.30       29.70       -2.00        0.79        3.84     4158.10        0.00        0.00        0.00        0.01        0.01        0.01        0.01        0.00        0.01
2025-11-04 00:36:17      839.95       15.10       31.00     1620.00        2.80      358.00        7.30       29.80       -1.90        0.80        3.89     4161.10        0.00        0.00        0.00        0.01        0.01        0.01        0.01        0.00        0.01
2025-11-04 00:36:18      840.08       15.00       30.90     1619.00        2.70      357.00        7.30       29.70       -2.00        0.79        3.86     4162.10        0.00        0.00        0.00        0.01        0.01        0.01        0.01        0.00        0.01
2025-11-04 00:36:19      839.84       15.00       31.00     1622.00        2.60      358.00        7.30       29.80       -1.90        0.80        3.88     4163.10        0.00        0.00        0.00        0.01        0.01        0.01        0.01        0.00        0.01
2025-11-04 00:36:20      839.69       15.00       31.00     1623.00        2.60      357.00        7.30       29.70       -2.00        0.79        3.86     4164.10        0.00        0.00        0.00        0.01        0.01        0.01        0.01        0.00        0.01
2025-11-04 00:36:23      839.76       14.90       31.30     1622.00        3.30      352.00        7.30       29.70       -1.90        0.80        3.89     4167.10        0.00        0.00        0.00        0.01        0.01        0.01        0.01        0.00        0.01
2025-11-04 00:36:25      839.61       15.10       31.40     1624.00        3.70      355.00        7.30       29.80       -1.80        0.80        3.93     4169.10        0.00        0.00        0.00        0.01        0.01        0.01        0.01        0.00        0.01
2025-11-04 00:36:26      839.67       15.00       31.40     1623.00        3.70      350.00        7.30       29.80       -1.80        0.80        3.93     4170.10        0.00        0.00        0.00        0.01        0.01        0.01        0.01        0.00        0.01
2025-11-04 00:36:28      839.63       15.00       31.50     1624.00        4.00      356.00        7.30       29.80       -1.70        0.80        3.95     4172.10        0.00        0.00        0.00        0.01        0.01        0.01        0.01        0.00        0.01
2025-11-04 00:36:30      839.66       15.00       31.50     1623.00        3.70      355.00        7.30       29.70       -1.80        0.80        3.93     4174.10        0.00        0.00        0.00        0.01        0.01        0.01        0.01        0.00        0.01
2025-11-04 00:36:33      839.17       14.90       31.60     1628.00        4.00      354.00        7.30       29.70       -1.70        0.80        3.94     4177.10        0.00        0.00        0.00        0.01        0.01        0.01        0.01        0.00        0.01
2025-11-04 00:36:34      839.23       14.90       31.70     1628.00        4.40      359.00        7.30       29.70       -1.80        0.80        3.93     4178.10        0.00        0.00        0.00        0.01        0.01        0.01        0.01        0.00        0.01
2025-11-04 00:36:35      839.36       15.00       31.70     1626.00        4.70      359.00        7.30       29.70       -1.70        0.80        3.96     4179.10        0.00        0.00        0.00        0.01        0.01        0.01        0.01        0.00        0.01
2025-11-04 00:36:36      839.17       15.00       31.80     1628.00        4.60      359.00        7.30       29.80       -1.60        0.80        3.99     4180.10        0.00        0.00        0.00        0.01        0.01        0.01        0.01        0.00        0.01
2025-11-04 00:36:40      839.04       14.90       32.10     1630.00        5.70      355.00        7.30       29.70       -1.60        0.80        4.00     4184.10        0.00        0.00        0.00        0.01        0.01        0.01        0.01        0.00        0.01
2025-11-04 00:36:45      838.63       15.00       32.30     1634.00        5.50        2.00        7.30       29.80       -1.50        0.80        4.04     4189.00        0.00        0.00        0.00        0.01        0.01        0.01        0.01        0.00        0.01
2025-11-04 00:36:46      838.45       14.90       32.30     1636.00        5.50        4.00        7.30       29.80       -1.50        0.80        4.03     4190.00        0.00        0.00        0.00        0.01        0.01        0.01        0.01        0.00        0.01
2025-11-04 00:36:47      838.61       15.00       32.30     1634.00        5.80        5.00        7.30       29.80       -1.40        0.80        4.06     4191.00        0.00        0.00        0.00        0.01        0.01        0.01        0.01        0.00        0.01
2025-11-04 00:36:48      838.68       15.00       32.50     1633.00        5.80        4.00        7.30       29.90       -1.30        0.80        4.08     4192.00        0.00        0.00        0.00        0.01        0.01        0.01        0.01        0.00        0.01
2025-11-04 00:36:49      838.62       15.00       32.30     1634.00        5.50        3.00        7.30       29.90       -1.40        0.80        4.07     4193.00        0.00        0.00        0.00        0.01        0.01        0.01        0.01        0.00        0.01
2025-11-04 00:36:51      838.45       15.00       32.30     1636.00        4.40        2.00        7.30       29.90       -1.40        0.80        4.05     4195.00        0.00        0.00        0.00        0.01        0.01        0.01        0.01        0.00        0.01
2025-11-04 00:36:52      838.33       15.00       32.20     1637.00        4.20        6.00        7.30       29.90       -1.50        0.80        4.04     4196.00        0.00        0.00        0.00        0.01        0.01        0.01        0.01        0.00        0.01
2025-11-04 00:36:53      838.16       14.90       32.20     1638.00        4.10       12.00        7.30       29.80       -1.50        0.80        4.02     4197.00        0.00        0.00        0.00        0.01        0.01        0.01        0.01        0.00        0.01
2025-11-04 00:36:54      838.24       15.00       32.10     1638.00        4.00        3.00        7.30       29.90       -1.40        0.80        4.05     4198.00        0.00        0.00        0.00        0.01        0.01        0.01        0.01        0.00        0.01
2025-11-04 00:36:57      838.38       14.70       31.60     1636.00        3.40        8.00        7.30       29.50       -2.00        0.79        3.87     4201.00        0.00        0.00        0.00        0.01        0.01        0.01        0.01        0.00        0.01
2025-11-04 00:36:58      838.16       14.80       31.60     1639.00        3.20       10.00        7.30       29.70       -1.90        0.80        3.90     4202.00        0.00        0.00        0.00        0.01        0.01        0.01        0.01        0.00        0.01
2025-11-04 00:37:00      838.47       14.80       31.50     1635.00        2.70       22.00        7.30       29.70       -1.90        0.80        3.90     4204.00        0.00        0.00        0.00        0.01        0.01        0.01        0.01        0.00        0.01
2025-11-04 00:37:01      838.22       14.80       31.40     1638.00        2.50       22.00        7.30       29.70       -2.00        0.79        3.87     4205.00        0.00        0.00        0.00        0.01        0.01        0.01        0.01        0.00        0.01
2025-11-04 00:37:02      838.31       14.90       31.30     1637.00        2.40       22.00        7.30       29.80       -1.90        0.80        3.90     4206.00        0.00        0.00        0.00        0.01        0.01        0.01        0.01        0.00        0.01
2025-11-04 00:37:03      838.16       14.90       31.20     1639.00        2.30       21.00        7.30       29.80       -2.00        0.79        3.86     4207.00        0.00        0.00        0.00        0.01        0.01        0.01        0.01        0.00        0.01
2025-11-04 00:37:04      838.35       14.80       31.10     1637.00        2.10       16.00        7.30       29.70       -2.10        0.79        3.83     4208.00        0.00        0.00        0.00        0.01        0.01        0.01        0.01        0.00        0.01
2025-11-04 00:37:05      838.01       14.90       31.00     1640.00        2.00       17.00        7.30       29.80       -2.10        0.79        3.84     4209.00        0.00        0.00        0.00        0.01        0.01        0.01        0.01        0.00        0.01
2025-11-04 00:37:06      838.19       14.80       30.90     1638.00        1.80       15.00        7.30       29.70       -2.20        0.79        3.80     4210.00        0.00        0.00        0.00        0.01        0.01        0.01        0.01        0.00        0.01
2025-11-04 00:37:08      837.76       14.50       31.20     1643.00        1.60      357.00        7.30       29.40       -2.30        0.79        3.77     4212.00        0.00        0.00        0.00        0.01        0.01        0.01        0.01        0.00        0.01
2025-11-04 00:37:09      838.20       14.50       31.30     1638.00        1.60      350.00        7.30       29.40       -2.20        0.79        3.78     4213.00        0.00        0.00        0.00        0.01        0.01        0.01        0.01        0.00        0.01
2025-11-04 00:37:10      838.09       14.80       31.20     1639.00        1.60      351.00        7.30       29.70       -2.10        0.79        3.85     4214.00        0.00        0.00        0.00        0.01        0.01        0.01        0.01        0.00        0.01
2025-11-04 00:37:11      838.04       14.90       31.00     1640.00        1.60      350.00        7.30       29.80       -2.10        0.79        3.84     4215.00        0.00        0.00        0.00        0.01        0.01        0.01        0.01        0.00        0.01
2025-11-04 00:37:12      838.13       14.50       31.10     1639.00        1.60      358.00        7.30       29.40       -2.40        0.79        3.75     4216.00        0.00        0.00        0.00        0.01        0.01        0.01        0.01        0.00        0.01
2025-11-04 00:37:13      838.04       14.50       31.30     1640.00        1.70       11.00        7.30       29.40       -2.30        0.79        3.77     4217.00        0.00        0.00        0.00        0.01        0.01        0.01        0.01        0.00        0.01
2025-11-04 00:37:15      838.13       14.50       31.50     1639.00        2.30      348.00        7.30       29.40       -2.20        0.79        3.81     4219.00        0.00        0.00        0.00        0.01        0.01        0.01        0.01        0.00        0.01
2025-11-04 00:37:17      837.98       14.50       31.60     1640.00        2.40      351.00        7.30       29.40       -2.10        0.79        3.82     4221.00        0.00        0.00        0.00        0.01        0.01        0.01        0.01        0.00        0.01
2025-11-04 00:37:19      837.80       14.70       31.40     1642.00        2.60      358.00        7.30       29.60       -2.00        0.79        3.85     4223.00        0.00        0.00        0.00        0.01        0.01        0.01        0.01        0.00        0.01
2025-11-04 00:37:20      838.24       14.80       31.40     1638.00        2.70      358.00        7.30       29.70       -2.00        0.79        3.87     4224.00        0.00        0.00        0.00        0.01        0.01        0.01        0.01        0.00        0.01
2025-11-04 00:37:21      838.21       14.60       31.50     1638.00        2.50      353.00        7.30       29.50       -2.10        0.79        3.84     4225.00        0.00        0.00        0.00        0.01        0.01        0.01        0.01        0.00        0.01
2025-11-04 00:37:22      838.01       14.80       31.50     1640.00        2.40      341.00        7.30       29.70       -1.90        0.80        3.89     4226.00        0.00        0.00        0.00        0.01        0.01        0.01        0.01        0.00        0.01
2025-11-04 00:37:23      838.19       14.90       31.40     1638.00        2.30      337.00        7.30       29.70       -1.90        0.80        3.89     4227.00        0.00        0.00        0.00        0.01        0.01        0.01        0.01        0.00        0.01
2025-11-04 00:37:27      838.11       14.80       31.30     1639.00        2.20      335.00        7.30       29.70       -2.00        0.79        3.85     4231.00        0.00        0.00        0.00        0.01        0.01        0.01        0.01        0.00        0.01
2025-11-04 00:37:29      838.22       14.80       31.20     1638.00        2.30      334.00        7.30       29.70       -2.00        0.79        3.85     4233.00        0.00        0.00        0.00        0.01        0.01        0.01        0.01        0.00        0.01
2025-11-04 00:37:30      838.17       14.80       31.10     1638.00        2.30      336.00        7.30       29.70       -2.10        0.79        3.83     4234.00        0.00        0.00        0.00        0.01        0.01        0.01        0.01        0.00        0.01
2025-11-04 00:37:31      838.06       14.80       31.30     1640.00        2.60      333.00        7.30       29.70       -2.00        0.79        3.85     4235.00        0.00        0.00        0.00        0.01        0.01        0.01        0.01        0.00        0.01
2025-11-04 00:37:33      838.04       14.70       31.40     1640.00        2.70      333.00        7.30       29.60       -2.00        0.79        3.86     4237.00        0.00        0.00        0.00        0.01        0.01        0.01        0.01        0.00        0.01
2025-11-04 00:37:34      837.90       14.80       31.40     1641.00        2.80      333.00        7.30       29.70       -2.00        0.79        3.87     4238.00        0.00        0.00        0.00        0.01        0.01        0.01        0.01        0.00        0.01
2025-11-04 00:37:35      838.05       14.70       31.40     1640.00        2.90      337.00        7.30       29.60       -2.00        0.79        3.85     4239.00        0.00        0.00        0.00        0.01        0.01        0.01        0.01        0.00        0.01
2025-11-04 00:37:36      837.93       14.70       31.50     1641.00        3.10      333.00        7.30       29.70       -2.00        0.79        3.87     4240.00        0.00        0.00        0.00        0.01        0.01        0.01        0.01        0.00        0.01
2025-11-04 00:37:37      838.11       14.70       31.50     1639.00        3.20      329.00        7.30       29.60       -2.00        0.79        3.87     4241.00        0.00        0.00        0.00        0.01        0.01        0.01        0.01        0.00        0.01
2025-11-04 00:37:38      838.10       14.80       31.60     1639.00        3.20      323.00        7.30       29.70       -1.90        0.80        3.89     4242.00        0.00        0.00        0.00        0.01        0.01        0.01        0.01        0.00        0.01
2025-11-04 00:37:39      837.86       14.70       31.60     1642.00        3.20      330.00        7.30       29.60       -1.90        0.80        3.89     4243.00        0.00        0.00        0.00        0.01        0.01        0.01        0.01        0.00        0.01
2025-11-04 00:37:40      837.86       14.60       31.60     1641.00        3.30      324.00        7.30       29.60       -2.00        0.79        3.86     4244.00        0.00        0.00        0.00        0.01        0.01        0.01        0.01        0.00        0.01
2025-11-04 00:37:41      837.81       14.70       31.70     1642.00        3.40      326.00        7.30       29.70       -1.90        0.80        3.90     4245.00        0.00        0.00        0.00        0.01        0.01        0.01        0.01        0.00        0.01
2025-11-04 00:37:42      837.95       14.70       31.80     1641.00        3.30      325.00        7.30       29.60       -1.90        0.80        3.90     4246.00        0.00        0.00        0.00        0.01        0.01        0.01        0.01        0.00        0.01
2025-11-04 00:37:43      838.13       14.60       31.80     1639.00        3.50      327.00        7.30       29.50       -1.90        0.80        3.88     4247.00        0.00        0.00        0.00        0.01        0.01        0.01        0.01        0.00        0.01
2025-11-04 00:37:44      838.05       14.70       31.80     1640.00        3.50      319.00        7.30       29.60       -1.90        0.80        3.91     4248.00        0.00        0.00        0.00        0.01        0.01        0.01        0.01        0.00        0.01
2025-11-04 00:37:45      838.13       14.70       31.90     1639.00        3.40      314.00        7.30       29.50       -1.90        0.80        3.90     4249.00        0.00        0.00        0.00        0.01        0.01        0.01        0.01        0.00        0.01
2025-11-04 00:37:46      837.70       14.60       31.90     1643.00        3.20      320.00        7.30       29.50       -1.90        0.80        3.89     4250.00        0.00        0.00        0.00        0.01        0.01        0.01        0.01        0.00        0.01
2025-11-04 00:37:47      837.62       14.70       31.90     1644.00        3.20      327.00        7.30       29.60       -1.90        0.80        3.91     4251.00        0.00        0.00        0.00        0.01        0.01        0.01        0.01        0.00        0.01
2025-11-04 00:37:48      837.73       14.70       31.80     1643.00        3.20      335.00        7.30       29.70       -1.90        0.80        3.91     4252.00        0.00        0.00        0.00        0.01        0.01        0.01        0.01        0.00        0.01
2025-11-04 00:37:49      837.80       14.70       31.90     1642.00        3.20      330.00        7.30       29.60       -1.90        0.80        3.91     4253.00        0.00        0.00        0.00        0.01        0.01        0.01        0.01        0.00        0.01
2025-11-04 00:37:50      838.05       14.70       31.90     1640.00        3.30      330.00        7.30       29.60       -1.80        0.80        3.93     4254.00        0.00        0.00        0.00        0.01        0.01        0.01        0.01        0.00        0.01
2025-11-04 00:37:51      837.79       14.70       31.90     1642.00        3.30      336.00        7.30       29.60       -1.80        0.80        3.92     4255.00        0.00        0.00        0.00        0.01        0.01        0.01        0.01        0.00        0.01
2025-11-04 00:37:52      837.93       14.60       31.90     1641.00        3.40      339.00        7.30       29.50       -1.90        0.80        3.89     4256.00        0.00        0.00        0.00        0.01        0.01        0.01        0.01        0.00        0.01
2025-11-04 00:37:54      837.74       14.70       31.90     1643.00        3.60      339.00        7.30       29.60       -1.80        0.80        3.92     4258.00        0.00        0.00        0.00        0.01        0.01        0.01        0.01        0.00        0.01
2025-11-04 00:37:59      837.74       14.60       32.00     1643.00        4.10      345.00        7.30       29.50       -1.90        0.80        3.91     4263.00        0.00        0.00        0.00        0.01        0.01        0.01        0.01        0.00        0.01
2025-11-04 00:38:00      837.46       14.70       32.10     1646.00        4.00      343.00        7.30       29.60       -1.80        0.80        3.93     4264.00        0.00        0.00        0.00        0.01        0.01        0.01        0.01        0.00        0.01
2025-11-04 00:38:01      837.35       14.60       32.10     1647.00        3.90      342.00        7.30       29.60       -1.80        0.80        3.93     4265.00        0.00        0.00        0.00        0.01        0.01        0.01        0.01        0.00        0.01
2025-11-04 00:38:04      837.39       14.60       32.10     1646.00        4.10      343.00        7.30       29.60       -1.80        0.80        3.94     4268.00        0.00        0.00        0.00        0.01        0.01        0.01        0.01        0.00        0.01
2025-11-04 00:38:05      837.52       14.60       32.20     1645.00        4.10      342.00        7.30       29.50       -1.80        0.80        3.93     4269.00        0.00        0.00        0.00        0.01        0.01        0.01        0.01        0.00        0.01
2025-11-04 00:38:06      837.53       14.60       32.20     1645.00        4.00      339.00        7.30       29.60       -1.80        0.80        3.94     4270.00        0.00        0.00        0.00        0.01        0.01        0.01        0.01        0.00        0.01
2025-11-04 00:38:09      837.43       14.60       32.30     1646.00        4.50      341.00        7.30       29.50       -1.80        0.80        3.94     4273.00        0.00        0.00        0.00        0.01        0.01        0.01        0.01        0.00        0.01
2025-11-04 00:38:10      837.33       14.70       32.30     1647.00        4.60      334.00        7.30       29.60       -1.70        0.80        3.97     4274.00        0.00        0.00        0.00        0.01        0.01        0.01        0.01        0.00        0.01
2025-11-04 00:38:11      837.22       14.60       32.40     1648.00        4.50      338.00        7.30       29.60       -1.70        0.80        3.96     4275.00        0.00        0.00        0.00        0.01        0.01        0.01        0.01        0.00        0.01
2025-11-04 00:38:12      837.00       14.60       32.40     1650.00        4.50      336.00        7.30       29.60       -1.70        0.80        3.97     4276.00        0.00        0.00        0.00        0.01        0.01        0.01        0.01        0.00        0.01
2025-11-04 00:38:13      837.24       14.60       32.40     1648.00        4.30      340.00        7.30       29.60       -1.70        0.80        3.97     4277.00        0.00        0.00        0.00        0.01        0.01        0.01        0.01        0.00        0.01
2025-11-04 00:38:14      837.23       14.60       32.40     1648.00        4.30      334.00        7.30       29.60       -1.70        0.80        3.97     4278.00        0.00        0.00        0.00        0.01        0.01        0.01        0.01        0.00        0.01
2025-11-04 00:38:15      837.10       14.60       32.40     1649.00        4.10      343.00        7.30       29.60       -1.70        0.80        3.96     4279.00        0.00        0.00        0.00        0.01        0.01        0.01        0.01        0.00        0.01
2025-11-04 00:38:17      837.13       14.60       32.40     1649.00        4.00      341.00        7.30       29.60       -1.70        0.80        3.96     4281.00        0.00        0.00        0.00        0.01        0.01        0.01        0.01        0.00        0.01
2025-11-04 00:38:18      837.06       14.60       32.40     1650.00        4.00      336.00        7.30       29.70       -1.70        0.80        3.97     4282.00        0.00        0.00        0.00        0.01        0.01        0.01        0.01        0.00        0.01
2025-11-04 00:38:19      837.19       14.70       32.30     1648.00        3.80      332.00        7.30       29.70       -1.70        0.80        3.97     4283.00        0.00        0.00        0.00        0.01        0.01        0.01        0.01        0.00        0.01
2025-11-04 00:38:20      837.07       14.60       32.30     1649.00        3.80      335.00        7.30       29.60       -1.80        0.80        3.95     4284.00        0.00        0.00        0.00        0.01        0.01        0.01        0.01        0.00        0.01
2025-11-04 00:38:21      837.10       14.60       32.30     1649.00        3.80      337.00        7.30       29.60       -1.80        0.80        3.94     4285.00        0.00        0.00        0.00        0.01        0.01        0.01        0.01        0.00        0.01
2025-11-04 00:38:25      836.98       14.60       32.30     1650.00        3.90      338.00        7.30       29.60       -1.70        0.80        3.96     4288.90        0.00        0.00        0.00        0.01        0.01        0.01        0.01        0.00        0.01
2025-11-04 00:38:26      837.01       14.60       32.40     1650.00        3.90      340.00        7.30       29.60       -1.80        0.80        3.95     4289.90        0.00        0.00        0.00        0.01        0.01        0.01        0.01        0.00        0.01
2025-11-04 00:38:27      836.90       14.60       32.40     1651.00        4.10      341.00        7.30       29.60       -1.80        0.80        3.95     4290.90        0.00        0.00        0.00        0.01        0.01        0.01        0.01        0.00        0.01
2025-11-04 00:38:28      836.91       14.50       32.30     1651.00        4.10      342.00        7.30       29.50       -1.80        0.80        3.93     4291.90        0.00        0.00        0.00        0.01        0.01        0.01        0.01        0.00        0.01
2025-11-04 00:38:29      836.81       14.60       32.30     1652.00        4.00      339.00        7.30       29.60       -1.80        0.80        3.95     4292.90        0.00        0.00        0.00        0.01        0.01        0.01        0.01        0.00        0.01
2025-11-04 00:38:30      836.99       14.60       32.40     1650.00        3.90      335.00        7.30       29.60       -1.80        0.80        3.95     4293.90        0.00        0.00        0.00        0.01        0.01        0.01        0.01        0.00        0.01
2025-11-04 00:38:31      836.79       14.50       32.40     1652.00        3.80      335.00        7.30       29.60       -1.80        0.80        3.94     4294.90        0.00        0.00        0.00        0.01        0.01        0.01        0.01        0.00        0.01
2025-11-04 00:38:34      836.78       14.50       32.40     1652.00        4.00      341.00        7.30       29.60       -1.80        0.80        3.94     4297.90        0.00        0.00        0.00        0.01        0.01        0.01        0.01        0.00        0.01
2025-11-04 00:38:36      836.66       14.60       32.40     1654.00        3.70      333.00        7.30       29.60       -1.80        0.80        3.95     4299.90        0.00        0.00        0.00        0.01        0.01        0.01        0.01        0.00        0.01
2025-11-04 00:38:37      836.69       14.50       32.50     1653.00        4.00      328.00        7.30       29.60       -1.70        0.80        3.96     4300.90        0.00        0.00        0.00        0.01        0.01        0.01        0.01        0.00        0.01
2025-11-04 00:38:38      836.68       14.50       32.40     1653.00        4.10      337.00        7.30       29.60       -1.80        0.80        3.94     4301.90        0.00        0.00        0.00        0.01        0.01        0.01        0.01        0.00        0.01
2025-11-04 00:38:39      836.74       14.50       32.50     1653.00        4.10      333.00        7.30       29.60       -1.80        0.80        3.95     4302.90        0.00        0.00        0.00        0.01        0.01        0.01        0.01        0.00        0.01
2025-11-04 00:38:42      836.67       14.60       32.50     1654.00        3.80      334.00        7.30       29.60       -1.70        0.80        3.97     4305.90        0.00        0.00        0.00        0.01        0.01        0.01        0.01        0.00        0.01
2025-11-04 00:38:43      836.80       14.50       32.40     1652.00        3.80      331.00        7.30       29.60       -1.80        0.80        3.95     4306.90        0.00        0.00        0.00        0.01        0.01        0.01        0.01        0.00        0.01
2025-11-04 00:38:44      836.72       14.50       32.40     1653.00        3.80      321.00        7.30       29.60       -1.80        0.80        3.95     4307.90        0.00        0.00        0.00        0.01        0.01        0.01        0.01        0.00        0.01
2025-11-04 00:38:45      836.65       14.60       32.40     1654.00        3.90      316.00        7.30       29.60       -1.70        0.80        3.97     4308.90        0.00        0.00        0.00        0.01        0.01        0.01        0.01        0.00        0.01
2025-11-04 00:38:47      836.71       14.60       32.60     1653.00        4.00      333.00        7.30       29.60       -1.70        0.80        3.98     4310.90        0.00        0.00        0.00        0.01        0.01        0.01        0.01        0.00        0.01
2025-11-04 00:38:48      836.88       14.60       32.50     1651.00        3.90      334.00        7.30       29.60       -1.60        0.80        3.99     4311.90        0.00        0.00        0.00        0.01        0.01        0.01        0.01        0.00        0.01
2025-11-04 00:38:49      836.79       14.60       32.50     1652.00        4.20      338.00        7.30       29.60       -1.70        0.80        3.97     4312.90        0.00        0.00        0.00        0.01        0.01        0.01        0.01        0.00        0.01
2025-11-04 00:38:50      836.58       14.60       32.50     1654.00        4.10      339.00        7.30       29.60       -1.70        0.80        3.97     4313.90        0.00        0.00        0.00        0.01        0.01        0.01        0.01        0.00        0.01
2025-11-04 00:38:51      836.73       14.60       32.50     1653.00        4.20      341.00        7.30       29.60       -1.70        0.80        3.98     4314.90        0.00        0.00        0.00        0.01        0.01        0.01        0.01        0.00        0.01
2025-11-04 00:38:53      836.68       14.60       32.50     1653.00        4.00      346.00        7.30       29.60       -1.70        0.80        3.97     4316.90        0.00        0.00        0.00        0.01        0.01        0.01        0.01        0.00        0.01
2025-11-04 00:38:55      836.52       14.60       32.50     1655.00        4.00      334.00        7.30       29.70       -1.70        0.80        3.99     4318.90        0.00        0.00        0.00        0.01        0.01        0.01        0.01        0.00        0.01
2025-11-04 00:38:56      836.68       14.60       32.50     1653.00        4.10      341.00        7.30       29.60       -1.70        0.80        3.96     4319.90        0.00        0.00        0.00        0.01        0.01        0.01        0.01        0.00        0.01
2025-11-04 00:38:58      836.54       14.60       32.50     1655.00        4.30      343.00        7.30       29.70       -1.70        0.80        3.98     4321.90        0.00        0.00        0.00        0.01        0.01        0.01        0.01        0.00        0.01
2025-11-04 00:38:59      836.65       14.60       32.50     1654.00        4.70      339.00        7.30       29.70       -1.60        0.80        3.99     4322.90        0.00        0.00        0.00        0.01        0.01        0.01        0.01        0.00        0.01
2025-11-04 00:39:00      836.46       14.50       32.60     1656.00        4.80      340.00        7.30       29.60       -1.70        0.80        3.97     4323.90        0.00        0.00        0.00        0.01        0.01        0.01        0.01        0.00        0.01
2025-11-04 00:39:01      836.43       14.60       32.60     1656.00        4.80      347.00        7.30       29.60       -1.70        0.80        3.98     4324.90        0.00        0.00        0.00        0.01        0.01        0.01        0.01        0.00        0.01
2025-11-04 00:39:02      836.20       14.60       32.60     1658.00        4.80      336.00        7.30       29.70       -1.60        0.80        3.99     4325.90        0.00        0.00        0.00        0.01        0.01        0.01        0.01        0.00        0.01
2025-11-04 00:39:03      836.52       14.50       32.60     1655.00        4.60      340.00        7.30       29.60       -1.70        0.80        3.97     4326.90        0.00        0.00        0.00        0.01        0.01        0.01        0.01        0.00        0.01
2025-11-04 00:39:05      836.25       14.50       32.50     1658.00        4.90      344.00        7.30       29.60       -1.70        0.80        3.96     4328.90        0.00        0.00        0.00        0.01        0.01        0.01        0.01        0.00        0.01
2025-11-04 00:39:06      836.25       14.50       32.60     1658.00        4.80      344.00        7.30       29.60       -1.70        0.80        3.98     4329.90        0.00        0.00        0.00        0.01        0.01        0.01        0.01        0.00        0.01
2025-11-04 00:39:07      836.10       14.50       32.60     1659.00        5.10      349.00        7.30       29.60       -1.70        0.80        3.97     4330.90        0.00        0.00        0.00        0.01        0.01        0.01        0.01        0.00        0.01
2025-11-04 00:39:10      835.96       14.50       32.60     1661.00        5.10      350.00        7.30       29.60       -1.70        0.80        3.96     4333.90        0.00        0.00        0.00        0.01        0.01        0.01        0.01        0.00        0.01
2025-11-04 00:39:11      835.80       14.60       32.70     1662.00        5.30      350.00        7.30       29.70       -1.60        0.80        4.00     4334.90        0.00        0.00        0.00        0.01        0.01        0.01        0.01        0.00        0.01
2025-11-04 00:39:12      836.00       14.60       32.60     1660.00        5.40      348.00        7.30       29.70       -1.60        0.80        3.99     4335.90        0.00        0.00        0.00        0.01        0.01        0.01        0.01        0.00        0.01
2025-11-04 00:39:14      835.96       14.50       32.60     1661.00        5.60      350.00        7.30       29.60       -1.70        0.80        3.98     4337.90        0.00        0.00        0.00        0.01        0.01        0.01        0.01        0.00        0.01
2025-11-04 00:39:15      835.62       14.50       32.80     1664.00        5.50      346.00        7.30       29.70       -1.60        0.80        4.00     4338.90        0.00        0.00        0.00        0.01        0.01        0.01        0.01        0.00        0.01
2025-11-04 00:39:16      835.81       14.50       32.80     1662.00        5.50      351.00        7.30       29.70       -1.60        0.80        4.01     4339.90        0.00        0.00        0.00        0.01        0.01        0.01        0.01        0.00        0.01
2025-11-04 00:39:17      835.62       14.50       32.80     1664.00        5.70      349.00        7.30       29.70       -1.60        0.80        4.00     4340.90        0.00        0.00        0.00        0.01        0.01        0.01        0.01        0.00        0.01
2025-11-04 00:39:20      835.16       14.50       32.90     1669.00        6.00      352.00        7.30       29.70       -1.60        0.80        4.02     4343.90        0.00        0.00        0.00        0.01        0.01        0.01        0.01        0.00        0.01
2025-11-04 00:39:21      835.16       14.50       32.90     1669.00        5.70      338.00        7.30       29.70       -1.60        0.80        4.00     4344.90        0.00        0.00        0.00        0.01        0.01        0.01        0.01        0.00        0.01
2025-11-04 00:39:22      835.10       14.50       32.90     1669.00        5.80      346.00        7.30       29.60       -1.60        0.80        4.00     4345.90        0.00        0.00        0.00        0.01        0.01        0.01        0.01        0.00        0.01
2025-11-04 00:39:24      835.01       14.50       33.10     1670.00        5.40      346.00        7.30       29.70       -1.50        0.80        4.04     4347.90        0.00        0.00        0.00        0.01        0.01        0.01        0.01        0.00        0.01
2025-11-04 00:39:25      835.14       14.50       32.90     1669.00        5.00      350.00        7.30       29.70       -1.60        0.80        4.01     4348.90        0.00        0.00        0.00        0.01        0.01        0.01        0.01        0.00        0.01
2025-11-04 00:39:26      835.03       14.60       33.00     1670.00        4.80      355.00        7.30       29.80       -1.50        0.80        4.05     4349.90        0.00        0.00        0.00        0.01        0.01        0.01        0.01        0.00        0.01
2025-11-04 00:39:27      835.00       14.50       33.00     1670.00        5.10      352.00        7.30       29.70       -1.50        0.80        4.04     4350.90        0.00        0.00        0.00        0.01        0.01        0.01        0.01        0.00        0.01
2025-11-04 00:39:28      834.76       14.50       33.10     1673.00        5.30      352.00        7.30       29.80       -1.50        0.80        4.04     4351.90        0.00        0.00        0.00        0.01        0.01        0.01        0.01        0.00        0.01
2025-11-04 00:39:29      835.01       14.50       33.00     1670.00        5.50      352.00        7.30       29.70       -1.50        0.80        4.03     4352.90        0.00        0.00        0.00        0.01        0.01        0.01        0.01        0.00        0.01
2025-11-04 00:39:31      834.90       14.40       33.00     1671.00        5.50      351.00        7.30       29.70       -1.60        0.80        4.01     4354.90        0.00        0.00        0.00        0.01        0.01        0.01        0.01        0.00        0.01
2025-11-04 00:39:32      834.73       14.50       33.00     1673.00        5.30      347.00        7.30       29.70       -1.50        0.80        4.03     4355.90        0.00        0.00        0.00        0.01        0.01        0.01        0.01        0.00        0.01
2025-11-04 00:39:33      834.90       14.50       32.90     1671.00        5.00      334.00        7.30       29.70       -1.60        0.80        4.00     4356.90        0.00        0.00        0.00        0.01        0.01        0.01        0.01        0.00        0.01
2025-11-04 00:39:34      834.77       14.30       32.90     1673.00        4.70      345.00        7.30       29.60       -1.70        0.80        3.97     4357.90        0.00        0.00        0.00        0.01        0.01        0.01        0.01        0.00        0.01
2025-11-04 00:39:35      835.10       14.40       32.80     1669.00        4.60      341.00        7.30       29.60       -1.70        0.80        3.97     4358.90        0.00        0.00        0.00        0.01        0.01        0.01        0.01        0.00        0.01
2025-11-04 00:39:37      834.88       14.40       32.90     1672.00        4.40      334.00        7.30       29.60       -1.70        0.80        3.97     4360.90        0.00        0.00        0.00        0.01        0.01        0.01        0.01        0.00        0.01
2025-11-04 00:39:38      834.63       14.30       32.80     1674.00        4.40        5.00        7.30       29.50       -1.80        0.80        3.94     4361.90        0.00        0.00        0.00        0.01        0.01        0.01        0.01        0.00        0.01
2025-11-04 00:39:40      834.51       14.30       32.90     1675.00        4.40      336.00        7.30       29.60       -1.70        0.80        3.96     4363.90        0.00        0.00        0.00        0.01        0.01        0.01        0.01        0.00        0.01
2025-11-04 00:39:41      834.53       14.40       32.90     1675.00        4.30      340.00        7.30       29.60       -1.70        0.80        3.98     4364.90        0.00        0.00        0.00        0.01        0.01        0.01        0.01        0.00        0.01
2025-11-04 00:39:42      834.65       14.40       32.90     1674.00        4.20      334.00        7.30       29.60       -1.70        0.80        3.98     4365.90        0.00        0.00        0.00        0.01        0.01        0.01        0.01        0.00        0.01
2025-11-04 00:39:43      834.73       14.40       32.80     1673.00        4.20      350.00        7.30       29.60       -1.80        0.80        3.96     4366.90        0.00        0.00        0.00        0.01        0.01        0.01        0.01        0.00        0.01
2025-11-04 00:39:44      834.65       14.30       32.70     1674.00        3.90      350.00        7.30       29.60       -1.80        0.80        3.94     4367.90        0.00        0.00        0.00        0.01        0.01        0.01        0.01        0.00        0.01
2025-11-04 00:39:45      834.87       14.30       32.80     1672.00        3.80      346.00        7.30       29.50       -1.80        0.80        3.94     4368.90        0.00        0.00        0.00        0.01        0.01        0.01        0.01        0.00        0.01
2025-11-04 00:39:46      834.63       14.40       32.80     1674.00        3.70      348.00        7.30       29.70       -1.70        0.80        3.99     4369.90        0.00        0.00        0.00        0.01        0.01        0.01        0.01        0.00        0.01
2025-11-04 00:39:48      834.63       14.50       32.70     1674.00        3.20      341.00        7.30       29.70       -1.70        0.80        3.97     4371.90        0.00        0.00        0.00        0.01        0.01        0.01        0.01        0.00        0.01
2025-11-04 00:39:49      834.56       14.40       32.60     1675.00        3.00      335.00        7.30       29.60       -1.80        0.80        3.94     4372.90        0.00        0.00        0.00        0.01        0.01        0.01        0.01        0.00        0.01
2025-11-04 00:39:50      834.62       14.40       32.60     1674.00        3.10      348.00        7.30       29.70       -1.80        0.80        3.94     4373.90        0.00        0.00        0.00        0.01        0.01        0.01        0.01        0.00        0.01
2025-11-04 00:39:53      834.66       14.40       32.50     1674.00        3.10      355.00        7.30       29.60       -1.90        0.80        3.92     4376.90        0.00        0.00        0.00        0.01        0.01        0.01        0.01        0.00        0.01
2025-11-04 00:39:57      834.57       14.40       32.60     1675.00        3.30      322.00        7.30       29.60       -1.80        0.80        3.94     4380.90        0.00        0.00        0.00        0.01        0.01        0.01        0.01        0.00        0.01
2025-11-04 00:39:58      834.35       14.30       32.60     1677.00        3.40      312.00        7.30       29.60       -1.90        0.80        3.91     4381.90        0.00        0.00        0.00        0.01        0.01        0.01        0.01        0.00        0.01
2025-11-04 00:39:59      834.50       14.30       32.60     1675.00        3.60      333.00        7.30       29.60       -1.90        0.80        3.92     4382.90        0.00        0.00        0.00        0.01        0.01        0.01        0.01        0.00        0.01
2025-11-04 00:40:00      834.58       14.40       32.60     1675.00        3.50      327.00        7.30       29.60       -1.80        0.80        3.94     4383.90        0.00        0.00        0.00        0.01        0.01        0.01        0.01        0.00        0.01
2025-11-04 00:40:01      834.45       14.40       32.60     1676.00        3.50      318.00        7.30       29.70       -1.80        0.80        3.94     4384.90        0.00        0.00        0.00        0.01        0.01        0.01        0.01        0.00        0.01
2025-11-04 00:40:02      834.46       14.40       32.60     1676.00        3.50      321.00        7.30       29.70       -1.80        0.80        3.95     4385.90        0.00        0.00        0.00        0.01        0.01        0.01        0.01        0.00        0.01
2025-11-04 00:40:03      834.62       14.40       32.60     1674.00        3.60      306.00        7.30       29.60       -1.90        0.80        3.93     4386.90        0.00        0.00        0.00        0.01        0.01        0.01        0.01        0.00        0.01
2025-11-04 00:40:04      834.54       14.30       32.60     1675.00        3.50      310.00        7.30       29.60       -1.90        0.80        3.92     4387.80        0.00        0.00        0.00        0.01        0.01        0.01        0.01        0.00        0.01
2025-11-04 00:40:07      834.48       14.30       32.60     1676.00        3.10      331.00        7.30       29.60       -1.90        0.80        3.92     4390.80        0.00        0.00        0.00        0.01        0.01        0.01        0.01        0.00        0.01
2025-11-04 00:40:08      834.45       14.30       32.60     1676.00        3.10      325.00        7.30       29.60       -1.90        0.80        3.92     4391.80        0.00        0.00        0.00        0.01        0.01        0.01        0.01        0.00        0.01
2025-11-04 00:40:09      834.45       14.20       32.60     1676.00        3.10      347.00        7.30       29.50       -2.00        0.80        3.90     4392.80        0.00        0.00        0.00        0.01        0.01        0.01        0.01        0.00        0.01
2025-11-04 00:40:11      834.47       14.40       32.50     1676.00        3.20      341.00        7.30       29.70       -1.80        0.80        3.93     4394.80        0.00        0.00        0.00        0.01        0.01        0.01        0.01        0.00        0.01
2025-11-04 00:40:12      834.43       14.40       32.50     1676.00        3.20      331.00        7.30       29.60       -1.90        0.80        3.92     4395.80        0.00        0.00        0.00        0.01        0.01        0.01        0.01        0.00        0.01
2025-11-04 00:40:14      834.43       14.40       32.50     1676.00        3.10      325.00        7.30       29.60       -1.90        0.80        3.92     4397.80        0.00        0.00        0.00        0.01        0.01        0.01        0.01        0.00        0.01
2025-11-04 00:40:15      834.51       14.30       32.50     1675.00        3.20      326.00        7.30       29.60       -1.90        0.80        3.90     4398.80        0.00        0.00        0.00        0.01        0.01        0.01        0.01        0.00        0.01
2025-11-04 00:40:16      834.57       14.40       32.50     1675.00        3.20      333.00        7.30       29.70       -1.90        0.80        3.93     4399.80        0.00        0.00        0.00        0.01        0.01        0.01        0.01        0.00        0.01
2025-11-04 00:40:19      834.28       14.30       32.50     1678.00        3.70      344.00        7.30       29.60       -1.90        0.80        3.92     4402.80        0.00        0.00        0.00        0.01        0.01        0.01        0.01        0.00        0.01
2025-11-04 00:40:20      834.15       14.40       32.60     1679.00        3.70      352.00        7.30       29.70       -1.80        0.80        3.94     4403.80        0.00        0.00        0.00        0.01        0.01        0.01        0.01        0.00        0.01
2025-11-04 00:40:21      834.24       14.30       32.60     1678.00        3.80      337.00        7.30       29.60       -1.90        0.80        3.92     4404.80        0.00        0.00        0.00        0.01        0.01        0.01        0.01        0.00        0.01
2025-11-04 00:40:24      834.29       14.40       32.60     1678.00        3.40      330.00        7.30       29.60       -1.80        0.80        3.94     4407.80        0.00        0.00        0.00        0.01        0.01        0.01        0.01        0.00        0.01
2025-11-04 00:40:25      834.29       14.30       32.50     1678.00        3.20      347.00        7.30       29.50       -1.90        0.80        3.90     4408.80        0.00        0.00        0.00        0.01        0.01        0.01        0.01        0.00        0.01
2025-11-04 00:40:26      834.26       14.30       32.60     1678.00        3.30      341.00        7.30       29.60       -1.80        0.80        3.93     4409.80        0.00        0.00        0.00        0.01        0.01        0.01        0.01        0.00        0.01
2025-11-04 00:40:27      834.30       14.40       32.60     1677.00        3.50      333.00        7.30       29.70       -1.80        0.80        3.95     4410.80        0.00        0.00        0.00        0.01        0.01        0.01        0.01        0.00        0.01
2025-11-04 00:40:28      834.29       14.40       32.60     1678.00        3.50      316.00        7.30       29.60       -1.80        0.80        3.94     4411.80        0.00        0.00        0.00        0.01        0.01        0.01        0.01        0.00        0.01
2025-11-04 00:40:32      833.97       14.30       32.70     1681.00        3.10      310.00        7.30       29.60       -1.90        0.80        3.93     4415.80        0.00        0.00        0.00        0.01        0.01        0.01        0.01        0.00        0.01
2025-11-04 00:40:34      833.86       14.30       32.80     1682.00        3.30      296.00        7.30       29.60       -1.80        0.80        3.94     4417.80        0.00        0.00        0.00        0.01        0.01        0.01        0.01        0.00        0.01
2025-11-04 00:40:35      834.04       14.30       32.80     1680.00        3.40      309.00        7.30       29.60       -1.80        0.80        3.94     4418.80        0.00        0.00        0.00        0.01        0.01        0.01        0.01        0.00        0.01
2025-11-04 00:40:36      833.85       14.30       32.80     1682.00        3.40      311.00        7.30       29.60       -1.80        0.80        3.95     4419.80        0.00        0.00        0.00        0.01        0.01        0.01        0.01        0.00        0.01
2025-11-04 00:40:38      833.66       14.30       33.00     1684.00        3.50      260.00        7.30       29.60       -1.70        0.80        3.97     4421.80        0.00        0.00        0.00        0.01        0.01        0.01        0.01        0.00        0.01
2025-11-04 00:40:40      833.79       14.20       33.10     1683.00        4.00      257.00        7.30       29.60       -1.80        0.80        3.97     4423.80        0.00        0.00        0.00        0.01        0.01        0.01        0.01        0.00        0.01
2025-11-04 00:40:41      833.59       14.30       33.10     1685.00        3.80      258.00        7.30       29.60       -1.70        0.80        3.98     4424.80        0.00        0.00        0.00        0.01        0.01        0.01        0.01        0.00        0.01
2025-11-04 00:40:44      833.64       14.30       33.10     1684.00        3.40      262.00        7.30       29.60       -1.70        0.80        3.98     4427.80        0.00        0.00        0.00        0.01        0.01        0.01        0.01        0.00        0.01
2025-11-04 00:40:45      833.56       14.30       33.10     1685.00        3.30      238.00        7.30       29.60       -1.70        0.80        3.98     4428.80        0.00        0.00        0.00        0.01        0.01        0.01        0.01        0.00        0.01
2025-11-04 00:40:46      833.36       14.30       33.10     1687.00        3.30      244.00        7.30       29.70       -1.70        0.80        3.99     4429.80        0.00        0.00        0.00        0.01        0.01        0.01        0.01        0.00        0.01
2025-11-04 00:40:47      833.70       14.30       33.10     1683.00        3.50      258.00        7.30       29.60       -1.70        0.80        3.97     4430.80        0.00        0.00        0.00        0.01        0.01        0.01        0.01        0.00        0.01
2025-11-04 00:40:49      833.56       14.20       33.10     1685.00        3.60      295.00        7.30       29.60       -1.70        0.80        3.98     4432.80        0.00        0.00        0.00        0.01        0.01        0.01        0.01        0.00        0.01
2025-11-04 00:40:51      833.38       14.30       33.10     1687.00        3.30      277.00        7.30       29.60       -1.70        0.80        3.99     4434.80        0.00        0.00        0.00        0.01        0.01        0.01        0.01        0.00        0.01
2025-11-04 00:40:52      833.34       14.20       33.10     1687.00        3.20      279.00        7.30       29.50       -1.80        0.80        3.96     4435.80        0.00        0.00        0.00        0.01        0.01        0.01        0.01        0.00        0.01
2025-11-04 00:40:54      833.28       14.10       33.20     1688.00        3.00      300.00        7.30       29.50       -1.80        0.80        3.94     4437.80        0.00        0.00        0.00        0.01        0.01        0.01        0.01        0.00        0.01
2025-11-04 00:40:56      833.24       14.40       33.00     1688.00        2.90      303.00        7.30       29.70       -1.70        0.80        3.99     4439.80        0.00        0.00        0.00        0.01        0.01        0.01        0.01        0.00        0.01
2025-11-04 00:40:58      833.28       14.30       32.90     1688.00        2.90      309.00        7.30       29.70       -1.70        0.80        3.97     4441.80        0.00        0.00        0.00        0.01        0.01        0.01        0.01        0.00        0.01
2025-11-04 00:41:00      833.18       14.30       32.90     1689.00        3.00      300.00        7.30       29.70       -1.80        0.80        3.95     4443.80        0.00        0.00        0.00        0.01        0.01        0.01        0.01        0.00        0.01
2025-11-04 00:41:01      833.36       14.30       32.90     1687.00        3.10      306.00        7.30       29.70       -1.80        0.80        3.96     4444.80        0.00        0.00        0.00        0.01        0.01        0.01        0.01        0.00        0.01
2025-11-04 00:41:04      833.16       14.30       32.80     1689.00        3.00      302.00        7.30       29.70       -1.80        0.80        3.94     4447.80        0.00        0.00        0.00        0.01        0.01        0.01        0.01        0.00        0.01
2025-11-04 00:41:05      832.83       14.30       32.80     1692.00        2.90      309.00        7.30       29.70       -1.80        0.80        3.94     4448.80        0.00        0.00        0.00        0.01        0.01        0.01        0.01        0.00        0.01
2025-11-04 00:41:06      832.75       14.30       32.70     1693.00        2.80      315.00        7.30       29.70       -1.90        0.80        3.93     4449.80        0.00        0.00        0.00        0.01        0.01        0.01        0.01        0.00        0.01
2025-11-04 00:41:07      832.79       14.30       32.70     1693.00        2.80      319.00        7.30       29.70       -1.80        0.80        3.94     4450.80        0.00        0.00        0.00        0.01        0.01        0.01        0.01        0.00        0.01
2025-11-04 00:41:08      832.92       14.30       32.60     1691.00        2.60      319.00        7.30       29.80       -1.80        0.80        3.94     4451.80        0.00        0.00        0.00        0.01        0.01        0.01        0.01        0.00        0.01
2025-11-04 00:41:09      832.83       14.30       32.70     1692.00        2.70      312.00        7.30       29.70       -1.90        0.80        3.93     4452.80        0.00        0.00        0.00        0.01        0.01        0.01        0.01        0.00        0.01
2025-11-04 00:41:10      832.86       14.30       32.60     1692.00        2.70      308.00        7.30       29.70       -1.90        0.80        3.92     4453.80        0.00        0.00        0.00        0.01        0.01        0.01        0.01        0.00        0.01
2025-11-04 00:41:18      832.39       14.10       32.80     1697.00        3.20      311.00        7.30       29.60       -2.00        0.80        3.90     4461.80        0.00        0.00        0.00        0.01        0.01        0.01        0.01        0.00        0.01
2025-11-04 00:41:19      832.38       14.20       32.80     1697.00        3.30      309.00        7.30       29.70       -1.90        0.80        3.94     4462.80        0.00        0.00        0.00        0.01        0.01        0.01        0.01        0.00        0.01
2025-11-04 00:41:20      832.28       14.20       32.80     1698.00        3.30      322.00        7.30       29.60       -1.90        0.80        3.92     4463.80        0.00        0.00        0.00        0.01        0.01        0.01        0.01        0.00        0.01
2025-11-04 00:41:21      832.42       14.20       32.80     1696.00        3.50      323.00        7.30       29.60       -1.90        0.80        3.92     4464.80        0.00        0.00        0.00        0.01        0.01        0.01        0.01        0.00        0.01
2025-11-04 00:41:23      832.44       14.20       32.90     1696.00        3.30      319.00        7.30       29.70       -1.90        0.80        3.94     4466.80        0.00        0.00        0.00        0.01        0.01        0.01        0.01        0.00        0.01
2025-11-04 00:41:25      832.27       14.20       32.80     1698.00        3.20      318.00        7.30       29.60       -1.90        0.80        3.92     4468.80        0.00        0.00        0.00        0.01        0.01        0.01        0.01        0.00        0.01
2025-11-04 00:41:27      832.05       14.20       32.90     1700.00        3.20      315.00        7.30       29.70       -1.90        0.80        3.94     4470.80        0.00        0.00        0.00        0.01        0.01        0.01        0.01        0.00        0.01
2025-11-04 00:41:28      832.16       14.20       32.80     1699.00        3.20      323.00        7.30       29.70       -1.90        0.80        3.92     4471.80        0.00        0.00        0.00        0.01        0.01        0.01        0.01        0.00        0.01
2025-11-04 00:41:29      832.14       14.20       32.80     1699.00        3.30      319.00        7.30       29.70       -1.90        0.80        3.93     4472.80        0.00        0.00        0.00        0.01        0.01        0.01        0.01        0.00        0.01
2025-11-04 00:41:30      832.18       14.20       32.80     1699.00        3.20      323.00        7.30       29.70       -1.90        0.80        3.92     4473.80        0.00        0.00        0.00        0.01        0.01        0.01        0.01        0.00        0.01
2025-11-04 00:41:35      831.62       14.20       33.00     1705.00        3.20      341.00        7.30       29.70       -1.80        0.80        3.95     4478.80        0.00        0.00        0.00        0.01        0.01        0.01        0.01        0.00        0.01
2025-11-04 00:41:36      832.03       14.10       33.10     1700.00        3.30      329.00        7.30       29.60       -1.80        0.80        3.94     4479.80        0.00        0.00        0.00        0.01        0.01        0.01        0.01        0.00        0.01
2025-11-04 00:41:37      831.74       14.20       33.10     1703.00        3.40      339.00        7.30       29.80       -1.80        0.80        3.97     4480.80        0.00        0.00        0.00        0.01        0.01        0.01        0.01        0.00        0.01
2025-11-04 00:41:38      831.58       14.30       33.20     1705.00        3.60      329.00        7.30       29.80       -1.70        0.80        4.00     4481.80        0.00        0.00        0.00        0.01        0.01        0.01        0.01        0.00        0.01
2025-11-04 00:41:39      831.93       14.20       33.10     1701.00        3.60      335.00        7.30       29.70       -1.80        0.80        3.97     4482.80        0.00        0.00        0.00        0.01        0.01        0.01        0.01        0.00        0.01
2025-11-04 00:41:40      831.72       14.20       33.10     1704.00        3.50      337.00        7.30       29.70       -1.80        0.80        3.96     4483.80        0.00        0.00        0.00        0.01        0.01        0.01        0.01        0.00        0.01
2025-11-04 00:41:41      831.61       14.20       33.10     1705.00        3.90      336.00        7.30       29.80       -1.80        0.80        3.97     4484.80        0.00        0.00        0.00        0.01        0.01        0.01        0.01        0.00        0.01
2025-11-04 00:41:43      831.44       14.30       33.10     1706.00        3.90      341.00        7.30       29.80       -1.70        0.80        3.98     4486.80        0.00        0.00        0.00        0.01        0.01        0.01        0.01        0.00        0.01
2025-11-04 00:41:44      831.63       14.20       33.10     1704.00        3.90      337.00        7.30       29.80       -1.80        0.80        3.98     4487.80        0.00        0.00        0.00        0.01        0.01        0.01        0.01        0.00        0.01
2025-11-04 00:41:48      831.28       14.30       33.20     1708.00        3.80      347.00        7.30       29.90       -1.70        0.80        4.01     4491.70        0.00        0.00        0.00        0.01        0.01        0.01        0.01        0.00        0.01
2025-11-04 00:41:49      831.11       14.30       33.20     1710.00        3.80      345.00        7.30       29.90       -1.70        0.80        4.01     4492.70        0.00        0.00        0.00        0.01        0.01        0.01        0.01        0.00        0.01
2025-11-04 00:41:50      830.98       14.30       33.20     1711.00        3.70      336.00        7.30       29.90       -1.70        0.80        4.00     4493.70        0.00        0.00        0.00        0.01        0.01        0.01        0.01        0.00        0.01
2025-11-04 00:41:54      830.98       14.10       33.10     1711.00        4.00      328.00        7.30       29.70       -1.90        0.80        3.94     4497.70        0.00        0.00        0.00        0.01        0.01        0.01        0.01        0.00        0.01
2025-11-04 00:41:56      830.91       14.10       33.00     1712.00        3.80      335.00        7.30       29.70       -1.90        0.80        3.92     4499.70        0.00        0.00        0.00        0.01        0.01        0.01        0.01        0.00        0.01
2025-11-04 00:41:57      830.80       14.10       33.00     1713.00        3.60      330.00        7.30       29.80       -1.90        0.80        3.94     4500.70        0.00        0.00        0.00        0.01        0.01        0.01        0.01        0.00        0.01
2025-11-04 00:41:58      830.96       14.10       33.00     1711.00        3.50      334.00        7.30       29.70       -1.90        0.80        3.92     4501.70        0.00        0.00        0.00        0.01        0.01        0.01        0.01        0.00        0.01
2025-11-04 00:42:00      830.98       14.00       32.90     1711.00        3.30      336.00        7.30       29.60       -2.00        0.80        3.90     4503.70        0.00        0.00        0.00        0.01        0.01        0.01        0.01        0.00        0.01
2025-11-04 00:42:02      830.48       14.10       33.00     1716.00        3.00      331.00        7.30       29.80       -1.90        0.80        3.93     4505.70        0.00        0.00        0.00        0.01        0.01        0.01        0.01        0.00        0.01
2025-11-04 00:42:03      830.55       14.10       32.90     1715.00        2.80      328.00        7.30       29.80       -1.90        0.80        3.92     4506.70        0.00        0.00        0.00        0.01        0.01        0.01        0.01        0.00        0.01
2025-11-04 00:42:04      830.47       14.00       32.90     1716.00        2.80      328.00        7.30       29.70       -2.00        0.80        3.90     4507.70        0.00        0.00        0.00        0.01        0.01        0.01        0.01        0.00        0.01
2025-11-04 00:42:05      830.53       13.90       33.00     1716.00        2.80      322.00        7.30       29.50       -2.10        0.79        3.86     4508.70        0.00        0.00        0.00        0.01        0.01        0.01        0.01        0.00        0.01
2025-11-04 00:42:07      830.55       14.00       33.10     1715.00        2.60      319.00        7.30       29.70       -2.00        0.80        3.92     4510.70        0.00        0.00        0.00        0.01        0.01        0.01        0.01        0.00        0.01
2025-11-04 00:42:10      830.31       14.00       33.00     1718.00        2.30      339.00        7.30       29.70       -2.00        0.80        3.90     4513.70        0.00        0.00        0.00        0.01        0.01        0.01        0.01        0.00        0.01
2025-11-04 00:42:11      830.23       13.90       33.00     1719.00        2.10      343.00        7.30       29.50       -2.10        0.79        3.86     4514.70        0.00        0.00        0.00        0.01        0.01        0.01        0.01        0.00        0.01
2025-11-04 00:42:12      830.37       13.80       33.20     1717.00        2.00      331.00        7.30       29.50       -2.10        0.80        3.88     4515.70        0.00        0.00        0.00        0.01        0.01        0.01        0.01        0.00        0.01
2025-11-04 00:42:13      830.30       14.00       33.20     1718.00        2.00      324.00        7.30       29.70       -1.90        0.80        3.93     4516.70        0.00        0.00        0.00        0.01        0.01        0.01        0.01        0.00        0.01
2025-11-04 00:42:14      830.11       14.00       33.30     1720.00        2.00      316.00        7.30       29.70       -1.90        0.80        3.95     4517.70        0.00        0.00        0.00        0.01        0.01        0.01        0.01        0.00        0.01
2025-11-04 00:42:15      830.09       13.90       33.30     1720.00        2.10      319.00        7.30       29.60       -1.90        0.80        3.93     4518.70        0.00        0.00        0.00        0.01        0.01        0.01        0.01        0.00        0.01
2025-11-04 00:42:16      830.27       14.00       33.50     1718.00        2.10      323.00        7.30       29.60       -1.90        0.80        3.95     4519.70        0.00        0.00        0.00        0.01        0.01        0.01        0.01        0.00        0.01
2025-11-04 00:42:17      830.09       13.90       33.40     1720.00        2.10      329.00        7.30       29.60       -1.90        0.80        3.94     4520.70        0.00        0.00        0.00        0.01        0.01        0.01        0.01        0.00        0.01
2025-11-04 00:42:18      829.94       13.90       33.40     1722.00        2.20      342.00        7.30       29.60       -1.90        0.80        3.92     4521.70        0.00        0.00        0.00        0.01        0.01        0.01        0.01        0.00        0.01
2025-11-04 00:42:19      830.08       14.10       33.30     1720.00        2.30      344.00        7.30       29.80       -1.80        0.80        3.96     4522.70        0.00        0.00        0.00        0.01        0.01        0.01        0.01        0.00        0.01
