        Time       Press        Temp          Rh         Alt       Speed         Dir        Batt       PTemp         Dew          SH          MR          Et       Ozone      O3Curr      O3Temp         AD1         AD2         AD3         AD4         AD5         AD6
2025-11-04 00:55:14      870.79       18.80       27.60     1314.00        1.20      341.00        7.20       30.60       -0.20        0.81        4.31     5297.90        0.00        0.00        0.00        0.01        0.01        0.01        0.01        0.01        0.01
2025-11-04 00:55:15      870.39       19.30       28.10     1318.00        1.20      342.00        7.20       31.10        0.40        0.82        4.53     5298.90        0.00        0.00        0.00        0.01        0.01        0.01        0.01        0.01        0.01
2025-11-04 00:55:16      870.29       19.30       28.10     1319.00        1.20      352.00        7.20       31.20        0.50        0.82        4.55     5299.90        0.00        0.00        0.00        0.01        0.01        0.01        0.01        0.01        0.01
2025-11-04 00:55:17      870.36       19.10       27.30     1318.00        1.10      357.00        7.20       31.00       -0.10        0.81        4.37     5300.90        0.00        0.00        0.00        0.01        0.01        0.01        0.01        0.01        0.01
2025-11-04 00:55:18      870.53       19.10       27.30     1316.00        1.00      357.00        7.20       30.90       -0.10        0.81        4.34     5301.90        0.00        0.00        0.00        0.01        0.01        0.01        0.01        0.01        0.01
2025-11-04 00:55:19      870.43       19.40       27.90     1317.00        0.90      357.00        7.20       31.30        0.40        0.82        4.54     5302.90        0.00        0.00        0.00        0.01        0.01        0.01        0.01        0.01        0.01
2025-11-04 00:55:20      870.39       18.80       26.80     1318.00        0.90      358.00        7.20       30.70       -0.60        0.81        4.18     5303.90        0.00        0.00        0.00        0.01        0.01        0.01        0.01        0.01        0.01
2025-11-04 00:55:21      870.43       19.20       28.10     1317.00        0.80      357.00        7.20       31.10        0.40        0.82        4.52     5304.90        0.00        0.00        0.00        0.01        0.01        0.01        0.01        0.01        0.01
2025-11-04 00:55:24      870.54       19.50       27.70     1316.00        0.60      346.00        7.20       31.40        0.40        0.82        4.53     5307.90        0.00        0.00        0.00        0.01        0.01        0.01        0.01        0.01        0.01
2025-11-04 00:55:25      870.48       19.60       27.20     1317.00        0.60      344.00        7.20       31.40        0.20        0.82        4.46     5308.90        0.00        0.00        0.00        0.01        0.01        0.01        0.01        0.01        0.01
2025-11-04 00:55:26      870.30       19.60       27.30     1319.00        0.60      340.00        7.20       31.50        0.30        0.82        4.49     5309.90        0.00        0.00        0.00        0.01        0.01        0.01        0.01        0.01        0.01
2025-11-04 00:55:28      870.31       19.50       26.80     1319.00        0.50      304.00        7.20       31.30       -0.10        0.81        4.38     5311.90        0.00        0.00        0.00        0.01        0.01        0.01        0.01        0.01        0.01
2025-11-04 00:55:35      870.47       19.30       26.40     1317.00       38.50      333.00        7.30       31.10       -0.50        0.81        4.23     5318.60        0.00        0.00        0.00        0.01        0.01        0.01        0.01        0.01        0.01
2025-11-04 00:55:37      870.60       19.20       26.30     1316.00        1.00      327.00        7.20       31.00       -0.50        0.81        4.21     5320.60        0.00        0.00        0.00        0.01        0.01        0.01        0.01        0.01        0.01
2025-11-04 00:55:38      870.46       19.90       26.70     1317.00        1.00      326.00        7.20       31.80        0.20        0.82        4.47     5321.60        0.00        0.00        0.00        0.01        0.01        0.01        0.01        0.01        0.01
2025-11-04 00:55:39      870.29       19.20       26.40     1319.00        0.90      317.00        7.20       31.10       -0.50        0.81        4.23     5322.60        0.00        0.00        0.00        0.01        0.01        0.01        0.01        0.01        0.01
2025-11-04 00:55:40      870.42       19.70       26.80     1318.00        0.80      323.00        7.20       31.60        0.10        0.82        4.44     5323.50        0.00        0.00        0.00        0.01        0.01        0.01        0.01        0.01        0.01
2025-11-04 00:55:41      870.57       20.10       27.50     1316.00        0.80      337.00        7.20       32.00        0.80        0.82        4.67     5324.50        0.00        0.00        0.00        0.01        0.01        0.01        0.01        0.01        0.01
2025-11-04 00:55:42      870.64       19.80       26.40     1315.00        0.70      345.00        7.20       31.70        0.10        0.82        4.41     5325.50        0.00        0.00        0.00        0.01        0.01        0.01        0.01        0.01        0.01
2025-11-04 00:55:43      870.42       19.80       27.20     1317.00        0.70      348.00        7.20       31.70        0.40        0.82        4.54     5326.50        0.00        0.00        0.00        0.01        0.01        0.01        0.01        0.01        0.01
2025-11-04 00:55:44      870.69       19.80       26.70     1315.00        0.70      349.00        7.20       31.60        0.10        0.82        4.43     5327.50        0.00        0.00        0.00        0.01        0.01        0.01        0.01        0.01        0.01
2025-11-04 00:55:47      870.72       18.80       25.50     1315.00        0.60      340.00        7.20       30.60       -1.30        0.80        3.94     5330.50        0.00        0.00        0.00        0.01        0.01        0.01        0.01        0.01        0.01
2025-11-04 00:55:48      870.46       18.90       25.50     1317.00        0.60      337.00        7.20       30.70       -1.30        0.80        3.95     5331.50        0.00        0.00        0.00        0.01        0.01        0.01        0.01        0.01        0.01
2025-11-04 00:55:49      870.29       19.40       26.40     1319.00        0.60      329.00        7.20       31.20       -0.40        0.81        4.27     5332.50        0.00        0.00        0.00        0.01        0.01        0.01        0.01        0.01        0.01
2025-11-04 00:55:50      870.43       18.90       25.60     1317.00        0.70      316.00        7.20       30.70       -1.20        0.80        3.96     5333.50        0.00        0.00        0.00        0.01        0.01        0.01        0.01        0.01        0.01
2025-11-04 00:55:54      870.17       18.80       26.10     1320.00        0.80      267.00        7.20       30.60       -1.00        0.80        4.03     5337.50        0.00        0.00        0.00        0.01        0.01        0.01        0.01        0.01        0.01
2025-11-04 00:55:55      869.82       18.60       25.90     1323.00        0.80      297.00        7.20       30.40       -1.30        0.80        3.94     5338.50        0.00        0.00        0.00        0.01        0.01        0.01        0.01        0.01        0.01
2025-11-04 00:55:56      870.16       18.30       25.60     1320.00        0.80      295.00        7.20       30.10       -1.70        0.79        3.81     5339.50        0.00        0.00        0.00        0.01        0.01        0.01        0.01        0.01        0.01
2025-11-04 00:55:58      869.70       18.70       25.80     1325.00        0.90      305.00        7.20       30.50       -1.30        0.80        3.95     5341.50        0.00        0.00        0.00        0.01        0.01        0.01        0.01        0.01        0.01
2025-11-04 00:55:59      869.67       18.80       26.20     1325.00        1.00      309.00        7.20       30.60       -1.00        0.80        4.04     5342.50        0.00        0.00        0.00        0.01        0.01        0.01        0.01        0.01        0.01
2025-11-04 00:56:00      869.87       19.00       26.20     1323.00        1.10      317.00        7.20       30.90       -0.70        0.81        4.13     5343.50        0.00        0.00        0.00        0.01        0.01        0.01        0.01        0.01        0.01
2025-11-04 00:56:01      869.76       18.30       26.00     1324.00        1.20      315.00        7.20       30.20       -1.40        0.80        3.90     5344.50        0.00        0.00        0.00        0.01        0.01        0.01        0.01        0.01        0.01
2025-11-04 00:56:02      869.79       18.00       25.90     1324.00        1.20      272.00        7.20       29.80       -1.80        0.79        3.78     5345.50        0.00        0.00        0.00        0.01        0.01        0.01        0.01        0.01        0.01
2025-11-04 00:56:03      870.00       18.30       26.20     1322.00        1.40      253.00        7.20       30.10       -1.40        0.80        3.92     5346.50        0.00        0.00        0.00        0.01        0.01        0.01        0.01        0.01        0.01
2025-11-04 00:56:04      869.58       18.30       26.40     1326.00        1.50      256.00        7.20       30.20       -1.30        0.80        3.96     5347.50        0.00        0.00        0.00        0.01        0.01        0.01        0.01        0.01        0.01
2025-11-04 00:56:06      869.32       18.30       26.60     1328.00        1.70      248.00        7.20       30.20       -1.10        0.80        4.01     5349.50        0.00        0.00        0.00        0.01        0.01        0.01        0.01        0.01        0.01
2025-11-04 00:56:07      869.64       18.20       26.80     1325.00        1.70      247.00        7.20       30.10       -1.20        0.80        4.00     5350.50        0.00        0.00        0.00        0.01        0.01        0.01        0.01        0.01        0.01
2025-11-04 00:56:08      869.45       18.20       27.00     1327.00        1.70      273.00        7.20       30.10       -1.00        0.80        4.04     5351.50        0.00        0.00        0.00        0.01        0.01        0.01        0.01        0.01        0.01
2025-11-04 00:56:09      869.20       18.10       27.00     1330.00        1.70      280.00        7.20       30.00       -1.20        0.80        4.00     5352.50        0.00        0.00        0.00        0.01        0.01        0.01        0.01        0.01        0.01
2025-11-04 00:56:10      869.11       18.10       27.10     1330.00        1.60      310.00        7.20       30.00       -1.10        0.80        4.01     5353.50        0.00        0.00        0.00        0.01        0.01        0.01        0.01        0.01        0.01
2025-11-04 00:56:11      869.09       18.10       27.10     1331.00        1.40      331.00        7.20       30.00       -1.10        0.80        4.02     5354.50        0.00        0.00        0.00        0.01        0.01        0.01        0.01        0.01        0.01
2025-11-04 00:56:13      868.98       18.20       27.00     1332.00        1.20      321.00        7.20       30.20       -1.10        0.80        4.03     5356.50        0.00        0.00        0.00        0.01        0.01        0.01        0.01        0.01        0.01
2025-11-04 00:56:14      868.88       18.10       27.10     1333.00        1.20      315.00        7.20       30.10       -1.10        0.80        4.04     5357.50        0.00        0.00        0.00        0.01        0.01        0.01        0.01        0.01        0.01
2025-11-04 00:56:18      868.67       18.20       27.90     1335.00        1.40      287.00        7.20       30.20       -0.60        0.81        4.18     5361.50        0.00        0.00        0.00        0.01        0.01        0.01        0.01        0.01        0.01
2025-11-04 00:56:19      868.53       18.20       27.90     1336.00        1.40      276.00        7.20       30.10       -0.70        0.81        4.16     5362.50        0.00        0.00        0.00        0.01        0.01        0.01        0.01        0.01        0.01
2025-11-04 00:56:20      868.31       18.30       28.10     1338.00        1.50      260.00        7.20       30.30       -0.50        0.81        4.24     5363.50        0.00        0.00        0.00        0.01        0.01        0.01        0.01        0.01        0.01
2025-11-04 00:56:21      868.66       18.20       28.10     1335.00        1.60      268.00        7.20       30.10       -0.50        0.81        4.21     5364.50        0.00        0.00        0.00        0.01        0.01        0.01        0.01        0.01        0.01
2025-11-04 00:56:22      868.35       18.00       28.20     1338.00        1.70      279.00        7.20       29.90       -0.70        0.81        4.16     5365.50        0.00        0.00        0.00        0.01        0.01        0.01        0.01        0.01        0.01
2025-11-04 00:56:23      868.40       18.20       28.20     1337.00        1.70      270.00        7.20       30.20       -0.50        0.81        4.24     5366.50        0.00        0.00        0.00        0.01        0.01        0.01        0.01        0.01        0.01
2025-11-04 00:56:24      868.39       18.30       28.30     1337.00        1.70      291.00        7.20       30.30       -0.30        0.81        4.28     5367.50        0.00        0.00        0.00        0.01        0.01        0.01        0.01        0.01        0.01
2025-11-04 00:56:25      868.36       18.20       28.30     1338.00        1.70      284.00        7.20       30.20       -0.40        0.81        4.25     5368.50        0.00        0.00        0.00        0.01        0.01        0.01        0.01        0.01        0.01
2025-11-04 00:56:26      868.24       18.20       28.50     1339.00        1.70      249.00        7.20       30.20       -0.30        0.81        4.28     5369.50        0.00        0.00        0.00        0.01        0.01        0.01        0.01        0.01        0.01
2025-11-04 00:56:28      868.25       18.30       28.70     1339.00        1.60      294.00        7.20       30.30       -0.10        0.81        4.35     5371.50        0.00        0.00        0.00        0.01        0.01        0.01        0.01        0.01        0.01
2025-11-04 00:56:29      867.92       18.40       28.70     1342.00        1.60      318.00        7.20       30.50       -0.00        0.81        4.40     5372.50        0.00        0.00        0.00        0.01        0.01        0.01        0.01        0.01        0.01
2025-11-04 00:56:30      868.04       18.30       28.80     1341.00        1.70      333.00        7.20       30.30       -0.10        0.81        4.39     5373.50        0.00        0.00        0.00        0.01        0.01        0.01        0.01        0.01        0.01
2025-11-04 00:56:31      868.18       18.50       28.80     1340.00        1.80      322.00        7.20       30.50        0.10        0.82        4.43     5374.50        0.00        0.00        0.00        0.01        0.01        0.01        0.01        0.01        0.01
2025-11-04 00:56:32      867.83       18.40       28.90     1343.00        1.80      320.00        7.20       30.50        0.10        0.82        4.43     5375.50        0.00        0.00        0.00        0.01        0.01        0.01        0.01        0.01        0.01
2025-11-04 00:56:33      867.73       18.40       28.60     1344.00        1.90      329.00        7.20       30.50       -0.10        0.81        4.38     5376.50        0.00        0.00        0.00        0.01        0.01        0.01        0.01        0.01        0.01
2025-11-04 00:56:34      867.53       18.20       28.30     1346.00        2.10      293.00        7.20       30.20       -0.40        0.81        4.26     5377.50        0.00        0.00        0.00        0.01        0.01        0.01        0.01        0.01        0.01
2025-11-04 00:56:35      867.67       18.20       28.50     1345.00        2.50      341.00        7.20       30.20       -0.40        0.81        4.28     5378.50        0.00        0.00        0.00        0.01        0.01        0.01        0.01        0.01        0.01
2025-11-04 00:56:37      867.57       18.20       28.30     1346.00        2.20      312.00        7.20       30.30       -0.40        0.81        4.25     5380.50        0.00        0.00        0.00        0.01        0.01        0.01        0.01        0.01        0.01
2025-11-04 00:56:38      867.69       18.10       28.20     1344.00        2.40      310.00        7.20       30.20       -0.60        0.81        4.21     5381.50        0.00        0.00        0.00        0.01        0.01        0.01        0.01        0.01        0.01
2025-11-04 00:56:42      867.17       18.30       29.10     1349.00        2.40      284.00        7.20       30.40        0.10        0.82        4.43     5385.50        0.00        0.00        0.00        0.01        0.01        0.01        0.01        0.01        0.01
2025-11-04 00:56:43      867.25       18.20       28.70     1349.00        2.70      293.00        7.20       30.30       -0.20        0.81        4.33     5386.50        0.00        0.00        0.00        0.01        0.01        0.01        0.01        0.01        0.01
2025-11-04 00:56:44      867.35       18.20       28.80     1348.00        2.70      311.00        7.20       30.30       -0.20        0.81        4.35     5387.50        0.00        0.00        0.00        0.01        0.01        0.01        0.01        0.01        0.01
2025-11-04 00:56:45      867.10       18.20       28.80     1350.00        2.60      303.00        7.20       30.30       -0.20        0.81        4.35     5388.50        0.00        0.00        0.00        0.01        0.01        0.01        0.01        0.01        0.01
2025-11-04 00:56:48      866.81       17.90       28.90     1353.00        2.20      259.00        7.20       30.10       -0.40        0.81        4.28     5391.50        0.00        0.00        0.00        0.01        0.01        0.01        0.01        0.01        0.01
2025-11-04 00:56:49      866.87       17.80       28.60     1352.00        2.30      246.00        7.20       29.90       -0.60        0.81        4.19     5392.50        0.00        0.00        0.00        0.01        0.01        0.01        0.01        0.01        0.01
2025-11-04 00:56:50      866.99       17.90       28.50     1351.00        2.50      257.00        7.20       30.00       -0.60        0.81        4.21     5393.50        0.00        0.00        0.00        0.01        0.01        0.01        0.01        0.01        0.01
2025-11-04 00:56:51      866.77       17.80       28.50     1353.00        2.50      251.00        7.20       30.00       -0.60        0.81        4.20     5394.50        0.00        0.00        0.00        0.01        0.01        0.01        0.01        0.01        0.01
2025-11-04 00:56:52      866.76       17.80       28.70     1354.00        2.50      268.00        7.20       30.00       -0.50        0.81        4.23     5395.50        0.00        0.00        0.00        0.01        0.01        0.01        0.01        0.01        0.01
2025-11-04 00:56:55      866.66       17.80       28.80     1355.00        2.40      307.00        7.20       30.00       -0.50        0.81        4.23     5398.50        0.00        0.00        0.00        0.01        0.01        0.01        0.01        0.01        0.01
2025-11-04 00:56:56      866.35       17.80       28.90     1358.00        2.40      311.00        7.20       30.00       -0.50        0.81        4.24     5399.50        0.00        0.00        0.00        0.01        0.01        0.01        0.01        0.01        0.01
2025-11-04 00:56:58      866.39       17.90       28.80     1357.00        2.50      321.00        7.20       30.10       -0.50        0.81        4.25     5401.50        0.00        0.00        0.00        0.01        0.01        0.01        0.01        0.01        0.01
2025-11-04 00:57:03      866.24       17.70       28.50     1359.00        2.60      261.00        7.20       29.90       -0.80        0.81        4.15     5406.50        0.00        0.00        0.00        0.01        0.01        0.01        0.01        0.01        0.01
2025-11-04 00:57:04      865.97       17.70       28.50     1361.00        2.70      263.00        7.20       29.90       -0.80        0.81        4.14     5407.50        0.00        0.00        0.00        0.01        0.01        0.01        0.01        0.01        0.01
2025-11-04 00:57:07      865.86       17.70       28.90     1362.00        2.90      263.00        7.20       29.90       -0.60        0.81        4.20     5410.50        0.00        0.00        0.00        0.01        0.01        0.01        0.01        0.01        0.01
2025-11-04 00:57:08      865.62       17.60       28.80     1365.00        2.90      260.00        7.20       29.80       -0.70        0.81        4.17     5411.50        0.00        0.00        0.00        0.01        0.01        0.01        0.01        0.01        0.01
2025-11-04 00:57:09      865.83       17.60       28.90     1363.00        2.80      265.00        7.20       29.90       -0.60        0.81        4.20     5412.50        0.00        0.00        0.00        0.01        0.01        0.01        0.01        0.01        0.01
2025-11-04 00:57:12      865.77       17.40       29.10     1363.00        2.60      260.00        7.20       29.70       -0.70        0.81        4.17     5415.50        0.00        0.00        0.00        0.01        0.01        0.01        0.01        0.01        0.01
2025-11-04 00:57:13      865.50       17.60       29.10     1366.00        2.60      267.00        7.20       29.80       -0.60        0.81        4.22     5416.50        0.00        0.00        0.00        0.01        0.01        0.01        0.01        0.01        0.01
2025-11-04 00:57:14      865.48       17.50       29.20     1366.00        2.50      249.00        7.20       29.80       -0.60        0.81        4.22     5417.50        0.00        0.00        0.00        0.01        0.01        0.01        0.01        0.01        0.01
2025-11-04 00:57:16      865.44       17.60       29.50     1367.00        3.10      251.00        7.20       29.80       -0.40        0.81        4.27     5419.50        0.00        0.00        0.00        0.01        0.01        0.01        0.01        0.01        0.01
2025-11-04 00:57:18      865.38       17.60       29.50     1367.00        3.30      262.00        7.20       29.80       -0.40        0.81        4.27     5421.50        0.00        0.00        0.00        0.01        0.01        0.01        0.01        0.01        0.01
2025-11-04 00:57:19      865.21       17.50       29.40     1369.00        3.30      275.00        7.20       29.80       -0.50        0.81        4.25     5422.50        0.00        0.00        0.00        0.01        0.01        0.01        0.01        0.01        0.01
2025-11-04 00:57:20      865.09       17.50       29.50     1370.00        3.30      290.00        7.20       29.80       -0.50        0.81        4.26     5423.50        0.00        0.00        0.00        0.01        0.01        0.01        0.01        0.01        0.01
2025-11-04 00:57:21      864.94       17.60       29.40     1371.00        3.20      292.00        7.20       29.90       -0.50        0.81        4.25     5424.40        0.00        0.00        0.00        0.01        0.01        0.01        0.01        0.01        0.01
2025-11-04 00:57:22      865.20       17.60       29.30     1369.00        3.10      284.00        7.20       29.80       -0.50        0.81        4.25     5425.40        0.00        0.00        0.00        0.01        0.01        0.01        0.01        0.01        0.01
2025-11-04 00:57:23      864.97       17.50       29.40     1371.00        3.10      271.00        7.20       29.80       -0.50        0.81        4.24     5426.40        0.00        0.00        0.00        0.01        0.01        0.01        0.01        0.01        0.01
2025-11-04 00:57:24      865.10       17.50       29.50     1370.00        3.20      277.00        7.20       29.80       -0.40        0.81        4.27     5427.40        0.00        0.00        0.00        0.01        0.01        0.01        0.01        0.01        0.01
2025-11-04 00:57:25      864.86       17.60       29.50     1372.00        3.40      282.00        7.20       29.90       -0.40        0.81        4.28     5428.40        0.00        0.00        0.00        0.01        0.01        0.01        0.01        0.01        0.01
2025-11-04 00:57:26      864.82       17.60       29.50     1373.00        3.50      278.00        7.20       29.90       -0.40        0.81        4.29     5429.40        0.00        0.00        0.00        0.01        0.01        0.01        0.01        0.01        0.01
2025-11-04 00:57:27      864.99       17.60       29.60     1371.00        3.50      272.00        7.20       29.90       -0.40        0.81        4.29     5430.40        0.00        0.00        0.00        0.01        0.01        0.01        0.01        0.01        0.01
2025-11-04 00:57:28      864.83       17.60       29.60     1373.00        3.60      276.00        7.20       29.90       -0.30        0.81        4.30     5431.40        0.00        0.00        0.00        0.01        0.01        0.01        0.01        0.01        0.01
2025-11-04 00:57:31      864.75       17.70       29.60     1373.00        3.10      250.00        7.20       30.00       -0.30        0.81        4.33     5434.40        0.00        0.00        0.00        0.01        0.01        0.01        0.01        0.01        0.01
2025-11-04 00:57:32      864.73       17.50       29.60     1374.00        3.10      252.00        7.20       29.80       -0.40        0.81        4.27     5435.40        0.00        0.00        0.00        0.01        0.01        0.01        0.01        0.01        0.01
2025-11-04 00:57:34      864.54       17.40       29.40     1375.00        3.10      299.00        7.20       29.80       -0.60        0.81        4.22     5437.40        0.00        0.00        0.00        0.01        0.01        0.01        0.01        0.01        0.01
2025-11-04 00:57:36      864.33       17.50       29.20     1378.00        2.80      282.00        7.20       29.90       -0.60        0.81        4.22     5439.40        0.00        0.00        0.00        0.01        0.01        0.01        0.01        0.01        0.01
2025-11-04 00:57:37      864.27       17.30       29.00     1378.00        2.90      289.00        7.20       29.70       -0.90        0.80        4.13     5440.40        0.00        0.00        0.00        0.01        0.01        0.01        0.01        0.01        0.01
2025-11-04 00:57:38      864.11       17.50       28.90     1380.00        3.00      284.00        7.20       29.90       -0.80        0.81        4.16     5441.40        0.00        0.00        0.00        0.01        0.01        0.01        0.01        0.01        0.01
2025-11-04 00:57:39      864.09       17.50       28.90     1380.00        3.00      275.00        7.20       29.90       -0.80        0.81        4.16     5442.40        0.00        0.00        0.00        0.01        0.01        0.01        0.01        0.01        0.01
2025-11-04 00:57:40      864.23       17.50       28.90     1378.00        3.00      278.00        7.20       29.80       -0.80        0.81        4.15     5443.40        0.00        0.00        0.00        0.01        0.01        0.01        0.01        0.01        0.01
2025-11-04 00:57:42      864.08       17.40       28.80     1380.00        3.30      259.00        7.20       29.80       -0.90        0.80        4.12     5445.40        0.00        0.00        0.00        0.01        0.01        0.01        0.01        0.01        0.01
2025-11-04 00:57:44      863.80       17.40       29.00     1383.00        3.30      253.00        7.20       29.80       -0.70        0.81        4.17     5447.40        0.00        0.00        0.00        0.01        0.01        0.01        0.01        0.01        0.01
2025-11-04 00:57:45      863.74       17.40       29.10     1383.00        3.20      262.00        7.20       29.90       -0.70        0.81        4.18     5448.40        0.00        0.00        0.00        0.01        0.01        0.01        0.01        0.01        0.01
2025-11-04 00:57:47      863.74       17.40       29.20     1383.00        3.10      264.00        7.20       29.80       -0.70        0.81        4.19     5450.40        0.00        0.00        0.00        0.01        0.01        0.01        0.01        0.01        0.01
2025-11-04 00:57:50      863.52       17.40       29.20     1385.00        3.00      278.00        7.20       29.90       -0.60        0.81        4.20     5453.40        0.00        0.00        0.00        0.01        0.01        0.01        0.01        0.01        0.01
2025-11-04 00:57:51      863.26       17.40       29.20     1388.00        2.90      288.00        7.20       29.90       -0.70        0.81        4.18     5454.40        0.00        0.00        0.00        0.01        0.01        0.01        0.01        0.01        0.01
2025-11-04 00:57:52      863.42       17.40       29.10     1386.00        2.80      251.00        7.20       29.80       -0.80        0.81        4.16     5455.40        0.00        0.00        0.00        0.01        0.01        0.01        0.01        0.01        0.01
2025-11-04 00:57:53      863.33       17.40       29.40     1387.00        2.80      254.00        7.20       29.90       -0.60        0.81        4.23     5456.40        0.00        0.00        0.00        0.01        0.01        0.01        0.01        0.01        0.01
2025-11-04 00:57:54      863.22       17.40       29.40     1388.00        3.10      267.00        7.20       29.90       -0.60        0.81        4.22     5457.40        0.00        0.00        0.00        0.01        0.01        0.01        0.01        0.01        0.01
2025-11-04 00:57:58      863.02       17.30       29.40     1390.00        3.00      297.00        7.20       29.80       -0.70        0.81        4.19     5461.40        0.00        0.00        0.00        0.01        0.01        0.01        0.01        0.01        0.01
2025-11-04 00:57:59      863.08       17.20       29.40     1390.00        3.00      306.00        7.20       29.70       -0.80        0.81        4.16     5462.40        0.00        0.00        0.00        0.01        0.01        0.01        0.01        0.01        0.01
2025-11-04 00:58:02      862.95       17.40       29.00     1391.00        3.20      321.00        7.20       29.90       -0.80        0.81        4.15     5465.40        0.00        0.00        0.00        0.01        0.01        0.01        0.01        0.01        0.01
2025-11-04 00:58:03      862.81       17.30       29.00     1392.00        3.30      338.00        7.20       29.80       -0.90        0.80        4.12     5466.40        0.00        0.00        0.00        0.01        0.01        0.01        0.01        0.01        0.01
2025-11-04 00:58:04      862.58       17.40       29.00     1395.00        3.40      332.00        7.20       30.00       -0.80        0.81        4.16     5467.40        0.00        0.00        0.00        0.01        0.01        0.01        0.01        0.01        0.01
2025-11-04 00:58:05      862.54       17.40       28.80     1395.00        3.30      329.00        7.10       29.90       -0.90        0.80        4.11     5468.40        0.00        0.00        0.00        0.01        0.01        0.01        0.01        0.01        0.01
2025-11-04 00:58:06      862.53       17.40       28.70     1395.00        3.30      311.00        7.20       29.90       -1.00        0.80        4.10     5469.40        0.00        0.00        0.00        0.01        0.01        0.01        0.01        0.01        0.01
2025-11-04 00:58:07      862.54       17.30       28.60     1395.00        3.10      269.00        7.20       29.80       -1.00        0.80        4.07     5470.40        0.00        0.00        0.00        0.01        0.01        0.01        0.01        0.01        0.01
2025-11-04 00:58:08      862.46       17.30       28.70     1396.00        3.30      288.00        7.20       29.80       -1.00        0.80        4.07     5471.40        0.00        0.00        0.00        0.01        0.01        0.01        0.01        0.01        0.01
2025-11-04 00:58:09      862.47       17.30       28.60     1396.00        3.50      287.00        7.20       29.90       -1.00        0.80        4.08     5472.40        0.00        0.00        0.00        0.01        0.01        0.01        0.01        0.01        0.01
2025-11-04 00:58:13      862.10       17.20       28.70     1400.00        3.80      247.00        7.20       29.80       -1.10        0.80        4.07     5476.40        0.00        0.00        0.00        0.01        0.01        0.01        0.01        0.01        0.01
2025-11-04 00:58:15      862.00       17.20       28.80     1401.00        3.70      234.00        7.20       29.80       -1.00        0.80        4.07     5478.40        0.00        0.00        0.00        0.01        0.01        0.01        0.01        0.01        0.01
2025-11-04 00:58:16      862.32       17.20       28.90     1397.00        3.80      239.00        7.20       29.80       -1.00        0.80        4.09     5479.40        0.00        0.00        0.00        0.01        0.01        0.01        0.01        0.01        0.01
2025-11-04 00:58:19      862.01       17.20       29.10     1400.00        3.80      243.00        7.10       29.80       -0.90        0.80        4.11     5482.40        0.00        0.00        0.00        0.01        0.01        0.01        0.01        0.01        0.01
2025-11-04 00:58:20      862.05       17.20       29.10     1400.00        3.90      253.00        7.10       29.80       -0.90        0.80        4.12     5483.40        0.00        0.00        0.00        0.01        0.01        0.01        0.01        0.01        0.01
2025-11-04 00:58:22      861.84       17.10       29.40     1402.00        3.90      242.00        7.10       29.70       -0.80        0.81        4.14     5485.40        0.00        0.00        0.00        0.01        0.01        0.01        0.01        0.01        0.01
2025-11-04 00:58:24      861.47       17.10       29.50     1406.00        4.00      244.00        7.10       29.70       -0.80        0.81        4.16     5487.40        0.00        0.00        0.00        0.01        0.01        0.01        0.01        0.01        0.01
2025-11-04 00:58:25      861.44       17.10       29.50     1406.00        4.00      247.00        7.10       29.70       -0.80        0.81        4.15     5488.40        0.00        0.00        0.00        0.01        0.01        0.01        0.01        0.01        0.01
2025-11-04 00:58:26      861.48       17.20       29.50     1406.00        4.00      246.00        7.10       29.80       -0.80        0.81        4.17     5489.40        0.00        0.00        0.00        0.01        0.01        0.01        0.01        0.01        0.01
2025-11-04 00:58:27      861.43       17.10       29.40     1406.00        4.00      248.00        7.10       29.70       -0.80        0.81        4.15     5490.40        0.00        0.00        0.00        0.01        0.01        0.01        0.01        0.01        0.01
2025-11-04 00:58:28      861.37       17.10       29.40     1407.00        4.00      249.00        7.10       29.80       -0.80        0.81        4.14     5491.40        0.00        0.00        0.00        0.01        0.01        0.01        0.01        0.01        0.01
2025-11-04 00:58:30      861.43       17.10       29.30     1406.00        3.90      258.00        7.10       29.80       -0.90        0.81        4.14     5493.40        0.00        0.00        0.00        0.01        0.01        0.01        0.01        0.01        0.01
2025-11-04 00:58:32      861.10       17.20       29.30     1409.00        3.90      272.00        7.10       29.90       -0.80        0.81        4.16     5495.40        0.00        0.00        0.00        0.01        0.01        0.01        0.01        0.01        0.01
2025-11-04 00:58:33      861.02       17.20       29.30     1410.00        3.70      281.00        7.10       29.90       -0.80        0.81        4.15     5496.40        0.00        0.00        0.00        0.01        0.01        0.01        0.01        0.01        0.01
2025-11-04 00:58:34      861.05       17.20       29.20     1410.00        3.60      297.00        7.10       29.90       -0.80        0.81        4.15     5497.40        0.00        0.00        0.00        0.01        0.01        0.01        0.01        0.01        0.01
2025-11-04 00:58:39      860.86       17.10       29.00     1412.00        3.70      316.00        7.10       29.80       -1.00        0.80        4.08     5502.40        0.00        0.00        0.00        0.01        0.01        0.01        0.01        0.01        0.01
2025-11-04 00:58:40      860.72       17.20       29.00     1413.00        3.80      313.00        7.10       29.90       -1.00        0.80        4.10     5503.40        0.00        0.00        0.00        0.01        0.01        0.01        0.01        0.01        0.01
2025-11-04 00:58:41      860.46       17.10       29.00     1416.00        3.80      321.00        7.10       29.90       -1.00        0.80        4.08     5504.40        0.00        0.00        0.00        0.01        0.01        0.01        0.01        0.01        0.01
2025-11-04 00:58:42      860.52       17.10       29.00     1415.00        3.80      309.00        7.10       29.80       -1.00        0.80        4.08     5505.40        0.00        0.00        0.00        0.01        0.01        0.01        0.01        0.01        0.01
2025-11-04 00:58:43      860.47       17.10       29.00     1416.00        3.60      323.00        7.10       29.80       -1.10        0.80        4.06     5506.40        0.00        0.00        0.00        0.01        0.01        0.01        0.01        0.01        0.01
2025-11-04 00:58:45      860.42       17.10       29.00     1416.00        3.90      284.00        7.10       29.80       -1.10        0.80        4.06     5508.40        0.00        0.00        0.00        0.01        0.01        0.01        0.01        0.01        0.01
2025-11-04 00:58:46      860.36       17.10       29.00     1417.00        3.80      264.00        7.10       29.90       -1.10        0.80        4.07     5509.40        0.00        0.00        0.00        0.01        0.01        0.01        0.01        0.01        0.01
2025-11-04 00:58:50      860.44       17.00       29.10     1416.00        3.40      254.00        7.10       29.80       -1.00        0.80        4.08     5513.40        0.00        0.00        0.00        0.01        0.01        0.01        0.01        0.01        0.01
2025-11-04 00:58:52      860.26       17.00       29.20     1418.00        3.60      252.00        7.10       29.80       -1.00        0.80        4.08     5515.40        0.00        0.00        0.00        0.01        0.01        0.01        0.01        0.01        0.01
2025-11-04 00:58:54      860.15       17.00       29.20     1419.00        4.10      256.00        7.10       29.80       -1.00        0.80        4.09     5517.40        0.00        0.00        0.00        0.01        0.01        0.01        0.01        0.01        0.01
2025-11-04 00:58:55      859.94       17.00       29.30     1421.00        4.10      306.00        7.10       29.80       -1.00        0.80        4.10     5518.40        0.00        0.00        0.00        0.01        0.01        0.01        0.01        0.01        0.01
2025-11-04 00:58:57      859.85       16.90       29.30     1422.00        3.40      333.00        7.10       29.70       -1.10        0.80        4.08     5520.40        0.00        0.00        0.00        0.01        0.01        0.01        0.01        0.01        0.01
2025-11-04 00:58:58      859.64       16.90       29.20     1424.00        3.10      266.00        7.10       29.70       -1.10        0.80        4.05     5521.40        0.00        0.00        0.00        0.01        0.01        0.01        0.01        0.01        0.01
2025-11-04 00:58:59      859.60       16.90       29.50     1424.00        3.00      281.00        7.10       29.80       -1.00        0.80        4.11     5522.40        0.00        0.00        0.00        0.01        0.01        0.01        0.01        0.01        0.01
2025-11-04 00:59:00      859.49       16.90       29.40     1425.00        3.30      306.00        7.10       29.70       -1.00        0.80        4.09     5523.40        0.00        0.00        0.00        0.01        0.01        0.01        0.01        0.01        0.01
2025-11-04 00:59:01      859.46       17.00       29.50     1426.00        3.30      230.00        7.10       29.80       -1.00        0.80        4.11     5524.40        0.00        0.00        0.00        0.01        0.01        0.01        0.01        0.01        0.01
2025-11-04 00:59:02      859.54       17.00       29.50     1425.00        3.60      238.00        7.10       29.80       -0.90        0.81        4.14     5525.40        0.00        0.00        0.00        0.01        0.01        0.01        0.01        0.01        0.01
2025-11-04 00:59:03      859.45       16.90       29.60     1426.00        3.60      251.00        7.10       29.70       -1.00        0.80        4.11     5526.30        0.00        0.00        0.00        0.01        0.01        0.01        0.01        0.01        0.01
2025-11-04 00:59:06      859.35       17.00       29.60     1427.00        3.20      284.00        7.10       29.80       -0.90        0.81        4.14     5529.30        0.00        0.00        0.00        0.01        0.01        0.01        0.01        0.01        0.01
2025-11-04 00:59:07      859.21       17.00       29.60     1428.00        3.20      269.00        7.10       29.80       -0.80        0.81        4.15     5530.30        0.00        0.00        0.00        0.01        0.01        0.01        0.01        0.01        0.01
2025-11-04 00:59:08      859.07       17.00       29.60     1430.00        3.00      262.00        7.10       29.90       -0.90        0.81        4.14     5531.30        0.00        0.00        0.00        0.01        0.01        0.01        0.01        0.01        0.01
2025-11-04 00:59:09      859.13       17.00       29.50     1429.00        2.80      287.00        7.10       29.80       -0.90        0.80        4.13     5532.30        0.00        0.00        0.00        0.01        0.01        0.01        0.01        0.01        0.01
2025-11-04 00:59:13      858.86       16.90       29.40     1432.00        2.70      298.00        7.10       29.80       -1.10        0.80        4.08     5536.30        0.00        0.00        0.00        0.01        0.01        0.01        0.01        0.01        0.01
2025-11-04 00:59:14      859.00       17.00       29.40     1430.00        2.70      281.00        7.10       29.90       -0.90        0.80        4.12     5537.30        0.00        0.00        0.00        0.01        0.01        0.01        0.01        0.01        0.01
2025-11-04 00:59:15      858.80       17.00       29.50     1432.00        2.80      280.00        7.10       29.90       -0.90        0.81        4.14     5538.30        0.00        0.00        0.00        0.01        0.01        0.01        0.01        0.01        0.01
2025-11-04 00:59:20      858.57       17.00       29.80     1434.00        3.70      293.00        7.10       29.90       -0.70        0.81        4.19     5543.30        0.00        0.00        0.00        0.01        0.01        0.01        0.01        0.01        0.01
2025-11-04 00:59:21      858.43       17.00       29.80     1436.00        4.00      284.00        7.10       30.00       -0.70        0.81        4.20     5544.30        0.00        0.00        0.00        0.01        0.01        0.01        0.01        0.01        0.01
2025-11-04 00:59:23      858.39       17.00       30.00     1436.00        4.00      289.00        7.10       30.00       -0.70        0.81        4.22     5546.30        0.00        0.00        0.00        0.01        0.01        0.01        0.01        0.01        0.01
2025-11-04 00:59:24      858.23       17.00       30.00     1438.00        3.90      308.00        7.10       30.00       -0.70        0.81        4.22     5547.30        0.00        0.00        0.00        0.01        0.01        0.01        0.01        0.01        0.01
2025-11-04 00:59:25      858.06       17.00       30.00     1440.00        3.70      311.00        7.10       30.00       -0.60        0.81        4.24     5548.30        0.00        0.00        0.00        0.01        0.01        0.01        0.01        0.01        0.01
2025-11-04 00:59:26      857.85       17.00       30.10     1442.00        3.60      300.00        7.10       30.00       -0.60        0.81        4.25     5549.30        0.00        0.00        0.00        0.01        0.01        0.01        0.01        0.01        0.01
2025-11-04 00:59:30      857.90       16.90       29.80     1441.00        3.60      311.00        7.10       29.80       -0.90        0.81        4.15     5553.30        0.00        0.00        0.00        0.01        0.01        0.01        0.01        0.01        0.01
2025-11-04 00:59:32      857.82       16.90       30.00     1442.00        3.60      308.00        7.10       29.80       -0.80        0.81        4.18     5555.30        0.00        0.00        0.00        0.01        0.01        0.01        0.01        0.01        0.01
2025-11-04 00:59:35      857.42       16.80       30.10     1446.00        3.50      299.00        7.10       29.90       -0.80        0.81        4.19     5558.30        0.00        0.00        0.00        0.01        0.01        0.01        0.01        0.01        0.01
2025-11-04 00:59:36      857.57       16.80       30.10     1444.00        3.20      275.00        7.10       29.90       -0.80        0.81        4.19     5559.30        0.00        0.00        0.00        0.01        0.01        0.01        0.01        0.01        0.01
2025-11-04 00:59:39      857.21       16.80       30.10     1448.00        3.20      267.00        7.10       29.90       -0.80        0.81        4.19     5562.30        0.00        0.00        0.00        0.01        0.01        0.01        0.01        0.01        0.01
2025-11-04 00:59:41      857.04       16.80       30.20     1450.00        3.00      289.00        7.10       29.80       -0.80        0.81        4.19     5564.30        0.00        0.00        0.00        0.01        0.01        0.01        0.01        0.01        0.01
2025-11-04 00:59:42      856.92       16.70       30.20     1451.00        3.10      324.00        7.10       29.80       -0.80        0.81        4.17     5565.30        0.00        0.00        0.00        0.01        0.01        0.01        0.01        0.01        0.01
2025-11-04 00:59:43      856.71       16.70       30.20     1453.00        2.70      312.00        7.10       29.80       -0.80        0.81        4.18     5566.30        0.00        0.00        0.00        0.01        0.01        0.01        0.01        0.01        0.01
2025-11-04 00:59:44      856.85       16.80       30.30     1451.00        2.30      299.00        7.10       29.90       -0.70        0.81        4.20     5567.30        0.00        0.00        0.00        0.01        0.01        0.01        0.01        0.01        0.01
2025-11-04 00:59:48      856.67       16.80       30.40     1453.00        2.10      296.00        7.10       29.90       -0.70        0.81        4.23     5571.30        0.00        0.00        0.00        0.01        0.01        0.01        0.01        0.01        0.01
2025-11-04 00:59:49      856.50       16.90       30.40     1455.00        2.20      269.00        7.10       30.00       -0.60        0.81        4.25     5572.30        0.00        0.00        0.00        0.01        0.01        0.01        0.01        0.01        0.01
2025-11-04 00:59:50      856.64       16.70       30.30     1454.00        2.30      283.00        7.10       29.80       -0.80        0.81        4.18     5573.30        0.00        0.00        0.00        0.01        0.01        0.01        0.01        0.01        0.01
2025-11-04 00:59:51      856.77       16.60       30.30     1452.00        2.30      295.00        7.10       29.70       -0.90        0.81        4.15     5574.30        0.00        0.00        0.00        0.01        0.01        0.01        0.01        0.01        0.01
2025-11-04 00:59:53      856.51       16.70       30.20     1455.00        2.30      280.00        7.10       29.80       -0.80        0.81        4.17     5576.30        0.00        0.00        0.00        0.01        0.01        0.01        0.01        0.01        0.01
2025-11-04 00:59:54      856.35       16.60       30.20     1456.00        2.30      298.00        7.10       29.80       -0.90        0.81        4.15     5577.30        0.00        0.00        0.00        0.01        0.01        0.01        0.01        0.01        0.01
2025-11-04 00:59:55      856.35       16.70       30.10     1457.00        2.30      299.00        7.10       29.90       -0.80        0.81        4.17     5578.30        0.00        0.00        0.00        0.01        0.01        0.01        0.01        0.01        0.01
2025-11-04 00:59:56      856.43       16.60       30.10     1456.00        2.20      321.00        7.10       29.80       -1.00        0.80        4.13     5579.30        0.00        0.00        0.00        0.01        0.01        0.01        0.01        0.01        0.01
2025-11-04 00:59:58      856.24       16.80       29.90     1458.00        2.10      326.00        7.10       29.90       -0.90        0.81        4.14     5581.30        0.00        0.00        0.00        0.01        0.01        0.01        0.01        0.01        0.01
2025-11-04 01:00:00      856.08       16.70       29.70     1459.00        1.90      309.00        7.10       29.80       -1.10        0.80        4.09     5583.30        0.00        0.00        0.00        0.01        0.01        0.01        0.01        0.01        0.01
2025-11-04 01:00:02      855.66       16.70       29.80     1463.00        1.50      302.00        7.10       29.90       -1.00        0.80        4.11     5585.30        0.00        0.00        0.00        0.01        0.01        0.01        0.01        0.01        0.01
2025-11-04 01:00:03      856.28       16.70       29.80     1457.00        1.40      294.00        7.10       29.90       -1.00        0.80        4.10     5586.30        0.00        0.00        0.00        0.01        0.01        0.01        0.01        0.01        0.01
2025-11-04 01:00:04      855.77       16.70       29.80     1462.00        1.50      279.00        7.10       29.80       -1.10        0.80        4.09     5587.30        0.00        0.00        0.00        0.01        0.01        0.01        0.01        0.01        0.01
2025-11-04 01:00:05      855.69       16.70       29.80     1463.00        1.50      285.00        7.10       29.90       -1.10        0.80        4.10     5588.30        0.00        0.00        0.00        0.01        0.01        0.01        0.01        0.01        0.01
2025-11-04 01:00:06      855.59       16.70       29.80     1464.00        1.80      276.00        7.10       29.90       -1.00        0.80        4.11     5589.30        0.00        0.00        0.00        0.01        0.01        0.01        0.01        0.01        0.01
2025-11-04 01:00:07      855.71       16.60       29.80     1463.00        1.80      279.00        7.10       29.80       -1.10        0.80        4.08     5590.30        0.00        0.00        0.00        0.01        0.01        0.01        0.01        0.01        0.01
2025-11-04 01:00:12      855.17       16.50       29.90     1468.00        2.40      256.00        7.10       29.80       -1.10        0.80        4.08     5595.30        0.00        0.00        0.00        0.01        0.01        0.01        0.01        0.01        0.01
2025-11-04 01:00:13      855.34       16.50       30.00     1467.00        2.30      274.00        7.10       29.70       -1.10        0.80        4.08     5596.30        0.00        0.00        0.00        0.01        0.01        0.01        0.01        0.01        0.01
2025-11-04 01:00:14      854.96       16.60       30.00     1470.00        2.30      270.00        7.10       29.90       -1.00        0.80        4.12     5597.30        0.00        0.00        0.00        0.01        0.01        0.01        0.01        0.01        0.01
2025-11-04 01:00:17      855.01       16.60       30.20     1470.00        2.00      242.00        7.10       29.90       -0.90        0.81        4.15     5600.30        0.00        0.00        0.00        0.01        0.01        0.01        0.01        0.01        0.01
2025-11-04 01:00:18      854.96       16.50       30.20     1470.00        1.90      239.00        7.10       29.80       -1.00        0.80        4.13     5601.30        0.00        0.00        0.00        0.01        0.01        0.01        0.01        0.01        0.01
2025-11-04 01:00:19      854.96       16.60       30.10     1470.00        1.90      254.00        7.10       29.90       -0.90        0.81        4.14     5602.30        0.00        0.00        0.00        0.01        0.01        0.01        0.01        0.01        0.01
2025-11-04 01:00:22      854.86       16.60       30.00     1471.00        1.60      265.00        7.10       29.90       -1.00        0.80        4.11     5605.30        0.00        0.00        0.00        0.01        0.01        0.01        0.01        0.01        0.01
2025-11-04 01:00:23      854.81       16.60       30.00     1472.00        1.60      268.00        7.10       29.90       -1.00        0.80        4.12     5606.30        0.00        0.00        0.00        0.01        0.01        0.01        0.01        0.01        0.01
2025-11-04 01:00:26      854.61       16.60       30.10     1474.00        1.30      317.00        7.10       29.90       -1.00        0.80        4.12     5609.30        0.00        0.00        0.00        0.01        0.01        0.01        0.01        0.01        0.01
2025-11-04 01:00:27      854.49       16.60       30.10     1475.00        1.30      323.00        7.10       30.00       -0.90        0.81        4.15     5610.30        0.00        0.00        0.00        0.01        0.01        0.01        0.01        0.01        0.01
2025-11-04 01:00:28      854.42       16.50       30.10     1476.00        1.30      331.00        7.10       29.80       -1.10        0.80        4.10     5611.30        0.00        0.00        0.00        0.01        0.01        0.01        0.01        0.01        0.01
2025-11-04 01:00:29      854.61       16.50       30.10     1474.00        1.40      337.00        7.10       29.80       -1.00        0.80        4.11     5612.30        0.00        0.00        0.00        0.01        0.01        0.01        0.01        0.01        0.01
2025-11-04 01:00:32      854.38       16.70       30.00     1476.00        2.10      343.00        7.10       30.10       -0.90        0.81        4.16     5615.30        0.00        0.00        0.00        0.01        0.01        0.01        0.01        0.01        0.01
2025-11-04 01:00:33      854.00       16.80       30.10     1480.00        2.40      340.00        7.10       30.10       -0.90        0.81        4.18     5616.30        0.00        0.00        0.00        0.01        0.01        0.01        0.01        0.01        0.01
2025-11-04 01:00:34      853.92       16.70       30.00     1481.00        2.50      341.00        7.10       30.10       -0.90        0.81        4.15     5617.30        0.00        0.00        0.00        0.01        0.01        0.01        0.01        0.01        0.01
2025-11-04 01:00:35      854.09       16.70       29.90     1479.00        2.50      346.00        7.10       30.10       -1.00        0.80        4.12     5618.30        0.00        0.00        0.00        0.01        0.01        0.01        0.01        0.01        0.01
2025-11-04 01:00:37      853.78       16.70       29.90     1482.00        2.80      344.00        7.10       30.10       -1.00        0.81        4.13     5620.30        0.00        0.00        0.00        0.01        0.01        0.01        0.01        0.01        0.01
2025-11-04 01:00:38      853.64       16.60       30.00     1483.00        3.60      339.00        7.10       30.00       -1.00        0.81        4.13     5621.30        0.00        0.00        0.00        0.01        0.01        0.01        0.01        0.01        0.01
2025-11-04 01:00:39      853.59       16.70       29.90     1484.00        3.60      338.00        7.10       30.10       -1.00        0.81        4.14     5622.30        0.00        0.00        0.00        0.01        0.01        0.01        0.01        0.01        0.01
2025-11-04 01:00:40      853.69       16.60       29.80     1483.00        4.00      348.00        7.10       30.00       -1.00        0.80        4.11     5623.30        0.00        0.00        0.00        0.01        0.01        0.01        0.01        0.01        0.01
2025-11-04 01:00:41      853.48       16.60       29.80     1485.00        4.70      341.00        7.10       30.10       -1.10        0.80        4.11     5624.30        0.00        0.00        0.00        0.01        0.01        0.01        0.01        0.01        0.01
2025-11-04 01:00:43      853.38       16.60       29.90     1486.00        4.60      345.00        7.10       30.10       -1.00        0.80        4.12     5626.20        0.00        0.00        0.00        0.01        0.01        0.01        0.01        0.01        0.01
2025-11-04 01:00:44      853.45       16.70       30.00     1485.00        4.20      337.00        7.10       30.10       -1.00        0.81        4.14     5627.20        0.00        0.00        0.00        0.01        0.01        0.01        0.01        0.01        0.01
2025-11-04 01:00:47      853.13       16.50       29.90     1489.00        3.60      344.00        7.10       30.00       -1.10        0.80        4.10     5630.20        0.00        0.00        0.00        0.01        0.01        0.01        0.01        0.01        0.01
2025-11-04 01:00:48      853.14       16.60       29.80     1488.00        3.50      341.00        7.10       30.10       -1.10        0.80        4.10     5631.20        0.00        0.00        0.00        0.01        0.01        0.01        0.01        0.01        0.01
2025-11-04 01:00:49      853.15       16.70       29.80     1488.00        3.30      343.00        7.10       30.10       -1.00        0.80        4.12     5632.20        0.00        0.00        0.00        0.01        0.01        0.01        0.01        0.01        0.01
2025-11-04 01:00:55      852.71       16.50       29.70     1493.00        2.90        9.00        7.10       30.00       -1.30        0.80        4.04     5638.20        0.00        0.00        0.00        0.01        0.01        0.01        0.01        0.01        0.01
2025-11-04 01:00:56      852.67       16.50       29.80     1493.00        2.70      357.00        7.10       30.00       -1.20        0.80        4.07     5639.20        0.00        0.00        0.00        0.01        0.01        0.01        0.01        0.01        0.01
2025-11-04 01:00:57      852.55       16.60       29.40     1494.00        2.70      355.00        7.10       30.10       -1.30        0.80        4.03     5640.20        0.00        0.00        0.00        0.01        0.01        0.01        0.01        0.01        0.01
2025-11-04 01:00:58      852.79       16.50       29.30     1492.00        2.80      353.00        7.10       30.00       -1.40        0.80        3.99     5641.20        0.00        0.00        0.00        0.01        0.01        0.01        0.01        0.01        0.01
2025-11-04 01:01:00      852.83       16.40       29.00     1492.00        3.00      356.00        7.10       29.90       -1.60        0.80        3.93     5643.20        0.00        0.00        0.00        0.01        0.01        0.01        0.01        0.01        0.01
2025-11-04 01:01:01      852.58       16.40       28.90     1494.00        3.00      359.00        7.10       29.90       -1.70        0.80        3.90     5644.20        0.00        0.00        0.00        0.01        0.01        0.01        0.01        0.01        0.01
2025-11-04 01:01:03      852.62       16.50       29.00     1494.00        3.10      360.00        7.10       30.00       -1.60        0.80        3.93     5646.20        0.00        0.00        0.00        0.01        0.01        0.01        0.01        0.01        0.01
2025-11-04 01:01:03      852.46       16.50       29.10     1495.00        3.10        0.00        7.10       30.10       -1.50        0.80        3.97     5647.20        0.00        0.00        0.00        0.01        0.01        0.01        0.01        0.01        0.01
2025-11-04 01:01:05      852.43       16.50       29.00     1496.00        3.10        4.00        7.10       30.10       -1.50        0.80        3.95     5648.20        0.00        0.00        0.00        0.01        0.01        0.01        0.01        0.01        0.01
2025-11-04 01:01:06      852.21       16.50       28.90     1498.00        2.90        6.00        7.10       30.10       -1.60        0.80        3.93     5649.20        0.00        0.00        0.00        0.01        0.01        0.01        0.01        0.01        0.01
2025-11-04 01:01:06      852.14       16.40       29.10     1498.00        2.70       13.00        7.10       30.00       -1.60        0.80        3.94     5650.20        0.00        0.00        0.00        0.01        0.01        0.01        0.01        0.01        0.01
2025-11-04 01:01:09      852.32       16.50       29.00     1497.00        2.30        1.00        7.10       30.00       -1.60        0.80        3.93     5652.20        0.00        0.00        0.00        0.01        0.01        0.01        0.01        0.01        0.01
2025-11-04 01:01:10      852.14       16.60       28.90     1498.00        2.10      359.00        7.10       30.10       -1.50        0.80        3.95     5653.20        0.00        0.00        0.00        0.01        0.01        0.01        0.01        0.01        0.01
2025-11-04 01:01:11      852.11       16.30       29.00     1499.00        2.10      354.00        7.10       29.90       -1.70        0.80        3.89     5654.20        0.00        0.00        0.00        0.01        0.01        0.01        0.01        0.01        0.01
2025-11-04 01:01:12      852.04       16.40       29.00     1499.00        1.90      345.00        7.10       30.00       -1.60        0.80        3.92     5655.20        0.00        0.00        0.00        0.01        0.01        0.01        0.01        0.01        0.01
2025-11-04 01:01:13      851.95       16.40       29.00     1500.00        1.90      338.00        7.10       30.00       -1.60        0.80        3.92     5656.20        0.00        0.00        0.00        0.01        0.01        0.01        0.01        0.01        0.01
2025-11-04 01:01:17      851.99       16.50       28.70     1500.00        1.80      333.00        7.10       30.00       -1.70        0.80        3.89     5660.20        0.00        0.00        0.00        0.01        0.01        0.01        0.01        0.01        0.01
2025-11-04 01:01:18      852.02       16.50       28.70     1500.00        1.80      330.00        7.10       30.00       -1.80        0.80        3.88     5661.20        0.00        0.00        0.00        0.01        0.01        0.01        0.01        0.01        0.01
2025-11-04 01:01:19      851.83       16.50       28.70     1501.00        1.70      329.00        7.10       30.10       -1.70        0.80        3.89     5662.20        0.00        0.00        0.00        0.01        0.01        0.01        0.01        0.01        0.01
2025-11-04 01:01:20      851.81       16.50       28.80     1502.00        1.90      326.00        7.10       30.00       -1.70        0.80        3.90     5663.20        0.00        0.00        0.00        0.01        0.01        0.01        0.01        0.01        0.01
2025-11-04 01:01:22      851.65       16.40       28.90     1503.00        2.30      310.00        7.10       30.00       -1.70        0.80        3.91     5665.20        0.00        0.00        0.00        0.01        0.01        0.01        0.01        0.01        0.01
2025-11-04 01:01:23      851.69       16.40       28.90     1503.00        2.50      327.00        7.10       29.90       -1.70        0.80        3.90     5666.20        0.00        0.00        0.00        0.01        0.01        0.01        0.01        0.01        0.01
2025-11-04 01:01:24      852.08       16.30       29.00     1499.00        2.60      328.00        7.10       29.90       -1.70        0.80        3.89     5667.20        0.00        0.00        0.00        0.01        0.01        0.01        0.01        0.01        0.01
2025-11-04 01:01:25      852.19       16.40       29.10     1498.00        2.90      322.00        7.10       29.90       -1.60        0.80        3.92     5668.20        0.00        0.00        0.00        0.01        0.01        0.01        0.01        0.01        0.01
2025-11-04 01:01:26      851.81       16.40       29.20     1502.00        3.10      325.00        7.10       29.90       -1.60        0.80        3.94     5669.20        0.00        0.00        0.00        0.01        0.01        0.01        0.01        0.01        0.01
2025-11-04 01:01:27      851.81       16.30       29.30     1502.00        3.10      322.00        7.10       29.90       -1.60        0.80        3.92     5670.20        0.00        0.00        0.00        0.01        0.01        0.01        0.01        0.01        0.01
2025-11-04 01:01:28      851.95       16.30       29.30     1500.00        3.20      335.00        7.10       29.80       -1.60        0.80        3.92     5671.20        0.00        0.00        0.00        0.01        0.01        0.01        0.01        0.01        0.01
2025-11-04 01:01:29      851.58       16.30       29.40     1504.00        3.10      336.00        7.10       29.90       -1.60        0.80        3.94     5672.20        0.00        0.00        0.00        0.01        0.01        0.01        0.01        0.01        0.01
2025-11-04 01:01:30      851.75       16.30       29.40     1502.00        3.40      333.00        7.10       29.90       -1.50        0.80        3.96     5673.20        0.00        0.00        0.00        0.01        0.01        0.01        0.01        0.01        0.01
2025-11-04 01:01:31      851.71       16.30       29.40     1503.00        3.50      336.00        7.10       29.90       -1.60        0.80        3.94     5674.20        0.00        0.00        0.00        0.01        0.01        0.01        0.01        0.01        0.01
2025-11-04 01:01:32      851.55       16.30       29.40     1504.00        3.70      332.00        7.10       29.90       -1.50        0.80        3.96     5675.20        0.00        0.00        0.00        0.01        0.01        0.01        0.01        0.01        0.01
2025-11-04 01:01:33      851.56       16.30       29.50     1504.00        4.00      327.00        7.10       29.90       -1.50        0.80        3.96     5676.20        0.00        0.00        0.00        0.01        0.01        0.01        0.01        0.01        0.01
2025-11-04 01:01:35      851.51       16.20       29.70     1505.00        4.20      322.00        7.10       29.80       -1.50        0.80        3.97     5678.20        0.00        0.00        0.00        0.01        0.01        0.01        0.01        0.01        0.01
2025-11-04 01:01:37      851.55       16.20       29.80     1504.00        4.50      316.00        7.10       29.80       -1.40        0.80        3.99     5680.20        0.00        0.00        0.00        0.01        0.01        0.01        0.01        0.01        0.01
2025-11-04 01:01:38      851.17       16.20       30.00     1508.00        4.80      313.00        7.10       29.80       -1.40        0.80        4.01     5682.20        0.00        0.00        0.00        0.01        0.01        0.01        0.01        0.01        0.01
2025-11-04 01:01:41      851.15       16.20       30.10     1508.00        4.80      333.00        7.10       29.80       -1.40        0.80        4.02     5684.20        0.00        0.00        0.00        0.01        0.01        0.01        0.01        0.01        0.01
2025-11-04 01:01:42      851.06       16.20       30.00     1509.00        4.70      329.00        7.10       29.90       -1.30        0.80        4.02     5685.20        0.00        0.00        0.00        0.01        0.01        0.01        0.01        0.01        0.01
2025-11-04 01:01:42      850.83       16.20       30.00     1511.00        4.70      331.00        7.10       29.90       -1.30        0.80        4.02     5686.20        0.00        0.00        0.00        0.01        0.01        0.01        0.01        0.01        0.01
2025-11-04 01:01:43      850.98       16.10       30.10     1510.00        4.90      322.00        7.10       29.80       -1.40        0.80        4.01     5687.20        0.00        0.00        0.00        0.01        0.01        0.01        0.01        0.01        0.01
2025-11-04 01:01:44      850.96       16.10       30.10     1510.00        5.00      304.00        7.10       29.80       -1.40        0.80        4.00     5688.20        0.00        0.00        0.00        0.01        0.01        0.01        0.01        0.01        0.01
2025-11-04 01:01:46      850.68       16.20       30.10     1513.00        5.00      287.00        7.10       29.80       -1.40        0.80        4.02     5689.20        0.00        0.00        0.00        0.01        0.01        0.01        0.01        0.01        0.01
2025-11-04 01:01:47      850.83       16.10       30.10     1511.00        4.30      309.00        7.10       29.80       -1.40        0.80        4.01     5691.20        0.00        0.00        0.00        0.01        0.01        0.01        0.01        0.01        0.01
2025-11-04 01:01:48      850.75       16.20       30.10     1512.00        4.10      313.00        7.10       29.90       -1.40        0.80        4.02     5692.20        0.00        0.00        0.00        0.01        0.01        0.01        0.01        0.01        0.01
2025-11-04 01:01:50      850.49       16.20       30.10     1515.00        3.80      295.00        7.10       29.90       -1.40        0.80        4.01     5693.20        0.00        0.00        0.00        0.01        0.01        0.01        0.01        0.01        0.01
2025-11-04 01:01:51      850.46       16.20       30.10     1515.00        3.50      291.00        7.10       29.90       -1.30        0.80        4.03     5694.20        0.00        0.00        0.00        0.01        0.01        0.01        0.01        0.01        0.01
2025-11-04 01:01:54      850.66       16.10       29.90     1513.00        3.50      284.00        7.10       29.80       -1.50        0.80        3.97     5697.20        0.00        0.00        0.00        0.01        0.01        0.01        0.01        0.01        0.01
2025-11-04 01:01:54      850.38       16.10       30.00     1516.00        3.70      273.00        7.10       29.80       -1.40        0.80        4.00     5698.20        0.00        0.00        0.00        0.01        0.01        0.01        0.01        0.01        0.01
2025-11-04 01:01:55      850.22       16.10       30.10     1518.00        3.60      268.00        7.10       29.90       -1.40        0.80        4.01     5699.20        0.00        0.00        0.00        0.01        0.01        0.01        0.01        0.01        0.01
2025-11-04 01:01:56      850.27       16.10       30.20     1517.00        3.30      263.00        7.10       29.80       -1.40        0.80        4.01     5700.20        0.00        0.00        0.00        0.01        0.01        0.01        0.01        0.01        0.01
2025-11-04 01:01:58      850.34       16.10       30.20     1516.00        3.10      284.00        7.10       29.80       -1.30        0.80        4.03     5702.20        0.00        0.00        0.00        0.01        0.01        0.01        0.01        0.01        0.01
2025-11-04 01:01:59      850.45       16.10       30.10     1515.00        2.90      287.00        7.10       29.80       -1.40        0.80        4.00     5703.20        0.00        0.00        0.00        0.01        0.01        0.01        0.01        0.01        0.01
2025-11-04 01:02:00      850.58       16.10       30.20     1514.00        2.80      285.00        7.10       29.80       -1.40        0.80        4.02     5704.20        0.00        0.00        0.00        0.01        0.01        0.01        0.01        0.01        0.01
2025-11-04 01:02:03      849.93       16.00       30.30     1520.00        2.80      242.00        7.10       29.80       -1.40        0.80        4.02     5707.20        0.00        0.00        0.00        0.01        0.01        0.01        0.01        0.01        0.01
2025-11-04 01:02:06      850.15       16.00       30.70     1518.00        3.00      252.00        7.10       29.80       -1.20        0.80        4.08     5710.20        0.00        0.00        0.00        0.01        0.01        0.01        0.01        0.01        0.01
2025-11-04 01:02:07      849.88       16.10       30.70     1521.00        3.20      257.00        7.10       29.80       -1.20        0.80        4.09     5711.20        0.00        0.00        0.00        0.01        0.01        0.01        0.01        0.01        0.01
2025-11-04 01:02:09      849.96       16.00       30.90     1520.00        3.10      246.00        7.10       29.80       -1.10        0.80        4.10     5713.20        0.00        0.00        0.00        0.01        0.01        0.01        0.01        0.01        0.01
2025-11-04 01:02:11      849.83       16.00       30.80     1521.00        3.10      269.00        7.10       29.80       -1.10        0.80        4.10     5715.20        0.00        0.00        0.00        0.01        0.01        0.01        0.01        0.01        0.01
2025-11-04 01:02:12      849.86       16.10       30.80     1521.00        3.00      274.00        7.10       29.80       -1.10        0.80        4.10     5716.20        0.00        0.00        0.00        0.01        0.01        0.01        0.01        0.01        0.01
2025-11-04 01:02:14      849.61       16.00       30.50     1524.00        3.20      257.00        7.10       29.80       -1.30        0.80        4.03     5718.20        0.00        0.00        0.00        0.01        0.01        0.01        0.01        0.01        0.01
2025-11-04 01:02:15      849.67       16.10       30.70     1523.00        3.20      241.00        7.10       29.80       -1.20        0.80        4.08     5719.20        0.00        0.00        0.00        0.01        0.01        0.01        0.01        0.01        0.01
2025-11-04 01:02:16      849.76       16.00       30.80     1522.00        3.60      242.00        7.10       29.70       -1.20        0.80        4.07     5720.20        0.00        0.00        0.00        0.01        0.01        0.01        0.01        0.01        0.01
2025-11-04 01:02:17      849.52       15.90       30.80     1525.00        3.80      242.00        7.10       29.70       -1.20        0.80        4.07     5721.20        0.00        0.00        0.00        0.01        0.01        0.01        0.01        0.01        0.01
2025-11-04 01:02:18      849.54       16.00       30.90     1524.00        4.00      241.00        7.10       29.80       -1.20        0.80        4.09     5722.20        0.00        0.00        0.00        0.01        0.01        0.01        0.01        0.01        0.01
2025-11-04 01:02:19      849.63       16.00       30.90     1523.00        3.90      243.00        7.10       29.80       -1.20        0.80        4.09     5723.20        0.00        0.00        0.00        0.01        0.01        0.01        0.01        0.01        0.01
2025-11-04 01:02:21      849.38       15.90       30.90     1526.00        3.80      255.00        7.10       29.70       -1.20        0.80        4.09     5725.20        0.00        0.00        0.00        0.01        0.01        0.01        0.01        0.01        0.01
2025-11-04 01:02:22      849.40       16.00       30.90     1526.00        3.80      248.00        7.10       29.80       -1.10        0.80        4.11     5726.20        0.00        0.00        0.00        0.01        0.01        0.01        0.01        0.01        0.01
2025-11-04 01:02:23      849.48       16.00       30.80     1525.00        3.80      249.00        7.10       29.80       -1.20        0.80        4.07     5727.10        0.00        0.00        0.00        0.01        0.01        0.01        0.01        0.01        0.01
2025-11-04 01:02:24      849.51       16.00       30.70     1525.00        3.70      251.00        7.10       29.80       -1.20        0.80        4.07     5728.10        0.00        0.00        0.00        0.01        0.01        0.01        0.01        0.01        0.01
2025-11-04 01:02:25      849.32       16.00       30.80     1527.00        3.60      265.00        7.10       29.80       -1.20        0.80        4.09     5729.10        0.00        0.00        0.00        0.01        0.01        0.01        0.01        0.01        0.01
2025-11-04 01:02:26      849.36       16.00       30.60     1526.00        3.60      267.00        7.10       29.80       -1.30        0.80        4.05     5730.10        0.00        0.00        0.00        0.01        0.01        0.01        0.01        0.01        0.01
2025-11-04 01:02:28      849.41       15.90       30.60     1526.00        3.40      264.00        7.10       29.70       -1.30        0.80        4.03     5732.10        0.00        0.00        0.00        0.01        0.01        0.01        0.01        0.01        0.01
2025-11-04 01:02:30      848.89       15.90       30.50     1531.00        3.60      268.00        7.10       29.80       -1.40        0.80        4.02     5734.10        0.00        0.00        0.00        0.01        0.01        0.01        0.01        0.01        0.01
2025-11-04 01:02:31      849.23       15.90       30.50     1527.00        3.60      266.00        7.10       29.70       -1.40        0.80        3.99     5735.10        0.00        0.00        0.00        0.01        0.01        0.01        0.01        0.01        0.01
2025-11-04 01:02:32      848.97       16.00       30.50     1530.00        3.50      282.00        7.10       29.90       -1.30        0.80        4.05     5736.10        0.00        0.00        0.00        0.01        0.01        0.01        0.01        0.01        0.01
2025-11-04 01:02:33      849.29       16.00       30.50     1527.00        3.50      306.00        7.10       29.80       -1.30        0.80        4.03     5737.10        0.00        0.00        0.00        0.01        0.01        0.01        0.01        0.01        0.01
2025-11-04 01:02:34      848.83       16.00       30.50     1531.00        3.30      302.00        7.10       29.90       -1.30        0.80        4.04     5738.10        0.00        0.00        0.00        0.01        0.01        0.01        0.01        0.01        0.01
2025-11-04 01:02:35      848.68       15.90       30.50     1533.00        3.10      280.00        7.10       29.70       -1.40        0.80        4.00     5739.10        0.00        0.00        0.00        0.01        0.01        0.01        0.01        0.01        0.01
2025-11-04 01:02:36      848.87       15.90       30.40     1531.00        3.00      280.00        7.10       29.80       -1.40        0.80        4.01     5740.10        0.00        0.00        0.00        0.01        0.01        0.01        0.01        0.01        0.01
2025-11-04 01:02:39      848.66       16.00       30.20     1533.00        3.30      258.00        7.10       29.90       -1.40        0.80        4.00     5743.10        0.00        0.00        0.00        0.01        0.01        0.01        0.01        0.01        0.01
2025-11-04 01:02:40      848.66       15.90       30.30     1533.00        3.50      259.00        7.10       29.80       -1.50        0.80        3.99     5744.10        0.00        0.00        0.00        0.01        0.01        0.01        0.01        0.01        0.01
2025-11-04 01:02:42      848.36       15.90       30.50     1536.00        3.90      253.00        7.10       29.90       -1.40        0.80        4.03     5746.10        0.00        0.00        0.00        0.01        0.01        0.01        0.01        0.01        0.01
2025-11-04 01:02:43      848.63       15.90       30.50     1533.00        3.90      246.00        7.10       29.80       -1.40        0.80        4.02     5747.10        0.00        0.00        0.00        0.01        0.01        0.01        0.01        0.01        0.01
2025-11-04 01:02:45      848.48       15.90       30.70     1535.00        4.00      243.00        7.10       29.80       -1.30        0.80        4.05     5749.10        0.00        0.00        0.00        0.01        0.01        0.01        0.01        0.01        0.01
2025-11-04 01:02:46      848.20       15.90       30.70     1538.00        4.00      241.00        7.10       29.80       -1.30        0.80        4.05     5750.10        0.00        0.00        0.00        0.01        0.01        0.01        0.01        0.01        0.01
2025-11-04 01:02:48      848.19       15.90       30.70     1538.00        4.10      245.00        7.10       29.80       -1.30        0.80        4.04     5752.10        0.00        0.00        0.00        0.01        0.01        0.01        0.01        0.01        0.01
2025-11-04 01:02:49      847.98       15.80       30.70     1540.00        4.20      246.00        7.10       29.80       -1.40        0.80        4.03     5753.10        0.00        0.00        0.00        0.01        0.01        0.01        0.01        0.01        0.01
2025-11-04 01:02:51      848.00       15.80       30.70     1540.00        4.20      258.00        7.10       29.80       -1.40        0.80        4.03     5754.10        0.00        0.00        0.00        0.01        0.01        0.01        0.01        0.01        0.01
2025-11-04 01:02:51      848.08       15.80       30.70     1539.00        4.10      249.00        7.10       29.80       -1.40        0.80        4.03     5755.10        0.00        0.00        0.00        0.01        0.01        0.01        0.01        0.01        0.01
2025-11-04 01:02:52      848.00       15.90       30.80     1540.00        3.90      248.00        7.10       29.90       -1.30        0.80        4.06     5756.10        0.00        0.00        0.00        0.01        0.01        0.01        0.01        0.01        0.01
2025-11-04 01:02:54      848.08       15.90       30.70     1539.00        3.80      250.00        7.10       29.80       -1.30        0.80        4.04     5758.10        0.00        0.00        0.00        0.01        0.01        0.01        0.01        0.01        0.01
2025-11-04 01:02:55      847.91       15.80       30.80     1541.00        3.80      255.00        7.10       29.80       -1.30        0.80        4.04     5759.10        0.00        0.00        0.00        0.01        0.01        0.01        0.01        0.01        0.01
2025-11-04 01:02:56      848.00       15.80       30.70     1540.00        3.90      264.00        7.10       29.80       -1.40        0.80        4.03     5760.10        0.00        0.00        0.00        0.01        0.01        0.01        0.01        0.01        0.01
2025-11-04 01:02:57      847.84       15.80       30.60     1541.00        3.90      278.00        7.10       29.80       -1.40        0.80        4.02     5761.10        0.00        0.00        0.00        0.01        0.01        0.01        0.01        0.01        0.01
2025-11-04 01:02:59      847.88       15.90       30.40     1541.00        3.50      285.00        7.10       29.80       -1.40        0.80        4.00     5763.10        0.00        0.00        0.00        0.01        0.01        0.01        0.01        0.01        0.01
2025-11-04 01:03:00      847.64       15.80       30.50     1543.00        3.30      285.00        7.10       29.80       -1.50        0.80        3.99     5764.10        0.00        0.00        0.00        0.01        0.01        0.01        0.01        0.01        0.01
2025-11-04 01:03:01      847.59       15.80       30.40     1544.00        3.00      296.00        7.10       29.80       -1.50        0.80        3.98     5765.10        0.00        0.00        0.00        0.01        0.01        0.01        0.01        0.01        0.01
2025-11-04 01:03:02      847.52       15.90       30.40     1544.00        3.00      297.00        7.10       29.80       -1.50        0.80        3.99     5766.10        0.00        0.00        0.00        0.01        0.01        0.01        0.01        0.01        0.01
2025-11-04 01:03:04      847.65       15.90       30.30     1543.00        3.00      314.00        7.10       29.90       -1.50        0.80        3.99     5768.10        0.00        0.00        0.00        0.01        0.01        0.01        0.01        0.01        0.01
2025-11-04 01:03:05      847.46       15.90       30.30     1545.00        2.80      317.00        7.10       29.90       -1.50        0.80        3.98     5769.10        0.00        0.00        0.00        0.01        0.01        0.01        0.01        0.01        0.01
2025-11-04 01:03:07      847.30       15.80       30.20     1547.00        2.80      307.00        7.10       29.80       -1.60        0.80        3.95     5771.10        0.00        0.00        0.00        0.01        0.01        0.01        0.01        0.01        0.01
2025-11-04 01:03:08      847.24       15.90       30.20     1547.00        3.00      324.00        7.10       29.90       -1.60        0.80        3.96     5772.10        0.00        0.00        0.00        0.01        0.01        0.01        0.01        0.01        0.01
2025-11-04 01:03:09      847.45       15.90       30.10     1545.00        3.20      322.00        7.10       29.90       -1.60        0.80        3.95     5773.10        0.00        0.00        0.00        0.01        0.01        0.01        0.01        0.01        0.01
2025-11-04 01:03:10      846.99       15.80       30.10     1550.00        3.10      319.00        7.10       29.90       -1.60        0.80        3.95     5774.10        0.00        0.00        0.00        0.01        0.01        0.01        0.01        0.01        0.01
2025-11-04 01:03:11      847.21       15.80       30.10     1548.00        3.00      332.00        7.10       29.90       -1.70        0.80        3.94     5775.10        0.00        0.00        0.00        0.01        0.01        0.01        0.01        0.01        0.01
2025-11-04 01:03:12      847.30       15.90       30.00     1547.00        2.90      330.00        7.10       29.90       -1.70        0.80        3.94     5776.10        0.00        0.00        0.00        0.01        0.01        0.01        0.01        0.01        0.01
2025-11-04 01:03:13      847.11       15.80       30.10     1549.00        2.90      317.00        7.10       29.80       -1.70        0.80        3.92     5777.10        0.00        0.00        0.00        0.01        0.01        0.01        0.01        0.01        0.01
2025-11-04 01:03:14      847.04       15.80       30.00     1549.00        3.10      325.00        7.10       29.90       -1.70        0.80        3.94     5778.10        0.00        0.00        0.00        0.01        0.01        0.01        0.01        0.01        0.01
2025-11-04 01:03:15      846.80       15.80       30.10     1552.00        3.30      327.00        7.10       29.80       -1.70        0.80        3.92     5779.10        0.00        0.00        0.00        0.01        0.01        0.01        0.01        0.01        0.01
2025-11-04 01:03:17      846.91       15.80       30.10     1551.00        3.60      327.00        7.10       29.90       -1.70        0.80        3.93     5781.10        0.00        0.00        0.00        0.01        0.01        0.01        0.01        0.01        0.01
2025-11-04 01:03:18      846.65       15.80       30.10     1553.00        3.60      315.00        7.10       29.90       -1.60        0.80        3.94     5782.10        0.00        0.00        0.00        0.01        0.01        0.01        0.01        0.01        0.01
2025-11-04 01:03:20      846.70       15.80       30.20     1553.00        3.50      299.00        7.10       29.90       -1.60        0.80        3.94     5784.10        0.00        0.00        0.00        0.01        0.01        0.01        0.01        0.01        0.01
2025-11-04 01:03:21      846.62       15.80       30.30     1554.00        3.40      299.00        7.10       29.90       -1.60        0.80        3.97     5785.10        0.00        0.00        0.00        0.01        0.01        0.01        0.01        0.01        0.01
2025-11-04 01:03:22      846.50       15.80       30.30     1555.00        3.50      305.00        7.10       29.90       -1.60        0.80        3.96     5786.10        0.00        0.00        0.00        0.01        0.01        0.01        0.01        0.01        0.01
2025-11-04 01:03:24      846.30       15.80       30.20     1557.00        3.30      310.00        7.10       29.90       -1.60        0.80        3.96     5788.10        0.00        0.00        0.00        0.01        0.01        0.01        0.01        0.01        0.01
2025-11-04 01:03:25      846.11       15.70       30.20     1559.00        3.10      286.00        7.10       29.90       -1.70        0.80        3.94     5789.10        0.00        0.00        0.00        0.01        0.01        0.01        0.01        0.01        0.01
2025-11-04 01:03:29      846.18       15.70       30.80     1558.00        3.10      270.00        7.10       29.80       -1.50        0.80        4.01     5793.10        0.00        0.00        0.00        0.01        0.01        0.01        0.01        0.01        0.01
2025-11-04 01:03:30      845.90       15.70       30.70     1561.00        3.30      267.00        7.10       29.90       -1.40        0.80        4.02     5794.10        0.00        0.00        0.00        0.01        0.01        0.01        0.01        0.01        0.01
2025-11-04 01:03:32      846.25       15.70       30.70     1557.00        3.20      285.00        7.10       29.80       -1.50        0.80        3.99     5796.10        0.00        0.00        0.00        0.01        0.01        0.01        0.01        0.01        0.01
2025-11-04 01:03:33      846.02       15.70       30.60     1560.00        3.20      275.00        7.10       29.90       -1.50        0.80        3.99     5797.10        0.00        0.00        0.00        0.01        0.01        0.01        0.01        0.01        0.01
2025-11-04 01:03:34      846.12       15.70       30.60     1559.00        3.20      263.00        7.10       29.80       -1.50        0.80        3.98     5798.10        0.00        0.00        0.00        0.01        0.01        0.01        0.01        0.01        0.01
2025-11-04 01:03:35      846.05       15.60       30.70     1559.00        3.30      282.00        7.10       29.80       -1.60        0.80        3.98     5799.10        0.00        0.00        0.00        0.01        0.01        0.01        0.01        0.01        0.01
2025-11-04 01:03:36      845.99       15.70       30.70     1560.00        3.30      257.00        7.10       29.80       -1.50        0.80        3.98     5800.10        0.00        0.00        0.00        0.01        0.01        0.01        0.01        0.01        0.01
2025-11-04 01:03:37      846.06       15.70       30.70     1559.00        3.20      267.00        7.10       29.90       -1.50        0.80        4.00     5801.10        0.00        0.00        0.00        0.01        0.01        0.01        0.01        0.01        0.01
2025-11-04 01:03:39      845.91       15.70       30.70     1561.00        3.20      274.00        7.10       29.90       -1.50        0.80        4.00     5803.10        0.00        0.00        0.00        0.01        0.01        0.01        0.01        0.01        0.01
2025-11-04 01:03:40      845.82       15.70       30.60     1562.00        3.20      271.00        7.10       29.90       -1.50        0.80        3.99     5804.10        0.00        0.00        0.00        0.01        0.01        0.01        0.01        0.01        0.01
2025-11-04 01:03:42      845.49       15.70       30.60     1565.00        3.10      274.00        7.10       29.90       -1.50        0.80        4.01     5806.10        0.00        0.00        0.00        0.01        0.01        0.01        0.01        0.01        0.01
2025-11-04 01:03:43      845.73       15.70       30.60     1562.00        3.10      271.00        7.10       29.80       -1.50        0.80        3.98     5807.10        0.00        0.00        0.00        0.01        0.01        0.01        0.01        0.01        0.01
2025-11-04 01:03:44      845.71       15.70       30.60     1563.00        3.10      268.00        7.10       29.90       -1.50        0.80        3.99     5808.10        0.00        0.00        0.00        0.01        0.01        0.01        0.01        0.01        0.01
2025-11-04 01:03:47      845.66       15.70       30.70     1563.00        3.50      252.00        7.10       29.90       -1.50        0.80        4.00     5811.10        0.00        0.00        0.00        0.01        0.01        0.01        0.01        0.01        0.01
2025-11-04 01:03:50      845.50       15.70       30.80     1565.00        3.40      254.00        7.10       29.80       -1.50        0.80        4.01     5814.10        0.00        0.00        0.00        0.01        0.01        0.01        0.01        0.01        0.01
2025-11-04 01:03:51      845.45       15.70       30.80     1565.00        3.30      246.00        7.10       29.90       -1.50        0.80        4.01     5815.10        0.00        0.00        0.00        0.01        0.01        0.01        0.01        0.01        0.01
2025-11-04 01:03:52      845.33       15.70       30.90     1566.00        3.40      249.00        7.10       29.90       -1.40        0.80        4.02     5816.10        0.00        0.00        0.00        0.01        0.01        0.01        0.01        0.01        0.01
2025-11-04 01:03:55      845.08       15.60       30.80     1569.00        3.30      259.00        7.10       29.80       -1.50        0.80        4.00     5819.10        0.00        0.00        0.00        0.01        0.01        0.01        0.01        0.01        0.01
2025-11-04 01:03:56      845.11       15.60       30.80     1569.00        3.30      265.00        7.10       29.80       -1.50        0.80        3.99     5820.10        0.00        0.00        0.00        0.01        0.01        0.01        0.01        0.01        0.01
2025-11-04 01:03:57      845.49       15.70       30.80     1565.00        3.20      267.00        7.10       29.90       -1.50        0.80        4.00     5821.10        0.00        0.00        0.00        0.01        0.01        0.01        0.01        0.01        0.01
2025-11-04 01:03:59      845.36       15.70       30.70     1566.00        3.20      268.00        7.10       29.90       -1.50        0.80        4.00     5823.10        0.00        0.00        0.00        0.01        0.01        0.01        0.01        0.01        0.01
2025-11-04 01:04:00      844.97       15.60       30.70     1570.00        3.60      272.00        7.10       29.80       -1.60        0.80        3.98     5824.10        0.00        0.00        0.00        0.01        0.01        0.01        0.01        0.01        0.01
2025-11-04 01:04:01      845.03       15.60       30.90     1569.00        3.50      255.00        7.10       29.90       -1.50        0.80        4.00     5825.10        0.00        0.00        0.00        0.01        0.01        0.01        0.01        0.01        0.01
2025-11-04 01:04:02      844.83       15.60       30.80     1572.00        3.40      266.00        7.10       29.90       -1.50        0.80        4.00     5826.10        0.00        0.00        0.00        0.01        0.01        0.01        0.01        0.01        0.01
2025-11-04 01:04:03      844.78       15.60       30.90     1572.00        3.40      251.00        7.10       29.90       -1.50        0.80        4.01     5827.10        0.00        0.00        0.00        0.01        0.01        0.01        0.01        0.01        0.01
2025-11-04 01:04:04      844.80       15.60       30.80     1572.00        3.40      249.00        7.10       29.90       -1.50        0.80        4.00     5828.10        0.00        0.00        0.00        0.01        0.01        0.01        0.01        0.01        0.01
2025-11-04 01:04:06      844.89       15.50       30.90     1571.00        3.50      249.00        7.10       29.80       -1.50        0.80        3.99     5830.00        0.00        0.00        0.00        0.01        0.01        0.01        0.01        0.01        0.01
2025-11-04 01:04:08      844.67       15.60       30.90     1573.00        3.30      244.00        7.10       29.80       -1.50        0.80        4.00     5832.00        0.00        0.00        0.00        0.01        0.01        0.01        0.01        0.01        0.01
2025-11-04 01:04:09      844.59       15.60       31.00     1574.00        3.30      246.00        7.10       29.90       -1.50        0.80        4.01     5833.00        0.00        0.00        0.00        0.01        0.01        0.01        0.01        0.01        0.01
2025-11-04 01:04:10      844.62       15.60       31.00     1574.00        3.30      248.00        7.10       29.90       -1.50        0.80        4.01     5834.00        0.00        0.00        0.00        0.01        0.01        0.01        0.01        0.01        0.01
2025-11-04 01:04:11      844.85       15.60       31.00     1571.00        3.40      259.00        7.10       29.80       -1.50        0.80        4.00     5835.00        0.00        0.00        0.00        0.01        0.01        0.01        0.01        0.01        0.01
2025-11-04 01:04:12      844.71       15.50       30.90     1573.00        3.40      254.00        7.10       29.80       -1.50        0.80        3.99     5836.00        0.00        0.00        0.00        0.01        0.01        0.01        0.01        0.01        0.01
2025-11-04 01:04:13      844.88       15.60       31.00     1571.00        3.40      256.00        7.10       29.80       -1.50        0.80        4.01     5837.00        0.00        0.00        0.00        0.01        0.01        0.01        0.01        0.01        0.01
2025-11-04 01:04:14      844.96       15.50       30.90     1570.00        3.40      269.00        7.10       29.80       -1.50        0.80        3.99     5838.00        0.00        0.00        0.00        0.01        0.01        0.01        0.01        0.01        0.01
2025-11-04 01:04:15      844.76       15.60       30.90     1572.00        3.40      267.00        7.10       29.90       -1.50        0.80        4.00     5839.00        0.00        0.00        0.00        0.01        0.01        0.01        0.01        0.01        0.01
2025-11-04 01:04:16      844.57       15.60       30.90     1574.00        3.40      261.00        7.10       29.90       -1.50        0.80        4.01     5840.00        0.00        0.00        0.00        0.01        0.01        0.01        0.01        0.01        0.01
2025-11-04 01:04:17      844.67       15.60       30.90     1573.00        3.30      260.00        7.10       29.80       -1.50        0.80        4.00     5841.00        0.00        0.00        0.00        0.01        0.01        0.01        0.01        0.01        0.01
2025-11-04 01:04:18      844.35       15.60       30.90     1576.00        3.30      258.00        7.10       29.90       -1.50        0.80        4.00     5842.00        0.00        0.00        0.00        0.01        0.01        0.01        0.01        0.01        0.01
2025-11-04 01:04:19      844.20       15.50       31.00     1578.00        3.30      268.00        7.10       29.90       -1.50        0.80        4.00     5843.00        0.00        0.00        0.00        0.01        0.01        0.01        0.01        0.01        0.01
2025-11-04 01:04:21      844.55       15.60       30.90     1574.00        3.30      257.00        7.10       29.90       -1.50        0.80        4.00     5845.00        0.00        0.00        0.00        0.01        0.01        0.01        0.01        0.01        0.01
2025-11-04 01:04:22      844.42       15.50       30.90     1576.00        3.30      255.00        7.10       29.80       -1.50        0.80        3.99     5846.00        0.00        0.00        0.00        0.01        0.01        0.01        0.01        0.01        0.01
2025-11-04 01:04:23      844.53       15.60       31.00     1575.00        3.40      256.00        7.10       29.80       -1.50        0.80        4.00     5847.00        0.00        0.00        0.00        0.01        0.01        0.01        0.01        0.01        0.01
2025-11-04 01:04:24      844.27       15.50       30.90     1577.00        3.40      258.00        7.10       29.80       -1.60        0.80        3.98     5848.00        0.00        0.00        0.00        0.01        0.01        0.01        0.01        0.01        0.01
2025-11-04 01:04:25      844.12       15.50       31.00     1579.00        3.40      247.00        7.10       29.90       -1.50        0.80        4.00     5849.00        0.00        0.00        0.00        0.01        0.01        0.01        0.01        0.01        0.01
2025-11-04 01:04:26      844.38       15.50       31.00     1576.00        3.50      254.00        7.10       29.80       -1.50        0.80        3.99     5850.00        0.00        0.00        0.00        0.01        0.01        0.01        0.01        0.01        0.01
2025-11-04 01:04:27      844.45       15.50       30.90     1575.00        3.50      255.00        7.10       29.80       -1.50        0.80        3.99     5851.00        0.00        0.00        0.00        0.01        0.01        0.01        0.01        0.01        0.01
2025-11-04 01:04:28      844.30       15.60       31.00     1577.00        3.70      253.00        7.10       29.90       -1.50        0.80        4.00     5852.00        0.00        0.00        0.00        0.01        0.01        0.01        0.01        0.01        0.01
2025-11-04 01:04:29      844.24       15.50       31.00     1577.00        3.50      253.00        7.10       29.80       -1.50        0.80        4.00     5853.00        0.00        0.00        0.00        0.01        0.01        0.01        0.01        0.01        0.01
2025-11-04 01:04:32      844.09       15.50       31.00     1579.00        3.30      261.00        7.10       29.80       -1.50        0.80        3.99     5856.00        0.00        0.00        0.00        0.01        0.01        0.01        0.01        0.01        0.01
2025-11-04 01:04:34      844.21       15.50       30.90     1578.00        3.40      260.00        7.10       29.80       -1.50        0.80        3.99     5858.00        0.00        0.00        0.00        0.01        0.01        0.01        0.01        0.01        0.01
2025-11-04 01:04:35      843.72       15.50       31.00     1583.00        3.30      266.00        7.10       29.90       -1.50        0.80        4.00     5859.00        0.00        0.00        0.00        0.01        0.01        0.01        0.01        0.01        0.01
2025-11-04 01:04:36      843.80       15.50       30.90     1582.00        3.50      261.00        7.10       29.80       -1.60        0.80        3.97     5860.00        0.00        0.00        0.00        0.01        0.01        0.01        0.01        0.01        0.01
2025-11-04 01:04:37      843.96       15.50       30.90     1580.00        3.60      253.00        7.10       29.80       -1.60        0.80        3.98     5861.00        0.00        0.00        0.00        0.01        0.01        0.01        0.01        0.01        0.01
2025-11-04 01:04:38      843.76       15.50       31.00     1582.00        3.60      252.00        7.10       29.80       -1.60        0.80        3.98     5862.00        0.00        0.00        0.00        0.01        0.01        0.01        0.01        0.01        0.01
2025-11-04 01:04:39      843.73       15.50       31.00     1583.00        3.60      258.00        7.10       29.90       -1.50        0.80        3.99     5863.00        0.00        0.00        0.00        0.01        0.01        0.01        0.01        0.01        0.01
2025-11-04 01:04:40      843.71       15.50       31.00     1583.00        3.60      260.00        7.10       29.90       -1.50        0.80        3.99     5864.00        0.00        0.00        0.00        0.01        0.01        0.01        0.01        0.01        0.01
2025-11-04 01:04:41      843.76       15.50       30.90     1582.00        3.60      257.00        7.10       29.80       -1.60        0.80        3.98     5865.00        0.00        0.00        0.00        0.01        0.01        0.01        0.01        0.01        0.01
2025-11-04 01:04:42      843.74       15.50       30.90     1582.00        3.50      261.00        7.10       29.90       -1.50        0.80        3.99     5866.00        0.00        0.00        0.00        0.01        0.01        0.01        0.01        0.01        0.01
2025-11-04 01:04:44      843.68       15.50       30.90     1583.00        3.30      253.00        7.10       29.90       -1.60        0.80        3.99     5868.00        0.00        0.00        0.00        0.01        0.01        0.01        0.01        0.01        0.01
2025-11-04 01:04:45      843.71       15.50       30.90     1583.00        3.40      251.00        7.10       29.90       -1.50        0.80        3.99     5869.00        0.00        0.00        0.00        0.01        0.01        0.01        0.01        0.01        0.01
2025-11-04 01:04:48      843.40       15.40       30.90     1586.00        3.30      263.00        7.10       29.80       -1.60        0.80        3.96     5872.00        0.00        0.00        0.00        0.01        0.01        0.01        0.01        0.01        0.01
2025-11-04 01:04:49      843.38       15.50       30.90     1586.00        3.50      268.00        7.10       29.90       -1.60        0.80        3.97     5873.00        0.00        0.00        0.00        0.01        0.01        0.01        0.01        0.01        0.01
2025-11-04 01:04:50      843.19       15.40       30.90     1588.00        3.50      251.00        7.10       29.90       -1.60        0.80        3.97     5874.00        0.00        0.00        0.00        0.01        0.01        0.01        0.01        0.01        0.01
2025-11-04 01:04:51      843.40       15.40       31.00     1586.00        3.50      254.00        7.10       29.80       -1.60        0.80        3.98     5875.00        0.00        0.00        0.00        0.01        0.01        0.01        0.01        0.01        0.01
2025-11-04 01:04:53      843.19       15.40       31.00     1588.00        3.50      266.00        7.10       29.80       -1.60        0.80        3.97     5877.00        0.00        0.00        0.00        0.01        0.01        0.01        0.01        0.01        0.01
2025-11-04 01:04:55      843.12       15.40       31.00     1589.00        3.50      260.00        7.10       29.90       -1.60        0.80        3.98     5879.00        0.00        0.00        0.00        0.01        0.01        0.01        0.01        0.01        0.01
2025-11-04 01:04:56      843.11       15.40       31.00     1589.00        3.40      245.00        7.10       29.90       -1.60        0.80        3.97     5880.00        0.00        0.00        0.00        0.01        0.01        0.01        0.01        0.01        0.01
2025-11-04 01:04:59      842.90       15.40       30.90     1591.00        3.60      253.00        7.10       29.80       -1.60        0.80        3.96     5883.00        0.00        0.00        0.00        0.01        0.01        0.01        0.01        0.01        0.01
2025-11-04 01:05:01      842.86       15.40       31.00     1591.00        3.60      244.00        7.10       29.90       -1.60        0.80        3.98     5885.00        0.00        0.00        0.00        0.01        0.01        0.01        0.01        0.01        0.01
2025-11-04 01:05:02      842.90       15.40       30.90     1591.00        3.50      245.00        7.10       29.90       -1.60        0.80        3.96     5886.00        0.00        0.00        0.00        0.01        0.01        0.01        0.01        0.01        0.01
2025-11-04 01:05:03      842.87       15.40       31.00     1591.00        3.50      247.00        7.10       29.80       -1.60        0.80        3.96     5887.00        0.00        0.00        0.00        0.01        0.01        0.01        0.01        0.01        0.01
2025-11-04 01:05:06      842.57       15.40       31.00     1594.00        3.50      270.00        7.10       29.80       -1.60        0.80        3.96     5890.00        0.00        0.00        0.00        0.01        0.01        0.01        0.01        0.01        0.01
2025-11-04 01:05:07      842.66       15.40       31.00     1593.00        3.50      269.00        7.10       29.90       -1.60        0.80        3.97     5891.00        0.00        0.00        0.00        0.01        0.01        0.01        0.01        0.01        0.01
2025-11-04 01:05:08      842.55       15.30       30.90     1594.00        3.50      271.00        7.00       29.80       -1.70        0.80        3.95     5892.00        0.00        0.00        0.00        0.01        0.01        0.01        0.01        0.01        0.01
2025-11-04 01:05:10      842.68       15.40       31.00     1593.00        3.30      261.00        7.10       29.90       -1.60        0.80        3.98     5894.00        0.00        0.00        0.00        0.01        0.01        0.01        0.01        0.01        0.01
2025-11-04 01:05:11      842.38       15.40       31.00     1596.00        3.20      271.00        7.10       29.90       -1.60        0.80        3.97     5895.00        0.00        0.00        0.00        0.01        0.01        0.01        0.01        0.01        0.01
2025-11-04 01:05:12      842.39       15.30       31.00     1596.00        3.30      281.00        7.00       29.80       -1.70        0.80        3.95     5896.00        0.00        0.00        0.00        0.01        0.01        0.01        0.01        0.01        0.01
2025-11-04 01:05:13      842.42       15.40       30.90     1596.00        3.30      300.00        7.00       29.80       -1.70        0.80        3.95     5897.00        0.00        0.00        0.00        0.01        0.01        0.01        0.01        0.01        0.01
2025-11-04 01:05:14      842.36       15.40       31.00     1596.00        3.30      289.00        7.00       29.90       -1.60        0.80        3.97     5898.00        0.00        0.00        0.00        0.01        0.01        0.01        0.01        0.01        0.01
2025-11-04 01:05:17      842.48       15.40       30.70     1595.00        3.20      304.00        7.10       29.80       -1.80        0.80        3.92     5901.00        0.00        0.00        0.00        0.01        0.01        0.01        0.01        0.01        0.01
2025-11-04 01:05:19      842.15       15.40       30.70     1598.00        3.30      324.00        7.10       29.90       -1.80        0.80        3.92     5903.00        0.00        0.00        0.00        0.01        0.01        0.01        0.01        0.01        0.01
2025-11-04 01:05:20      842.12       15.30       30.80     1599.00        3.20      319.00        7.00       29.80       -1.80        0.80        3.91     5904.00        0.00        0.00        0.00        0.01        0.01        0.01        0.01        0.01        0.01
2025-11-04 01:05:21      842.16       15.30       30.80     1598.00        3.20      324.00        7.00       29.80       -1.80        0.80        3.90     5905.00        0.00        0.00        0.00        0.01        0.01        0.01        0.01        0.01        0.01
2025-11-04 01:05:22      842.11       15.30       30.90     1599.00        3.10      327.00        7.00       29.80       -1.80        0.80        3.91     5906.00        0.00        0.00        0.00        0.01        0.01        0.01        0.01        0.01        0.01
2025-11-04 01:05:24      842.13       15.40       30.80     1599.00        3.20      330.00        7.00       29.90       -1.70        0.80        3.94     5908.00        0.00        0.00        0.00        0.01        0.01        0.01        0.01        0.01        0.01
2025-11-04 01:05:26      842.06       15.30       30.90     1599.00        3.70      337.00        7.00       29.80       -1.80        0.80        3.92     5910.00        0.00        0.00        0.00        0.01        0.01        0.01        0.01        0.01        0.01
2025-11-04 01:05:27      841.93       15.20       31.00     1601.00        3.90      319.00        7.00       29.80       -1.80        0.80        3.92     5911.00        0.00        0.00        0.00        0.01        0.01        0.01        0.01        0.01        0.01
2025-11-04 01:05:29      841.93       15.40       30.90     1601.00        3.80      335.00        7.00       29.90       -1.70        0.80        3.95     5913.00        0.00        0.00        0.00        0.01        0.01        0.01        0.01        0.01        0.01
2025-11-04 01:05:30      841.81       15.30       30.90     1602.00        3.60      328.00        7.00       29.80       -1.80        0.80        3.92     5914.00        0.00        0.00        0.00        0.01        0.01        0.01        0.01        0.01        0.01
2025-11-04 01:05:32      841.77       15.30       31.00     1602.00        4.00      342.00        7.00       29.80       -1.70        0.80        3.95     5916.00        0.00        0.00        0.00        0.01        0.01        0.01        0.01        0.01        0.01
2025-11-04 01:05:33      841.91       15.30       30.90     1601.00        4.40      343.00        7.00       29.80       -1.80        0.80        3.92     5917.00        0.00        0.00        0.00        0.01        0.01        0.01        0.01        0.01        0.01
2025-11-04 01:05:34      841.72       15.30       31.00     1603.00        4.40      334.00        7.00       29.80       -1.70        0.80        3.94     5918.00        0.00        0.00        0.00        0.01        0.01        0.01        0.01        0.01        0.01
2025-11-04 01:05:35      841.64       15.40       31.10     1603.00        4.70      334.00        7.00       29.90       -1.60        0.80        3.98     5919.00        0.00        0.00        0.00        0.01        0.01        0.01        0.01        0.01        0.01
2025-11-04 01:05:38      841.31       15.30       31.10     1607.00        5.40      321.00        7.00       29.90       -1.60        0.80        3.97     5922.00        0.00        0.00        0.00        0.01        0.01        0.01        0.01        0.01        0.01
2025-11-04 01:05:39      841.40       15.30       31.20     1606.00        5.60      334.00        7.00       29.90       -1.60        0.80        3.98     5923.00        0.00        0.00        0.00        0.01        0.01        0.01        0.01        0.01        0.01
2025-11-04 01:05:41      841.13       15.30       31.20     1609.00        5.20      334.00        7.00       29.90       -1.60        0.80        3.97     5925.00        0.00        0.00        0.00        0.01        0.01        0.01        0.01        0.01        0.01
2025-11-04 01:05:42      841.03       15.30       31.20     1610.00        5.20      338.00        7.00       30.00       -1.60        0.80        3.99     5926.00        0.00        0.00        0.00        0.01        0.01        0.01        0.01        0.01        0.01
2025-11-04 01:05:43      840.99       15.30       31.20     1610.00        5.20      338.00        7.00       29.90       -1.60        0.80        3.97     5927.00        0.00        0.00        0.00        0.01        0.01        0.01        0.01        0.01        0.01
2025-11-04 01:05:44      841.08       15.30       31.20     1609.00        5.20      343.00        7.00       29.90       -1.60        0.80        3.99     5928.00        0.00        0.00        0.00        0.01        0.01        0.01        0.01        0.01        0.01
2025-11-04 01:05:47      840.67       15.30       31.30     1613.00        5.90      335.00        7.00       30.00       -1.60        0.80        3.99     5930.90        0.00        0.00        0.00        0.01        0.01        0.01        0.01        0.01        0.01
2025-11-04 01:05:48      840.69       15.30       31.20     1613.00        5.90      337.00        7.00       30.00       -1.60        0.80        3.98     5931.90        0.00        0.00        0.00        0.01        0.01        0.01        0.01        0.01        0.01
2025-11-04 01:05:49      840.35       15.30       31.20     1616.00        5.60      334.00        7.00       30.00       -1.60        0.80        3.99     5932.90        0.00        0.00        0.00        0.01        0.01        0.01        0.01        0.01        0.01
2025-11-04 01:05:50      840.63       15.40       31.20     1614.00        5.30      335.00        7.00       30.00       -1.60        0.80        3.99     5933.90        0.00        0.00        0.00        0.01        0.01        0.01        0.01        0.01        0.01
2025-11-04 01:05:51      840.55       15.30       31.20     1614.00        5.40      333.00        7.00       30.00       -1.60        0.80        3.99     5934.90        0.00        0.00        0.00        0.01        0.01        0.01        0.01        0.01        0.01
2025-11-04 01:05:52      840.55       15.30       31.20     1615.00        5.10      335.00        7.00       30.00       -1.60        0.80        3.98     5935.90        0.00        0.00        0.00        0.01        0.01        0.01        0.01        0.01        0.01
2025-11-04 01:05:53      840.49       15.20       31.20     1615.00        4.90      343.00        7.00       29.90       -1.70        0.80        3.96     5936.90        0.00        0.00        0.00        0.01        0.01        0.01        0.01        0.01        0.01
2025-11-04 01:06:01      839.97       15.10       31.00     1620.00        4.80      340.00        7.00       29.90       -1.80        0.80        3.91     5944.90        0.00        0.00        0.00        0.01        0.01        0.01        0.01        0.01        0.01
2025-11-04 01:06:02      839.95       15.20       31.00     1621.00        5.00      344.00        7.00       29.90       -1.80        0.80        3.92     5945.90        0.00        0.00        0.00        0.01        0.01        0.01        0.01        0.01        0.01
2025-11-04 01:06:03      840.02       15.20       31.10     1620.00        4.90      345.00        7.00       29.90       -1.80        0.80        3.93     5946.90        0.00        0.00        0.00        0.01        0.01        0.01        0.01        0.01        0.01
2025-11-04 01:06:05      839.72       15.20       31.10     1623.00        4.70      343.00        7.00       29.90       -1.80        0.80        3.94     5948.90        0.00        0.00        0.00        0.01        0.01        0.01        0.01        0.01        0.01
2025-11-04 01:06:06      839.89       15.10       31.10     1621.00        4.50      341.00        7.00       29.90       -1.80        0.80        3.92     5949.90        0.00        0.00        0.00        0.01        0.01        0.01        0.01        0.01        0.01
2025-11-04 01:06:09      839.52       15.10       30.90     1625.00        4.80      335.00        7.00       29.90       -1.90        0.80        3.89     5952.90        0.00        0.00        0.00        0.01        0.01        0.01        0.01        0.01        0.01
2025-11-04 01:06:10      839.65       15.10       31.00     1624.00        4.60      341.00        7.00       29.80       -1.90        0.80        3.89     5953.90        0.00        0.00        0.00        0.01        0.01        0.01        0.01        0.01        0.01
2025-11-04 01:06:11      839.46       15.10       31.00     1625.00        4.60      343.00        7.00       29.80       -1.90        0.80        3.90     5954.90        0.00        0.00        0.00        0.01        0.01        0.01        0.01        0.01        0.01
2025-11-04 01:06:12      839.60       15.00       31.00     1624.00        4.60      339.00        7.00       29.80       -1.90        0.80        3.88     5955.90        0.00        0.00        0.00        0.01        0.01        0.01        0.01        0.01        0.01
2025-11-04 01:06:13      839.65       15.10       31.00     1624.00        4.40      340.00        7.00       29.90       -1.90        0.80        3.91     5956.90        0.00        0.00        0.00        0.01        0.01        0.01        0.01        0.01        0.01
2025-11-04 01:06:15      839.32       15.10       31.00     1627.00        4.30      339.00        7.00       29.90       -1.90        0.80        3.89     5958.90        0.00        0.00        0.00        0.01        0.01        0.01        0.01        0.01        0.01
2025-11-04 01:06:16      839.11       15.00       31.00     1629.00        4.20      341.00        7.00       29.90       -1.90        0.80        3.89     5959.90        0.00        0.00        0.00        0.01        0.01        0.01        0.01        0.01        0.01
2025-11-04 01:06:20      839.24       15.10       30.90     1628.00        3.30      340.00        7.00       29.90       -1.90        0.80        3.88     5963.90        0.00        0.00        0.00        0.01        0.01        0.01        0.01        0.01        0.01
2025-11-04 01:06:22      839.24       15.10       30.90     1628.00        3.00      342.00        7.00       29.90       -2.00        0.79        3.87     5965.90        0.00        0.00        0.00        0.01        0.01        0.01        0.01        0.01        0.01
2025-11-04 01:06:26      839.12       15.10       30.80     1629.00        2.80      335.00        7.00       29.90       -2.00        0.79        3.87     5969.90        0.00        0.00        0.00        0.01        0.01        0.01        0.01        0.01        0.01
2025-11-04 01:06:27      839.12       15.10       30.70     1629.00        2.80      340.00        7.00       29.90       -2.00        0.79        3.86     5970.90        0.00        0.00        0.00        0.01        0.01        0.01        0.01        0.01        0.01
2025-11-04 01:06:28      839.30       15.10       30.70     1627.00        2.70      342.00        7.00       29.90       -2.00        0.79        3.85     5971.90        0.00        0.00        0.00        0.01        0.01        0.01        0.01        0.01        0.01
2025-11-04 01:06:29      839.12       15.10       30.70     1629.00        2.40      333.00        7.00       29.90       -2.00        0.79        3.86     5972.90        0.00        0.00        0.00        0.01        0.01        0.01        0.01        0.01        0.01
2025-11-04 01:06:30      839.26       15.10       30.70     1627.00        2.40      334.00        7.00       29.80       -2.00        0.79        3.85     5973.90        0.00        0.00        0.00        0.01        0.01        0.01        0.01        0.01        0.01
2025-11-04 01:06:31      839.46       15.10       30.70     1626.00        2.40      331.00        7.00       29.90       -2.00        0.79        3.86     5974.90        0.00        0.00        0.00        0.01        0.01        0.01        0.01        0.01        0.01
2025-11-04 01:06:33      839.07       15.10       30.70     1629.00        2.30      333.00        7.00       29.90       -2.00        0.79        3.85     5976.90        0.00        0.00        0.00        0.01        0.01        0.01        0.01        0.01        0.01
2025-11-04 01:06:36      838.95       15.10       30.50     1631.00        2.00      339.00        7.00       29.90       -2.10        0.79        3.83     5979.90        0.00        0.00        0.00        0.01        0.01        0.01        0.01        0.01        0.01
2025-11-04 01:06:37      839.02       15.10       30.50     1630.00        2.00      338.00        7.00       29.90       -2.10        0.79        3.83     5980.90        0.00        0.00        0.00        0.01        0.01        0.01        0.01        0.01        0.01
2025-11-04 01:06:39      839.05       15.10       30.40     1630.00        2.20      338.00        7.00       29.90       -2.10        0.79        3.81     5982.90        0.00        0.00        0.00        0.01        0.01        0.01        0.01        0.01        0.01
2025-11-04 01:06:41      838.98       15.00       30.50     1630.00        2.30      337.00        7.00       29.80       -2.20        0.79        3.80     5984.90        0.00        0.00        0.00        0.01        0.01        0.01        0.01        0.01        0.01
2025-11-04 01:06:42      839.07       15.10       30.50     1629.00        2.40      334.00        7.00       29.90       -2.10        0.79        3.83     5985.90        0.00        0.00        0.00        0.01        0.01        0.01        0.01        0.01        0.01
2025-11-04 01:06:44      839.30       15.10       30.40     1627.00        2.30      337.00        7.00       29.90       -2.20        0.79        3.81     5987.90        0.00        0.00        0.00        0.01        0.01        0.01        0.01        0.01        0.01
2025-11-04 01:06:45      839.03       15.10       30.40     1630.00        2.40      340.00        7.00       29.90       -2.20        0.79        3.80     5988.90        0.00        0.00        0.00        0.01        0.01        0.01        0.01        0.01        0.01
2025-11-04 01:06:46      839.26       15.10       30.40     1627.00        2.40      334.00        7.00       29.90       -2.10        0.79        3.82     5989.90        0.00        0.00        0.00        0.01        0.01        0.01        0.01        0.01        0.01
2025-11-04 01:06:47      839.12       15.10       30.40     1629.00        2.40      340.00        7.00       29.90       -2.20        0.79        3.81     5990.90        0.00        0.00        0.00        0.01        0.01        0.01        0.01        0.01        0.01
2025-11-04 01:06:48      838.98       15.10       30.40     1630.00        2.50      338.00        7.00       30.00       -2.10        0.79        3.83     5991.90        0.00        0.00        0.00        0.01        0.01        0.01        0.01        0.01        0.01
2025-11-04 01:06:49      839.09       15.10       30.40     1629.00        2.60      338.00        7.00       29.90       -2.10        0.79        3.82     5992.90        0.00        0.00        0.00        0.01        0.01        0.01        0.01        0.01        0.01
2025-11-04 01:06:50      839.31       15.10       30.40     1627.00        2.80      341.00        7.00       29.90       -2.20        0.79        3.80     5993.90        0.00        0.00        0.00        0.01        0.01        0.01        0.01        0.01        0.01
2025-11-04 01:06:52      839.20       15.10       30.40     1628.00        2.90      342.00        7.00       29.90       -2.10        0.79        3.82     5995.90        0.00        0.00        0.00        0.01        0.01        0.01        0.01        0.01        0.01
2025-11-04 01:06:53      838.86       15.10       30.50     1631.00        2.90      341.00        7.00       30.00       -2.10        0.79        3.84     5996.90        0.00        0.00        0.00        0.01        0.01        0.01        0.01        0.01        0.01
2025-11-04 01:06:54      838.92       15.10       30.50     1631.00        3.10      335.00        7.00       29.90       -2.10        0.79        3.83     5997.90        0.00        0.00        0.00        0.01        0.01        0.01        0.01        0.01        0.01
2025-11-04 01:06:56      838.96       15.10       30.50     1631.00        3.20      340.00        7.00       29.90       -2.10        0.79        3.82     5999.90        0.00        0.00        0.00        0.01        0.01        0.01        0.01        0.01        0.01
2025-11-04 01:06:58      839.06       15.10       30.60     1630.00        3.30      345.00        7.00       29.90       -2.10        0.79        3.84     6001.90        0.00        0.00        0.00        0.01        0.01        0.01        0.01        0.01        0.01
2025-11-04 01:06:59      838.93       15.00       30.50     1631.00        3.20      347.00        7.00       29.90       -2.10        0.79        3.82     6002.90        0.00        0.00        0.00        0.01        0.01        0.01        0.01        0.01        0.01
2025-11-04 01:07:00      838.91       15.10       30.60     1631.00        3.20      347.00        7.00       29.90       -2.10        0.79        3.84     6003.90        0.00        0.00        0.00        0.01        0.01        0.01        0.01        0.01        0.01
2025-11-04 01:07:03      838.66       15.10       30.50     1634.00        3.40      339.00        7.00       30.00       -2.10        0.79        3.83     6006.90        0.00        0.00        0.00        0.01        0.01        0.01        0.01        0.01        0.01
2025-11-04 01:07:04      839.06       15.10       30.60     1629.00        3.50      338.00        7.00       29.90       -2.10        0.79        3.83     6007.90        0.00        0.00        0.00        0.01        0.01        0.01        0.01        0.01        0.01
2025-11-04 01:07:05      838.53       15.10       30.60     1635.00        3.20      335.00        7.00       29.90       -2.10        0.79        3.83     6008.90        0.00        0.00        0.00        0.01        0.01        0.01        0.01        0.01        0.01
2025-11-04 01:07:06      838.68       15.10       30.60     1633.00        3.10      328.00        7.00       30.00       -2.00        0.79        3.85     6009.90        0.00        0.00        0.00        0.01        0.01        0.01        0.01        0.01        0.01
2025-11-04 01:07:07      838.80       15.10       30.60     1632.00        3.00      332.00        7.00       29.90       -2.10        0.79        3.84     6010.90        0.00        0.00        0.00        0.01        0.01        0.01        0.01        0.01        0.01
2025-11-04 01:07:08      838.79       15.10       30.60     1632.00        2.90      331.00        7.00       29.90       -2.10        0.79        3.83     6011.90        0.00        0.00        0.00        0.01        0.01        0.01        0.01        0.01        0.01
2025-11-04 01:07:09      838.58       15.10       30.60     1634.00        2.90      331.00        7.00       29.90       -2.10        0.79        3.83     6012.90        0.00        0.00        0.00        0.01        0.01        0.01        0.01        0.01        0.01
2025-11-04 01:07:11      838.78       15.00       30.60     1632.00        3.00      334.00        7.00       29.90       -2.10        0.79        3.83     6014.90        0.00        0.00        0.00        0.01        0.01        0.01        0.01        0.01        0.01
2025-11-04 01:07:13      838.58       15.10       30.70     1634.00        2.90      333.00        7.00       29.90       -2.00        0.79        3.85     6016.90        0.00        0.00        0.00        0.01        0.01        0.01        0.01        0.01        0.01
2025-11-04 01:07:15      838.26       15.00       30.70     1638.00        3.20      335.00        7.00       29.90       -2.00        0.79        3.85     6018.90        0.00        0.00        0.00        0.01        0.01        0.01        0.01        0.01        0.01
2025-11-04 01:07:16      838.54       15.00       30.70     1635.00        3.30      341.00        7.00       29.90       -2.10        0.79        3.84     6019.90        0.00        0.00        0.00        0.01        0.01        0.01        0.01        0.01        0.01
2025-11-04 01:07:17      838.19       15.10       30.80     1638.00        3.20      329.00        7.00       30.00       -2.00        0.79        3.86     6020.90        0.00        0.00        0.00        0.01        0.01        0.01        0.01        0.01        0.01
2025-11-04 01:07:18      838.17       15.00       30.80     1638.00        3.20      327.00        7.00       29.90       -2.10        0.79        3.83     6021.90        0.00        0.00        0.00        0.01        0.01        0.01        0.01        0.01        0.01
2025-11-04 01:07:19      838.11       15.00       30.70     1639.00        3.10      326.00        7.00       29.90       -2.10        0.79        3.84     6022.90        0.00        0.00        0.00        0.01        0.01        0.01        0.01        0.01        0.01
2025-11-04 01:07:20      838.22       15.00       30.70     1638.00        3.00      327.00        7.00       29.90       -2.10        0.79        3.83     6023.90        0.00        0.00        0.00        0.01        0.01        0.01        0.01        0.01        0.01
2025-11-04 01:07:22      838.36       15.00       30.80     1637.00        3.00      325.00        7.00       29.90       -2.00        0.79        3.85     6025.90        0.00        0.00        0.00        0.01        0.01        0.01        0.01        0.01        0.01
2025-11-04 01:07:23      838.19       14.90       30.90     1638.00        3.00      324.00        7.00       29.80       -2.10        0.79        3.84     6026.90        0.00        0.00        0.00        0.01        0.01        0.01        0.01        0.01        0.01
2025-11-04 01:07:24      838.25       15.00       30.90     1638.00        3.00      327.00        7.00       29.90       -2.00        0.79        3.87     6027.90        0.00        0.00        0.00        0.01        0.01        0.01        0.01        0.01        0.01
2025-11-04 01:07:25      838.21       15.00       30.90     1638.00        3.00      331.00        7.00       29.90       -2.10        0.79        3.84     6028.90        0.00        0.00        0.00        0.01        0.01        0.01        0.01        0.01        0.01
2025-11-04 01:07:27      837.91       15.00       30.90     1641.00        2.90      328.00        7.00       29.90       -2.00        0.79        3.85     6030.80        0.00        0.00        0.00        0.01        0.01        0.01        0.01        0.01        0.01
2025-11-04 01:07:28      837.95       15.00       30.90     1641.00        2.80      331.00        7.00       29.90       -2.10        0.79        3.85     6031.80        0.00        0.00        0.00        0.01        0.01        0.01        0.01        0.01        0.01
2025-11-04 01:07:29      838.19       14.90       30.90     1638.00        3.00      326.00        7.00       29.80       -2.00        0.79        3.85     6032.80        0.00        0.00        0.00        0.01        0.01        0.01        0.01        0.01        0.01
2025-11-04 01:07:30      838.11       15.00       30.90     1639.00        3.10      330.00        7.00       29.90       -2.00        0.79        3.86     6033.80        0.00        0.00        0.00        0.01        0.01        0.01        0.01        0.01        0.01
2025-11-04 01:07:31      838.10       15.00       30.90     1639.00        3.10      325.00        7.00       29.90       -2.00        0.79        3.86     6034.80        0.00        0.00        0.00        0.01        0.01        0.01        0.01        0.01        0.01
2025-11-04 01:07:32      837.74       15.00       30.90     1643.00        3.00      325.00        7.00       29.90       -2.00        0.79        3.86     6035.80        0.00        0.00        0.00        0.01        0.01        0.01        0.01        0.01        0.01
2025-11-04 01:07:33      837.86       14.90       30.90     1642.00        2.90      320.00        7.00       29.80       -2.10        0.79        3.84     6036.80        0.00        0.00        0.00        0.01        0.01        0.01        0.01        0.01        0.01
2025-11-04 01:07:34      837.96       15.00       31.00     1641.00        2.90      323.00        7.00       29.90       -2.00        0.79        3.86     6037.80        0.00        0.00        0.00        0.01        0.01        0.01        0.01        0.01        0.01
2025-11-04 01:07:36      837.65       14.90       31.00     1644.00        2.80      321.00        7.00       29.90       -2.00        0.79        3.86     6039.80        0.00        0.00        0.00        0.01        0.01        0.01        0.01        0.01        0.01
2025-11-04 01:07:37      837.69       14.90       31.00     1643.00        2.70      321.00        7.00       29.90       -2.00        0.79        3.86     6040.80        0.00        0.00        0.00        0.01        0.01        0.01        0.01        0.01        0.01
2025-11-04 01:07:38      837.75       14.90       31.00     1643.00        2.70      325.00        7.00       29.90       -2.00        0.79        3.87     6041.80        0.00        0.00        0.00        0.01        0.01        0.01        0.01        0.01        0.01
2025-11-04 01:07:39      837.83       14.90       31.10     1642.00        2.60      324.00        7.00       29.90       -2.00        0.79        3.87     6042.80        0.00        0.00        0.00        0.01        0.01        0.01        0.01        0.01        0.01
2025-11-04 01:07:40      837.84       14.90       31.00     1642.00        2.60      325.00        7.00       29.90       -2.00        0.79        3.87     6043.80        0.00        0.00        0.00        0.01        0.01        0.01        0.01        0.01        0.01
2025-11-04 01:07:41      837.77       14.90       31.00     1643.00        2.60      325.00        7.00       29.90       -2.00        0.79        3.86     6044.80        0.00        0.00        0.00        0.01        0.01        0.01        0.01        0.01        0.01
2025-11-04 01:07:43      837.69       14.90       31.00     1643.00        2.50      315.00        7.00       29.90       -2.00        0.79        3.86     6046.80        0.00        0.00        0.00        0.01        0.01        0.01        0.01        0.01        0.01
2025-11-04 01:07:44      837.70       14.90       31.00     1643.00        2.60      320.00        7.00       29.90       -2.00        0.79        3.86     6047.80        0.00        0.00        0.00        0.01        0.01        0.01        0.01        0.01        0.01
2025-11-04 01:07:45      837.63       14.90       31.00     1644.00        2.70      322.00        7.00       29.90       -2.00        0.79        3.86     6048.80        0.00        0.00        0.00        0.01        0.01        0.01        0.01        0.01        0.01
2025-11-04 01:07:46      837.52       14.90       31.10     1645.00        2.80      309.00        7.00       29.90       -2.00        0.79        3.87     6049.80        0.00        0.00        0.00        0.01        0.01        0.01        0.01        0.01        0.01
2025-11-04 01:07:48      837.41       14.80       31.10     1646.00        2.90      296.00        7.00       29.80       -2.10        0.79        3.84     6051.80        0.00        0.00        0.00        0.01        0.01        0.01        0.01        0.01        0.01
2025-11-04 01:07:49      837.52       14.90       31.10     1645.00        3.00      291.00        7.00       29.90       -2.00        0.79        3.87     6052.80        0.00        0.00        0.00        0.01        0.01        0.01        0.01        0.01        0.01
2025-11-04 01:07:50      837.58       14.90       31.10     1644.00        3.00      283.00        7.00       29.90       -2.00        0.79        3.87     6053.80        0.00        0.00        0.00        0.01        0.01        0.01        0.01        0.01        0.01
2025-11-04 01:07:52      837.60       14.90       31.20     1644.00        2.80      279.00        7.00       29.90       -2.00        0.80        3.88     6055.80        0.00        0.00        0.00        0.01        0.01        0.01        0.01        0.01        0.01
2025-11-04 01:07:53      837.52       14.90       31.10     1645.00        2.90      278.00        7.00       29.90       -2.00        0.79        3.88     6056.80        0.00        0.00        0.00        0.01        0.01        0.01        0.01        0.01        0.01
2025-11-04 01:07:54      837.38       15.00       31.20     1646.00        2.90      280.00        7.00       30.00       -1.90        0.80        3.90     6057.80        0.00        0.00        0.00        0.01        0.01        0.01        0.01        0.01        0.01
2025-11-04 01:07:55      837.58       15.00       31.00     1644.00        2.90      288.00        7.00       29.90       -2.00        0.79        3.88     6058.80        0.00        0.00        0.00        0.01        0.01        0.01        0.01        0.01        0.01
2025-11-04 01:07:56      837.51       15.00       31.10     1645.00        2.90      279.00        7.00       29.90       -1.90        0.80        3.89     6059.80        0.00        0.00        0.00        0.01        0.01        0.01        0.01        0.01        0.01
2025-11-04 01:07:57      837.43       15.00       31.10     1646.00        2.70      287.00        7.00       30.00       -2.00        0.80        3.88     6060.80        0.00        0.00        0.00        0.01        0.01        0.01        0.01        0.01        0.01
2025-11-04 01:07:58      837.46       14.90       31.00     1646.00        2.70      293.00        7.00       29.90       -2.00        0.79        3.86     6061.80        0.00        0.00        0.00        0.01        0.01        0.01        0.01        0.01        0.01
2025-11-04 01:08:00      837.41       15.00       31.00     1646.00        2.70      289.00        7.00       30.00       -2.00        0.79        3.87     6063.80        0.00        0.00        0.00        0.01        0.01        0.01        0.01        0.01        0.01
2025-11-04 01:08:03      837.36       14.90       31.10     1647.00        2.80      268.00        7.00       29.90       -2.00        0.79        3.87     6066.80        0.00        0.00        0.00        0.01        0.01        0.01        0.01        0.01        0.01
2025-11-04 01:08:04      837.21       14.90       31.00     1648.00        2.70      270.00        7.00       29.90       -2.00        0.79        3.85     6067.80        0.00        0.00        0.00        0.01        0.01        0.01        0.01        0.01        0.01
2025-11-04 01:08:05      837.09       14.90       31.00     1649.00        2.70      308.00        7.00       29.90       -2.10        0.79        3.85     6068.80        0.00        0.00        0.00        0.01        0.01        0.01        0.01        0.01        0.01
2025-11-04 01:08:07      837.25       14.90       31.00     1648.00        2.60      319.00        7.00       29.90       -2.00        0.79        3.86     6070.80        0.00        0.00        0.00        0.01        0.01        0.01        0.01        0.01        0.01
2025-11-04 01:08:08      837.03       15.00       31.00     1650.00        2.60      313.00        7.00       30.00       -2.00        0.79        3.88     6071.80        0.00        0.00        0.00        0.01        0.01        0.01        0.01        0.01        0.01
2025-11-04 01:08:09      837.14       14.90       30.90     1649.00        2.60      318.00        7.00       29.90       -2.10        0.79        3.85     6072.80        0.00        0.00        0.00        0.01        0.01        0.01        0.01        0.01        0.01
2025-11-04 01:08:10      837.00       14.90       30.90     1650.00        2.70      309.00        7.00       30.00       -2.10        0.79        3.85     6073.80        0.00        0.00        0.00        0.01        0.01        0.01        0.01        0.01        0.01
2025-11-04 01:08:12      837.01       14.70       31.10     1650.00        2.50      267.00        7.00       29.70       -2.20        0.79        3.81     6075.80        0.00        0.00        0.00        0.01        0.01        0.01        0.01        0.01        0.01
2025-11-04 01:08:15      836.95       14.80       31.40     1651.00        2.60      261.00        7.00       29.90       -1.90        0.80        3.90     6078.80        0.00        0.00        0.00        0.01        0.01        0.01        0.01        0.01        0.01
2025-11-04 01:08:16      836.84       14.80       31.60     1652.00        2.50      271.00        7.00       29.80       -1.90        0.80        3.89     6079.80        0.00        0.00        0.00        0.01        0.01        0.01        0.01        0.01        0.01
2025-11-04 01:08:17      836.78       14.90       31.60     1653.00        2.50      268.00        7.00       29.90       -1.80        0.80        3.93     6080.80        0.00        0.00        0.00        0.01        0.01        0.01        0.01        0.01        0.01
2025-11-04 01:08:18      837.08       14.80       31.50     1649.00        2.60      267.00        7.00       29.80       -1.90        0.80        3.91     6081.80        0.00        0.00        0.00        0.01        0.01        0.01        0.01        0.01        0.01
2025-11-04 01:08:19      837.02       14.90       31.50     1650.00        2.60      271.00        7.00       29.90       -1.90        0.80        3.92     6082.80        0.00        0.00        0.00        0.01        0.01        0.01        0.01        0.01        0.01
2025-11-04 01:08:20      836.96       14.90       31.50     1651.00        2.70      273.00        7.00       29.90       -1.90        0.80        3.92     6083.80        0.00        0.00        0.00        0.01        0.01        0.01        0.01        0.01        0.01
2025-11-04 01:08:21      836.67       14.90       31.50     1654.00        2.90      268.00        7.00       29.90       -1.90        0.80        3.91     6084.80        0.00        0.00        0.00        0.01        0.01        0.01        0.01        0.01        0.01
2025-11-04 01:08:22      836.63       14.90       31.50     1654.00        2.90      276.00        7.00       29.90       -1.90        0.80        3.91     6085.80        0.00        0.00        0.00        0.01        0.01        0.01        0.01        0.01        0.01
2025-11-04 01:08:23      836.64       14.90       31.40     1654.00        3.00      279.00        7.00       29.90       -1.90        0.80        3.91     6086.80        0.00        0.00        0.00        0.01        0.01        0.01        0.01        0.01        0.01
2025-11-04 01:08:25      836.75       14.80       31.60     1653.00        3.10      270.00        7.00       29.90       -1.90        0.80        3.92     6088.80        0.00        0.00        0.00        0.01        0.01        0.01        0.01        0.01        0.01
2025-11-04 01:08:26      836.66       14.80       31.50     1654.00        3.10      281.00        7.00       29.90       -1.90        0.80        3.91     6089.80        0.00        0.00        0.00        0.01        0.01        0.01        0.01        0.01        0.01
2025-11-04 01:08:29      836.74       14.80       31.50     1653.00        3.10      260.00        7.00       29.90       -1.90        0.80        3.90     6092.80        0.00        0.00        0.00        0.01        0.01        0.01        0.01        0.01        0.01
2025-11-04 01:08:30      836.64       14.90       31.50     1654.00        3.20      261.00        7.00       29.90       -1.90        0.80        3.91     6093.80        0.00        0.00        0.00        0.01        0.01        0.01        0.01        0.01        0.01
2025-11-04 01:08:31      836.78       14.80       31.50     1653.00        3.20      261.00        7.00       29.80       -1.90        0.80        3.89     6094.80        0.00        0.00        0.00        0.01        0.01        0.01        0.01        0.01        0.01
2025-11-04 01:08:32      836.62       14.80       31.50     1654.00        3.30      265.00        7.00       29.90       -1.90        0.80        3.90     6095.80        0.00        0.00        0.00        0.01        0.01        0.01        0.01        0.01        0.01
2025-11-04 01:08:33      836.49       14.80       31.50     1655.00        3.30      260.00        7.00       29.90       -1.90        0.80        3.89     6096.80        0.00        0.00        0.00        0.01        0.01        0.01        0.01        0.01        0.01
2025-11-04 01:08:35      836.42       14.80       31.50     1656.00        3.20      260.00        7.00       29.90       -1.90        0.80        3.91     6098.80        0.00        0.00        0.00        0.01        0.01        0.01        0.01        0.01        0.01
2025-11-04 01:08:36      836.65       14.80       31.60     1654.00        3.10      259.00        7.00       29.80       -1.90        0.80        3.90     6099.80        0.00        0.00        0.00        0.01        0.01        0.01        0.01        0.01        0.01
2025-11-04 01:08:37      836.11       14.80       31.70     1659.00        3.20      258.00        7.00       29.90       -1.80        0.80        3.93     6100.80        0.00        0.00        0.00        0.01        0.01        0.01        0.01        0.01        0.01
2025-11-04 01:08:38      836.42       14.80       31.70     1656.00        3.20      279.00        7.00       29.80       -1.90        0.80        3.91     6101.80        0.00        0.00        0.00        0.01        0.01        0.01        0.01        0.01        0.01
2025-11-04 01:08:39      836.24       14.80       31.60     1658.00        3.20      284.00        7.00       29.90       -1.90        0.80        3.90     6102.80        0.00        0.00        0.00        0.01        0.01        0.01        0.01        0.01        0.01
2025-11-04 01:08:40      836.38       14.80       31.60     1657.00        3.20      290.00        7.00       29.90       -1.90        0.80        3.91     6103.80        0.00        0.00        0.00        0.01        0.01        0.01        0.01        0.01        0.01
2025-11-04 01:08:41      836.22       14.80       31.60     1658.00        3.20      289.00        7.00       29.90       -1.90        0.80        3.91     6104.80        0.00        0.00        0.00        0.01        0.01        0.01        0.01        0.01        0.01
2025-11-04 01:08:43      836.29       14.90       31.50     1657.00        3.00      295.00        7.00       30.00       -1.90        0.80        3.92     6106.80        0.00        0.00        0.00        0.01        0.01        0.01        0.01        0.01        0.01
2025-11-04 01:08:44      836.37       14.80       31.60     1657.00        2.90      291.00        7.00       29.90       -1.90        0.80        3.92     6107.80        0.00        0.00        0.00        0.01        0.01        0.01        0.01        0.01        0.01
2025-11-04 01:08:45      836.21       14.80       31.60     1658.00        2.90      296.00        7.00       29.90       -1.90        0.80        3.92     6108.80        0.00        0.00        0.00        0.01        0.01        0.01        0.01        0.01        0.01
2025-11-04 01:08:47      836.16       14.80       31.50     1659.00        2.90      305.00        7.00       29.90       -1.90        0.80        3.91     6110.80        0.00        0.00        0.00        0.01        0.01        0.01        0.01        0.01        0.01
2025-11-04 01:08:48      835.96       14.80       31.50     1661.00        3.00      302.00        7.00       29.90       -1.90        0.80        3.91     6111.80        0.00        0.00        0.00        0.01        0.01        0.01        0.01        0.01        0.01
2025-11-04 01:08:49      835.97       14.80       31.50     1661.00        3.00      299.00        7.00       30.00       -1.90        0.80        3.91     6112.80        0.00        0.00        0.00        0.01        0.01        0.01        0.01        0.01        0.01
2025-11-04 01:08:50      835.80       14.80       31.50     1662.00        3.00      304.00        7.00       29.90       -1.90        0.80        3.89     6113.80        0.00        0.00        0.00        0.01        0.01        0.01        0.01        0.01        0.01
2025-11-04 01:08:51      836.12       14.80       31.50     1659.00        3.00      300.00        7.00       29.90       -1.90        0.80        3.89     6114.80        0.00        0.00        0.00        0.01        0.01        0.01        0.01        0.01        0.01
2025-11-04 01:08:52      835.83       14.80       31.50     1662.00        3.00      302.00        7.00       29.90       -1.90        0.80        3.90     6115.80        0.00        0.00        0.00        0.01        0.01        0.01        0.01        0.01        0.01
2025-11-04 01:08:53      835.84       14.80       31.50     1662.00        3.00      291.00        7.00       30.00       -1.90        0.80        3.92     6116.80        0.00        0.00        0.00        0.01        0.01        0.01        0.01        0.01        0.01
2025-11-04 01:08:55      835.84       14.70       31.60     1662.00        3.00      306.00        7.00       29.80       -2.00        0.80        3.88     6118.80        0.00        0.00        0.00        0.01        0.01        0.01        0.01        0.01        0.01
2025-11-04 01:08:56      835.91       14.80       31.60     1661.00        3.00      312.00        7.00       29.90       -1.90        0.80        3.90     6119.80        0.00        0.00        0.00        0.01        0.01        0.01        0.01        0.01        0.01
2025-11-04 01:08:58      835.83       14.70       31.50     1662.00        3.00      313.00        7.00       29.90       -2.00        0.80        3.89     6121.80        0.00        0.00        0.00        0.01        0.01        0.01        0.01        0.01        0.01
2025-11-04 01:09:00      835.74       14.80       31.50     1663.00        3.00      308.00        7.00       29.90       -1.90        0.80        3.89     6123.80        0.00        0.00        0.00        0.01        0.01        0.01        0.01        0.01        0.01
2025-11-04 01:09:01      835.69       14.80       31.60     1663.00        2.90      301.00        7.00       29.90       -1.90        0.80        3.91     6124.80        0.00        0.00        0.00        0.01        0.01        0.01        0.01        0.01        0.01
2025-11-04 01:09:02      835.69       14.80       31.60     1664.00        2.90      303.00        7.00       29.90       -1.90        0.80        3.90     6125.80        0.00        0.00        0.00        0.01        0.01        0.01        0.01        0.01        0.01
2025-11-04 01:09:03      835.61       14.80       31.60     1664.00        2.90      298.00        7.00       29.90       -1.90        0.80        3.90     6126.80        0.00        0.00        0.00        0.01        0.01        0.01        0.01        0.01        0.01
2025-11-04 01:09:04      835.75       14.70       31.50     1663.00        2.90      293.00        7.00       29.90       -2.00        0.80        3.89     6127.80        0.00        0.00        0.00        0.01        0.01        0.01        0.01        0.01        0.01
2025-11-04 01:09:06      835.74       14.70       31.60     1663.00        2.90      301.00        7.00       29.90       -1.90        0.80        3.90     6129.80        0.00        0.00        0.00        0.01        0.01        0.01        0.01        0.01        0.01
2025-11-04 01:09:07      835.78       14.70       31.50     1663.00        2.90      305.00        7.00       29.80       -2.00        0.79        3.87     6130.80        0.00        0.00        0.00        0.01        0.01        0.01        0.01        0.01        0.01
2025-11-04 01:09:09      835.54       14.70       31.50     1665.00        2.90      311.00        7.00       29.90       -2.00        0.79        3.87     6132.70        0.00        0.00        0.00        0.01        0.01        0.01        0.01        0.01        0.01
2025-11-04 01:09:11      835.55       14.70       31.50     1665.00        2.90      308.00        7.00       29.90       -2.00        0.80        3.88     6134.70        0.00        0.00        0.00        0.01        0.01        0.01        0.01        0.01        0.01
2025-11-04 01:09:13      835.67       14.80       31.50     1664.00        2.90      307.00        7.00       29.90       -2.00        0.80        3.89     6136.70        0.00        0.00        0.00        0.01        0.01        0.01        0.01        0.01        0.01
2025-11-04 01:09:15      835.30       14.70       31.60     1667.00        2.80      303.00        7.00       29.90       -2.00        0.80        3.88     6138.70        0.00        0.00        0.00        0.01        0.01        0.01        0.01        0.01        0.01
2025-11-04 01:09:16      835.60       14.70       31.40     1664.00        2.80      305.00        7.00       29.90       -2.00        0.79        3.86     6139.70        0.00        0.00        0.00        0.01        0.01        0.01        0.01        0.01        0.01
2025-11-04 01:09:17      835.26       14.70       31.50     1668.00        2.80      305.00        7.00       29.90       -2.00        0.80        3.88     6140.70        0.00        0.00        0.00        0.01        0.01        0.01        0.01        0.01        0.01
2025-11-04 01:09:18      835.31       14.70       31.40     1667.00        2.80      308.00        7.00       29.90       -2.00        0.79        3.87     6141.70        0.00        0.00        0.00        0.01        0.01        0.01        0.01        0.01        0.01
2025-11-04 01:09:20      835.36       14.70       31.40     1667.00        2.80      318.00        7.00       29.90       -2.00        0.79        3.86     6143.70        0.00        0.00        0.00        0.01        0.01        0.01        0.01        0.01        0.01
2025-11-04 01:09:21      835.28       14.70       31.40     1668.00        2.70      315.00        7.00       29.90       -2.10        0.79        3.86     6144.70        0.00        0.00        0.00        0.01        0.01        0.01        0.01        0.01        0.01
2025-11-04 01:09:22      835.29       14.70       31.40     1668.00        2.70      319.00        7.00       29.90       -2.00        0.79        3.87     6145.70        0.00        0.00        0.00        0.01        0.01        0.01        0.01        0.01        0.01
2025-11-04 01:09:23      835.36       14.70       31.40     1667.00        2.70      318.00        7.00       29.90       -2.10        0.79        3.85     6146.70        0.00        0.00        0.00        0.01        0.01        0.01        0.01        0.01        0.01
2025-11-04 01:09:26      835.33       14.70       31.50     1667.00        2.70      317.00        7.00       29.90       -2.00        0.79        3.87     6149.70        0.00        0.00        0.00        0.01        0.01        0.01        0.01        0.01        0.01
2025-11-04 01:09:28      835.00       14.70       31.40     1670.00        2.80      319.00        7.00       29.90       -2.10        0.79        3.86     6151.70        0.00        0.00        0.00        0.01        0.01        0.01        0.01        0.01        0.01
2025-11-04 01:09:29      835.08       14.70       31.40     1670.00        2.90      311.00        7.00       29.90       -2.10        0.79        3.86     6152.70        0.00        0.00        0.00        0.01        0.01        0.01        0.01        0.01        0.01
2025-11-04 01:09:30      834.84       14.70       31.40     1672.00        2.90      311.00        7.00       30.00       -2.00        0.79        3.87     6153.70        0.00        0.00        0.00        0.01        0.01        0.01        0.01        0.01        0.01
2025-11-04 01:09:31      834.84       14.70       31.30     1672.00        2.90      319.00        7.00       29.90       -2.10        0.79        3.86     6154.70        0.00        0.00        0.00        0.01        0.01        0.01        0.01        0.01        0.01
2025-11-04 01:09:32      834.99       14.70       31.30     1671.00        2.90      320.00        7.00       29.90       -2.10        0.79        3.84     6155.70        0.00        0.00        0.00        0.01        0.01        0.01        0.01        0.01        0.01
2025-11-04 01:09:37      834.88       14.70       31.50     1672.00        2.70      309.00        7.00       29.90       -2.00        0.79        3.87     6160.70        0.00        0.00        0.00        0.01        0.01        0.01        0.01        0.01        0.01
2025-11-04 01:09:38      834.83       14.60       31.50     1672.00        2.80      304.00        7.00       29.90       -2.10        0.79        3.86     6161.70        0.00        0.00        0.00        0.01        0.01        0.01        0.01        0.01        0.01
2025-11-04 01:09:39      834.56       14.70       31.50     1675.00        2.80      309.00        7.00       29.90       -2.00        0.79        3.87     6162.70        0.00        0.00        0.00        0.01        0.01        0.01        0.01        0.01        0.01
2025-11-04 01:09:41      834.64       14.60       31.30     1674.00        3.00      316.00        7.00       29.80       -2.20        0.79        3.82     6164.70        0.00        0.00        0.00        0.01        0.01        0.01        0.01        0.01        0.01
2025-11-04 01:09:43      834.75       14.70       31.30     1673.00        2.90      319.00        7.00       29.90       -2.10        0.79        3.84     6166.70        0.00        0.00        0.00        0.01        0.01        0.01        0.01        0.01        0.01
2025-11-04 01:09:44      834.66       14.60       31.30     1674.00        2.90      320.00        7.00       29.90       -2.10        0.79        3.83     6167.70        0.00        0.00        0.00        0.01        0.01        0.01        0.01        0.01        0.01
2025-11-04 01:09:45      834.59       14.60       31.20     1675.00        2.90      321.00        7.00       29.90       -2.20        0.79        3.81     6168.70        0.00        0.00        0.00        0.01        0.01        0.01        0.01        0.01        0.01
2025-11-04 01:09:47      834.48       14.70       31.30     1676.00        2.90      313.00        7.00       30.00       -2.10        0.79        3.85     6170.70        0.00        0.00        0.00        0.01        0.01        0.01        0.01        0.01        0.01
2025-11-04 01:09:48      834.57       14.60       31.30     1675.00        2.90      316.00        7.00       29.90       -2.20        0.79        3.83     6171.70        0.00        0.00        0.00        0.01        0.01        0.01        0.01        0.01        0.01
2025-11-04 01:09:50      834.39       14.60       31.40     1677.00        2.80      322.00        7.00       29.90       -2.20        0.79        3.83     6173.70        0.00        0.00        0.00        0.01        0.01        0.01        0.01        0.01        0.01
2025-11-04 01:09:51      834.56       14.60       31.40     1675.00        2.90      322.00        7.00       29.80       -2.20        0.79        3.83     6174.70        0.00        0.00        0.00        0.01        0.01        0.01        0.01        0.01        0.01
2025-11-04 01:09:52      834.44       14.60       31.40     1676.00        2.90      321.00        7.00       29.90       -2.10        0.79        3.84     6175.70        0.00        0.00        0.00        0.01        0.01        0.01        0.01        0.01        0.01
2025-11-04 01:09:53      834.40       14.60       31.40     1677.00        2.90      316.00        7.00       29.90       -2.20        0.79        3.83     6176.70        0.00        0.00        0.00        0.01        0.01        0.01        0.01        0.01        0.01
2025-11-04 01:09:54      834.39       14.60       31.40     1677.00        2.80      310.00        7.00       29.90       -2.10        0.79        3.85     6177.70        0.00        0.00        0.00        0.01        0.01        0.01        0.01        0.01        0.01
2025-11-04 01:09:55      834.33       14.60       31.40     1677.00        2.80      318.00        7.00       29.90       -2.10        0.79        3.84     6178.70        0.00        0.00        0.00        0.01        0.01        0.01        0.01        0.01        0.01
2025-11-04 01:09:56      834.44       14.60       31.40     1676.00        2.80      316.00        7.00       29.90       -2.10        0.79        3.84     6179.70        0.00        0.00        0.00        0.01        0.01        0.01        0.01        0.01        0.01
2025-11-04 01:09:57      834.31       14.60       31.40     1677.00        2.70      308.00        7.00       29.90       -2.10        0.79        3.85     6180.70        0.00        0.00        0.00        0.01        0.01        0.01        0.01        0.01        0.01
2025-11-04 01:10:00      834.32       14.60       31.30     1677.00        2.70      316.00        7.00       29.90       -2.20        0.79        3.82     6183.70        0.00        0.00        0.00        0.01        0.01        0.01        0.01        0.01        0.01
2025-11-04 01:10:02      834.04       14.60       31.50     1680.00        2.70      317.00        7.00       29.90       -2.10        0.79        3.85     6185.70        0.00        0.00        0.00        0.01        0.01        0.01        0.01        0.01        0.01
2025-11-04 01:10:03      833.92       14.60       31.40     1681.00        2.70      320.00        7.00       29.90       -2.20        0.79        3.83     6186.70        0.00        0.00        0.00        0.01        0.01        0.01        0.01        0.01        0.01
2025-11-04 01:10:04      834.06       14.60       31.50     1680.00        2.60      319.00        7.00       29.90       -2.10        0.79        3.85     6187.70        0.00        0.00        0.00        0.01        0.01        0.01        0.01        0.01        0.01
2025-11-04 01:10:05      834.04       14.60       31.50     1680.00        2.60      311.00        7.00       29.90       -2.10        0.79        3.86     6188.70        0.00        0.00        0.00        0.01        0.01        0.01        0.01        0.01        0.01
2025-11-04 01:10:06      833.91       14.60       31.60     1682.00        2.60      306.00        7.00       29.90       -2.10        0.79        3.86     6189.70        0.00        0.00        0.00        0.01        0.01        0.01        0.01        0.01        0.01
2025-11-04 01:10:08      834.06       14.50       31.50     1680.00        2.70      308.00        7.00       29.80       -2.10        0.79        3.84     6191.70        0.00        0.00        0.00        0.01        0.01        0.01        0.01        0.01        0.01
2025-11-04 01:10:09      833.97       14.60       31.50     1681.00        2.80      309.00        7.00       29.90       -2.10        0.79        3.85     6192.70        0.00        0.00        0.00        0.01        0.01        0.01        0.01        0.01        0.01
2025-11-04 01:10:10      834.08       14.60       31.50     1680.00        2.80      311.00        7.00       29.90       -2.10        0.79        3.85     6193.70        0.00        0.00        0.00        0.01        0.01        0.01        0.01        0.01        0.01
2025-11-04 01:10:11      833.77       14.50       31.50     1683.00        2.80      318.00        7.00       29.90       -2.10        0.79        3.84     6194.70        0.00        0.00        0.00        0.01        0.01        0.01        0.01        0.01        0.01
2025-11-04 01:10:12      834.01       14.60       31.50     1680.00        2.80      318.00        7.00       29.90       -2.10        0.79        3.84     6195.70        0.00        0.00        0.00        0.01        0.01        0.01        0.01        0.01        0.01
2025-11-04 01:10:13      833.71       14.60       31.60     1684.00        2.80      306.00        7.00       29.90       -2.10        0.79        3.87     6196.70        0.00        0.00        0.00        0.01        0.01        0.01        0.01        0.01        0.01
2025-11-04 01:10:15      833.86       14.50       31.50     1682.00        2.80      302.00        7.00       29.90       -2.10        0.79        3.84     6198.70        0.00        0.00        0.00        0.01        0.01        0.01        0.01        0.01        0.01
2025-11-04 01:10:16      833.64       14.60       31.50     1684.00        2.80      298.00        7.00       29.90       -2.10        0.79        3.84     6199.70        0.00        0.00        0.00        0.01        0.01        0.01        0.01        0.01        0.01
2025-11-04 01:10:17      833.78       14.60       31.50     1683.00        2.80      294.00        7.00       29.90       -2.10        0.79        3.86     6200.70        0.00        0.00        0.00        0.01        0.01        0.01        0.01        0.01        0.01
2025-11-04 01:10:18      833.68       14.50       31.50     1684.00        2.80      314.00        7.00       29.90       -2.20        0.79        3.84     6201.70        0.00        0.00        0.00        0.01        0.01        0.01        0.01        0.01        0.01
2025-11-04 01:10:20      833.50       14.60       31.50     1686.00        2.70      314.00        7.00       30.00       -2.10        0.79        3.85     6203.70        0.00        0.00        0.00        0.01        0.01        0.01        0.01        0.01        0.01
2025-11-04 01:10:21      833.53       14.50       31.40     1685.00        2.80      325.00        7.00       29.90       -2.20        0.79        3.82     6204.70        0.00        0.00        0.00        0.01        0.01        0.01        0.01        0.01        0.01
2025-11-04 01:10:23      833.67       14.60       31.30     1684.00        2.80      319.00        7.00       29.90       -2.20        0.79        3.83     6206.70        0.00        0.00        0.00        0.01        0.01        0.01        0.01        0.01        0.01
2025-11-04 01:10:25      833.63       14.60       31.40     1684.00        2.70      317.00        7.00       29.90       -2.20        0.79        3.83     6208.70        0.00        0.00        0.00        0.01        0.01        0.01        0.01        0.01        0.01
2025-11-04 01:10:26      833.42       14.60       31.30     1687.00        2.70      318.00        7.00       30.00       -2.20        0.79        3.83     6209.70        0.00        0.00        0.00        0.01        0.01        0.01        0.01        0.01        0.01
2025-11-04 01:10:27      833.59       14.60       31.40     1685.00        2.70      317.00        7.00       29.90       -2.20        0.79        3.83     6210.70        0.00        0.00        0.00        0.01        0.01        0.01        0.01        0.01        0.01
2025-11-04 01:10:28      833.49       14.50       31.40     1686.00        2.70      319.00        7.00       29.90       -2.20        0.79        3.82     6211.70        0.00        0.00        0.00        0.01        0.01        0.01        0.01        0.01        0.01
2025-11-04 01:10:29      833.43       14.50       31.40     1686.00        2.70      313.00        7.00       29.90       -2.20        0.79        3.82     6212.70        0.00        0.00        0.00        0.01        0.01        0.01        0.01        0.01        0.01
2025-11-04 01:10:30      833.45       14.60       31.40     1686.00        2.70      313.00        7.00       29.90       -2.20        0.79        3.83     6213.70        0.00        0.00        0.00        0.01        0.01        0.01        0.01        0.01        0.01
2025-11-04 01:10:31      833.47       14.50       31.40     1686.00        2.70      310.00        7.00       29.90       -2.20        0.79        3.82     6214.70        0.00        0.00        0.00        0.01        0.01        0.01        0.01        0.01        0.01
2025-11-04 01:10:38      833.19       14.50       31.60     1689.00        2.90      300.00        7.00       29.90       -2.20        0.79        3.83     6221.70        0.00        0.00        0.00        0.01        0.01        0.01        0.01        0.01        0.01
2025-11-04 01:10:40      833.11       14.50       31.70     1690.00        3.00      295.00        7.00       29.90       -2.10        0.79        3.84     6223.70        0.00        0.00        0.00        0.01        0.01        0.01        0.01        0.01        0.01
2025-11-04 01:10:41      832.99       14.50       31.80     1691.00        2.90      296.00        7.00       29.90       -2.10        0.79        3.86     6224.70        0.00        0.00        0.00        0.01        0.01        0.01        0.01        0.01        0.01
2025-11-04 01:10:43      833.07       14.40       31.70     1690.00        3.00      322.00        7.00       29.90       -2.10        0.79        3.85     6226.70        0.00        0.00        0.00        0.01        0.01        0.01        0.01        0.01        0.01
2025-11-04 01:10:44      832.91       14.50       31.70     1692.00        3.00      323.00        7.00       29.90       -2.10        0.79        3.85     6227.70        0.00        0.00        0.00        0.01        0.01        0.01        0.01        0.01        0.01
2025-11-04 01:10:45      832.91       14.50       31.60     1692.00        2.70      332.00        7.00       29.90       -2.20        0.79        3.84     6228.70        0.00        0.00        0.00        0.01        0.01        0.01        0.01        0.01        0.01
2025-11-04 01:10:46      832.77       14.40       31.70     1693.00        2.70      334.00        7.00       29.80       -2.20        0.79        3.83     6229.70        0.00        0.00        0.00        0.01        0.01        0.01        0.01        0.01        0.01
2025-11-04 01:10:49      832.71       14.30       31.80     1694.00        2.90      321.00        7.00       29.80       -2.20        0.79        3.82     6232.70        0.00        0.00        0.00        0.01        0.01        0.01        0.01        0.01        0.01
2025-11-04 01:10:50      832.99       14.50       31.80     1691.00        2.90      316.00        7.00       29.90       -2.10        0.79        3.87     6233.60        0.00        0.00        0.00        0.01        0.01        0.01        0.01        0.01        0.01
2025-11-04 01:10:51      832.79       14.40       31.80     1693.00        3.00      320.00        7.00       29.80       -2.10        0.79        3.85     6234.60        0.00        0.00        0.00        0.01        0.01        0.01        0.01        0.01        0.01
2025-11-04 01:10:52      832.65       14.40       31.80     1694.00        3.10      327.00        7.00       29.90       -2.10        0.79        3.85     6235.60        0.00        0.00        0.00        0.01        0.01        0.01        0.01        0.01        0.01
2025-11-04 01:10:53      832.81       14.40       31.70     1693.00        3.00      325.00        7.00       29.80       -2.20        0.79        3.83     6236.60        0.00        0.00        0.00        0.01        0.01        0.01        0.01        0.01        0.01
2025-11-04 01:10:54      832.49       14.40       31.90     1696.00        3.00      320.00        7.00       29.90       -2.10        0.79        3.86     6237.60        0.00        0.00        0.00        0.01        0.01        0.01        0.01        0.01        0.01
2025-11-04 01:10:55      832.69       14.40       31.90     1694.00        3.10      316.00        7.00       29.90       -2.10        0.79        3.86     6238.60        0.00        0.00        0.00        0.01        0.01        0.01        0.01        0.01        0.01
2025-11-04 01:10:56      832.50       14.40       31.90     1696.00        3.20      319.00        7.00       29.80       -2.10        0.79        3.86     6239.60        0.00        0.00        0.00        0.01        0.01        0.01        0.01        0.01        0.01
2025-11-04 01:10:57      832.57       14.40       31.90     1695.00        3.30      321.00        7.00       29.80       -2.10        0.79        3.85     6240.60        0.00        0.00        0.00        0.01        0.01        0.01        0.01        0.01        0.01
2025-11-04 01:10:58      832.59       14.40       31.90     1695.00        3.40      316.00        7.00       29.80       -2.10        0.79        3.86     6241.60        0.00        0.00        0.00        0.01        0.01        0.01        0.01        0.01        0.01
2025-11-04 01:10:59      832.76       14.40       32.00     1693.00        3.40      322.00        7.00       29.80       -2.10        0.79        3.86     6242.60        0.00        0.00        0.00        0.01        0.01        0.01        0.01        0.01        0.01
2025-11-04 01:11:01      832.42       14.40       32.00     1697.00        3.30      320.00        7.00       29.90       -2.10        0.79        3.87     6244.60        0.00        0.00        0.00        0.01        0.01        0.01        0.01        0.01        0.01
2025-11-04 01:11:02      832.53       14.40       32.00     1696.00        3.30      313.00        7.00       29.90       -2.00        0.80        3.88     6245.60        0.00        0.00        0.00        0.01        0.01        0.01        0.01        0.01        0.01
2025-11-04 01:11:05      832.73       14.40       32.00     1693.00        3.40      316.00        7.00       29.80       -2.10        0.79        3.86     6248.60        0.00        0.00        0.00        0.01        0.01        0.01        0.01        0.01        0.01
2025-11-04 01:11:06      832.49       14.40       32.00     1696.00        3.40      319.00        7.00       29.80       -2.10        0.79        3.86     6249.60        0.00        0.00        0.00        0.01        0.01        0.01        0.01        0.01        0.01
2025-11-04 01:11:07      832.48       14.40       32.00     1696.00        3.30      318.00        7.00       29.90       -2.10        0.79        3.87     6250.60        0.00        0.00        0.00        0.01        0.01        0.01        0.01        0.01        0.01
2025-11-04 01:11:08      832.48       14.40       32.00     1696.00        3.20      320.00        7.00       29.80       -2.10        0.79        3.87     6251.60        0.00        0.00        0.00        0.01        0.01        0.01        0.01        0.01        0.01
2025-11-04 01:11:09      832.33       14.40       32.00     1698.00        3.20      314.00        7.00       29.90       -2.10        0.79        3.86     6252.60        0.00        0.00        0.00        0.01        0.01        0.01        0.01        0.01        0.01
2025-11-04 01:11:10      832.61       14.40       32.00     1695.00        3.20      321.00        7.00       29.80       -2.10        0.79        3.86     6253.60        0.00        0.00        0.00        0.01        0.01        0.01        0.01        0.01        0.01
2025-11-04 01:11:11      832.33       14.40       32.00     1697.00        3.20      322.00        7.00       29.90       -2.00        0.79        3.88     6254.60        0.00        0.00        0.00        0.01        0.01        0.01        0.01        0.01        0.01
2025-11-04 01:11:12      832.28       14.40       32.00     1698.00        3.10      314.00        7.00       29.80       -2.10        0.79        3.86     6255.60        0.00        0.00        0.00        0.01        0.01        0.01        0.01        0.01        0.01
2025-11-04 01:11:13      832.30       14.40       32.00     1698.00        3.00      310.00        7.00       29.90       -2.00        0.79        3.88     6256.60        0.00        0.00        0.00        0.01        0.01        0.01        0.01        0.01        0.01
2025-11-04 01:11:19      832.42       14.30       32.40     1697.00        3.30      270.00        7.00       29.80       -2.00        0.80        3.89     6262.60        0.00        0.00        0.00        0.01        0.01        0.01        0.01        0.01        0.01
2025-11-04 01:11:20      832.39       14.30       32.40     1697.00        3.30      284.00        6.90       29.80       -1.90        0.80        3.91     6263.60        0.00        0.00        0.00        0.01        0.01        0.01        0.01        0.01        0.01
2025-11-04 01:11:26      832.11       14.40       32.30     1700.00        2.50      279.00        6.90       29.90       -1.90        0.80        3.92     6269.60        0.00        0.00        0.00        0.01        0.01        0.01        0.01        0.01        0.01
2025-11-04 01:11:27      832.30       14.40       32.30     1698.00        2.60      295.00        6.90       29.90       -1.90        0.80        3.91     6270.60        0.00        0.00        0.00        0.01        0.01        0.01        0.01        0.01        0.01
2025-11-04 01:11:28      832.46       14.30       32.20     1696.00        2.70      299.00        6.90       29.80       -2.00        0.79        3.88     6271.60        0.00        0.00        0.00        0.01        0.01        0.01        0.01        0.01        0.01
2025-11-04 01:11:29      832.37       14.30       32.20     1697.00        2.70      305.00        6.90       29.80       -2.10        0.79        3.87     6272.60        0.00        0.00        0.00        0.01        0.01        0.01        0.01        0.01        0.01
2025-11-04 01:11:32      832.19       14.30       32.10     1699.00        2.80      301.00        6.90       29.80       -2.10        0.79        3.86     6275.60        0.00        0.00        0.00        0.01        0.01        0.01        0.01        0.01        0.01
2025-11-04 01:11:33      832.30       14.40       32.10     1698.00        2.80      297.00        6.90       29.90       -2.00        0.80        3.88     6276.60        0.00        0.00        0.00        0.01        0.01        0.01        0.01        0.01        0.01
2025-11-04 01:11:34      832.19       14.20       32.20     1699.00        2.80      312.00        6.90       29.70       -2.20        0.79        3.84     6277.60        0.00        0.00        0.00        0.01        0.01        0.01        0.01        0.01        0.01
2025-11-04 01:11:35      832.09       14.40       32.20     1700.00        2.80      306.00        6.90       29.90       -2.00        0.80        3.90     6278.60        0.00        0.00        0.00        0.01        0.01        0.01        0.01        0.01        0.01
2025-11-04 01:11:37      832.02       14.30       32.00     1701.00        2.80      315.00        6.90       29.80       -2.10        0.79        3.86     6280.60        0.00        0.00        0.00        0.01        0.01        0.01        0.01        0.01        0.01
2025-11-04 01:11:38      832.01       14.40       32.10     1701.00        2.80      313.00        6.90       29.90       -2.00        0.80        3.88     6281.60        0.00        0.00        0.00        0.01        0.01        0.01        0.01        0.01        0.01
2025-11-04 01:11:39      832.13       14.40       32.00     1700.00        2.90      305.00        6.90       29.90       -2.10        0.79        3.87     6282.60        0.00        0.00        0.00        0.01        0.01        0.01        0.01        0.01        0.01
2025-11-04 01:11:40      832.36       14.40       32.00     1697.00        3.00      297.00        6.90       29.80       -2.10        0.79        3.86     6283.60        0.00        0.00        0.00        0.01        0.01        0.01        0.01        0.01        0.01
2025-11-04 01:11:42      831.95       14.30       32.20     1701.00        3.20      317.00        6.90       29.80       -2.10        0.79        3.87     6285.60        0.00        0.00        0.00        0.01        0.01        0.01        0.01        0.01        0.01
2025-11-04 01:11:43      831.86       14.30       32.20     1702.00        3.20      312.00        6.90       29.90       -2.00        0.80        3.88     6286.60        0.00        0.00        0.00        0.01        0.01        0.01        0.01        0.01        0.01
2025-11-04 01:11:44      832.04       14.40       32.10     1700.00        3.00      310.00        6.90       29.90       -2.10        0.79        3.87     6287.60        0.00        0.00        0.00        0.01        0.01        0.01        0.01        0.01        0.01
2025-11-04 01:11:45      832.05       14.30       32.00     1700.00        3.00      327.00        6.90       29.80       -2.10        0.79        3.86     6288.60        0.00        0.00        0.00        0.01        0.01        0.01        0.01        0.01        0.01
2025-11-04 01:11:47      832.09       14.40       32.10     1700.00        3.20      321.00        6.90       29.90       -2.00        0.80        3.88     6290.60        0.00        0.00        0.00        0.01        0.01        0.01        0.01        0.01        0.01
2025-11-04 01:11:49      832.17       14.30       32.10     1699.00        3.40      330.00        6.90       29.80       -2.10        0.79        3.87     6292.60        0.00        0.00        0.00        0.01        0.01        0.01        0.01        0.01        0.01
2025-11-04 01:11:50      831.93       14.30       32.10     1702.00        3.40      327.00        6.90       29.80       -2.10        0.79        3.87     6293.60        0.00        0.00        0.00        0.01        0.01        0.01        0.01        0.01        0.01
2025-11-04 01:11:51      831.90       14.40       32.10     1702.00        3.40      322.00        6.90       29.90       -2.00        0.80        3.88     6294.60        0.00        0.00        0.00        0.01        0.01        0.01        0.01        0.01        0.01
2025-11-04 01:11:52      831.91       14.40       32.10     1702.00        3.50      322.00        6.90       29.90       -2.00        0.80        3.89     6295.60        0.00        0.00        0.00        0.01        0.01        0.01        0.01        0.01        0.01
2025-11-04 01:11:53      831.92       14.40       32.10     1702.00        3.50      314.00        6.90       29.90       -2.00        0.80        3.88     6296.60        0.00        0.00        0.00        0.01        0.01        0.01        0.01        0.01        0.01
2025-11-04 01:11:57      832.23       14.40       32.10     1699.00        3.40      315.00        6.90       29.90       -2.10        0.79        3.88     6300.60        0.00        0.00        0.00        0.01        0.01        0.01        0.01        0.01        0.01
2025-11-04 01:11:58      831.94       14.40       32.10     1701.00        3.40      304.00        6.90       29.90       -2.10        0.79        3.88     6301.60        0.00        0.00        0.00        0.01        0.01        0.01        0.01        0.01        0.01
2025-11-04 01:12:00      831.72       14.40       32.10     1704.00        3.30      290.00        6.90       29.90       -2.10        0.80        3.88     6303.60        0.00        0.00        0.00        0.01        0.01        0.01        0.01        0.01        0.01
2025-11-04 01:12:02      831.65       14.40       32.20     1704.00        3.20      299.00        6.90       29.90       -2.00        0.80        3.89     6305.60        0.00        0.00        0.00        0.01        0.01        0.01        0.01        0.01        0.01
2025-11-04 01:12:04      831.99       14.30       32.20     1701.00        3.20      311.00        6.90       29.80       -2.00        0.80        3.88     6307.60        0.00        0.00        0.00        0.01        0.01        0.01        0.01        0.01        0.01
2025-11-04 01:12:05      831.98       14.30       32.20     1701.00        3.40      316.00        6.90       29.80       -2.10        0.79        3.86     6308.60        0.00        0.00        0.00        0.01        0.01        0.01        0.01        0.01        0.01
2025-11-04 01:12:06      831.92       14.40       32.20     1702.00        3.40      309.00        6.90       29.90       -2.00        0.80        3.89     6309.60        0.00        0.00        0.00        0.01        0.01        0.01        0.01        0.01        0.01
2025-11-04 01:12:08      831.55       14.30       32.20     1705.00        3.30      316.00        6.90       29.80       -2.10        0.79        3.86     6311.60        0.00        0.00        0.00        0.01        0.01        0.01        0.01        0.01        0.01
2025-11-04 01:12:09      831.85       14.40       32.20     1702.00        3.30      305.00        6.90       29.90       -2.00        0.80        3.89     6312.60        0.00        0.00        0.00        0.01        0.01        0.01        0.01        0.01        0.01
2025-11-04 01:12:10      831.72       14.30       32.20     1704.00        3.30      307.00        6.90       29.90       -2.00        0.80        3.89     6313.60        0.00        0.00        0.00        0.01        0.01        0.01        0.01        0.01        0.01
2025-11-04 01:12:11      831.52       14.30       32.30     1706.00        3.20      308.00        6.90       29.80       -2.10        0.79        3.87     6314.60        0.00        0.00        0.00        0.01        0.01        0.01        0.01        0.01        0.01
2025-11-04 01:12:12      831.90       14.40       32.20     1702.00        3.20      311.00        6.90       29.90       -2.00        0.80        3.88     6315.60        0.00        0.00        0.00        0.01        0.01        0.01        0.01        0.01        0.01
2025-11-04 01:12:14      832.09       14.30       32.20     1700.00        3.10      299.00        6.90       29.80       -2.00        0.80        3.89     6317.60        0.00        0.00        0.00        0.01        0.01        0.01        0.01        0.01        0.01
2025-11-04 01:12:15      831.63       14.30       32.30     1705.00        3.20      298.00        6.90       29.80       -2.10        0.79        3.88     6318.60        0.00        0.00        0.00        0.01        0.01        0.01        0.01        0.01        0.01
2025-11-04 01:12:17      831.79       14.30       32.30     1703.00        3.30      308.00        6.90       29.90       -2.00        0.80        3.89     6320.60        0.00        0.00        0.00        0.01        0.01        0.01        0.01        0.01        0.01
2025-11-04 01:12:18      831.62       14.30       32.30     1705.00        3.20      300.00        6.90       29.90       -2.00        0.80        3.89     6321.60        0.00        0.00        0.00        0.01        0.01        0.01        0.01        0.01        0.01
2025-11-04 01:12:19      831.82       14.20       32.40     1703.00        3.20      292.00        6.90       29.70       -2.10        0.79        3.87     6322.60        0.00        0.00        0.00        0.01        0.01        0.01        0.01        0.01        0.01
2025-11-04 01:12:20      831.39       14.20       32.40     1707.00        3.30      312.00        6.90       29.80       -2.00        0.80        3.89     6323.60        0.00        0.00        0.00        0.01        0.01        0.01        0.01        0.01        0.01
2025-11-04 01:12:21      831.55       14.30       32.30     1705.00        3.40      313.00        6.90       29.90       -2.00        0.80        3.88     6324.60        0.00        0.00        0.00        0.01        0.01        0.01        0.01        0.01        0.01
2025-11-04 01:12:22      831.67       14.30       32.20     1704.00        3.40      315.00        6.90       29.80       -2.10        0.79        3.87     6325.60        0.00        0.00        0.00        0.01        0.01        0.01        0.01        0.01        0.01
2025-11-04 01:12:23      831.60       14.30       32.20     1705.00        3.30      302.00        6.90       29.90       -2.00        0.80        3.89     6326.60        0.00        0.00        0.00        0.01        0.01        0.01        0.01        0.01        0.01
2025-11-04 01:12:24      831.59       14.30       32.40     1705.00        3.20      306.00        6.90       29.90       -2.00        0.80        3.91     6327.60        0.00        0.00        0.00        0.01        0.01        0.01        0.01        0.01        0.01
2025-11-04 01:12:26      831.40       14.40       32.30     1707.00        3.30      322.00        6.90       29.90       -2.00        0.80        3.91     6329.60        0.00        0.00        0.00        0.01        0.01        0.01        0.01        0.01        0.01
2025-11-04 01:12:27      831.35       14.30       32.30     1707.00        3.50      329.00        6.90       29.80       -2.00        0.80        3.88     6330.60        0.00        0.00        0.00        0.01        0.01        0.01        0.01        0.01        0.01
2025-11-04 01:12:28      831.40       14.30       32.20     1707.00        3.50      324.00        6.90       29.90       -2.00        0.80        3.90     6331.60        0.00        0.00        0.00        0.01        0.01        0.01        0.01        0.01        0.01
2025-11-04 01:12:31      831.24       14.30       32.20     1709.00        3.30      338.00        6.90       29.90       -2.10        0.80        3.88     6334.50        0.00        0.00        0.00        0.01        0.01        0.01        0.01        0.01        0.01
2025-11-04 01:12:33      831.08       14.30       32.20     1710.00        3.40      334.00        6.90       29.90       -2.10        0.80        3.88     6336.50        0.00        0.00        0.00        0.01        0.01        0.01        0.01        0.01        0.01
2025-11-04 01:12:34      830.94       14.30       32.20     1712.00        3.30      329.00        6.90       29.90       -2.10        0.80        3.88     6337.50        0.00        0.00        0.00        0.01        0.01        0.01        0.01        0.01        0.01
2025-11-04 01:12:35      831.01       14.30       32.20     1711.00        3.20      318.00        6.90       29.90       -2.10        0.79        3.88     6338.50        0.00        0.00        0.00        0.01        0.01        0.01        0.01        0.01        0.01
2025-11-04 01:12:36      830.89       14.30       32.20     1712.00        3.30      323.00        6.90       30.00       -2.00        0.80        3.89     6339.50        0.00        0.00        0.00        0.01        0.01        0.01        0.01        0.01        0.01
2025-11-04 01:12:37      830.85       14.30       32.30     1713.00        3.30      322.00        6.90       29.90       -2.10        0.80        3.88     6340.50        0.00        0.00        0.00        0.01        0.01        0.01        0.01        0.01        0.01
2025-11-04 01:12:39      830.78       14.30       32.30     1713.00        3.30      318.00        6.90       29.90       -2.10        0.79        3.88     6342.50        0.00        0.00        0.00        0.01        0.01        0.01        0.01        0.01        0.01
2025-11-04 01:12:40      830.61       14.40       32.30     1715.00        3.30      315.00        6.90       30.00       -1.90        0.80        3.92     6343.50        0.00        0.00        0.00        0.01        0.01        0.01        0.01        0.01        0.01
2025-11-04 01:12:41      830.64       14.30       32.30     1715.00        3.40      315.00        6.90       30.00       -2.00        0.80        3.91     6344.50        0.00        0.00        0.00        0.01        0.01        0.01        0.01        0.01        0.01
2025-11-04 01:12:42      830.77       14.30       32.40     1713.00        3.50      316.00        6.90       29.90       -2.00        0.80        3.90     6345.50        0.00        0.00        0.00        0.01        0.01        0.01        0.01        0.01        0.01
2025-11-04 01:12:43      830.57       14.30       32.40     1715.00        3.50      319.00        6.90       29.90       -2.00        0.80        3.89     6346.50        0.00        0.00        0.00        0.01        0.01        0.01        0.01        0.01        0.01
2025-11-04 01:12:44      830.65       14.30       32.30     1715.00        3.60      331.00        6.90       29.90       -2.00        0.80        3.89     6347.50        0.00        0.00        0.00        0.01        0.01        0.01        0.01        0.01        0.01
2025-11-04 01:12:47      830.62       14.30       32.40     1715.00        3.50      328.00        6.90       30.00       -2.00        0.80        3.91     6350.50        0.00        0.00        0.00        0.01        0.01        0.01        0.01        0.01        0.01
2025-11-04 01:12:49      830.30       14.20       32.40     1718.00        3.50      334.00        6.90       29.90       -2.00        0.80        3.89     6352.50        0.00        0.00        0.00        0.01        0.01        0.01        0.01        0.01        0.01
2025-11-04 01:12:50      830.43       14.20       32.40     1717.00        3.20      322.00        6.90       29.90       -2.00        0.80        3.88     6353.50        0.00        0.00        0.00        0.01        0.01        0.01        0.01        0.01        0.01
2025-11-04 01:12:52      830.22       14.30       32.40     1719.00        3.10      319.00        6.90       30.00       -2.00        0.80        3.90     6355.50        0.00        0.00        0.00        0.01        0.01        0.01        0.01        0.01        0.01
2025-11-04 01:12:53      830.22       14.30       32.40     1719.00        3.00      323.00        6.90       30.00       -2.00        0.80        3.90     6356.50        0.00        0.00        0.00        0.01        0.01        0.01        0.01        0.01        0.01
2025-11-04 01:12:55      830.19       14.20       32.40     1719.00        3.00      323.00        6.90       29.90       -2.10        0.80        3.89     6358.50        0.00        0.00        0.00        0.01        0.01        0.01        0.01        0.01        0.01
2025-11-04 01:12:56      830.16       14.30       32.40     1719.00        3.10      326.00        6.90       30.00       -2.00        0.80        3.89     6359.50        0.00        0.00        0.00        0.01        0.01        0.01        0.01        0.01        0.01
2025-11-04 01:13:00      830.05       14.10       32.20     1721.00        2.90      339.00        6.90       29.80       -2.20        0.79        3.84     6363.50        0.00        0.00        0.00        0.01        0.01        0.01        0.01        0.01        0.01
2025-11-04 01:13:01      830.09       14.10       32.30     1720.00        2.70      325.00        6.90       29.80       -2.20        0.79        3.84     6364.50        0.00        0.00        0.00        0.01        0.01        0.01        0.01        0.01        0.01
2025-11-04 01:13:03      829.75       14.20       32.30     1724.00        2.80      329.00        6.90       29.90       -2.10        0.79        3.86     6366.50        0.00        0.00        0.00        0.01        0.01        0.01        0.01        0.01        0.01
2025-11-04 01:13:04      829.86       14.20       32.30     1723.00        2.80      336.00        6.90       30.00       -2.10        0.79        3.87     6367.50        0.00        0.00        0.00        0.01        0.01        0.01        0.01        0.01        0.01
2025-11-04 01:13:05      829.59       14.30       32.30     1725.00        2.90      334.00        6.90       30.00       -2.00        0.80        3.89     6368.50        0.00        0.00        0.00        0.01        0.01        0.01        0.01        0.01        0.01
2025-11-04 01:13:07      829.56       14.20       32.30     1726.00        3.00      341.00        6.90       30.00       -2.10        0.79        3.87     6370.50        0.00        0.00        0.00        0.01        0.01        0.01        0.01        0.01        0.01
2025-11-04 01:13:08      829.70       14.20       32.30     1724.00        3.20      344.00        6.90       29.90       -2.10        0.79        3.87     6371.50        0.00        0.00        0.00        0.01        0.01        0.01        0.01        0.01        0.01
2025-11-04 01:13:09      829.42       14.20       32.30     1727.00        3.50      348.00        6.90       30.00       -2.10        0.80        3.88     6372.50        0.00        0.00        0.00        0.01        0.01        0.01        0.01        0.01        0.01
2025-11-04 01:13:10      829.43       14.20       32.20     1727.00        3.50      348.00        6.90       30.00       -2.10        0.79        3.86     6373.50        0.00        0.00        0.00        0.01        0.01        0.01        0.01        0.01        0.01
2025-11-04 01:13:11      829.44       14.10       32.20     1727.00        3.70      349.00        6.90       29.90       -2.20        0.79        3.84     6374.50        0.00        0.00        0.00        0.01        0.01        0.01        0.01        0.01        0.01
2025-11-04 01:13:12      829.64       14.20       32.30     1725.00        3.80      352.00        6.90       29.90       -2.10        0.79        3.86     6375.50        0.00        0.00        0.00        0.01        0.01        0.01        0.01        0.01        0.01
2025-11-04 01:13:14      829.40       14.10       32.30     1727.00        4.20      350.00        6.90       29.90       -2.20        0.79        3.84     6377.50        0.00        0.00        0.00        0.01        0.01        0.01        0.01        0.01        0.01
2025-11-04 01:13:17      829.51       14.10       32.50     1726.00        4.80      343.00        6.90       29.90       -2.10        0.79        3.87     6380.50        0.00        0.00        0.00        0.01        0.01        0.01        0.01        0.01        0.01
2025-11-04 01:13:18      829.17       14.10       32.50     1730.00        4.80      348.00        6.90       29.80       -2.10        0.79        3.86     6381.50        0.00        0.00        0.00        0.01        0.01        0.01        0.01        0.01        0.01
2025-11-04 01:13:19      829.28       14.10       32.50     1728.00        4.90      348.00        6.90       29.90       -2.10        0.79        3.86     6382.50        0.00        0.00        0.00        0.01        0.01        0.01        0.01        0.01        0.01
